Dataset,Model,Preprocessor,Fold,Fit_Time_sec,Predict_Time_Test_sec,Peak_Memory_MB,Pipeline_Disk_Size_MB,Optimal_Threshold,Train_TP,Train_TN,Train_FP,Train_FN,Train_ROC_AUC,Train_MCC,Test_TP,Test_TN,Test_FP,Test_FN,Test_ROC_AUC,Test_MCC,Error_Log
blood-transfusion-service-center,GaussianNB,Baseline,1,0.015625,0.0,0.0953378677368164,0.0016603469848632812,0.10212724150889352,135,258,255,25,0.7171722709551657,0.29896090174136425,15,22,35,3,0.6418128654970761,0.19867985355975656,
blood-transfusion-service-center,GaussianNB,Baseline,2,0.015625,0.0,0.09376239776611328,0.0016603469848632812,0.2510852789416786,87,405,108,73,0.7176169590643274,0.31269668822480023,11,47,10,7,0.8294346978557504,0.41440722207745595,
blood-transfusion-service-center,GaussianNB,Baseline,3,0.0,0.0,0.09372234344482422,0.0016603469848632812,0.18528211901864874,123,293,220,37,0.7117202729044836,0.28944492086708024,15,37,20,3,0.7339181286549707,0.4130165938154511,
blood-transfusion-service-center,GaussianNB,Baseline,4,0.0,0.0,0.09372234344482422,0.0016603469848632812,0.1637468208303759,123,299,214,37,0.7095821150097466,0.2993491402511454,14,29,28,4,0.7270955165692008,0.2465426358859398,
blood-transfusion-service-center,GaussianNB,Baseline,5,0.015625,0.0,0.09385395050048828,0.0016603469848632812,0.172868197096671,128,291,222,32,0.7048245614035088,0.3129298009599608,11,35,22,7,0.7797270955165693,0.19371207105323843,
blood-transfusion-service-center,GaussianNB,Baseline,6,0.0,0.0,0.09385395050048828,0.0016603469848632812,0.14291739405910164,130,280,233,30,0.7217288011695907,0.3060146309758331,13,32,25,5,0.6189083820662767,0.2422850673368221,
blood-transfusion-service-center,GaussianNB,Baseline,7,0.0,0.0,0.0938100814819336,0.0016603469848632812,0.19713669411502155,87,405,108,73,0.7269066764132553,0.31269668822480023,8,41,16,10,0.6447368421052632,0.1499149321140883,
blood-transfusion-service-center,GaussianNB,Baseline,8,0.0,0.0,0.09363460540771484,0.0016603469848632812,0.16871405924882493,118,308,205,42,0.7023940058479532,0.2879111962521083,13,39,18,5,0.7529239766081871,0.35249680864214433,
blood-transfusion-service-center,GaussianNB,Baseline,9,0.015625,0.0,0.09370899200439453,0.0016603469848632812,0.14826148695707267,117,320,193,44,0.7145641882483988,0.2998578374971852,16,27,30,1,0.6604747162022704,0.3598373444311241,
blood-transfusion-service-center,GaussianNB,Baseline,10,0.0,0.015625,0.09366130828857422,0.0016603469848632812,0.16391696581905893,117,320,193,44,0.7164469143874178,0.2998578374971852,10,37,20,7,0.6666666666666666,0.20336629749143334,
blood-transfusion-service-center,GaussianNB,Standard Scaler,1,0.015625,0.0,0.12226390838623047,0.0018053054809570312,0.10212457015867936,135,258,255,25,0.7171722709551657,0.29896090174136425,15,22,35,3,0.6418128654970761,0.19867985355975656,
blood-transfusion-service-center,GaussianNB,Standard Scaler,2,0.0,0.0,0.12198734283447266,0.0018053054809570312,0.2510867933431223,87,405,108,73,0.7176169590643274,0.31269668822480023,11,47,10,7,0.8294346978557504,0.41440722207745595,
blood-transfusion-service-center,GaussianNB,Standard Scaler,3,0.0,0.0,0.12203502655029297,0.0018053054809570312,0.18527935583004643,123,293,220,37,0.7117202729044836,0.28944492086708024,15,37,20,3,0.7339181286549707,0.4130165938154511,
blood-transfusion-service-center,GaussianNB,Standard Scaler,4,0.0,0.0,0.12203502655029297,0.0018053054809570312,0.16374680185615512,123,299,214,37,0.7095942982456142,0.2993491402511454,14,29,28,4,0.7270955165692008,0.2465426358859398,
blood-transfusion-service-center,GaussianNB,Standard Scaler,5,0.0,0.0,0.12203502655029297,0.0018053054809570312,0.17286898813812346,128,291,222,32,0.7048245614035088,0.3129298009599608,11,35,22,7,0.7797270955165693,0.19371207105323843,
blood-transfusion-service-center,GaussianNB,Standard Scaler,6,0.0,0.0,0.12203502655029297,0.0018053054809570312,0.14291631197118576,130,280,233,30,0.7217288011695907,0.3060146309758331,13,32,25,5,0.6189083820662767,0.2422850673368221,
blood-transfusion-service-center,GaussianNB,Standard Scaler,7,0.015625,0.0,0.12203502655029297,0.0018053054809570312,0.19713704450054917,87,405,108,73,0.7269066764132553,0.31269668822480023,8,41,16,10,0.6447368421052632,0.1499149321140883,
blood-transfusion-service-center,GaussianNB,Standard Scaler,8,0.015625,0.0,0.12198734283447266,0.0018053054809570312,0.1687126184136462,118,308,205,42,0.7023940058479532,0.2879111962521083,13,39,18,5,0.7529239766081871,0.35249680864214433,
blood-transfusion-service-center,GaussianNB,Standard Scaler,9,0.015625,0.0,0.1221609115600586,0.0018053054809570312,0.14825948579429388,117,320,193,44,0.7145641882483988,0.2998578374971852,16,27,30,1,0.6604747162022704,0.3598373444311241,
blood-transfusion-service-center,GaussianNB,Standard Scaler,10,0.0,0.0,0.1221609115600586,0.0018053054809570312,0.16391615531080245,117,320,193,44,0.7164469143874178,0.2998578374971852,10,37,20,7,0.6666666666666666,0.20336629749143334,
blood-transfusion-service-center,GaussianNB,MinMax Scaler,1,0.015625,0.0,0.102569580078125,0.001949310302734375,0.10212457044546475,135,258,255,25,0.7171722709551657,0.29896090174136425,15,22,35,3,0.6418128654970761,0.19867985355975656,
blood-transfusion-service-center,GaussianNB,MinMax Scaler,2,0.015625,0.0,0.10241889953613281,0.001949310302734375,0.2510867930214249,87,405,108,73,0.7176230506822612,0.31269668822480023,11,47,10,7,0.8294346978557504,0.41440722207745595,
blood-transfusion-service-center,GaussianNB,MinMax Scaler,3,0.015625,0.0,0.10250663757324219,0.001949310302734375,0.1852793561993294,123,293,220,37,0.7117202729044836,0.28944492086708024,15,37,20,3,0.7339181286549707,0.4130165938154511,
blood-transfusion-service-center,GaussianNB,MinMax Scaler,4,0.0,0.0,0.10259437561035156,0.001949310302734375,0.16374680177510162,123,299,214,37,0.7095942982456142,0.2993491402511454,14,29,28,4,0.7270955165692008,0.2465426358859398,
blood-transfusion-service-center,GaussianNB,MinMax Scaler,5,0.0,0.0,0.10245895385742188,0.001949310302734375,0.17286898794586758,128,291,222,32,0.7048245614035088,0.3129298009599608,11,35,22,7,0.7797270955165693,0.19371207105323843,
blood-transfusion-service-center,GaussianNB,MinMax Scaler,6,0.015625,0.0,0.10255050659179688,0.001949310302734375,0.1429163121165897,130,280,233,30,0.7217288011695907,0.3060146309758331,13,32,25,5,0.6189083820662767,0.2422850673368221,
blood-transfusion-service-center,GaussianNB,MinMax Scaler,7,0.0,0.015625,0.10259437561035156,0.001949310302734375,0.197137044356391,87,405,108,73,0.7269066764132553,0.31269668822480023,8,41,16,10,0.6447368421052632,0.1499149321140883,
blood-transfusion-service-center,GaussianNB,MinMax Scaler,8,0.015625,0.0,0.10250663757324219,0.001949310302734375,0.16871261855490147,118,308,205,42,0.7023940058479532,0.2879111962521083,13,39,18,5,0.7529239766081871,0.35249680864214433,
blood-transfusion-service-center,GaussianNB,MinMax Scaler,9,0.0,0.015625,0.10255050659179688,0.001949310302734375,0.14825948596754082,117,320,193,44,0.7145641882483988,0.2998578374971852,16,27,30,1,0.6604747162022704,0.3598373444311241,
blood-transfusion-service-center,GaussianNB,MinMax Scaler,10,0.015625,0.0,0.10263824462890625,0.001949310302734375,0.16391615534569423,117,320,193,44,0.7164469143874178,0.2998578374971852,10,37,20,7,0.6666666666666666,0.20336629749143334,
blood-transfusion-service-center,GaussianNB,IQR Capping,1,0.03125,0.015625,0.13805103302001953,0.0018596649169921875,0.21851983248105747,115,344,169,45,0.7341435185185186,0.3355723562165676,12,32,25,6,0.6466861598440545,0.19482716754919716,
blood-transfusion-service-center,GaussianNB,IQR Capping,2,0.015625,0.0,0.1358470916748047,0.0018596649169921875,0.27023186628421164,110,347,166,50,0.7283138401559455,0.31496823320998985,13,39,18,5,0.804093567251462,0.35249680864214433,
blood-transfusion-service-center,GaussianNB,IQR Capping,3,0.015625,0.0,0.1358938217163086,0.0018596649169921875,0.25655830507480853,106,355,158,54,0.7269858674463938,0.3090870775170295,10,46,11,8,0.7319688109161794,0.34487580897721165,
blood-transfusion-service-center,GaussianNB,IQR Capping,4,0.03125,0.0,0.13571548461914062,0.0018596649169921875,0.2495047604265625,110,348,165,50,0.7256152534113062,0.3168318077912661,14,37,20,4,0.7456140350877193,0.36624275583039606,
blood-transfusion-service-center,GaussianNB,IQR Capping,5,0.03125,0.015625,0.13585853576660156,0.0018596649169921875,0.2686624684790759,108,352,161,52,0.7223440545808968,0.3138710846195613,13,38,19,5,0.8167641325536062,0.33580719597444164,
blood-transfusion-service-center,GaussianNB,IQR Capping,6,0.015625,0.0,0.13576221466064453,0.0018596649169921875,0.2097250088691598,116,341,172,44,0.7383345516569201,0.33530637060881985,9,37,20,9,0.6120857699805069,0.1307795490894243,
blood-transfusion-service-center,GaussianNB,IQR Capping,7,0.03125,0.0,0.13576221466064453,0.0018596649169921875,0.309957873246083,91,402,111,69,0.7332724171539962,0.32729436292673014,8,41,16,10,0.6632553606237817,0.1499149321140883,
blood-transfusion-service-center,GaussianNB,IQR Capping,8,0.03125,0.015625,0.13598918914794922,0.0018596649169921875,0.26041240913153507,102,366,147,58,0.7194261695906432,0.3094437251928317,11,47,10,7,0.7860623781676415,0.41440722207745595,
blood-transfusion-service-center,GaussianNB,IQR Capping,9,0.03125,0.015625,0.13605976104736328,0.0018596649169921875,0.2218915644840803,110,346,167,51,0.7246618962866103,0.3099901084073136,15,30,27,2,0.7069143446852425,0.34700334641571734,
blood-transfusion-service-center,GaussianNB,IQR Capping,10,0.03125,0.0,0.1358327865600586,0.0018596649169921875,0.2529023416431368,105,362,151,56,0.729402007434044,0.31436669181103755,9,45,12,8,0.6800825593395252,0.29754250070556115,
blood-transfusion-service-center,GaussianNB,IQR Removal,1,0.015625,0.0,0.1516427993774414,0.001842498779296875,0.3006660587379004,97,381,132,63,0.7351303606237818,0.3135164097655185,10,39,18,8,0.6642300194931774,0.21170615377777538,
blood-transfusion-service-center,GaussianNB,IQR Removal,2,0.015625,0.0,0.15310382843017578,0.001842498779296875,0.41055725448268576,79,437,76,81,0.7405153508771931,0.34943307164479537,11,50,7,7,0.797270955165692,0.48830409356725146,
blood-transfusion-service-center,GaussianNB,IQR Removal,3,0.015625,0.0,0.15333271026611328,0.001842498779296875,0.39334287119134387,87,418,95,73,0.7399671052631579,0.3436449014264442,8,51,6,10,0.7582846003898636,0.3717719575628205,
blood-transfusion-service-center,GaussianNB,IQR Removal,4,0.03125,0.0,0.15307044982910156,0.001842498779296875,0.380744257811454,82,420,93,78,0.7286001461988304,0.32143483647249044,12,43,14,6,0.7797270955165693,0.3778551557334746,
blood-transfusion-service-center,GaussianNB,IQR Removal,5,0.03125,0.0,0.1528024673461914,0.001842498779296875,0.316969969984619,100,391,122,60,0.7400828460038986,0.3505665388238588,10,46,11,8,0.8070175438596491,0.34487580897721165,
blood-transfusion-service-center,GaussianNB,IQR Removal,6,0.03125,0.0,0.15289974212646484,0.001842498779296875,0.3717097327546061,88,412,101,72,0.7447551169590645,0.33449225337019484,6,43,14,12,0.6081871345029239,0.08471737420873575,
blood-transfusion-service-center,GaussianNB,IQR Removal,7,0.03125,0.0,0.15289783477783203,0.001842498779296875,0.26785401756786775,106,363,150,54,0.7336379142300196,0.3245282394440478,10,41,16,8,0.689571150097466,0.2466554488815737,
blood-transfusion-service-center,GaussianNB,IQR Removal,8,0.015625,0.0,0.15259838104248047,0.001842498779296875,0.2520629932083764,110,340,173,50,0.7224963450292399,0.30206030311243093,13,44,13,5,0.8133528265107213,0.4434550091594251,
blood-transfusion-service-center,GaussianNB,IQR Removal,9,0.015625,0.0,0.153045654296875,0.001842498779296875,0.3424667471244971,83,414,99,78,0.7318174663712421,0.30977356551947394,14,36,21,3,0.6914344685242518,0.38345144195232583,
blood-transfusion-service-center,GaussianNB,IQR Removal,10,0.015625,0.0,0.1528024673461914,0.001842498779296875,0.38214188869797716,88,419,94,73,0.7432409526231036,0.34896038668316115,7,46,11,10,0.6821465428276573,0.2145081050409942,
blood-transfusion-service-center,GaussianNB,Yeo-Johnson,1,0.03125,0.0,0.1187734603881836,0.001659393310546875,0.411371999034489,89,413,100,71,0.7404544346978558,0.3422590656293082,7,42,15,11,0.6379142300194932,0.11794152927313077,
blood-transfusion-service-center,GaussianNB,Yeo-Johnson,2,0.03125,0.0,0.11855030059814453,0.001659393310546875,0.37975954599163086,90,408,105,70,0.7390777290448343,0.33577937673804914,11,43,14,7,0.7865497076023392,0.33113308926626095,
blood-transfusion-service-center,GaussianNB,Yeo-Johnson,3,0.03125,0.0,0.11855030059814453,0.001659393310546875,0.3930142922438337,90,408,105,70,0.7340947855750488,0.33577937673804914,7,49,8,11,0.7426900584795322,0.2653659799481466,
blood-transfusion-service-center,GaussianNB,Yeo-Johnson,4,0.046875,0.0,0.11859798431396484,0.001659393310546875,0.3746912612241998,87,411,102,73,0.7317799707602339,0.3267254411110815,13,41,16,5,0.7923976608187134,0.38721003750006017,
blood-transfusion-service-center,GaussianNB,Yeo-Johnson,5,0.046875,0.0,0.11855030059814453,0.001659393310546875,0.37500418508220174,90,408,105,70,0.7360501949317739,0.33577937673804914,9,48,9,9,0.8031189083820662,0.34210526315789475,
blood-transfusion-service-center,GaussianNB,Yeo-Johnson,6,0.046875,0.0,0.11859798431396484,0.001659393310546875,0.40535270863241685,91,409,104,69,0.7434636939571151,0.3434736062424655,6,47,10,12,0.6081871345029238,0.16460966724738096,
blood-transfusion-service-center,GaussianNB,Yeo-Johnson,7,0.046875,0.0,0.11859798431396484,0.001659393310546875,0.38269695856975244,91,409,104,69,0.7369883040935672,0.3434736062424655,8,43,14,10,0.6934697855750488,0.18651218582727658,
blood-transfusion-service-center,GaussianNB,Yeo-Johnson,8,0.046875,0.0,0.11859798431396484,0.001659393310546875,0.3339593841330418,97,381,132,63,0.728916910331384,0.3135164097655185,10,50,7,8,0.793859649122807,0.4414391351222013,
blood-transfusion-service-center,GaussianNB,Yeo-Johnson,9,0.046875,0.0,0.11872005462646484,0.001659393310546875,0.4439077180529071,73,437,76,88,0.7302434831038951,0.3136751521602863,9,44,13,8,0.7874097007223942,0.2773370876705709,
blood-transfusion-service-center,GaussianNB,Yeo-Johnson,10,0.046875,0.0,0.11862850189208984,0.001659393310546875,0.40657478166350586,91,408,105,70,0.7395723608538254,0.33851812056151515,7,47,10,10,0.6666666666666666,0.23632610939112486,
blood-transfusion-service-center,GaussianNB,Quantile Transform,1,0.015625,0.0,0.1813373565673828,0.027452468872070312,0.3905402336422493,114,351,162,46,0.7202424463937622,0.343354389346625,12,35,22,6,0.6164717348927875,0.24081715451861657,
blood-transfusion-service-center,GaussianNB,Quantile Transform,2,0.015625,0.015625,0.18138504028320312,0.027452468872070312,0.44628873298395083,97,381,132,63,0.7145406920077974,0.3135164097655185,11,43,14,7,0.6676413255360625,0.33113308926626095,
blood-transfusion-service-center,GaussianNB,Quantile Transform,3,0.015625,0.0,0.18138504028320312,0.027452468872070312,0.39914918220269907,109,353,160,51,0.7179885477582847,0.32099681798715557,10,44,13,8,0.6647173489278753,0.3033192735470314,
blood-transfusion-service-center,GaussianNB,Quantile Transform,4,0.015625,0.0,0.18138504028320312,0.027452468872070312,0.3427970048199121,116,340,173,44,0.7076449805068226,0.3334848753080707,15,34,23,3,0.8060428849902534,0.36717427730425617,
blood-transfusion-service-center,GaussianNB,Quantile Transform,5,0.015625,0.0,0.18138504028320312,0.027452468872070312,0.40104298069916017,99,389,124,61,0.7098075048732944,0.34098964646476365,9,41,16,9,0.7495126705653022,0.19867985355975656,
blood-transfusion-service-center,GaussianNB,Quantile Transform,6,0.015625,0.015625,0.18138504028320312,0.027452468872070312,0.39216415608345556,114,351,162,46,0.7213633040935672,0.343354389346625,9,39,18,9,0.6033138401559455,0.16390251702679645,
blood-transfusion-service-center,GaussianNB,Quantile Transform,7,0.015625,0.0,0.18129539489746094,0.027452468872070312,0.382215172099378,109,366,147,51,0.7160696881091617,0.3460972207936275,11,39,18,7,0.7012670565302145,0.25899479329474223,
blood-transfusion-service-center,GaussianNB,Quantile Transform,8,0.015625,0.0,0.18138504028320312,0.027452468872070312,0.3896839568854404,107,364,149,53,0.7097892300194932,0.33171789989390765,11,45,12,7,0.7538986354775827,0.3710244685352081,
blood-transfusion-service-center,GaussianNB,Quantile Transform,9,0.015625,0.0,0.18159103393554688,0.027490615844726562,0.39207252091972367,103,373,140,58,0.7082561476154153,0.3257728615560382,15,33,24,2,0.7616099071207431,0.38866846837344593,
blood-transfusion-service-center,GaussianNB,Quantile Transform,10,0.015625,0.0,0.18159103393554688,0.027490615844726562,0.4146422794182507,108,364,149,53,0.7130083663264442,0.3339110985012158,10,46,11,7,0.6873065015479876,0.3687986335606146,
blood-transfusion-service-center,GaussianNB,Uniform Binning,1,0.015625,0.0,0.10234832763671875,0.002094268798828125,0.15409775279405452,146,179,334,14,0.6875974658869396,0.24607715317990425,16,16,41,2,0.614522417153996,0.1695906432748538,
blood-transfusion-service-center,GaussianNB,Uniform Binning,2,0.015625,0.0,0.10230445861816406,0.002094268798828125,0.23698105623517837,133,224,289,27,0.6548611111111111,0.2358271047378001,15,24,33,3,0.7660818713450293,0.2263415711322427,
blood-transfusion-service-center,GaussianNB,Uniform Binning,3,0.0,0.0,0.10230445861816406,0.002094268798828125,0.1760676327892669,146,173,340,14,0.6777899610136452,0.23733067641339134,16,22,35,2,0.7046783625730993,0.25164292176293396,
blood-transfusion-service-center,GaussianNB,Uniform Binning,4,0.0,0.0,0.10225677490234375,0.002094268798828125,0.1418497587919192,145,176,337,15,0.6584125243664717,0.2354251589735159,17,19,38,1,0.6500974658869396,0.26827168499432985,
blood-transfusion-service-center,GaussianNB,Uniform Binning,5,0.0,0.0,0.10230445861816406,0.002094268798828125,0.17773251889343408,134,225,288,26,0.6481846978557506,0.24304487914721115,13,29,28,5,0.7344054580896685,0.19817245007261156,
blood-transfusion-service-center,GaussianNB,Uniform Binning,6,0.0,0.0,0.10226058959960938,0.002094268798828125,0.14112729722876052,133,231,282,27,0.6682383040935672,0.24650661460615278,14,23,34,4,0.5662768031189084,0.16130088977240284,
blood-transfusion-service-center,GaussianNB,Uniform Binning,7,0.0,0.0,0.10226058959960938,0.002094268798828125,0.17990490239159426,146,173,340,14,0.6841069688109161,0.23733067641339134,16,22,35,2,0.6559454191033138,0.25164292176293396,
blood-transfusion-service-center,GaussianNB,Uniform Binning,8,0.0,0.0,0.10230445861816406,0.002094268798828125,0.15618946299076067,132,228,285,28,0.6565667641325535,0.2362652756450247,15,26,31,3,0.6671539961013645,0.2538661835265295,
blood-transfusion-service-center,GaussianNB,Uniform Binning,9,0.015625,0.0,0.10239601135253906,0.002094268798828125,0.14110295183160454,133,233,280,28,0.6739554199508432,0.24533829052471567,14,21,36,3,0.5123839009287926,0.17248861406314372,
blood-transfusion-service-center,GaussianNB,Uniform Binning,10,0.0,0.0,0.10243988037109375,0.002094268798828125,0.14470886147464637,147,174,339,14,0.6504788541401814,0.23980723798164397,15,21,36,2,0.7275541795665634,0.22792679254135367,
blood-transfusion-service-center,GaussianNB,Quantile Binning,1,0.0,0.0,0.10256385803222656,0.0020961761474609375,0.42984103431844434,84,427,86,76,0.7350999025341131,0.3501180888942043,8,46,11,10,0.6564327485380117,0.24693077053020188,
blood-transfusion-service-center,GaussianNB,Quantile Binning,2,0.015625,0.0,0.10256385803222656,0.0020961761474609375,0.36687839059881555,91,406,107,69,0.7293250487329436,0.336473162079636,12,42,15,6,0.7860623781676414,0.35902456110631603,
blood-transfusion-service-center,GaussianNB,Quantile Binning,3,0.015625,0.0,0.10267829895019531,0.0020961761474609375,0.4231707155283025,85,424,89,75,0.7293067738791422,0.3478455360291678,7,49,8,11,0.7426900584795322,0.2653659799481466,
blood-transfusion-service-center,GaussianNB,Quantile Binning,4,0.015625,0.0,0.10247802734375,0.0020961761474609375,0.4137855793662959,80,427,86,80,0.724604044834308,0.32822198557679916,12,46,11,6,0.7714424951267057,0.43872966352338477,
blood-transfusion-service-center,GaussianNB,Quantile Binning,5,0.015625,0.0,0.10256004333496094,0.0020961761474609375,0.3723160060733423,85,423,90,75,0.7269127680311891,0.34530656952766436,10,51,6,8,0.8318713450292398,0.4694423843721605,
blood-transfusion-service-center,GaussianNB,Quantile Binning,6,0.0,0.0,0.10256004333496094,0.0020961761474609375,0.41103796144071786,94,406,107,66,0.741307261208577,0.35245251597997407,6,44,13,12,0.5779727095516569,0.10336636905915428,
blood-transfusion-service-center,GaussianNB,Quantile Binning,7,0.0,0.015625,0.10256576538085938,0.0020961761474609375,0.4216998972501114,87,420,93,73,0.73552022417154,0.34859662803699,8,44,13,10,0.6627680311890838,0.20581298277672308,
blood-transfusion-service-center,GaussianNB,Quantile Binning,8,0.015625,0.0,0.10256004333496094,0.0020961761474609375,0.40358870782648765,81,426,87,79,0.7195540935672514,0.3311380089993866,11,51,6,7,0.8182261208576997,0.5160065565955461,
blood-transfusion-service-center,GaussianNB,Quantile Binning,9,0.0,0.0,0.10256767272949219,0.0020961761474609375,0.4022802341832636,83,421,92,78,0.7261632341723876,0.32695504464083897,12,43,14,5,0.7569659442724458,0.4055698643562065,
blood-transfusion-service-center,GaussianNB,Quantile Binning,10,0.015625,0.0,0.10265731811523438,0.0020961761474609375,0.4389699910235807,86,425,88,75,0.7325620815323332,0.35331785067364535,6,48,9,11,0.6630546955624355,0.20409308026531547,
blood-transfusion-service-center,GaussianNB,PCA,1,0.0,0.0,0.08577346801757812,0.0020656585693359375,0.15335621676854813,83,360,153,77,0.6189875730994152,0.19671577409064725,6,37,20,12,0.5190058479532164,-0.015743964822228108,
blood-transfusion-service-center,GaussianNB,PCA,2,0.0,0.0,0.08599662780761719,0.0020656585693359375,0.17409943404265435,98,315,198,62,0.6087414717348928,0.19428426205105015,12,38,19,6,0.767056530214425,0.2890981020518306,
blood-transfusion-service-center,GaussianNB,PCA,3,0.09375,0.0,0.08582115173339844,0.0020656585693359375,0.1726947861119286,59,410,103,101,0.6069992690058479,0.16725655385730193,5,48,9,13,0.6247563352826511,0.1314021574144452,
blood-transfusion-service-center,GaussianNB,PCA,4,0.0,0.0,0.08595466613769531,0.0020656585693359375,0.1492102174929221,95,313,200,65,0.6055372807017544,0.17492429607061064,12,28,29,6,0.6413255360623782,0.1354596494167218,
blood-transfusion-service-center,GaussianNB,PCA,5,0.09375,0.09375,0.08586502075195312,0.0020656585693359375,0.15812783079364753,94,301,212,66,0.591349902534113,0.14896503893368712,13,40,17,5,0.7534113060428851,0.36961423790257175,
blood-transfusion-service-center,GaussianNB,PCA,6,0.09375,0.0,0.08599662780761719,0.0020656585693359375,0.14731956187283024,87,357,156,73,0.6241654483430799,0.2124077702289552,5,40,17,13,0.4814814814814815,-0.019199783835160824,
blood-transfusion-service-center,GaussianNB,PCA,7,0.09375,0.0,0.08594799041748047,0.0020656585693359375,0.15368562335925676,102,319,194,58,0.6360623781676412,0.22241232666551863,10,34,23,8,0.5443469785575049,0.13081854149049868,
blood-transfusion-service-center,GaussianNB,PCA,8,0.0,0.0,0.08582115173339844,0.0020656585693359375,0.1543760971466718,84,355,158,76,0.6067312378167642,0.1925075179192489,8,42,15,10,0.628167641325536,0.16790888357067812,
blood-transfusion-service-center,GaussianNB,PCA,9,0.09375,0.09375,0.08601760864257812,0.0020656585693359375,0.14739204229602465,80,364,149,81,0.6086956521739131,0.185857669503663,12,33,24,5,0.587203302373581,0.2397199314575106,
blood-transfusion-service-center,GaussianNB,PCA,10,0.09375,0.0,0.08606529235839844,0.0020656585693359375,0.15283468989806595,84,360,153,77,0.6129272456503577,0.19958213207295541,8,35,22,9,0.5572755417956656,0.07250450606216319,
blood-transfusion-service-center,GaussianNB,Select Percentile (Mutual Info),1,0.1875,0.0,0.2649831771850586,0.0019168853759765625,0.268246606954726,124,300,213,36,0.726583820662768,0.3063300464290802,14,29,28,4,0.6578947368421053,0.2465426358859398,
blood-transfusion-service-center,GaussianNB,Select Percentile (Mutual Info),2,0.03125,0.0,0.2652006149291992,0.0019168853759765625,0.35396378422822633,111,348,165,49,0.6967653508771929,0.32206477224414864,9,34,23,9,0.6296296296296297,0.08332058245982386,
blood-transfusion-service-center,GaussianNB,Select Percentile (Mutual Info),3,0.03125,0.0,0.2657022476196289,0.0019168853759765625,0.2741034743594288,125,288,225,35,0.7170077972709551,0.29197023128977234,15,37,20,3,0.7373294346978557,0.4130165938154511,
blood-transfusion-service-center,GaussianNB,Select Percentile (Mutual Info),4,0.03125,0.0,0.2644510269165039,0.0019168853759765625,0.259735406791007,126,289,224,34,0.7143457602339182,0.2989567545131685,14,28,29,4,0.7236842105263158,0.23228768443344835,
blood-transfusion-service-center,GaussianNB,Select Percentile (Mutual Info),5,0.03125,0.015625,0.2646493911743164,0.0019168853759765625,0.26360031449044125,127,290,223,33,0.710300925925926,0.30594327773656466,13,33,24,5,0.7777777777777778,0.25727177253291417,
blood-transfusion-service-center,GaussianNB,Select Percentile (Mutual Info),6,0.03125,0.0,0.26552677154541016,0.0019168853759765625,0.1672256359475729,135,258,255,25,0.7210709064327485,0.29896090174136425,13,30,27,5,0.648635477582846,0.21276612408674753,
blood-transfusion-service-center,GaussianNB,Select Percentile (Mutual Info),7,0.03125,0.0,0.2647848129272461,0.0019168853759765625,0.2770762122262089,122,314,199,38,0.733077485380117,0.3192611701066439,11,34,23,7,0.6418128654970761,0.17810435386272686,
blood-transfusion-service-center,GaussianNB,Select Percentile (Mutual Info),8,0.03125,0.0,0.26486873626708984,0.0019168853759765625,0.2618389523246155,125,294,219,35,0.71052022417154,0.3017680274086714,13,35,22,5,0.753411306042885,0.2878600502350113,
blood-transfusion-service-center,GaussianNB,Select Percentile (Mutual Info),9,0.03125,0.0,0.2649574279785156,0.0019168853759765625,0.21809951726168128,127,283,230,34,0.712820699090722,0.290867635610482,16,24,33,1,0.6780185758513932,0.32216412962476526,
blood-transfusion-service-center,GaussianNB,Select Percentile (Mutual Info),10,0.015625,0.0,0.2657432556152344,0.0019168853759765625,0.25781770282477956,127,291,222,34,0.7190560943421356,0.30384650331034263,11,37,20,6,0.6909184726522187,0.25252532196750266,
blood-transfusion-service-center,GaussianNB,Random Undersampling,1,0.0,0.0,0.08899116516113281,0.004410743713378906,0.5180282384905465,93,396,117,67,0.7335221734892788,0.3244997880695284,9,42,15,9,0.665204678362573,0.216841241093592,
blood-transfusion-service-center,GaussianNB,Random Undersampling,2,0.0,0.0,0.0890045166015625,0.004410743713378906,0.4835969780631713,106,361,152,54,0.7212049220272904,0.32063247314170845,13,39,18,5,0.8235867446393762,0.35249680864214433,
blood-transfusion-service-center,GaussianNB,Random Undersampling,3,0.0,0.0,0.08896064758300781,0.004410743713378906,0.3801109413411235,124,287,226,36,0.7104410331384016,0.2849837080663762,15,37,20,3,0.7280701754385966,0.4130165938154511,
blood-transfusion-service-center,GaussianNB,Random Undersampling,4,0.0,0.0,0.08896064758300781,0.004410743713378906,0.40617550347618225,124,300,213,36,0.7120918615984406,0.3063300464290802,15,28,29,3,0.7348927875243665,0.28149025726099297,
blood-transfusion-service-center,GaussianNB,Random Undersampling,5,0.015625,0.0,0.08891677856445312,0.004410743713378906,0.5881742958064082,72,457,56,88,0.7464181286549708,0.36971213829651867,9,53,4,9,0.7933723196881092,0.4849504740246766,
blood-transfusion-service-center,GaussianNB,Random Undersampling,6,0.015625,0.0,0.0890045166015625,0.004410743713378906,0.40935881137988417,110,342,171,50,0.7315484892787523,0.3057244444050018,8,42,15,10,0.6384015594541911,0.16790888357067812,
blood-transfusion-service-center,GaussianNB,Random Undersampling,7,0.015625,0.0,0.08891677856445312,0.004410743713378906,0.3979123686840967,119,321,192,41,0.7208637914230018,0.31548324380402964,11,33,24,7,0.6379142300194931,0.16270350665457162,
blood-transfusion-service-center,GaussianNB,Random Undersampling,8,0.015625,0.0,0.08896064758300781,0.004410743713378906,0.4458438948029153,123,293,220,37,0.7141873781676413,0.28944492086708024,14,37,20,4,0.7909356725146198,0.36624275583039606,
blood-transfusion-service-center,GaussianNB,Random Undersampling,9,0.0,0.0,0.08924674987792969,0.004426002502441406,0.2638311803443247,131,273,240,30,0.7099390989551173,0.29643121237892883,16,22,35,1,0.65015479876161,0.2973365976774038,
blood-transfusion-service-center,GaussianNB,Random Undersampling,10,0.015625,0.0,0.08920669555664062,0.004426002502441406,0.3927620440949819,127,296,217,34,0.7198128170668217,0.31203291844836006,11,34,23,6,0.674922600619195,0.2055799046340379,
blood-transfusion-service-center,GaussianNB,SMOTE / SMOTENC,1,0.0,0.015625,0.15538311004638672,0.009369850158691406,0.4734127314830013,89,407,106,71,0.7310855263157894,0.32808514723363286,9,42,15,9,0.6574074074074074,0.216841241093592,
blood-transfusion-service-center,GaussianNB,SMOTE / SMOTENC,2,0.0,0.015625,0.15557193756103516,0.009369850158691406,0.5782370001573104,89,420,93,71,0.7437317251461988,0.3593611882437455,11,46,11,7,0.8196881091617934,0.39222415548971395,
blood-transfusion-service-center,GaussianNB,SMOTE / SMOTENC,3,0.015625,0.015625,0.15557193756103516,0.009369850158691406,0.52216713775818,81,422,91,79,0.7275341130604289,0.3209588789435056,8,51,6,10,0.7446393762183235,0.3717719575628205,
blood-transfusion-service-center,GaussianNB,SMOTE / SMOTENC,4,0.015625,0.0,0.15552806854248047,0.009369850158691406,0.40804952801316563,126,296,217,34,0.7214242202729044,0.3103915245170546,14,29,28,4,0.7290448343079923,0.2465426358859398,
blood-transfusion-service-center,GaussianNB,SMOTE / SMOTENC,5,0.015625,0.0,0.15513324737548828,0.009369850158691406,0.4712150324528881,114,338,175,46,0.7163620857699805,0.3193818640549394,11,41,16,7,0.780701754385965,0.29398387974647616,
blood-transfusion-service-center,GaussianNB,SMOTE / SMOTENC,6,0.015625,0.0,0.15552806854248047,0.009369850158691406,0.4054706312562604,89,399,114,71,0.7255421539961014,0.30981633366416916,6,45,12,12,0.6286549707602339,0.12280701754385964,
blood-transfusion-service-center,GaussianNB,SMOTE / SMOTENC,7,0.0,0.0,0.15561580657958984,0.009369850158691406,0.4886788164624284,88,406,107,72,0.7325353313840155,0.3203909177292165,8,43,14,10,0.6622807017543859,0.18651218582727658,
blood-transfusion-service-center,GaussianNB,SMOTE / SMOTENC,8,0.0,0.0,0.15561580657958984,0.009369850158691406,0.41492696691912184,127,283,230,33,0.7123477095516569,0.2946266710419266,15,36,21,3,0.8084795321637427,0.397430455754832,
blood-transfusion-service-center,GaussianNB,SMOTE / SMOTENC,9,0.015625,0.0,0.15554332733154297,0.009407997131347656,0.32498149884886673,127,283,230,34,0.7104476166261063,0.290867635610482,16,24,33,1,0.6749226006191951,0.32216412962476526,
blood-transfusion-service-center,GaussianNB,SMOTE / SMOTENC,10,0.015625,0.0,0.15559101104736328,0.009407997131347656,0.39709456763087453,131,285,228,30,0.7221616844042473,0.3155400688346842,11,35,22,6,0.6924664602683178,0.22095800209266733,
blood-transfusion-service-center,LogisticRegression,Baseline,1,0.015625,0.0,0.1253681182861328,0.0016765594482421875,0.3616574243256203,70,455,58,90,0.7572673001949317,0.3519243009306653,9,52,5,9,0.7587719298245614,0.45189522427894563,
blood-transfusion-service-center,LogisticRegression,Baseline,2,0.015625,0.0,0.12782859802246094,0.0016765594482421875,0.24360493110264497,121,338,175,39,0.7509807504873295,0.3560206335842439,15,33,24,3,0.7787524366471735,0.3524383286882472,
blood-transfusion-service-center,LogisticRegression,Baseline,3,0.015625,0.0,0.12523651123046875,0.0016765594482421875,0.3615615360473517,71,456,57,89,0.7507980019493178,0.360818219613592,6,53,4,12,0.7923976608187134,0.33062326126679026,
blood-transfusion-service-center,LogisticRegression,Baseline,4,0.015625,0.0,0.1269092559814453,0.0016765594482421875,0.23784347537149833,122,332,181,38,0.7509320175438596,0.35053739788108196,15,33,24,3,0.7807017543859649,0.3524383286882472,
blood-transfusion-service-center,LogisticRegression,Baseline,5,0.015625,0.0,0.1243133544921875,0.0016765594482421875,0.24419526117499765,125,335,178,35,0.7528265107212475,0.37158465316930844,10,36,21,8,0.7456140350877193,0.16230068887120314,
blood-transfusion-service-center,LogisticRegression,Baseline,6,0.015625,0.0,0.12740325927734375,0.0016765594482421875,0.35385096244643577,77,455,58,83,0.7671966374269006,0.3914101962849793,4,49,8,14,0.661793372319688,0.09537723058655023,
blood-transfusion-service-center,LogisticRegression,Baseline,7,0.015625,0.0,0.12617874145507812,0.0016765594482421875,0.2634798699258934,121,338,175,39,0.756737329434698,0.3560206335842439,12,40,17,6,0.7597465886939571,0.3231024153974012,
blood-transfusion-service-center,LogisticRegression,Baseline,8,0.015625,0.0,0.12464714050292969,0.0016765594482421875,0.38284455393810024,62,469,44,98,0.750724902534113,0.35260846379604693,5,53,4,13,0.7821637426900585,0.27284292741384053,
blood-transfusion-service-center,LogisticRegression,Baseline,9,0.015625,0.0,0.12809085845947266,0.0016765594482421875,0.366490904445341,69,460,53,92,0.7548581598924847,0.3602048897391159,9,48,9,8,0.7564499484004129,0.36425904629602796,
blood-transfusion-service-center,LogisticRegression,Baseline,10,0.015625,0.0,0.12502193450927734,0.0016765594482421875,0.25670978004653444,123,339,174,38,0.759900960129793,0.36483875121085557,11,38,19,6,0.7089783281733746,0.26879719320606843,
blood-transfusion-service-center,LogisticRegression,Standard Scaler,1,0.015625,0.0,0.1255207061767578,0.0018367767333984375,0.35943326665660313,70,455,58,90,0.7575353313840156,0.3519243009306653,9,52,5,9,0.7587719298245614,0.45189522427894563,
blood-transfusion-service-center,LogisticRegression,Standard Scaler,2,0.015625,0.0,0.12508201599121094,0.0018367767333984375,0.24474768312779302,121,338,175,39,0.7508223684210525,0.3560206335842439,15,33,24,3,0.7787524366471735,0.3524383286882472,
blood-transfusion-service-center,LogisticRegression,Standard Scaler,3,0.015625,0.0,0.12540626525878906,0.0018367767333984375,0.3597654014162633,71,456,57,89,0.7508832846003899,0.360818219613592,6,53,4,12,0.7904483430799221,0.33062326126679026,
blood-transfusion-service-center,LogisticRegression,Standard Scaler,4,0.015625,0.0,0.1250152587890625,0.0018367767333984375,0.2392339035566667,122,332,181,38,0.7511878654970761,0.35053739788108196,15,33,24,3,0.7816764132553607,0.3524383286882472,
blood-transfusion-service-center,LogisticRegression,Standard Scaler,5,0.015625,0.0,0.1256122589111328,0.0018367767333984375,0.2455886462094637,125,335,178,35,0.7534113060428851,0.37158465316930844,10,36,21,8,0.7456140350877193,0.16230068887120314,
blood-transfusion-service-center,LogisticRegression,Standard Scaler,6,0.015625,0.0,0.12549781799316406,0.0018367767333984375,0.352089013091386,77,455,58,83,0.7669286062378169,0.3914101962849793,4,49,8,14,0.6637426900584795,0.09537723058655023,
blood-transfusion-service-center,LogisticRegression,Standard Scaler,7,0.0,0.0,0.12549781799316406,0.0018367767333984375,0.2640544197524932,121,338,175,39,0.7567738791423002,0.3560206335842439,12,40,17,6,0.7587719298245614,0.3231024153974012,
blood-transfusion-service-center,LogisticRegression,Standard Scaler,8,0.0,0.0,0.1250591278076172,0.0018367767333984375,0.3799629594971499,62,469,44,98,0.7507736354775829,0.35260846379604693,5,53,4,13,0.7889863547758285,0.27284292741384053,
blood-transfusion-service-center,LogisticRegression,Standard Scaler,9,0.0,0.0,0.1255025863647461,0.0018367767333984375,0.3319272084172901,91,415,98,70,0.7547007615657502,0.3551856047039528,9,45,12,8,0.7585139318885449,0.29754250070556115,
blood-transfusion-service-center,LogisticRegression,Standard Scaler,10,0.0,0.0,0.12554645538330078,0.0018367767333984375,0.25798581295881035,123,339,174,38,0.7598525298754131,0.36483875121085557,11,38,19,6,0.7069143446852425,0.26879719320606843,
blood-transfusion-service-center,LogisticRegression,MinMax Scaler,1,0.015625,0.0,0.12595558166503906,0.0019655227661132812,0.2952231004667797,77,448,65,83,0.7571820175438596,0.3699114771948713,9,52,5,9,0.7597465886939572,0.45189522427894563,
blood-transfusion-service-center,LogisticRegression,MinMax Scaler,2,0.015625,0.0,0.1267719268798828,0.0019655227661132812,0.30256443321297183,86,424,89,74,0.7495674951267057,0.353263813879389,10,42,15,8,0.7719298245614035,0.26490647141300877,
blood-transfusion-service-center,LogisticRegression,MinMax Scaler,3,0.015625,0.0,0.1262969970703125,0.0019655227661132812,0.309818395116811,71,456,57,89,0.7496162280701755,0.360818219613592,6,53,4,12,0.7943469785575049,0.33062326126679026,
blood-transfusion-service-center,LogisticRegression,MinMax Scaler,4,0.0,0.0,0.1265125274658203,0.0019655227661132812,0.26414738188928816,113,357,156,47,0.749628411306043,0.3494997514575327,13,35,22,5,0.7826510721247564,0.2878600502350113,
blood-transfusion-service-center,LogisticRegression,MinMax Scaler,5,0.015625,0.0,0.12620925903320312,0.0019655227661132812,0.2632688327938453,116,353,160,44,0.7513523391812865,0.3575474674149426,9,41,16,9,0.7446393762183235,0.19867985355975656,
blood-transfusion-service-center,LogisticRegression,MinMax Scaler,6,0.015625,0.0,0.12616539001464844,0.0019655227661132812,0.29491242311341515,81,452,61,79,0.7671357212475634,0.4041302908647999,4,48,9,14,0.6481481481481481,0.07257762196287677,
blood-transfusion-service-center,LogisticRegression,MinMax Scaler,7,0.015625,0.0,0.12702178955078125,0.0019655227661132812,0.29968083391776124,72,457,56,88,0.7572002923976608,0.36971213829651867,10,47,10,8,0.7538986354775828,0.36710862157118823,
blood-transfusion-service-center,LogisticRegression,MinMax Scaler,8,0.015625,0.0,0.12612152099609375,0.0019655227661132812,0.3072128205007519,70,455,58,90,0.7491288986354776,0.3519243009306653,8,53,4,10,0.7938596491228069,0.4360101969670868,
blood-transfusion-service-center,LogisticRegression,MinMax Scaler,9,0.015625,0.0,0.12671375274658203,0.0019655227661132812,0.3023091543538494,72,456,57,89,0.7556209363989684,0.36428315562908753,9,48,9,8,0.7533539731682146,0.36425904629602796,
blood-transfusion-service-center,LogisticRegression,MinMax Scaler,10,0.015625,0.0,0.12681102752685547,0.0019655227661132812,0.3025299019017917,74,452,61,87,0.7601552189652876,0.36300001147284294,6,52,5,11,0.7038183694530444,0.3136206261066179,
blood-transfusion-service-center,LogisticRegression,IQR Capping,1,0.03125,0.0,0.13861083984375,0.0018758773803710938,0.3335433138755684,88,432,81,72,0.7615923489278753,0.384913129402541,9,49,8,9,0.7402534113060429,0.36687171364885646,
blood-transfusion-service-center,LogisticRegression,IQR Capping,2,0.03125,0.0,0.1405658721923828,0.0018758773803710938,0.39957269425553965,64,476,37,96,0.7524488304093567,0.3908126376107598,8,49,8,10,0.7573099415204678,0.31702602580977074,
blood-transfusion-service-center,LogisticRegression,IQR Capping,3,0.03125,0.0,0.13928890228271484,0.0018758773803710938,0.37857522785279096,71,462,51,89,0.7556895711500975,0.38049054554926753,6,54,3,12,0.797270955165692,0.36891438072857313,
blood-transfusion-service-center,LogisticRegression,IQR Capping,4,0.046875,0.015625,0.1392040252685547,0.0018758773803710938,0.28580791188267063,108,372,141,52,0.7526742202729044,0.3528212771725808,14,37,20,4,0.8255360623781677,0.36624275583039606,
blood-transfusion-service-center,LogisticRegression,IQR Capping,5,0.03125,0.0,0.1385946273803711,0.0018758773803710938,0.35507215837400563,74,452,61,86,0.7536427875243665,0.365260923054465,9,50,7,9,0.7738791423001949,0.3932342050909656,
blood-transfusion-service-center,LogisticRegression,IQR Capping,6,0.046875,0.0,0.1392993927001953,0.0018758773803710938,0.311974163535785,94,424,89,66,0.7704982943469786,0.3961016730604674,7,47,10,11,0.6442495126705653,0.21773687070216685,
blood-transfusion-service-center,LogisticRegression,IQR Capping,7,0.046875,0.0,0.13952255249023438,0.0018758773803710938,0.38452836491331605,69,466,47,91,0.7620735867446394,0.3827989774475285,8,50,7,10,0.7402534113060428,0.3434147975799544,
blood-transfusion-service-center,LogisticRegression,IQR Capping,8,0.046875,0.015625,0.13775920867919922,0.0018758773803710938,0.3290071852398324,85,429,84,75,0.7540996588693957,0.36076636056511463,9,52,5,9,0.8094541910331384,0.45189522427894563,
blood-transfusion-service-center,LogisticRegression,IQR Capping,9,0.046875,0.015625,0.14062213897705078,0.0018758773803710938,0.3477593398319751,79,443,70,82,0.7573281028658604,0.36398659131216027,10,45,12,7,0.763673890608875,0.3476211441350307,
blood-transfusion-service-center,LogisticRegression,IQR Capping,10,0.046875,0.015625,0.1391286849975586,0.0018758773803710938,0.32356452168011585,92,430,83,69,0.7633758308815517,0.3983818930865237,7,48,9,10,0.717234262125903,0.25941747654663566,
blood-transfusion-service-center,LogisticRegression,IQR Removal,1,0.03125,0.0,0.16173648834228516,0.0018587112426757812,0.31996568833736044,90,421,92,70,0.7563048245614036,0.3672193316523961,9,49,8,9,0.7451267056530215,0.36687171364885646,
blood-transfusion-service-center,LogisticRegression,IQR Removal,2,0.03125,0.0,0.16299819946289062,0.0018587112426757812,0.3631615700155397,77,448,65,83,0.7505177875243665,0.3699114771948713,9,47,10,9,0.7865497076023391,0.3187129712657257,
blood-transfusion-service-center,LogisticRegression,IQR Removal,3,0.03125,0.0,0.16265487670898438,0.0018587112426757812,0.36301713761325405,76,454,59,84,0.7512853313840157,0.38269377187480785,6,53,4,12,0.800194931773879,0.33062326126679026,
blood-transfusion-service-center,LogisticRegression,IQR Removal,4,0.03125,0.0,0.16191673278808594,0.0018587112426757812,0.3803422677288757,67,465,48,93,0.7499817251461989,0.3677732619671862,10,52,5,8,0.8118908382066277,0.4995124328435701,
blood-transfusion-service-center,LogisticRegression,IQR Removal,5,0.03125,0.0,0.16122913360595703,0.0018587112426757812,0.38041454876930164,69,461,52,91,0.7506335282651072,0.3656955259480048,7,55,2,11,0.7836257309941521,0.46498583404330573,
blood-transfusion-service-center,LogisticRegression,IQR Removal,6,0.03125,0.0,0.1644582748413086,0.0018587112426757812,0.3665831602453976,78,456,57,82,0.7655519005847953,0.40012662069515076,3,50,7,15,0.6228070175438596,0.05510387687779838,
blood-transfusion-service-center,LogisticRegression,IQR Removal,7,0.03125,0.0,0.1630411148071289,0.0018587112426757812,0.3124932786761516,91,422,91,69,0.756798245614035,0.3750774750610468,10,44,13,8,0.7344054580896685,0.3033192735470314,
blood-transfusion-service-center,LogisticRegression,IQR Removal,8,0.046875,0.0,0.16126060485839844,0.0018587112426757812,0.36978868709351215,69,461,52,91,0.7474110623781677,0.3656955259480048,8,54,3,10,0.8055555555555556,0.473005339332108,
blood-transfusion-service-center,LogisticRegression,IQR Removal,9,0.03125,0.0,0.16198062896728516,0.0018587112426757812,0.3542181283068763,78,448,65,83,0.75477340694732,0.3731263228501726,10,43,14,7,0.7337461300309598,0.30788290252131034,
blood-transfusion-service-center,LogisticRegression,IQR Removal,10,0.03125,0.0,0.1623706817626953,0.0018587112426757812,0.3779173439746707,72,463,50,89,0.7596103786035137,0.38731679738699015,6,51,6,11,0.6945304437564499,0.28265904376911094,
blood-transfusion-service-center,LogisticRegression,Yeo-Johnson,1,0.046875,0.0,0.12884521484375,0.0016756057739257812,0.29708780555631253,100,404,109,60,0.7641142787524366,0.37952129264812823,10,41,16,8,0.7256335282651072,0.2466554488815737,
blood-transfusion-service-center,LogisticRegression,Yeo-Johnson,2,0.046875,0.0,0.1288604736328125,0.0016756057739257812,0.41857876051402415,69,467,46,91,0.7623842592592593,0.38631969374598174,8,49,8,10,0.7446393762183235,0.31702602580977074,
blood-transfusion-service-center,LogisticRegression,Yeo-Johnson,3,0.0625,0.0,0.1294097900390625,0.0016756057739257812,0.3791092138723651,76,454,59,84,0.7567921539961013,0.38269377187480785,8,53,4,10,0.813840155945419,0.4360101969670868,
blood-transfusion-service-center,LogisticRegression,Yeo-Johnson,4,0.046875,0.0,0.13003921508789062,0.0016756057739257812,0.3638693405201461,80,445,68,80,0.7591191520467836,0.37766101317643963,12,48,9,6,0.7962962962962963,0.4839386351777002,
blood-transfusion-service-center,LogisticRegression,Yeo-Johnson,5,0.03125,0.0,0.12806320190429688,0.0016756057739257812,0.35804673698716055,84,442,71,76,0.7588206627680312,0.39088413400897687,9,49,8,9,0.776803118908382,0.36687171364885646,
blood-transfusion-service-center,LogisticRegression,Yeo-Johnson,6,0.046875,0.0,0.12964820861816406,0.0016756057739257812,0.37299055813196225,82,453,60,78,0.7749573586744639,0.41268499428228206,4,51,6,14,0.6423001949317739,0.146943671674129,
blood-transfusion-service-center,LogisticRegression,Yeo-Johnson,7,0.046875,0.0,0.12967872619628906,0.0016756057739257812,0.39047327940961757,74,458,55,86,0.7621832358674464,0.38424155106116253,10,47,10,8,0.77046783625731,0.36710862157118823,
blood-transfusion-service-center,LogisticRegression,Yeo-Johnson,8,0.046875,0.0,0.12800216674804688,0.0016756057739257812,0.3558982917258827,81,446,67,79,0.7578155458089668,0.3860882632383675,9,52,5,9,0.8036062378167641,0.45189522427894563,
blood-transfusion-service-center,LogisticRegression,Yeo-Johnson,9,0.046875,0.0,0.12822246551513672,0.0016756057739257812,0.3634053025322038,82,446,67,79,0.7597980458392357,0.38914231088809725,10,47,10,7,0.8018575851393188,0.3910085239321038,
blood-transfusion-service-center,LogisticRegression,Yeo-Johnson,10,0.046875,0.0,0.12967586517333984,0.0016756057739257812,0.371079128701857,80,450,63,81,0.7681583185015681,0.3901480252158037,7,51,6,10,0.6934984520123839,0.3388113629476569,
blood-transfusion-service-center,LogisticRegression,Quantile Transform,1,0.03125,0.0,0.18138504028320312,0.027456283569335938,0.295585376338041,96,400,113,64,0.732547514619883,0.34934789277190964,9,40,17,9,0.6730019493177387,0.18105559545562325,
blood-transfusion-service-center,LogisticRegression,Quantile Transform,2,0.03125,0.015625,0.18138504028320312,0.027456283569335938,0.2866513374516616,101,392,121,59,0.7334978070175439,0.3579904305994553,12,39,18,6,0.7183235867446394,0.305887645160749,
blood-transfusion-service-center,LogisticRegression,Quantile Transform,3,0.03125,0.0,0.18138504028320312,0.027456283569335938,0.2883169366184218,94,398,115,66,0.7264071637426901,0.3342611928338004,10,46,11,8,0.7417153996101364,0.34487580897721165,
blood-transfusion-service-center,LogisticRegression,Quantile Transform,4,0.03125,0.0,0.18138504028320312,0.027456283569335938,0.2710688586296481,104,375,138,56,0.7262122319688109,0.33797973839943585,13,40,17,5,0.7719298245614036,0.36961423790257175,
blood-transfusion-service-center,LogisticRegression,Quantile Transform,5,0.015625,0.0,0.18138504028320312,0.027456283569335938,0.26992057759010935,106,377,136,54,0.7298489278752438,0.3525269604474546,10,39,18,8,0.7280701754385965,0.21170615377777538,
blood-transfusion-service-center,LogisticRegression,Quantile Transform,6,0.015625,0.0,0.1813373565673828,0.027456283569335938,0.2761663904495761,108,372,141,52,0.7431103801169591,0.3528212771725808,8,42,15,10,0.6150097465886939,0.16790888357067812,
blood-transfusion-service-center,LogisticRegression,Quantile Transform,7,0.015625,0.0,0.18138504028320312,0.027456283569335938,0.2959149565164828,91,409,104,69,0.7307870370370371,0.3434736062424655,9,43,14,9,0.7256335282651072,0.23561407855885477,
blood-transfusion-service-center,LogisticRegression,Quantile Transform,8,0.015625,0.0,0.18138504028320312,0.027456283569335938,0.2812181963281884,103,380,133,57,0.7278082358674465,0.34301083565538076,11,45,12,7,0.75,0.3710244685352081,
blood-transfusion-service-center,LogisticRegression,Quantile Transform,9,0.015625,0.015625,0.18149948120117188,0.027494430541992188,0.28166462643159285,100,384,129,61,0.7242986693787609,0.3327910684192326,15,36,21,2,0.7812177502579979,0.4325381371950735,
blood-transfusion-service-center,LogisticRegression,Quantile Transform,10,0.015625,0.0,0.18159103393554688,0.027494430541992188,0.27248312614686027,108,365,148,53,0.7278280241666969,0.33587476012131423,10,44,13,7,0.7275541795665634,0.32735164854704707,
blood-transfusion-service-center,LogisticRegression,Uniform Binning,1,0.015625,0.0,0.1267223358154297,0.00209808349609375,0.2248515213528428,146,179,334,14,0.6660331384015595,0.24607715317990425,16,16,41,2,0.5823586744639376,0.1695906432748538,
blood-transfusion-service-center,LogisticRegression,Uniform Binning,2,0.015625,0.0,0.12656402587890625,0.00209808349609375,0.24991084675090078,130,239,274,30,0.6672270955165692,0.24193611805279233,15,25,32,3,0.732943469785575,0.24010575977235502,
blood-transfusion-service-center,LogisticRegression,Uniform Binning,3,0.015625,0.015625,0.1266307830810547,0.00209808349609375,0.2228950090199804,146,173,340,14,0.6515960038986355,0.23733067641339134,16,22,35,2,0.7573099415204678,0.25164292176293396,
blood-transfusion-service-center,LogisticRegression,Uniform Binning,4,0.015625,0.0,0.12641143798828125,0.00209808349609375,0.21197967530270945,145,176,337,15,0.6646016081871345,0.2354251589735159,17,19,38,1,0.6393762183235868,0.26827168499432985,
blood-transfusion-service-center,LogisticRegression,Uniform Binning,5,0.0,0.0,0.12612533569335938,0.00209808349609375,0.2538265592954043,133,238,275,27,0.6557383040935673,0.2571957557279784,11,31,26,7,0.6973684210526316,0.13238256256548012,
blood-transfusion-service-center,LogisticRegression,Uniform Binning,6,0.015625,0.0,0.126678466796875,0.00209808349609375,0.24974881310017277,133,231,282,27,0.6717288011695907,0.24650661460615278,14,23,34,4,0.5774853801169592,0.16130088977240284,
blood-transfusion-service-center,LogisticRegression,Uniform Binning,7,0.015625,0.0,0.12610435485839844,0.00209808349609375,0.22620338423917097,146,173,340,14,0.6588023879142301,0.23733067641339134,16,22,35,2,0.6510721247563354,0.25164292176293396,
blood-transfusion-service-center,LogisticRegression,Uniform Binning,8,0.015625,0.0,0.12623977661132812,0.00209808349609375,0.23054790814359158,132,228,285,28,0.6602948343079923,0.2362652756450247,15,26,31,3,0.6798245614035088,0.2538661835265295,
blood-transfusion-service-center,LogisticRegression,Uniform Binning,9,0.015625,0.015625,0.12608623504638672,0.00209808349609375,0.25402096671565283,133,233,280,28,0.6789921664063541,0.24533829052471567,14,21,36,3,0.5144478844169247,0.17248861406314372,
blood-transfusion-service-center,LogisticRegression,Uniform Binning,10,0.0,0.0,0.12620067596435547,0.00209808349609375,0.21888141728764002,147,174,339,14,0.654559103071689,0.23980723798164397,15,21,36,2,0.7347781217750258,0.22792679254135367,
blood-transfusion-service-center,LogisticRegression,Quantile Binning,1,0.015625,0.0,0.12694168090820312,0.0020999908447265625,0.3112217294680804,92,406,107,68,0.7539473684210526,0.34181073111155214,10,42,15,8,0.7227095516569201,0.26490647141300877,
blood-transfusion-service-center,LogisticRegression,Quantile Binning,2,0.015625,0.0,0.12681961059570312,0.0020999908447265625,0.41738593216980213,60,466,47,100,0.7497563352826511,0.32990654537508896,6,49,8,12,0.7285575048732944,0.2115254241305703,
blood-transfusion-service-center,LogisticRegression,Quantile Binning,3,0.015625,0.0,0.12786102294921875,0.0020999908447265625,0.301032889571952,94,401,112,66,0.7477400097465887,0.3410048607123632,8,48,9,10,0.7836257309941521,0.2923042921755117,
blood-transfusion-service-center,LogisticRegression,Quantile Binning,4,0.015625,0.0,0.1274566650390625,0.0020999908447265625,0.33613029424082563,78,431,82,82,0.7459612573099415,0.3276559454191033,11,48,9,7,0.8016569200779727,0.4377064334118014,
blood-transfusion-service-center,LogisticRegression,Quantile Binning,5,0.015625,0.0,0.1276378631591797,0.0020999908447265625,0.3283209859724937,94,394,119,66,0.7431408382066276,0.325407577425054,10,43,14,8,0.7967836257309941,0.28376755007309573,
blood-transfusion-service-center,LogisticRegression,Quantile Binning,6,0.015625,0.0,0.1271648406982422,0.0020999908447265625,0.2958548104950947,95,405,108,65,0.7688535575048733,0.35544635720197104,7,43,14,11,0.580896686159844,0.1362815696764788,
blood-transfusion-service-center,LogisticRegression,Quantile Binning,7,0.015625,0.0,0.12703895568847656,0.0020999908447265625,0.3345773669950718,82,429,84,78,0.7563535575048734,0.34441651609682744,8,46,11,10,0.7173489278752436,0.24693077053020188,
blood-transfusion-service-center,LogisticRegression,Quantile Binning,8,0.015625,0.0,0.1269817352294922,0.0020999908447265625,0.1925737455274203,135,267,246,25,0.7421296296296297,0.3128426602975386,15,33,24,3,0.837719298245614,0.3524383286882472,
blood-transfusion-service-center,LogisticRegression,Quantile Binning,9,0.015625,0.015625,0.12695789337158203,0.0020999908447265625,0.3001436469149609,104,374,139,57,0.7481263545336772,0.3330196653676746,12,37,20,5,0.7858617131062952,0.30143725042173425,
blood-transfusion-service-center,LogisticRegression,Quantile Binning,10,0.015625,0.0,0.12770366668701172,0.0020999908447265625,0.3051698794174556,96,404,109,65,0.7551790103277517,0.3557218885962013,6,46,11,11,0.7002063983488132,0.15995872033023736,
blood-transfusion-service-center,LogisticRegression,PCA,1,0.09375,0.0,0.0928964614868164,0.0021448135375976562,0.20848545716789021,103,313,200,57,0.6411610623781676,0.21723811438898075,9,35,22,9,0.5170565302144249,0.09890198228088942,
blood-transfusion-service-center,LogisticRegression,PCA,2,0.09375,0.0,0.09168338775634766,0.0021448135375976562,0.21603768160703662,100,310,203,60,0.6182078460038987,0.19619085910075423,12,38,19,6,0.716374269005848,0.2890981020518306,
blood-transfusion-service-center,LogisticRegression,PCA,3,0.09375,0.0,0.09290027618408203,0.0021448135375976562,0.22350835318419576,102,312,201,58,0.6309758771929825,0.21022236262623858,9,41,16,9,0.6081871345029239,0.19867985355975656,
blood-transfusion-service-center,LogisticRegression,PCA,4,0.09375,0.0,0.09307575225830078,0.0021448135375976562,0.21289451402119666,98,322,191,62,0.6207419590643275,0.20655777402988898,14,31,26,4,0.6988304093567251,0.27534439587696735,
blood-transfusion-service-center,LogisticRegression,PCA,5,0.09375,0.0,0.09270000457763672,0.0021448135375976562,0.2146938477099691,98,308,205,62,0.608406432748538,0.1821593555752699,14,41,16,4,0.8245614035087719,0.43334083064439444,
blood-transfusion-service-center,LogisticRegression,PCA,6,0.09375,0.03125,0.09294414520263672,0.0021448135375976562,0.20445807832685117,105,315,198,55,0.6468384502923976,0.23126961791446507,7,34,23,11,0.4785575048732944,-0.012745318548364543,
blood-transfusion-service-center,LogisticRegression,PCA,7,0.09375,0.0,0.09198284149169922,0.0021448135375976562,0.2143885394990306,102,319,194,58,0.6332846003898636,0.22241232666551863,10,34,23,8,0.5921052631578947,0.13081854149049868,
blood-transfusion-service-center,LogisticRegression,PCA,8,0.09375,0.0,0.09184741973876953,0.0021448135375976562,0.2361011525002885,84,355,158,76,0.6245431286549709,0.1925075179192489,8,42,15,10,0.6798245614035088,0.16790888357067812,
blood-transfusion-service-center,LogisticRegression,PCA,9,0.09375,0.0,0.09280776977539062,0.0021448135375976562,0.2105093328030882,97,320,193,64,0.6287215623600064,0.19486174785354912,15,27,30,2,0.6160990712074303,0.30679759491114883,
blood-transfusion-service-center,LogisticRegression,PCA,10,0.09375,0.0625,0.09161567687988281,0.0021448135375976562,0.2098540360164161,103,319,194,58,0.6403508771929824,0.22466413623800868,9,31,26,8,0.5386996904024768,0.061734812649920943,
blood-transfusion-service-center,LogisticRegression,Select Percentile (Mutual Info),1,0.1875,0.0,0.26418018341064453,0.0019664764404296875,0.3134999061593987,98,383,130,62,0.74317738791423,0.32297802633719325,11,38,19,7,0.6637426900584795,0.24216105241892633,
blood-transfusion-service-center,LogisticRegression,Select Percentile (Mutual Info),2,0.03125,0.0,0.26500797271728516,0.0019664764404296875,0.2787154686693904,120,310,203,40,0.691636208576998,0.30188424269890063,16,32,25,2,0.6939571150097467,0.38631085204028076,
blood-transfusion-service-center,LogisticRegression,Select Percentile (Mutual Info),3,0.03125,0.015625,0.2645444869995117,0.0019664764404296875,0.30849244863530145,100,375,138,60,0.7337231968810916,0.3169774962800161,9,46,11,9,0.7451267056530215,0.29651080973057514,
blood-transfusion-service-center,LogisticRegression,Select Percentile (Mutual Info),4,0.046875,0.0,0.26496410369873047,0.0019664764404296875,0.24434006681537385,127,297,216,33,0.7316215886939571,0.3173737257337127,14,28,29,4,0.7753411306042886,0.23228768443344835,
blood-transfusion-service-center,LogisticRegression,Select Percentile (Mutual Info),5,0.03125,0.015625,0.26542186737060547,0.0019664764404296875,0.29254309681763874,112,344,169,48,0.7328764619883041,0.31988010667432176,11,36,21,7,0.7290448343079923,0.20956388921713276,
blood-transfusion-service-center,LogisticRegression,Select Percentile (Mutual Info),6,0.03125,0.0,0.2650270462036133,0.0019664764404296875,0.28699883191246345,107,366,147,53,0.7438901072124756,0.33564935662382334,9,44,13,9,0.6739766081871345,0.25508284238142237,
blood-transfusion-service-center,LogisticRegression,Select Percentile (Mutual Info),7,0.03125,0.0,0.2647676467895508,0.0019664764404296875,0.31005186380582606,99,380,133,61,0.7401315789473685,0.3219905275413927,10,41,16,8,0.6915204678362572,0.2466554488815737,
blood-transfusion-service-center,LogisticRegression,Select Percentile (Mutual Info),8,0.03125,0.0,0.2659921646118164,0.0019664764404296875,0.2464135430788512,127,297,216,33,0.7313291910331384,0.3173737257337127,14,33,24,4,0.7651072124756335,0.30472967232053916,
blood-transfusion-service-center,LogisticRegression,Select Percentile (Mutual Info),9,0.03125,0.0,0.26467323303222656,0.0019664764404296875,0.3105167612618101,96,385,128,65,0.7324470596781809,0.3138854083277246,14,34,23,3,0.7678018575851393,0.35337091141177956,
blood-transfusion-service-center,LogisticRegression,Select Percentile (Mutual Info),10,0.046875,0.0,0.2653789520263672,0.0019664764404296875,0.25070574553528635,130,293,220,31,0.7372900851161721,0.3231095045747769,11,36,21,6,0.7033023735810113,0.2365931907379891,
blood-transfusion-service-center,LogisticRegression,Random Undersampling,1,0.03125,0.0,0.11315727233886719,0.004425048828125,0.6027575650439858,87,418,95,73,0.7559515107212477,0.3436449014264442,11,46,11,7,0.7587719298245614,0.39222415548971395,
blood-transfusion-service-center,LogisticRegression,Random Undersampling,2,0.03125,0.0,0.11180686950683594,0.004425048828125,0.6389008095895422,69,460,53,91,0.7523940058479532,0.36237002492833864,8,48,9,10,0.7933723196881092,0.2923042921755117,
blood-transfusion-service-center,LogisticRegression,Random Undersampling,3,0.03125,0.0,0.11020946502685547,0.004425048828125,0.6265396521007495,75,453,60,85,0.7513584307992203,0.3739773474646364,6,53,4,12,0.7914230019493178,0.33062326126679026,
blood-transfusion-service-center,LogisticRegression,Random Undersampling,4,0.015625,0.0,0.11041069030761719,0.004425048828125,0.5309613733618017,114,351,162,46,0.7479714912280702,0.343354389346625,14,34,23,4,0.7621832358674464,0.31971637751663123,
blood-transfusion-service-center,LogisticRegression,Random Undersampling,5,0.015625,0.0,0.11113548278808594,0.004425048828125,0.5061344786320755,122,339,174,38,0.7470882066276803,0.36305264973786106,9,38,19,9,0.7222222222222223,0.14716159469918533,
blood-transfusion-service-center,LogisticRegression,Random Undersampling,6,0.015625,0.0,0.11079216003417969,0.004425048828125,0.6177910482010741,76,453,60,84,0.7662341617933723,0.3795725174469089,4,50,7,14,0.6666666666666667,0.12001628012904232,
blood-transfusion-service-center,LogisticRegression,Random Undersampling,7,0.015625,0.0,0.11103248596191406,0.004425048828125,0.6361447033194434,68,460,53,92,0.7546539961013645,0.35660614791635403,10,48,9,8,0.75682261208577,0.3904951720012495,
blood-transfusion-service-center,LogisticRegression,Random Undersampling,8,0.03125,0.0,0.11063957214355469,0.004425048828125,0.6111610988655762,86,424,89,74,0.7506274366471736,0.353263813879389,9,47,10,9,0.7860623781676414,0.3187129712657257,
blood-transfusion-service-center,LogisticRegression,Random Undersampling,9,0.015625,0.0,0.10871315002441406,0.0044403076171875,0.5966085242170144,77,448,65,84,0.7544828254210405,0.36759126164762684,9,47,10,8,0.740970072239422,0.3408584668854353,
blood-transfusion-service-center,LogisticRegression,Random Undersampling,10,0.015625,0.0,0.11145782470703125,0.0044403076171875,0.5015737976367132,124,334,179,37,0.7585085903163706,0.36108711172846236,11,38,19,6,0.7110423116615068,0.26879719320606843,
blood-transfusion-service-center,LogisticRegression,SMOTE / SMOTENC,1,0.03125,0.0,0.15968894958496094,0.0093841552734375,0.6603531573298769,70,453,60,90,0.7553545321637426,0.3456452422393529,9,52,5,9,0.7616959064327486,0.45189522427894563,
blood-transfusion-service-center,LogisticRegression,SMOTE / SMOTENC,2,0.015625,0.0,0.15880775451660156,0.0093841552734375,0.6312076992601989,86,424,89,74,0.7494212962962963,0.353263813879389,10,42,15,8,0.7719298245614036,0.26490647141300877,
blood-transfusion-service-center,LogisticRegression,SMOTE / SMOTENC,3,0.03125,0.0,0.15861797332763672,0.0093841552734375,0.5173870753982474,119,336,177,41,0.7488365009746589,0.34195660127700966,14,41,16,4,0.7933723196881093,0.43334083064439444,
blood-transfusion-service-center,LogisticRegression,SMOTE / SMOTENC,4,0.03125,0.0,0.15874576568603516,0.0093841552734375,0.5189170342396138,120,337,176,40,0.7513706140350878,0.3489886174306268,15,34,23,3,0.783625730994152,0.36717427730425617,
blood-transfusion-service-center,LogisticRegression,SMOTE / SMOTENC,5,0.03125,0.0,0.16016578674316406,0.0093841552734375,0.4982176601116569,125,335,178,35,0.7529117933723196,0.37158465316930844,10,36,21,8,0.7456140350877193,0.16230068887120314,
blood-transfusion-service-center,LogisticRegression,SMOTE / SMOTENC,6,0.03125,0.0,0.15976715087890625,0.0093841552734375,0.6470440702972933,77,458,55,83,0.767696150097466,0.4010035797796845,4,49,8,14,0.6510721247563354,0.09537723058655023,
blood-transfusion-service-center,LogisticRegression,SMOTE / SMOTENC,7,0.03125,0.0,0.1611928939819336,0.0093841552734375,0.5025730886005626,125,328,185,35,0.7541423001949319,0.35923682878070856,12,39,18,6,0.7607212475633528,0.305887645160749,
blood-transfusion-service-center,LogisticRegression,SMOTE / SMOTENC,8,0.03125,0.0,0.15815258026123047,0.0093841552734375,0.6534504946202105,68,460,53,92,0.7488365009746588,0.35660614791635403,7,53,4,11,0.7909356725146199,0.38475807453134153,
blood-transfusion-service-center,LogisticRegression,SMOTE / SMOTENC,9,0.015625,0.0,0.15998172760009766,0.00942230224609375,0.6236855994951293,79,450,63,82,0.7579092659184192,0.3846567328110447,9,46,11,8,0.760577915376677,0.3186719470046646,
blood-transfusion-service-center,LogisticRegression,SMOTE / SMOTENC,10,0.015625,0.0,0.15944957733154297,0.00942230224609375,0.4928073794980839,126,329,184,35,0.757685275991912,0.3626924942008582,11,38,19,6,0.7151702786377708,0.26879719320606843,
blood-transfusion-service-center,KNN,Baseline,1,0.0,0.0,0.09659481048583984,0.035689353942871094,0.4,110,430,83,50,0.8293067738791423,0.4948377835638395,9,43,14,9,0.6564327485380117,0.23561407855885477,
blood-transfusion-service-center,KNN,Baseline,2,0.0,0.0,0.09656429290771484,0.035689353942871094,0.367999999999995,112,436,77,48,0.8438779239766082,0.5208957475889151,11,37,20,7,0.5969785575048732,0.22569939546151688,
blood-transfusion-service-center,KNN,Baseline,3,0.0,0.0,0.09665203094482422,0.035689353942871094,0.2799999999999955,113,424,89,47,0.8310489766081872,0.4948399265782589,10,51,6,8,0.7563352826510721,0.4694423843721605,
blood-transfusion-service-center,KNN,Baseline,4,0.0,0.0,0.09656429290771484,0.035689353942871094,0.2799999999999955,112,423,90,48,0.822581627680312,0.4872242191395531,12,45,12,6,0.7563352826510721,0.4176201680321031,
blood-transfusion-service-center,KNN,Baseline,5,0.0,0.0,0.09652042388916016,0.035689353942871094,0.4,116,410,103,44,0.809837962962963,0.4763021064871309,10,44,13,8,0.7592592592592593,0.3033192735470314,
blood-transfusion-service-center,KNN,Baseline,6,0.015625,0.0,0.0966043472290039,0.035689353942871094,0.4,113,432,81,47,0.8474354288499024,0.5153616149938679,5,42,15,13,0.6018518518518519,0.014119562368122625,
blood-transfusion-service-center,KNN,Baseline,7,0.015625,0.0,0.09665203094482422,0.035689353942871094,0.4,112,431,82,48,0.8354775828460039,0.50765563692524,10,44,13,8,0.7144249512670565,0.3033192735470314,
blood-transfusion-service-center,KNN,Baseline,8,0.015625,0.0,0.09660816192626953,0.035689353942871094,0.4,113,411,102,47,0.8221430311890838,0.46326974191036246,9,42,15,9,0.7241715399610137,0.216841241093592,
blood-transfusion-service-center,KNN,Baseline,9,0.0,0.0,0.09671211242675781,0.035735130310058594,0.4,116,425,88,45,0.8415180463235383,0.5095019875782038,11,41,16,6,0.7146542827657378,0.32013683976524904,
blood-transfusion-service-center,KNN,Baseline,10,0.0,0.0,0.09671592712402344,0.035735130310058594,0.4,123,412,101,38,0.8602423934231715,0.5133297749739513,7,38,19,10,0.5118679050567596,0.06911055984545224,
blood-transfusion-service-center,KNN,Standard Scaler,1,0.015625,0.0,0.12206745147705078,0.035849571228027344,0.4,120,396,117,40,0.8423245614035089,0.4651717913389231,12,41,16,6,0.6730019493177388,0.3407952719349555,
blood-transfusion-service-center,KNN,Standard Scaler,2,0.0,0.0,0.12188243865966797,0.035849571228027344,0.6,75,485,28,85,0.8406980994152047,0.48971153232741443,7,49,8,11,0.7012670565302144,0.2653659799481466,
blood-transfusion-service-center,KNN,Standard Scaler,3,0.0,0.0,0.12183856964111328,0.035849571228027344,0.2799999999999955,112,423,90,48,0.8349658869395712,0.4872242191395531,9,55,2,9,0.7080896686159843,0.5612526041328744,
blood-transfusion-service-center,KNN,Standard Scaler,4,0.015625,0.015625,0.12183856964111328,0.035849571228027344,0.4,116,412,101,44,0.8268396686159845,0.4809922762551824,11,42,15,7,0.6481481481481483,0.3122553023075242,
blood-transfusion-service-center,KNN,Standard Scaler,5,0.015625,0.0,0.12188243865966797,0.035849571228027344,0.24800000000000183,115,406,107,45,0.826212231968811,0.46192491545780634,9,44,13,9,0.6837231968810917,0.25508284238142237,
blood-transfusion-service-center,KNN,Standard Scaler,6,0.015625,0.0,0.12183475494384766,0.035849571228027344,0.4,111,419,94,49,0.8376583820662769,0.47220065588289567,6,44,13,12,0.6125730994152048,0.10336636905915428,
blood-transfusion-service-center,KNN,Standard Scaler,7,0.0,0.0,0.12183475494384766,0.035849571228027344,0.4,125,374,139,35,0.8338084795321636,0.4449141604852836,13,42,15,5,0.6851851851851851,0.40533983101354554,
blood-transfusion-service-center,KNN,Standard Scaler,8,0.0,0.0,0.12183856964111328,0.035849571228027344,0.3840000000000032,124,374,139,36,0.8263523391812866,0.43976234471293224,11,43,14,7,0.7558479532163744,0.33113308926626095,
blood-transfusion-service-center,KNN,Standard Scaler,9,0.015625,0.0,0.1220083236694336,0.035895347595214844,0.4,120,401,112,41,0.8308452290145655,0.47297911595315434,11,37,20,6,0.6640866873065016,0.25252532196750266,
blood-transfusion-service-center,KNN,Standard Scaler,10,0.015625,0.0,0.12196063995361328,0.035895347595214844,0.4,111,431,82,50,0.8521000569055489,0.4995349675468466,8,44,13,9,0.6310629514963879,0.22628636785050765,
blood-transfusion-service-center,KNN,MinMax Scaler,1,0.0,0.0,0.1024169921875,0.03597831726074219,0.6,74,485,28,86,0.8404361598440547,0.48425551805937694,6,51,6,12,0.6924951267056529,0.2656937137768185,
blood-transfusion-service-center,KNN,MinMax Scaler,2,0.0,0.0,0.10244178771972656,0.03597831726074219,0.6,72,480,33,88,0.8435063352826511,0.4524478678835436,7,51,6,11,0.7324561403508772,0.32000133319995666,
blood-transfusion-service-center,KNN,MinMax Scaler,3,0.015625,0.015625,0.10244178771972656,0.03597831726074219,0.4,112,424,89,48,0.8298550194931773,0.489730175891922,9,51,6,9,0.6837231968810915,0.4214636152117623,
blood-transfusion-service-center,KNN,MinMax Scaler,4,0.015625,0.0,0.10235404968261719,0.03597831726074219,0.4,113,406,107,47,0.8234770955165692,0.45165031139048917,11,41,16,7,0.658869395711501,0.29398387974647616,
blood-transfusion-service-center,KNN,MinMax Scaler,5,0.0,0.0,0.10235404968261719,0.03597831726074219,0.6,77,473,40,83,0.8273940058479532,0.45299364951080634,5,53,4,13,0.6549707602339181,0.27284292741384053,
blood-transfusion-service-center,KNN,MinMax Scaler,6,0.0,0.0,0.10222244262695312,0.03597831726074219,0.33599999999999003,113,417,96,47,0.8419103313840156,0.47758484224583864,3,46,11,15,0.5838206627680312,-0.02884437601780504,
blood-transfusion-service-center,KNN,MinMax Scaler,7,0.015625,0.015625,0.10230636596679688,0.03597831726074219,0.6,76,480,33,84,0.8383223684210526,0.4745276360446721,7,51,6,11,0.6442495126705653,0.32000133319995666,
blood-transfusion-service-center,KNN,MinMax Scaler,8,0.015625,0.0,0.1022186279296875,0.03597831726074219,0.4,121,377,136,39,0.8300499512670565,0.43034148847903875,11,42,15,7,0.7212475633528266,0.3122553023075242,
blood-transfusion-service-center,KNN,MinMax Scaler,9,0.0,0.0,0.10231399536132812,0.03602409362792969,0.382000000000005,115,405,108,46,0.8186408049108278,0.4565139781127781,11,36,21,6,0.6965944272445821,0.2365931907379891,
blood-transfusion-service-center,KNN,MinMax Scaler,10,0.0,0.0,0.10222625732421875,0.03602409362792969,0.4,111,421,92,50,0.8446054750402576,0.474101876592867,9,46,11,8,0.6403508771929824,0.3186719470046646,
blood-transfusion-service-center,KNN,IQR Capping,1,0.03125,0.015625,0.13601398468017578,0.035888671875,0.4,113,428,85,47,0.8349476120857701,0.5049885914254768,9,42,15,9,0.6515594541910331,0.216841241093592,
blood-transfusion-service-center,KNN,IQR Capping,2,0.03125,0.0,0.13565731048583984,0.035888671875,0.4,113,435,78,47,0.8461135477582846,0.5232961180819089,11,37,20,7,0.621832358674464,0.22569939546151688,
blood-transfusion-service-center,KNN,IQR Capping,3,0.03125,0.0,0.13569927215576172,0.035888671875,0.4,116,421,92,44,0.8367446393762183,0.5026721817624623,10,49,8,8,0.7407407407407407,0.4152046783625731,
blood-transfusion-service-center,KNN,IQR Capping,4,0.03125,0.0,0.13565826416015625,0.035888671875,0.2799999999999955,112,423,90,48,0.824671052631579,0.4872242191395531,14,47,10,4,0.8294346978557505,0.5514727859911105,
blood-transfusion-service-center,KNN,IQR Capping,5,0.03125,0.0,0.13556766510009766,0.035888671875,0.24800000000000183,118,409,104,42,0.8177692495126707,0.48419659078459587,9,44,13,9,0.7212475633528266,0.25508284238142237,
blood-transfusion-service-center,KNN,IQR Capping,6,0.03125,0.0,0.13565731048583984,0.035888671875,0.4,116,426,87,44,0.8504081384015595,0.5151514395842778,5,42,15,13,0.6028265107212476,0.014119562368122625,
blood-transfusion-service-center,KNN,IQR Capping,7,0.03125,0.0,0.13552093505859375,0.035888671875,0.2799999999999955,115,426,87,45,0.8393944931773879,0.5100713414556707,10,45,12,8,0.7251461988304093,0.32365349893556816,
blood-transfusion-service-center,KNN,IQR Capping,8,0.015625,0.015625,0.1356525421142578,0.035888671875,0.4,116,408,105,44,0.8277899610136452,0.4716558288315975,11,42,15,7,0.7660818713450293,0.3122553023075242,
blood-transfusion-service-center,KNN,IQR Capping,9,0.015625,0.015625,0.1357288360595703,0.0359344482421875,0.2739999999999896,118,422,91,43,0.8444843994043079,0.5121304113132196,11,40,17,6,0.7332301341589267,0.3025498070092536,
blood-transfusion-service-center,KNN,IQR Capping,10,0.015625,0.015625,0.13582324981689453,0.0359344482421875,0.23600000000000138,126,410,103,35,0.8660721852941532,0.523804487009473,7,37,20,10,0.5123839009287925,0.05320584097506956,
blood-transfusion-service-center,KNN,IQR Removal,1,0.03125,0.0,0.15134429931640625,0.033623695373535156,0.4,105,427,86,55,0.817166179337232,0.4613596873018742,8,43,14,10,0.6481481481481481,0.18651218582727658,
blood-transfusion-service-center,KNN,IQR Removal,2,0.03125,0.015625,0.15274429321289062,0.033761024475097656,0.4,112,424,89,48,0.8283442982456141,0.489730175891922,9,37,20,9,0.5794346978557505,0.1307795490894243,
blood-transfusion-service-center,KNN,IQR Removal,3,0.03125,0.0,0.15303325653076172,0.033852577209472656,0.22400000000000092,108,426,87,52,0.8022721734892788,0.4742755078175428,9,51,6,9,0.7119883040935673,0.4214636152117623,
blood-transfusion-service-center,KNN,IQR Removal,4,0.03125,0.0,0.1526956558227539,0.033761024475097656,0.4,113,398,115,47,0.8134563840155946,0.4335996988578544,13,41,16,5,0.7363547758284601,0.38721003750006017,
blood-transfusion-service-center,KNN,IQR Removal,5,0.03125,0.015625,0.15240955352783203,0.033715248107910156,0.4,114,401,112,46,0.8197733918128655,0.4454435817283919,10,44,13,8,0.7607212475633529,0.3033192735470314,
blood-transfusion-service-center,KNN,IQR Removal,6,0.03125,0.0,0.15304183959960938,0.033761024475097656,0.4,111,420,93,49,0.8267970272904483,0.4746571913323448,4,44,13,14,0.5692007797270956,-0.005965393717867585,
blood-transfusion-service-center,KNN,IQR Removal,7,0.03125,0.0,0.15250301361083984,0.033715248107910156,0.4,109,424,89,51,0.8036854288499025,0.47434942245350575,9,44,13,9,0.6749512670565303,0.25508284238142237,
blood-transfusion-service-center,KNN,IQR Removal,8,0.03125,0.0,0.152069091796875,0.033577919006347656,0.4,103,424,89,57,0.8043555068226121,0.44333725398982327,10,46,11,8,0.7446393762183235,0.34487580897721165,
blood-transfusion-service-center,KNN,IQR Removal,9,0.03125,0.015625,0.15279293060302734,0.033806800842285156,0.4,109,419,94,52,0.8093361422880874,0.4589327771257956,10,38,19,7,0.6707946336429309,0.2196492925885616,
blood-transfusion-service-center,KNN,IQR Removal,10,0.03125,0.015625,0.15255165100097656,0.033715248107910156,0.3120000000000005,104,428,85,57,0.8323707820275326,0.4558856942822098,7,41,16,10,0.5257997936016512,0.11912223313889678,
blood-transfusion-service-center,KNN,Yeo-Johnson,1,0.03125,0.0,0.1186208724975586,0.03568840026855469,0.6,78,467,46,82,0.8183479532163742,0.4368382913382519,9,48,9,9,0.7855750487329435,0.34210526315789475,
blood-transfusion-service-center,KNN,Yeo-Johnson,2,0.03125,0.0,0.11844539642333984,0.03568840026855469,0.4,110,420,93,50,0.8415570175438597,0.46952141604647585,12,40,17,6,0.7076023391812866,0.3231024153974012,
blood-transfusion-service-center,KNN,Yeo-Johnson,3,0.03125,0.0,0.11835765838623047,0.03568840026855469,0.6,74,480,33,86,0.8359770955165692,0.46354280808033776,5,54,3,13,0.7641325536062378,0.31149846053207353,
blood-transfusion-service-center,KNN,Yeo-Johnson,4,0.046875,0.0,0.11839771270751953,0.03568840026855469,0.6,73,481,32,87,0.8427083333333334,0.4620668157950177,9,52,5,9,0.7446393762183234,0.45189522427894563,
blood-transfusion-service-center,KNN,Yeo-Johnson,5,0.046875,0.0,0.11844539642333984,0.03568840026855469,0.4,113,426,87,47,0.8346613060428849,0.4998869640134151,8,45,12,10,0.6661793372319688,0.225912997889962,
blood-transfusion-service-center,KNN,Yeo-Johnson,6,0.046875,0.0,0.11844539642333984,0.03568840026855469,0.6,74,480,33,86,0.8357090643274854,0.46354280808033776,3,53,4,15,0.5735867446393762,0.14166352295945625,
blood-transfusion-service-center,KNN,Yeo-Johnson,7,0.046875,0.0,0.11844539642333984,0.03568840026855469,0.5839999999999917,69,487,26,91,0.8400158382066277,0.46529128892353816,8,50,7,10,0.6500974658869396,0.3434147975799544,
blood-transfusion-service-center,KNN,Yeo-Johnson,8,0.03125,0.0,0.11840152740478516,0.03568840026855469,0.4,110,415,98,50,0.8290143762183235,0.4573522239622296,11,45,12,7,0.6929824561403509,0.3710244685352081,
blood-transfusion-service-center,KNN,Yeo-Johnson,9,0.03125,0.0,0.11852359771728516,0.03573417663574219,0.2739999999999896,116,420,93,45,0.845701209545603,0.49708449464582166,12,44,13,5,0.7528379772961816,0.4249629402172829,
blood-transfusion-service-center,KNN,Yeo-Johnson,10,0.03125,0.0,0.11852359771728516,0.03573417663574219,0.46399999999998726,76,481,32,85,0.8382792730618818,0.47619770977492376,3,53,4,14,0.6805985552115583,0.15278788348791897,
blood-transfusion-service-center,KNN,Quantile Transform,1,0.015625,0.015625,0.18118858337402344,0.061481475830078125,0.6,76,477,36,84,0.83947977582846,0.4626952977967168,3,49,8,15,0.5906432748538012,0.031769015328275904,
blood-transfusion-service-center,KNN,Quantile Transform,2,0.015625,0.0,0.1811847686767578,0.061481475830078125,0.4,105,422,91,55,0.8261025828460039,0.4486853622835564,12,42,15,6,0.7095516569200779,0.35902456110631603,
blood-transfusion-service-center,KNN,Quantile Transform,3,0.015625,0.0,0.18123245239257812,0.061481475830078125,0.4,110,417,96,50,0.8234466374269006,0.46218301199448075,8,51,6,10,0.6700779727095516,0.3717719575628205,
blood-transfusion-service-center,KNN,Quantile Transform,4,0.015625,0.0,0.1811847686767578,0.061481475830078125,0.4,112,399,114,48,0.8066581384015594,0.43066208522904725,13,40,17,5,0.6627680311890838,0.36961423790257175,
blood-transfusion-service-center,KNN,Quantile Transform,5,0.015625,0.015625,0.18123245239257812,0.061481475830078125,0.6,79,466,47,81,0.8176535087719299,0.438842260606718,5,55,2,13,0.6676413255360624,0.35630522441317786,
blood-transfusion-service-center,KNN,Quantile Transform,6,0.03125,0.015625,0.18114662170410156,0.061481475830078125,0.4,113,414,99,47,0.8322368421052632,0.47037483991645535,9,45,12,9,0.652534113060429,0.27534439587696735,
blood-transfusion-service-center,KNN,Quantile Transform,7,0.015625,0.0,0.18119049072265625,0.061481475830078125,0.6,68,481,32,92,0.8292032163742691,0.43400557773664594,7,50,7,11,0.6861598440545809,0.2916486908466954,
blood-transfusion-service-center,KNN,Quantile Transform,8,0.015625,0.0,0.18123245239257812,0.061481475830078125,0.4,121,368,145,39,0.8176108674463938,0.41237408177868395,10,42,15,8,0.7358674463937622,0.26490647141300877,
blood-transfusion-service-center,KNN,Quantile Transform,9,0.015625,0.0,0.18139076232910156,0.061565399169921875,0.4,114,394,119,47,0.8078408581841077,0.42685243917402704,11,38,19,6,0.7084623323013417,0.26879719320606843,
blood-transfusion-service-center,KNN,Quantile Transform,10,0.015625,0.0,0.18143844604492188,0.061565399169921875,0.4,114,422,91,47,0.8436610850798494,0.491865550934102,7,44,13,10,0.5882352941176472,0.1739987931497862,
blood-transfusion-service-center,KNN,Uniform Binning,1,0.015625,0.0,0.10224342346191406,0.03611564636230469,0.3039999999999964,129,245,268,31,0.6607151559454191,0.24565835048855483,15,26,31,3,0.6515594541910332,0.2538661835265295,
blood-transfusion-service-center,KNN,Uniform Binning,2,0.0,0.0,0.10228729248046875,0.03611564636230469,0.4,140,191,322,20,0.6608369883040935,0.226942141454063,13,19,38,5,0.5808966861598441,0.05086399482442282,
blood-transfusion-service-center,KNN,Uniform Binning,3,0.0,0.0,0.10228729248046875,0.03611564636230469,0.2639999999999987,142,191,322,18,0.6436403508771931,0.23903340481435273,16,23,34,2,0.6398635477582846,0.26490647141300877,
blood-transfusion-service-center,KNN,Uniform Binning,4,0.015625,0.015625,0.10224342346191406,0.03611564636230469,0.4,144,188,325,16,0.6510964912280701,0.24681316332218448,16,21,36,2,0.6778752436647173,0.23832228635838185,
blood-transfusion-service-center,KNN,Uniform Binning,5,0.015625,0.0,0.10228729248046875,0.03611564636230469,0.4,135,209,304,25,0.6245065789473684,0.22450420324555762,11,27,30,7,0.5194931773879143,0.0727468487608321,
blood-transfusion-service-center,KNN,Uniform Binning,6,0.015625,0.0,0.10228729248046875,0.03611564636230469,0.4,143,190,323,17,0.6580713937621833,0.24363654962997336,16,22,35,2,0.6427875243664717,0.25164292176293396,
blood-transfusion-service-center,KNN,Uniform Binning,7,0.0,0.0,0.10228729248046875,0.03611564636230469,0.11200000000000046,149,144,369,11,0.6582906920077972,0.21430137650807293,16,14,43,2,0.6354775828460039,0.1402230498773986,
blood-transfusion-service-center,KNN,Uniform Binning,8,0.0,0.0,0.10228729248046875,0.03611564636230469,0.4,142,189,324,18,0.6632431773879142,0.2360731289048028,16,25,32,2,0.6939571150097466,0.29138225249208255,
blood-transfusion-service-center,KNN,Uniform Binning,9,0.0,0.0,0.10233497619628906,0.03616142272949219,0.4,129,252,261,32,0.6740159577688182,0.25255846354079214,14,21,36,3,0.6749226006191951,0.17248861406314372,
blood-transfusion-service-center,KNN,Uniform Binning,10,0.015625,0.0,0.10233497619628906,0.03616142272949219,0.4,75,394,119,86,0.634254718922911,0.22025414615696154,8,42,15,9,0.5939112487100102,0.18853203827494688,
blood-transfusion-service-center,KNN,Quantile Binning,1,0.015625,0.0,0.10245895385742188,0.03612518310546875,0.4,106,381,132,54,0.7661854288499026,0.3607815732813407,11,36,21,7,0.6447368421052632,0.20956388921713276,
blood-transfusion-service-center,KNN,Quantile Binning,2,0.0,0.0,0.10250473022460938,0.03612518310546875,0.4,125,325,188,35,0.7694566276803119,0.35400650748887585,12,31,26,6,0.6793372319688109,0.17984046235310505,
blood-transfusion-service-center,KNN,Quantile Binning,3,0.0,0.0,0.10250282287597656,0.03612518310546875,0.6,75,449,64,85,0.7702850877192984,0.3617354649345495,5,53,4,13,0.746588693957115,0.27284292741384053,
blood-transfusion-service-center,KNN,Quantile Binning,4,0.015625,0.0,0.10241127014160156,0.03612518310546875,0.4,105,380,133,55,0.7477521929824562,0.3534808937811199,14,39,18,4,0.7592592592592593,0.3989288493530961,
blood-transfusion-service-center,KNN,Quantile Binning,5,0.015625,0.015625,0.10245895385742188,0.03612518310546875,0.6,71,448,65,89,0.7365070662768032,0.33611050842251633,8,52,5,10,0.6983430799220272,0.4024759036123166,
blood-transfusion-service-center,KNN,Quantile Binning,6,0.015625,0.0,0.10246086120605469,0.03612518310546875,0.6,60,477,36,100,0.7839303118908383,0.3710608271730842,4,53,4,14,0.6067251461988304,0.21036259672295876,
blood-transfusion-service-center,KNN,Quantile Binning,7,0.015625,0.0,0.10246086120605469,0.03612518310546875,0.6,55,479,34,105,0.7140533625730994,0.3486890304004906,10,50,7,8,0.6364522417153997,0.4414391351222013,
blood-transfusion-service-center,KNN,Quantile Binning,8,0.015625,0.0,0.10241889953613281,0.03612518310546875,0.6,65,456,57,95,0.7360380116959064,0.3261289836864808,6,52,5,12,0.7207602339181287,0.29651080973057514,
blood-transfusion-service-center,KNN,Quantile Binning,9,0.0,0.0,0.102508544921875,0.03617095947265625,0.4,104,383,130,57,0.75207342026564,0.35158789485244796,11,39,18,6,0.7110423116615068,0.2854551535260254,
blood-transfusion-service-center,KNN,Quantile Binning,10,0.015625,0.015625,0.10259056091308594,0.03617095947265625,0.4,98,416,97,63,0.7791338249004154,0.39457928670539816,4,45,12,13,0.5268317853457172,0.025309022102110796,
blood-transfusion-service-center,KNN,PCA,1,0.0,0.0,0.08571243286132812,0.019369125366210938,0.2799999999999955,106,417,96,54,0.8094663742690059,0.44152997450731796,8,44,13,10,0.6447368421052633,0.20581298277672308,
blood-transfusion-service-center,KNN,PCA,2,0.0,0.0,0.08557605743408203,0.019369125366210938,0.6,60,487,26,100,0.8217897173489279,0.4135434066389057,5,49,8,13,0.6271929824561404,0.15505219237523674,
blood-transfusion-service-center,KNN,PCA,3,0.015625,0.0,0.08562850952148438,0.019369125366210938,0.4,103,419,94,57,0.8118055555555557,0.43084895813730045,10,46,11,8,0.7607212475633529,0.34487580897721165,
blood-transfusion-service-center,KNN,PCA,4,0.09375,0.0,0.0858001708984375,0.019369125366210938,0.4,100,420,93,60,0.8129142300194931,0.4176591443196995,12,43,14,6,0.7300194931773879,0.3778551557334746,
blood-transfusion-service-center,KNN,PCA,5,0.09375,0.0,0.08579635620117188,0.019369125366210938,0.4,101,422,91,59,0.8002497563352826,0.4278774766932534,11,45,12,7,0.8123781676413255,0.3710244685352081,
blood-transfusion-service-center,KNN,PCA,6,0.09375,0.0625,0.08562469482421875,0.019369125366210938,0.4,109,426,87,51,0.8420138888888888,0.47941582902487,4,41,16,14,0.47758284600389866,-0.0564782494724905,
blood-transfusion-service-center,KNN,PCA,7,0.0,0.0,0.08575630187988281,0.019369125366210938,0.4,106,416,97,54,0.8124756335282651,0.43910140035460793,9,43,14,9,0.6603313840155945,0.23561407855885477,
blood-transfusion-service-center,KNN,PCA,8,0.09375,0.0,0.08584403991699219,0.019369125366210938,0.4,108,394,119,52,0.7963633040935673,0.39890788168746627,9,42,15,9,0.7558479532163742,0.216841241093592,
blood-transfusion-service-center,KNN,PCA,9,0.0,0.0,0.08586883544921875,0.019392013549804688,0.4,108,418,95,53,0.821492136137445,0.45134822739225994,9,39,18,8,0.6460268317853457,0.18667134037015928,
blood-transfusion-service-center,KNN,PCA,10,0.0,0.0,0.08591270446777344,0.019392013549804688,0.36599999999999683,107,424,89,54,0.8167701863354038,0.4611112904230028,5,41,16,12,0.5257997936016512,0.012517969285347232,
blood-transfusion-service-center,KNN,Select Percentile (Mutual Info),1,0.1875,0.0,0.2632875442504883,0.024791717529296875,0.6,65,461,52,95,0.7642909356725146,0.3424720122959406,5,52,5,13,0.6340155945419104,0.23878346647045964,
blood-transfusion-service-center,KNN,Select Percentile (Mutual Info),2,0.1875,0.0,0.26429080963134766,0.024791717529296875,0.4,110,410,103,50,0.8177692495126706,0.44548121164179655,6,44,13,12,0.5633528265107213,0.10336636905915428,
blood-transfusion-service-center,KNN,Select Percentile (Mutual Info),3,0.03125,0.0,0.26273059844970703,0.024791717529296875,0.4,104,380,133,56,0.7562378167641326,0.3482490590994851,9,50,7,9,0.7051656920077973,0.3932342050909656,
blood-transfusion-service-center,KNN,Select Percentile (Mutual Info),4,0.03125,0.0,0.2630624771118164,0.024791717529296875,0.4,98,403,110,62,0.7638706140350877,0.36671230836176416,12,41,16,6,0.7348927875243665,0.3407952719349555,
blood-transfusion-service-center,KNN,Select Percentile (Mutual Info),5,0.03125,0.0,0.26273059844970703,0.024791717529296875,0.8,53,489,24,107,0.7682931286549708,0.38043557259197053,3,55,2,15,0.594541910331384,0.2252817784447915,
blood-transfusion-service-center,KNN,Select Percentile (Mutual Info),6,0.03125,0.0,0.26343250274658203,0.024791717529296875,0.24800000000000183,102,393,120,58,0.7659173976608187,0.3654143223750518,9,41,16,9,0.6491228070175439,0.19867985355975656,
blood-transfusion-service-center,KNN,Select Percentile (Mutual Info),7,0.03125,0.0,0.26413822174072266,0.024791717529296875,0.3920000000000073,103,400,113,57,0.7700657894736842,0.3861567440687166,10,39,18,8,0.5940545808966862,0.21170615377777538,
blood-transfusion-service-center,KNN,Select Percentile (Mutual Info),8,0.03125,0.0,0.2636117935180664,0.024791717529296875,0.6,69,456,57,91,0.7490375243664718,0.3493640161772572,4,49,8,14,0.6627680311890838,0.09537723058655023,
blood-transfusion-service-center,KNN,Select Percentile (Mutual Info),9,0.03125,0.0,0.2637367248535156,0.024822235107421875,0.4,103,395,118,58,0.7612812223796206,0.3721571177007341,13,38,19,4,0.6986584107327141,0.36628131010547943,
blood-transfusion-service-center,KNN,Select Percentile (Mutual Info),10,0.03125,0.0,0.2636528015136719,0.024822235107421875,0.4,109,383,130,52,0.7782075962853995,0.3775648059318419,3,42,15,14,0.38596491228070184,-0.08499377746907319,
blood-transfusion-service-center,KNN,Random Undersampling,1,0.015625,0.0,0.08862113952636719,0.020821571350097656,0.40799999999999276,119,343,170,41,0.7518153021442495,0.3546393921877677,11,33,24,7,0.6096491228070176,0.16270350665457162,
blood-transfusion-service-center,KNN,Random Undersampling,2,0.0,0.0,0.0885782241821289,0.020821571350097656,0.6,116,335,178,44,0.7425925925925926,0.3244455625643158,13,29,28,5,0.6627680311890838,0.19817245007261156,
blood-transfusion-service-center,KNN,Random Undersampling,3,0.015625,0.0,0.08866119384765625,0.020821571350097656,0.6,102,369,144,58,0.7280336257309943,0.31539869575607793,8,44,13,10,0.6539961013645225,0.20581298277672308,
blood-transfusion-service-center,KNN,Random Undersampling,4,0.015625,0.015625,0.08848953247070312,0.020821571350097656,0.6,109,356,157,51,0.7353374756335282,0.326701942133052,13,40,17,5,0.760233918128655,0.36961423790257175,
blood-transfusion-service-center,KNN,Random Undersampling,5,0.015625,0.0,0.08870887756347656,0.020821571350097656,0.8,62,468,45,98,0.7375548245614035,0.34899744004726735,8,53,4,10,0.8196881091617934,0.4360101969670868,
blood-transfusion-service-center,KNN,Random Undersampling,6,0.0,0.0,0.08853340148925781,0.020821571350097656,0.8,73,456,57,87,0.7612207602339182,0.37216967188896344,1,44,13,17,0.47807017543859653,-0.18909090945005527,
blood-transfusion-service-center,KNN,Random Undersampling,7,0.0,0.0,0.08875274658203125,0.020821571350097656,0.6,106,379,134,54,0.7300194931773879,0.3566391222758716,13,36,21,5,0.7188109161793371,0.3035299551745063,
blood-transfusion-service-center,KNN,Random Undersampling,8,0.015625,0.0,0.0885305404663086,0.020821571350097656,0.8,65,456,57,95,0.7321271929824562,0.3261289836864808,7,52,5,11,0.6963937621832359,0.3508519553719527,
blood-transfusion-service-center,KNN,Random Undersampling,9,0.015625,0.015625,0.08891105651855469,0.020928382873535156,0.8,70,460,53,91,0.7424600147712277,0.36591977502448025,9,45,12,8,0.7084623323013415,0.29754250070556115,
blood-transfusion-service-center,KNN,Random Undersampling,10,0.015625,0.0,0.08899879455566406,0.020928382873535156,0.8,78,444,69,83,0.7783165643577543,0.36135775394307595,2,42,15,15,0.5020639834881321,-0.14551083591331268,
blood-transfusion-service-center,KNN,SMOTE / SMOTENC,1,0.015625,0.015625,0.1552724838256836,0.06212425231933594,0.8,86,473,40,74,0.8397051656920078,0.5014770317073406,8,50,7,10,0.7256335282651072,0.3434147975799544,
blood-transfusion-service-center,KNN,SMOTE / SMOTENC,2,0.015625,0.0,0.15457439422607422,0.06212425231933594,0.8,94,476,37,66,0.8695419103313841,0.5541239685719365,5,40,17,13,0.5458089668615984,-0.019199783835160824,
blood-transfusion-service-center,KNN,SMOTE / SMOTENC,3,0.015625,0.0,0.15523242950439453,0.06212425231933594,0.8,92,478,35,68,0.8523879142300195,0.5513593119685677,6,51,6,12,0.7178362573099416,0.2656937137768185,
blood-transfusion-service-center,KNN,SMOTE / SMOTENC,4,0.015625,0.015625,0.15470218658447266,0.06212425231933594,0.8,85,478,35,75,0.8522356237816764,0.5149545197648112,9,50,7,9,0.7241715399610137,0.3932342050909656,
blood-transfusion-service-center,KNN,SMOTE / SMOTENC,5,0.015625,0.0,0.15514087677001953,0.06212425231933594,0.8,82,482,31,78,0.8291666666666666,0.5148636499063504,5,53,4,13,0.7616959064327485,0.27284292741384053,
blood-transfusion-service-center,KNN,SMOTE / SMOTENC,6,0.015625,0.0,0.15527629852294922,0.06212425231933594,0.8,94,475,38,66,0.8736537524366472,0.5504411211060051,5,47,10,13,0.6023391812865497,0.10926834468453096,
blood-transfusion-service-center,KNN,SMOTE / SMOTENC,7,0.0,0.0,0.1553640365600586,0.06212425231933594,0.8,88,476,37,72,0.8322307504873294,0.5231038550567694,9,52,5,9,0.7285575048732943,0.45189522427894563,
blood-transfusion-service-center,KNN,SMOTE / SMOTENC,8,0.0,0.0,0.15510082244873047,0.06212425231933594,0.8,87,477,36,73,0.8401985867446393,0.5216427060085674,7,51,6,11,0.7582846003898636,0.32000133319995666,
blood-transfusion-service-center,KNN,SMOTE / SMOTENC,9,0.015625,0.015625,0.15529155731201172,0.06216239929199219,0.7179999999999837,87,485,28,74,0.8375528192461832,0.5506389813216387,6,48,9,11,0.7280701754385965,0.20409308026531547,
blood-transfusion-service-center,KNN,SMOTE / SMOTENC,10,0.015625,0.0,0.15516376495361328,0.06216239929199219,0.8,94,482,31,67,0.8608053951303378,0.5742255101423611,2,47,10,15,0.5082559339525283,-0.06595377687945922,
blood-transfusion-service-center,SVM,Baseline,1,0.015625,0.0,0.09724712371826172,0.018453598022460938,-0.9996506700229183,65,436,77,95,0.6400523879142301,0.26725503618508534,7,48,9,11,0.7090643274853802,0.24081784652857585,
blood-transfusion-service-center,SVM,Baseline,2,0.015625,0.0,0.09758853912353516,0.018602371215820312,-0.9996946210250653,66,424,89,94,0.6487146686159844,0.2416603094979235,9,43,14,9,0.7085769980506823,0.23561407855885477,
blood-transfusion-service-center,SVM,Baseline,3,0.015625,0.0,0.09763622283935547,0.018602371215820312,-0.9994647548484501,52,450,63,108,0.6297331871345029,0.2286750236262194,3,51,6,15,0.53411306042885,0.08070002078437537,
blood-transfusion-service-center,SVM,Baseline,4,0.03125,0.0,0.09724903106689453,0.018304824829101562,-0.9993657190967079,56,434,79,104,0.6212658382066276,0.20836528367137908,7,49,8,11,0.6715399610136452,0.2653659799481466,
blood-transfusion-service-center,SVM,Baseline,5,0.015625,0.0,0.09767818450927734,0.018651962280273438,-1.0000752649662958,94,318,195,66,0.6146686159844054,0.17835175152362637,11,34,23,7,0.6920077972709552,0.17810435386272686,
blood-transfusion-service-center,SVM,Baseline,6,0.015625,0.0,0.0972585678100586,0.018156051635742188,-0.9994633367111199,81,412,101,79,0.666331627680312,0.2964960409745404,6,43,14,12,0.5555555555555556,0.08471737420873575,
blood-transfusion-service-center,SVM,Baseline,7,0.015625,0.0,0.09759235382080078,0.018602371215820312,-0.9992891964561026,43,471,42,117,0.6614400584795322,0.23948606473448641,3,49,8,15,0.5960038986354776,0.031769015328275904,
blood-transfusion-service-center,SVM,Baseline,8,0.015625,0.0,0.09750652313232422,0.018552780151367188,-0.9999094657034872,90,367,146,70,0.6596673976608187,0.24791904563830397,11,48,9,7,0.7987329434697856,0.4377064334118014,
blood-transfusion-service-center,SVM,Baseline,9,0.015625,0.0,0.09758281707763672,0.018552780151367188,-0.9994341477229587,49,461,52,112,0.6417371932246074,0.24249005907372054,5,47,10,12,0.5995872033023736,0.12418362026725545,
blood-transfusion-service-center,SVM,Baseline,10,0.015625,0.0,0.09758663177490234,0.018453598022460938,-0.9998308820785939,91,395,118,70,0.6673870667005679,0.3090105363033473,4,43,14,13,0.43343653250773995,-0.010118306841556332,
blood-transfusion-service-center,SVM,Standard Scaler,1,0.015625,0.0,0.1221628189086914,0.01909923553466797,-0.8192520830783588,81,452,61,79,0.7368360136452242,0.4041302908647999,8,50,7,10,0.7753411306042884,0.3434147975799544,
blood-transfusion-service-center,SVM,Standard Scaler,2,0.015625,0.0,0.12198162078857422,0.018851280212402344,-0.6602234061216241,82,460,53,78,0.7487512183235868,0.4349923183358365,8,49,8,10,0.7115009746588694,0.31702602580977074,
blood-transfusion-service-center,SVM,Standard Scaler,3,0.015625,0.015625,0.12198162078857422,0.01909923553466797,-0.8573912455196788,86,444,69,74,0.726078216374269,0.40746455895464945,8,52,5,10,0.7592592592592593,0.4024759036123166,
blood-transfusion-service-center,SVM,Standard Scaler,4,0.03125,0.0,0.12198162078857422,0.019148826599121094,-0.8736513705970442,81,452,61,79,0.7255299707602338,0.4041302908647999,13,45,12,5,0.7270955165692006,0.4635863249727653,
blood-transfusion-service-center,SVM,Standard Scaler,5,0.015625,0.0,0.12198162078857422,0.01909923553466797,-0.9184933483910382,98,420,93,62,0.7413011695906433,0.4071653103693439,9,49,8,9,0.5974658869395711,0.36687171364885646,
blood-transfusion-service-center,SVM,Standard Scaler,6,0.015625,0.0,0.12198162078857422,0.018553733825683594,-0.43275884658051944,68,480,33,92,0.750286306042885,0.4299055188699812,3,53,4,15,0.6189083820662769,0.14166352295945625,
blood-transfusion-service-center,SVM,Standard Scaler,7,0.03125,0.0,0.12198162078857422,0.01890087127685547,-0.7555709039346631,83,454,59,77,0.7281432748538013,0.4212396976997642,8,48,9,10,0.6418128654970761,0.2923042921755117,
blood-transfusion-service-center,SVM,Standard Scaler,8,0.015625,0.0,0.12198162078857422,0.01919841766357422,-0.831186410499161,80,451,62,80,0.7234222709551658,0.39557558744731774,9,54,3,9,0.7168615984405458,0.521168438562221,
blood-transfusion-service-center,SVM,Standard Scaler,9,0.015625,0.0,0.12210750579833984,0.01900005340576172,-0.8185034904555457,79,457,56,82,0.7233300642911626,0.40647074949435896,12,43,14,5,0.781217750257998,0.4055698643562065,
blood-transfusion-service-center,SVM,Standard Scaler,10,0.03125,0.0,0.12205982208251953,0.019148826599121094,-0.48833976722850425,66,482,31,95,0.7333975034203868,0.42457679848983954,5,52,5,12,0.6418988648090815,0.25396748611609316,
blood-transfusion-service-center,SVM,MinMax Scaler,1,0.015625,0.015625,0.10260391235351562,0.01913928985595703,-0.9102303854026628,81,446,67,79,0.7117507309941521,0.3860882632383675,9,50,7,9,0.7236842105263158,0.3932342050909656,
blood-transfusion-service-center,SVM,MinMax Scaler,2,0.015625,0.0,0.10249710083007812,0.01904010772705078,-0.8690589661095578,84,449,64,76,0.738712231968811,0.411370013424151,9,45,12,9,0.7144249512670565,0.27534439587696735,
blood-transfusion-service-center,SVM,MinMax Scaler,3,0.015625,0.0,0.10227775573730469,0.01913928985595703,-0.9355852371828254,85,443,70,75,0.711531432748538,0.39917434648181316,7,52,5,11,0.7144249512670565,0.3508519553719527,
blood-transfusion-service-center,SVM,MinMax Scaler,4,0.015625,0.0,0.10254096984863281,0.018792152404785156,-0.8591049056015619,72,464,49,88,0.7120796783625729,0.392963660042957,10,48,9,8,0.7076023391812866,0.3904951720012495,
blood-transfusion-service-center,SVM,MinMax Scaler,5,0.015625,0.0,0.10249710083007812,0.019188880920410156,-0.9422888277042657,91,429,84,69,0.734222709551657,0.39305003563801216,8,54,3,10,0.6423001949317738,0.473005339332108,
blood-transfusion-service-center,SVM,MinMax Scaler,6,0.015625,0.0,0.10254096984863281,0.018494606018066406,-0.8345762201942735,81,452,61,79,0.7399549220272904,0.4041302908647999,5,49,8,13,0.5721247563352827,0.15505219237523674,
blood-transfusion-service-center,SVM,MinMax Scaler,7,0.015625,0.0,0.1024932861328125,0.01904010772705078,-0.8445594804741904,81,451,62,79,0.720553118908382,0.401065914393014,8,49,8,10,0.6525341130604289,0.31702602580977074,
blood-transfusion-service-center,SVM,MinMax Scaler,8,0.015625,0.015625,0.10244941711425781,0.01913928985595703,-0.9746458635152195,97,413,100,63,0.714370126705653,0.3848221295715072,10,50,7,8,0.7012670565302144,0.4414391351222013,
blood-transfusion-service-center,SVM,MinMax Scaler,9,0.03125,0.0,0.10249710083007812,0.01874256134033203,-0.9069712267479049,80,451,62,81,0.7112467158233748,0.39318946839275365,13,42,15,4,0.7667698658410733,0.4350272372973291,
blood-transfusion-service-center,SVM,MinMax Scaler,10,0.015625,0.0,0.10254096984863281,0.01923847198486328,-0.9057537161708766,87,444,69,74,0.7195464506677322,0.41032797044337627,6,49,8,11,0.6862745098039216,0.22833142591622524,
blood-transfusion-service-center,SVM,IQR Capping,1,0.015625,0.0,0.13630199432373047,0.01909923553466797,-0.9993648250582348,57,475,38,103,0.7024792884990253,0.34499508732458517,6,52,5,12,0.6652046783625731,0.29651080973057514,
blood-transfusion-service-center,SVM,IQR Capping,2,0.03125,0.0,0.13588809967041016,0.01909923553466797,-0.9996468433055523,44,489,24,116,0.6739278752436647,0.3223541988692098,6,53,4,12,0.6062378167641325,0.33062326126679026,
blood-transfusion-service-center,SVM,IQR Capping,3,0.046875,0.0,0.13593578338623047,0.019248008728027344,-0.9994631863849501,45,477,36,115,0.6302266081871345,0.27615391630768343,4,54,3,14,0.6325536062378168,0.24898437368631707,
blood-transfusion-service-center,SVM,IQR Capping,4,0.03125,0.0,0.1358051300048828,0.019347190856933594,-0.999790811970515,46,464,49,114,0.6197429337231969,0.2347235691922116,7,49,8,11,0.736842105263158,0.2653659799481466,
blood-transfusion-service-center,SVM,IQR Capping,5,0.03125,0.0,0.1356668472290039,0.019248008728027344,-1.0001051510253294,122,265,248,38,0.6419590643274853,0.23878575018926018,13,27,30,5,0.5730994152046784,0.16916603105479391,
blood-transfusion-service-center,SVM,IQR Capping,6,0.03125,0.015625,0.1357097625732422,0.01929759979248047,-0.9999580475097467,89,407,106,71,0.7054276315789474,0.32808514723363286,6,43,14,12,0.5370370370370371,0.08471737420873575,
blood-transfusion-service-center,SVM,IQR Capping,7,0.03125,0.015625,0.1357097625732422,0.019347190856933594,-0.9999779796541489,87,405,108,73,0.7002558479532164,0.31269668822480023,8,39,18,10,0.6525341130604287,0.1154557420296728,
blood-transfusion-service-center,SVM,IQR Capping,8,0.03125,0.015625,0.13593578338623047,0.01959514617919922,-0.9994049140059499,35,494,19,125,0.6665752923976607,0.2847491126568722,3,56,1,15,0.682748538011696,0.28343832993998846,
blood-transfusion-service-center,SVM,IQR Capping,9,0.046875,0.0,0.13595867156982422,0.019347190856933594,-0.9996129094698377,67,452,61,94,0.6779509159371859,0.3231309591366143,8,44,13,9,0.6656346749226006,0.22628636785050765,
blood-transfusion-service-center,SVM,IQR Capping,10,0.03125,0.0,0.13587474822998047,0.01909923553466797,-0.9993555128369365,52,477,36,109,0.6865533398714179,0.31994013938510246,4,52,5,13,0.6171310629514963,0.18993115790352932,
blood-transfusion-service-center,SVM,IQR Removal,1,0.03125,0.0,0.1516103744506836,0.017693519592285156,-0.9997517204134988,38,483,30,122,0.5851912768031189,0.2528652892474999,4,53,4,14,0.6232943469785575,0.21036259672295876,
blood-transfusion-service-center,SVM,IQR Removal,2,0.03125,0.015625,0.15354061126708984,0.01754474639892578,-0.9997140915566354,48,473,40,112,0.6314510233918129,0.28035335890527124,4,53,4,14,0.4415204678362573,0.21036259672295876,
blood-transfusion-service-center,SVM,IQR Removal,3,0.03125,0.0,0.15325164794921875,0.01764392852783203,-0.999654097349494,18,504,9,142,0.5371771442495127,0.20598878999008363,1,57,0,17,0.5428849902534114,0.20686418924693753,
blood-transfusion-service-center,SVM,IQR Removal,4,0.03125,0.015625,0.15296077728271484,0.017296791076660156,-0.9997391566582756,32,456,57,128,0.4891995614035088,0.11170297105606934,4,49,8,14,0.47270955165692,0.09537723058655023,
blood-transfusion-service-center,SVM,IQR Removal,5,0.015625,0.015625,0.15291118621826172,0.017495155334472656,-0.9996001333397131,28,500,13,132,0.5572002923976607,0.2663610182090059,2,54,3,16,0.3976608187134503,0.10012523486435178,
blood-transfusion-service-center,SVM,IQR Removal,6,0.03125,0.0,0.15305614471435547,0.017395973205566406,-0.9994412135824325,39,491,22,121,0.6216922514619883,0.29783952835099775,3,56,1,15,0.5964912280701755,0.28343832993998846,
blood-transfusion-service-center,SVM,IQR Removal,7,0.03125,0.0,0.1527690887451172,0.017594337463378906,-0.999653581036837,40,485,28,120,0.5752558479532164,0.2760282591214032,3,53,4,15,0.577485380116959,0.14166352295945625,
blood-transfusion-service-center,SVM,IQR Removal,8,0.03125,0.0,0.15322589874267578,0.017594337463378906,-0.999616827066343,23,500,13,137,0.5213389376218323,0.2240174976401396,1,57,0,17,0.43128654970760233,0.20686418924693753,
blood-transfusion-service-center,SVM,IQR Removal,9,0.03125,0.0,0.15320205688476562,0.01764392852783203,-0.9995169185702824,26,491,22,135,0.5569721404961681,0.1966388703368965,4,50,7,13,0.5985552115583076,0.1330141955082543,
blood-transfusion-service-center,SVM,IQR Removal,10,0.03125,0.0,0.1528635025024414,0.01704883575439453,-0.9994728434891161,52,477,36,109,0.5999237223493517,0.31994013938510246,2,52,5,15,0.5686274509803921,0.043017947778151946,
blood-transfusion-service-center,SVM,Yeo-Johnson,1,0.046875,0.0,0.11862850189208984,0.018700599670410156,-0.9767091938275355,75,460,53,85,0.7409904970760234,0.39639389434529876,7,51,6,11,0.7295321637426901,0.32000133319995666,
blood-transfusion-service-center,SVM,Yeo-Johnson,2,0.03125,0.015625,0.11849689483642578,0.01884937286376953,-0.9767631174837672,78,455,58,82,0.7478131091617933,0.3969573210566659,5,45,12,13,0.6598440545808968,0.06860202775547723,
blood-transfusion-service-center,SVM,Yeo-Johnson,3,0.046875,0.0,0.1185445785522461,0.018601417541503906,-0.9881177085768835,76,461,52,84,0.7481907894736842,0.4052878130282254,7,53,4,11,0.7504873294346979,0.38475807453134153,
blood-transfusion-service-center,SVM,Yeo-Johnson,4,0.046875,0.0,0.1185007095336914,0.01875019073486328,-0.9796730087438225,69,467,46,91,0.7308784113060429,0.38631969374598174,10,50,7,8,0.8050682261208577,0.4414391351222013,
blood-transfusion-service-center,SVM,Yeo-Johnson,5,0.046875,0.0,0.11849689483642578,0.018799781799316406,-0.9865863265032809,76,454,59,84,0.7384015594541911,0.38269377187480785,8,55,2,10,0.7037037037037037,0.5143028508594515,
blood-transfusion-service-center,SVM,Yeo-Johnson,6,0.046875,0.015625,0.1185445785522461,0.018700599670410156,-0.9549570555615677,71,469,44,89,0.7599597953216376,0.40486612552477735,3,50,7,15,0.6140350877192983,0.05510387687779838,
blood-transfusion-service-center,SVM,Yeo-Johnson,7,0.046875,0.0,0.1185445785522461,0.018799781799316406,-0.9751383500377335,78,456,57,82,0.7439449317738792,0.40012662069515076,8,48,9,10,0.6915204678362572,0.2923042921755117,
blood-transfusion-service-center,SVM,Yeo-Johnson,8,0.046875,0.0,0.1185007095336914,0.01884937286376953,-0.9957959559717626,89,433,80,71,0.7396625243664717,0.3929620523483498,9,53,4,9,0.7694931773879142,0.4849504740246766,
blood-transfusion-service-center,SVM,Yeo-Johnson,9,0.046875,0.0,0.11861896514892578,0.01884937286376953,-0.9815913018483281,74,459,54,87,0.7492886806387952,0.3852300167825022,11,46,11,6,0.8224974200206399,0.41790520059949043,
blood-transfusion-service-center,SVM,Yeo-Johnson,10,0.046875,0.015625,0.1186666488647461,0.01894855499267578,-0.978011969756252,74,465,48,87,0.7469821897739517,0.4053914024855729,5,51,6,12,0.7203302373581012,0.2233174108074361,
blood-transfusion-service-center,SVM,Quantile Transform,1,0.03125,0.0,0.18133163452148438,0.04458045959472656,-0.9492849902002432,86,444,69,74,0.7307931286549708,0.40746455895464945,9,50,7,9,0.7772904483430798,0.3932342050909656,
blood-transfusion-service-center,SVM,Quantile Transform,2,0.03125,0.0,0.1812896728515625,0.04438209533691406,-0.8576712882005861,73,471,42,87,0.7460343567251462,0.4234125573035729,8,49,8,10,0.7261208576998051,0.31702602580977074,
blood-transfusion-service-center,SVM,Quantile Transform,3,0.03125,0.0,0.18128395080566406,0.04453086853027344,-0.9555189673326292,86,442,71,74,0.7302570662768031,0.40172053062510366,8,52,5,10,0.7524366471734892,0.4024759036123166,
blood-transfusion-service-center,SVM,Quantile Transform,4,0.03125,0.0,0.18128395080566406,0.04448127746582031,-0.9553753686500862,78,449,64,82,0.736994395711501,0.37846618061235343,13,44,13,5,0.7758284600389864,0.4434550091594251,
blood-transfusion-service-center,SVM,Quantile Transform,5,0.03125,0.0,0.18133163452148438,0.04458045959472656,-0.9424517778940165,78,455,58,82,0.7434576023391813,0.3969573210566659,8,52,5,10,0.7105263157894737,0.4024759036123166,
blood-transfusion-service-center,SVM,Quantile Transform,6,0.03125,0.0,0.18133163452148438,0.04438209533691406,-0.7850163562244082,74,471,42,86,0.7624817251461989,0.42900619340013935,3,51,6,15,0.5974658869395711,0.08070002078437537,
blood-transfusion-service-center,SVM,Quantile Transform,7,0.03125,0.0,0.18133163452148438,0.04453086853027344,-0.9282956516359644,85,442,71,75,0.7387548732943471,0.39631100902963656,9,47,10,9,0.6710526315789475,0.3187129712657257,
blood-transfusion-service-center,SVM,Quantile Transform,8,0.03125,0.0,0.1812877655029297,0.04482841491699219,-0.9614582324213747,77,455,58,83,0.7359953703703703,0.3914101962849793,9,55,2,9,0.7607212475633529,0.5612526041328744,
blood-transfusion-service-center,SVM,Quantile Transform,9,0.03125,0.0,0.1814899444580078,0.04451942443847656,-0.9070737272047897,77,455,58,84,0.7347838194520118,0.38908245428575255,10,48,9,7,0.7791537667698659,0.4143964451639257,
blood-transfusion-service-center,SVM,Quantile Transform,10,0.03125,0.0,0.18144607543945312,0.04446983337402344,-0.9142701847222496,79,457,56,82,0.7405167508142336,0.40647074949435896,6,52,5,11,0.6986584107327142,0.3136206261066179,
blood-transfusion-service-center,SVM,Uniform Binning,1,0.015625,0.0,0.10239505767822266,0.01887798309326172,-0.9668454979799346,18,500,13,142,0.5501827485380117,0.17700351913790668,1,55,2,17,0.49561403508771934,0.0446086149192759,
blood-transfusion-service-center,SVM,Uniform Binning,2,0.015625,0.0,0.10251712799072266,0.019125938415527344,-0.9484459502645538,27,488,25,133,0.5887670565302144,0.1913437024893216,7,53,4,11,0.7280701754385965,0.38475807453134153,
blood-transfusion-service-center,SVM,Uniform Binning,3,0.015625,0.0,0.10238933563232422,0.019026756286621094,0.2550187830348452,6,512,1,154,0.479666179337232,0.14916965286672976,1,57,0,17,0.4444444444444445,0.20686418924693753,
blood-transfusion-service-center,SVM,Uniform Binning,4,0.015625,0.0,0.1021718978881836,0.01887798309326172,-0.42904066099342875,10,509,4,150,0.5193896198830409,0.1631627220222744,0,56,1,18,0.4639376218323587,-0.06532553344640132,
blood-transfusion-service-center,SVM,Uniform Binning,5,0.015625,0.015625,0.10242557525634766,0.019125938415527344,-0.5799583121920182,7,511,2,153,0.5197977582846005,0.14769186540643786,2,57,0,16,0.5355750487329435,0.2945470944816464,
blood-transfusion-service-center,SVM,Uniform Binning,6,0.015625,0.0,0.10234928131103516,0.018927574157714844,0.21441484384315856,8,512,1,152,0.4703886452241716,0.17807909421063617,0,56,1,18,0.459551656920078,-0.06532553344640132,
blood-transfusion-service-center,SVM,Uniform Binning,7,0.015625,0.0,0.10252094268798828,0.019026756286621094,-0.8613385246270875,23,494,19,137,0.5777229532163742,0.18780040635390555,2,53,4,16,0.45126705653021437,0.06444295394437921,
blood-transfusion-service-center,SVM,Uniform Binning,8,0.015625,0.0,0.10235118865966797,0.01887798309326172,-0.5077425742653703,10,508,5,150,0.5539108187134503,0.1521285220775515,0,57,0,18,0.4712475633528266,0.0,
blood-transfusion-service-center,SVM,Uniform Binning,9,0.015625,0.0,0.1023874282836914,0.01877880096435547,-0.6334018660825762,25,497,16,136,0.5621420701512234,0.2213686360492081,2,47,10,15,0.3710010319917441,-0.06595377687945922,
blood-transfusion-service-center,SVM,Uniform Binning,10,0.015625,0.0,0.10259723663330078,0.019026756286621094,-0.6334540789904388,10,509,4,151,0.5577470245662466,0.1623871512480414,0,56,1,17,0.45510835913312697,-0.06391835696140068,
blood-transfusion-service-center,SVM,Quantile Binning,1,0.015625,0.0,0.10269641876220703,0.01897907257080078,-0.7796780490488967,69,460,53,91,0.7243664717348929,0.36237002492833864,9,50,7,9,0.7548732943469786,0.3932342050909656,
blood-transfusion-service-center,SVM,Quantile Binning,2,0.015625,0.015625,0.10264873504638672,0.018929481506347656,-0.46964331846833995,70,465,48,90,0.7350633528265107,0.3850389896280537,6,49,8,12,0.6310916179337231,0.2115254241305703,
blood-transfusion-service-center,SVM,Quantile Binning,3,0.03125,0.015625,0.10303020477294922,0.019425392150878906,-0.7281304456751418,72,456,57,88,0.6865192495126706,0.36650651479038804,5,55,2,13,0.6500974658869395,0.35630522441317786,
blood-transfusion-service-center,SVM,Quantile Binning,4,0.015625,0.0,0.10294628143310547,0.01927661895751953,-0.6573068078173274,65,469,44,95,0.6983491715399609,0.3703111862511896,8,50,7,10,0.8172514619883041,0.3434147975799544,
blood-transfusion-service-center,SVM,Quantile Binning,5,0.015625,0.0,0.10261249542236328,0.01887989044189453,-0.6410309227381457,70,458,55,90,0.7031432748538011,0.3615476624155879,7,54,3,11,0.6846978557504874,0.4224630560631209,
blood-transfusion-service-center,SVM,Quantile Binning,6,0.015625,0.0,0.1024627685546875,0.018433570861816406,-0.7618601168086526,72,461,52,88,0.7187682748538012,0.3828187831486316,6,50,7,12,0.6023391812865498,0.2375267627875967,
blood-transfusion-service-center,SVM,Quantile Binning,7,0.015625,0.0,0.1025543212890625,0.01868152618408203,-0.4816611109047716,66,467,46,94,0.7045017056530214,0.36898097992709167,7,49,8,11,0.5886939571150098,0.2653659799481466,
blood-transfusion-service-center,SVM,Quantile Binning,8,0.015625,0.0,0.10303020477294922,0.019425392150878906,-0.7406516042105866,66,457,56,94,0.7153265107212475,0.3351892439969453,11,55,2,7,0.7548732943469785,0.6498996148493965,
blood-transfusion-service-center,SVM,Quantile Binning,9,0.03125,0.015625,0.1031026840209961,0.01947498321533203,-0.7555192034776855,66,463,50,95,0.7271197316963908,0.35296905758532554,11,48,9,6,0.7786377708978328,0.463345100859543,
blood-transfusion-service-center,SVM,Quantile Binning,10,0.015625,0.0,0.1026458740234375,0.018830299377441406,-0.6351396274097408,72,463,50,89,0.7023052801084838,0.38731679738699015,4,52,5,13,0.5743034055727554,0.18993115790352932,
blood-transfusion-service-center,SVM,PCA,1,0.09375,0.0,0.08594322204589844,0.011563301086425781,-0.9995439694975369,30,482,31,130,0.5567190545808968,0.18841913511863326,2,56,1,16,0.45370370370370366,0.2039250967738327,
blood-transfusion-service-center,SVM,PCA,2,0.09375,0.046875,0.08571910858154297,0.011456489562988281,-0.843440834379133,5,511,2,155,0.4736172027290448,0.11476554855579449,3,57,0,15,0.6208576998050683,0.36324157862838946,
blood-transfusion-service-center,SVM,PCA,3,0.140625,0.0,0.08589935302734375,0.011563301086425781,-0.9995337039699248,25,490,23,135,0.542099171539961,0.18429111964600156,2,52,5,16,0.4317738791423002,0.034342672232595454,
blood-transfusion-service-center,SVM,PCA,4,0.09375,0.0,0.08585548400878906,0.011483192443847656,-0.9206698784775327,13,505,8,147,0.48566642300194934,0.16075188139212862,1,55,2,17,0.4210526315789474,0.0446086149192759,
blood-transfusion-service-center,SVM,PCA,5,0.09375,0.0,0.08594322204589844,0.011590003967285156,-0.9994404311933669,20,499,14,140,0.5236842105263158,0.18991785947733675,4,55,2,14,0.7475633528265108,0.29459636088859065,
blood-transfusion-service-center,SVM,PCA,6,0.1875,0.015625,0.08594322204589844,0.011376380920410156,-0.9996904920091958,30,482,31,130,0.5324378654970761,0.18841913511863326,1,51,6,17,0.48050682261208577,-0.07297817849426534,
blood-transfusion-service-center,SVM,PCA,7,0.109375,0.0,0.08594322204589844,0.011643409729003906,-0.8970190817916729,11,510,3,149,0.5707846003898636,0.1876189607574616,2,56,1,16,0.5599415204678364,0.2039250967738327,
blood-transfusion-service-center,SVM,PCA,8,0.09375,0.0,0.085723876953125,0.011536598205566406,-0.9713970027813927,15,507,6,145,0.45801047758284597,0.20090256470142628,0,57,0,18,0.3786549707602339,0.0,
blood-transfusion-service-center,SVM,PCA,9,0.09375,0.0,0.08588027954101562,0.011403083801269531,-0.8909481999885842,15,507,6,146,0.5264610802368239,0.19994597670657976,0,56,1,17,0.5046439628482972,-0.06391835696140068,
blood-transfusion-service-center,SVM,PCA,10,0.09375,0.09375,0.08601188659667969,0.011376380920410156,-0.9999271596767957,88,351,162,73,0.6187388761759471,0.2037248055748755,6,40,17,11,0.3746130030959752,0.04971242800284669,
blood-transfusion-service-center,SVM,Select Percentile (Mutual Info),1,0.203125,0.0,0.2657766342163086,0.014200210571289062,-0.9993738679683022,65,439,74,95,0.6558114035087719,0.2755134114899057,8,45,12,10,0.6237816764132553,0.225912997889962,
blood-transfusion-service-center,SVM,Select Percentile (Mutual Info),2,0.046875,0.0,0.2646913528442383,0.016054153442382812,-0.9995335535052357,58,455,58,102,0.6369822124756336,0.2811431023517846,6,46,11,12,0.49707602339181284,0.14316944922882205,
blood-transfusion-service-center,SVM,Select Percentile (Mutual Info),3,0.046875,0.0,0.26497745513916016,0.014303207397460938,-0.9989249437464274,75,419,94,85,0.6185794346978557,0.28027713110702673,8,48,9,10,0.662280701754386,0.2923042921755117,
blood-transfusion-service-center,SVM,Select Percentile (Mutual Info),4,0.046875,0.0,0.26517391204833984,0.014577865600585938,-0.9989584528548041,67,443,70,93,0.5717897173489279,0.2984581377884573,8,45,12,10,0.5423976608187134,0.225912997889962,
blood-transfusion-service-center,SVM,Select Percentile (Mutual Info),5,0.046875,0.0,0.26436328887939453,0.014371871948242188,-0.9994885061657357,64,437,76,96,0.6047210038986355,0.2641412325749248,9,49,8,9,0.5428849902534113,0.36687171364885646,
blood-transfusion-service-center,SVM,Select Percentile (Mutual Info),6,0.046875,0.015625,0.26563549041748047,0.013513565063476562,-1.0002331535014393,100,327,186,60,0.6401011208576999,0.22598963775180925,10,31,26,8,0.5560428849902534,0.08498512890354898,
blood-transfusion-service-center,SVM,Select Percentile (Mutual Info),7,0.046875,0.0,0.26497745513916016,0.014749526977539062,-0.9994607172776137,83,427,86,77,0.6555555555555556,0.3446685146734971,8,44,13,10,0.584307992202729,0.20581298277672308,
blood-transfusion-service-center,SVM,Select Percentile (Mutual Info),8,0.046875,0.0,0.2644948959350586,0.013891220092773438,-0.9993636678636173,17,494,19,143,0.5213511208576999,0.13094386295849708,2,57,0,16,0.6637426900584796,0.2945470944816464,
blood-transfusion-service-center,SVM,Select Percentile (Mutual Info),9,0.046875,0.0,0.26383399963378906,0.014200210571289062,-0.9987301134966209,70,440,73,91,0.6598864310534791,0.30503951338764834,10,40,17,7,0.6563467492260062,0.25340409006770415,
blood-transfusion-service-center,SVM,Select Percentile (Mutual Info),10,0.03125,0.0,0.26523780822753906,0.013685226440429688,-0.9996220953961983,70,395,118,91,0.6042400687709611,0.19468222008187225,3,45,12,14,0.4267285861713106,-0.0356352997288646,
blood-transfusion-service-center,SVM,Random Undersampling,1,0.015625,0.0,0.08897876739501953,0.017220497131347656,0.3728387889817615,94,356,157,66,0.6690484892787525,0.2477637806927399,7,37,20,11,0.5677387914230019,0.03382115430711673,
blood-transfusion-service-center,SVM,Random Undersampling,2,0.015625,0.0,0.08902168273925781,0.017868995666503906,-0.1719648311123685,110,299,214,50,0.654050925925926,0.2303315391840517,12,35,22,6,0.6949317738791423,0.24081715451861657,
blood-transfusion-service-center,SVM,Random Undersampling,3,0.015625,0.015625,0.08902168273925781,0.017968177795410156,-0.025588577825312542,114,290,223,46,0.6626644736842106,0.23652098464973204,10,39,18,8,0.6686159844054581,0.21170615377777538,
blood-transfusion-service-center,SVM,Random Undersampling,4,0.015625,0.0,0.08902168273925781,0.018761634826660156,0.11330804311363252,94,344,169,66,0.6556591130604289,0.22515338841992968,13,35,22,5,0.7144249512670566,0.2878600502350113,
blood-transfusion-service-center,SVM,Random Undersampling,5,0.015625,0.0,0.0890655517578125,0.01881122589111328,-0.1972602734451755,108,290,223,52,0.6391203703703704,0.20462056054768724,15,40,17,3,0.8469785575048733,0.4620505027317506,
blood-transfusion-service-center,SVM,Random Undersampling,6,0.015625,0.0,0.08902168273925781,0.017769813537597656,-0.08784263703993128,114,304,209,46,0.6778326023391813,0.2599651033585237,8,32,25,10,0.4961013645224172,0.00503148236501918,
blood-transfusion-service-center,SVM,Random Undersampling,7,0.015625,0.0,0.0890655517578125,0.017968177795410156,0.052351042286878854,98,342,171,62,0.6616349902534113,0.24261375094361853,9,38,19,9,0.6223196881091618,0.14716159469918533,
blood-transfusion-service-center,SVM,Random Undersampling,8,0.015625,0.0,0.08893489837646484,0.01831531524658203,0.30699312484127095,96,340,173,64,0.6545869883040937,0.22836228420843,11,40,17,7,0.7090643274853801,0.27625071285636543,
blood-transfusion-service-center,SVM,Random Undersampling,9,0.015625,0.0,0.08917999267578125,0.018082618713378906,-0.008222041291144379,92,349,164,69,0.6558182896855667,0.22116506246650514,15,30,27,2,0.6635706914344686,0.34700334641571734,
blood-transfusion-service-center,SVM,Random Undersampling,10,0.0,0.015625,0.08926868438720703,0.01813220977783203,-0.3099627968857108,113,301,212,48,0.6699417626191082,0.2462779795099676,10,29,28,7,0.5634674922600619,0.08164374477176087,
blood-transfusion-service-center,SVM,SMOTE / SMOTENC,1,0.03125,0.015625,0.15501880645751953,0.05070686340332031,0.35945525498381814,94,356,157,66,0.6727278265107213,0.2477637806927399,7,37,20,11,0.5804093567251463,0.03382115430711673,
blood-transfusion-service-center,SVM,SMOTE / SMOTENC,2,0.046875,0.0,0.15563297271728516,0.05179786682128906,0.22221039420752486,109,305,208,51,0.6625791910331384,0.23520446768850248,11,35,22,7,0.6666666666666666,0.19371207105323843,
blood-transfusion-service-center,SVM,SMOTE / SMOTENC,3,0.046875,0.0,0.1554574966430664,0.05150032043457031,-0.03449310424207941,114,290,223,46,0.6686829922027291,0.23652098464973204,10,39,18,8,0.665692007797271,0.21170615377777538,
blood-transfusion-service-center,SVM,SMOTE / SMOTENC,4,0.03125,0.015625,0.15567684173583984,0.05075645446777344,0.2672971107960396,94,344,169,66,0.6557200292397661,0.22515338841992968,13,35,22,5,0.7417153996101364,0.2878600502350113,
blood-transfusion-service-center,SVM,SMOTE / SMOTENC,5,0.03125,0.0,0.15563297271728516,0.05288887023925781,-0.3271719876983801,108,290,223,52,0.642738791423002,0.20462056054768724,15,40,17,3,0.8479532163742689,0.4620505027317506,
blood-transfusion-service-center,SVM,SMOTE / SMOTENC,6,0.046875,0.0,0.15528202056884766,0.04921913146972656,-0.2018516178199278,114,304,209,46,0.682462231968811,0.2599651033585237,8,32,25,10,0.5,0.00503148236501918,
blood-transfusion-service-center,SVM,SMOTE / SMOTENC,7,0.046875,0.0,0.15532588958740234,0.05179786682128906,0.27802723012371816,98,342,171,62,0.6677509746588695,0.24261375094361853,9,38,19,9,0.6232943469785575,0.14716159469918533,
blood-transfusion-service-center,SVM,SMOTE / SMOTENC,8,0.03125,0.015625,0.15528202056884766,0.05150032043457031,0.3424129141221926,96,340,173,64,0.6589607699805069,0.22836228420843,11,40,17,7,0.719785575048733,0.27625071285636543,
blood-transfusion-service-center,SVM,SMOTE / SMOTENC,9,0.03125,0.015625,0.15569591522216797,0.04990196228027344,-0.33297636735959785,106,309,204,55,0.6596684949087696,0.22305992374825157,16,27,30,1,0.6676986584107327,0.3598373444311241,
blood-transfusion-service-center,SVM,SMOTE / SMOTENC,10,0.03125,0.0,0.15565204620361328,0.05064582824707031,-0.18335386544841004,113,301,212,48,0.6764314167060164,0.2462779795099676,10,29,28,7,0.5562435500515996,0.08164374477176087,
blood-transfusion-service-center,RandomForest,Baseline,1,0.578125,0.015625,0.2788381576538086,2.0303955078125,0.4191666666666668,134,498,15,26,0.9741045321637427,0.828726274815796,7,46,11,11,0.6559454191033138,0.195906432748538,
blood-transfusion-service-center,RandomForest,Baseline,2,0.59375,0.0,0.2747631072998047,1.9931182861328125,0.5068723809523813,122,507,6,38,0.9679519980506823,0.8144080724428532,7,47,10,11,0.6695906432748537,0.21773687070216685,
blood-transfusion-service-center,RandomForest,Baseline,3,0.609375,0.0,0.27341651916503906,2.07437801361084,0.5231757142857126,119,511,2,41,0.9684027777777777,0.820164427530542,5,52,5,13,0.7777777777777778,0.23878346647045964,
blood-transfusion-service-center,RandomForest,Baseline,4,0.609375,0.0,0.2732696533203125,2.0328454971313477,0.5708886446886445,114,512,1,46,0.969694200779727,0.8036144087688821,6,52,5,12,0.712962962962963,0.29651080973057514,
blood-transfusion-service-center,RandomForest,Baseline,5,0.59375,0.0,0.27271175384521484,1.9692859649658203,0.4055,133,490,23,27,0.9672392787524366,0.7933471645791289,5,49,8,13,0.6583820662768032,0.15505219237523674,
blood-transfusion-service-center,RandomForest,Baseline,6,0.59375,0.015625,0.2715644836425781,2.0398759841918945,0.4492314102564101,132,497,16,28,0.9701327972709551,0.8158780163966877,4,51,6,14,0.6769005847953217,0.146943671674129,
blood-transfusion-service-center,RandomForest,Baseline,7,0.59375,0.0,0.27590465545654297,1.998006820678711,0.5864799999999999,118,510,3,42,0.9692982456140351,0.8110750494988913,8,51,6,10,0.6807992202729045,0.3717719575628205,
blood-transfusion-service-center,RandomForest,Baseline,8,0.609375,0.015625,0.2742633819580078,2.0183238983154297,0.4570952380952383,127,505,8,33,0.9691094054580897,0.8272314167935513,7,49,8,11,0.6954191033138402,0.2653659799481466,
blood-transfusion-service-center,RandomForest,Baseline,9,0.609375,0.0,0.27504539489746094,2.0071678161621094,0.4109257142857143,138,489,24,23,0.9691378203964016,0.8086427863060791,8,45,12,9,0.7033023735810113,0.2463353700772254,
blood-transfusion-service-center,RandomForest,Baseline,10,0.609375,0.0,0.2735414505004883,2.0018301010131836,0.4488571428571428,137,494,19,24,0.9712869129345102,0.8228347601319921,3,48,9,14,0.5691434468524252,0.02119942828268332,
blood-transfusion-service-center,RandomForest,Standard Scaler,1,0.609375,0.015625,0.27342891693115234,2.030545234680176,0.4191666666666668,134,498,15,26,0.9738608674463938,0.828726274815796,7,46,11,11,0.655458089668616,0.195906432748538,
blood-transfusion-service-center,RandomForest,Standard Scaler,2,0.609375,0.015625,0.2728261947631836,1.9932680130004883,0.5128752380952382,122,507,6,38,0.9676230506822613,0.8144080724428532,6,47,10,12,0.6695906432748538,0.16460966724738096,
blood-transfusion-service-center,RandomForest,Standard Scaler,3,0.609375,0.015625,0.27640342712402344,2.0745277404785156,0.5231757142857126,119,511,2,41,0.9677570662768031,0.820164427530542,5,52,5,13,0.7787524366471735,0.23878346647045964,
blood-transfusion-service-center,RandomForest,Standard Scaler,4,0.578125,0.0,0.2753753662109375,2.0329952239990234,0.5688209523809521,114,512,1,46,0.9695358187134502,0.8036144087688821,6,52,5,12,0.7115009746588694,0.29651080973057514,
blood-transfusion-service-center,RandomForest,Standard Scaler,5,0.609375,0.015625,0.2762727737426758,1.969435691833496,0.4055,133,490,23,27,0.966703216374269,0.7933471645791289,6,49,8,12,0.6700779727095516,0.2115254241305703,
blood-transfusion-service-center,RandomForest,Standard Scaler,6,0.609375,0.0,0.2732362747192383,2.0400257110595703,0.4492314102564101,132,497,16,28,0.9700231481481482,0.8158780163966877,4,51,6,14,0.6705653021442495,0.146943671674129,
blood-transfusion-service-center,RandomForest,Standard Scaler,7,0.625,0.015625,0.27141475677490234,1.9981565475463867,0.5864799999999999,118,510,3,42,0.9693347953216375,0.8110750494988913,8,51,6,10,0.6773879142300196,0.3717719575628205,
blood-transfusion-service-center,RandomForest,Standard Scaler,8,0.609375,0.0,0.2717142105102539,2.0184736251831055,0.47352380952381035,127,505,8,33,0.9692434210526316,0.8272314167935513,7,49,8,11,0.6988304093567251,0.2653659799481466,
blood-transfusion-service-center,RandomForest,Standard Scaler,9,0.625,0.015625,0.27269649505615234,2.007317543029785,0.4109257142857143,138,489,24,23,0.9689804220696668,0.8086427863060791,8,45,12,9,0.7012383900928792,0.2463353700772254,
blood-transfusion-service-center,RandomForest,Standard Scaler,10,0.59375,0.0,0.27463436126708984,2.0019798278808594,0.45858333333333334,137,494,19,24,0.9712626978073202,0.8228347601319921,3,48,9,14,0.5608875128998968,0.02119942828268332,
blood-transfusion-service-center,RandomForest,MinMax Scaler,1,0.609375,0.015625,0.27729225158691406,2.0309677124023438,0.4191666666666668,134,498,15,26,0.9742263645224171,0.828726274815796,7,46,11,11,0.655458089668616,0.195906432748538,
blood-transfusion-service-center,RandomForest,MinMax Scaler,2,0.609375,0.0,0.2747077941894531,1.9936904907226562,0.5068723809523813,122,507,6,38,0.9679885477582846,0.8144080724428532,6,47,10,12,0.6705653021442495,0.16460966724738096,
blood-transfusion-service-center,RandomForest,MinMax Scaler,3,0.609375,0.0,0.27794742584228516,2.0749502182006836,0.5231757142857126,119,511,2,41,0.9683053118908382,0.820164427530542,4,52,5,14,0.7763157894736843,0.17677147409910796,
blood-transfusion-service-center,RandomForest,MinMax Scaler,4,0.59375,0.0,0.2713203430175781,2.0334177017211914,0.5708886446886445,114,512,1,46,0.9698403996101366,0.8036144087688821,7,53,4,11,0.7119883040935673,0.38475807453134153,
blood-transfusion-service-center,RandomForest,MinMax Scaler,5,0.609375,0.0,0.2792482376098633,1.969858169555664,0.4055,133,490,23,27,0.9675073099415205,0.7933471645791289,5,49,8,13,0.6574074074074074,0.15505219237523674,
blood-transfusion-service-center,RandomForest,MinMax Scaler,6,0.609375,0.0,0.2761573791503906,2.0404481887817383,0.4492314102564101,132,497,16,28,0.9703764619883041,0.8158780163966877,4,51,6,14,0.6715399610136452,0.146943671674129,
blood-transfusion-service-center,RandomForest,MinMax Scaler,7,0.625,0.015625,0.2764158248901367,1.9985876083374023,0.5864799999999999,118,510,3,42,0.9692251461988305,0.8110750494988913,8,51,6,10,0.6783625730994154,0.3717719575628205,
blood-transfusion-service-center,RandomForest,MinMax Scaler,8,0.609375,0.015625,0.2701377868652344,2.0188961029052734,0.4570952380952383,127,505,8,33,0.9691337719298245,0.8272314167935513,7,49,8,11,0.6934697855750488,0.2653659799481466,
blood-transfusion-service-center,RandomForest,MinMax Scaler,9,0.625,0.015625,0.27657222747802734,2.007740020751953,0.4109257142857143,138,489,24,23,0.9688593464337172,0.8086427863060791,8,46,11,9,0.7027863777089783,0.2673204886069449,
blood-transfusion-service-center,RandomForest,MinMax Scaler,10,0.609375,0.0,0.27741527557373047,2.0024023056030273,0.4488571428571428,137,494,19,24,0.9710084389718258,0.8228347601319921,3,47,10,14,0.5923632610939112,0.0011407789998237605,
blood-transfusion-service-center,RandomForest,IQR Capping,1,0.640625,0.015625,0.2853403091430664,2.046947479248047,0.41994,133,498,15,27,0.9732517056530215,0.8243052664586156,7,45,12,11,0.6384015594541911,0.17514856979467808,
blood-transfusion-service-center,RandomForest,IQR Capping,2,0.609375,0.015625,0.28077030181884766,1.9979066848754883,0.41633333333333333,135,492,21,25,0.9678971734892787,0.8098903377270245,9,45,12,9,0.6788499025341131,0.27534439587696735,
blood-transfusion-service-center,RandomForest,IQR Capping,3,0.640625,0.0,0.2784767150878906,2.093679428100586,0.5494761904761905,119,510,3,41,0.9678118908382066,0.8153830404515617,4,51,6,14,0.7685185185185186,0.146943671674129,
blood-transfusion-service-center,RandomForest,IQR Capping,4,0.609375,0.015625,0.28143787384033203,2.0771713256835938,0.5226428571428571,117,508,5,43,0.9691946881091618,0.7972625198306328,9,51,6,9,0.7563352826510721,0.4214636152117623,
blood-transfusion-service-center,RandomForest,IQR Capping,5,0.640625,0.0,0.2787923812866211,1.9823226928710938,0.4618543556443557,126,497,16,34,0.9671052631578948,0.7890919446514971,4,50,7,14,0.6525341130604289,0.12001628012904232,
blood-transfusion-service-center,RandomForest,IQR Capping,6,0.625,0.0,0.2759733200073242,2.0638818740844727,0.4506714102564099,132,497,16,28,0.9705348440545809,0.8158780163966877,4,51,6,14,0.6739766081871346,0.146943671674129,
blood-transfusion-service-center,RandomForest,IQR Capping,7,0.625,0.015625,0.2851400375366211,2.0223493576049805,0.59,118,509,4,42,0.9682017543859649,0.8063227801410973,8,51,6,10,0.6929824561403508,0.3717719575628205,
blood-transfusion-service-center,RandomForest,IQR Capping,8,0.640625,0.0,0.2813272476196289,2.04449462890625,0.4329376623376623,130,501,12,30,0.9683174951267057,0.8233107583214258,8,49,8,10,0.6905458089668616,0.31702602580977074,
blood-transfusion-service-center,RandomForest,IQR Capping,9,0.625,0.0,0.2834806442260742,2.031527519226074,0.4066190476190475,138,488,25,23,0.9674911917474847,0.8050057806730307,8,45,12,9,0.7156862745098039,0.2463353700772254,
blood-transfusion-service-center,RandomForest,IQR Capping,10,0.625,0.015625,0.2818593978881836,2.0177688598632812,0.4494046428571429,136,494,19,25,0.9699792960662527,0.8183955925672884,3,48,9,14,0.5743034055727554,0.02119942828268332,
blood-transfusion-service-center,RandomForest,IQR Removal,1,0.625,0.015625,0.3006172180175781,1.8659191131591797,0.42720000000000025,129,480,33,31,0.9504142300194932,0.7387700268548716,6,46,11,12,0.6398635477582847,0.14316944922882205,
blood-transfusion-service-center,RandomForest,IQR Removal,2,0.609375,0.0,0.30600643157958984,1.8447036743164062,0.33559999999999945,134,472,41,26,0.9440972222222221,0.7352115427621717,9,42,15,9,0.638888888888889,0.216841241093592,
blood-transfusion-service-center,RandomForest,IQR Removal,3,0.640625,0.015625,0.3077259063720703,1.9212102890014648,0.42879999999999996,122,493,20,38,0.9474963450292397,0.7548731309815685,3,51,6,15,0.7441520467836257,0.08070002078437537,
blood-transfusion-service-center,RandomForest,IQR Removal,4,0.609375,0.0,0.30618953704833984,1.8796634674072266,0.4292599999999999,124,489,24,36,0.9486111111111111,0.7484600159012649,10,48,9,8,0.7358674463937622,0.3904951720012495,
blood-transfusion-service-center,RandomForest,IQR Removal,5,0.640625,0.0,0.30585479736328125,1.8219537734985352,0.43466666666666653,122,486,27,38,0.9468019005847953,0.727843072690259,5,47,10,13,0.6457115009746589,0.10926834468453096,
blood-transfusion-service-center,RandomForest,IQR Removal,6,0.609375,0.0,0.3090181350708008,1.9234704971313477,0.5174399999999997,110,502,11,50,0.9460952729044835,0.7383600252456853,3,53,4,15,0.6608187134502924,0.14166352295945625,
blood-transfusion-service-center,RandomForest,IQR Removal,7,0.59375,0.0,0.3035011291503906,1.8262548446655273,0.43,126,483,30,34,0.9461196393762183,0.7354460585614946,8,49,8,10,0.6291423001949318,0.31702602580977074,
blood-transfusion-service-center,RandomForest,IQR Removal,8,0.59375,0.0,0.30453968048095703,1.8483657836914062,0.4578114285714285,118,489,24,42,0.9374208089668616,0.7206543173116399,6,48,9,12,0.7051656920077973,0.18731716231633877,
blood-transfusion-service-center,RandomForest,IQR Removal,9,0.625,0.0,0.30190277099609375,1.8390436172485352,0.47,116,492,21,45,0.9424890729238556,0.7200336326187049,7,44,13,10,0.6646026831785345,0.1739987931497862,
blood-transfusion-service-center,RandomForest,IQR Removal,10,0.625,0.0,0.30989646911621094,1.8425588607788086,0.48,121,491,22,40,0.9489968883561561,0.7390929237112408,4,47,10,13,0.5825593395252838,0.06428748885019933,
blood-transfusion-service-center,RandomForest,Yeo-Johnson,1,0.625,0.0,0.2736349105834961,2.0303945541381836,0.4191666666666668,134,498,15,26,0.9738365009746589,0.828726274815796,6,46,11,12,0.6515594541910331,0.14316944922882205,
blood-transfusion-service-center,RandomForest,Yeo-Johnson,2,0.609375,0.0,0.27375221252441406,1.993117332458496,0.5128752380952382,122,507,6,38,0.9678788986354776,0.8144080724428532,6,45,12,12,0.6554580896686161,0.12280701754385964,
blood-transfusion-service-center,RandomForest,Yeo-Johnson,3,0.640625,0.0,0.2744560241699219,2.0743770599365234,0.5231757142857126,119,511,2,41,0.9676230506822612,0.820164427530542,4,52,5,14,0.7782651072124757,0.17677147409910796,
blood-transfusion-service-center,RandomForest,Yeo-Johnson,4,0.640625,0.0,0.27558422088623047,2.0328445434570312,0.5686399999999997,114,512,1,46,0.9696942007797271,0.8036144087688821,7,52,5,11,0.7119883040935673,0.3508519553719527,
blood-transfusion-service-center,RandomForest,Yeo-Johnson,5,0.625,0.015625,0.2759408950805664,1.969285011291504,0.4055,133,490,23,27,0.9668494152046784,0.7933471645791289,6,49,8,12,0.6535087719298246,0.2115254241305703,
blood-transfusion-service-center,RandomForest,Yeo-Johnson,6,0.640625,0.0,0.2774982452392578,2.039875030517578,0.4492314102564101,132,497,16,28,0.970754142300195,0.8158780163966877,4,51,6,14,0.6798245614035088,0.146943671674129,
blood-transfusion-service-center,RandomForest,Yeo-Johnson,7,0.65625,0.015625,0.27529430389404297,1.9980058670043945,0.5864799999999999,118,510,3,42,0.9688474658869396,0.8110750494988913,8,51,6,10,0.6778752436647175,0.3717719575628205,
blood-transfusion-service-center,RandomForest,Yeo-Johnson,8,0.640625,0.015625,0.27564048767089844,2.0183229446411133,0.5351666666666667,124,508,5,36,0.968682992202729,0.827617457830524,5,50,7,13,0.7032163742690059,0.1805354721816844,
blood-transfusion-service-center,RandomForest,Yeo-Johnson,9,0.65625,0.015625,0.27617645263671875,2.007166862487793,0.4109257142857143,138,489,24,23,0.9682055379995883,0.8086427863060791,8,46,11,9,0.7167182662538699,0.2673204886069449,
blood-transfusion-service-center,RandomForest,Yeo-Johnson,10,0.625,0.0,0.27460384368896484,2.001829147338867,0.45858333333333334,137,494,19,24,0.970863148208686,0.8228347601319921,3,47,10,14,0.5804953560371516,0.0011407789998237605,
blood-transfusion-service-center,RandomForest,Quantile Transform,1,0.625,0.0,0.30373477935791016,2.0561752319335938,0.4191666666666668,134,498,15,26,0.9737512183235867,0.828726274815796,7,46,11,11,0.6496101364522416,0.195906432748538,
blood-transfusion-service-center,RandomForest,Quantile Transform,2,0.609375,0.0,0.30234813690185547,2.018906593322754,0.5128752380952382,122,507,6,38,0.9673550194931774,0.8144080724428532,5,47,10,13,0.6642300194931774,0.10926834468453096,
blood-transfusion-service-center,RandomForest,Quantile Transform,3,0.625,0.0,0.2974987030029297,2.1001663208007812,0.5231757142857126,119,511,2,41,0.9682809454191034,0.820164427530542,4,52,5,14,0.7699805068226121,0.17677147409910796,
blood-transfusion-service-center,RandomForest,Quantile Transform,4,0.609375,0.0,0.2982616424560547,2.0586252212524414,0.5708886446886445,114,512,1,46,0.9700596978557505,0.8036144087688821,6,52,5,12,0.7134502923976607,0.29651080973057514,
blood-transfusion-service-center,RandomForest,Quantile Transform,5,0.609375,0.0,0.30262088775634766,1.995065689086914,0.4055,133,490,23,27,0.966617933723197,0.7933471645791289,5,48,9,13,0.6481481481481481,0.1314021574144452,
blood-transfusion-service-center,RandomForest,Quantile Transform,6,0.625,0.0,0.30315494537353516,2.0656557083129883,0.4492314102564101,132,497,16,28,0.9705957602339182,0.8158780163966877,4,51,6,14,0.6856725146198831,0.146943671674129,
blood-transfusion-service-center,RandomForest,Quantile Transform,7,0.625,0.015625,0.30399227142333984,2.0237951278686523,0.5864799999999999,118,510,3,42,0.9684088693957116,0.8110750494988913,8,51,6,10,0.678849902534113,0.3717719575628205,
blood-transfusion-service-center,RandomForest,Quantile Transform,8,0.625,0.0,0.3016071319580078,2.0441036224365234,0.47352380952381035,127,505,8,33,0.9685855263157894,0.8272314167935513,6,49,8,12,0.7012670565302144,0.2115254241305703,
blood-transfusion-service-center,RandomForest,Quantile Transform,9,0.609375,0.0,0.3019990921020508,2.0329856872558594,0.4109257142857143,138,489,24,23,0.9685566573438427,0.8086427863060791,8,45,12,9,0.7007223942208463,0.2463353700772254,
blood-transfusion-service-center,RandomForest,Quantile Transform,10,0.609375,0.0,0.30225372314453125,2.0276479721069336,0.45858333333333334,137,494,19,24,0.9711174070441806,0.8228347601319921,5,47,10,12,0.5980392156862746,0.12418362026725545,
blood-transfusion-service-center,RandomForest,Uniform Binning,1,0.578125,0.0,0.2763071060180664,0.35117626190185547,0.18235025908032645,148,177,336,12,0.7021686159844056,0.2557854783224192,16,15,42,2,0.6466861598440545,0.15510023666455722,
blood-transfusion-service-center,RandomForest,Uniform Binning,2,0.578125,0.0,0.27262401580810547,0.36292552947998047,0.2249332042592843,131,239,274,29,0.6935672514619884,0.24752269587884576,15,25,32,3,0.7037037037037037,0.24010575977235502,
blood-transfusion-service-center,RandomForest,Uniform Binning,3,0.609375,0.0,0.27236270904541016,0.35926342010498047,0.2181770901987847,145,185,328,15,0.6955287524366471,0.2485873447005348,16,22,35,2,0.6910331384015594,0.25164292176293396,
blood-transfusion-service-center,RandomForest,Uniform Binning,4,0.59375,0.0,0.2791709899902344,0.33637523651123047,0.25840163056418286,131,240,273,29,0.696850633528265,0.24906185142038662,14,29,28,4,0.686159844054581,0.2465426358859398,
blood-transfusion-service-center,RandomForest,Uniform Binning,5,0.59375,0.0,0.2727327346801758,0.34949779510498047,0.279197458428446,133,241,272,27,0.698635477582846,0.2617830883221504,11,31,26,7,0.6466861598440545,0.13238256256548012,
blood-transfusion-service-center,RandomForest,Uniform Binning,6,0.59375,0.0,0.27416133880615234,0.34614086151123047,0.25615078859313295,132,241,272,28,0.704379873294347,0.25618758478798087,14,25,32,4,0.6262183235867447,0.18975856142387054,
blood-transfusion-service-center,RandomForest,Uniform Binning,7,0.609375,0.0,0.2762432098388672,0.35926342010498047,0.20642593708966145,145,186,327,15,0.7043067738791423,0.25004388030024205,16,21,36,2,0.6345029239766082,0.23832228635838185,
blood-transfusion-service-center,RandomForest,Uniform Binning,8,0.59375,0.0,0.2784614562988281,0.36490917205810547,0.22947619047619047,131,238,275,29,0.6933357699805068,0.24598397693936835,15,28,29,3,0.7344054580896686,0.28149025726099297,
blood-transfusion-service-center,RandomForest,Uniform Binning,9,0.59375,0.015625,0.2753334045410156,0.34690380096435547,0.2286351842601842,132,244,269,29,0.7050113205719614,0.2566783688448345,14,21,36,3,0.6016511867905058,0.17248861406314372,
blood-transfusion-service-center,RandomForest,Uniform Binning,10,0.59375,0.0,0.2758350372314453,0.35514354705810547,0.21424241981721828,146,186,327,15,0.6976257067790248,0.25110150406089793,15,21,36,2,0.6862745098039216,0.22792679254135367,
blood-transfusion-service-center,RandomForest,Quantile Binning,1,0.59375,0.015625,0.2725400924682617,0.8869829177856445,0.27843408826945404,96,426,87,64,0.8116349902534112,0.41179094537932415,10,43,14,8,0.7129629629629629,0.28376755007309573,
blood-transfusion-service-center,RandomForest,Quantile Binning,2,0.578125,0.0,0.2756328582763672,0.8932390213012695,0.42837518037518035,78,462,51,82,0.814571150097466,0.4197116236027114,6,45,12,12,0.6447368421052632,0.12280701754385964,
blood-transfusion-service-center,RandomForest,Quantile Binning,3,0.59375,0.0,0.2768373489379883,0.8944597244262695,0.3443083028083027,98,418,95,62,0.8054276315789473,0.40222341647087156,8,51,6,10,0.7884990253411306,0.3717719575628205,
blood-transfusion-service-center,RandomForest,Quantile Binning,4,0.59375,0.0,0.274200439453125,0.9085063934326172,0.3878000268565285,79,453,60,81,0.8138340643274854,0.396224286312407,9,50,7,9,0.7139376218323586,0.3932342050909656,
blood-transfusion-service-center,RandomForest,Quantile Binning,5,0.59375,0.015625,0.2739524841308594,0.8891191482543945,0.3170797385056873,99,409,104,61,0.8068835282651072,0.385866372893839,12,47,10,6,0.7115009746588694,0.4607948120438598,
blood-transfusion-service-center,RandomForest,Quantile Binning,6,0.609375,0.0,0.27707958221435547,0.8877458572387695,0.35100283734841475,94,430,83,66,0.8182809454191032,0.4116248771169164,7,46,11,11,0.6296296296296297,0.195906432748538,
blood-transfusion-service-center,RandomForest,Quantile Binning,7,0.609375,0.0,0.27751922607421875,0.8854570388793945,0.40469469807330455,82,448,65,78,0.806889619883041,0.3974870591961236,10,47,10,8,0.7407407407407408,0.36710862157118823,
blood-transfusion-service-center,RandomForest,Quantile Binning,8,0.59375,0.015625,0.27101707458496094,0.8927812576293945,0.3382851804995431,90,427,86,70,0.8022051656920078,0.38249505854557425,10,53,4,8,0.7641325536062378,0.5320184909950707,
blood-transfusion-service-center,RandomForest,Quantile Binning,9,0.609375,0.0,0.27411460876464844,0.9066753387451172,0.3890438401467815,90,435,78,71,0.8047171067766034,0.40113710420059523,11,44,13,6,0.7750257997936016,0.37650740489051804,
blood-transfusion-service-center,RandomForest,Quantile Binning,10,0.59375,0.0,0.27645397186279297,0.8843889236450195,0.36079637029637013,93,438,75,68,0.8241921228191251,0.4252683437785318,4,46,11,13,0.5412796697626419,0.04427416026919542,
blood-transfusion-service-center,RandomForest,PCA,1,1.65625,0.015625,0.25424957275390625,1.8737106323242188,0.5010555555555556,128,504,9,32,0.9701510721247564,0.8272485193269985,7,49,8,11,0.6432748538011697,0.2653659799481466,
blood-transfusion-service-center,RandomForest,PCA,2,1.625,0.0,0.2537374496459961,1.8564281463623047,0.4851592929292935,122,507,6,38,0.9647356237816763,0.8144080724428532,5,48,9,13,0.5779727095516569,0.1314021574144452,
blood-transfusion-service-center,RandomForest,PCA,3,1.625,0.0,0.2558937072753906,1.924844741821289,0.5006666666666666,123,507,6,37,0.9633954678362574,0.8187499396951368,8,49,8,10,0.8148148148148149,0.31702602580977074,
blood-transfusion-service-center,RandomForest,PCA,4,1.625,0.0,0.25141143798828125,1.8465070724487305,0.54816,114,512,1,46,0.9666971247563353,0.8036144087688821,5,54,3,13,0.669103313840156,0.31149846053207353,
blood-transfusion-service-center,RandomForest,PCA,5,1.625,0.015625,0.2549285888671875,1.865586280822754,0.4143333333333334,133,490,23,27,0.9631944444444445,0.7933471645791289,6,47,10,12,0.7066276803118908,0.16460966724738096,
blood-transfusion-service-center,RandomForest,PCA,6,1.5625,0.015625,0.25655269622802734,1.7813291549682617,0.4414714102564102,132,497,16,28,0.96932261208577,0.8158780163966877,2,47,10,16,0.4644249512670565,-0.07493925260371805,
blood-transfusion-service-center,RandomForest,PCA,7,1.640625,0.0,0.2535247802734375,1.864975929260254,0.4977857142857143,122,506,7,38,0.9639132553606238,0.8098824215597495,7,50,7,11,0.6652046783625731,0.2916486908466954,
blood-transfusion-service-center,RandomForest,PCA,8,1.53125,0.0,0.25174999237060547,1.87872314453125,0.48754761904761906,124,508,5,36,0.9638096978557505,0.827617457830524,6,47,10,12,0.6973684210526315,0.16460966724738096,
blood-transfusion-service-center,RandomForest,PCA,9,1.59375,0.015625,0.24947738647460938,1.8400840759277344,0.46049999999999996,129,499,14,32,0.9653602605547686,0.8071797331737651,6,42,15,11,0.608875128998968,0.08377410214040071,
blood-transfusion-service-center,RandomForest,PCA,10,1.625,0.015625,0.25437450408935547,1.832005500793457,0.4126321428571435,136,494,19,25,0.9682660758175633,0.8183955925672884,3,44,13,14,0.4695562435500516,-0.0527271293793975,
blood-transfusion-service-center,RandomForest,Select Percentile (Mutual Info),1,0.609375,0.015625,0.32703590393066406,1.376143455505371,0.3625858308358309,106,446,67,54,0.8735136452241715,0.518128055373793,8,44,13,10,0.5745614035087719,0.20581298277672308,
blood-transfusion-service-center,RandomForest,Select Percentile (Mutual Info),2,0.625,0.0,0.32573604583740234,1.741185188293457,0.35747619047619045,123,446,67,37,0.9162585282651072,0.6035151311169277,6,48,9,12,0.6427875243664718,0.18731716231633877,
blood-transfusion-service-center,RandomForest,Select Percentile (Mutual Info),3,0.609375,0.0,0.32775402069091797,1.371413230895996,0.38092496392496394,87,469,44,73,0.8574926900584795,0.49241345805370107,7,52,5,11,0.6885964912280702,0.3508519553719527,
blood-transfusion-service-center,RandomForest,Select Percentile (Mutual Info),4,0.625,0.0,0.33214855194091797,1.352492332458496,0.4092406147773794,85,472,41,75,0.8536610623781675,0.4925292072643945,10,47,10,8,0.7188109161793372,0.36710862157118823,
blood-transfusion-service-center,RandomForest,Select Percentile (Mutual Info),5,0.609375,0.015625,0.325592041015625,1.316481590270996,0.41025901875901866,99,456,57,61,0.866879873294347,0.5121132210649052,4,45,12,14,0.5029239766081871,0.012193308684991182,
blood-transfusion-service-center,RandomForest,Select Percentile (Mutual Info),6,0.625,0.0,0.32971763610839844,1.372176170349121,0.44351190476190466,83,480,33,77,0.8584978070175439,0.5121791821148389,6,49,8,12,0.7085769980506823,0.2115254241305703,
blood-transfusion-service-center,RandomForest,Select Percentile (Mutual Info),7,0.609375,0.015625,0.3240232467651367,1.370955467224121,0.38946118505677324,99,462,51,61,0.8680190058479532,0.5312141332119256,6,44,13,12,0.5989278752436646,0.10336636905915428,
blood-transfusion-service-center,RandomForest,Select Percentile (Mutual Info),8,0.609375,0.015625,0.3198070526123047,1.368361473083496,0.5419439449439447,69,499,14,91,0.8651985867446393,0.5229877342650776,3,51,6,15,0.6442495126705654,0.08070002078437537,
blood-transfusion-service-center,RandomForest,Select Percentile (Mutual Info),9,0.625,0.015625,0.3233976364135742,1.393538475036621,0.4493731397545338,79,485,28,82,0.8563558655091836,0.5088345735108614,8,50,7,9,0.7497420020639836,0.3639120002614355,
blood-transfusion-service-center,RandomForest,Select Percentile (Mutual Info),10,0.609375,0.0,0.3270530700683594,1.345168113708496,0.4015429292929293,94,469,44,67,0.8685723971765162,0.5263196871296341,1,52,5,16,0.5005159958720331,-0.044531370506483835,
blood-transfusion-service-center,RandomForest,Random Undersampling,1,0.578125,0.0,0.24988746643066406,1.1985054016113281,0.66,131,434,79,29,0.8951327972709551,0.610772428729438,10,41,16,8,0.6408382066276803,0.2466554488815737,
blood-transfusion-service-center,RandomForest,Random Undersampling,2,0.59375,0.0,0.24518299102783203,1.2168159484863281,0.68,133,450,63,27,0.9007980019493178,0.663798629472752,7,42,15,11,0.6213450292397661,0.11794152927313077,
blood-transfusion-service-center,RandomForest,Random Undersampling,3,0.59375,0.0,0.24604129791259766,1.3198299407958984,0.6812133333333333,122,453,60,38,0.8897721734892787,0.6186799207292166,6,48,9,12,0.6939571150097467,0.18731716231633877,
blood-transfusion-service-center,RandomForest,Random Undersampling,4,0.59375,0.0,0.2452869415283203,1.2445869445800781,0.6249307359307359,129,434,79,31,0.8974780701754387,0.6008654236629665,10,45,12,8,0.699317738791423,0.32365349893556816,
blood-transfusion-service-center,RandomForest,Random Undersampling,5,0.59375,0.0,0.24018383026123047,1.2619905471801758,0.6527999999999997,120,458,55,40,0.9080348440545809,0.6238101218380268,6,50,7,12,0.6978557504873294,0.2375267627875967,
blood-transfusion-service-center,RandomForest,Random Undersampling,6,0.609375,0.0,0.23888206481933594,1.2311592102050781,0.66,127,437,76,33,0.8972465886939571,0.5988064827369146,9,43,14,9,0.6681286549707603,0.23561407855885477,
blood-transfusion-service-center,RandomForest,Random Undersampling,7,0.609375,0.015625,0.24228286743164062,1.2349739074707031,0.62,126,449,64,34,0.8976059941520468,0.6267782145993362,10,42,15,8,0.6510721247563352,0.26490647141300877,
blood-transfusion-service-center,RandomForest,Random Undersampling,8,0.59375,0.0,0.2389049530029297,1.2699251174926758,0.6683999999999998,122,446,67,38,0.8950657894736842,0.5985638701800485,9,49,8,9,0.7373294346978557,0.36687171364885646,
blood-transfusion-service-center,RandomForest,Random Undersampling,9,0.59375,0.0,0.24473190307617188,1.2214088439941406,0.6660866666666666,123,440,73,38,0.8920005327327982,0.5837044602844904,11,43,14,6,0.7476780185758515,0.35704229750436944,
blood-transfusion-service-center,RandomForest,Random Undersampling,10,0.609375,0.015625,0.24024391174316406,1.2526979446411133,0.6582999999999999,129,446,67,32,0.9129466177521097,0.6296768989825483,2,47,10,15,0.5479876160990713,-0.06595377687945922,
blood-transfusion-service-center,RandomForest,SMOTE / SMOTENC,1,0.65625,0.0,0.3465604782104492,2.73093318939209,0.5081038095238091,133,498,15,27,0.9722892300194931,0.8243052664586156,7,46,11,11,0.6106237816764133,0.195906432748538,
blood-transfusion-service-center,RandomForest,SMOTE / SMOTENC,2,0.640625,0.0,0.3446207046508789,2.759161949157715,0.6069235894824129,121,507,6,39,0.9692799707602339,0.8100591795445494,5,42,15,13,0.6496101364522417,0.014119562368122625,
blood-transfusion-service-center,RandomForest,SMOTE / SMOTENC,3,0.65625,0.015625,0.35076236724853516,2.804201126098633,0.539,126,503,10,34,0.9648696393762183,0.8141926076908345,6,50,7,12,0.7256335282651072,0.2375267627875967,
blood-transfusion-service-center,RandomForest,SMOTE / SMOTENC,4,0.640625,0.0,0.3490781784057617,2.7687835693359375,0.5669274259074255,117,509,4,43,0.9695601851851853,0.8019856714672405,8,47,10,10,0.6846978557504872,0.26900584795321636,
blood-transfusion-service-center,RandomForest,SMOTE / SMOTENC,5,0.640625,0.0,0.3480520248413086,2.667753219604492,0.6081590909090909,116,506,7,44,0.9625730994152047,0.7835577761937752,6,50,7,12,0.6291423001949318,0.2375267627875967,
blood-transfusion-service-center,RandomForest,SMOTE / SMOTENC,6,0.65625,0.015625,0.3491201400756836,2.7320098876953125,0.49314357864357883,132,496,17,28,0.9705470272904483,0.8119124077948732,6,46,11,12,0.6705653021442495,0.14316944922882205,
blood-transfusion-service-center,RandomForest,SMOTE / SMOTENC,7,0.65625,0.0,0.3449745178222656,2.71628475189209,0.4897985347985347,131,495,18,29,0.96875,0.8035054742844117,10,46,11,8,0.6647173489278753,0.34487580897721165,
blood-transfusion-service-center,RandomForest,SMOTE / SMOTENC,8,0.640625,0.015625,0.3470582962036133,2.7675628662109375,0.49637142857142846,130,501,12,30,0.9683296783625731,0.8233107583214258,9,48,9,9,0.7231968810916178,0.34210526315789475,
blood-transfusion-service-center,RandomForest,SMOTE / SMOTENC,9,0.625,0.0,0.3492555618286133,2.7412033081054688,0.5960820441254655,118,509,4,43,0.9700943179204048,0.8030327146543945,7,46,11,10,0.6940144478844169,0.2145081050409942,
blood-transfusion-service-center,RandomForest,SMOTE / SMOTENC,10,0.640625,0.0,0.3524818420410156,2.7199935913085938,0.6274396825396826,117,508,5,44,0.9688048623975398,0.793995412105103,4,48,9,13,0.6181630546955624,0.08555842498678205,
blood-transfusion-service-center,MLP,Baseline,1,0.5625,0.0,0.5636796951293945,0.027151107788085938,0.30452357625214876,84,422,91,76,0.7463511208576997,0.3373493251759397,11,48,9,7,0.7889863547758285,0.4377064334118014,
blood-transfusion-service-center,MLP,Baseline,2,0.65625,0.0,0.5687017440795898,0.027256011962890625,0.11061033068158085,108,345,168,52,0.6808053118908384,0.30077515514167225,11,31,26,7,0.5682261208576997,0.13238256256548012,
blood-transfusion-service-center,MLP,Baseline,3,0.84375,0.0,0.5709409713745117,0.027467727661132812,0.15575087245121355,112,349,164,48,0.7244334795321637,0.32916131127830744,14,42,15,4,0.7826510721247564,0.45131765960271913,
blood-transfusion-service-center,MLP,Baseline,4,0.65625,0.015625,0.5678300857543945,0.027173995971679688,0.5168136057562929,59,471,42,101,0.7419286062378169,0.3419465360367331,8,51,6,10,0.7865497076023392,0.3717719575628205,
blood-transfusion-service-center,MLP,Baseline,5,0.5625,0.0,0.5672121047973633,0.027111053466796875,0.46431827196808034,135,249,264,25,0.716288986354776,0.28518361427018807,17,30,27,1,0.8576998050682262,0.4082876704416204,
blood-transfusion-service-center,MLP,Baseline,6,0.53125,0.0,0.5665369033813477,0.027069091796875,0.8153818212153228,83,434,79,77,0.7566337719298246,0.36320403031361154,4,44,13,14,0.5891812865497076,-0.005965393717867585,
blood-transfusion-service-center,MLP,Baseline,7,0.640625,0.0,0.5684957504272461,0.0272369384765625,0.004176687449874206,114,170,343,46,0.5047880116959065,0.040016588283193336,14,19,38,4,0.6359649122807018,0.10291189638202852,
blood-transfusion-service-center,MLP,Baseline,8,0.75,0.03125,0.5694341659545898,0.027341842651367188,0.5018268301770483,76,444,69,84,0.7464851364522417,0.3525584257720042,9,53,4,9,0.8045808966861598,0.4849504740246766,
blood-transfusion-service-center,MLP,Baseline,9,0.65625,0.0,0.5686483383178711,0.027256011962890625,0.010518634631850272,92,288,225,69,0.559696342305038,0.11347778636188607,9,34,23,8,0.5975232198142415,0.10690507137049877,
blood-transfusion-service-center,MLP,Baseline,10,0.75,0.0,0.5704803466796875,0.027425765991210938,0.1613116793433691,103,373,140,58,0.7246195198140277,0.3257728615560382,9,41,16,8,0.7027863777089784,0.22120101207854254,
blood-transfusion-service-center,MLP,Standard Scaler,1,1.5,0.0,0.5835771560668945,0.028272628784179688,0.3687998614397465,81,452,61,79,0.7721673976608188,0.4041302908647999,9,51,6,9,0.7587719298245614,0.4214636152117623,
blood-transfusion-service-center,MLP,Standard Scaler,2,2.671875,0.0,0.6043119430541992,0.030048370361328125,0.5170712123946005,62,485,28,98,0.7784661306042886,0.4163915024441307,7,50,7,11,0.7660818713450291,0.2916486908466954,
blood-transfusion-service-center,MLP,Standard Scaler,3,2.0625,0.0,0.5920200347900391,0.029033660888671875,0.3840146234571249,79,457,56,81,0.771740984405458,0.4088430451053222,7,54,3,11,0.7875243664717351,0.4224630560631209,
blood-transfusion-service-center,MLP,Standard Scaler,4,2.734375,0.03125,0.6043119430541992,0.030048370361328125,0.38285799960123557,75,460,53,85,0.7761147660818712,0.39639389434529876,11,48,9,7,0.7738791423001949,0.4377064334118014,
blood-transfusion-service-center,MLP,Standard Scaler,5,2.8125,0.0,0.6043558120727539,0.030048370361328125,0.3070510328005162,95,423,90,65,0.779203216374269,0.39886194494334565,9,48,9,9,0.7378167641325537,0.34210526315789475,
blood-transfusion-service-center,MLP,Standard Scaler,6,2.8125,0.0,0.6043119430541992,0.030048370361328125,0.5065294033985407,62,487,26,98,0.7879325048732944,0.4252989991382314,3,54,3,15,0.672514619883041,0.17951965741648493,
blood-transfusion-service-center,MLP,Standard Scaler,7,2.21875,0.0,0.5963535308837891,0.029359817504882812,0.38398682951200924,79,464,49,81,0.7770711500974657,0.4319695690770055,9,49,8,9,0.7616959064327485,0.36687171364885646,
blood-transfusion-service-center,MLP,Standard Scaler,8,1.78125,0.0,0.588343620300293,0.028707504272460938,0.36007924698403493,79,450,63,81,0.766660575048733,0.3870208840298356,9,53,4,9,0.8386939571150097,0.4849504740246766,
blood-transfusion-service-center,MLP,Standard Scaler,9,1.78125,0.078125,0.5888824462890625,0.028743743896484375,0.3449831357591119,83,445,68,78,0.7702347656581066,0.3916534743449636,12,43,14,5,0.8163054695562435,0.4055698643562065,
blood-transfusion-service-center,MLP,Standard Scaler,10,2.90625,0.0,0.6042633056640625,0.030048370361328125,0.3628879011679632,84,455,58,77,0.783401741067645,0.4273204107195893,6,50,7,11,0.7079463364293086,0.2543937169606986,
blood-transfusion-service-center,MLP,MinMax Scaler,1,2.71875,0.0,0.6049337387084961,0.030759811401367188,0.31863618935549975,87,434,79,73,0.7625548245614036,0.38490284239689815,9,49,8,9,0.7655945419103315,0.36687171364885646,
blood-transfusion-service-center,MLP,MinMax Scaler,2,2.796875,0.015625,0.6048097610473633,0.030759811401367188,0.40279573097269505,67,472,41,93,0.7604349415204679,0.392972201202766,8,50,7,10,0.7660818713450291,0.3434147975799544,
blood-transfusion-service-center,MLP,MinMax Scaler,3,2.4375,0.09375,0.5995054244995117,0.030233383178710938,0.3684487285609281,70,462,51,90,0.7547941033138402,0.3747849039796555,6,53,4,12,0.8011695906432749,0.33062326126679026,
blood-transfusion-service-center,MLP,MinMax Scaler,4,2.625,0.0,0.6038713455200195,0.030673980712890625,0.34311958313670976,73,451,62,87,0.7551352339181285,0.35654449864429355,12,49,8,6,0.7855750487329435,0.5083042452524145,
blood-transfusion-service-center,MLP,MinMax Scaler,5,2.4375,0.0,0.6001672744750977,0.030298233032226562,0.38310841245050314,70,462,51,90,0.7564449317738792,0.3747849039796555,7,53,4,11,0.7524366471734893,0.38475807453134153,
blood-transfusion-service-center,MLP,MinMax Scaler,6,2.53125,0.0,0.598301887512207,0.03012847900390625,0.37106725337069885,71,469,44,89,0.7691825048732943,0.40486612552477735,3,52,5,15,0.6544834307992203,0.10922673291384397,
blood-transfusion-service-center,MLP,MinMax Scaler,7,2.71875,0.015625,0.6046552658081055,0.030759811401367188,0.33615051055838213,81,446,67,79,0.7646320662768031,0.3860882632383675,10,47,10,8,0.7538986354775828,0.36710862157118823,
blood-transfusion-service-center,MLP,MinMax Scaler,8,2.609375,0.0,0.6041116714477539,0.0307159423828125,0.37428203941064453,65,470,43,95,0.7546600877192982,0.3739530870817735,6,54,3,12,0.8065302144249512,0.36891438072857313,
blood-transfusion-service-center,MLP,MinMax Scaler,9,2.0625,0.0,0.5934677124023438,0.0296478271484375,0.3704941812803121,65,470,43,96,0.757485501192595,0.37185529872541184,9,50,7,8,0.7471620227038184,0.41548977950965227,
blood-transfusion-service-center,MLP,MinMax Scaler,10,2.90625,0.0,0.6044845581054688,0.030736923217773438,0.31270199641437807,89,433,80,72,0.7670565302144249,0.39039885853336626,8,49,8,9,0.718266253869969,0.337453628028144,
blood-transfusion-service-center,MLP,IQR Capping,1,0.8125,0.0,0.5790719985961914,0.02747821807861328,0.45127800521546496,87,431,82,73,0.7590826023391813,0.37686420645673224,9,49,8,9,0.7344054580896687,0.36687171364885646,
blood-transfusion-service-center,MLP,IQR Capping,2,1.125,0.046875,0.5819921493530273,0.027814865112304688,0.5118019960479635,69,461,52,91,0.7531920077972709,0.3656955259480048,8,48,9,10,0.767056530214425,0.2923042921755117,
blood-transfusion-service-center,MLP,IQR Capping,3,1.03125,0.0,0.5806045532226562,0.027709007263183594,0.16603637188378362,115,339,174,45,0.7326632553606238,0.32643336968150505,13,41,16,5,0.7690058479532164,0.38721003750006017,
blood-transfusion-service-center,MLP,IQR Capping,4,0.84375,0.09375,0.5782871246337891,0.02747821807861328,0.6087217292047749,86,404,109,74,0.7322307504873293,0.3050024587203839,15,42,15,3,0.8031189083820663,0.4970674233862172,
blood-transfusion-service-center,MLP,IQR Capping,5,0.84375,0.078125,0.5797052383422852,0.027602195739746094,0.5435421334184979,74,452,61,86,0.7491349902534113,0.365260923054465,7,53,4,11,0.8060428849902534,0.38475807453134153,
blood-transfusion-service-center,MLP,IQR Capping,6,0.75,0.0,0.5777416229248047,0.02739238739013672,0.30933668835897943,85,422,91,75,0.7502132066276803,0.34278213438618343,5,50,7,13,0.652046783625731,0.1805354721816844,
blood-transfusion-service-center,MLP,IQR Capping,7,1.15625,0.0,0.581110954284668,0.027749061584472656,0.6187828001957989,94,398,115,66,0.738511208576998,0.3342611928338004,9,43,14,9,0.706140350877193,0.23561407855885477,
blood-transfusion-service-center,MLP,IQR Capping,8,0.921875,0.09375,0.5805368423461914,0.027688026428222656,0.021895333973620014,100,270,243,60,0.5582785087719297,0.12885429288394337,11,27,30,7,0.5687134502923976,0.0727468487608321,
blood-transfusion-service-center,MLP,IQR Capping,9,0.6875,0.0,0.5762672424316406,0.027268409729003906,0.7823741721316861,88,405,108,73,0.7356071337764702,0.3155319012124862,11,35,22,6,0.6945304437564499,0.22095800209266733,
blood-transfusion-service-center,MLP,IQR Capping,10,0.765625,0.0,0.5759849548339844,0.02724742889404297,0.30354248611492013,88,399,114,73,0.72615718039059,0.30189394945238296,8,43,14,9,0.7265221878224974,0.20705303120611118,
blood-transfusion-service-center,MLP,IQR Removal,1,0.84375,0.0,0.604914665222168,0.027561187744140625,0.8699894166392588,92,396,117,68,0.7291483918128655,0.3191744928956911,8,40,17,10,0.648635477582846,0.13245323570650439,
blood-transfusion-service-center,MLP,IQR Removal,2,0.75,0.0,0.6049919128417969,0.027477264404296875,0.012187057054243276,115,211,302,45,0.5599841617933723,0.11404104799740634,8,19,38,10,0.3343079922027291,-0.19488717119208326,
blood-transfusion-service-center,MLP,IQR Removal,3,0.9375,0.0,0.6044425964355469,0.027414321899414062,0.014610684234569574,99,249,264,61,0.5300743177387914,0.08893257568685636,11,26,31,7,0.5536062378167641,0.05786204719772057,
blood-transfusion-service-center,MLP,IQR Removal,4,0.75,0.0,0.6042356491088867,0.027307510375976562,0.13816819482018686,28,445,68,132,0.49156310916179335,0.051669701113949855,0,48,9,18,0.4590643274853801,-0.2075143391598224,
blood-transfusion-service-center,MLP,IQR Removal,5,0.84375,0.0,0.605372428894043,0.027540206909179688,0.019994384457963074,115,271,242,45,0.638182261208577,0.21070000195319608,11,28,29,7,0.5077972709551657,0.0876095805063078,
blood-transfusion-service-center,MLP,IQR Removal,6,1.125,0.0,0.6079006195068359,0.027750015258789062,0.6830730675597373,92,403,110,68,0.7481420565302145,0.334910070365436,5,42,15,13,0.588206627680312,0.014119562368122625,
blood-transfusion-service-center,MLP,IQR Removal,7,1.03125,0.0,0.6083059310913086,0.02779102325439453,0.3776500193762845,68,460,53,92,0.7539351851851852,0.35660614791635403,10,48,9,8,0.7568226120857701,0.3904951720012495,
blood-transfusion-service-center,MLP,IQR Removal,8,0.84375,0.0,0.6054830551147461,0.027538299560546875,0.020398682988262366,105,221,292,55,0.526760477582846,0.0753414136687438,11,23,34,7,0.5326510721247564,0.012745318548364543,
blood-transfusion-service-center,MLP,IQR Removal,9,0.84375,0.0,0.6062965393066406,0.02758026123046875,0.09829992210073946,27,444,69,134,0.4711779448621554,0.040503848891566184,1,51,6,16,0.499484004127967,-0.06675198793161509,
blood-transfusion-service-center,MLP,IQR Removal,10,0.5625,0.0,0.60162353515625,0.027141571044921875,0.10937785977104104,44,422,91,117,0.5534427857082319,0.10217558334374717,3,48,9,14,0.5913312693498453,0.02119942828268332,
blood-transfusion-service-center,MLP,Yeo-Johnson,1,2.03125,0.0,0.5894384384155273,0.029020309448242188,0.30730228721667585,100,412,101,60,0.766441276803119,0.39821173595062337,13,42,15,5,0.7266081871345029,0.40533983101354554,
blood-transfusion-service-center,MLP,Yeo-Johnson,2,2.265625,0.0625,0.595332145690918,0.02960968017578125,0.2985000320065096,102,406,107,58,0.7653691520467836,0.3946079925862375,10,41,16,8,0.7485380116959065,0.2466554488815737,
blood-transfusion-service-center,MLP,Yeo-Johnson,3,2.0625,0.0,0.590367317199707,0.029125213623046875,0.3264268047047851,102,406,107,58,0.7578277290448344,0.3946079925862375,10,49,8,8,0.787524366471735,0.4152046783625731,
blood-transfusion-service-center,MLP,Yeo-Johnson,4,2.53125,0.0,0.5974617004394531,0.02983856201171875,0.3083099408728051,104,401,112,56,0.7610684697855752,0.3936334691976975,13,47,10,5,0.7933723196881093,0.5064348585115614,
blood-transfusion-service-center,MLP,Yeo-Johnson,5,1.34375,0.0,0.5787687301635742,0.027990341186523438,0.3238752064923275,99,417,96,61,0.7599780701754386,0.40502744227779597,9,43,14,9,0.7397660818713451,0.23561407855885477,
blood-transfusion-service-center,MLP,Yeo-Johnson,6,1.875,0.078125,0.5879049301147461,0.028896331787109375,0.3321379741246382,98,422,91,62,0.7720821150097467,0.41216037596132826,6,48,9,12,0.6564327485380118,0.18731716231633877,
blood-transfusion-service-center,MLP,Yeo-Johnson,7,2.53125,0.0,0.595393180847168,0.029651641845703125,0.2951194173028138,103,404,109,57,0.7671783625730996,0.39523366228020135,12,43,14,6,0.7490253411306044,0.3778551557334746,
blood-transfusion-service-center,MLP,Yeo-Johnson,8,1.453125,0.03125,0.5814542770385742,0.028242111206054688,0.33042372472076237,96,414,99,64,0.7530519005847953,0.38194475376454706,11,51,6,7,0.8123781676413255,0.5160065565955461,
blood-transfusion-service-center,MLP,Yeo-Johnson,9,1.78125,0.0625,0.5864143371582031,0.02874755859375,0.3129183273385991,97,414,99,64,0.7582119550082937,0.38449055925957304,14,42,15,3,0.8142414860681115,0.4828727363384169,
blood-transfusion-service-center,MLP,Yeo-Johnson,10,2.4375,0.0,0.5964756011962891,0.029733657836914062,0.27727908745401086,105,402,111,56,0.7719600934703909,0.39819781916666963,10,47,10,7,0.7058823529411765,0.3910085239321038,
blood-transfusion-service-center,MLP,Quantile Transform,1,2.90625,0.0,0.6314239501953125,0.056250572204589844,0.33657767496195157,93,431,82,67,0.7817434210526316,0.40896452434146147,11,48,9,7,0.7285575048732944,0.4377064334118014,
blood-transfusion-service-center,MLP,Quantile Transform,2,2.90625,0.0,0.6310968399047852,0.056250572204589844,0.46807870042779964,64,482,31,96,0.7755908869395712,0.41516787159064106,8,51,6,10,0.7504873294346979,0.3717719575628205,
blood-transfusion-service-center,MLP,Quantile Transform,3,2.890625,0.09375,0.6313276290893555,0.056250572204589844,0.30835910977390824,102,413,100,58,0.774031432748538,0.41106714475249456,9,52,5,9,0.7777777777777778,0.45189522427894563,
blood-transfusion-service-center,MLP,Quantile Transform,4,2.90625,0.0,0.6321477890014648,0.056250572204589844,0.3087490688380003,96,420,93,64,0.7734710038986354,0.39662675144310156,14,44,13,4,0.8031189083820662,0.4891059238259957,
blood-transfusion-service-center,MLP,Quantile Transform,5,2.8125,0.0,0.6311883926391602,0.056250572204589844,0.35814802422576886,89,440,73,71,0.7735258284600389,0.41219089942768894,8,48,9,10,0.7855750487329435,0.2923042921755117,
blood-transfusion-service-center,MLP,Quantile Transform,6,2.8125,0.09375,0.6318702697753906,0.056250572204589844,0.3889773062242698,82,459,54,78,0.7907711988304094,0.4317269282761799,3,50,7,15,0.6237816764132553,0.05510387687779838,
blood-transfusion-service-center,MLP,Quantile Transform,7,2.796875,0.0,0.6311006546020508,0.056250572204589844,0.333477774178338,95,429,84,65,0.777619395711501,0.41429006852429323,11,46,11,7,0.7441520467836258,0.39222415548971395,
blood-transfusion-service-center,MLP,Quantile Transform,8,2.90625,0.046875,0.6312589645385742,0.056250572204589844,0.32817647965780505,90,434,79,70,0.7675377680311891,0.4010109752941586,10,51,6,8,0.8279727095516569,0.4694423843721605,
blood-transfusion-service-center,MLP,Quantile Transform,9,2.90625,0.0,0.6316652297973633,0.056288719177246094,0.350424291269674,90,441,72,71,0.7733706246292059,0.41776856812926344,10,44,13,7,0.803921568627451,0.32735164854704707,
blood-transfusion-service-center,MLP,Quantile Transform,10,2.84375,0.0,0.631434440612793,0.056288719177246094,0.4209736984316731,73,471,42,88,0.7834138486312399,0.421141450535033,6,52,5,11,0.7306501547987616,0.3136206261066179,
blood-transfusion-service-center,MLP,Uniform Binning,1,1.40625,0.0,0.5844907760620117,0.02883625030517578,0.22115096424240047,146,179,334,14,0.6920687134502924,0.24607715317990425,16,16,41,2,0.6710526315789473,0.1695906432748538,
blood-transfusion-service-center,MLP,Uniform Binning,2,1.40625,0.0,0.5848588943481445,0.028878211975097656,0.2476371097746454,130,239,274,30,0.6699317738791424,0.24193611805279233,15,25,32,3,0.7173489278752436,0.24010575977235502,
blood-transfusion-service-center,MLP,Uniform Binning,3,1.875,0.046875,0.5906686782836914,0.029465675354003906,0.22397432748710683,143,187,326,17,0.6867811890838207,0.23921873853634734,16,23,34,2,0.7119883040935672,0.26490647141300877,
blood-transfusion-service-center,MLP,Uniform Binning,4,1.59375,0.0,0.5869264602661133,0.02910900115966797,0.2805621043429161,130,242,271,30,0.6912463450292398,0.24656954092789787,14,28,29,4,0.6695906432748538,0.23228768443344835,
blood-transfusion-service-center,MLP,Uniform Binning,5,1.71875,0.0,0.5872640609741211,0.029129981994628906,0.2739054338554269,133,239,274,27,0.6821393762183237,0.25872434544543316,11,31,26,7,0.6769005847953217,0.13238256256548012,
blood-transfusion-service-center,MLP,Uniform Binning,6,1.40625,0.0,0.5831232070922852,0.02870655059814453,0.27893278162903734,130,244,269,30,0.6975450779727096,0.2496610208213936,14,25,32,4,0.6086744639376218,0.18975856142387054,
blood-transfusion-service-center,MLP,Uniform Binning,7,1.40625,0.0,0.5840215682983398,0.028815269470214844,0.2372603615688128,146,173,340,14,0.6899427387914231,0.23733067641339134,16,22,35,2,0.6569200779727096,0.25164292176293396,
blood-transfusion-service-center,MLP,Uniform Binning,8,1.78125,0.0,0.5888681411743164,0.029295921325683594,0.28281389629087256,129,241,272,31,0.6826388888888889,0.23945675477082648,15,28,29,3,0.7558479532163743,0.28149025726099297,
blood-transfusion-service-center,MLP,Uniform Binning,9,1.6875,0.0,0.5877590179443359,0.02917003631591797,0.2849161867628594,130,248,265,31,0.6976135992154299,0.25182052575241376,14,21,36,3,0.6104231166150671,0.17248861406314372,
blood-transfusion-service-center,MLP,Uniform Binning,10,1.6875,0.0,0.5875530242919922,0.029150962829589844,0.21496590843429944,144,188,325,17,0.687685397067548,0.24179751833125177,15,22,35,2,0.6976264189886481,0.24111311643235145,
blood-transfusion-service-center,MLP,Quantile Binning,1,0.9375,0.015625,0.5756988525390625,0.028038978576660156,0.33006603045139277,89,418,95,71,0.7593201754385964,0.3544092989694812,10,44,13,8,0.726608187134503,0.3033192735470314,
blood-transfusion-service-center,MLP,Quantile Binning,2,2.4375,0.0,0.6015310287475586,0.03055858612060547,0.38485806666025474,67,462,51,93,0.7610501949317738,0.35750113202766265,5,48,9,13,0.7227095516569202,0.1314021574144452,
blood-transfusion-service-center,MLP,Quantile Binning,3,1.6875,0.015625,0.588496208190918,0.029297828674316406,0.3051033005992766,90,415,98,70,0.7558296783625731,0.35244305456838665,8,50,7,10,0.7884990253411306,0.3434147975799544,
blood-transfusion-service-center,MLP,Quantile Binning,4,1.21875,0.0,0.5805292129516602,0.02849864959716797,0.43620722869918804,54,478,35,106,0.7502375730994153,0.33838528868986356,7,51,6,11,0.8279727095516569,0.32000133319995666,
blood-transfusion-service-center,MLP,Quantile Binning,5,1.40625,0.0,0.5834131240844727,0.02877521514892578,0.3165922248068107,89,412,101,71,0.7499878167641325,0.3398668516496309,10,48,9,8,0.8114035087719299,0.3904951720012495,
blood-transfusion-service-center,MLP,Quantile Binning,6,1.59375,0.046875,0.5853109359741211,0.028962135314941406,0.34572496389519886,76,450,63,84,0.7753715886939571,0.3703576702790139,4,47,10,14,0.5808966861598441,0.05127889069832007,
blood-transfusion-service-center,MLP,Quantile Binning,7,1.859375,0.0,0.5900583267211914,0.029425621032714844,0.33605379820126424,90,417,96,70,0.7632858187134502,0.3573156775757781,9,46,11,9,0.7202729044834308,0.29651080973057514,
blood-transfusion-service-center,MLP,Quantile Binning,8,1.59375,0.0,0.5845308303833008,0.02888011932373047,0.3229044747922368,88,409,104,72,0.7479775828460039,0.32738892426554894,11,51,6,7,0.8357699805068226,0.5160065565955461,
blood-transfusion-service-center,MLP,Quantile Binning,9,1.96875,0.0,0.5920658111572266,0.02963542938232422,0.31946430699405565,87,421,92,74,0.7578971583548242,0.34857187254146554,12,40,17,5,0.7796697626418989,0.35126101446348923,
blood-transfusion-service-center,MLP,Quantile Binning,10,1.03125,0.0,0.5767478942871094,0.02810192108154297,0.3206966784500328,96,405,108,65,0.7601188962745028,0.3580223494539385,6,46,11,11,0.7002063983488132,0.15995872033023736,
blood-transfusion-service-center,MLP,PCA,1,0.46875,0.0,0.5372028350830078,0.018117904663085938,0.2747865943994817,103,313,200,57,0.6411610623781676,0.21723811438898075,9,35,22,9,0.5170565302144249,0.09890198228088942,
blood-transfusion-service-center,MLP,PCA,2,0.578125,0.0,0.5413455963134766,0.018425941467285156,0.36110342877633494,100,317,196,60,0.6205226608187134,0.2083482943582844,12,38,19,6,0.6968810916179337,0.2890981020518306,
blood-transfusion-service-center,MLP,PCA,3,0.75,0.0,0.542144775390625,0.018532752990722656,0.3559576831493969,103,312,201,57,0.63208455165692,0.21550675345913387,9,41,16,9,0.5994152046783625,0.19867985355975656,
blood-transfusion-service-center,MLP,PCA,4,0.59375,0.0,0.5410270690917969,0.018442153930664062,0.20975991049824902,64,388,125,96,0.5762609649122807,0.1480887591514746,9,38,19,9,0.6218323586744638,0.14716159469918533,
blood-transfusion-service-center,MLP,PCA,5,0.578125,0.015625,0.5409574508666992,0.018407821655273438,0.3436474178415742,98,314,199,62,0.6083698830409356,0.19254345571723797,14,41,16,4,0.7992202729044834,0.43334083064439444,
blood-transfusion-service-center,MLP,PCA,6,0.515625,0.0,0.5390729904174805,0.018279075622558594,0.29610086248109113,46,411,102,114,0.44371954191033136,0.09113451107089282,4,45,12,14,0.5336257309941521,0.012193308684991182,
blood-transfusion-service-center,MLP,PCA,7,0.390625,0.0,0.5376901626586914,0.018172264099121094,0.2747548657099192,102,319,194,58,0.6332846003898636,0.22241232666551863,10,34,23,8,0.5921052631578947,0.13081854149049868,
blood-transfusion-service-center,MLP,PCA,8,0.390625,0.0,0.53692626953125,0.0180816650390625,0.40189776367714175,84,355,158,76,0.6245431286549709,0.1925075179192489,8,42,15,10,0.6798245614035088,0.16790888357067812,
blood-transfusion-service-center,MLP,PCA,9,0.46875,0.046875,0.537632942199707,0.018154144287109375,0.2871183039707431,97,320,193,64,0.6287215623600064,0.19486174785354912,15,27,30,2,0.6160990712074305,0.30679759491114883,
blood-transfusion-service-center,MLP,PCA,10,0.65625,0.0,0.5399045944213867,0.01831531524658203,0.28933523590944593,46,410,103,115,0.4525262431440921,0.08727367597685355,4,49,8,13,0.4674922600619195,0.10835263344482587,
blood-transfusion-service-center,MLP,Select Percentile (Mutual Info),1,1.921875,0.0,0.6378669738769531,0.023497581481933594,0.3083606136358197,97,396,117,63,0.7547636452241715,0.3457035191001424,11,39,18,7,0.6676413255360625,0.25899479329474223,
blood-transfusion-service-center,MLP,Select Percentile (Mutual Info),2,1.78125,0.0,0.6304473876953125,0.02282428741455078,0.36857675406021256,90,414,99,70,0.7354593079922027,0.35002587788842154,6,44,13,12,0.730019493177388,0.10336636905915428,
blood-transfusion-service-center,MLP,Select Percentile (Mutual Info),3,2.046875,0.0,0.6341285705566406,0.023161888122558594,0.2991898060383755,98,387,126,62,0.7448099415204679,0.331438223517859,9,49,8,9,0.7480506822612085,0.36687171364885646,
blood-transfusion-service-center,MLP,Select Percentile (Mutual Info),4,1.96875,0.0,0.6357955932617188,0.02320384979248047,0.3094098207679014,93,400,113,67,0.7453520955165692,0.3334312262572308,14,40,17,4,0.7724171539961013,0.41589551523245805,
blood-transfusion-service-center,MLP,Select Percentile (Mutual Info),5,1.6875,0.0,0.6319961547851562,0.02286815643310547,0.3046607377932956,97,398,115,63,0.7457297758284601,0.35014895569844895,9,43,14,9,0.723196881091618,0.23561407855885477,
blood-transfusion-service-center,MLP,Select Percentile (Mutual Info),6,0.75,0.0,0.6153564453125,0.021291732788085938,0.3941532583175278,113,341,172,47,0.7403569688109162,0.3196068416922735,9,40,17,9,0.6442495126705653,0.18105559545562325,
blood-transfusion-service-center,MLP,Select Percentile (Mutual Info),7,1.78125,0.0,0.6326351165771484,0.023034095764160156,0.35314333234952144,83,429,84,77,0.7508406432748539,0.34988270508896363,8,44,13,10,0.6905458089668616,0.20581298277672308,
blood-transfusion-service-center,MLP,Select Percentile (Mutual Info),8,0.5625,0.0,0.6120376586914062,0.021039962768554688,0.3660102504135846,107,364,149,53,0.7311342592592592,0.33171789989390765,11,44,13,7,0.776803118908382,0.3506938590525994,
blood-transfusion-service-center,MLP,Select Percentile (Mutual Info),9,1.40625,0.03125,0.6267194747924805,0.02246570587158203,0.2874197477486853,104,371,142,57,0.740583342414006,0.32696131074397866,14,35,22,3,0.7915376676986584,0.3682654019492192,
blood-transfusion-service-center,MLP,Select Percentile (Mutual Info),10,0.65625,0.0,0.6145162582397461,0.021207809448242188,0.012090137007368388,68,335,178,93,0.4930563122782803,0.06676487768750447,6,41,16,11,0.5577915376676987,0.06648491827719166,
blood-transfusion-service-center,MLP,Random Undersampling,1,0.5625,0.0,0.5068521499633789,0.03023529052734375,0.8973035760611565,89,399,114,71,0.7225938109161794,0.30981633366416916,7,42,15,11,0.6310916179337231,0.11794152927313077,
blood-transfusion-service-center,MLP,Random Undersampling,2,0.546875,0.0,0.5065584182739258,0.030219078063964844,0.7219349908127849,128,276,237,32,0.7050012183235869,0.2888208963206581,14,28,29,4,0.753411306042885,0.23228768443344835,
blood-transfusion-service-center,MLP,Random Undersampling,3,0.5625,0.0,0.5083913803100586,0.030454635620117188,0.6903387332898502,86,403,110,74,0.7243238304093567,0.3027156452623164,8,48,9,10,0.7709551656920078,0.2923042921755117,
blood-transfusion-service-center,MLP,Random Undersampling,4,0.65625,0.0,0.5081892013549805,0.03043651580810547,0.5006447974932612,139,248,265,21,0.7207054093567252,0.30606771836114083,16,24,33,2,0.8031189083820663,0.27814337852602994,
blood-transfusion-service-center,MLP,Random Undersampling,5,0.484375,0.0,0.5058279037475586,0.03010845184326172,0.7109482054364636,125,275,238,35,0.6974415204678364,0.2710013962518046,17,33,24,1,0.8713450292397661,0.4490236526961705,
blood-transfusion-service-center,MLP,Random Undersampling,6,0.5625,0.0,0.5065221786499023,0.030164718627929688,0.7967212477941009,80,431,82,80,0.7475085282651073,0.33871059575657286,4,44,13,14,0.5716374269005848,-0.005965393717867585,
blood-transfusion-service-center,MLP,Random Undersampling,7,0.65625,0.0,0.509434700012207,0.030599594116210938,0.7161121492685822,81,419,94,79,0.7319200779727096,0.31347759212076576,9,47,10,9,0.7314814814814815,0.3187129712657257,
blood-transfusion-service-center,MLP,Random Undersampling,8,0.65625,0.0,0.5069150924682617,0.030309677124023438,0.10534064213197188,29,427,86,131,0.4496284113060429,0.015391058170070322,3,45,12,15,0.42251461988304095,-0.04682929057908469,
blood-transfusion-service-center,MLP,Random Undersampling,9,0.65625,0.0,0.5110940933227539,0.030649185180664062,0.8361577361597341,75,433,80,86,0.7332945891298295,0.3140031358851092,9,42,15,8,0.6800825593395253,0.2392584001521026,
blood-transfusion-service-center,MLP,Random Undersampling,10,0.65625,0.03125,0.5104818344116211,0.03056049346923828,0.9957257627982081,102,352,161,59,0.7008402649134915,0.279457497742083,8,34,23,9,0.5851393188854489,0.05719214609020096,
blood-transfusion-service-center,MLP,SMOTE / SMOTENC,1,1.09375,0.0,0.6178798675537109,0.03487586975097656,0.9740048568059418,89,400,113,71,0.7235745614035088,0.31206294804931844,7,42,15,11,0.628167641325536,0.11794152927313077,
blood-transfusion-service-center,MLP,SMOTE / SMOTENC,2,0.75,0.0,0.6128139495849609,0.03456687927246094,0.5116519171440674,49,480,33,111,0.7169895224171541,0.31484318366477887,8,50,7,10,0.7017543859649124,0.3434147975799544,
blood-transfusion-service-center,MLP,SMOTE / SMOTENC,3,0.84375,0.0,0.6143093109130859,0.03467559814453125,0.2159237891388114,96,380,133,64,0.7128837719298247,0.30614946923368674,12,46,11,6,0.7748538011695907,0.43872966352338477,
blood-transfusion-service-center,MLP,SMOTE / SMOTENC,4,0.484375,0.0,0.6097640991210938,0.034401893615722656,0.2532469847391461,62,431,82,98,0.6473866959064327,0.2363135305053932,3,46,11,15,0.5886939571150097,-0.02884437601780504,
blood-transfusion-service-center,MLP,SMOTE / SMOTENC,5,0.84375,0.0,0.6142311096191406,0.03465557098388672,0.01811791030394732,115,204,309,45,0.5505116959064328,0.10264301861478535,8,19,38,10,0.3606237816764133,-0.19488717119208326,
blood-transfusion-service-center,MLP,SMOTE / SMOTENC,6,1.21875,0.0,0.6199626922607422,0.03500080108642578,0.7874958249937538,94,398,115,66,0.7482273391812866,0.3342611928338004,6,42,15,12,0.5921052631578947,0.06675015657623451,
blood-transfusion-service-center,MLP,SMOTE / SMOTENC,7,1.03125,0.0,0.6171875,0.03485584259033203,0.540736919010369,58,474,39,102,0.7501461988304094,0.3472247957642615,10,49,8,8,0.7714424951267057,0.4152046783625731,
blood-transfusion-service-center,MLP,SMOTE / SMOTENC,8,1.21875,0.0,0.6198883056640625,0.03498268127441406,0.7366065782974477,111,333,180,49,0.7203399122807017,0.29462767651192484,10,41,16,8,0.8094541910331384,0.2466554488815737,
blood-transfusion-service-center,MLP,SMOTE / SMOTENC,9,0.84375,0.0,0.6141719818115234,0.0347137451171875,0.15064463919739712,97,387,126,64,0.7232453113459979,0.3234010984900169,11,40,17,6,0.7162022703818369,0.3025498070092536,
blood-transfusion-service-center,MLP,SMOTE / SMOTENC,10,0.9375,0.0,0.6154460906982422,0.034786224365234375,0.7896609191273354,130,279,234,31,0.7238446357439492,0.3005622154490233,12,26,31,5,0.6150670794633644,0.13814102978710077,
blood-transfusion-service-center,XGBoost,Baseline,1,0.171875,0.0,0.08703899383544922,0.17414188385009766,0.48365997672081024,119,497,16,41,0.9622197855750487,0.7575000215121798,7,48,9,11,0.7158869395711501,0.24081784652857585,
blood-transfusion-service-center,XGBoost,Baseline,2,0.015625,0.0,0.08719921112060547,0.18425846099853516,0.45068895339965814,123,494,19,37,0.9618664717348928,0.7634278343990507,8,50,7,10,0.6608187134502924,0.3434147975799544,
blood-transfusion-service-center,XGBoost,Baseline,3,0.03125,0.0,0.08719921112060547,0.16895389556884766,0.4079738914966583,127,485,28,33,0.9570297270955166,0.7473632703409377,5,53,4,13,0.7651072124756335,0.27284292741384053,
blood-transfusion-service-center,XGBoost,Baseline,4,0.03125,0.0,0.08719921112060547,0.16551685333251953,0.3983612823486335,127,478,35,33,0.9536366959064329,0.7224410704835125,11,48,9,7,0.716374269005848,0.4377064334118014,
blood-transfusion-service-center,XGBoost,Baseline,5,0.03125,0.0,0.08719921112060547,0.1683053970336914,0.35272754549980134,132,470,43,28,0.954398148148148,0.7192970540587224,5,49,8,13,0.638888888888889,0.15505219237523674,
blood-transfusion-service-center,XGBoost,Baseline,6,0.03125,0.0,0.08719921112060547,0.16992664337158203,0.3943515419960022,126,483,30,34,0.9574987816764132,0.7354460585614946,5,50,7,13,0.7095516569200779,0.1805354721816844,
blood-transfusion-service-center,XGBoost,Baseline,7,0.03125,0.0,0.08719921112060547,0.17200183868408203,0.3389391684532165,136,474,39,24,0.9595211988304093,0.751126031465621,11,45,12,7,0.655458089668616,0.3710244685352081,
blood-transfusion-service-center,XGBoost,Baseline,8,0.03125,0.0,0.08719921112060547,0.17290973663330078,0.4893810975551607,118,503,10,42,0.9604105750487328,0.7788323977111464,5,51,6,13,0.6817738791423001,0.20826354492980872,
blood-transfusion-service-center,XGBoost,Baseline,9,0.03125,0.0,0.08724308013916016,0.17174243927001953,0.3884160816669464,131,480,33,30,0.959173295557735,0.7446322645357216,8,46,11,9,0.7192982456140352,0.2673204886069449,
blood-transfusion-service-center,XGBoost,Baseline,10,0.03125,0.0,0.08729076385498047,0.17796802520751953,0.3764522969722748,136,484,29,25,0.9633564587797998,0.7816311044268293,5,46,11,12,0.6068111455108359,0.1033451735836191,
blood-transfusion-service-center,XGBoost,Standard Scaler,1,0.03125,0.0,0.12156200408935547,0.17436885833740234,0.48365997672081024,119,497,16,41,0.9622197855750487,0.7575000215121798,7,48,9,11,0.7158869395711501,0.24081784652857585,
blood-transfusion-service-center,XGBoost,Standard Scaler,2,0.03125,0.0,0.12128543853759766,0.18448543548583984,0.45068895339965814,123,494,19,37,0.9618664717348928,0.7634278343990507,8,50,7,10,0.6608187134502924,0.3434147975799544,
blood-transfusion-service-center,XGBoost,Standard Scaler,3,0.03125,0.0,0.12133312225341797,0.16918087005615234,0.4079738914966583,127,485,28,33,0.9570297270955166,0.7473632703409377,5,53,4,13,0.7651072124756335,0.27284292741384053,
blood-transfusion-service-center,XGBoost,Standard Scaler,4,0.03125,0.0,0.12133312225341797,0.16574382781982422,0.3983612823486335,127,478,35,33,0.9536366959064329,0.7224410704835125,11,48,9,7,0.716374269005848,0.4377064334118014,
blood-transfusion-service-center,XGBoost,Standard Scaler,5,0.03125,0.0,0.12133312225341797,0.1685323715209961,0.35272754549980134,132,470,43,28,0.954398148148148,0.7192970540587224,5,49,8,13,0.638888888888889,0.15505219237523674,
blood-transfusion-service-center,XGBoost,Standard Scaler,6,0.015625,0.0,0.12128543853759766,0.17015361785888672,0.3943515419960022,126,483,30,34,0.9574987816764132,0.7354460585614946,5,50,7,13,0.7095516569200779,0.1805354721816844,
blood-transfusion-service-center,XGBoost,Standard Scaler,7,0.03125,0.015625,0.12124156951904297,0.17222881317138672,0.3389391684532165,136,474,39,24,0.9595211988304093,0.751126031465621,11,45,12,7,0.655458089668616,0.3710244685352081,
blood-transfusion-service-center,XGBoost,Standard Scaler,8,0.03125,0.0,0.12133312225341797,0.17313671112060547,0.4893810975551607,118,503,10,42,0.9604105750487328,0.7788323977111464,5,51,6,13,0.6817738791423001,0.20826354492980872,
blood-transfusion-service-center,XGBoost,Standard Scaler,9,0.03125,0.0,0.12141132354736328,0.17196941375732422,0.3884160816669464,131,480,33,30,0.959173295557735,0.7446322645357216,8,46,11,9,0.7192982456140352,0.2673204886069449,
blood-transfusion-service-center,XGBoost,Standard Scaler,10,0.03125,0.0,0.1214590072631836,0.17819499969482422,0.3764522969722748,136,484,29,25,0.9633564587797998,0.7816311044268293,5,46,11,12,0.6068111455108359,0.1033451735836191,
blood-transfusion-service-center,XGBoost,MinMax Scaler,1,0.03125,0.0,0.10195159912109375,0.17446517944335938,0.48365997672081024,119,497,16,41,0.9622197855750487,0.7575000215121798,7,48,9,11,0.7158869395711501,0.24081784652857585,
blood-transfusion-service-center,XGBoost,MinMax Scaler,2,0.03125,0.0,0.10184860229492188,0.18458175659179688,0.45068895339965814,123,494,19,37,0.9618664717348928,0.7634278343990507,8,50,7,10,0.6608187134502924,0.3434147975799544,
blood-transfusion-service-center,XGBoost,MinMax Scaler,3,0.03125,0.0,0.10184860229492188,0.16927719116210938,0.4079738914966583,127,485,28,33,0.9570297270955166,0.7473632703409377,5,53,4,13,0.7651072124756335,0.27284292741384053,
blood-transfusion-service-center,XGBoost,MinMax Scaler,4,0.03125,0.0,0.10189247131347656,0.16584014892578125,0.3983612823486335,127,478,35,33,0.9536366959064329,0.7224410704835125,11,48,9,7,0.716374269005848,0.4377064334118014,
blood-transfusion-service-center,XGBoost,MinMax Scaler,5,0.03125,0.0,0.10184478759765625,0.16862869262695312,0.35272754549980134,132,470,43,28,0.954398148148148,0.7192970540587224,5,49,8,13,0.638888888888889,0.15505219237523674,
blood-transfusion-service-center,XGBoost,MinMax Scaler,6,0.03125,0.0,0.10189247131347656,0.17024993896484375,0.3943515419960022,126,483,30,34,0.9574987816764132,0.7354460585614946,5,50,7,13,0.7095516569200779,0.1805354721816844,
blood-transfusion-service-center,XGBoost,MinMax Scaler,7,0.03125,0.015625,0.10180473327636719,0.17232513427734375,0.3389391684532165,136,474,39,24,0.9595211988304093,0.751126031465621,11,45,12,7,0.655458089668616,0.3710244685352081,
blood-transfusion-service-center,XGBoost,MinMax Scaler,8,0.03125,0.0,0.10171699523925781,0.1732330322265625,0.4893810975551607,118,503,10,42,0.9604105750487328,0.7788323977111464,5,51,6,13,0.6817738791423001,0.20826354492980872,
blood-transfusion-service-center,XGBoost,MinMax Scaler,9,0.03125,0.0,0.10194015502929688,0.17206573486328125,0.3884160816669464,131,480,33,30,0.959173295557735,0.7446322645357216,8,46,11,9,0.7192982456140352,0.2673204886069449,
blood-transfusion-service-center,XGBoost,MinMax Scaler,10,0.03125,0.0,0.10180473327636719,0.17829132080078125,0.3764522969722748,136,484,29,25,0.9633564587797998,0.7816311044268293,5,46,11,12,0.6068111455108359,0.1033451735836191,
blood-transfusion-service-center,XGBoost,IQR Capping,1,0.046875,0.0,0.13565444946289062,0.1830310821533203,0.3680389940738678,134,485,28,26,0.9644675925925926,0.7795924177832695,9,44,13,9,0.6915204678362573,0.25508284238142237,
blood-transfusion-service-center,XGBoost,IQR Capping,2,0.046875,0.0,0.13519763946533203,0.18231773376464844,0.45051130652427673,126,493,20,34,0.9625365497076023,0.7731017569003126,8,48,9,10,0.6398635477582846,0.2923042921755117,
blood-transfusion-service-center,XGBoost,IQR Capping,3,0.046875,0.0,0.1352396011352539,0.17220115661621094,0.42393096685409587,128,486,27,32,0.9552509746588693,0.755653482813774,6,52,5,12,0.7524366471734893,0.29651080973057514,
blood-transfusion-service-center,XGBoost,IQR Capping,4,0.046875,0.015625,0.13506031036376953,0.17297935485839844,0.3163227415084839,135,466,47,25,0.953234649122807,0.7208357850416749,13,48,9,5,0.804093567251462,0.5293654685980056,
blood-transfusion-service-center,XGBoost,IQR Capping,5,0.046875,0.0,0.13520336151123047,0.17408180236816406,0.4523670327663419,124,489,24,36,0.9573099415204679,0.7484600159012649,4,51,6,14,0.5925925925925927,0.146943671674129,
blood-transfusion-service-center,XGBoost,IQR Capping,6,0.03125,0.0,0.1349191665649414,0.1728496551513672,0.34934744238853455,135,474,39,25,0.9580104775828461,0.7464493939342077,5,51,6,13,0.6910331384015594,0.20826354492980872,
blood-transfusion-service-center,XGBoost,IQR Capping,7,0.046875,0.0,0.13510799407958984,0.1768054962158203,0.4545660495758057,119,497,16,41,0.959527290448343,0.7575000215121798,7,49,8,11,0.662280701754386,0.2653659799481466,
blood-transfusion-service-center,XGBoost,IQR Capping,8,0.046875,0.0,0.1351919174194336,0.18056678771972656,0.4353000521659851,127,495,18,33,0.9619212962962963,0.7855362004883524,6,50,7,12,0.7129629629629629,0.2375267627875967,
blood-transfusion-service-center,XGBoost,IQR Capping,9,0.0625,0.015625,0.1352691650390625,0.1782970428466797,0.37805643677711487,131,481,32,30,0.9582652282881116,0.7481228368935019,8,45,12,9,0.7440660474716203,0.2463353700772254,
blood-transfusion-service-center,XGBoost,IQR Capping,10,0.046875,0.0,0.13532161712646484,0.18212318420410156,0.38292990982532515,131,489,24,30,0.964312956303803,0.7770519485769459,3,46,11,14,0.5923632610939112,-0.01773447968281361,
blood-transfusion-service-center,XGBoost,IQR Removal,1,0.03125,0.0,0.15082740783691406,0.17399978637695312,0.4917502713203436,110,495,18,50,0.9324134990253411,0.7076810482477329,5,48,9,13,0.6652046783625731,0.1314021574144452,
blood-transfusion-service-center,XGBoost,IQR Removal,2,0.046875,0.0,0.1520833969116211,0.17905807495117188,0.3720540702342987,127,476,37,33,0.9361476608187135,0.7155658004488259,6,43,14,12,0.632066276803119,0.08471737420873575,
blood-transfusion-service-center,XGBoost,IQR Removal,3,0.046875,0.0,0.15227890014648438,0.16699600219726562,0.30035058617591853,130,468,45,30,0.9231542397660818,0.7033825653552731,6,52,5,12,0.7007797270955166,0.29651080973057514,
blood-transfusion-service-center,XGBoost,IQR Removal,4,0.03125,0.0,0.15311813354492188,0.17179489135742188,0.3402676284313202,126,469,44,34,0.9336744639376219,0.6875119897766392,12,48,9,6,0.7524366471734893,0.4839386351777002,
blood-transfusion-service-center,XGBoost,IQR Removal,5,0.046875,0.0,0.15203380584716797,0.17153358459472656,0.42211503028869657,118,476,37,42,0.9174951267056529,0.6727513580854111,4,49,8,14,0.6228070175438596,0.09537723058655023,
blood-transfusion-service-center,XGBoost,IQR Removal,6,0.046875,0.0,0.15217876434326172,0.16790390014648438,0.3094740664958954,129,467,46,31,0.9320540935672514,0.6954253210035485,5,49,8,13,0.6608187134502924,0.15505219237523674,
blood-transfusion-service-center,XGBoost,IQR Removal,7,0.046875,0.015625,0.15189170837402344,0.16485595703125,0.4777184462547302,108,493,20,52,0.9309941520467837,0.6898932108818795,8,50,7,10,0.6457115009746589,0.3434147975799544,
blood-transfusion-service-center,XGBoost,IQR Removal,8,0.03125,0.0,0.1515522003173828,0.17412948608398438,0.4883245873451232,106,498,15,54,0.9266020955165692,0.7020025131190823,5,52,5,13,0.6846978557504874,0.23878346647045964,
blood-transfusion-service-center,XGBoost,IQR Removal,9,0.046875,0.0,0.15227603912353516,0.17380523681640625,0.3113685408234591,131,462,51,30,0.9316225345973629,0.6859670486908711,8,43,14,9,0.7079463364293085,0.20705303120611118,
blood-transfusion-service-center,XGBoost,IQR Removal,10,0.046875,0.0,0.15208148956298828,0.17140579223632812,0.44766082167625465,121,485,28,40,0.9311563933989563,0.7161666653752778,4,47,10,13,0.5892672858617132,0.06428748885019933,
blood-transfusion-service-center,XGBoost,Yeo-Johnson,1,0.0625,0.0,0.1180715560913086,0.17417526245117188,0.48365997672081024,119,497,16,41,0.9622197855750487,0.7575000215121798,7,48,9,11,0.7158869395711501,0.24081784652857585,
blood-transfusion-service-center,XGBoost,Yeo-Johnson,2,0.046875,0.0,0.11789608001708984,0.18429183959960938,0.45068895339965814,123,494,19,37,0.9618664717348928,0.7634278343990507,8,50,7,10,0.6608187134502924,0.3434147975799544,
blood-transfusion-service-center,XGBoost,Yeo-Johnson,3,0.0625,0.0,0.11789608001708984,0.16898727416992188,0.4079738914966583,127,485,28,33,0.9570297270955166,0.7473632703409377,5,53,4,13,0.7651072124756335,0.27284292741384053,
blood-transfusion-service-center,XGBoost,Yeo-Johnson,4,0.0625,0.015625,0.11784839630126953,0.16555023193359375,0.3983612823486335,127,478,35,33,0.9536366959064329,0.7224410704835125,11,48,9,7,0.716374269005848,0.4377064334118014,
blood-transfusion-service-center,XGBoost,Yeo-Johnson,5,0.046875,0.015625,0.11789608001708984,0.16833877563476562,0.35272754549980134,132,470,43,28,0.954398148148148,0.7192970540587224,5,49,8,13,0.638888888888889,0.15505219237523674,
blood-transfusion-service-center,XGBoost,Yeo-Johnson,6,0.0625,0.0,0.11789608001708984,0.16996002197265625,0.3943515419960022,126,483,30,34,0.9574987816764132,0.7354460585614946,5,50,7,13,0.7095516569200779,0.1805354721816844,
blood-transfusion-service-center,XGBoost,Yeo-Johnson,7,0.0625,0.0,0.11789608001708984,0.17203521728515625,0.3389391684532165,136,474,39,24,0.9595211988304093,0.751126031465621,11,45,12,7,0.655458089668616,0.3710244685352081,
blood-transfusion-service-center,XGBoost,Yeo-Johnson,8,0.046875,0.0,0.11789608001708984,0.172943115234375,0.4893810975551607,118,503,10,42,0.9604105750487328,0.7788323977111464,5,51,6,13,0.6817738791423001,0.20826354492980872,
blood-transfusion-service-center,XGBoost,Yeo-Johnson,9,0.0625,0.015625,0.11801815032958984,0.17177581787109375,0.3884160816669464,131,480,33,30,0.959173295557735,0.7446322645357216,8,46,11,9,0.7192982456140352,0.2673204886069449,
blood-transfusion-service-center,XGBoost,Yeo-Johnson,10,0.046875,0.0,0.11801815032958984,0.17800140380859375,0.3764522969722748,136,484,29,25,0.9633564587797998,0.7816311044268293,5,46,11,12,0.6068111455108359,0.1033451735836191,
blood-transfusion-service-center,XGBoost,Quantile Transform,1,0.046875,0.015625,0.18068313598632812,0.19994640350341797,0.48365997672081024,119,497,16,41,0.9622197855750487,0.7575000215121798,7,48,9,11,0.7158869395711501,0.24081784652857585,
blood-transfusion-service-center,XGBoost,Quantile Transform,2,0.03125,0.0,0.18068313598632812,0.21006298065185547,0.45068895339965814,123,494,19,37,0.9618664717348928,0.7634278343990507,8,50,7,10,0.6608187134502924,0.3434147975799544,
blood-transfusion-service-center,XGBoost,Quantile Transform,3,0.03125,0.0,0.18068313598632812,0.19475841522216797,0.4079738914966583,127,485,28,33,0.9570297270955166,0.7473632703409377,5,53,4,13,0.7651072124756335,0.27284292741384053,
blood-transfusion-service-center,XGBoost,Quantile Transform,4,0.046875,0.0,0.18068313598632812,0.19132137298583984,0.3983612823486335,127,478,35,33,0.9536366959064329,0.7224410704835125,11,48,9,7,0.716374269005848,0.4377064334118014,
blood-transfusion-service-center,XGBoost,Quantile Transform,5,0.046875,0.0,0.18068313598632812,0.19410991668701172,0.35272754549980134,132,470,43,28,0.954398148148148,0.7192970540587224,5,49,8,13,0.638888888888889,0.15505219237523674,
blood-transfusion-service-center,XGBoost,Quantile Transform,6,0.046875,0.015625,0.18068313598632812,0.19573116302490234,0.3943515419960022,126,483,30,34,0.9574987816764132,0.7354460585614946,5,50,7,13,0.7095516569200779,0.1805354721816844,
blood-transfusion-service-center,XGBoost,Quantile Transform,7,0.03125,0.0,0.18068313598632812,0.19780635833740234,0.3389391684532165,136,474,39,24,0.9595211988304093,0.751126031465621,11,45,12,7,0.655458089668616,0.3710244685352081,
blood-transfusion-service-center,XGBoost,Quantile Transform,8,0.046875,0.0,0.1806354522705078,0.1987142562866211,0.4893810975551607,118,503,10,42,0.9604105750487328,0.7788323977111464,5,51,6,13,0.6817738791423001,0.20826354492980872,
blood-transfusion-service-center,XGBoost,Quantile Transform,9,0.03125,0.0,0.18084144592285156,0.1975851058959961,0.3884160816669464,131,480,33,30,0.959173295557735,0.7446322645357216,8,46,11,9,0.7192982456140352,0.2673204886069449,
blood-transfusion-service-center,XGBoost,Quantile Transform,10,0.046875,0.0,0.18088912963867188,0.2038106918334961,0.3764522969722748,136,484,29,25,0.9633564587797998,0.7816311044268293,5,46,11,12,0.6068111455108359,0.1033451735836191,
blood-transfusion-service-center,XGBoost,Uniform Binning,1,0.03125,0.0,0.10173797607421875,0.1315603256225586,0.1266228783130657,148,177,336,12,0.7018579434697856,0.2557854783224192,16,15,42,2,0.6505847953216374,0.15510023666455722,
blood-transfusion-service-center,XGBoost,Uniform Binning,2,0.03125,0.0,0.10169410705566406,0.13739681243896484,0.2470172792673111,131,239,274,29,0.6929276315789473,0.24752269587884576,15,25,32,3,0.7056530214424952,0.24010575977235502,
blood-transfusion-service-center,XGBoost,Uniform Binning,3,0.03125,0.015625,0.10173797607421875,0.13765621185302734,0.2115005999803543,145,185,328,15,0.6945601851851853,0.2485873447005348,16,22,35,2,0.7095516569200779,0.25164292176293396,
blood-transfusion-service-center,XGBoost,Uniform Binning,4,0.015625,0.0,0.10160636901855469,0.13603496551513672,0.25527409017086106,131,240,273,29,0.6970029239766081,0.24906185142038662,14,29,28,4,0.6842105263157895,0.2465426358859398,
blood-transfusion-service-center,XGBoost,Uniform Binning,5,0.03125,0.0,0.10160636901855469,0.13383007049560547,0.2727420926094055,133,241,272,27,0.6972465886939571,0.2617830883221504,11,31,26,7,0.6564327485380118,0.13238256256548012,
blood-transfusion-service-center,XGBoost,Uniform Binning,6,0.015625,0.0,0.10165023803710938,0.13175487518310547,0.2657090425491333,131,242,271,29,0.7015411793372319,0.25214162817806707,14,25,32,4,0.6179337231968811,0.18975856142387054,
blood-transfusion-service-center,XGBoost,Uniform Binning,7,0.03125,0.0,0.10173797607421875,0.1427145004272461,0.20895522832870483,144,189,324,16,0.7041483918128655,0.2482763728232336,16,21,36,2,0.6315789473684211,0.23832228635838185,
blood-transfusion-service-center,XGBoost,Uniform Binning,8,0.015625,0.0,0.10164642333984375,0.1393423080444336,0.27226564288139343,130,241,272,30,0.6925621345029239,0.24502459945836572,15,28,29,3,0.7344054580896686,0.28149025726099297,
blood-transfusion-service-center,XGBoost,Uniform Binning,9,0.03125,0.0,0.10178565979003906,0.12708568572998047,0.2748945951461792,130,250,263,31,0.7046178247551246,0.254932027534774,14,22,35,3,0.6166150670794633,0.1863228441989383,
blood-transfusion-service-center,XGBoost,Uniform Binning,10,0.03125,0.0,0.10165023803710938,0.13525676727294922,0.20692799985408783,146,186,327,15,0.6965057571464894,0.25110150406089793,15,21,36,2,0.6914344685242518,0.22792679254135367,
blood-transfusion-service-center,XGBoost,Quantile Binning,1,0.015625,0.0,0.10194969177246094,0.20386981964111328,0.277412474155426,96,426,87,64,0.8112816764132553,0.41179094537932415,10,43,14,8,0.7168615984405458,0.28376755007309573,
blood-transfusion-service-center,XGBoost,Quantile Binning,2,0.03125,0.0,0.10194969177246094,0.1984872817993164,0.41080063581466675,78,462,51,82,0.8125243664717349,0.4197116236027114,6,45,12,12,0.6476608187134503,0.12280701754385964,
blood-transfusion-service-center,XGBoost,Quantile Binning,3,0.03125,0.0,0.10195350646972656,0.20516681671142578,0.3221614360809326,97,420,93,63,0.804489522417154,0.40190174093605363,8,51,6,10,0.7972709551656921,0.3717719575628205,
blood-transfusion-service-center,XGBoost,Quantile Binning,4,0.03125,0.015625,0.10194969177246094,0.18986225128173828,0.3908595144748688,81,449,64,79,0.8127132066276803,0.39500722721478343,9,49,8,9,0.7353801169590644,0.36687171364885646,
blood-transfusion-service-center,XGBoost,Quantile Binning,5,0.03125,0.0,0.10190963745117188,0.20172977447509766,0.2361374944448471,134,316,197,26,0.8061403508771929,0.386148169981039,13,33,24,5,0.719785575048733,0.25727177253291417,
blood-transfusion-service-center,XGBoost,Quantile Binning,6,0.03125,0.015625,0.10195350646972656,0.1997842788696289,0.3110376000404358,99,419,94,61,0.8169773391812866,0.40994128039528555,7,44,13,11,0.6325536062378168,0.15531518604934888,
blood-transfusion-service-center,XGBoost,Quantile Binning,7,0.03125,0.0,0.10195541381835938,0.2049722671508789,0.39995163679122925,82,448,65,78,0.8065119395711501,0.3974870591961236,10,47,10,8,0.7368421052631579,0.36710862157118823,
blood-transfusion-service-center,XGBoost,Quantile Binning,8,0.03125,0.015625,0.10199737548828125,0.20581531524658203,0.3532262444496155,90,427,86,70,0.8012792397660818,0.38249505854557425,10,52,5,8,0.7899610136452242,0.4995124328435701,
blood-transfusion-service-center,XGBoost,Quantile Binning,9,0.03125,0.0,0.10208892822265625,0.20172977447509766,0.39229679107666016,90,435,78,71,0.8042933420507792,0.40113710420059523,11,44,13,6,0.7672858617131062,0.37650740489051804,
blood-transfusion-service-center,XGBoost,Quantile Binning,10,0.015625,0.0,0.10208892822265625,0.2034158706665039,0.36476394534111023,93,438,75,68,0.8238167883476808,0.4252683437785318,4,46,11,13,0.5557275541795667,0.04427416026919542,
blood-transfusion-service-center,XGBoost,PCA,1,0.203125,0.0,0.08529472351074219,0.1461048126220703,0.25028789043426514,127,396,117,33,0.8700962475633528,0.5009170383464387,7,37,20,11,0.5219298245614035,0.03382115430711673,
blood-transfusion-service-center,XGBoost,PCA,2,0.1875,0.0,0.08529472351074219,0.1590099334716797,0.28180023312568675,126,410,103,34,0.8819809941520468,0.52715768518864,9,36,21,9,0.628167641325536,0.11470786693528089,
blood-transfusion-service-center,XGBoost,PCA,3,0.1875,0.0,0.08529472351074219,0.1471424102783203,0.3166664242744446,112,429,84,48,0.8684941520467837,0.5024636790808553,8,51,6,10,0.7928849902534113,0.3717719575628205,
blood-transfusion-service-center,XGBoost,PCA,4,0.140625,0.046875,0.08511924743652344,0.1442241668701172,0.28365349769592285,126,409,104,34,0.8838876705653022,0.5248542115020743,9,46,11,9,0.6510721247563352,0.29651080973057514,
blood-transfusion-service-center,XGBoost,PCA,5,0.140625,0.015625,0.08507156372070312,0.1518115997314453,0.25264435291290266,126,397,116,34,0.8653569688109162,0.4979991809276415,11,42,15,7,0.7412280701754386,0.3122553023075242,
blood-transfusion-service-center,XGBoost,PCA,6,0.1875,0.0,0.08502769470214844,0.15291404724121094,0.2537861466407776,129,407,106,31,0.886750730994152,0.5354580815688171,6,35,22,12,0.5082846003898636,-0.046472082536584844,
blood-transfusion-service-center,XGBoost,PCA,7,0.09375,0.0625,0.08494377136230469,0.15732383728027344,0.2812085747718811,124,400,113,36,0.8703033625730994,0.4944024743987826,11,41,16,7,0.7071150097465887,0.29398387974647616,
blood-transfusion-service-center,XGBoost,PCA,8,0.09375,0.0,0.08521080017089844,0.1426677703857422,0.2424154132604599,127,396,117,33,0.8687256335282652,0.5009170383464387,11,42,15,7,0.7007797270955166,0.3122553023075242,
blood-transfusion-service-center,XGBoost,PCA,9,0.140625,0.0625,0.08527565002441406,0.1461048126220703,0.23352347314357758,131,390,123,30,0.8738149722131415,0.5049695813141705,11,36,21,6,0.6857585139318886,0.2365931907379891,
blood-transfusion-service-center,XGBoost,PCA,10,0.09375,0.0,0.08527374267578125,0.14980125427246094,0.2815849131345749,122,406,107,39,0.8698921216083687,0.49441780722635914,5,39,18,12,0.49432404540763675,-0.019697377133203405,
blood-transfusion-service-center,XGBoost,Select Percentile (Mutual Info),1,0.296875,0.0,0.26311397552490234,0.15061664581298828,0.4222881495952606,77,481,32,83,0.8514132553606237,0.4840018587531705,4,48,9,14,0.6101364522417154,0.07257762196287677,
blood-transfusion-service-center,XGBoost,Select Percentile (Mutual Info),2,0.046875,0.0,0.26412105560302734,0.16968250274658203,0.41631683707237244,107,463,50,53,0.9049707602339181,0.5750374687569979,4,48,9,14,0.6169590643274855,0.07257762196287677,
blood-transfusion-service-center,XGBoost,Select Percentile (Mutual Info),3,0.046875,0.0,0.26467037200927734,0.14763355255126953,0.33962228894233704,94,444,69,66,0.8320358187134502,0.4501271226767501,7,54,3,11,0.7363547758284601,0.4224630560631209,
blood-transfusion-service-center,XGBoost,Select Percentile (Mutual Info),4,0.046875,0.0,0.26442813873291016,0.1488656997680664,0.4387796223163605,79,469,44,81,0.8326815302144249,0.4493902728540274,10,48,9,8,0.7441520467836258,0.3904951720012495,
blood-transfusion-service-center,XGBoost,Select Percentile (Mutual Info),5,0.0625,0.0,0.2633981704711914,0.1447153091430664,0.2995232045650482,99,444,69,61,0.8438657407407407,0.47630523083626897,5,44,13,13,0.5584795321637428,0.049707602339181284,
blood-transfusion-service-center,XGBoost,Select Percentile (Mutual Info),6,0.046875,0.0,0.26458263397216797,0.14173221588134766,0.41354432702064514,81,470,43,79,0.8349415204678362,0.4638480454330621,7,48,9,11,0.6924951267056529,0.24081784652857585,
blood-transfusion-service-center,XGBoost,Select Percentile (Mutual Info),7,0.046875,0.0,0.26458263397216797,0.1543130874633789,0.2997163844108582,105,436,77,55,0.846765350877193,0.48509148278215575,8,43,14,10,0.6759259259259258,0.18651218582727658,
blood-transfusion-service-center,XGBoost,Select Percentile (Mutual Info),8,0.046875,0.0,0.26492977142333984,0.14931964874267578,0.47929101705551186,63,495,18,97,0.8402351364522418,0.46924647285321164,4,51,6,14,0.6598440545808967,0.146943671674129,
blood-transfusion-service-center,XGBoost,Select Percentile (Mutual Info),9,0.0625,0.0,0.26457977294921875,0.1462717056274414,0.4597276449203491,76,478,35,85,0.834877047691693,0.46424538596578147,8,49,8,9,0.7337461300309598,0.337453628028144,
blood-transfusion-service-center,XGBoost,Select Percentile (Mutual Info),10,0.046875,0.0,0.2647991180419922,0.16300296783447266,0.373016357421875,88,464,49,73,0.8502354921119224,0.4779313518130285,2,52,5,15,0.5335397316821466,0.043017947778151946,
blood-transfusion-service-center,XGBoost,Random Undersampling,1,0.03125,0.0,0.08818817138671875,0.15447139739990234,0.5178199172019956,141,385,128,19,0.8775219298245613,0.5490202857501725,11,35,22,7,0.6583820662768031,0.19371207105323843,
blood-transfusion-service-center,XGBoost,Random Undersampling,2,0.03125,0.0,0.08796882629394531,0.1691274642944336,0.7410080313682555,125,429,84,35,0.8897295321637426,0.5681050418744944,7,39,18,11,0.5877192982456141,0.06622661785325219,
blood-transfusion-service-center,XGBoost,Random Undersampling,3,0.03125,0.0,0.08814430236816406,0.1595296859741211,0.7336889052391052,111,449,64,49,0.8771747076023392,0.552194922672505,5,50,7,13,0.6881091617933723,0.1805354721816844,
blood-transfusion-service-center,XGBoost,Random Undersampling,4,0.03125,0.015625,0.0880575180053711,0.16374492645263672,0.6876837682723999,118,442,71,42,0.8822185672514621,0.5674966211435951,11,45,12,7,0.7495126705653021,0.3710244685352081,
blood-transfusion-service-center,XGBoost,Random Undersampling,5,0.03125,0.0,0.08814430236816406,0.17282390594482422,0.626086823940277,131,435,78,29,0.90140716374269,0.6133651416888223,8,45,12,10,0.6574074074074074,0.225912997889962,
blood-transfusion-service-center,XGBoost,Random Undersampling,6,0.03125,0.0,0.08814430236816406,0.17347240447998047,0.6764371514320373,125,436,77,35,0.890692007797271,0.5862284158427292,6,47,10,12,0.6608187134502923,0.16460966724738096,
blood-transfusion-service-center,XGBoost,Random Undersampling,7,0.03125,0.0,0.08814430236816406,0.16335582733154297,0.6976383137702943,118,436,77,42,0.8811281676413256,0.5512178028617059,11,41,16,7,0.597953216374269,0.29398387974647616,
blood-transfusion-service-center,XGBoost,Random Undersampling,8,0.03125,0.0,0.08796882629394531,0.17256450653076172,0.6434618568420412,129,413,100,31,0.8701206140350878,0.5492585067841353,8,46,11,10,0.7041910331384016,0.24693077053020188,
blood-transfusion-service-center,XGBoost,Random Undersampling,9,0.03125,0.0,0.08843421936035156,0.16538143157958984,0.7037270903587339,120,431,82,41,0.8796508178659208,0.5449416800156153,10,43,14,7,0.7285861713106295,0.30788290252131034,
blood-transfusion-service-center,XGBoost,Random Undersampling,10,0.03125,0.0,0.08847808837890625,0.1714773178100586,0.6335880726575851,136,413,100,25,0.8882108653275701,0.5808322657320296,6,40,17,11,0.5469556243550052,0.04971242800284669,
blood-transfusion-service-center,XGBoost,SMOTE / SMOTENC,1,0.03125,0.0,0.1547994613647461,0.19830799102783203,0.4980466067790985,127,484,29,33,0.9554276315789474,0.7437176451354424,8,46,11,10,0.6837231968810916,0.24693077053020188,
blood-transfusion-service-center,XGBoost,SMOTE / SMOTENC,2,0.03125,0.0,0.1547555923461914,0.20414447784423828,0.47255146503448486,130,480,33,30,0.9600146198830409,0.7434324835560008,9,40,17,9,0.6384015594541911,0.18105559545562325,
blood-transfusion-service-center,XGBoost,SMOTE / SMOTENC,3,0.03125,0.0,0.1544485092163086,0.1914987564086914,0.5769081234931946,116,494,19,44,0.9487085769980508,0.7313507482816655,6,50,7,12,0.7378167641325536,0.2375267627875967,
blood-transfusion-service-center,XGBoost,SMOTE / SMOTENC,4,0.03125,0.0,0.1547555923461914,0.18598651885986328,0.5707240033149718,107,499,14,53,0.941441276803119,0.7110918911507331,9,45,12,9,0.7115009746588694,0.27534439587696735,
blood-transfusion-service-center,XGBoost,SMOTE / SMOTENC,5,0.046875,0.0,0.15458011627197266,0.19292545318603516,0.5836681008338929,116,494,19,44,0.9503654970760234,0.7313507482816655,5,49,8,13,0.5399610136452241,0.15505219237523674,
blood-transfusion-service-center,XGBoost,SMOTE / SMOTENC,6,0.03125,0.0,0.1547994613647461,0.19649219512939453,0.5072711467742922,127,485,28,33,0.9556225633528266,0.7473632703409377,6,44,13,12,0.6822612085769981,0.10336636905915428,
blood-transfusion-service-center,XGBoost,SMOTE / SMOTENC,7,0.03125,0.0,0.15453624725341797,0.18948841094970703,0.5833971500396732,116,494,19,44,0.9521016081871345,0.7313507482816655,8,48,9,10,0.6613060428849903,0.2923042921755117,
blood-transfusion-service-center,XGBoost,SMOTE / SMOTENC,8,0.03125,0.0,0.15449237823486328,0.19422245025634766,0.5174199867248535,127,492,21,33,0.9554824561403509,0.7737417660870485,6,50,7,12,0.6973684210526316,0.2375267627875967,
blood-transfusion-service-center,XGBoost,SMOTE / SMOTENC,9,0.03125,0.0,0.15429210662841797,0.18978595733642578,0.4736068212985993,128,479,34,33,0.9493903841729929,0.7272106575192425,8,40,17,9,0.6924664602683178,0.15328036936562905,
blood-transfusion-service-center,XGBoost,SMOTE / SMOTENC,10,0.046875,0.0,0.1547708511352539,0.19516849517822266,0.6105867278575898,111,502,11,50,0.9564551475306623,0.7397715968093547,3,49,8,14,0.6377708978328174,0.04271098020907248,
