Dataset,Model,Preprocessor,Fold,Fit_Time_sec,Predict_Time_Test_sec,Peak_Memory_MB,Pipeline_Disk_Size_MB,Optimal_Threshold,Train_TP,Train_TN,Train_FP,Train_FN,Train_ROC_AUC,Train_MCC,Test_TP,Test_TN,Test_FP,Test_FN,Test_ROC_AUC,Test_MCC,Error_Log
breast-w,GaussianNB,Baseline,1,0.0,0.0,0.27405643463134766,0.0027523040771484375,1.1098835631484884e-08,208,380,19,7,0.9887218045112782,0.9089530330356903,23,41,4,1,0.9712962962962963,0.8484908967580302,
breast-w,GaussianNB,Baseline,2,0.0,0.0,0.26656055450439453,0.0027523040771484375,3.0628931826603015e-06,205,383,16,10,0.9869091332983622,0.907754948560634,24,43,2,0,0.986111111111111,0.9391758525703704,
breast-w,GaussianNB,Baseline,3,0.0,0.0,0.26645755767822266,0.0027523040771484375,0.017135497929811276,206,384,15,9,0.9850673194614443,0.914868234737856,21,44,1,3,0.9935185185185186,0.8715403188617704,
breast-w,GaussianNB,Baseline,4,0.0,0.0,0.2666044235229492,0.0027523040771484375,0.015039002355630856,207,384,15,9,0.9860588972431077,0.9151183509828649,22,44,1,1,0.9971014492753623,0.9342995169082126,
breast-w,GaussianNB,Baseline,5,0.015625,0.0,0.26706504821777344,0.0027523040771484375,7.760246862750428e-11,209,381,19,6,0.9882267441860465,0.912802732849113,24,39,5,0,0.9668560606060606,0.8564708516635089,
breast-w,GaussianNB,Baseline,6,0.0,0.0,0.26714229583740234,0.0027523040771484375,0.004577757568097434,206,384,16,9,0.9858255813953488,0.9115597731002896,23,43,1,1,0.9981060606060606,0.9356060606060606,
breast-w,GaussianNB,Baseline,7,0.015625,0.0,0.26703548431396484,0.0027523040771484375,0.9993428305918126,200,390,10,15,0.9853953488372094,0.9102741971868863,21,43,1,3,0.9943181818181818,0.8706032700941747,
breast-w,GaussianNB,Baseline,8,0.0,0.0,0.26711082458496094,0.0027523040771484375,0.8787876536763414,202,387,13,13,0.9878720930232558,0.9070348837209302,24,42,2,0,0.9725378787878787,0.9386793281621159,
breast-w,GaussianNB,Baseline,9,0.015625,0.0,0.26711559295654297,0.0027523040771484375,0.12606957036217406,207,385,15,8,0.9870523255813953,0.9186596877463975,22,42,2,2,0.96875,0.8712121212121212,
breast-w,GaussianNB,Baseline,10,0.0,0.0,0.2665414810180664,0.0027523040771484375,0.001079387754745051,205,383,17,10,0.9857558139534883,0.9044598584541818,24,43,1,0,1.0,0.9685978619539785,
breast-w,GaussianNB,Standard Scaler,1,0.015625,0.0,0.26860904693603516,0.0029888153076171875,6.248382869528758e-11,208,380,19,7,0.9886635192632744,0.9089530330356903,23,41,4,1,0.9703703703703703,0.8484908967580302,
breast-w,GaussianNB,Standard Scaler,2,0.015625,0.0,0.26859092712402344,0.0029888153076171875,1.785657573651278e-08,205,383,16,10,0.9876027277496066,0.907754948560634,24,43,2,0,0.986111111111111,0.9391758525703704,
breast-w,GaussianNB,Standard Scaler,3,0.015625,0.0,0.2685995101928711,0.0029888153076171875,0.00035396721892196536,206,384,15,9,0.9860115404791048,0.914868234737856,21,44,1,3,0.9935185185185186,0.8715403188617704,
breast-w,GaussianNB,Standard Scaler,4,0.015625,0.0,0.2687644958496094,0.0029888153076171875,0.0003222593112341901,207,384,15,9,0.9859776756706581,0.9151183509828649,22,44,1,1,0.9971014492753623,0.9342995169082126,
breast-w,GaussianNB,Standard Scaler,5,0.015625,0.0,0.26889896392822266,0.0029888153076171875,4.422710187973357e-13,209,381,19,6,0.9889883720930231,0.912802732849113,24,39,5,0,0.9668560606060606,0.8564708516635089,
breast-w,GaussianNB,Standard Scaler,6,0.015625,0.0,0.2691059112548828,0.0029888153076171875,9.402770696460669e-05,206,384,16,9,0.9857848837209302,0.9115597731002896,23,43,1,1,0.9981060606060606,0.9356060606060606,
breast-w,GaussianNB,Standard Scaler,7,0.015625,0.0,0.2689790725708008,0.0029888153076171875,0.968983251677503,200,390,10,15,0.9862034883720929,0.9102741971868863,21,43,1,3,0.9943181818181818,0.8706032700941747,
breast-w,GaussianNB,Standard Scaler,8,0.0,0.0,0.26911449432373047,0.0029888153076171875,0.13251614552109128,202,387,13,13,0.9876627906976744,0.9070348837209302,24,42,2,0,0.9725378787878787,0.9386793281621159,
breast-w,GaussianNB,Standard Scaler,9,0.015625,0.0,0.26906585693359375,0.0029888153076171875,0.002971863186193048,207,385,15,8,0.9869709302325582,0.9186596877463975,22,42,2,2,0.9767992424242424,0.8712121212121212,
breast-w,GaussianNB,Standard Scaler,10,0.015625,0.015625,0.26920127868652344,0.0029888153076171875,2.2700904178512152e-05,205,383,17,10,0.9857151162790698,0.9044598584541818,24,43,1,0,1.0,0.9685978619539785,
breast-w,GaussianNB,MinMax Scaler,1,0.015625,0.015625,0.26905345916748047,0.0031938552856445312,1.6916282753500631e-12,208,380,19,7,0.989485341260127,0.9089530330356903,23,41,4,1,0.9703703703703703,0.8484908967580302,
breast-w,GaussianNB,MinMax Scaler,2,0.0,0.0,0.2689027786254883,0.0031938552856445312,4.668372058555479e-10,205,383,16,10,0.9874745002039983,0.907754948560634,24,43,2,0,0.986111111111111,0.9391758525703704,
breast-w,GaussianNB,MinMax Scaler,3,0.015625,0.0,0.2688102722167969,0.0031938552856445312,2.391635350370069e-05,206,384,15,9,0.985889141458297,0.914868234737856,21,44,1,3,0.9935185185185186,0.8715403188617704,
breast-w,GaussianNB,MinMax Scaler,4,0.015625,0.015625,0.26903247833251953,0.0031938552856445312,2.0944536478155917e-05,207,384,15,9,0.9858964540982085,0.9151183509828649,22,44,1,1,0.9971014492753623,0.9342995169082126,
breast-w,GaussianNB,MinMax Scaler,5,0.0,0.0,0.2691059112548828,0.0031938552856445312,1.1827761737520966e-14,209,381,19,6,0.9889186046511628,0.912802732849113,24,39,5,0,0.9668560606060606,0.8564708516635089,
breast-w,GaussianNB,MinMax Scaler,6,0.015625,0.015625,0.2692375183105469,0.0031938552856445312,6.309063124787678e-06,206,384,16,9,0.9856220930232558,0.9115597731002896,23,43,1,1,0.9981060606060606,0.9356060606060606,
breast-w,GaussianNB,MinMax Scaler,7,0.015625,0.0,0.2692422866821289,0.0031938552856445312,0.6759517412337824,200,390,10,15,0.9861627906976744,0.9102741971868863,21,43,1,3,0.9943181818181818,0.8706032700941747,
breast-w,GaussianNB,MinMax Scaler,8,0.015625,0.0,0.2693338394165039,0.0031938552856445312,0.010001451473444788,202,387,13,13,0.9886511627906976,0.9070348837209302,24,42,2,0,0.9725378787878787,0.9386793281621159,
breast-w,GaussianNB,MinMax Scaler,9,0.0,0.0,0.26918888092041016,0.0031938552856445312,0.00019874421614210432,207,385,15,8,0.9869302325581395,0.9186596877463975,22,42,2,2,0.9767992424242424,0.8712121212121212,
breast-w,GaussianNB,MinMax Scaler,10,0.0,0.0,0.2693338394165039,0.0031938552856445312,1.4822314451084564e-06,205,383,17,10,0.9855930232558139,0.9044598584541818,24,43,1,0,1.0,0.9685978619539785,
breast-w,GaussianNB,IQR Capping,1,0.046875,0.0,0.2835826873779297,0.0030431747436523438,8.686348476696306e-13,211,377,22,4,0.9886227195896719,0.9105356807362235,23,41,4,1,0.9722222222222222,0.8484908967580302,
breast-w,GaussianNB,IQR Capping,2,0.046875,0.0,0.2829580307006836,0.0030431747436523438,0.003302757880126111,203,387,12,12,0.9866759923063473,0.914110858541703,23,43,2,1,0.986111111111111,0.9055426968164315,
breast-w,GaussianNB,IQR Capping,3,0.046875,0.0,0.28318309783935547,0.0030431747436523438,0.013562199236660874,207,385,14,8,0.9849274348662354,0.921981520915078,21,44,1,3,0.9925925925925926,0.8715403188617704,
breast-w,GaussianNB,IQR Capping,4,0.046875,0.0,0.28318119049072266,0.0030431747436523438,0.01657056312339119,207,384,15,9,0.9861285157337789,0.9151183509828649,22,44,1,1,0.9971014492753623,0.9342995169082126,
breast-w,GaussianNB,IQR Capping,5,0.046875,0.0,0.2838449478149414,0.0030431747436523438,6.862982396014758e-11,209,381,19,6,0.9880348837209302,0.912802732849113,24,39,5,0,0.9678030303030303,0.8564708516635089,
breast-w,GaussianNB,IQR Capping,6,0.046875,0.015625,0.28343772888183594,0.0030431747436523438,0.0027370107507798305,206,384,16,9,0.9858313953488372,0.9115597731002896,23,43,1,1,0.9981060606060606,0.9356060606060606,
breast-w,GaussianNB,IQR Capping,7,0.046875,0.015625,0.2833395004272461,0.0030431747436523438,0.9568237113730031,203,388,12,12,0.9852441860465116,0.9141860465116279,20,43,1,4,0.9924242424242424,0.8384616998807747,
breast-w,GaussianNB,IQR Capping,8,0.03125,0.015625,0.28337764739990234,0.0030431747436523438,0.0847729243094493,206,384,16,9,0.9878604651162791,0.9115597731002896,24,41,3,0,0.9725378787878788,0.9101004495564368,
breast-w,GaussianNB,IQR Capping,9,0.03125,0.0,0.28348350524902344,0.0030431747436523438,0.019073385723735133,207,385,15,8,0.9870930232558139,0.9186596877463975,22,42,2,2,0.9706439393939393,0.8712121212121212,
breast-w,GaussianNB,IQR Capping,10,0.046875,0.0,0.2835702896118164,0.0030431747436523438,0.000691651706901659,206,384,16,9,0.9855813953488372,0.9115597731002896,24,43,1,0,1.0,0.9685978619539785,
breast-w,GaussianNB,IQR Removal,1,0.015625,0.0,0.28057098388671875,0.0029296875,1.1098835631484884e-08,208,380,19,7,0.9887218045112782,0.9089530330356903,23,41,4,1,0.9712962962962963,0.8484908967580302,
breast-w,GaussianNB,IQR Removal,2,0.03125,0.015625,0.28168392181396484,0.0029296875,3.0628931826603015e-06,205,383,16,10,0.9869091332983622,0.907754948560634,24,43,2,0,0.986111111111111,0.9391758525703704,
breast-w,GaussianNB,IQR Removal,3,0.015625,0.0,0.2815284729003906,0.0029296875,0.017135497929811276,206,384,15,9,0.9850673194614443,0.914868234737856,21,44,1,3,0.9935185185185186,0.8715403188617704,
breast-w,GaussianNB,IQR Removal,4,0.03125,0.0,0.28188228607177734,0.0029296875,0.015039002355630856,207,384,15,9,0.9860588972431077,0.9151183509828649,22,44,1,1,0.9971014492753623,0.9342995169082126,
breast-w,GaussianNB,IQR Removal,5,0.03125,0.0,0.2817392349243164,0.0029296875,7.760246862750428e-11,209,381,19,6,0.9882267441860465,0.912802732849113,24,39,5,0,0.9668560606060606,0.8564708516635089,
breast-w,GaussianNB,IQR Removal,6,0.03125,0.0,0.28186702728271484,0.0029296875,0.004577757568097434,206,384,16,9,0.9858255813953488,0.9115597731002896,23,43,1,1,0.9981060606060606,0.9356060606060606,
breast-w,GaussianNB,IQR Removal,7,0.015625,0.0,0.28181934356689453,0.0029296875,0.9993428305918126,200,390,10,15,0.9853953488372094,0.9102741971868863,21,43,1,3,0.9943181818181818,0.8706032700941747,
breast-w,GaussianNB,IQR Removal,8,0.03125,0.0,0.2821016311645508,0.0029296875,0.8787876536763414,202,387,13,13,0.9878720930232558,0.9070348837209302,24,42,2,0,0.9725378787878787,0.9386793281621159,
breast-w,GaussianNB,IQR Removal,9,0.03125,0.015625,0.2819232940673828,0.0029296875,0.12606957036217406,207,385,15,8,0.9870523255813953,0.9186596877463975,22,42,2,2,0.96875,0.8712121212121212,
breast-w,GaussianNB,IQR Removal,10,0.03125,0.0,0.28181934356689453,0.0029296875,0.001079387754745051,205,383,17,10,0.9857558139534883,0.9044598584541818,24,43,1,0,1.0,0.9685978619539785,
breast-w,GaussianNB,Yeo-Johnson,1,0.078125,0.0,0.2695646286010742,0.0027818679809570312,1.4747719872272563e-17,213,379,20,2,0.9844961240310077,0.9246075645498139,23,42,3,1,0.950925925925926,0.8763821182415374,
breast-w,GaussianNB,Yeo-Johnson,2,0.078125,0.0,0.2695169448852539,0.0027818679809570312,2.182990927842236e-17,213,379,20,2,0.9830623069301161,0.9246075645498139,23,44,1,1,0.9796296296296296,0.9361111111111111,
breast-w,GaussianNB,Yeo-Johnson,3,0.078125,0.0,0.26943302154541016,0.0027818679809570312,3.7436511126657895e-16,213,379,20,2,0.9820015154164481,0.9246075645498139,24,42,3,0,0.9916666666666667,0.9108400680852976,
breast-w,GaussianNB,Yeo-Johnson,4,0.078125,0.0,0.26955509185791016,0.0027818679809570312,2.3831200958407425e-14,213,378,21,3,0.9814814814814815,0.9177992675190361,23,44,1,0,0.9951690821256038,0.9680067339833113,
breast-w,GaussianNB,Yeo-Johnson,5,0.078125,0.0,0.26981639862060547,0.0027818679809570312,4.1323246907591924e-19,213,379,21,2,0.9842558139534884,0.9214529423968245,24,39,5,0,0.9545454545454545,0.8564708516635089,
breast-w,GaussianNB,Yeo-Johnson,6,0.078125,0.015625,0.26986026763916016,0.0027818679809570312,4.204606844096913e-15,213,379,21,2,0.9811220930232558,0.9214529423968245,23,42,2,1,0.9981060606060607,0.9047755222128249,
breast-w,GaussianNB,Yeo-Johnson,7,0.0625,0.0,0.26985645294189453,0.0027818679809570312,1.5817897186680524e-14,212,378,22,3,0.9817093023255815,0.9144294118821806,24,42,2,0,0.9791666666666667,0.9386793281621159,
breast-w,GaussianNB,Yeo-Johnson,8,0.0625,0.015625,0.2699394226074219,0.0027818679809570312,1.1656500199472772e-15,213,379,21,2,0.9823837209302325,0.9214529423968245,24,39,5,0,0.9711174242424243,0.8564708516635089,
breast-w,GaussianNB,Yeo-Johnson,9,0.0625,0.015625,0.26999568939208984,0.0027818679809570312,2.2957668030371393e-15,213,379,21,2,0.9823953488372092,0.9214529423968245,24,42,2,0,0.9895833333333334,0.9386793281621159,
breast-w,GaussianNB,Yeo-Johnson,10,0.0625,0.0,0.26972103118896484,0.0027818679809570312,2.6535346338283364e-15,213,379,21,2,0.9817441860465117,0.9214529423968245,24,42,2,0,0.9952651515151515,0.9386793281621159,
breast-w,GaussianNB,Quantile Transform,1,0.03125,0.015625,0.31486988067626953,0.04503154754638672,6.782432935167463e-14,212,378,21,3,0.9822696275572653,0.9175716226430186,23,42,3,1,0.950462962962963,0.8763821182415374,
breast-w,GaussianNB,Quantile Transform,2,0.015625,0.0,0.31426429748535156,0.04503154754638672,3.814823866568992e-13,211,377,22,4,0.9807775252083698,0.9105356807362235,23,44,1,1,0.9805555555555556,0.9361111111111111,
breast-w,GaussianNB,Quantile Transform,3,0.03125,0.0,0.31398963928222656,0.04503154754638672,1.4041250947613287e-11,211,377,22,4,0.9801771871539314,0.9105356807362235,24,42,3,0,0.9925925925925926,0.9108400680852976,
breast-w,GaussianNB,Quantile Transform,4,0.015625,0.015625,0.31435298919677734,0.04510021209716797,2.0652107730054105e-10,212,377,22,4,0.9798570500324886,0.9107832385135022,23,44,1,0,0.9951690821256038,0.9680067339833113,
breast-w,GaussianNB,Quantile Transform,5,0.03125,0.0,0.3142242431640625,0.04510021209716797,2.937837758133236e-13,211,383,17,4,0.9828546511627907,0.9269226770282541,23,39,5,1,0.9479166666666667,0.8202077790814963,
breast-w,GaussianNB,Quantile Transform,6,0.015625,0.0,0.3135643005371094,0.04510021209716797,1.483048395620654e-10,212,378,22,3,0.9789244186046512,0.9144294118821806,23,44,0,1,0.9962121212121213,0.9680067339833113,
breast-w,GaussianNB,Quantile Transform,7,0.015625,0.0,0.31499290466308594,0.04510021209716797,2.8153765290217147e-10,209,381,19,6,0.9803720930232558,0.912802732849113,23,42,2,1,0.9725378787878788,0.9047755222128249,
breast-w,GaussianNB,Quantile Transform,8,0.03125,0.0,0.31357765197753906,0.04510021209716797,6.751700836187613e-11,210,382,18,5,0.9818662790697675,0.9198627049386835,24,40,4,0,0.9526515151515151,0.8827348295047495,
breast-w,GaussianNB,Quantile Transform,9,0.015625,0.0,0.31469154357910156,0.04510021209716797,3.522572329004588e-10,209,381,19,6,0.9800058139534884,0.912802732849113,23,42,2,1,0.9962121212121212,0.9047755222128249,
breast-w,GaussianNB,Quantile Transform,10,0.03125,0.0,0.3139486312866211,0.04510021209716797,2.1669882758610908e-11,211,377,23,4,0.9796860465116279,0.9074058813675366,24,42,2,0,0.9971590909090909,0.9386793281621159,
breast-w,GaussianNB,Uniform Binning,1,0.015625,0.0,0.2708568572998047,0.0035085678100585938,0.2002617724451452,200,390,9,15,0.9884128926968584,0.9137680218890986,22,41,4,2,0.9712962962962962,0.8135883839127046,
breast-w,GaussianNB,Uniform Binning,2,0.0,0.0,0.27054595947265625,0.0035085678100585938,1.5813943942987328e-10,208,380,19,7,0.986641021157545,0.9089530330356903,24,43,2,0,0.986111111111111,0.9391758525703704,
breast-w,GaussianNB,Uniform Binning,3,0.015625,0.0,0.27068614959716797,0.0035085678100585938,1.1592660422039773e-06,209,380,19,6,0.9849624060150375,0.9127236251295203,21,44,1,3,0.9935185185185185,0.8715403188617704,
breast-w,GaussianNB,Uniform Binning,4,0.0,0.0,0.2707633972167969,0.0035085678100585938,0.07347286324278798,203,387,12,13,0.9858152325257589,0.9107123166802903,22,44,1,1,0.9971014492753623,0.9342995169082126,
breast-w,GaussianNB,Uniform Binning,5,0.015625,0.0,0.2713327407836914,0.0035085678100585938,2.586629308570492e-12,209,381,19,6,0.9882500000000001,0.912802732849113,23,39,5,1,0.9659090909090909,0.8202077790814963,
breast-w,GaussianNB,Uniform Binning,6,0.0,0.0,0.2711963653564453,0.0035085678100585938,2.34038667388325e-05,206,384,16,9,0.9847441860465116,0.9115597731002896,23,43,1,1,0.9981060606060606,0.9356060606060606,
breast-w,GaussianNB,Uniform Binning,7,0.015625,0.0,0.2712364196777344,0.0035085678100585938,0.12014814872247043,202,387,13,13,0.9840755813953488,0.9070348837209302,22,43,1,2,0.9952651515151516,0.9029628032413496,
breast-w,GaussianNB,Uniform Binning,8,0.015625,0.0,0.27137279510498047,0.0035085678100585938,0.060725108017851706,202,387,13,13,0.9866802325581395,0.9070348837209302,24,41,3,0,0.9725378787878788,0.9101004495564368,
breast-w,GaussianNB,Uniform Binning,9,0.015625,0.015625,0.2711610794067383,0.0035085678100585938,0.0006816251548394765,207,385,15,8,0.9870813953488372,0.9186596877463975,22,42,2,2,0.9687500000000001,0.8712121212121212,
breast-w,GaussianNB,Uniform Binning,10,0.015625,0.0,0.2711610794067383,0.0035085678100585938,9.668847905802389e-08,208,380,20,7,0.9846046511627907,0.9057427607595424,24,43,1,0,1.0,0.9685978619539785,
breast-w,GaussianNB,Quantile Binning,1,0.015625,0.0,0.2709627151489258,0.0034189224243164062,1.8096487292464623e-17,214,373,26,1,0.9846360086262167,0.9093561784998877,23,42,3,1,0.9527777777777777,0.8763821182415374,
breast-w,GaussianNB,Quantile Binning,2,0.015625,0.0,0.2712125778198242,0.0034112930297851562,8.282840927802406e-18,213,372,27,2,0.9832721338229294,0.9023590270938157,24,43,2,0,0.9819444444444444,0.9391758525703704,
breast-w,GaussianNB,Quantile Binning,3,0.015625,0.0,0.27091121673583984,0.0034189224243164062,7.96774350239562e-11,208,380,19,7,0.9826601387188902,0.9089530330356903,21,42,3,3,0.986111111111111,0.8083333333333333,
breast-w,GaussianNB,Quantile Binning,4,0.015625,0.0,0.27135372161865234,0.0034112930297851562,3.6679728716832837e-14,213,372,27,3,0.9816555277081593,0.8987600817950457,23,44,1,0,0.9971014492753623,0.9680067339833113,
breast-w,GaussianNB,Quantile Binning,5,0.015625,0.0,0.27134037017822266,0.0034112930297851562,2.9445646602168213e-17,211,377,23,4,0.9839825581395348,0.9074058813675366,24,39,5,0,0.9507575757575758,0.8564708516635089,
breast-w,GaussianNB,Quantile Binning,6,0.015625,0.015625,0.27161693572998047,0.0034189224243164062,5.886384887422416e-15,213,373,27,2,0.9811744186046513,0.902449009704304,23,42,2,1,0.9962121212121212,0.9047755222128249,
breast-w,GaussianNB,Quantile Binning,7,0.015625,0.0,0.2716951370239258,0.0034112930297851562,3.796320907880461e-13,211,376,24,4,0.9817558139534884,0.9042104289980578,24,41,3,0,0.9895833333333333,0.9101004495564368,
breast-w,GaussianNB,Quantile Binning,8,0.015625,0.0,0.2715129852294922,0.0034112930297851562,5.6249029562022537e-14,211,377,23,4,0.9829651162790697,0.9074058813675366,24,40,4,0,0.9692234848484849,0.8827348295047495,
breast-w,GaussianNB,Quantile Binning,9,0.015625,0.0,0.27121639251708984,0.0034112930297851562,2.839526044737372e-13,210,376,24,5,0.9829011627906976,0.9003823508528928,24,41,3,0,0.9820075757575758,0.9101004495564368,
breast-w,GaussianNB,Quantile Binning,10,0.015625,0.0,0.27145957946777344,0.0034112930297851562,9.66350244719877e-16,213,373,27,2,0.9817965116279069,0.902449009704304,24,41,3,0,1.0,0.9101004495564368,
breast-w,GaussianNB,PCA,1,0.015625,0.0,0.24317455291748047,0.0036611557006835938,7.62195471970934e-11,209,381,18,6,0.9849624060150376,0.9160258803405418,23,41,4,1,0.9564814814814815,0.8484908967580302,
breast-w,GaussianNB,PCA,2,0.09375,0.03125,0.24330711364746094,0.0036611557006835938,8.171919260377315e-11,207,379,20,8,0.9835052748149443,0.901880185730839,24,43,2,0,0.9837962962962964,0.9391758525703704,
breast-w,GaussianNB,PCA,3,0.09375,0.0,0.2431316375732422,0.0036611557006835938,1.0770724304833983e-08,210,376,23,5,0.9843504109109984,0.9034997388294282,22,44,1,2,0.9944444444444445,0.903696114115064,
breast-w,GaussianNB,PCA,4,0.09375,0.0,0.24332714080810547,0.0036611557006835938,1.065918085743372e-07,207,378,21,9,0.9834424023020514,0.8951083869891572,22,44,1,1,0.9990338164251209,0.9342995169082126,
breast-w,GaussianNB,PCA,5,0.09375,0.0,0.2437610626220703,0.0036611557006835938,6.1743464059854585e-12,209,381,19,6,0.9846976744186046,0.912802732849113,23,39,5,1,0.9507575757575758,0.8202077790814963,
breast-w,GaussianNB,PCA,6,0.0,0.0,0.2438507080078125,0.0036611557006835938,6.12610465302869e-08,207,379,21,8,0.9836802325581396,0.8986827886699718,23,43,1,1,0.9952651515151515,0.9356060606060606,
breast-w,GaussianNB,PCA,7,0.09375,0.0,0.24344825744628906,0.0036611557006835938,2.3981835066316985e-08,208,380,20,7,0.9829186046511629,0.9057427607595424,23,41,3,1,0.978219696969697,0.875355722690862,
breast-w,GaussianNB,PCA,8,0.09375,0.0,0.24372005462646484,0.0036611557006835938,1.4438938361681614e-08,208,380,20,7,0.9844011627906977,0.9057427607595424,24,40,4,0,0.9640151515151515,0.8827348295047495,
breast-w,GaussianNB,PCA,9,0.015625,0.0,0.24389934539794922,0.0036611557006835938,9.784133973474803e-08,208,380,20,7,0.9844186046511628,0.9057427607595424,23,41,3,1,0.9876893939393939,0.875355722690862,
breast-w,GaussianNB,PCA,10,0.09375,0.0,0.24385643005371094,0.0036611557006835938,1.5944357795970888e-07,206,378,22,9,0.982453488372093,0.8916228165804012,23,44,0,1,1.0,0.9680067339833113,
breast-w,GaussianNB,Select Percentile (Mutual Info),1,0.546875,0.015625,0.5513753890991211,0.0028886795043945312,0.40926573830569,211,383,16,4,0.9897301393017427,0.9301715749502447,23,43,2,1,0.9740740740740741,0.9055426968164315,
breast-w,GaussianNB,Select Percentile (Mutual Info),2,0.109375,0.0,0.550628662109375,0.0028886795043945312,0.31684401897984443,210,382,17,5,0.9866993064055487,0.9230987276453932,24,44,1,0,0.9879629629629629,0.9688481133111972,
breast-w,GaussianNB,Select Percentile (Mutual Info),3,0.09375,0.0,0.55389404296875,0.0028886795043945312,0.2026861513906087,212,384,15,3,0.9860931398263099,0.9372444222550962,23,42,3,1,0.9907407407407408,0.8763821182415374,
breast-w,GaussianNB,Select Percentile (Mutual Info),4,0.09375,0.0,0.5513858795166016,0.0028886795043945312,0.53217944104621,211,382,17,5,0.9893077601410933,0.9233181136247354,23,44,1,0,0.9879227053140096,0.9680067339833113,
breast-w,GaussianNB,Select Percentile (Mutual Info),5,0.09375,0.0,0.5527229309082031,0.0028886795043945312,0.407835297899775,211,383,17,4,0.9881337209302326,0.9269226770282541,23,43,1,1,0.9971590909090909,0.9356060606060606,
breast-w,GaussianNB,Select Percentile (Mutual Info),6,0.09375,0.0,0.5524024963378906,0.0028886795043945312,0.16857377639829957,212,384,16,3,0.9892267441860465,0.9339826491178247,23,42,2,1,0.9962121212121212,0.9047755222128249,
breast-w,GaussianNB,Select Percentile (Mutual Info),7,0.09375,0.0,0.5524139404296875,0.0028886795043945312,0.26063054406568037,211,383,17,4,0.9883139534883721,0.9269226770282541,24,43,1,0,0.9990530303030303,0.9685978619539785,
breast-w,GaussianNB,Select Percentile (Mutual Info),8,0.09375,0.015625,0.5522699356079102,0.0028886795043945312,0.20921353614638666,212,384,16,3,0.9908255813953488,0.9339826491178247,24,42,2,0,0.9763257575757576,0.9386793281621159,
breast-w,GaussianNB,Select Percentile (Mutual Info),9,0.09375,0.0,0.5503530502319336,0.0028886795043945312,0.24700771294544138,212,384,16,3,0.987610465116279,0.9339826491178247,24,40,4,0,0.9715909090909092,0.8827348295047495,
breast-w,GaussianNB,Select Percentile (Mutual Info),10,0.09375,0.0,0.5512151718139648,0.0028886795043945312,0.2310948148712017,211,383,17,4,0.9868313953488372,0.9269226770282541,24,43,1,0,1.0,0.9685978619539785,
breast-w,GaussianNB,Random Undersampling,1,0.015625,0.0,0.23938465118408203,0.006337165832519531,6.620168105159952e-09,210,382,17,5,0.9893046569913155,0.9230987276453932,23,41,4,1,0.9722222222222221,0.8484908967580302,
breast-w,GaussianNB,Random Undersampling,2,0.015625,0.0,0.2388591766357422,0.006337165832519531,0.006655745850847153,207,385,14,8,0.987876668415224,0.921981520915078,24,43,2,0,0.987037037037037,0.9391758525703704,
breast-w,GaussianNB,Random Undersampling,3,0.015625,0.0,0.23894023895263672,0.006337165832519531,1.8438933173278755e-10,209,381,18,6,0.9855977152182783,0.9160258803405418,22,43,2,2,0.9935185185185185,0.8722222222222222,
breast-w,GaussianNB,Random Undersampling,4,0.015625,0.0,0.23972034454345703,0.006352424621582031,0.9999999174035217,207,384,15,9,0.9863547758284601,0.9151183509828649,22,44,1,1,0.9879227053140096,0.9342995169082126,
breast-w,GaussianNB,Random Undersampling,5,0.015625,0.0,0.2389392852783203,0.006337165832519531,8.691525985821759e-16,209,381,19,6,0.9828953488372093,0.912802732849113,23,39,5,1,0.9441287878787878,0.8202077790814963,
breast-w,GaussianNB,Random Undersampling,6,0.015625,0.0,0.23907852172851562,0.006337165832519531,2.8243429599655375e-08,210,376,24,5,0.9833313953488372,0.9003823508528928,23,43,1,1,0.9981060606060607,0.9356060606060606,
breast-w,GaussianNB,Random Undersampling,7,0.015625,0.0,0.23894309997558594,0.006337165832519531,0.9999999559759053,202,387,13,13,0.9838837209302325,0.9070348837209302,21,42,2,3,0.9914772727272727,0.837918872499388,
breast-w,GaussianNB,Random Undersampling,8,0.015625,0.0,0.23880767822265625,0.006337165832519531,4.44338407910677e-08,208,380,20,7,0.986906976744186,0.9057427607595424,24,40,4,0,0.9715909090909092,0.8827348295047495,
breast-w,GaussianNB,Random Undersampling,9,0.015625,0.0,0.23898601531982422,0.006337165832519531,0.9481225187736732,208,386,14,7,0.9855,0.9257596023925053,23,42,2,1,0.9706439393939394,0.9047755222128249,
breast-w,GaussianNB,Random Undersampling,10,0.015625,0.0,0.23889541625976562,0.006337165832519531,2.943790936987968e-07,206,384,16,9,0.9865116279069768,0.9115597731002896,24,43,1,0,1.0,0.9685978619539785,
breast-w,GaussianNB,SMOTE / SMOTENC,1,0.03125,0.0,1.1693296432495117,0.026945114135742188,1.485013285247132e-07,208,380,19,7,0.9889199743544909,0.9089530330356903,23,41,4,1,0.9722222222222223,0.8484908967580302,
breast-w,GaussianNB,SMOTE / SMOTENC,2,0.0625,0.0,1.1605920791625977,0.026945114135742188,0.011321326968924761,203,387,12,12,0.9870606749431718,0.914110858541703,23,43,2,1,0.9861111111111112,0.9055426968164315,
breast-w,GaussianNB,SMOTE / SMOTENC,3,0.046875,0.0,1.1604108810424805,0.026945114135742188,0.0866513111685494,207,385,14,8,0.9852421752054554,0.921981520915078,21,44,1,3,0.9935185185185185,0.8715403188617704,
breast-w,GaussianNB,SMOTE / SMOTENC,4,0.0625,0.0,1.1693687438964844,0.027051925659179688,0.11647159667093492,207,384,15,9,0.9852872923048362,0.9151183509828649,22,44,1,1,0.9971014492753623,0.9342995169082126,
breast-w,GaussianNB,SMOTE / SMOTENC,5,0.0625,0.015625,1.1607933044433594,0.026945114135742188,9.805981512436956e-10,209,381,19,6,0.9885174418604652,0.912802732849113,24,39,5,0,0.9678030303030303,0.8564708516635089,
breast-w,GaussianNB,SMOTE / SMOTENC,6,0.046875,0.0,1.1608734130859375,0.026945114135742188,0.018610588300209813,206,384,16,9,0.9850465116279069,0.9115597731002896,23,43,1,1,0.9981060606060607,0.9356060606060606,
breast-w,GaussianNB,SMOTE / SMOTENC,7,0.046875,0.0,1.1607379913330078,0.026945114135742188,0.9999240751155963,200,390,10,15,0.9854767441860465,0.9102741971868863,21,43,1,3,0.9943181818181818,0.8706032700941747,
breast-w,GaussianNB,SMOTE / SMOTENC,8,0.046875,0.015625,1.1609869003295898,0.026945114135742188,0.9373247659910096,202,387,13,13,0.9879593023255814,0.9070348837209302,24,42,2,0,0.9725378787878788,0.9386793281621159,
breast-w,GaussianNB,SMOTE / SMOTENC,9,0.0625,0.0,1.1609840393066406,0.026945114135742188,0.6864818561161269,207,385,15,8,0.9871918604651162,0.9186596877463975,22,42,2,2,0.96875,0.8712121212121212,
breast-w,GaussianNB,SMOTE / SMOTENC,10,0.0625,0.0,1.161020278930664,0.026945114135742188,0.013232429565039634,206,384,16,9,0.9849186046511628,0.9115597731002896,24,43,1,0,1.0,0.9685978619539785,
breast-w,LogisticRegression,Baseline,1,0.03125,0.0,0.1909494400024414,0.0024652481079101562,0.33955055748132074,211,389,10,4,0.9972023080958209,0.950434665623966,23,43,2,1,0.9888888888888888,0.9055426968164315,
breast-w,LogisticRegression,Baseline,2,0.015625,0.0,0.19104290008544922,0.0024652481079101562,0.20079140338688786,213,385,14,2,0.995453750655709,0.9443172695599477,24,44,1,0,1.0,0.9688481133111972,
breast-w,LogisticRegression,Baseline,3,0.015625,0.0,0.1910419464111328,0.0024652481079101562,0.11796194429850948,213,385,14,2,0.9961881447805561,0.9443172695599477,24,42,3,0,0.9944444444444444,0.9108400680852976,
breast-w,LogisticRegression,Baseline,4,0.015625,0.0,0.19130611419677734,0.0024652481079101562,0.3191228522076518,211,388,11,5,0.9959273182957393,0.9434876772013802,23,44,1,0,0.995169082125604,0.9680067339833113,
breast-w,LogisticRegression,Baseline,5,0.03125,0.0,0.19139766693115234,0.0024652481079101562,0.17069780706894733,214,386,14,1,0.9959767441860465,0.9481025932969659,23,43,1,1,0.9971590909090909,0.9356060606060606,
breast-w,LogisticRegression,Baseline,6,0.03125,0.0,0.19125843048095703,0.0024652481079101562,0.1380613683818809,214,386,14,1,0.9958372093023257,0.9481025932969659,24,42,2,0,0.9981060606060608,0.9386793281621159,
breast-w,LogisticRegression,Baseline,7,0.03125,0.0,0.19130611419677734,0.0024652481079101562,0.14581498630596415,214,386,14,1,0.9962674418604651,0.9481025932969659,23,44,0,1,1.0,0.9680067339833113,
breast-w,LogisticRegression,Baseline,8,0.015625,0.0,0.19134998321533203,0.0024652481079101562,0.31579247049209425,212,390,10,3,0.9970581395348838,0.9541592609769369,24,42,2,0,0.9810606060606061,0.9386793281621159,
breast-w,LogisticRegression,Baseline,9,0.015625,0.0,0.19139766693115234,0.0024652481079101562,0.4640090036583869,208,393,7,7,0.9966046511627907,0.9499418604651163,23,42,2,1,0.990530303030303,0.9047755222128249,
breast-w,LogisticRegression,Baseline,10,0.015625,0.0,0.19130229949951172,0.0024652481079101562,0.10946553505666373,214,386,14,1,0.9959418604651163,0.9481025932969659,24,41,3,0,0.9990530303030303,0.9101004495564368,
breast-w,LogisticRegression,Standard Scaler,1,0.015625,0.0,0.19197368621826172,0.0027170181274414062,0.32078672939961433,211,389,10,4,0.9971789939966195,0.950434665623966,23,43,2,1,0.9879629629629629,0.9055426968164315,
breast-w,LogisticRegression,Standard Scaler,2,0.015625,0.0,0.1917409896850586,0.0027170181274414062,0.20838771871561176,213,385,14,2,0.9953604942589032,0.9443172695599477,24,44,1,0,1.0,0.9688481133111972,
breast-w,LogisticRegression,Standard Scaler,3,0.015625,0.0,0.19174480438232422,0.0027170181274414062,0.1298930122322031,213,385,14,2,0.9961998018301568,0.9443172695599477,24,42,3,0,0.9935185185185185,0.9108400680852976,
breast-w,LogisticRegression,Standard Scaler,4,0.015625,0.0,0.1920480728149414,0.0027170181274414062,0.3362667714472799,211,388,11,5,0.9959273182957394,0.9434876772013802,23,44,1,0,0.9961352657004832,0.9680067339833113,
breast-w,LogisticRegression,Standard Scaler,5,0.015625,0.0,0.19209575653076172,0.0027170181274414062,0.1816019055428128,214,386,14,1,0.9959767441860464,0.9481025932969659,23,43,1,1,0.9971590909090909,0.9356060606060606,
breast-w,LogisticRegression,Standard Scaler,6,0.015625,0.015625,0.19200420379638672,0.0027170181274414062,0.14807900050537415,214,386,14,1,0.9957674418604651,0.9481025932969659,24,42,2,0,0.9981060606060608,0.9386793281621159,
breast-w,LogisticRegression,Standard Scaler,7,0.015625,0.0,0.19200420379638672,0.0027170181274414062,0.18037202774873823,213,385,15,2,0.9961162790697674,0.9410426212073952,23,44,0,1,1.0,0.9680067339833113,
breast-w,LogisticRegression,Standard Scaler,8,0.015625,0.0,0.1920003890991211,0.0027170181274414062,0.30368836748951267,212,390,10,3,0.9970232558139535,0.9541592609769369,24,42,2,0,0.9829545454545455,0.9386793281621159,
breast-w,LogisticRegression,Standard Scaler,9,0.015625,0.0,0.1921396255493164,0.0027170181274414062,0.46123545954803424,208,393,7,7,0.9965813953488372,0.9499418604651163,23,42,2,1,0.990530303030303,0.9047755222128249,
breast-w,LogisticRegression,Standard Scaler,10,0.015625,0.0,0.1921396255493164,0.0027170181274414062,0.12589075032693417,214,386,14,1,0.9958720930232557,0.9481025932969659,24,41,3,0,0.9981060606060607,0.9101004495564368,
breast-w,LogisticRegression,MinMax Scaler,1,0.015625,0.0,0.19241619110107422,0.00290679931640625,0.24006794875492132,214,386,13,1,0.9967127120125896,0.9513901168647991,23,43,2,1,0.9898148148148148,0.9055426968164315,
breast-w,LogisticRegression,MinMax Scaler,2,0.015625,0.0,0.19213390350341797,0.00290679931640625,0.2113333737292338,213,385,14,2,0.9952322667132949,0.9443172695599477,24,44,1,0,1.0,0.9688481133111972,
breast-w,LogisticRegression,MinMax Scaler,3,0.015625,0.0,0.19234943389892578,0.00290679931640625,0.18718775660201042,214,386,13,1,0.9959083755901381,0.9513901168647991,24,42,3,0,0.9944444444444445,0.9108400680852976,
breast-w,LogisticRegression,MinMax Scaler,4,0.015625,0.0,0.19256877899169922,0.00290679931640625,0.21553581646121092,214,385,14,2,0.99576487515084,0.944475408601419,23,44,1,0,0.996135265700483,0.9680067339833113,
breast-w,LogisticRegression,MinMax Scaler,5,0.015625,0.0,0.1926126480102539,0.00290679931640625,0.3143990578623749,211,389,11,4,0.9957790697674419,0.947059346330829,23,43,1,1,0.9971590909090909,0.9356060606060606,
breast-w,LogisticRegression,MinMax Scaler,6,0.015625,0.015625,0.19251728057861328,0.00290679931640625,0.19057751812530105,214,386,14,1,0.9956162790697675,0.9481025932969659,23,42,2,1,0.9981060606060608,0.9047755222128249,
breast-w,LogisticRegression,MinMax Scaler,7,0.015625,0.015625,0.19229412078857422,0.00290679931640625,0.1966087571512744,214,386,14,1,0.9959302325581394,0.9481025932969659,24,43,1,0,0.9990530303030303,0.9685978619539785,
breast-w,LogisticRegression,MinMax Scaler,8,0.015625,0.0,0.19256114959716797,0.00290679931640625,0.27125471768306586,212,390,10,3,0.9970697674418604,0.9541592609769369,24,42,2,0,0.9772727272727272,0.9386793281621159,
breast-w,LogisticRegression,MinMax Scaler,9,0.015625,0.015625,0.1926565170288086,0.00290679931640625,0.31094726663319905,212,390,10,3,0.9964767441860465,0.9541592609769369,23,42,2,1,0.990530303030303,0.9047755222128249,
breast-w,LogisticRegression,MinMax Scaler,10,0.015625,0.0,0.19234180450439453,0.00290679931640625,0.20353011127330975,214,386,14,1,0.9955930232558139,0.9481025932969659,24,42,2,0,1.0,0.9386793281621159,
breast-w,LogisticRegression,IQR Capping,1,0.046875,0.015625,0.2563791275024414,0.0027561187744140625,0.3591500908729567,211,389,10,4,0.9970391094014104,0.950434665623966,23,43,2,1,0.9879629629629629,0.9055426968164315,
breast-w,LogisticRegression,IQR Capping,2,0.046875,0.015625,0.2557821273803711,0.0027561187744140625,0.21623928983772156,212,384,15,3,0.9951273532668882,0.9372444222550962,24,45,0,0,1.0,1.0,
breast-w,LogisticRegression,IQR Capping,3,0.046875,0.0,0.25592899322509766,0.0027561187744140625,0.25542980728233283,211,389,10,4,0.9958384332925337,0.950434665623966,23,43,2,1,0.9925925925925926,0.9055426968164315,
breast-w,LogisticRegression,IQR Capping,4,0.0625,0.015625,0.2561063766479492,0.0027561187744140625,0.19887288372865844,214,385,14,2,0.9956836535783904,0.944475408601419,23,44,1,0,0.995169082125604,0.9680067339833113,
breast-w,LogisticRegression,IQR Capping,5,0.046875,0.015625,0.25615406036376953,0.0027561187744140625,0.16979909018321937,214,386,14,1,0.9957441860465116,0.9481025932969659,23,43,1,1,0.9971590909090908,0.9356060606060606,
breast-w,LogisticRegression,IQR Capping,6,0.046875,0.0,0.2561979293823242,0.0027561187744140625,0.14700817154132276,214,386,14,1,0.995546511627907,0.9481025932969659,24,42,2,0,0.9981060606060606,0.9386793281621159,
breast-w,LogisticRegression,IQR Capping,7,0.0625,0.015625,0.25624561309814453,0.0027561187744140625,0.1444489183329238,213,385,15,2,0.9960581395348838,0.9410426212073952,23,44,0,1,1.0,0.9680067339833113,
breast-w,LogisticRegression,IQR Capping,8,0.046875,0.015625,0.2561044692993164,0.0027561187744140625,0.3306729335799555,212,390,10,3,0.9969302325581395,0.9541592609769369,24,42,2,0,0.9791666666666666,0.9386793281621159,
breast-w,LogisticRegression,IQR Capping,9,0.046875,0.015625,0.2561979293823242,0.0027561187744140625,0.4662987261596414,208,393,7,7,0.9965348837209301,0.9499418604651163,23,42,2,1,0.9886363636363636,0.9047755222128249,
breast-w,LogisticRegression,IQR Capping,10,0.046875,0.0,0.2561988830566406,0.0027561187744140625,0.12848177052199994,214,386,14,1,0.9956744186046511,0.9481025932969659,24,41,3,0,0.9981060606060607,0.9101004495564368,
breast-w,LogisticRegression,IQR Removal,1,0.046875,0.0,0.20594024658203125,0.0026426315307617188,0.33955055748132074,211,389,10,4,0.9972023080958209,0.950434665623966,23,43,2,1,0.9888888888888888,0.9055426968164315,
breast-w,LogisticRegression,IQR Removal,2,0.046875,0.0,0.20710277557373047,0.0026426315307617188,0.20079140338688786,213,385,14,2,0.995453750655709,0.9443172695599477,24,44,1,0,1.0,0.9688481133111972,
breast-w,LogisticRegression,IQR Removal,3,0.046875,0.0,0.20695781707763672,0.0026426315307617188,0.11796194429850948,213,385,14,2,0.9961881447805561,0.9443172695599477,24,42,3,0,0.9944444444444444,0.9108400680852976,
breast-w,LogisticRegression,IQR Removal,4,0.046875,0.0,0.20697593688964844,0.0026426315307617188,0.3191228522076518,211,388,11,5,0.9959273182957393,0.9434876772013802,23,44,1,0,0.995169082125604,0.9680067339833113,
breast-w,LogisticRegression,IQR Removal,5,0.046875,0.015625,0.2072134017944336,0.0026426315307617188,0.17069780706894733,214,386,14,1,0.9959767441860465,0.9481025932969659,23,43,1,1,0.9971590909090909,0.9356060606060606,
breast-w,LogisticRegression,IQR Removal,6,0.046875,0.0,0.20732784271240234,0.0026426315307617188,0.1380613683818809,214,386,14,1,0.9958372093023257,0.9481025932969659,24,42,2,0,0.9981060606060608,0.9386793281621159,
breast-w,LogisticRegression,IQR Removal,7,0.046875,0.0,0.2067861557006836,0.0026426315307617188,0.14581498630596415,214,386,14,1,0.9962674418604651,0.9481025932969659,23,44,0,1,1.0,0.9680067339833113,
breast-w,LogisticRegression,IQR Removal,8,0.046875,0.0,0.20702266693115234,0.0026426315307617188,0.31579247049209425,212,390,10,3,0.9970581395348838,0.9541592609769369,24,42,2,0,0.9810606060606061,0.9386793281621159,
breast-w,LogisticRegression,IQR Removal,9,0.046875,0.0,0.20697689056396484,0.0026426315307617188,0.4640090036583869,208,393,7,7,0.9966046511627907,0.9499418604651163,23,42,2,1,0.990530303030303,0.9047755222128249,
breast-w,LogisticRegression,IQR Removal,10,0.046875,0.0,0.20746898651123047,0.0026426315307617188,0.10946553505666373,214,386,14,1,0.9959418604651163,0.9481025932969659,24,41,3,0,0.9990530303030303,0.9101004495564368,
breast-w,LogisticRegression,Yeo-Johnson,1,0.078125,0.0,0.1939535140991211,0.00249481201171875,0.3074473965966143,212,384,15,3,0.9954887218045113,0.9372444222550962,23,44,1,1,0.9768518518518519,0.9361111111111111,
breast-w,LogisticRegression,Yeo-Johnson,2,0.0625,0.0,0.19382572174072266,0.00249481201171875,0.32115728817385364,212,384,15,3,0.9930873695867576,0.9372444222550962,24,45,0,0,1.0,1.0,
breast-w,LogisticRegression,Yeo-Johnson,3,0.0625,0.0,0.19387340545654297,0.00249481201171875,0.45241808170901066,211,389,10,4,0.9941248470012239,0.950434665623966,22,43,2,2,0.9898148148148148,0.8722222222222222,
breast-w,LogisticRegression,Yeo-Johnson,4,0.078125,0.0,0.1940774917602539,0.00249481201171875,0.4765429690357951,211,388,11,5,0.9936183050218138,0.9434876772013802,22,44,1,1,0.9980676328502416,0.9342995169082126,
breast-w,LogisticRegression,Yeo-Johnson,5,0.0625,0.0,0.19412517547607422,0.00249481201171875,0.4419820348192094,211,389,11,4,0.9936744186046511,0.947059346330829,24,42,2,0,0.9981060606060607,0.9386793281621159,
breast-w,LogisticRegression,Yeo-Johnson,6,0.078125,0.0,0.19398975372314453,0.00249481201171875,0.4451644245482882,210,388,12,5,0.9935813953488373,0.9399594316847211,24,43,1,0,0.9981060606060606,0.9685978619539785,
breast-w,LogisticRegression,Yeo-Johnson,7,0.078125,0.0,0.19412517547607422,0.00249481201171875,0.2760573136177969,213,385,15,2,0.9939069767441859,0.9410426212073952,23,42,2,1,0.9943181818181818,0.9047755222128249,
breast-w,LogisticRegression,Yeo-Johnson,8,0.078125,0.0,0.1940774917602539,0.00249481201171875,0.418575927007168,210,388,12,5,0.9949069767441862,0.9399594316847211,24,42,2,0,0.9810606060606061,0.9386793281621159,
breast-w,LogisticRegression,Yeo-Johnson,9,0.078125,0.0,0.1940774917602539,0.00249481201171875,0.4224102932297998,210,388,12,5,0.994279069767442,0.9399594316847211,24,42,2,0,0.9905303030303031,0.9386793281621159,
breast-w,LogisticRegression,Yeo-Johnson,10,0.078125,0.0,0.19412517547607422,0.00249481201171875,0.434050356318627,210,388,12,5,0.9938720930232557,0.9399594316847211,24,42,2,0,0.9971590909090908,0.9386793281621159,
breast-w,LogisticRegression,Quantile Transform,1,0.046875,0.0,0.23719024658203125,0.044732093811035156,0.3914127177727439,214,386,13,1,0.9955586641021157,0.9513901168647991,23,44,1,1,0.9777777777777777,0.9361111111111111,
breast-w,LogisticRegression,Quantile Transform,2,0.03125,0.015625,0.23625469207763672,0.044732093811035156,0.4244520268739256,213,385,14,2,0.9942530745468322,0.9443172695599477,24,45,0,0,1.0,1.0,
breast-w,LogisticRegression,Quantile Transform,3,0.03125,0.015625,0.2367267608642578,0.044732093811035156,0.3341091784647805,214,386,13,1,0.995185638514892,0.9513901168647991,24,42,3,0,0.9916666666666667,0.9108400680852976,
breast-w,LogisticRegression,Quantile Transform,4,0.03125,0.015625,0.23660659790039062,0.044800758361816406,0.38009804115039464,215,386,13,1,0.9951267056530214,0.9515278402603136,23,44,1,0,0.9951690821256038,0.9680067339833113,
breast-w,LogisticRegression,Quantile Transform,5,0.03125,0.0,0.2366800308227539,0.044800758361816406,0.3553356253176881,213,385,15,2,0.9951395348837209,0.9410426212073952,24,42,2,0,0.9943181818181818,0.9386793281621159,
breast-w,LogisticRegression,Quantile Transform,6,0.046875,0.0,0.23707103729248047,0.044800758361816406,0.3569007636924233,213,385,15,2,0.994860465116279,0.9410426212073952,23,43,1,1,0.9971590909090909,0.9356060606060606,
breast-w,LogisticRegression,Quantile Transform,7,0.03125,0.0,0.23679828643798828,0.044800758361816406,0.37935083599892183,212,384,16,3,0.9952674418604651,0.9339826491178247,23,44,0,1,0.9981060606060606,0.9680067339833113,
breast-w,LogisticRegression,Quantile Transform,8,0.03125,0.0,0.2369251251220703,0.044800758361816406,0.3633782224753894,214,386,14,1,0.9961627906976744,0.9481025932969659,22,41,3,2,0.9820075757575758,0.8409531824716712,
breast-w,LogisticRegression,Quantile Transform,9,0.046875,0.0,0.2381877899169922,0.044800758361816406,0.4546635226560733,211,389,11,4,0.9951046511627907,0.947059346330829,24,42,2,0,0.9886363636363636,0.9386793281621159,
breast-w,LogisticRegression,Quantile Transform,10,0.03125,0.0,0.2370138168334961,0.044800758361816406,0.34670331130234516,214,386,14,1,0.9948139534883721,0.9481025932969659,24,42,2,0,0.9981060606060607,0.9386793281621159,
breast-w,LogisticRegression,Uniform Binning,1,0.015625,0.0,0.19394969940185547,0.0032091140747070312,0.3419745757560921,212,389,10,3,0.997155679897418,0.9541183499298855,23,43,2,1,0.9833333333333334,0.9055426968164315,
breast-w,LogisticRegression,Uniform Binning,2,0.015625,0.0,0.19394969940185547,0.0032091140747070312,0.17742172938384246,212,384,15,3,0.9953954654077053,0.9372444222550962,24,44,1,0,1.0,0.9688481133111972,
breast-w,LogisticRegression,Uniform Binning,3,0.015625,0.0,0.19390201568603516,0.0032091140747070312,0.2931437077107462,211,389,10,4,0.996048260185347,0.950434665623966,22,43,2,2,0.9953703703703703,0.8722222222222222,
breast-w,LogisticRegression,Uniform Binning,4,0.015625,0.0,0.19416141510009766,0.0032091140747070312,0.33940723724331756,211,388,11,5,0.9958112874779542,0.9434876772013802,23,44,1,0,0.9951690821256038,0.9680067339833113,
breast-w,LogisticRegression,Uniform Binning,5,0.015625,0.0,0.19416522979736328,0.0032091140747070312,0.33529659211818313,211,389,11,4,0.9959418604651162,0.947059346330829,23,43,1,1,0.9971590909090908,0.9356060606060606,
breast-w,LogisticRegression,Uniform Binning,6,0.015625,0.0,0.19416141510009766,0.0032091140747070312,0.33729181289380594,211,389,11,4,0.9957093023255814,0.947059346330829,23,43,1,1,0.9981060606060606,0.9356060606060606,
breast-w,LogisticRegression,Uniform Binning,7,0.015625,0.0,0.19425296783447266,0.0032091140747070312,0.2807034576845357,212,390,10,3,0.9959883720930233,0.9541592609769369,22,44,0,2,0.990530303030303,0.9363821838346235,
breast-w,LogisticRegression,Uniform Binning,8,0.03125,0.0,0.19416141510009766,0.0032091140747070312,0.34628264043631307,212,390,10,3,0.9969767441860464,0.9541592609769369,24,42,2,0,0.9791666666666667,0.9386793281621159,
breast-w,LogisticRegression,Uniform Binning,9,0.015625,0.0,0.19425296783447266,0.0032091140747070312,0.25307350916292887,212,390,10,3,0.9965465116279069,0.9541592609769369,24,42,2,0,0.9886363636363635,0.9386793281621159,
breast-w,LogisticRegression,Uniform Binning,10,0.03125,0.0,0.19411659240722656,0.0032091140747070312,0.3346703882498162,211,389,11,4,0.9953837209302325,0.947059346330829,24,43,1,0,0.9990530303030303,0.9685978619539785,
breast-w,LogisticRegression,Quantile Binning,1,0.015625,0.0,0.19431209564208984,0.0031194686889648438,0.20690095712929502,213,385,14,2,0.9954770647549105,0.9443172695599477,23,44,1,1,0.9824074074074074,0.9361111111111111,
breast-w,LogisticRegression,Quantile Binning,2,0.015625,0.015625,0.19421863555908203,0.0031118392944335938,0.2231399075854629,212,384,15,3,0.9938450778108061,0.9372444222550962,24,45,0,0,1.0,1.0,
breast-w,LogisticRegression,Quantile Binning,3,0.015625,0.0,0.19422626495361328,0.0031194686889648438,0.2137086771421445,213,385,14,2,0.9944454158652445,0.9443172695599477,23,42,3,1,0.9944444444444445,0.8763821182415374,
breast-w,LogisticRegression,Quantile Binning,4,0.015625,0.0,0.1945638656616211,0.0031118392944335938,0.44941137791739827,211,388,11,5,0.9949758655899007,0.9434876772013802,23,44,1,0,0.9922705314009661,0.9680067339833113,
breast-w,LogisticRegression,Quantile Binning,5,0.015625,0.0,0.19452571868896484,0.0031118392944335938,0.22371872321135503,213,385,15,2,0.9943779069767441,0.9410426212073952,24,42,2,0,0.9990530303030303,0.9386793281621159,
breast-w,LogisticRegression,Quantile Binning,6,0.015625,0.0,0.19452381134033203,0.0031194686889648438,0.4302782034322343,210,388,12,5,0.9943488372093023,0.9399594316847211,23,43,1,1,0.9962121212121212,0.9356060606060606,
breast-w,LogisticRegression,Quantile Binning,7,0.015625,0.0,0.19456768035888672,0.0031118392944335938,0.20931583321078026,213,385,15,2,0.9944418604651163,0.9410426212073952,23,43,1,1,0.9962121212121212,0.9356060606060606,
breast-w,LogisticRegression,Quantile Binning,8,0.015625,0.0,0.19442462921142578,0.0031118392944335938,0.32293944420934223,210,388,12,5,0.9959767441860464,0.9399594316847211,23,42,2,1,0.9715909090909092,0.9047755222128249,
breast-w,LogisticRegression,Quantile Binning,9,0.015625,0.0,0.19411754608154297,0.0031118392944335938,0.6237525629417924,207,392,8,8,0.9955290697674418,0.9427906976744186,21,42,2,3,0.9829545454545455,0.837918872499388,
breast-w,LogisticRegression,Quantile Binning,10,0.015625,0.0,0.19443798065185547,0.0031118392944335938,0.34404727353310927,210,388,12,5,0.9943197674418605,0.9399594316847211,24,42,2,0,0.9990530303030304,0.9386793281621159,
breast-w,LogisticRegression,PCA,1,0.09375,0.046875,0.18226242065429688,0.0034198760986328125,0.17046321235813136,215,387,12,0,0.9970973946494142,0.9584629641696506,23,43,2,1,0.9898148148148148,0.9055426968164315,
breast-w,LogisticRegression,PCA,2,0.1875,0.0,0.18252944946289062,0.0034198760986328125,0.20979683886465375,213,385,14,2,0.9953488372093023,0.9443172695599477,24,45,0,0,1.0,1.0,
breast-w,LogisticRegression,PCA,3,0.15625,0.0625,0.182525634765625,0.0034198760986328125,0.10731035603109981,214,386,13,1,0.9961531736317539,0.9513901168647991,24,42,3,0,0.9944444444444444,0.9108400680852976,
breast-w,LogisticRegression,PCA,4,0.1875,0.09375,0.182708740234375,0.0034198760986328125,0.2970342154755664,212,389,10,4,0.9958228905597326,0.950580008756009,23,44,1,0,0.996135265700483,0.9680067339833113,
breast-w,LogisticRegression,PCA,5,0.1875,0.0,0.18270111083984375,0.0034198760986328125,0.3412482982569609,212,390,10,3,0.9959999999999999,0.9541592609769369,23,43,1,1,0.9971590909090908,0.9356060606060606,
breast-w,LogisticRegression,PCA,6,0.09375,0.03125,0.18243408203125,0.0034198760986328125,0.10666249203827571,214,386,14,1,0.9958255813953488,0.9481025932969659,24,42,2,0,0.9981060606060607,0.9386793281621159,
breast-w,LogisticRegression,PCA,7,0.1875,0.0,0.1824817657470703,0.0034198760986328125,0.13373846507305254,214,386,14,1,0.9961976744186046,0.9481025932969659,23,44,0,1,1.0,0.9680067339833113,
breast-w,LogisticRegression,PCA,8,0.1875,0.0,0.18257904052734375,0.0034198760986328125,0.3270610005347984,212,390,10,3,0.9971279069767441,0.9541592609769369,24,42,2,0,0.9791666666666666,0.9386793281621159,
breast-w,LogisticRegression,PCA,9,0.09375,0.0,0.18248748779296875,0.0034198760986328125,0.4377711121453005,208,393,7,7,0.996593023255814,0.9499418604651163,23,42,2,1,0.9914772727272727,0.9047755222128249,
breast-w,LogisticRegression,PCA,10,0.09375,0.03125,0.18262100219726562,0.0034198760986328125,0.11392663839409028,214,386,14,1,0.9957558139534883,0.9481025932969659,24,41,3,0,0.9990530303030303,0.9101004495564368,
breast-w,LogisticRegression,Select Percentile (Mutual Info),1,0.84375,0.0,0.552581787109375,0.0028009414672851562,0.3545830379175284,211,389,10,4,0.997062423500612,0.950434665623966,23,43,2,1,0.9888888888888889,0.9055426968164315,
breast-w,LogisticRegression,Select Percentile (Mutual Info),2,0.09375,0.0,0.5506916046142578,0.0028009414672851562,0.1829281511802771,212,384,15,3,0.9952439237628955,0.9372444222550962,24,44,1,0,1.0,0.9688481133111972,
breast-w,LogisticRegression,Select Percentile (Mutual Info),3,0.109375,0.0,0.5525646209716797,0.0028009414672851562,0.10672111267804708,213,385,14,2,0.9960482601853471,0.9443172695599477,24,42,3,0,0.9944444444444445,0.9108400680852976,
breast-w,LogisticRegression,Select Percentile (Mutual Info),4,0.109375,0.0,0.550898551940918,0.0028009414672851562,0.3490907692236054,211,388,11,5,0.9958228905597327,0.9434876772013802,23,44,1,0,0.995169082125604,0.9680067339833113,
breast-w,LogisticRegression,Select Percentile (Mutual Info),5,0.109375,0.0,0.5525417327880859,0.0028009414672851562,0.3720297503023887,211,389,11,4,0.9958023255813954,0.947059346330829,23,43,1,1,0.9971590909090909,0.9356060606060606,
breast-w,LogisticRegression,Select Percentile (Mutual Info),6,0.109375,0.015625,0.5517311096191406,0.0028009414672851562,0.3538640210734144,211,389,11,4,0.9956046511627906,0.947059346330829,23,43,1,1,0.9981060606060606,0.9356060606060606,
breast-w,LogisticRegression,Select Percentile (Mutual Info),7,0.109375,0.0,0.5528860092163086,0.0028009414672851562,0.15273466035890432,213,385,15,2,0.9959883720930233,0.9410426212073952,23,44,0,1,1.0,0.9680067339833113,
breast-w,LogisticRegression,Select Percentile (Mutual Info),8,0.078125,0.0,0.5506305694580078,0.0028009414672851562,0.12954877060744957,214,386,14,1,0.9966162790697675,0.9481025932969659,24,42,2,0,0.9886363636363638,0.9386793281621159,
breast-w,LogisticRegression,Select Percentile (Mutual Info),9,0.09375,0.0,0.5528450012207031,0.0028009414672851562,0.4883368843349446,208,393,7,7,0.9964883720930233,0.9499418604651163,23,42,2,1,0.990530303030303,0.9047755222128249,
breast-w,LogisticRegression,Select Percentile (Mutual Info),10,0.109375,0.0,0.5515451431274414,0.0028009414672851562,0.3377906469282568,211,389,11,4,0.9956860465116278,0.947059346330829,24,43,1,0,0.9981060606060607,0.9685978619539785,
breast-w,LogisticRegression,Random Undersampling,1,0.015625,0.0,0.2391490936279297,0.0060482025146484375,0.5482002299376437,211,389,10,4,0.9970740805502127,0.950434665623966,23,43,2,1,0.987037037037037,0.9055426968164315,
breast-w,LogisticRegression,Random Undersampling,2,0.03125,0.0,0.239013671875,0.0060482025146484375,0.4252583469828597,213,385,14,2,0.9941015329020224,0.9443172695599477,24,45,0,0,1.0,1.0,
breast-w,LogisticRegression,Random Undersampling,3,0.03125,0.0,0.2390575408935547,0.0060482025146484375,0.23867452012309706,214,386,13,1,0.9953838083581046,0.9513901168647991,24,42,3,0,0.9981481481481481,0.9108400680852976,
breast-w,LogisticRegression,Random Undersampling,4,0.03125,0.0,0.23983001708984375,0.0060634613037109375,0.36514848586289955,214,385,14,2,0.9956140350877193,0.944475408601419,23,44,1,0,0.995169082125604,0.9680067339833113,
breast-w,LogisticRegression,Random Undersampling,5,0.03125,0.015625,0.2390613555908203,0.0060482025146484375,0.5296316560043997,212,390,10,3,0.9956395348837209,0.9541592609769369,23,43,1,1,0.9990530303030302,0.9356060606060606,
breast-w,LogisticRegression,Random Undersampling,6,0.03125,0.0,0.23919296264648438,0.0060482025146484375,0.18077882798843223,214,386,14,1,0.9956744186046511,0.9481025932969659,24,42,2,0,0.9981060606060607,0.9386793281621159,
breast-w,LogisticRegression,Random Undersampling,7,0.03125,0.0,0.23914527893066406,0.0060482025146484375,0.3110092267814348,214,386,14,1,0.9949302325581395,0.9481025932969659,23,44,0,1,0.9981060606060606,0.9680067339833113,
breast-w,LogisticRegression,Random Undersampling,8,0.015625,0.0,0.2390584945678711,0.0060482025146484375,0.4564645072493764,212,390,10,3,0.9967441860465117,0.9541592609769369,24,42,2,0,0.9914772727272727,0.9386793281621159,
breast-w,LogisticRegression,Random Undersampling,9,0.015625,0.0,0.2391490936279297,0.0060482025146484375,0.2562266255057719,214,386,14,1,0.9960348837209302,0.9481025932969659,24,42,2,0,0.9952651515151515,0.9386793281621159,
breast-w,LogisticRegression,Random Undersampling,10,0.015625,0.0,0.23905372619628906,0.0060482025146484375,0.37152412300640725,211,389,11,4,0.9955581395348836,0.947059346330829,24,42,2,0,0.9981060606060607,0.9386793281621159,
breast-w,LogisticRegression,SMOTE / SMOTENC,1,0.046875,0.0,1.1606855392456055,0.02662372589111328,0.48717464163677654,211,389,10,4,0.9971323657982165,0.950434665623966,23,43,2,1,0.9888888888888889,0.9055426968164315,
breast-w,LogisticRegression,SMOTE / SMOTENC,2,0.0625,0.0,1.1606245040893555,0.02662372589111328,0.5002507242194546,210,388,11,5,0.995407122457306,0.943321379446744,24,45,0,0,1.0,1.0,
breast-w,LogisticRegression,SMOTE / SMOTENC,3,0.0625,0.0,1.1607646942138672,0.02662372589111328,0.16785377524127693,213,385,14,2,0.99609488838375,0.9443172695599477,24,42,3,0,0.9935185185185185,0.9108400680852976,
breast-w,LogisticRegression,SMOTE / SMOTENC,4,0.0625,0.0,1.1694393157958984,0.02673053741455078,0.29295374054803075,214,385,14,2,0.9956604474148334,0.944475408601419,23,44,1,0,0.996135265700483,0.9680067339833113,
breast-w,LogisticRegression,SMOTE / SMOTENC,5,0.0625,0.015625,1.1609001159667969,0.02662372589111328,0.44314540983788936,211,389,11,4,0.995860465116279,0.947059346330829,23,43,1,1,0.9971590909090909,0.9356060606060606,
breast-w,LogisticRegression,SMOTE / SMOTENC,6,0.0625,0.0,1.1608972549438477,0.02662372589111328,0.41393556877898596,211,389,11,4,0.9958488372093023,0.947059346330829,23,43,1,1,0.9981060606060608,0.9356060606060606,
breast-w,LogisticRegression,SMOTE / SMOTENC,7,0.078125,0.0,1.1609773635864258,0.02662372589111328,0.20460338202553466,214,386,14,1,0.9960813953488372,0.9481025932969659,23,44,0,1,0.9971590909090908,0.9680067339833113,
breast-w,LogisticRegression,SMOTE / SMOTENC,8,0.0625,0.015625,1.1607465744018555,0.02662372589111328,0.2114179816470091,214,386,14,1,0.997046511627907,0.9481025932969659,24,42,2,0,0.9791666666666667,0.9386793281621159,
breast-w,LogisticRegression,SMOTE / SMOTENC,9,0.0625,0.0,1.1608686447143555,0.02662372589111328,0.6439092754863586,208,393,7,7,0.9965232558139535,0.9499418604651163,23,42,2,1,0.9895833333333333,0.9047755222128249,
breast-w,LogisticRegression,SMOTE / SMOTENC,10,0.078125,0.0,1.1610946655273438,0.02662372589111328,0.1830936622097678,214,386,14,1,0.9958372093023256,0.9481025932969659,24,41,3,0,0.9990530303030303,0.9101004495564368,
breast-w,KNN,Baseline,1,0.0,0.0,0.19079875946044922,0.08663177490234375,0.6,213,388,11,2,0.998140700588681,0.9544072134510019,23,44,1,1,0.9666666666666668,0.9361111111111111,
breast-w,KNN,Baseline,2,0.046875,0.0,0.19079113006591797,0.08663177490234375,0.6,213,387,12,2,0.9971498513726176,0.9510259481628962,24,45,0,0,1.0,1.0,
breast-w,KNN,Baseline,3,0.0,0.015625,0.1907949447631836,0.08663177490234375,0.6,212,391,8,3,0.9978725884478639,0.9609963280680235,21,44,1,3,0.9930555555555556,0.8715403188617704,
breast-w,KNN,Baseline,4,0.046875,0.0,0.1910543441772461,0.08676910400390625,0.6,214,389,10,2,0.9976561774807389,0.9579289772748143,22,44,1,1,0.9869565217391304,0.9342995169082126,
breast-w,KNN,Baseline,5,0.046875,0.109375,0.1910543441772461,0.08676910400390625,0.5920000000000073,212,390,10,3,0.9981860465116279,0.9541592609769369,24,43,1,0,0.9857954545454546,0.9685978619539785,
breast-w,KNN,Baseline,6,0.046875,0.015625,0.19100284576416016,0.08676910400390625,0.6,213,390,10,2,0.9975697674418604,0.9578443594959593,23,44,0,1,0.9990530303030304,0.9680067339833113,
breast-w,KNN,Baseline,7,0.046875,0.0,0.1910543441772461,0.08676910400390625,0.5920000000000073,213,391,9,2,0.9977441860465116,0.9612591756230447,23,44,0,1,0.9995265151515151,0.9680067339833113,
breast-w,KNN,Baseline,8,0.046875,0.0,0.1909189224243164,0.08676910400390625,0.6,212,391,9,3,0.9982558139534884,0.9575857206341546,24,42,2,0,0.9839015151515151,0.9386793281621159,
breast-w,KNN,Baseline,9,0.046875,0.046875,0.19109821319580078,0.08676910400390625,0.6,212,392,8,3,0.9982848837209303,0.9610309492701474,23,42,2,1,0.9801136363636364,0.9047755222128249,
breast-w,KNN,Baseline,10,0.046875,0.0625,0.1911020278930664,0.08676910400390625,0.6,213,389,11,2,0.9976802325581395,0.9544479798799254,24,42,2,0,1.0,0.9386793281621159,
breast-w,KNN,Standard Scaler,1,0.046875,0.046875,0.19158267974853516,0.086883544921875,0.4,214,387,12,1,0.9981523576382818,0.9547420397440163,23,43,2,1,0.9662037037037038,0.9055426968164315,
breast-w,KNN,Standard Scaler,2,0.046875,0.03125,0.19140148162841797,0.086883544921875,0.23799999999999955,213,385,14,2,0.9975520195838433,0.9443172695599477,24,44,1,0,1.0,0.9688481133111972,
breast-w,KNN,Standard Scaler,3,0.046875,0.140625,0.19140911102294922,0.086883544921875,0.6,211,392,7,4,0.9982864137086903,0.9608154119368363,20,44,1,4,0.9699074074074074,0.839579763866531,
breast-w,KNN,Standard Scaler,4,0.046875,0.046875,0.19175243377685547,0.0870208740234375,0.6,209,392,7,7,0.9979810637705374,0.9500487329434698,22,44,1,1,0.9869565217391304,0.9342995169082126,
breast-w,KNN,Standard Scaler,5,0.046875,0.15625,0.19188785552978516,0.0870208740234375,0.4200000000000046,207,392,8,8,0.9978372093023256,0.9427906976744186,24,43,1,0,0.9857954545454546,0.9685978619539785,
breast-w,KNN,Standard Scaler,6,0.046875,0.0,0.19156837463378906,0.0870208740234375,0.4,213,387,13,2,0.9978546511627907,0.9477096828056353,23,42,2,1,0.9981060606060607,0.9047755222128249,
breast-w,KNN,Standard Scaler,7,0.046875,0.0,0.19158077239990234,0.0870208740234375,0.4,213,387,13,2,0.9976453488372093,0.9477096828056353,23,44,0,1,1.0,0.9680067339833113,
breast-w,KNN,Standard Scaler,8,0.0,0.0,0.19184398651123047,0.0870208740234375,0.4,213,388,12,2,0.9978546511627907,0.9510698241326295,24,42,2,0,0.9839015151515151,0.9386793281621159,
breast-w,KNN,Standard Scaler,9,0.046875,0.046875,0.19166088104248047,0.0870208740234375,0.4,213,388,12,2,0.9976453488372093,0.9510698241326295,23,42,2,1,0.9796401515151515,0.9047755222128249,
breast-w,KNN,Standard Scaler,10,0.046875,0.0,0.19179630279541016,0.0870208740234375,0.6,209,392,8,6,0.9977151162790698,0.9500735016191482,24,43,1,0,0.9995265151515151,0.9685978619539785,
breast-w,KNN,MinMax Scaler,1,0.046875,0.0,0.19202899932861328,0.08707332611083984,0.4,214,385,14,1,0.998029958617474,0.9480559017434919,23,44,1,1,0.9648148148148149,0.9361111111111111,
breast-w,KNN,MinMax Scaler,2,0.0,0.0,0.19186973571777344,0.08707332611083984,0.4,213,384,15,2,0.9970565949758117,0.9409894464206975,24,45,0,0,1.0,1.0,
breast-w,KNN,MinMax Scaler,3,0.046875,0.046875,0.19188213348388672,0.08707332611083984,0.4,212,388,11,3,0.997639447455849,0.9507073039181819,23,42,3,1,0.9930555555555556,0.8763821182415374,
breast-w,KNN,MinMax Scaler,4,0.046875,0.0,0.19240474700927734,0.08721065521240234,0.6,210,390,9,6,0.9973544973544973,0.9467045959991582,22,44,1,1,0.9874396135265701,0.9342995169082126,
breast-w,KNN,MinMax Scaler,5,0.046875,0.0,0.19204235076904297,0.08721065521240234,0.6,209,391,9,6,0.9978023255813953,0.9465928954540844,23,42,2,1,0.9829545454545455,0.9047755222128249,
breast-w,KNN,MinMax Scaler,6,0.046875,0.0,0.1921854019165039,0.08721065521240234,0.4,214,387,13,1,0.9971686046511627,0.9514337313788398,23,43,1,1,0.9981060606060607,0.9356060606060606,
breast-w,KNN,MinMax Scaler,7,0.015625,0.0,0.19213390350341797,0.08721065521240234,0.4,214,388,12,1,0.997656976744186,0.9547825722531866,23,44,0,1,1.0,0.9680067339833113,
breast-w,KNN,MinMax Scaler,8,0.046875,0.0,0.1920938491821289,0.08721065521240234,0.4,213,387,13,2,0.9976511627906977,0.9477096828056353,24,42,2,0,0.9801136363636364,0.9386793281621159,
breast-w,KNN,MinMax Scaler,9,0.046875,0.046875,0.1921854019165039,0.08721065521240234,0.4,213,388,12,2,0.997610465116279,0.9510698241326295,24,42,2,0,0.9805871212121212,0.9386793281621159,
breast-w,KNN,MinMax Scaler,10,0.046875,0.0,0.1919546127319336,0.08721065521240234,0.4,213,386,14,2,0.9971976744186046,0.9443673495806635,24,42,2,0,1.0,0.9386793281621159,
breast-w,KNN,IQR Capping,1,0.109375,0.046875,0.2560138702392578,0.08692264556884766,0.6,214,388,11,1,0.9981523576382818,0.9581118745061925,23,44,1,1,0.9666666666666668,0.9361111111111111,
breast-w,KNN,IQR Capping,2,0.1875,0.046875,0.2552375793457031,0.08692264556884766,0.6,214,387,12,1,0.9971848225214199,0.9547420397440163,24,45,0,0,1.0,1.0,
breast-w,KNN,IQR Capping,3,0.140625,0.046875,0.25528430938720703,0.08692264556884766,0.4,214,388,11,1,0.9978026461502594,0.9581118745061925,23,42,3,1,0.9944444444444445,0.8763821182415374,
breast-w,KNN,IQR Capping,4,0.140625,0.046875,0.25555419921875,0.08705997467041016,0.6,215,389,10,1,0.9977780098394134,0.9616106061994074,22,44,1,1,0.9869565217391304,0.9342995169082126,
breast-w,KNN,IQR Capping,5,0.140625,0.03125,0.2555065155029297,0.08705997467041016,0.6,213,390,10,2,0.9981976744186046,0.9578443594959593,24,43,1,0,0.9857954545454546,0.9685978619539785,
breast-w,KNN,IQR Capping,6,0.1875,0.046875,0.2556896209716797,0.08705997467041016,0.6,214,390,10,1,0.9975348837209302,0.9615341814568694,23,44,0,1,0.9990530303030304,0.9680067339833113,
breast-w,KNN,IQR Capping,7,0.140625,0.046875,0.25569629669189453,0.08705997467041016,0.6,213,390,10,2,0.9981860465116279,0.9578443594959593,24,44,0,0,1.0,1.0,
breast-w,KNN,IQR Capping,8,0.09375,0.046875,0.25565052032470703,0.08705997467041016,0.6,214,391,9,1,0.9982034883720929,0.9649373670948758,24,42,2,0,0.9839015151515151,0.9386793281621159,
breast-w,KNN,IQR Capping,9,0.1875,0.046875,0.2556018829345703,0.08705997467041016,0.5920000000000073,213,391,9,2,0.998436046511628,0.9612591756230447,23,42,2,1,0.9805871212121212,0.9047755222128249,
breast-w,KNN,IQR Capping,10,0.140625,0.03125,0.25570011138916016,0.08705997467041016,0.6,214,389,11,1,0.9975406976744186,0.9581493199186567,24,42,2,0,0.9985795454545455,0.9386793281621159,
breast-w,KNN,IQR Removal,1,0.09375,0.078125,0.20547866821289062,0.08680915832519531,0.6,213,388,11,2,0.998140700588681,0.9544072134510019,23,44,1,1,0.9666666666666668,0.9361111111111111,
breast-w,KNN,IQR Removal,2,0.09375,0.0,0.20639896392822266,0.08680915832519531,0.6,213,387,12,2,0.9971498513726176,0.9510259481628962,24,45,0,0,1.0,1.0,
breast-w,KNN,IQR Removal,3,0.140625,0.0,0.20640087127685547,0.08680915832519531,0.6,212,391,8,3,0.9978725884478639,0.9609963280680235,21,44,1,3,0.9930555555555556,0.8715403188617704,
breast-w,KNN,IQR Removal,4,0.140625,0.109375,0.2066202163696289,0.08694648742675781,0.6,214,389,10,2,0.9976561774807389,0.9579289772748143,22,44,1,1,0.9869565217391304,0.9342995169082126,
breast-w,KNN,IQR Removal,5,0.140625,0.0,0.20666122436523438,0.08694648742675781,0.5920000000000073,212,390,10,3,0.9981860465116279,0.9541592609769369,24,43,1,0,0.9857954545454546,0.9685978619539785,
breast-w,KNN,IQR Removal,6,0.09375,0.0,0.20709800720214844,0.08694648742675781,0.6,213,390,10,2,0.9975697674418604,0.9578443594959593,23,44,0,1,0.9990530303030304,0.9680067339833113,
breast-w,KNN,IQR Removal,7,0.09375,0.046875,0.20627689361572266,0.08694648742675781,0.5920000000000073,213,391,9,2,0.9977441860465116,0.9612591756230447,23,44,0,1,0.9995265151515151,0.9680067339833113,
breast-w,KNN,IQR Removal,8,0.140625,0.046875,0.20637226104736328,0.08694648742675781,0.6,212,391,9,3,0.9982558139534884,0.9575857206341546,24,42,2,0,0.9839015151515151,0.9386793281621159,
breast-w,KNN,IQR Removal,9,0.09375,0.171875,0.206573486328125,0.08694648742675781,0.6,212,392,8,3,0.9982848837209303,0.9610309492701474,23,42,2,1,0.9801136363636364,0.9047755222128249,
breast-w,KNN,IQR Removal,10,0.140625,0.046875,0.20651721954345703,0.08694648742675781,0.6,213,389,11,2,0.9976802325581395,0.9544479798799254,24,42,2,0,1.0,0.9386793281621159,
breast-w,KNN,Yeo-Johnson,1,0.21875,0.171875,0.19379711151123047,0.08666133880615234,0.6,212,388,11,3,0.9971789939966194,0.9507073039181819,22,44,1,2,0.9657407407407408,0.903696114115064,
breast-w,KNN,Yeo-Johnson,2,0.21875,0.046875,0.19347858428955078,0.08666133880615234,0.4,214,383,16,1,0.9967593402109926,0.9414397933308388,24,45,0,0,1.0,1.0,
breast-w,KNN,Yeo-Johnson,3,0.203125,0.1875,0.1935262680053711,0.08666133880615234,0.4,214,385,14,1,0.9977327038526549,0.9480559017434919,23,42,3,1,0.9810185185185185,0.8763821182415374,
breast-w,KNN,Yeo-Johnson,4,0.203125,0.0,0.19377803802490234,0.08679866790771484,0.6,212,388,11,4,0.9968729694606888,0.9471667090918398,22,44,1,1,0.9869565217391304,0.9342995169082126,
breast-w,KNN,Yeo-Johnson,5,0.21875,0.046875,0.19377803802490234,0.08679866790771484,0.36399999999999866,214,386,14,1,0.9975290697674418,0.9481025932969659,24,41,3,0,0.9867424242424243,0.9101004495564368,
breast-w,KNN,Yeo-Johnson,6,0.203125,0.0,0.19373798370361328,0.08679866790771484,0.36399999999999866,214,386,14,1,0.9964767441860465,0.9481025932969659,24,42,2,0,0.9981060606060607,0.9386793281621159,
breast-w,KNN,Yeo-Johnson,7,0.203125,0.0,0.19373798370361328,0.08679866790771484,0.6,212,388,12,3,0.997686046511628,0.9473617783029814,22,44,0,2,0.9763257575757578,0.9363821838346235,
breast-w,KNN,Yeo-Johnson,8,0.1875,0.0,0.19373798370361328,0.08679866790771484,0.4,214,385,15,1,0.9973895348837208,0.9447889570309124,24,41,3,0,0.9706439393939394,0.9101004495564368,
breast-w,KNN,Yeo-Johnson,9,0.203125,0.046875,0.19382572174072266,0.08679866790771484,0.5920000000000073,211,389,11,4,0.997686046511628,0.947059346330829,24,42,2,0,0.9928977272727273,0.9386793281621159,
breast-w,KNN,Yeo-Johnson,10,0.21875,0.03125,0.19387340545654297,0.08679866790771484,0.36399999999999866,214,386,14,1,0.9976511627906977,0.9481025932969659,24,42,2,0,0.9848484848484849,0.9386793281621159,
breast-w,KNN,Quantile Transform,1,0.09375,0.0,0.23659801483154297,0.12891101837158203,0.23799999999999955,213,385,14,2,0.9951972955644927,0.9443172695599477,23,41,4,1,0.9527777777777778,0.8484908967580302,
breast-w,KNN,Quantile Transform,2,0.09375,0.046875,0.2359600067138672,0.12891101837158203,0.4,212,379,20,3,0.994608614559655,0.9208084328128652,24,43,2,0,1.0,0.9391758525703704,
breast-w,KNN,Quantile Transform,3,0.09375,0.0625,0.2360219955444336,0.12891101837158203,0.4,213,383,16,2,0.9958384332925336,0.9376790325612008,23,42,3,1,0.987037037037037,0.8763821182415374,
breast-w,KNN,Quantile Transform,4,0.09375,0.046875,0.23621845245361328,0.12911701202392578,0.4,214,381,18,2,0.9954399888610415,0.9313013837215188,23,44,1,0,0.9869565217391304,0.9680067339833113,
breast-w,KNN,Quantile Transform,5,0.078125,0.125,0.23649978637695312,0.12911701202392578,0.36399999999999866,212,384,16,3,0.9951802325581395,0.9339826491178247,24,42,2,0,0.9848484848484849,0.9386793281621159,
breast-w,KNN,Quantile Transform,6,0.046875,0.015625,0.23655986785888672,0.12911701202392578,0.4,213,382,18,2,0.9954999999999999,0.9311720774491147,24,40,4,0,0.9872159090909091,0.8827348295047495,
breast-w,KNN,Quantile Transform,7,0.09375,0.0,0.23610877990722656,0.12911701202392578,0.4,212,383,17,3,0.9952558139534883,0.9306816378546087,24,42,2,0,0.9891098484848484,0.9386793281621159,
breast-w,KNN,Quantile Transform,8,0.09375,0.078125,0.2358236312866211,0.12911701202392578,0.36399999999999866,212,384,16,3,0.9958372093023257,0.9339826491178247,24,42,2,0,0.9848484848484849,0.9386793281621159,
breast-w,KNN,Quantile Transform,9,0.09375,0.0,0.23597431182861328,0.12911701202392578,0.4,213,381,19,2,0.9959825581395348,0.9279157952437096,22,42,2,2,0.9829545454545454,0.8712121212121212,
breast-w,KNN,Quantile Transform,10,0.140625,0.046875,0.2365398406982422,0.12911701202392578,0.6,205,389,11,10,0.9956162790697675,0.9249993666071669,24,42,2,0,0.9947916666666667,0.9386793281621159,
breast-w,KNN,Uniform Binning,1,0.046875,0.046875,0.19368934631347656,0.08738040924072266,0.4,214,387,12,1,0.9981931573118844,0.9547420397440163,23,43,2,1,0.9662037037037038,0.9055426968164315,
breast-w,KNN,Uniform Binning,2,0.046875,0.0,0.19374561309814453,0.08738040924072266,0.6,209,390,9,6,0.9972897359678266,0.9465456460104366,24,45,0,0,1.0,1.0,
breast-w,KNN,Uniform Binning,3,0.046875,0.0,0.1936502456665039,0.08738040924072266,0.6,211,391,8,4,0.997843445823862,0.9573361208498572,20,45,0,4,0.9939814814814815,0.8748177652797064,
breast-w,KNN,Uniform Binning,4,0.046875,0.046875,0.19386577606201172,0.08751773834228516,0.6,210,391,8,6,0.9978418267891953,0.9501786628465138,22,44,1,1,0.9879227053140096,0.9342995169082126,
breast-w,KNN,Uniform Binning,5,0.046875,0.0,0.19400501251220703,0.08751773834228516,0.4,213,387,13,2,0.9974883720930233,0.9477096828056353,24,43,1,0,0.9971590909090909,0.9685978619539785,
breast-w,KNN,Uniform Binning,6,0.046875,0.078125,0.1940011978149414,0.08751773834228516,0.4,214,387,13,1,0.9976976744186046,0.9514337313788398,23,43,1,1,0.9782196969696971,0.9356060606060606,
breast-w,KNN,Uniform Binning,7,0.046875,0.0,0.1940011978149414,0.08751773834228516,0.6,209,390,10,6,0.9976162790697675,0.9431314183052049,22,44,0,2,0.9990530303030304,0.9363821838346235,
breast-w,KNN,Uniform Binning,8,0.046875,0.0,0.19368934631347656,0.08751773834228516,0.6,209,393,7,6,0.998093023255814,0.95357346646092,23,42,2,1,0.9815340909090909,0.9047755222128249,
breast-w,KNN,Uniform Binning,9,0.046875,0.0,0.1936941146850586,0.08751773834228516,0.4,212,389,11,3,0.9977151162790697,0.9507513518970427,23,42,2,1,0.9829545454545455,0.9047755222128249,
breast-w,KNN,Uniform Binning,10,0.046875,0.0,0.19386577606201172,0.08751773834228516,0.4,213,389,11,2,0.9978081395348838,0.9544479798799254,24,42,2,0,0.987689393939394,0.9386793281621159,
breast-w,KNN,Quantile Binning,1,0.046875,0.03125,0.1939373016357422,0.08729839324951172,0.6,212,385,14,3,0.9965728274173806,0.9405833649522664,23,44,1,1,0.9657407407407408,0.9361111111111111,
breast-w,KNN,Quantile Binning,2,0.046875,0.125,0.19406604766845703,0.08729076385498047,0.2,215,380,19,0,0.995564492626916,0.9354415401567727,24,44,1,0,0.999074074074074,0.9688481133111972,
breast-w,KNN,Quantile Binning,3,0.046875,0.0,0.19407176971435547,0.08729839324951172,0.6,210,389,10,5,0.9964038001981699,0.9467555657608901,24,42,3,0,0.9787037037037037,0.9108400680852976,
breast-w,KNN,Quantile Binning,4,0.0625,0.0,0.1942281723022461,0.08742809295654297,0.6,212,386,13,4,0.9965016708437762,0.940394802690434,23,43,2,0,0.9869565217391305,0.9376092528932888,
breast-w,KNN,Quantile Binning,5,0.046875,0.046875,0.19419574737548828,0.08742809295654297,0.5920000000000073,210,388,12,5,0.9963023255813954,0.9399594316847211,24,42,2,0,0.9824810606060607,0.9386793281621159,
breast-w,KNN,Quantile Binning,6,0.046875,0.0625,0.19428157806396484,0.08743572235107422,0.6,212,387,13,3,0.9963081395348837,0.9439903283466023,23,43,1,1,0.9640151515151516,0.9356060606060606,
breast-w,KNN,Quantile Binning,7,0.046875,0.1875,0.19440746307373047,0.08742809295654297,0.13600000000000137,215,381,19,0,0.9956511627906977,0.9355000034261125,24,43,1,0,0.9990530303030303,0.9685978619539785,
breast-w,KNN,Quantile Binning,8,0.046875,0.046875,0.1941843032836914,0.08742809295654297,0.8,206,393,7,9,0.9968895348837209,0.9426915744088726,23,42,2,1,0.9696969696969697,0.9047755222128249,
breast-w,KNN,Quantile Binning,9,0.09375,0.0,0.1943655014038086,0.08742809295654297,0.6,210,391,9,5,0.9964418604651163,0.9502526684250048,22,42,2,2,0.9715909090909092,0.8712121212121212,
breast-w,KNN,Quantile Binning,10,0.046875,0.046875,0.19422626495361328,0.08742809295654297,0.8,207,394,6,8,0.9973430232558139,0.9498583377225689,23,43,1,1,0.9857954545454546,0.9356060606060606,
breast-w,KNN,PCA,1,0.046875,0.125,0.18201351165771484,0.09142303466796875,0.6,213,388,11,2,0.9978667599230635,0.9544072134510019,23,44,1,1,0.9666666666666668,0.9361111111111111,
breast-w,KNN,PCA,2,0.09375,0.0,0.18233299255371094,0.09142303466796875,0.4,214,384,15,1,0.9964679139709739,0.9447391932782422,24,44,1,0,1.0,0.9688481133111972,
breast-w,KNN,PCA,3,0.09375,0.0,0.18210124969482422,0.09142303466796875,0.4,214,387,12,1,0.9977560179518564,0.9547420397440163,24,43,2,0,0.9958333333333333,0.9391758525703704,
breast-w,KNN,PCA,4,0.09375,0.09375,0.18229103088378906,0.091552734375,0.4,215,385,14,1,0.9972616727002692,0.9482023180066851,23,44,1,0,0.9874396135265701,0.9680067339833113,
breast-w,KNN,PCA,5,0.09375,0.0,0.182373046875,0.091552734375,0.6,212,389,11,3,0.997796511627907,0.9507513518970427,24,43,1,0,0.9857954545454546,0.9685978619539785,
breast-w,KNN,PCA,6,0.09375,0.09375,0.1824169158935547,0.091552734375,0.5920000000000073,211,389,11,4,0.9974244186046511,0.947059346330829,24,43,1,0,0.9990530303030304,0.9685978619539785,
breast-w,KNN,PCA,7,0.09375,0.0,0.182373046875,0.091552734375,0.6,213,390,10,2,0.9979767441860465,0.9578443594959593,21,44,0,3,0.9990530303030304,0.9050684704320512,
breast-w,KNN,PCA,8,0.09375,0.0,0.18215274810791016,0.091552734375,0.4,214,388,12,1,0.9979825581395348,0.9547825722531866,24,42,2,0,0.9725378787878788,0.9386793281621159,
breast-w,KNN,PCA,9,0.09375,0.0,0.18242645263671875,0.091552734375,0.6,212,391,9,3,0.9979476744186047,0.9575857206341546,23,42,2,1,0.9943181818181818,0.9047755222128249,
breast-w,KNN,PCA,10,0.09375,0.0,0.18233680725097656,0.091552734375,0.6,213,390,10,2,0.9976976744186046,0.9578443594959593,24,42,2,0,0.9853219696969697,0.9386793281621159,
breast-w,KNN,Select Percentile (Mutual Info),1,0.703125,0.0,0.5498437881469727,0.054734230041503906,0.4,215,386,13,0,0.9980532727166754,0.9551223570662861,23,44,1,1,0.9662037037037038,0.9361111111111111,
breast-w,KNN,Select Percentile (Mutual Info),2,0.09375,0.0,0.5505485534667969,0.054734230041503906,0.4,214,385,14,1,0.9970391094014105,0.9480559017434919,24,45,0,0,1.0,1.0,
breast-w,KNN,Select Percentile (Mutual Info),3,0.109375,0.0,0.5496463775634766,0.054734230041503906,0.6,212,391,8,3,0.9978609313982632,0.9609963280680235,21,44,1,3,0.9930555555555556,0.8715403188617704,
breast-w,KNN,Select Percentile (Mutual Info),4,0.09375,0.0,0.5515775680541992,0.054810523986816406,0.6,214,389,10,2,0.9978302237074167,0.9579289772748143,22,44,1,1,0.9869565217391304,0.9342995169082126,
breast-w,KNN,Select Percentile (Mutual Info),5,0.109375,0.0,0.5492677688598633,0.054810523986816406,0.5920000000000073,212,390,10,3,0.9979651162790697,0.9541592609769369,24,43,1,0,0.9857954545454546,0.9685978619539785,
breast-w,KNN,Select Percentile (Mutual Info),6,0.09375,0.0,0.5493745803833008,0.054810523986816406,0.6,213,390,10,2,0.997703488372093,0.9578443594959593,22,44,0,2,0.9981060606060607,0.9363821838346235,
breast-w,KNN,Select Percentile (Mutual Info),7,0.109375,0.0,0.5514202117919922,0.054810523986816406,0.5920000000000073,213,391,9,2,0.9975116279069768,0.9612591756230447,23,44,0,1,0.9995265151515151,0.9680067339833113,
breast-w,KNN,Select Percentile (Mutual Info),8,0.09375,0.0,0.5509185791015625,0.054810523986816406,0.5920000000000073,213,391,9,2,0.9980872093023256,0.9612591756230447,24,42,2,0,0.9839015151515151,0.9386793281621159,
breast-w,KNN,Select Percentile (Mutual Info),9,0.09375,0.0,0.5508871078491211,0.054810523986816406,0.4,214,388,12,1,0.9981453488372093,0.9547825722531866,24,42,2,0,0.9796401515151515,0.9386793281621159,
breast-w,KNN,Select Percentile (Mutual Info),10,0.109375,0.0,0.5505733489990234,0.054810523986816406,0.6,213,390,10,2,0.9977209302325581,0.9578443594959593,24,42,2,0,1.0,0.9386793281621159,
breast-w,KNN,Random Undersampling,1,0.015625,0.0,0.2385997772216797,0.06495857238769531,0.8,212,389,10,3,0.9938217637116046,0.9541183499298855,22,44,1,2,0.9671296296296297,0.903696114115064,
breast-w,KNN,Random Undersampling,2,0.0625,0.0,0.2385997772216797,0.06495857238769531,0.43799999999999956,213,385,14,2,0.9905344757241943,0.9443172695599477,24,45,0,0,1.0,1.0,
breast-w,KNN,Random Undersampling,3,0.03125,0.0,0.238555908203125,0.06495857238769531,0.8,211,392,7,4,0.9946902139068602,0.9608154119368363,21,45,0,3,0.9944444444444445,0.9057110466368399,
breast-w,KNN,Random Undersampling,4,0.0625,0.0,0.23933982849121094,0.06524848937988281,0.5639999999999986,215,386,13,1,0.9920112781954887,0.9515278402603136,22,44,1,1,0.9879227053140096,0.9342995169082126,
breast-w,KNN,Random Undersampling,5,0.03125,0.09375,0.2385120391845703,0.06495857238769531,0.6,213,387,13,2,0.9934360465116279,0.9477096828056353,24,43,1,0,0.9867424242424243,0.9685978619539785,
breast-w,KNN,Random Undersampling,6,0.0,0.0,0.23860454559326172,0.06495857238769531,0.6,213,389,11,2,0.9946395348837209,0.9544479798799254,23,44,0,1,0.9990530303030304,0.9680067339833113,
breast-w,KNN,Random Undersampling,7,0.0625,0.0,0.2386951446533203,0.06495857238769531,0.8,210,391,9,5,0.9946918604651163,0.9502526684250048,23,44,0,1,1.0,0.9680067339833113,
breast-w,KNN,Random Undersampling,8,0.03125,0.125,0.23859596252441406,0.06495857238769531,0.6,214,389,11,1,0.9971744186046512,0.9581493199186567,24,42,2,0,0.9857954545454546,0.9386793281621159,
breast-w,KNN,Random Undersampling,9,0.0625,0.0,0.23842811584472656,0.06495857238769531,0.6,213,390,10,2,0.9936162790697673,0.9578443594959593,24,41,3,0,0.9820075757575757,0.9101004495564368,
breast-w,KNN,Random Undersampling,10,0.0625,0.0,0.2385997772216797,0.06495857238769531,0.6,214,388,12,1,0.9966627906976744,0.9547825722531866,24,42,2,0,1.0,0.9386793281621159,
breast-w,KNN,SMOTE / SMOTENC,1,0.109375,0.0,1.1601028442382812,0.1359405517578125,0.6639999999999986,213,391,8,2,0.998968351110334,0.96466123797841,22,44,1,2,0.9666666666666668,0.903696114115064,
breast-w,KNN,SMOTE / SMOTENC,2,0.25,0.0,1.1601343154907227,0.1359405517578125,0.8,212,389,10,3,0.9983680130558955,0.9541183499298855,24,45,0,0,1.0,1.0,
breast-w,KNN,SMOTE / SMOTENC,3,0.265625,0.015625,1.1599044799804688,0.1359405517578125,0.6,214,390,9,1,0.9985370402751064,0.9649061116631138,23,43,2,1,0.9930555555555556,0.9055426968164315,
breast-w,KNN,SMOTE / SMOTENC,4,0.265625,0.03125,1.1689338684082031,0.13604736328125,0.8,213,392,7,3,0.9989789288034902,0.9645688132936422,22,44,1,1,0.9874396135265701,0.9342995169082126,
breast-w,KNN,SMOTE / SMOTENC,5,0.265625,0.0,1.1604585647583008,0.1362152099609375,0.8,212,392,8,3,0.9986511627906977,0.9610309492701474,24,43,1,0,0.9872159090909091,0.9685978619539785,
breast-w,KNN,SMOTE / SMOTENC,6,0.25,0.03125,1.1604652404785156,0.1362152099609375,0.6,213,389,11,2,0.998313953488372,0.9544479798799254,24,42,2,0,0.9990530303030304,0.9386793281621159,
breast-w,KNN,SMOTE / SMOTENC,7,0.21875,0.0625,1.1602706909179688,0.1362152099609375,0.6,214,388,12,1,0.9981453488372093,0.9547825722531866,23,44,0,1,0.9995265151515151,0.9680067339833113,
breast-w,KNN,SMOTE / SMOTENC,8,0.3125,0.0,1.1605043411254883,0.1362152099609375,0.8,214,394,6,1,0.9991860465116279,0.975259019414614,24,42,2,0,0.975378787878788,0.9386793281621159,
breast-w,KNN,SMOTE / SMOTENC,9,0.265625,0.046875,1.1605510711669922,0.1362152099609375,0.8,212,392,8,3,0.9987558139534883,0.9610309492701474,23,42,2,1,0.9848484848484849,0.9047755222128249,
breast-w,KNN,SMOTE / SMOTENC,10,0.203125,0.0625,1.1604576110839844,0.1362152099609375,0.7920000000000074,213,391,9,2,0.9985988372093023,0.9612591756230447,24,42,2,0,0.9990530303030304,0.9386793281621159,
breast-w,SVM,Baseline,1,0.0625,0.0,0.1962900161743164,0.012698173522949219,-0.09211910750500608,211,389,10,4,0.9963396864253656,0.950434665623966,23,43,2,1,0.9777777777777779,0.9055426968164315,
breast-w,SVM,Baseline,2,0.015625,0.0,0.1963033676147461,0.013888359069824219,0.06951689257802911,209,387,12,6,0.9941131899516232,0.9362080932695219,24,45,0,0,1.0,1.0,
breast-w,SVM,Baseline,3,0.015625,0.015625,0.19631481170654297,0.012846946716308594,-0.44149936266370726,213,385,14,2,0.9955819782013172,0.9443172695599477,24,42,3,0,0.9935185185185186,0.9108400680852976,
breast-w,SVM,Baseline,4,0.015625,0.0,0.19652938842773438,0.013144493103027344,0.355587594889246,207,391,8,9,0.9944189176645317,0.9392864165340434,23,44,1,0,0.9884057971014493,0.9680067339833113,
breast-w,SVM,Baseline,5,0.015625,0.0,0.1966104507446289,0.013144493103027344,0.026729204008385247,211,389,11,4,0.9943372093023256,0.947059346330829,23,43,1,1,0.9981060606060607,0.9356060606060606,
breast-w,SVM,Baseline,6,0.015625,0.0,0.19675350189208984,0.013442039489746094,0.5758127660811672,207,392,8,8,0.9947441860465116,0.9427906976744186,21,44,0,3,0.9981060606060606,0.9050684704320512,
breast-w,SVM,Baseline,7,0.015625,0.015625,0.19670581817626953,0.012995719909667969,-0.5007807797559102,214,386,14,1,0.9943837209302325,0.9481025932969659,24,42,2,0,0.9981060606060607,0.9386793281621159,
breast-w,SVM,Baseline,8,0.0,0.0,0.19662189483642578,0.012549400329589844,-0.12451671970989256,211,389,11,4,0.9953837209302326,0.947059346330829,24,42,2,0,0.9791666666666666,0.9386793281621159,
breast-w,SVM,Baseline,9,0.015625,0.0,0.19670963287353516,0.0121002197265625,0.3339946894621056,208,393,7,7,0.9951511627906978,0.9499418604651163,23,42,2,1,0.9867424242424242,0.9047755222128249,
breast-w,SVM,Baseline,10,0.015625,0.0,0.19675254821777344,0.013442039489746094,0.4077991224807735,207,392,8,8,0.9943604651162791,0.9427906976744186,24,43,1,0,0.9990530303030303,0.9685978619539785,
breast-w,SVM,Standard Scaler,1,0.015625,0.015625,0.19870281219482422,0.015173912048339844,-0.1516572377961494,211,389,10,4,0.9980299586174738,0.950434665623966,23,43,2,1,0.9768518518518519,0.9055426968164315,
breast-w,SVM,Standard Scaler,2,0.03125,0.015625,0.19847393035888672,0.017256736755371094,0.569190798896781,207,391,8,8,0.9965028851197761,0.9427405723611354,24,45,0,0,1.0,1.0,
breast-w,SVM,Standard Scaler,3,0.015625,0.0,0.19855785369873047,0.01591777801513672,-0.1488992362039292,211,389,10,4,0.9977035612286531,0.950434665623966,23,42,3,1,0.9935185185185185,0.8763821182415374,
breast-w,SVM,Standard Scaler,4,0.015625,0.0,0.1988239288330078,0.01651287078857422,0.4965148197307372,208,392,7,8,0.9967975494291283,0.9464299414974817,22,44,1,1,0.9845410628019323,0.9342995169082126,
breast-w,SVM,Standard Scaler,5,0.015625,0.015625,0.19887638092041016,0.01651287078857422,-0.08101259812865393,212,390,10,3,0.9966046511627907,0.9541592609769369,23,43,1,1,0.9981060606060607,0.9356060606060606,
breast-w,SVM,Standard Scaler,6,0.015625,0.0,0.19878005981445312,0.017256736755371094,-0.3715973551531663,214,386,14,1,0.9975581395348838,0.9481025932969659,23,42,2,1,0.9981060606060606,0.9047755222128249,
breast-w,SVM,Standard Scaler,7,0.015625,0.0,0.19878482818603516,0.01591777801513672,-0.5360229283207565,214,386,14,1,0.9974302325581395,0.9481025932969659,24,42,2,0,0.9981060606060607,0.9386793281621159,
breast-w,SVM,Standard Scaler,8,0.015625,0.0,0.1987314224243164,0.016066551208496094,-0.11124948206408515,212,390,10,3,0.9973488372093023,0.9541592609769369,24,42,2,0,0.9715909090909091,0.9386793281621159,
breast-w,SVM,Standard Scaler,9,0.015625,0.0,0.1988239288330078,0.015471458435058594,-0.20371303878872168,212,390,10,3,0.9971279069767442,0.9541592609769369,23,41,3,1,0.9905303030303031,0.875355722690862,
breast-w,SVM,Standard Scaler,10,0.015625,0.015625,0.19882869720458984,0.016066551208496094,-0.37576350458620184,214,386,14,1,0.9962209302325581,0.9481025932969659,24,42,2,0,0.9981060606060607,0.9386793281621159,
breast-w,SVM,MinMax Scaler,1,0.015625,0.0,0.1991109848022461,0.014779090881347656,-0.08726993098436193,211,389,10,4,0.9965378562685784,0.950434665623966,23,43,2,1,0.9814814814814815,0.9055426968164315,
breast-w,SVM,MinMax Scaler,2,0.015625,0.0,0.19904804229736328,0.01641559600830078,-0.3330526900352927,213,385,14,2,0.9952322667132949,0.9443172695599477,24,44,1,0,1.0,0.9688481133111972,
breast-w,SVM,MinMax Scaler,3,0.015625,0.0,0.19876766204833984,0.01582050323486328,-0.017418756733746488,211,389,10,4,0.9955003788541119,0.950434665623966,22,43,2,2,0.9944444444444445,0.8722222222222222,
breast-w,SVM,MinMax Scaler,4,0.015625,0.0,0.19918346405029297,0.015671730041503906,0.32623979363656186,208,392,7,8,0.9962406015037594,0.9464299414974817,22,44,1,1,0.9855072463768115,0.9342995169082126,
breast-w,SVM,MinMax Scaler,5,0.015625,0.0,0.1991720199584961,0.015374183654785156,-0.07353237843057571,211,389,11,4,0.9959418604651162,0.947059346330829,24,43,1,0,0.9971590909090909,0.9685978619539785,
breast-w,SVM,MinMax Scaler,6,0.015625,0.0,0.19913196563720703,0.016266822814941406,-0.37956343126253045,214,386,14,1,0.9954069767441861,0.9481025932969659,23,42,2,1,0.9981060606060607,0.9047755222128249,
breast-w,SVM,MinMax Scaler,7,0.015625,0.0,0.19922351837158203,0.014779090881347656,-0.6119723660408322,214,386,14,1,0.9968720930232557,0.9481025932969659,24,42,2,0,0.9962121212121212,0.9386793281621159,
breast-w,SVM,MinMax Scaler,8,0.015625,0.0,0.1990041732788086,0.014927864074707031,0.24349251276145228,208,393,7,7,0.9969883720930232,0.9499418604651163,23,42,2,1,0.9820075757575757,0.9047755222128249,
breast-w,SVM,MinMax Scaler,9,0.015625,0.0,0.1989002227783203,0.015076637268066406,-0.07952703188531673,211,389,11,4,0.9953139534883721,0.947059346330829,23,42,2,1,0.9876893939393938,0.9047755222128249,
breast-w,SVM,MinMax Scaler,10,0.015625,0.0,0.19926738739013672,0.016266822814941406,-0.07514553812758507,211,389,11,4,0.9954534883720931,0.947059346330829,24,43,1,0,1.0,0.9685978619539785,
breast-w,SVM,IQR Capping,1,0.046875,0.0,0.25632667541503906,0.013286590576171875,-0.2861379003092147,214,386,13,1,0.9958734044413359,0.9513901168647991,23,43,2,1,0.9777777777777777,0.9055426968164315,
breast-w,SVM,IQR Capping,2,0.046875,0.015625,0.2558250427246094,0.013881683349609375,0.061276965120872474,210,388,11,5,0.9931573118843622,0.943321379446744,24,44,1,0,1.0,0.9688481133111972,
breast-w,SVM,IQR Capping,3,0.046875,0.0,0.25559425354003906,0.012539863586425781,-0.18048938691084102,211,389,10,4,0.9951506673660896,0.950434665623966,24,43,2,0,0.9925925925925927,0.9391758525703704,
breast-w,SVM,IQR Capping,4,0.046875,0.015625,0.25614452362060547,0.012691497802734375,0.4666784748257806,208,392,7,8,0.9943492991738606,0.9464299414974817,22,44,1,1,0.9874396135265702,0.9342995169082126,
breast-w,SVM,IQR Capping,5,0.046875,0.015625,0.2561454772949219,0.01343536376953125,0.08327182887769104,212,390,10,3,0.9943488372093023,0.9541592609769369,23,43,1,1,0.9981060606060607,0.9356060606060606,
breast-w,SVM,IQR Capping,6,0.046875,0.0,0.2562398910522461,0.01343536376953125,-0.0013048197517294578,211,389,11,4,0.9944186046511628,0.947059346330829,23,43,1,1,0.9981060606060606,0.9356060606060606,
breast-w,SVM,IQR Capping,7,0.046875,0.015625,0.25605297088623047,0.012989044189453125,-0.4134015782005322,214,386,14,1,0.993953488372093,0.9481025932969659,24,42,2,0,0.9981060606060607,0.9386793281621159,
breast-w,SVM,IQR Capping,8,0.046875,0.015625,0.25609683990478516,0.012539863586425781,0.43083285351686357,208,393,7,7,0.9952674418604651,0.9499418604651163,24,42,2,0,0.9801136363636364,0.9386793281621159,
breast-w,SVM,IQR Capping,9,0.046875,0.0,0.2561960220336914,0.012242317199707031,0.41289420438230007,208,393,7,7,0.9950232558139535,0.9499418604651163,23,42,2,1,0.9857954545454545,0.9047755222128249,
breast-w,SVM,IQR Capping,10,0.046875,0.015625,0.25605297088623047,0.013286590576171875,-0.03864423071781542,211,389,11,4,0.9939651162790698,0.947059346330829,24,42,2,0,0.9943181818181819,0.9386793281621159,
breast-w,SVM,IQR Removal,1,0.03125,0.0,0.21074962615966797,0.012875556945800781,-0.09211910750500608,211,389,10,4,0.9963396864253656,0.950434665623966,23,43,2,1,0.9777777777777779,0.9055426968164315,
breast-w,SVM,IQR Removal,2,0.03125,0.0,0.21205520629882812,0.014065742492675781,0.06951689257802911,209,387,12,6,0.9941131899516232,0.9362080932695219,24,45,0,0,1.0,1.0,
breast-w,SVM,IQR Removal,3,0.03125,0.0,0.21124935150146484,0.013024330139160156,-0.44149936266370726,213,385,14,2,0.9955819782013172,0.9443172695599477,24,42,3,0,0.9935185185185186,0.9108400680852976,
breast-w,SVM,IQR Removal,4,0.03125,0.015625,0.21168994903564453,0.013321876525878906,0.355587594889246,207,391,8,9,0.9944189176645317,0.9392864165340434,23,44,1,0,0.9884057971014493,0.9680067339833113,
breast-w,SVM,IQR Removal,5,0.03125,0.0,0.21184349060058594,0.013321876525878906,0.026729204008385247,211,389,11,4,0.9943372093023256,0.947059346330829,23,43,1,1,0.9981060606060607,0.9356060606060606,
breast-w,SVM,IQR Removal,6,0.03125,0.0,0.211883544921875,0.013619422912597656,0.5758127660811672,207,392,8,8,0.9947441860465116,0.9427906976744186,21,44,0,3,0.9981060606060606,0.9050684704320512,
breast-w,SVM,IQR Removal,7,0.03125,0.015625,0.2116079330444336,0.013173103332519531,-0.5007807797559102,214,386,14,1,0.9943837209302325,0.9481025932969659,24,42,2,0,0.9981060606060607,0.9386793281621159,
breast-w,SVM,IQR Removal,8,0.03125,0.015625,0.21229934692382812,0.012726783752441406,-0.12451671970989256,211,389,11,4,0.9953837209302326,0.947059346330829,24,42,2,0,0.9791666666666666,0.9386793281621159,
breast-w,SVM,IQR Removal,9,0.046875,0.015625,0.21164417266845703,0.012277603149414062,0.3339946894621056,208,393,7,7,0.9951511627906978,0.9499418604651163,23,42,2,1,0.9867424242424242,0.9047755222128249,
breast-w,SVM,IQR Removal,10,0.03125,0.0,0.21159744262695312,0.013619422912597656,0.4077991224807735,207,392,8,8,0.9943604651162791,0.9427906976744186,24,43,1,0,0.9990530303030303,0.9685978619539785,
breast-w,SVM,Yeo-Johnson,1,0.078125,0.0,0.1995220184326172,0.017786026000976562,-0.3673632873782927,213,385,14,2,0.9958734044413359,0.9443172695599477,23,44,1,1,0.9777777777777779,0.9361111111111111,
breast-w,SVM,Yeo-Johnson,2,0.0625,0.0,0.19921493530273438,0.018678665161132812,-0.2998791355199564,213,385,14,2,0.993798449612403,0.9443172695599477,24,45,0,0,1.0,1.0,
breast-w,SVM,Yeo-Johnson,3,0.078125,0.015625,0.1993112564086914,0.017786026000976562,0.03296304578347978,211,389,10,4,0.9948942122748733,0.950434665623966,23,43,2,1,0.9907407407407407,0.9055426968164315,
breast-w,SVM,Yeo-Johnson,4,0.0625,0.0,0.19961833953857422,0.018083572387695312,0.2184108648871676,211,388,11,5,0.9940824282929547,0.9434876772013802,22,44,1,1,0.9971014492753624,0.9342995169082126,
breast-w,SVM,Yeo-Johnson,5,0.078125,0.0,0.19961833953857422,0.017637252807617188,0.10395446896061233,211,389,11,4,0.9942558139534884,0.947059346330829,24,43,1,0,0.9981060606060606,0.9685978619539785,
breast-w,SVM,Yeo-Johnson,6,0.078125,0.0,0.1996145248413086,0.017934799194335938,0.12955170224379464,211,389,11,4,0.9940232558139535,0.947059346330829,24,43,1,0,0.9981060606060606,0.9685978619539785,
breast-w,SVM,Yeo-Johnson,7,0.078125,0.0,0.19957447052001953,0.017339706420898438,-0.4092368871823263,213,385,15,2,0.9947093023255814,0.9410426212073952,23,42,2,1,0.9971590909090908,0.9047755222128249,
breast-w,SVM,Yeo-Johnson,8,0.046875,0.0,0.19966602325439453,0.017339706420898438,-0.015881078947518504,212,390,10,3,0.9954767441860465,0.9541592609769369,24,42,2,0,0.9829545454545455,0.9386793281621159,
breast-w,SVM,Yeo-Johnson,9,0.078125,0.0,0.19970989227294922,0.017339706420898438,-0.050389645007347085,212,390,10,3,0.9948255813953489,0.9541592609769369,24,42,2,0,0.9905303030303031,0.9386793281621159,
breast-w,SVM,Yeo-Johnson,10,0.078125,0.0,0.19961833953857422,0.018083572387695312,-0.03611325185747459,211,389,11,4,0.9942325581395349,0.947059346330829,24,42,2,0,0.9962121212121212,0.9386793281621159,
breast-w,SVM,Quantile Transform,1,0.03125,0.0,0.24313735961914062,0.05615520477294922,-0.1714740479721703,214,386,13,1,0.9954187795069069,0.9513901168647991,23,43,2,1,0.9944444444444445,0.9055426968164315,
breast-w,SVM,Quantile Transform,2,0.03125,0.0,0.24347686767578125,0.057494163513183594,-0.10658699722364309,212,384,15,3,0.9946960424316605,0.9372444222550962,24,45,0,0,1.0,1.0,
breast-w,SVM,Quantile Transform,3,0.03125,0.0,0.24283313751220703,0.056899070739746094,0.14126059373585692,211,389,10,4,0.99578014804453,0.950434665623966,23,43,2,1,0.9925925925925927,0.9055426968164315,
breast-w,SVM,Quantile Transform,4,0.03125,0.015625,0.24467182159423828,0.056967735290527344,-0.27566981045785716,214,385,14,2,0.9957068597419474,0.944475408601419,23,44,1,0,0.9884057971014493,0.9680067339833113,
breast-w,SVM,Quantile Transform,5,0.03125,0.015625,0.24330902099609375,0.05652141571044922,0.00048252260940043635,211,389,11,4,0.9954651162790698,0.947059346330829,23,42,2,1,0.9952651515151514,0.9047755222128249,
breast-w,SVM,Quantile Transform,6,0.03125,0.0,0.24332618713378906,0.05652141571044922,-0.2857163339572579,214,386,14,1,0.9955232558139535,0.9481025932969659,22,43,1,2,0.9971590909090909,0.9029628032413496,
breast-w,SVM,Quantile Transform,7,0.03125,0.0,0.2434682846069336,0.05741405487060547,-0.2986955726563192,213,385,15,2,0.9956511627906977,0.9410426212073952,24,42,2,0,1.0,0.9386793281621159,
breast-w,SVM,Quantile Transform,8,0.03125,0.0,0.2437591552734375,0.05681896209716797,0.13789333984932986,211,389,11,4,0.9961162790697675,0.947059346330829,24,42,2,0,0.9820075757575757,0.9386793281621159,
breast-w,SVM,Quantile Transform,9,0.03125,0.015625,0.2431039810180664,0.05652141571044922,0.1087853542257783,212,390,10,3,0.9957093023255814,0.9541592609769369,24,42,2,0,0.9867424242424242,0.9386793281621159,
breast-w,SVM,Quantile Transform,10,0.015625,0.0,0.24355220794677734,0.05741405487060547,0.026174416345257166,212,390,10,3,0.9957093023255813,0.9541592609769369,24,42,2,0,0.9962121212121212,0.9386793281621159,
breast-w,SVM,Uniform Binning,1,0.015625,0.0,0.20068836212158203,0.014635086059570312,-0.42700209967000524,214,386,13,1,0.99765693303025,0.9513901168647991,23,43,2,1,0.9777777777777779,0.9055426968164315,
breast-w,SVM,Uniform Binning,2,0.015625,0.0,0.20082759857177734,0.016122817993164062,-0.24112908042931905,213,385,14,2,0.9960599172349478,0.9443172695599477,24,44,1,0,1.0,0.9688481133111972,
breast-w,SVM,Uniform Binning,3,0.015625,0.0,0.20060443878173828,0.015230178833007812,0.05485823842852918,211,389,10,4,0.9963396864253656,0.950434665623966,23,43,2,1,0.9935185185185186,0.9055426968164315,
breast-w,SVM,Uniform Binning,4,0.015625,0.0,0.2009115219116211,0.014932632446289062,0.38327716360481895,208,392,7,8,0.9963798384851017,0.9464299414974817,22,44,1,1,0.9884057971014494,0.9342995169082126,
breast-w,SVM,Uniform Binning,5,0.03125,0.0,0.20078372955322266,0.014932632446289062,0.33372710600957417,208,393,7,7,0.9958488372093023,0.9499418604651163,23,43,1,1,0.9971590909090909,0.9356060606060606,
breast-w,SVM,Uniform Binning,6,0.015625,0.015625,0.2009592056274414,0.015230178833007812,0.46409430631784,208,393,7,7,0.9971976744186046,0.9499418604651163,22,44,0,2,0.9981060606060606,0.9363821838346235,
breast-w,SVM,Uniform Binning,7,0.015625,0.0,0.20077896118164062,0.015081405639648438,-0.20824328569877065,211,389,11,4,0.9962906976744187,0.947059346330829,23,43,1,1,0.9981060606060606,0.9356060606060606,
breast-w,SVM,Uniform Binning,8,0.015625,0.0,0.20087528228759766,0.014337539672851562,0.2905606569352581,208,393,7,7,0.9963953488372094,0.9499418604651163,24,42,2,0,0.9744318181818181,0.9386793281621159,
breast-w,SVM,Uniform Binning,9,0.015625,0.0,0.20099925994873047,0.014188766479492188,0.3091624456642884,209,394,6,6,0.9975232558139534,0.9570930232558139,23,42,2,1,0.9886363636363638,0.9047755222128249,
breast-w,SVM,Uniform Binning,10,0.015625,0.015625,0.20083141326904297,0.015676498413085938,-0.12213831807777076,212,389,11,3,0.9967674418604651,0.9507513518970427,24,43,1,0,0.9990530303030303,0.9685978619539785,
breast-w,SVM,Quantile Binning,1,0.015625,0.0,0.2009267807006836,0.013652801513671875,-0.2987777576286751,213,385,14,2,0.9963863146237687,0.9443172695599477,23,44,1,1,0.9787037037037037,0.9361111111111111,
breast-w,SVM,Quantile Binning,2,0.03125,0.0,0.20105266571044922,0.014537811279296875,0.3310990963198557,210,387,12,5,0.9940898758524218,0.9399057618793033,24,45,0,0,0.9999999999999999,1.0,
breast-w,SVM,Quantile Binning,3,0.015625,0.015625,0.20097064971923828,0.013355255126953125,-0.5694792191124282,214,386,13,1,0.9952380952380953,0.9513901168647991,24,42,3,0,0.9935185185185186,0.9108400680852976,
breast-w,SVM,Quantile Binning,4,0.03125,0.0,0.2010488510131836,0.013645172119140625,0.1471966077466227,212,388,11,4,0.9942100621925184,0.9471667090918398,23,44,1,0,0.9951690821256038,0.9680067339833113,
breast-w,SVM,Quantile Binning,5,0.015625,0.0,0.20140457153320312,0.0143890380859375,0.18828222305776843,211,389,11,4,0.9952848837209302,0.947059346330829,24,43,1,0,0.9990530303030303,0.9685978619539785,
breast-w,SVM,Quantile Binning,6,0.03125,0.0,0.20110225677490234,0.013950347900390625,0.07609493425957474,211,389,11,4,0.9943023255813953,0.947059346330829,23,42,2,1,0.9962121212121212,0.9047755222128249,
breast-w,SVM,Quantile Binning,7,0.015625,0.0,0.20119762420654297,0.014240264892578125,-0.4303215681319377,213,385,15,2,0.9961046511627907,0.9410426212073952,23,43,1,1,0.9962121212121212,0.9356060606060606,
breast-w,SVM,Quantile Binning,8,0.015625,0.0,0.20122814178466797,0.01349639892578125,0.1107051249082866,212,390,10,3,0.9961046511627907,0.9541592609769369,23,42,2,1,0.9772727272727273,0.9047755222128249,
breast-w,SVM,Quantile Binning,9,0.015625,0.0,0.201141357421875,0.013347625732421875,-0.05469582070285919,212,390,10,3,0.9955290697674418,0.9541592609769369,23,42,2,1,0.9876893939393939,0.9047755222128249,
breast-w,SVM,Quantile Binning,10,0.015625,0.0,0.20123004913330078,0.0137939453125,-0.42823389055328914,214,386,14,1,0.9956802325581395,0.9481025932969659,24,42,2,0,0.9952651515151515,0.9386793281621159,
breast-w,SVM,PCA,1,0.09375,0.0,0.18216705322265625,0.01358795166015625,-0.004071681347102483,211,389,10,4,0.9962814011773621,0.950434665623966,23,43,2,1,0.9777777777777777,0.9055426968164315,
breast-w,SVM,PCA,2,0.09375,0.0,0.18233871459960938,0.01519012451171875,0.07236791715302934,210,388,11,5,0.9942763886460337,0.943321379446744,24,45,0,0,1.0,1.0,
breast-w,SVM,PCA,3,0.125,0.0,0.18233680725097656,0.01385498046875,0.009211426008691884,211,389,10,4,0.9955703211517165,0.950434665623966,23,43,2,1,0.9925925925925926,0.9055426968164315,
breast-w,SVM,PCA,4,0.09375,0.0,0.18265533447265625,0.01519012451171875,-0.29483825917510975,214,385,14,2,0.9937923512484916,0.944475408601419,23,44,1,0,0.9835748792270532,0.9680067339833113,
breast-w,SVM,PCA,5,0.09375,0.0,0.18270111083984375,0.014522552490234375,0.05850493998350608,211,389,11,4,0.9940348837209303,0.947059346330829,23,43,1,1,0.9971590909090909,0.9356060606060606,
breast-w,SVM,PCA,6,0.09375,0.03125,0.18265151977539062,0.01465606689453125,0.04781364127007342,211,389,11,4,0.9942674418604651,0.947059346330829,23,43,1,1,0.9981060606060607,0.9356060606060606,
breast-w,SVM,PCA,7,0.09375,0.0,0.18239593505859375,0.012920379638671875,-0.4784247236806793,214,386,14,1,0.9955813953488372,0.9481025932969659,23,42,2,1,0.9971590909090908,0.9047755222128249,
breast-w,SVM,PCA,8,0.09375,0.0,0.18256378173828125,0.014789581298828125,0.4120556615341174,208,393,7,7,0.9963255813953489,0.9499418604651163,24,42,2,0,0.9621212121212122,0.9386793281621159,
breast-w,SVM,PCA,9,0.09375,0.0,0.18256187438964844,0.013721466064453125,0.381352679778609,208,393,7,7,0.9956627906976744,0.9499418604651163,23,42,2,1,0.9839015151515152,0.9047755222128249,
breast-w,SVM,PCA,10,0.1875,0.0625,0.18255138397216797,0.014789581298828125,0.46714462043104393,207,392,8,8,0.9944302325581396,0.9427906976744186,24,43,1,0,1.0,0.9685978619539785,
breast-w,SVM,Select Percentile (Mutual Info),1,0.734375,0.0,0.5502567291259766,0.009454727172851562,-0.28171170315265204,213,385,14,2,0.9968525966077986,0.9443172695599477,23,43,2,1,0.9777777777777779,0.9055426968164315,
breast-w,SVM,Select Percentile (Mutual Info),2,0.109375,0.0,0.5510406494140625,0.010175704956054688,0.8175825274851387,204,394,5,11,0.9942297604476308,0.9425898835953803,24,45,0,0,1.0,1.0,
breast-w,SVM,Select Percentile (Mutual Info),3,0.09375,0.0,0.5493488311767578,0.009454727172851562,0.004999590718733756,211,389,10,4,0.996234772978959,0.950434665623966,23,43,2,1,0.9935185185185186,0.9055426968164315,
breast-w,SVM,Select Percentile (Mutual Info),4,0.109375,0.0,0.5529470443725586,0.009855270385742188,0.46505635281002333,208,392,7,8,0.9954399888610415,0.9464299414974817,23,44,1,0,0.9845410628019323,0.9680067339833113,
breast-w,SVM,Select Percentile (Mutual Info),5,0.09375,0.0,0.5509490966796875,0.009695053100585938,0.02482650753579968,212,390,10,3,0.9950116279069767,0.9541592609769369,23,43,1,1,0.9981060606060606,0.9356060606060606,
breast-w,SVM,Select Percentile (Mutual Info),6,0.09375,0.0,0.5510196685791016,0.009775161743164062,0.8067774176921336,205,396,4,10,0.9958720930232559,0.9498381696448333,20,44,0,4,0.9981060606060607,0.8740073734751262,
breast-w,SVM,Select Percentile (Mutual Info),7,0.109375,0.015625,0.5513858795166016,0.009775161743164062,-0.5567877205526753,214,386,14,1,0.9953488372093023,0.9481025932969659,24,42,2,0,0.9981060606060607,0.9386793281621159,
breast-w,SVM,Select Percentile (Mutual Info),8,0.09375,0.0,0.5496549606323242,0.009695053100585938,0.3589100460404977,208,393,7,7,0.9964186046511627,0.9499418604651163,24,42,2,0,0.9753787878787878,0.9386793281621159,
breast-w,SVM,Select Percentile (Mutual Info),9,0.109375,0.0,0.552703857421875,0.009374618530273438,0.40643726161865884,208,393,7,7,0.9967906976744186,0.9499418604651163,23,42,2,1,0.9857954545454546,0.9047755222128249,
breast-w,SVM,Select Percentile (Mutual Info),10,0.109375,0.0,0.5550060272216797,0.009935379028320312,0.0004851314234904443,211,389,11,4,0.9937906976744186,0.947059346330829,24,42,2,0,1.0,0.9386793281621159,
breast-w,SVM,Random Undersampling,1,0.015625,0.0,0.23891639709472656,0.013295173645019531,0.014460327828005607,214,386,13,1,0.9925744594043248,0.9513901168647991,23,43,2,1,0.9777777777777779,0.9055426968164315,
breast-w,SVM,Random Undersampling,2,0.03125,0.0,0.23891258239746094,0.013443946838378906,0.014981544614105221,213,385,14,2,0.9887742612344815,0.9443172695599477,24,44,1,0,1.0,0.9688481133111972,
breast-w,SVM,Random Undersampling,3,0.015625,0.0,0.2390918731689453,0.012997627258300781,0.05201175734664242,211,389,10,4,0.9915719531386605,0.950434665623966,24,43,2,0,0.9925925925925926,0.9391758525703704,
breast-w,SVM,Random Undersampling,4,0.015625,0.0,0.2396841049194336,0.012715339660644531,-0.11472502882677375,214,385,14,2,0.9900677619975866,0.944475408601419,23,44,1,0,0.9855072463768115,0.9680067339833113,
breast-w,SVM,Random Undersampling,5,0.015625,0.0,0.23913955688476562,0.013295173645019531,-0.15147684178169846,214,386,14,1,0.9911511627906977,0.9481025932969659,23,43,1,1,0.9962121212121212,0.9356060606060606,
breast-w,SVM,Random Undersampling,6,0.015625,0.0,0.23904800415039062,0.014187812805175781,-0.20364868637054606,214,386,14,1,0.9920697674418604,0.9481025932969659,24,42,2,0,0.9981060606060607,0.9386793281621159,
breast-w,SVM,Random Undersampling,7,0.015625,0.015625,0.23905181884765625,0.013295173645019531,-0.15671118071326465,214,386,14,1,0.9913372093023256,0.9481025932969659,24,43,1,0,0.9990530303030303,0.9685978619539785,
breast-w,SVM,Random Undersampling,8,0.015625,0.0,0.23913955688476562,0.013592720031738281,0.06861162127211876,212,390,10,3,0.9927558139534884,0.9541592609769369,24,42,2,0,0.9791666666666667,0.9386793281621159,
breast-w,SVM,Random Undersampling,9,0.015625,0.0,0.23896121978759766,0.013295173645019531,0.16032616501510774,212,390,10,3,0.9933837209302325,0.9541592609769369,23,42,2,1,0.9820075757575757,0.9047755222128249,
breast-w,SVM,Random Undersampling,10,0.015625,0.015625,0.239044189453125,0.014931678771972656,0.5531262135064579,207,392,8,8,0.9925116279069768,0.9427906976744186,24,43,1,0,0.9971590909090909,0.9685978619539785,
breast-w,SVM,SMOTE / SMOTENC,1,0.0625,0.0,1.1605119705200195,0.038036346435546875,-0.11986770532898543,214,386,13,1,0.9940432476540187,0.9513901168647991,23,43,2,1,0.9777777777777777,0.9055426968164315,
breast-w,SVM,SMOTE / SMOTENC,2,0.0625,0.0,1.160414695739746,0.0390777587890625,0.37553166889716916,210,388,11,5,0.990184764236172,0.943321379446744,24,45,0,0,1.0,1.0,
breast-w,SVM,SMOTE / SMOTENC,3,0.046875,0.0,1.1606903076171875,0.037143707275390625,-0.29247974607761745,213,385,14,2,0.9938334207612053,0.9443172695599477,24,42,3,0,0.9935185185185185,0.9108400680852976,
breast-w,SVM,SMOTE / SMOTENC,4,0.0625,0.0,1.1693344116210938,0.03888702392578125,0.4876284068226949,212,389,10,4,0.9895456233175532,0.950580008756009,23,44,1,0,0.9835748792270531,0.9680067339833113,
breast-w,SVM,SMOTE / SMOTENC,5,0.0625,0.0,1.1608552932739258,0.03818511962890625,-0.03470683841966349,214,386,14,1,0.9923255813953489,0.9481025932969659,23,43,1,1,0.9971590909090909,0.9356060606060606,
breast-w,SVM,SMOTE / SMOTENC,6,0.046875,0.0,1.1606788635253906,0.038333892822265625,0.11659892038004961,211,389,11,4,0.9935348837209304,0.947059346330829,23,43,1,1,0.9981060606060607,0.9356060606060606,
breast-w,SVM,SMOTE / SMOTENC,7,0.0625,0.0,1.1609001159667969,0.037738800048828125,-0.21512846789823434,214,386,14,1,0.9933837209302326,0.9481025932969659,24,43,1,0,0.9990530303030303,0.9685978619539785,
breast-w,SVM,SMOTE / SMOTENC,8,0.0625,0.015625,1.160858154296875,0.03818511962890625,0.2927811019444004,212,390,10,3,0.9912558139534884,0.9541592609769369,24,42,2,0,0.9696969696969697,0.9386793281621159,
breast-w,SVM,SMOTE / SMOTENC,9,0.046875,0.0,1.1607189178466797,0.03818511962890625,0.3204831294810061,212,390,10,3,0.9913488372093024,0.9541592609769369,23,42,2,1,0.9725378787878788,0.9047755222128249,
breast-w,SVM,SMOTE / SMOTENC,10,0.0625,0.015625,1.1609516143798828,0.03937530517578125,-0.2713806446646728,214,386,14,1,0.9900232558139536,0.9481025932969659,24,42,2,0,0.9924242424242424,0.9386793281621159,
breast-w,RandomForest,Baseline,1,0.609375,0.0,0.3634147644042969,0.47303104400634766,0.5164999999999957,215,399,0,0,1.0,1.0,23,44,1,1,0.9879629629629629,0.9361111111111111,
breast-w,RandomForest,Baseline,2,0.609375,0.0,0.35890769958496094,0.5151453018188477,0.516999999999997,215,399,0,0,1.0,1.0,24,45,0,0,1.0,1.0,
breast-w,RandomForest,Baseline,3,0.625,0.015625,0.35384368896484375,0.47287845611572266,0.5399999999999977,215,399,0,0,1.0,1.0,23,43,2,1,0.9902777777777778,0.9055426968164315,
breast-w,RandomForest,Baseline,4,0.625,0.0,0.35815906524658203,0.5012598037719727,0.6610000000000025,215,399,0,1,1.0,0.9964346162415497,21,44,1,2,0.996135265700483,0.9008873524508829,
breast-w,RandomForest,Baseline,5,0.609375,0.015625,0.3599386215209961,0.5015649795532227,0.3770000000000061,215,400,0,0,1.0,1.0,23,43,1,1,0.993371212121212,0.9356060606060606,
breast-w,RandomForest,Baseline,6,0.5625,0.0,0.3535032272338867,0.5139245986938477,0.37800000000000866,215,400,0,0,1.0,1.0,24,42,2,0,0.9981060606060606,0.9386793281621159,
breast-w,RandomForest,Baseline,7,0.5625,0.0,0.35921382904052734,0.5037012100219727,0.3610000000000048,215,400,0,0,1.0,1.0,24,43,1,0,1.0,0.9685978619539785,
breast-w,RandomForest,Baseline,8,0.578125,0.0,0.35637474060058594,0.47348880767822266,0.4190000000000066,215,400,0,0,1.0,1.0,23,42,2,1,0.9839015151515151,0.9047755222128249,
breast-w,RandomForest,Baseline,9,0.609375,0.015625,0.3553934097290039,0.47745609283447266,0.43800000000000633,215,400,0,0,1.0,1.0,24,42,2,0,0.9857954545454545,0.9386793281621159,
breast-w,RandomForest,Baseline,10,0.609375,0.015625,0.35837745666503906,0.49576663970947266,0.39800000000000413,215,400,0,0,1.0,1.0,24,42,2,0,0.9971590909090908,0.9386793281621159,
breast-w,RandomForest,Standard Scaler,1,0.625,0.015625,0.3608980178833008,0.4741220474243164,0.5319999999999959,215,399,0,0,1.0,1.0,23,44,1,1,0.9879629629629629,0.9361111111111111,
breast-w,RandomForest,Standard Scaler,2,0.625,0.0,0.35894107818603516,0.5162363052368164,0.516999999999997,215,399,0,0,1.0,1.0,24,45,0,0,1.0,1.0,
breast-w,RandomForest,Standard Scaler,3,0.609375,0.0,0.35916805267333984,0.4739694595336914,0.5399999999999977,215,399,0,0,1.0,1.0,23,43,2,1,0.9907407407407407,0.9055426968164315,
breast-w,RandomForest,Standard Scaler,4,0.640625,0.015625,0.36049938201904297,0.5023508071899414,0.6610000000000025,215,399,0,1,1.0,0.9964346162415497,21,44,1,2,0.9971014492753623,0.9008873524508829,
breast-w,RandomForest,Standard Scaler,5,0.609375,0.015625,0.35968017578125,0.5026559829711914,0.3770000000000061,215,400,0,0,1.0,1.0,23,43,1,1,0.993371212121212,0.9356060606060606,
breast-w,RandomForest,Standard Scaler,6,0.625,0.015625,0.36048412322998047,0.5150156021118164,0.37800000000000866,215,400,0,0,1.0,1.0,24,42,2,0,0.9981060606060606,0.9386793281621159,
breast-w,RandomForest,Standard Scaler,7,0.609375,0.0,0.3622093200683594,0.5047922134399414,0.37000000000000455,215,400,0,0,1.0,1.0,24,43,1,0,1.0,0.9685978619539785,
breast-w,RandomForest,Standard Scaler,8,0.609375,0.0,0.35877418518066406,0.4745798110961914,0.4280000000000064,215,400,0,0,1.0,1.0,23,42,2,1,0.9810606060606061,0.9047755222128249,
breast-w,RandomForest,Standard Scaler,9,0.578125,0.015625,0.3624153137207031,0.4785470962524414,0.4560000000000059,215,400,0,0,1.0,1.0,23,42,2,1,0.9862689393939393,0.9047755222128249,
breast-w,RandomForest,Standard Scaler,10,0.609375,0.0,0.35870838165283203,0.4968576431274414,0.39800000000000413,215,400,0,0,1.0,1.0,24,42,2,0,0.9971590909090908,0.9386793281621159,
breast-w,RandomForest,MinMax Scaler,1,0.5625,0.0,0.3625965118408203,0.4754753112792969,0.527499999999996,215,399,0,0,1.0,1.0,23,44,1,1,0.9879629629629629,0.9361111111111111,
breast-w,RandomForest,MinMax Scaler,2,0.609375,0.0,0.36319828033447266,0.5175981521606445,0.516999999999997,215,399,0,0,1.0,1.0,24,45,0,0,1.0,1.0,
breast-w,RandomForest,MinMax Scaler,3,0.625,0.015625,0.3597831726074219,0.4753227233886719,0.5399999999999977,215,399,0,0,1.0,1.0,23,43,2,1,0.9898148148148148,0.9055426968164315,
breast-w,RandomForest,MinMax Scaler,4,0.59375,0.0,0.36139678955078125,0.5037040710449219,0.6610000000000025,215,399,0,1,1.0,0.9964346162415497,21,44,1,2,0.9966183574879227,0.9008873524508829,
breast-w,RandomForest,MinMax Scaler,5,0.625,0.015625,0.35983848571777344,0.5040092468261719,0.3860000000000059,215,400,0,0,0.9999999999999999,1.0,23,43,1,1,0.993371212121212,0.9356060606060606,
breast-w,RandomForest,MinMax Scaler,6,0.609375,0.0,0.3571043014526367,0.5163774490356445,0.37800000000000866,215,400,0,0,1.0,1.0,24,42,2,0,0.9981060606060606,0.9386793281621159,
breast-w,RandomForest,MinMax Scaler,7,0.609375,0.0,0.35921669006347656,0.5061454772949219,0.37000000000000455,215,400,0,0,1.0,1.0,24,43,1,0,1.0,0.9685978619539785,
breast-w,RandomForest,MinMax Scaler,8,0.625,0.015625,0.36356163024902344,0.4759330749511719,0.4370000000000061,215,400,0,0,1.0,1.0,23,42,2,1,0.9801136363636364,0.9047755222128249,
breast-w,RandomForest,MinMax Scaler,9,0.59375,0.015625,0.3601951599121094,0.4799003601074219,0.4470000000000061,215,400,0,0,1.0,1.0,24,42,2,0,0.9857954545454545,0.9386793281621159,
breast-w,RandomForest,MinMax Scaler,10,0.59375,0.0,0.35953330993652344,0.4982109069824219,0.39800000000000413,215,400,0,0,1.0,1.0,24,42,2,0,0.996685606060606,0.9386793281621159,
breast-w,RandomForest,IQR Capping,1,0.59375,0.015625,0.3673419952392578,0.47432422637939453,0.5219999999999959,215,399,0,0,1.0,1.0,23,44,1,1,0.9879629629629629,0.9361111111111111,
breast-w,RandomForest,IQR Capping,2,0.65625,0.015625,0.37192821502685547,0.5176677703857422,0.516999999999997,215,399,0,0,1.0,1.0,24,45,0,0,1.0,1.0,
breast-w,RandomForest,IQR Capping,3,0.65625,0.015625,0.3736410140991211,0.47646045684814453,0.5399999999999977,215,399,0,0,1.0,1.0,23,43,2,1,0.9916666666666667,0.9055426968164315,
breast-w,RandomForest,IQR Capping,4,0.640625,0.015625,0.3706169128417969,0.5028581619262695,0.6610000000000025,215,399,0,1,1.0,0.9964346162415497,21,44,1,2,0.996135265700483,0.9008873524508829,
breast-w,RandomForest,IQR Capping,5,0.796875,0.015625,0.37146854400634766,0.5031633377075195,0.3860000000000059,215,400,0,0,1.0,1.0,23,43,1,1,0.993371212121212,0.9356060606060606,
breast-w,RandomForest,IQR Capping,6,0.828125,0.03125,0.37245655059814453,0.5184307098388672,0.3790000000000089,215,400,0,0,0.9999999999999999,1.0,24,42,2,0,0.9981060606060606,0.9386793281621159,
breast-w,RandomForest,IQR Capping,7,0.65625,0.015625,0.36538124084472656,0.5065202713012695,0.37900000000000433,215,400,0,0,1.0,1.0,23,43,1,1,0.9981060606060606,0.9356060606060606,
breast-w,RandomForest,IQR Capping,8,0.640625,0.015625,0.3678760528564453,0.47585010528564453,0.4280000000000064,215,400,0,0,1.0,1.0,23,42,2,1,0.9829545454545454,0.9047755222128249,
breast-w,RandomForest,IQR Capping,9,0.640625,0.015625,0.3703479766845703,0.47981739044189453,0.43800000000000633,215,400,0,0,1.0,1.0,24,42,2,0,0.9848484848484848,0.9386793281621159,
breast-w,RandomForest,IQR Capping,10,0.640625,0.0,0.3716897964477539,0.49751758575439453,0.39800000000000413,215,400,0,0,1.0,1.0,24,42,2,0,0.9971590909090908,0.9386793281621159,
breast-w,RandomForest,IQR Removal,1,0.625,0.015625,0.3685312271118164,0.4740581512451172,0.5164999999999957,215,399,0,0,1.0,1.0,23,44,1,1,0.9879629629629629,0.9361111111111111,
breast-w,RandomForest,IQR Removal,2,0.625,0.015625,0.37061595916748047,0.5161724090576172,0.516999999999997,215,399,0,0,1.0,1.0,24,45,0,0,1.0,1.0,
breast-w,RandomForest,IQR Removal,3,0.625,0.015625,0.37108802795410156,0.4739055633544922,0.5399999999999977,215,399,0,0,1.0,1.0,23,43,2,1,0.9902777777777778,0.9055426968164315,
breast-w,RandomForest,IQR Removal,4,0.65625,0.0,0.36990928649902344,0.5022869110107422,0.6610000000000025,215,399,0,1,1.0,0.9964346162415497,21,44,1,2,0.996135265700483,0.9008873524508829,
breast-w,RandomForest,IQR Removal,5,0.609375,0.0,0.37271976470947266,0.5025920867919922,0.3770000000000061,215,400,0,0,1.0,1.0,23,43,1,1,0.993371212121212,0.9356060606060606,
breast-w,RandomForest,IQR Removal,6,0.625,0.0,0.3720531463623047,0.5149517059326172,0.37800000000000866,215,400,0,0,1.0,1.0,24,42,2,0,0.9981060606060606,0.9386793281621159,
breast-w,RandomForest,IQR Removal,7,0.625,0.0,0.372283935546875,0.5047283172607422,0.3610000000000048,215,400,0,0,1.0,1.0,24,43,1,0,1.0,0.9685978619539785,
breast-w,RandomForest,IQR Removal,8,0.609375,0.015625,0.3713827133178711,0.4745159149169922,0.4190000000000066,215,400,0,0,1.0,1.0,23,42,2,1,0.9839015151515151,0.9047755222128249,
breast-w,RandomForest,IQR Removal,9,0.625,0.015625,0.37076854705810547,0.4784832000732422,0.43800000000000633,215,400,0,0,1.0,1.0,24,42,2,0,0.9857954545454545,0.9386793281621159,
breast-w,RandomForest,IQR Removal,10,0.609375,0.015625,0.3736915588378906,0.4967937469482422,0.39800000000000413,215,400,0,0,1.0,1.0,24,42,2,0,0.9971590909090908,0.9386793281621159,
breast-w,RandomForest,Yeo-Johnson,1,0.65625,0.015625,0.3582496643066406,0.47306060791015625,0.5364999999999958,215,399,0,0,1.0,1.0,23,44,1,1,0.986574074074074,0.9361111111111111,
breast-w,RandomForest,Yeo-Johnson,2,0.671875,0.0,0.35997962951660156,0.5151748657226562,0.516999999999997,215,399,0,0,1.0,1.0,24,45,0,0,1.0,1.0,
breast-w,RandomForest,Yeo-Johnson,3,0.640625,0.0,0.3606452941894531,0.47290802001953125,0.5444999999999977,215,399,0,0,1.0,1.0,24,43,2,0,0.9907407407407407,0.9391758525703704,
breast-w,RandomForest,Yeo-Johnson,4,0.671875,0.0,0.3626670837402344,0.5012893676757812,0.6620000000000027,215,399,0,1,1.0,0.9964346162415497,22,44,1,1,0.9971014492753623,0.9342995169082126,
breast-w,RandomForest,Yeo-Johnson,5,0.640625,0.0,0.36122989654541016,0.5015945434570312,0.3860000000000059,215,400,0,0,1.0,1.0,23,43,1,1,0.9933712121212122,0.9356060606060606,
breast-w,RandomForest,Yeo-Johnson,6,0.71875,0.0,0.3601236343383789,0.5139541625976562,0.3790000000000089,215,400,0,0,1.0,1.0,24,42,2,0,0.9981060606060606,0.9386793281621159,
breast-w,RandomForest,Yeo-Johnson,7,0.6875,0.015625,0.36295413970947266,0.5037307739257812,0.37100000000000477,215,400,0,0,1.0,1.0,24,43,1,0,1.0,0.9685978619539785,
breast-w,RandomForest,Yeo-Johnson,8,0.734375,0.015625,0.36220645904541016,0.47351837158203125,0.4550000000000057,215,400,0,0,1.0,1.0,23,41,3,1,0.9810606060606061,0.875355722690862,
breast-w,RandomForest,Yeo-Johnson,9,0.65625,0.015625,0.3579263687133789,0.47748565673828125,0.4560000000000059,215,400,0,0,1.0,1.0,24,42,2,0,0.9862689393939393,0.9386793281621159,
breast-w,RandomForest,Yeo-Johnson,10,0.65625,0.0,0.3625907897949219,0.49579620361328125,0.3990000000000043,215,400,0,0,1.0,1.0,24,42,2,0,0.9952651515151515,0.9386793281621159,
breast-w,RandomForest,Quantile Transform,1,0.625,0.015625,0.40196990966796875,0.5164394378662109,0.5319999999999959,215,399,0,0,1.0,1.0,23,44,1,1,0.9875,0.9361111111111111,
breast-w,RandomForest,Quantile Transform,2,0.625,0.015625,0.40570640563964844,0.5585536956787109,0.516999999999997,215,399,0,0,1.0,1.0,24,45,0,0,1.0,1.0,
breast-w,RandomForest,Quantile Transform,3,0.625,0.0,0.4077634811401367,0.5162868499755859,0.5389999999999975,215,399,0,0,1.0,1.0,24,43,2,0,0.9898148148148148,0.9391758525703704,
breast-w,RandomForest,Quantile Transform,4,0.625,0.0,0.40456676483154297,0.5447368621826172,0.6610000000000025,215,399,0,1,1.0,0.9964346162415497,22,44,1,1,0.9971014492753623,0.9342995169082126,
breast-w,RandomForest,Quantile Transform,5,0.625,0.0,0.4073514938354492,0.5450420379638672,0.3860000000000059,215,400,0,0,1.0,1.0,23,43,1,1,0.9933712121212122,0.9356060606060606,
breast-w,RandomForest,Quantile Transform,6,0.609375,0.015625,0.40640735626220703,0.5574016571044922,0.3790000000000089,215,400,0,0,1.0,1.0,24,42,2,0,0.9981060606060606,0.9386793281621159,
breast-w,RandomForest,Quantile Transform,7,0.625,0.0,0.4004039764404297,0.5471782684326172,0.37000000000000455,215,400,0,0,1.0,1.0,24,43,1,0,1.0,0.9685978619539785,
breast-w,RandomForest,Quantile Transform,8,0.640625,0.015625,0.405059814453125,0.5169658660888672,0.4550000000000057,215,400,0,0,1.0,1.0,23,41,3,1,0.9848484848484849,0.875355722690862,
breast-w,RandomForest,Quantile Transform,9,0.609375,0.015625,0.40576171875,0.5209331512451172,0.4560000000000059,215,400,0,0,1.0,1.0,23,42,2,1,0.9876893939393938,0.9047755222128249,
breast-w,RandomForest,Quantile Transform,10,0.625,0.0,0.4063682556152344,0.5392436981201172,0.39800000000000413,215,400,0,0,1.0,1.0,24,42,2,0,0.996685606060606,0.9386793281621159,
breast-w,RandomForest,Uniform Binning,1,0.59375,0.0,0.36165332794189453,0.5388402938842773,0.5029999999999961,215,399,0,0,1.0,1.0,23,44,1,1,0.9902777777777778,0.9361111111111111,
breast-w,RandomForest,Uniform Binning,2,0.609375,0.015625,0.3637733459472656,0.59027099609375,0.4904999999999967,215,399,0,0,1.0,1.0,24,45,0,0,1.0,1.0,
breast-w,RandomForest,Uniform Binning,3,0.625,0.015625,0.36409568786621094,0.5588293075561523,0.47699999999999704,215,399,0,0,1.0,1.0,23,43,2,1,0.9962962962962962,0.9055426968164315,
breast-w,RandomForest,Uniform Binning,4,0.609375,0.0,0.36336421966552734,0.579742431640625,0.6750000000000012,215,399,0,1,1.0,0.9964346162415497,21,44,1,2,0.9951690821256038,0.9008873524508829,
breast-w,RandomForest,Uniform Binning,5,0.609375,0.0,0.361297607421875,0.573028564453125,0.3680000000000064,215,400,0,0,1.0,1.0,24,43,1,0,0.9952651515151515,0.9685978619539785,
breast-w,RandomForest,Uniform Binning,6,0.609375,0.0,0.3588085174560547,0.5760717391967773,0.36800000000000865,215,400,0,0,1.0,1.0,23,42,2,1,0.9981060606060607,0.9047755222128249,
breast-w,RandomForest,Uniform Binning,7,0.609375,0.0,0.36305713653564453,0.5754613876342773,0.3960000000000036,215,400,0,0,1.0,1.0,24,44,0,0,1.0,1.0,
breast-w,RandomForest,Uniform Binning,8,0.609375,0.0,0.36306285858154297,0.5377721786499023,0.4370000000000061,215,400,0,0,1.0,1.0,23,42,2,1,0.9886363636363636,0.9047755222128249,
breast-w,RandomForest,Uniform Binning,9,0.609375,0.0,0.3599424362182617,0.5582189559936523,0.44800000000000634,215,400,0,0,1.0,1.0,24,42,2,0,0.9891098484848484,0.9386793281621159,
breast-w,RandomForest,Uniform Binning,10,0.625,0.015625,0.36396026611328125,0.5719518661499023,0.39800000000000413,215,400,0,0,1.0,1.0,24,43,1,0,0.9962121212121212,0.9685978619539785,
breast-w,RandomForest,Quantile Binning,1,0.609375,0.0,0.36203479766845703,0.6760969161987305,0.5485194444444441,214,398,1,1,0.9999766859007985,0.9928425715451419,23,44,1,1,0.9680555555555557,0.9361111111111111,
breast-w,RandomForest,Quantile Binning,2,0.609375,0.015625,0.36223793029785156,0.7473564147949219,0.5162833333333325,214,398,1,1,0.9999766859007986,0.9928425715451419,23,45,0,1,1.0,0.9682458365518543,
breast-w,RandomForest,Quantile Binning,3,0.625,0.015625,0.3642425537109375,0.6850996017456055,0.5156666666666667,215,398,1,0,0.9999941714751996,0.9964314867505886,22,43,2,2,0.9925925925925926,0.8722222222222222,
breast-w,RandomForest,Quantile Binning,4,0.609375,0.015625,0.36278533935546875,0.6916532516479492,0.6131904761904763,215,398,1,1,0.999976793836443,0.99286410470621,23,44,1,0,0.9869565217391305,0.9680067339833113,
breast-w,RandomForest,Quantile Binning,5,0.609375,0.0,0.3597116470336914,0.7108793258666992,0.5703333333333334,215,399,1,0,0.9999941860465116,0.9964346162415497,24,43,1,0,0.9914772727272727,0.9685978619539785,
breast-w,RandomForest,Quantile Binning,6,0.625,0.0,0.3647289276123047,0.7101325988769531,0.5482000000000012,214,399,1,1,0.9999767441860465,0.9928488372093023,22,42,2,2,0.9933712121212122,0.8712121212121212,
breast-w,RandomForest,Quantile Binning,7,0.609375,0.015625,0.36144161224365234,0.7226371765136719,0.45982500000000204,214,399,1,1,0.9999651162790698,0.9928488372093023,22,44,0,2,0.9971590909090908,0.9363821838346235,
breast-w,RandomForest,Quantile Binning,8,0.609375,0.0,0.36260128021240234,0.6681547164916992,0.5065595238095264,214,399,1,1,0.9999767441860465,0.9928488372093023,23,42,2,1,0.9805871212121211,0.9047755222128249,
breast-w,RandomForest,Quantile Binning,9,0.609375,0.015625,0.35932254791259766,0.6907377243041992,0.6031666666666667,215,399,1,0,0.9999941860465116,0.9964346162415497,20,42,2,4,0.9876893939393939,0.804824356353726,
breast-w,RandomForest,Quantile Binning,10,0.59375,0.0,0.36200809478759766,0.6774625778198242,0.5283809523809525,215,399,1,0,0.9999941860465116,0.9964346162415497,24,42,2,0,0.9876893939393938,0.9386793281621159,
breast-w,RandomForest,PCA,1,1.6875,0.09375,0.3480796813964844,0.47455883026123047,0.5499999999999955,215,399,0,0,1.0,1.0,23,43,2,1,0.9949074074074075,0.9055426968164315,
breast-w,RandomForest,PCA,2,1.765625,0.0625,0.3502950668334961,0.5124006271362305,0.5194999999999965,215,399,0,0,1.0,1.0,24,44,1,0,1.0,0.9688481133111972,
breast-w,RandomForest,PCA,3,1.65625,0.0,0.35001182556152344,0.49836254119873047,0.5579999999999973,215,399,0,0,1.0,1.0,24,42,3,0,0.9888888888888889,0.9108400680852976,
breast-w,RandomForest,PCA,4,1.703125,0.0,0.34844017028808594,0.5091962814331055,0.7110000000000002,215,399,0,1,1.0,0.9964346162415497,22,44,1,1,0.9937198067632851,0.9342995169082126,
breast-w,RandomForest,PCA,5,1.703125,0.0,0.3446769714355469,0.48844432830810547,0.41200000000000725,215,400,0,0,1.0,1.0,24,43,1,0,0.9957386363636365,0.9685978619539785,
breast-w,RandomForest,PCA,6,1.78125,0.0,0.3493080139160156,0.49210643768310547,0.4070000000000084,215,400,0,0,1.0,1.0,23,42,2,1,0.9981060606060607,0.9047755222128249,
breast-w,RandomForest,PCA,7,1.765625,0.09375,0.3504190444946289,0.48325634002685547,0.4300000000000068,215,400,0,0,1.0,1.0,24,43,1,0,1.0,0.9685978619539785,
breast-w,RandomForest,PCA,8,1.75,0.0,0.34799671173095703,0.46998119354248047,0.4530000000000075,215,400,0,0,1.0,1.0,24,42,2,0,0.9791666666666666,0.9386793281621159,
breast-w,RandomForest,PCA,9,1.703125,0.046875,0.3486747741699219,0.46570873260498047,0.4630000000000075,215,400,0,0,1.0,1.0,23,42,2,1,0.9867424242424243,0.9047755222128249,
breast-w,RandomForest,PCA,10,1.71875,0.09375,0.3501100540161133,0.49729442596435547,0.40800000000000636,215,400,0,0,1.0,1.0,24,42,2,0,0.9990530303030303,0.9386793281621159,
breast-w,RandomForest,Select Percentile (Mutual Info),1,1.4375,0.015625,0.5559654235839844,0.45518970489501953,0.5139999999999963,215,399,0,0,1.0,1.0,23,44,1,1,0.9865740740740739,0.9361111111111111,
breast-w,RandomForest,Select Percentile (Mutual Info),2,0.6875,0.0,0.5554628372192383,0.5015764236450195,0.5124999999999972,215,399,0,0,1.0,1.0,24,45,0,0,1.0,1.0,
breast-w,RandomForest,Select Percentile (Mutual Info),3,0.65625,0.0,0.5527563095092773,0.46312427520751953,0.5399999999999977,215,399,0,0,1.0,1.0,24,42,3,0,0.9935185185185185,0.9108400680852976,
breast-w,RandomForest,Select Percentile (Mutual Info),4,0.6875,0.015625,0.5505409240722656,0.48830127716064453,0.659000000000002,215,399,0,1,1.0,0.9964346162415497,21,44,1,2,0.996135265700483,0.9008873524508829,
breast-w,RandomForest,Select Percentile (Mutual Info),5,0.671875,0.0,0.5576105117797852,0.48647022247314453,0.40400000000000547,215,400,0,0,1.0,1.0,23,43,1,1,0.9952651515151516,0.9356060606060606,
breast-w,RandomForest,Select Percentile (Mutual Info),6,0.671875,0.0,0.552983283996582,0.49562549591064453,0.37700000000000844,215,400,0,0,1.0,1.0,24,42,2,0,0.9981060606060606,0.9386793281621159,
breast-w,RandomForest,Select Percentile (Mutual Info),7,0.6875,0.015625,0.5556631088256836,0.48250293731689453,0.3960000000000036,215,400,0,0,1.0,1.0,24,42,2,0,0.9990530303030303,0.9386793281621159,
breast-w,RandomForest,Select Percentile (Mutual Info),8,0.6875,0.0,0.5549144744873047,0.44832324981689453,0.43900000000000655,215,400,0,0,1.0,1.0,23,42,2,1,0.978219696969697,0.9047755222128249,
breast-w,RandomForest,Select Percentile (Mutual Info),9,0.6875,0.015625,0.5546207427978516,0.46556568145751953,0.40200000000000724,215,400,0,0,1.0,1.0,24,42,2,0,0.9891098484848484,0.9386793281621159,
breast-w,RandomForest,Select Percentile (Mutual Info),10,0.671875,0.0,0.5556459426879883,0.48173999786376953,0.40600000000000364,215,400,0,0,1.0,1.0,24,43,1,0,0.9995265151515151,0.9685978619539785,
breast-w,RandomForest,Random Undersampling,1,0.59375,0.0,0.32741355895996094,0.30622100830078125,0.7595999999999998,214,392,7,1,0.9933846243515766,0.9717745241556319,23,44,1,1,0.9814814814814815,0.9361111111111111,
breast-w,RandomForest,Random Undersampling,2,0.59375,0.015625,0.3278636932373047,0.3399543762207031,0.7619999999999993,213,391,8,2,0.9962114588797576,0.96466123797841,23,45,0,1,1.0,0.9682458365518543,
breast-w,RandomForest,Random Undersampling,3,0.609375,0.0,0.33087158203125,0.3610115051269531,0.5283999999999992,215,393,6,0,0.9975811622078452,0.9788878103328539,24,42,3,0,0.9875,0.9108400680852976,
breast-w,RandomForest,Random Undersampling,4,0.609375,0.0,0.33106136322021484,0.3372230529785156,0.792400000000007,215,392,7,1,0.9937169312169313,0.9718570034198956,20,44,1,3,0.9937198067632851,0.8677024868216987,
breast-w,RandomForest,Random Undersampling,5,0.59375,0.0,0.3260650634765625,0.3359870910644531,0.6792000000000008,215,393,7,0,0.9941686046511627,0.9754590049152605,21,43,1,3,0.9900568181818182,0.8706032700941747,
breast-w,RandomForest,Random Undersampling,6,0.59375,0.015625,0.3303537368774414,0.4141206741333008,0.4388000000000011,215,393,7,0,0.9990872093023255,0.9754590049152605,23,42,2,1,0.9981060606060606,0.9047755222128249,
breast-w,RandomForest,Random Undersampling,7,0.609375,0.0,0.32236671447753906,0.3474311828613281,0.6184000000000015,215,393,7,0,0.9971337209302326,0.9754590049152605,23,44,0,1,1.0,0.9680067339833113,
breast-w,RandomForest,Random Undersampling,8,0.59375,0.015625,0.3275623321533203,0.3802375793457031,0.7810000000000002,213,398,2,2,0.9980639534883721,0.9856976744186047,22,42,2,2,0.9801136363636362,0.8712121212121212,
breast-w,RandomForest,Random Undersampling,9,0.609375,0.0,0.3262767791748047,0.3660469055175781,0.5764000000000032,215,393,7,0,0.9954593023255814,0.9754590049152605,24,42,2,0,0.981060606060606,0.9386793281621159,
breast-w,RandomForest,Random Undersampling,10,0.609375,0.0,0.3304166793823242,0.44586753845214844,0.7920000000000005,213,398,2,2,0.9990232558139535,0.9856976744186047,22,43,1,2,0.9981060606060606,0.9029628032413496,
breast-w,RandomForest,SMOTE / SMOTENC,1,0.65625,0.0,1.1570625305175781,0.5412416458129883,0.5384999999999962,215,399,0,0,1.0,1.0,23,44,1,1,0.986574074074074,0.9361111111111111,
breast-w,RandomForest,SMOTE / SMOTENC,2,0.65625,0.0,1.1570234298706055,0.5784730911254883,0.5024999999999972,215,399,0,0,1.0,1.0,24,45,0,0,1.0,1.0,
breast-w,RandomForest,SMOTE / SMOTENC,3,0.640625,0.0,1.157069206237793,0.5482606887817383,0.5589999999999975,215,399,0,0,1.0,1.0,24,43,2,0,0.9865740740740742,0.9391758525703704,
breast-w,RandomForest,SMOTE / SMOTENC,4,0.65625,0.015625,1.1657609939575195,0.5804195404052734,0.673000000000003,215,399,0,1,1.0,0.9964346162415497,22,44,1,1,0.9971014492753623,0.9342995169082126,
breast-w,RandomForest,SMOTE / SMOTENC,5,0.671875,0.0,1.1573772430419922,0.5719118118286133,0.37800000000000633,215,400,0,0,1.0,1.0,24,43,1,0,0.9933712121212122,0.9685978619539785,
breast-w,RandomForest,SMOTE / SMOTENC,6,0.640625,0.0,1.157282829284668,0.5703859329223633,0.39400000000000773,215,400,0,0,1.0,1.0,24,42,2,0,0.9962121212121212,0.9386793281621159,
breast-w,RandomForest,SMOTE / SMOTENC,7,0.65625,0.0,1.1572856903076172,0.5798549652099609,0.42300000000000293,215,400,0,0,1.0,1.0,24,44,0,0,1.0,1.0,
breast-w,RandomForest,SMOTE / SMOTENC,8,0.65625,0.015625,1.1575088500976562,0.5343751907348633,0.46400000000000546,215,400,0,0,1.0,1.0,23,41,3,1,0.9763257575757576,0.875355722690862,
breast-w,RandomForest,SMOTE / SMOTENC,9,0.640625,0.0,1.1574649810791016,0.5420045852661133,0.4740000000000055,215,400,0,0,1.0,1.0,24,42,2,0,0.9857954545454545,0.9386793281621159,
breast-w,RandomForest,SMOTE / SMOTENC,10,0.65625,0.015625,1.1572017669677734,0.5662660598754883,0.4080000000000041,215,400,0,0,1.0,1.0,24,42,2,0,0.996685606060606,0.9386793281621159,
breast-w,MLP,Baseline,1,3.828125,0.0,0.7293777465820312,0.07082748413085938,0.2532910368588325,211,395,4,4,0.9991373783295449,0.9713702861805676,23,43,2,1,0.9861111111111112,0.9055426968164315,
breast-w,MLP,Baseline,2,3.828125,0.0,0.7328338623046875,0.07082748413085938,0.26341753746222357,212,390,9,3,0.9978784169726642,0.9575479518011879,24,45,0,0,1.0,1.0,
breast-w,MLP,Baseline,3,3.734375,0.0,0.7326536178588867,0.07082748413085938,0.208205423964424,213,391,8,2,0.998577839948709,0.96466123797841,23,44,1,1,0.999074074074074,0.9361111111111111,
breast-w,MLP,Baseline,4,3.875,0.0,0.7329683303833008,0.07082939147949219,0.4769138515310649,214,391,8,2,0.9981899192425507,0.9647646718652667,23,44,1,0,0.9980676328502415,0.9680067339833113,
breast-w,MLP,Baseline,5,3.84375,0.0,0.7329282760620117,0.07082939147949219,0.17549209428303375,213,391,9,2,0.998313953488372,0.9612591756230447,23,41,3,1,0.9962121212121213,0.875355722690862,
breast-w,MLP,Baseline,6,3.375,0.0,0.73297119140625,0.07082939147949219,0.4376700760575332,210,395,5,5,0.9985813953488372,0.9642441860465116,22,44,0,2,0.9971590909090909,0.9363821838346235,
breast-w,MLP,Baseline,7,3.90625,0.03125,0.7329196929931641,0.07082939147949219,0.4712176266621544,207,398,2,8,0.9983023255813953,0.9642367517087123,20,43,1,4,0.9943181818181819,0.8384616998807747,
breast-w,MLP,Baseline,8,4.015625,0.0,0.73297119140625,0.07082939147949219,0.2972405276035528,214,392,8,1,0.9988604651162791,0.9683590902691527,24,42,2,0,0.9772727272727272,0.9386793281621159,
breast-w,MLP,Baseline,9,3.890625,0.0,0.7328395843505859,0.07082939147949219,0.42772149207466686,211,396,4,4,0.9987790697674419,0.9713953488372093,23,42,2,1,0.9886363636363636,0.9047755222128249,
breast-w,MLP,Baseline,10,3.9375,0.0,0.7329273223876953,0.07082939147949219,0.2213611994034064,213,391,9,2,0.9982093023255815,0.9612591756230447,24,42,2,0,1.0,0.9386793281621159,
breast-w,MLP,Standard Scaler,1,3.9375,0.0,0.7338523864746094,0.07050800323486328,0.4066739252655609,213,391,8,2,0.9991490353791456,0.96466123797841,23,43,2,1,0.9833333333333333,0.9055426968164315,
breast-w,MLP,Standard Scaler,2,3.921875,0.09375,0.7334432601928711,0.07050800323486328,0.47567721925589823,212,390,9,3,0.998484583551903,0.9575479518011879,24,45,0,0,1.0,1.0,
breast-w,MLP,Standard Scaler,3,3.921875,0.0,0.7335319519042969,0.07050800323486328,0.348923685828878,213,391,8,2,0.9988692661887276,0.96466123797841,24,42,3,0,0.9962962962962963,0.9108400680852976,
breast-w,MLP,Standard Scaler,4,3.84375,0.0,0.7336263656616211,0.0705099105834961,0.4393609948627509,213,390,9,3,0.9987468671679198,0.9576723403106379,23,44,1,0,0.9980676328502415,0.9680067339833113,
breast-w,MLP,Standard Scaler,5,3.84375,0.0,0.7337131500244141,0.0705099105834961,0.3813872767124497,213,391,9,2,0.9987093023255814,0.9612591756230447,23,43,1,1,0.9971590909090909,0.9356060606060606,
breast-w,MLP,Standard Scaler,6,3.84375,0.0,0.7339334487915039,0.0705099105834961,0.5368233929726447,213,391,9,2,0.9988255813953488,0.9612591756230447,23,44,0,1,0.9981060606060606,0.9680067339833113,
breast-w,MLP,Standard Scaler,7,4.015625,0.09375,0.7337503433227539,0.0705099105834961,0.574593498486041,209,394,6,6,0.9988604651162791,0.9570930232558139,21,44,0,3,0.9971590909090909,0.9050684704320512,
breast-w,MLP,Standard Scaler,8,3.9375,0.078125,0.7335739135742188,0.0705099105834961,0.5747689536159323,210,395,5,5,0.9989302325581396,0.9642441860465116,24,42,2,0,0.9782196969696969,0.9386793281621159,
breast-w,MLP,Standard Scaler,9,3.84375,0.09375,0.7336702346801758,0.0705099105834961,0.33106183714100923,213,391,9,2,0.9990348837209302,0.9612591756230447,23,42,2,1,0.9895833333333334,0.9047755222128249,
breast-w,MLP,Standard Scaler,10,4.078125,0.0,0.7334423065185547,0.0705099105834961,0.49678879293501166,213,391,9,2,0.9987441860465116,0.9612591756230447,24,42,2,0,0.9990530303030303,0.9386793281621159,
breast-w,MLP,MinMax Scaler,1,3.84375,0.0,0.7339563369750977,0.07128620147705078,0.2903873161683888,212,390,9,3,0.9976336189310486,0.9575479518011879,23,42,3,1,0.9888888888888888,0.8763821182415374,
breast-w,MLP,MinMax Scaler,2,3.828125,0.0,0.7337141036987305,0.07128620147705078,0.19620934625948205,213,385,14,2,0.9961881447805561,0.9443172695599477,24,45,0,0,1.0,1.0,
breast-w,MLP,MinMax Scaler,3,3.75,0.0,0.7338771820068359,0.07128620147705078,0.2357050622504006,212,390,9,3,0.996747683161392,0.9575479518011879,23,43,2,1,0.9935185185185185,0.9055426968164315,
breast-w,MLP,MinMax Scaler,4,3.859375,0.015625,0.7338962554931641,0.0712881088256836,0.3141722864767035,212,389,10,4,0.9965886939571149,0.950580008756009,23,44,1,0,0.9971014492753624,0.9680067339833113,
breast-w,MLP,MinMax Scaler,5,3.703125,0.03125,0.7340326309204102,0.0712881088256836,0.26773121285837276,211,389,11,4,0.9967093023255813,0.947059346330829,23,43,1,1,0.9962121212121213,0.9356060606060606,
breast-w,MLP,MinMax Scaler,6,3.984375,0.0,0.7336254119873047,0.0712881088256836,0.11531365609592911,214,386,14,1,0.9963255813953489,0.9481025932969659,24,42,2,0,0.9981060606060607,0.9386793281621159,
breast-w,MLP,MinMax Scaler,7,2.609375,0.0625,0.7208833694458008,0.0700082778930664,0.20169970955191852,214,386,14,1,0.9964999999999999,0.9481025932969659,24,42,2,0,1.0,0.9386793281621159,
breast-w,MLP,MinMax Scaler,8,3.453125,0.09375,0.7306137084960938,0.07093143463134766,0.261532188370733,213,391,9,2,0.9975232558139535,0.9612591756230447,24,42,2,0,0.9772727272727272,0.9386793281621159,
breast-w,MLP,MinMax Scaler,9,3.84375,0.0,0.7338085174560547,0.0712881088256836,0.22870505472543365,212,390,10,3,0.9972325581395348,0.9541592609769369,23,42,2,1,0.9886363636363636,0.9047755222128249,
breast-w,MLP,MinMax Scaler,10,3.703125,0.015625,0.7341680526733398,0.0712881088256836,0.16184417255784034,214,386,14,1,0.9965348837209302,0.9481025932969659,24,42,2,0,1.0,0.9386793281621159,
breast-w,MLP,IQR Capping,1,4.03125,0.03125,0.7433357238769531,0.07112693786621094,0.15808782387968462,213,391,8,2,0.999079093081541,0.96466123797841,23,43,2,1,0.987037037037037,0.9055426968164315,
breast-w,MLP,IQR Capping,2,3.84375,0.09375,0.742924690246582,0.07112693786621094,0.30277174139505636,213,391,8,2,0.9979250451710673,0.96466123797841,24,45,0,0,1.0,1.0,
breast-w,MLP,IQR Capping,3,3.78125,0.09375,0.7429180145263672,0.07112693786621094,0.19012150021118573,213,391,8,2,0.9981815002622837,0.96466123797841,23,44,1,1,0.9944444444444445,0.9361111111111111,
breast-w,MLP,IQR Capping,4,4.0625,0.0,0.7426519393920898,0.07112884521484375,0.5074412191304607,214,391,8,2,0.9977838113803026,0.9647646718652667,22,44,1,1,0.9980676328502415,0.9342995169082126,
breast-w,MLP,IQR Capping,5,4.125,0.0,0.7429561614990234,0.07112884521484375,0.3715582915819849,210,395,5,5,0.9982790697674419,0.9642441860465116,23,42,2,1,0.9962121212121212,0.9047755222128249,
breast-w,MLP,IQR Capping,6,4.03125,0.09375,0.742919921875,0.07112884521484375,0.23028795432832194,213,391,9,2,0.9983023255813953,0.9612591756230447,22,43,1,2,0.9962121212121211,0.9029628032413496,
breast-w,MLP,IQR Capping,7,4.125,0.09375,0.7430229187011719,0.07112884521484375,0.22636409879756147,213,391,9,2,0.9981046511627908,0.9612591756230447,21,43,1,3,0.9924242424242423,0.8706032700941747,
breast-w,MLP,IQR Capping,8,4.125,0.09375,0.7429637908935547,0.07112884521484375,0.32371059913684364,214,392,8,1,0.998860465116279,0.9683590902691527,24,42,2,0,0.9791666666666666,0.9386793281621159,
breast-w,MLP,IQR Capping,9,4.125,0.078125,0.743011474609375,0.07112884521484375,0.4560681404540752,211,396,4,4,0.9988953488372092,0.9713953488372093,23,42,2,1,0.9867424242424242,0.9047755222128249,
breast-w,MLP,IQR Capping,10,4.125,0.09375,0.7430095672607422,0.07112884521484375,0.2659715119525573,214,392,8,1,0.998,0.9683590902691527,24,43,1,0,1.0,0.9685978619539785,
breast-w,MLP,IQR Removal,1,3.921875,0.0,0.743586540222168,0.0710134506225586,0.2532910368588325,211,395,4,4,0.9991373783295449,0.9713702861805676,23,43,2,1,0.9861111111111112,0.9055426968164315,
breast-w,MLP,IQR Removal,2,4.03125,0.0,0.7442359924316406,0.0710134506225586,0.26341753746222357,212,390,9,3,0.9978784169726642,0.9575479518011879,24,45,0,0,1.0,1.0,
breast-w,MLP,IQR Removal,3,4.03125,0.0,0.7443695068359375,0.0710134506225586,0.208205423964424,213,391,8,2,0.998577839948709,0.96466123797841,23,44,1,1,0.999074074074074,0.9361111111111111,
breast-w,MLP,IQR Removal,4,4.03125,0.078125,0.7455711364746094,0.0710153579711914,0.4769138515310649,214,391,8,2,0.9981899192425507,0.9647646718652667,23,44,1,0,0.9980676328502415,0.9680067339833113,
breast-w,MLP,IQR Removal,5,4.03125,0.0,0.7443199157714844,0.0710153579711914,0.17549209428303375,213,391,9,2,0.998313953488372,0.9612591756230447,23,41,3,1,0.9962121212121213,0.875355722690862,
breast-w,MLP,IQR Removal,6,4.03125,0.0,0.744145393371582,0.0710153579711914,0.4376700760575332,210,395,5,5,0.9985813953488372,0.9642441860465116,22,44,0,2,0.9971590909090909,0.9363821838346235,
breast-w,MLP,IQR Removal,7,4.125,0.0,0.7445688247680664,0.0710153579711914,0.4712176266621544,207,398,2,8,0.9983023255813953,0.9642367517087123,20,43,1,4,0.9943181818181819,0.8384616998807747,
breast-w,MLP,IQR Removal,8,4.125,0.0,0.7442359924316406,0.0710153579711914,0.2972405276035528,214,392,8,1,0.9988604651162791,0.9683590902691527,24,42,2,0,0.9772727272727272,0.9386793281621159,
breast-w,MLP,IQR Removal,9,3.90625,0.0,0.7443656921386719,0.0710153579711914,0.42772149207466686,211,396,4,4,0.9987790697674419,0.9713953488372093,23,42,2,1,0.9886363636363636,0.9047755222128249,
breast-w,MLP,IQR Removal,10,4.015625,0.0,0.7444114685058594,0.0710153579711914,0.2213611994034064,213,391,9,2,0.9982093023255815,0.9612591756230447,24,42,2,0,1.0,0.9386793281621159,
breast-w,MLP,Yeo-Johnson,1,4.484375,0.0,0.7336997985839844,0.07085990905761719,0.2659827625668216,212,384,15,3,0.9950340968700822,0.9372444222550962,23,43,2,1,0.9722222222222223,0.9055426968164315,
breast-w,MLP,Yeo-Johnson,2,4.40625,0.0,0.7337751388549805,0.07085990905761719,0.30089736301080927,212,384,15,3,0.9932505682811681,0.9372444222550962,24,44,1,0,0.9953703703703703,0.9688481133111972,
breast-w,MLP,Yeo-Johnson,3,4.390625,0.015625,0.7340431213378906,0.07085990905761719,0.20924777894403385,213,385,14,2,0.9944745584892464,0.9443172695599477,23,43,2,1,0.9935185185185186,0.9055426968164315,
breast-w,MLP,Yeo-Johnson,4,4.40625,0.0,0.7341766357421875,0.07086181640625,0.37727241021639535,213,384,15,3,0.9936995265942634,0.9374229769425244,22,44,1,1,0.9990338164251209,0.9342995169082126,
breast-w,MLP,Yeo-Johnson,5,4.421875,0.0,0.7340383529663086,0.07086181640625,0.2317323928342918,213,385,15,2,0.9933837209302325,0.9410426212073952,24,40,4,0,0.9962121212121212,0.8827348295047495,
breast-w,MLP,Yeo-Johnson,6,4.0,0.0,0.7341337203979492,0.07086181640625,0.24340862378501715,212,384,16,3,0.993720930232558,0.9339826491178247,24,42,2,0,0.9981060606060606,0.9386793281621159,
breast-w,MLP,Yeo-Johnson,7,4.34375,0.0,0.7339544296264648,0.07086181640625,0.2878303092499002,213,385,15,2,0.9941976744186046,0.9410426212073952,22,43,1,2,0.9943181818181819,0.9029628032413496,
breast-w,MLP,Yeo-Johnson,8,4.40625,0.09375,0.7341337203979492,0.07086181640625,0.44457582087703035,210,388,12,5,0.9954999999999999,0.9399594316847211,24,42,2,0,0.9715909090909091,0.9386793281621159,
breast-w,MLP,Yeo-Johnson,9,3.9375,0.0,0.7342214584350586,0.07086181640625,0.3913559843110631,210,388,12,5,0.9946511627906977,0.9399594316847211,24,42,2,0,0.9839015151515152,0.9386793281621159,
breast-w,MLP,Yeo-Johnson,10,4.28125,0.03125,0.7338705062866211,0.07086181640625,0.3455399149975633,210,388,12,5,0.9941395348837209,0.9399594316847211,24,42,2,0,0.9981060606060606,0.9386793281621159,
breast-w,MLP,Quantile Transform,1,3.953125,0.046875,0.7770090103149414,0.11310291290283203,0.3692093240257889,215,387,12,0,0.9989858366847351,0.9584629641696506,23,44,1,1,0.9898148148148149,0.9361111111111111,
breast-w,MLP,Quantile Transform,2,4.046875,0.0,0.7778205871582031,0.11310291290283203,0.5653011004633526,213,391,8,2,0.9986944104447165,0.96466123797841,24,45,0,0,1.0,1.0,
breast-w,MLP,Quantile Transform,3,3.890625,0.09375,0.7771978378295898,0.11310291290283203,0.5282536637427829,213,391,8,2,0.999032464883138,0.96466123797841,22,43,2,2,0.9944444444444445,0.8722222222222222,
breast-w,MLP,Quantile Transform,4,3.953125,0.078125,0.7776699066162109,0.1131734848022461,0.412491376730864,216,387,12,0,0.9987468671679197,0.958580271919208,23,44,1,0,0.9980676328502414,0.9680067339833113,
breast-w,MLP,Quantile Transform,5,4.109375,0.0,0.7776374816894531,0.1131734848022461,0.5696859828410312,213,391,9,2,0.9988023255813954,0.9612591756230447,24,42,2,0,0.9990530303030303,0.9386793281621159,
breast-w,MLP,Quantile Transform,6,4.03125,0.0,0.7772588729858398,0.1131734848022461,0.546912362148892,214,392,8,1,0.9991860465116279,0.9683590902691527,21,43,1,3,0.9952651515151515,0.8706032700941747,
breast-w,MLP,Quantile Transform,7,3.9375,0.0,0.777440071105957,0.1131734848022461,0.6054899724821593,210,395,5,5,0.9990465116279069,0.9642441860465116,20,43,1,4,0.9943181818181819,0.8384616998807747,
breast-w,MLP,Quantile Transform,8,3.75,0.0,0.778350830078125,0.1131734848022461,0.5252169552337593,213,391,9,2,0.9989418604651162,0.9612591756230447,24,42,2,0,0.9857954545454545,0.9386793281621159,
breast-w,MLP,Quantile Transform,9,4.0625,0.09375,0.7775850296020508,0.1131734848022461,0.48312863014376844,214,392,8,1,0.999267441860465,0.9683590902691527,21,42,2,3,0.9867424242424243,0.837918872499388,
breast-w,MLP,Quantile Transform,10,4.015625,0.0,0.7783441543579102,0.1131734848022461,0.5697720194670143,213,391,9,2,0.9989302325581395,0.9612591756230447,24,42,2,0,0.9971590909090908,0.9386793281621159,
breast-w,MLP,Uniform Binning,1,4.03125,0.0,0.7353076934814453,0.07160282135009766,0.32637800362222186,213,391,8,2,0.9990790930815411,0.96466123797841,23,44,1,1,0.9814814814814815,0.9361111111111111,
breast-w,MLP,Uniform Binning,2,3.65625,0.0,0.73516845703125,0.07160282135009766,0.46530216384898365,212,390,9,3,0.998531211750306,0.9575479518011879,24,45,0,0,1.0,1.0,
breast-w,MLP,Uniform Binning,3,3.59375,0.0,0.7352085113525391,0.07160282135009766,0.339547761450042,213,391,8,2,0.998810980940724,0.96466123797841,24,42,3,0,1.0,0.9108400680852976,
breast-w,MLP,Uniform Binning,4,3.84375,0.0,0.7351264953613281,0.07160472869873047,0.4147155313691652,213,390,9,3,0.9985380116959065,0.9576723403106379,22,44,1,1,0.9980676328502416,0.9342995169082126,
breast-w,MLP,Uniform Binning,5,3.921875,0.0,0.7355213165283203,0.07160472869873047,0.5306882043181904,210,395,5,5,0.9986046511627907,0.9642441860465116,23,43,1,1,0.9971590909090908,0.9356060606060606,
breast-w,MLP,Uniform Binning,6,3.84375,0.0,0.7353982925415039,0.07160472869873047,0.4594335479029738,213,391,9,2,0.9987093023255814,0.9612591756230447,22,43,1,2,0.9971590909090908,0.9029628032413496,
breast-w,MLP,Uniform Binning,7,3.75,0.09375,0.7354421615600586,0.07160472869873047,0.6670818902638508,207,398,2,8,0.9987558139534883,0.9642367517087123,21,44,0,3,0.9971590909090909,0.9050684704320512,
breast-w,MLP,Uniform Binning,8,3.9375,0.0,0.7353143692016602,0.07160472869873047,0.5860046167920384,211,396,4,4,0.999,0.9713953488372093,23,42,2,1,0.9772727272727272,0.9047755222128249,
breast-w,MLP,Uniform Binning,9,3.75,0.0,0.7352094650268555,0.07160472869873047,0.46329954114607,210,395,5,5,0.9989767441860465,0.9642441860465116,22,42,2,2,0.9876893939393939,0.8712121212121212,
breast-w,MLP,Uniform Binning,10,3.375,0.0,0.7353897094726562,0.07160472869873047,0.315328187402764,214,392,8,1,0.9985348837209302,0.9683590902691527,24,43,1,0,0.9990530303030303,0.9685978619539785,
breast-w,MLP,Quantile Binning,1,3.9375,0.0,0.7344951629638672,0.07151317596435547,0.42677671150041974,210,388,11,5,0.9967943113597949,0.943321379446744,23,44,1,1,0.9851851851851852,0.9361111111111111,
breast-w,MLP,Quantile Binning,2,3.84375,0.046875,0.7345304489135742,0.07150554656982422,0.4501360174688937,209,387,12,6,0.9959899749373434,0.9362080932695219,24,45,0,0,1.0,1.0,
breast-w,MLP,Quantile Binning,3,3.9375,0.0,0.7345561981201172,0.07151317596435547,0.3687708979647001,211,389,10,4,0.996671912338987,0.950434665623966,22,43,2,2,0.9907407407407408,0.8722222222222222,
breast-w,MLP,Quantile Binning,4,3.9375,0.015625,0.7348728179931641,0.07150745391845703,0.3070355370657671,213,384,15,3,0.9967975494291285,0.9374229769425244,23,43,2,0,0.9971014492753623,0.9376092528932888,
breast-w,MLP,Quantile Binning,5,3.9375,0.0,0.7345819473266602,0.07150745391845703,0.2897393132935622,210,387,13,5,0.9961453488372093,0.9365653366992098,24,42,2,0,0.9943181818181819,0.9386793281621159,
breast-w,MLP,Quantile Binning,6,4.03125,0.078125,0.7348108291625977,0.07151508331298828,0.2931529721516902,213,385,15,2,0.996093023255814,0.9410426212073952,22,43,1,2,0.9962121212121213,0.9029628032413496,
breast-w,MLP,Quantile Binning,7,3.546875,0.0625,0.7349205017089844,0.07150745391845703,0.45809767025256004,210,388,12,5,0.9969767441860465,0.9399594316847211,22,44,0,2,0.9981060606060606,0.9363821838346235,
breast-w,MLP,Quantile Binning,8,3.84375,0.0,0.7347555160522461,0.07150745391845703,0.3936202630700469,211,389,11,4,0.997453488372093,0.947059346330829,23,41,3,1,0.9696969696969697,0.875355722690862,
breast-w,MLP,Quantile Binning,9,3.953125,0.0,0.7346639633178711,0.07150745391845703,0.3350503127153811,211,389,11,4,0.9973081395348838,0.947059346330829,23,42,2,1,0.9753787878787878,0.9047755222128249,
breast-w,MLP,Quantile Binning,10,3.75,0.0,0.7349271774291992,0.07150745391845703,0.37228259792670565,212,390,10,3,0.9966918604651163,0.9541592609769369,24,42,2,0,0.9990530303030304,0.9386793281621159,
breast-w,MLP,PCA,1,3.9375,0.0,0.7152261734008789,0.06513690948486328,0.4567715065320707,213,391,8,2,0.9992772629247538,0.96466123797841,23,44,1,1,0.9824074074074074,0.9361111111111111,
breast-w,MLP,PCA,2,3.734375,0.078125,0.7152633666992188,0.06513690948486328,0.49929975601156834,213,391,8,2,0.9991024071807426,0.96466123797841,24,45,0,0,1.0,1.0,
breast-w,MLP,PCA,3,3.921875,0.0,0.7154073715209961,0.06513690948486328,0.4296681407850633,213,391,8,2,0.9991956635775485,0.96466123797841,24,42,3,0,0.9981481481481481,0.9108400680852976,
breast-w,MLP,PCA,4,3.84375,0.0,0.715519905090332,0.06513690948486328,0.6985990926134388,210,394,5,6,0.999152975030168,0.9607169914243583,23,44,1,0,0.9980676328502416,0.9680067339833113,
breast-w,MLP,PCA,5,3.84375,0.0,0.7153043746948242,0.06513690948486328,0.6139699546913627,210,395,5,5,0.999093023255814,0.9642441860465116,23,43,1,1,0.9971590909090909,0.9356060606060606,
breast-w,MLP,PCA,6,3.9375,0.0,0.7150764465332031,0.06513690948486328,0.44284622486978764,213,391,9,2,0.9990232558139536,0.9612591756230447,23,44,0,1,1.0,0.9680067339833113,
breast-w,MLP,PCA,7,4.015625,0.0,0.7154445648193359,0.06513690948486328,0.698845558719584,208,399,1,7,0.9994651162790699,0.9714360427406518,21,43,1,3,0.9914772727272727,0.8706032700941747,
breast-w,MLP,PCA,8,3.9375,0.046875,0.7149877548217773,0.06513690948486328,0.5714820435716701,211,396,4,4,0.999406976744186,0.9713953488372093,24,42,2,0,0.9782196969696969,0.9386793281621159,
breast-w,MLP,PCA,9,3.84375,0.0,0.7155246734619141,0.06513690948486328,0.648617218726486,212,397,3,3,0.9994186046511628,0.978546511627907,20,42,2,4,0.9886363636363636,0.804824356353726,
breast-w,MLP,PCA,10,3.828125,0.015625,0.7153921127319336,0.06513690948486328,0.6381864044190345,211,396,4,4,0.999139534883721,0.9713953488372093,24,42,2,0,0.9990530303030303,0.9386793281621159,
breast-w,MLP,Select Percentile (Mutual Info),1,4.21875,0.09375,0.8998737335205078,0.043768882751464844,0.4938390448177579,213,391,8,2,0.9984029842046978,0.96466123797841,23,44,1,1,0.9898148148148148,0.9361111111111111,
breast-w,MLP,Select Percentile (Mutual Info),2,4.390625,0.0,0.8992815017700195,0.043768882751464844,0.46986260278894215,212,390,9,3,0.9970274523518098,0.9575479518011879,24,45,0,0,1.0,1.0,
breast-w,MLP,Select Percentile (Mutual Info),3,4.40625,0.0,0.9009037017822266,0.043768882751464844,0.4522612854344318,212,390,9,3,0.9974704202366381,0.9575479518011879,24,42,3,0,0.9962962962962963,0.9108400680852976,
breast-w,MLP,Select Percentile (Mutual Info),4,4.5625,0.0,0.9022417068481445,0.043770790100097656,0.25322049227499477,215,386,13,1,0.9974589250905039,0.9515278402603136,23,44,1,0,0.9961352657004832,0.9680067339833113,
breast-w,MLP,Select Percentile (Mutual Info),5,3.65625,0.0,0.9000883102416992,0.043770790100097656,0.38116878947033134,213,391,9,2,0.9972558139534883,0.9612591756230447,23,43,1,1,0.993371212121212,0.9356060606060606,
breast-w,MLP,Select Percentile (Mutual Info),6,4.3125,0.0,0.9020662307739258,0.043770790100097656,0.4257083960069365,213,391,9,2,0.9975930232558139,0.9612591756230447,23,43,1,1,0.9981060606060607,0.9356060606060606,
breast-w,MLP,Select Percentile (Mutual Info),7,4.40625,0.0,0.9024429321289062,0.043770790100097656,0.27563182105973183,215,387,13,0,0.9973488372093023,0.9551625653865364,24,42,2,0,0.9971590909090909,0.9386793281621159,
breast-w,MLP,Select Percentile (Mutual Info),8,4.3125,0.0,0.8997898101806641,0.043770790100097656,0.3177290700516321,213,391,9,2,0.9980581395348838,0.9612591756230447,24,42,2,0,0.9867424242424242,0.9386793281621159,
breast-w,MLP,Select Percentile (Mutual Info),9,4.375,0.0,0.9004135131835938,0.043770790100097656,0.3721996413968606,212,390,10,3,0.9978255813953488,0.9541592609769369,23,42,2,1,0.9829545454545455,0.9047755222128249,
breast-w,MLP,Select Percentile (Mutual Info),10,4.40625,0.0,0.9001865386962891,0.043770790100097656,0.29166424394756973,214,392,8,1,0.9975930232558139,0.9683590902691527,24,42,2,0,1.0,0.9386793281621159,
breast-w,MLP,Random Undersampling,1,3.078125,0.0,0.7166099548339844,0.07384395599365234,0.42583189232770313,215,387,12,0,0.9982514425598881,0.9584629641696506,23,42,3,1,0.9879629629629629,0.8763821182415374,
breast-w,MLP,Random Undersampling,2,2.984375,0.0,0.7170038223266602,0.07384395599365234,0.30157712055942804,213,385,14,2,0.9951972955644925,0.9443172695599477,24,45,0,0,1.0,1.0,
breast-w,MLP,Random Undersampling,3,2.5625,0.0,0.7170133590698242,0.07384395599365234,0.6212386804284276,212,390,9,3,0.9959783178877426,0.9575479518011879,22,44,1,2,0.9953703703703703,0.903696114115064,
breast-w,MLP,Random Undersampling,4,2.625,0.0,0.7171516418457031,0.07385921478271484,0.3960370516389206,215,386,13,1,0.9951731179801355,0.9515278402603136,22,44,1,1,0.9971014492753623,0.9342995169082126,
breast-w,MLP,Random Undersampling,5,2.703125,0.0,0.7170095443725586,0.07384395599365234,0.5051275039253049,213,391,9,2,0.9957093023255814,0.9612591756230447,23,42,2,1,0.9943181818181819,0.9047755222128249,
breast-w,MLP,Random Undersampling,6,3.09375,0.046875,0.7163553237915039,0.07384395599365234,0.5525761887130978,213,391,9,2,0.9975232558139534,0.9612591756230447,22,44,0,2,0.997159090909091,0.9363821838346235,
breast-w,MLP,Random Undersampling,7,3.0,0.0,0.7165670394897461,0.07384395599365234,0.5350665906153896,213,391,9,2,0.9953720930232559,0.9612591756230447,22,42,2,2,0.9943181818181819,0.8712121212121212,
breast-w,MLP,Random Undersampling,8,3.09375,0.0,0.7170572280883789,0.07384395599365234,0.3767261250089822,215,387,13,0,0.9977558139534883,0.9551625653865364,24,42,2,0,0.978219696969697,0.9386793281621159,
breast-w,MLP,Random Undersampling,9,3.0,0.0,0.7166996002197266,0.07384395599365234,0.26670010560146756,215,387,13,0,0.9979186046511628,0.9551625653865364,24,41,3,0,0.9905303030303031,0.9101004495564368,
breast-w,MLP,Random Undersampling,10,2.90625,0.0,0.7170085906982422,0.07384395599365234,0.5442940859474605,212,390,10,3,0.9974999999999998,0.9541592609769369,24,43,1,0,1.0,0.9685978619539785,
breast-w,MLP,SMOTE / SMOTENC,1,4.296875,0.0,1.1604366302490234,0.0944671630859375,0.6746201489034829,213,397,2,2,0.9997435449087836,0.9856851430902839,23,44,1,1,0.9888888888888889,0.9361111111111111,
breast-w,MLP,SMOTE / SMOTENC,2,4.46875,0.0,1.1604833602905273,0.0944671630859375,0.7740514796670905,208,398,1,7,0.9993472052223583,0.9714117453016621,24,45,0,0,1.0,1.0,
breast-w,MLP,SMOTE / SMOTENC,3,4.5,0.0,1.160344123840332,0.0944671630859375,0.720519060373911,212,396,3,3,0.9995686891647725,0.9785277146354258,22,45,0,2,1.0,0.9368348704377336,
breast-w,MLP,SMOTE / SMOTENC,4,4.5,0.0,1.1691770553588867,0.094573974609375,0.4735124307241308,216,393,6,0,0.9993038150932888,0.9789493349745244,22,44,1,1,0.9980676328502416,0.9342995169082126,
breast-w,MLP,SMOTE / SMOTENC,5,4.3125,0.0,1.1607494354248047,0.09446907043457031,0.5340896987098942,212,397,3,3,0.9995232558139535,0.978546511627907,22,43,1,2,0.9952651515151515,0.9029628032413496,
breast-w,MLP,SMOTE / SMOTENC,6,4.421875,0.0,1.1607933044433594,0.09446907043457031,0.6158196536671795,211,396,4,4,0.9994069767441861,0.9713953488372093,22,43,1,2,0.9971590909090909,0.9029628032413496,
breast-w,MLP,SMOTE / SMOTENC,7,4.6875,0.0,1.160837173461914,0.09446907043457031,0.7544554917096592,208,399,1,7,0.9994069767441861,0.9714360427406518,21,43,1,3,0.9971590909090909,0.8706032700941747,
breast-w,MLP,SMOTE / SMOTENC,8,4.125,0.0,1.1607494354248047,0.09446907043457031,0.6774765814584404,211,396,4,4,0.9995930232558139,0.9713953488372093,22,42,2,2,0.9772727272727273,0.8712121212121212,
breast-w,MLP,SMOTE / SMOTENC,9,4.109375,0.0,1.160604476928711,0.09446907043457031,0.657417538481676,212,397,3,3,0.9995697674418605,0.978546511627907,22,42,2,2,0.9895833333333333,0.8712121212121212,
breast-w,MLP,SMOTE / SMOTENC,10,4.40625,0.0,1.160740852355957,0.09446907043457031,0.444300809312197,214,392,8,1,0.999139534883721,0.9683590902691527,24,42,2,0,1.0,0.9386793281621159,
breast-w,XGBoost,Baseline,1,0.1875,0.046875,0.1900930404663086,0.09960269927978516,0.5068593859672477,215,399,0,0,1.0,1.0,23,44,1,1,0.9796296296296296,0.9361111111111111,
breast-w,XGBoost,Baseline,2,0.03125,0.0,0.19043636322021484,0.10297966003417969,0.41052016466855556,215,399,0,0,1.0,1.0,24,45,0,0,1.0,1.0,
breast-w,XGBoost,Baseline,3,0.03125,0.0,0.19043636322021484,0.10175228118896484,0.40736760646104375,215,399,0,0,1.0,1.0,24,42,3,0,0.9935185185185185,0.9108400680852976,
breast-w,XGBoost,Baseline,4,0.015625,0.015625,0.19064807891845703,0.1017446517944336,0.634128540754324,215,399,0,1,1.0,0.9964346162415497,22,44,1,1,0.9990338164251208,0.9342995169082126,
breast-w,XGBoost,Baseline,5,0.015625,0.015625,0.19069576263427734,0.10090065002441406,0.3436741769313886,215,400,0,0,1.0,1.0,23,43,1,1,0.990530303030303,0.9356060606060606,
breast-w,XGBoost,Baseline,6,0.03125,0.0,0.19064807891845703,0.10135650634765625,0.2887107610702606,215,400,0,0,1.0,1.0,23,44,0,1,0.9971590909090909,0.9680067339833113,
breast-w,XGBoost,Baseline,7,0.03125,0.0,0.19064712524414062,0.1009664535522461,0.30342897176743405,215,400,0,0,1.0,1.0,22,43,1,2,0.9924242424242424,0.9029628032413496,
breast-w,XGBoost,Baseline,8,0.03125,0.0,0.19064807891845703,0.09758949279785156,0.3762093305587834,215,400,0,0,1.0,1.0,24,42,2,0,0.9753787878787878,0.9386793281621159,
breast-w,XGBoost,Baseline,9,0.03125,0.0,0.1905527114868164,0.0994720458984375,0.2565030664205649,215,400,0,0,1.0,1.0,23,41,3,1,0.9820075757575757,0.875355722690862,
breast-w,XGBoost,Baseline,10,0.03125,0.0,0.1905994415283203,0.10057830810546875,0.25713704526425335,215,400,0,0,1.0,1.0,24,42,2,0,0.9952651515151515,0.9386793281621159,
breast-w,XGBoost,Standard Scaler,1,0.015625,0.015625,0.191314697265625,0.09988689422607422,0.5068593859672477,215,399,0,0,1.0,1.0,23,44,1,1,0.9796296296296296,0.9361111111111111,
breast-w,XGBoost,Standard Scaler,2,0.03125,0.0,0.1911783218383789,0.10326385498046875,0.41052016466855556,215,399,0,0,1.0,1.0,24,45,0,0,1.0,1.0,
breast-w,XGBoost,Standard Scaler,3,0.015625,0.0,0.1910867691040039,0.1020364761352539,0.40736760646104375,215,399,0,0,1.0,1.0,24,42,3,0,0.9935185185185185,0.9108400680852976,
breast-w,XGBoost,Standard Scaler,4,0.03125,0.0,0.1914377212524414,0.10202884674072266,0.634128540754324,215,399,0,1,1.0,0.9964346162415497,22,44,1,1,0.9990338164251208,0.9342995169082126,
breast-w,XGBoost,Standard Scaler,5,0.03125,0.0,0.19134998321533203,0.10118484497070312,0.3436741769313886,215,400,0,0,1.0,1.0,23,43,1,1,0.990530303030303,0.9356060606060606,
breast-w,XGBoost,Standard Scaler,6,0.03125,0.0,0.19129371643066406,0.10164070129394531,0.2887107610702606,215,400,0,0,1.0,1.0,23,44,0,1,0.9971590909090909,0.9680067339833113,
breast-w,XGBoost,Standard Scaler,7,0.03125,0.0,0.1914377212524414,0.10125064849853516,0.30342897176743405,215,400,0,0,1.0,1.0,22,43,1,2,0.9924242424242424,0.9029628032413496,
breast-w,XGBoost,Standard Scaler,8,0.03125,0.0,0.19121837615966797,0.09787368774414062,0.3762093305587834,215,400,0,0,1.0,1.0,24,42,2,0,0.9753787878787878,0.9386793281621159,
breast-w,XGBoost,Standard Scaler,9,0.03125,0.015625,0.19130611419677734,0.09975624084472656,0.2565030664205649,215,400,0,0,1.0,1.0,23,41,3,1,0.9820075757575757,0.875355722690862,
breast-w,XGBoost,Standard Scaler,10,0.03125,0.0,0.19139385223388672,0.10086250305175781,0.25713704526425335,215,400,0,0,1.0,1.0,24,42,2,0,0.9952651515151515,0.9386793281621159,
breast-w,XGBoost,MinMax Scaler,1,0.03125,0.0,0.19166278839111328,0.10004425048828125,0.5068593859672477,215,399,0,0,1.0,1.0,23,44,1,1,0.9796296296296296,0.9361111111111111,
breast-w,XGBoost,MinMax Scaler,2,0.03125,0.0,0.19155597686767578,0.10342121124267578,0.41052016466855556,215,399,0,0,1.0,1.0,24,45,0,0,1.0,1.0,
breast-w,XGBoost,MinMax Scaler,3,0.03125,0.0,0.19150352478027344,0.10219383239746094,0.40736760646104375,215,399,0,0,1.0,1.0,24,42,3,0,0.9935185185185185,0.9108400680852976,
breast-w,XGBoost,MinMax Scaler,4,0.03125,0.0,0.19169139862060547,0.10218620300292969,0.634128540754324,215,399,0,1,1.0,0.9964346162415497,22,44,1,1,0.9990338164251208,0.9342995169082126,
breast-w,XGBoost,MinMax Scaler,5,0.03125,0.0,0.19177532196044922,0.10134220123291016,0.3436741769313886,215,400,0,0,1.0,1.0,23,43,1,1,0.990530303030303,0.9356060606060606,
breast-w,XGBoost,MinMax Scaler,6,0.03125,0.0,0.1918191909790039,0.10179805755615234,0.2887107610702606,215,400,0,0,1.0,1.0,23,44,0,1,0.9971590909090909,0.9680067339833113,
breast-w,XGBoost,MinMax Scaler,7,0.03125,0.0,0.19173145294189453,0.10140800476074219,0.30342897176743405,215,400,0,0,1.0,1.0,22,43,1,2,0.9924242424242424,0.9029628032413496,
breast-w,XGBoost,MinMax Scaler,8,0.03125,0.0,0.19186687469482422,0.09803104400634766,0.3762093305587834,215,400,0,0,1.0,1.0,24,42,2,0,0.9753787878787878,0.9386793281621159,
breast-w,XGBoost,MinMax Scaler,9,0.03125,0.015625,0.1919546127319336,0.0999135971069336,0.2565030664205649,215,400,0,0,1.0,1.0,23,41,3,1,0.9820075757575757,0.875355722690862,
breast-w,XGBoost,MinMax Scaler,10,0.03125,0.0,0.19182300567626953,0.10101985931396484,0.25713704526425335,215,400,0,0,1.0,1.0,24,42,2,0,0.9952651515151515,0.9386793281621159,
breast-w,XGBoost,IQR Capping,1,0.046875,0.015625,0.2553539276123047,0.09989356994628906,0.5068593859672477,215,399,0,0,1.0,1.0,23,44,1,1,0.9796296296296296,0.9361111111111111,
breast-w,XGBoost,IQR Capping,2,0.046875,0.015625,0.25499820709228516,0.1032705307006836,0.41052016466855556,215,399,0,0,1.0,1.0,24,45,0,0,1.0,1.0,
breast-w,XGBoost,IQR Capping,3,0.0625,0.0,0.25475597381591797,0.10204315185546875,0.40736760646104375,215,399,0,0,1.0,1.0,24,42,3,0,0.9935185185185185,0.9108400680852976,
breast-w,XGBoost,IQR Capping,4,0.0625,0.015625,0.2552671432495117,0.1020355224609375,0.634128540754324,215,399,0,1,1.0,0.9964346162415497,22,44,1,1,0.9990338164251208,0.9342995169082126,
breast-w,XGBoost,IQR Capping,5,0.0625,0.015625,0.2552671432495117,0.10119152069091797,0.3436741769313886,215,400,0,0,1.0,1.0,23,43,1,1,0.990530303030303,0.9356060606060606,
breast-w,XGBoost,IQR Capping,6,0.0625,0.0,0.2552671432495117,0.10164737701416016,0.2887107610702606,215,400,0,0,1.0,1.0,23,44,0,1,0.9971590909090909,0.9680067339833113,
breast-w,XGBoost,IQR Capping,7,0.0625,0.015625,0.25504112243652344,0.10197257995605469,0.3151555955410091,215,400,0,0,1.0,1.0,22,43,1,2,0.9924242424242424,0.9029628032413496,
breast-w,XGBoost,IQR Capping,8,0.0625,0.0,0.25531482696533203,0.09788036346435547,0.3762093305587834,215,400,0,0,1.0,1.0,24,42,2,0,0.9753787878787878,0.9386793281621159,
breast-w,XGBoost,IQR Capping,9,0.0625,0.0,0.2551765441894531,0.0997629165649414,0.2565030664205649,215,400,0,0,1.0,1.0,23,41,3,1,0.9820075757575757,0.875355722690862,
breast-w,XGBoost,IQR Capping,10,0.046875,0.0,0.25536251068115234,0.10086917877197266,0.25713704526425335,215,400,0,0,1.0,1.0,24,42,2,0,0.9952651515151515,0.9386793281621159,
breast-w,XGBoost,IQR Removal,1,0.046875,0.0,0.20501708984375,0.09978008270263672,0.5068593859672477,215,399,0,0,1.0,1.0,23,44,1,1,0.9796296296296296,0.9361111111111111,
breast-w,XGBoost,IQR Removal,2,0.046875,0.0,0.2059764862060547,0.10315704345703125,0.41052016466855556,215,399,0,0,1.0,1.0,24,45,0,0,1.0,1.0,
breast-w,XGBoost,IQR Removal,3,0.046875,0.0,0.20564937591552734,0.1019296646118164,0.40736760646104375,215,399,0,0,1.0,1.0,24,42,3,0,0.9935185185185185,0.9108400680852976,
breast-w,XGBoost,IQR Removal,4,0.046875,0.0,0.20722103118896484,0.10192203521728516,0.634128540754324,215,399,0,1,1.0,0.9964346162415497,22,44,1,1,0.9990338164251208,0.9342995169082126,
breast-w,XGBoost,IQR Removal,5,0.0625,0.0,0.20610427856445312,0.10107803344726562,0.3436741769313886,215,400,0,0,1.0,1.0,23,43,1,1,0.990530303030303,0.9356060606060606,
breast-w,XGBoost,IQR Removal,6,0.046875,0.0,0.20618820190429688,0.10153388977050781,0.2887107610702606,215,400,0,0,1.0,1.0,23,44,0,1,0.9971590909090909,0.9680067339833113,
breast-w,XGBoost,IQR Removal,7,0.046875,0.0,0.20595073699951172,0.10114383697509766,0.30342897176743405,215,400,0,0,1.0,1.0,22,43,1,2,0.9924242424242424,0.9029628032413496,
breast-w,XGBoost,IQR Removal,8,0.046875,0.0,0.20585346221923828,0.09776687622070312,0.3762093305587834,215,400,0,0,1.0,1.0,24,42,2,0,0.9753787878787878,0.9386793281621159,
breast-w,XGBoost,IQR Removal,9,0.046875,0.0,0.20609283447265625,0.09964942932128906,0.2565030664205649,215,400,0,0,1.0,1.0,23,41,3,1,0.9820075757575757,0.875355722690862,
breast-w,XGBoost,IQR Removal,10,0.046875,0.0,0.20618724822998047,0.10075569152832031,0.25713704526425335,215,400,0,0,1.0,1.0,24,42,2,0,0.9952651515151515,0.9386793281621159,
breast-w,XGBoost,Yeo-Johnson,1,0.09375,0.0,0.1932992935180664,0.09963226318359375,0.5068593859672477,215,399,0,0,1.0,1.0,23,44,1,1,0.9796296296296296,0.9361111111111111,
breast-w,XGBoost,Yeo-Johnson,2,0.078125,0.0,0.19307613372802734,0.10300922393798828,0.41052016466855556,215,399,0,0,1.0,1.0,24,45,0,0,1.0,1.0,
breast-w,XGBoost,Yeo-Johnson,3,0.0625,0.0,0.19307994842529297,0.10178184509277344,0.40736760646104375,215,399,0,0,1.0,1.0,24,42,3,0,0.9935185185185185,0.9108400680852976,
breast-w,XGBoost,Yeo-Johnson,4,0.09375,0.0,0.1933279037475586,0.10177421569824219,0.634128540754324,215,399,0,1,1.0,0.9964346162415497,22,44,1,1,0.9990338164251208,0.9342995169082126,
breast-w,XGBoost,Yeo-Johnson,5,0.078125,0.015625,0.19342327117919922,0.10093021392822266,0.3436741769313886,215,400,0,0,1.0,1.0,23,43,1,1,0.990530303030303,0.9356060606060606,
breast-w,XGBoost,Yeo-Johnson,6,0.078125,0.0,0.1933279037475586,0.10138607025146484,0.2887107610702606,215,400,0,0,1.0,1.0,23,44,0,1,0.9971590909090909,0.9680067339833113,
breast-w,XGBoost,Yeo-Johnson,7,0.09375,0.0,0.19342327117919922,0.10099601745605469,0.30342897176743405,215,400,0,0,1.0,1.0,22,43,1,2,0.9924242424242424,0.9029628032413496,
breast-w,XGBoost,Yeo-Johnson,8,0.078125,0.0,0.19342327117919922,0.09761905670166016,0.3762093305587834,215,400,0,0,1.0,1.0,24,42,2,0,0.9753787878787878,0.9386793281621159,
breast-w,XGBoost,Yeo-Johnson,9,0.078125,0.0,0.19342327117919922,0.0995016098022461,0.2565030664205649,215,400,0,0,1.0,1.0,23,41,3,1,0.9820075757575757,0.875355722690862,
breast-w,XGBoost,Yeo-Johnson,10,0.09375,0.0,0.1933755874633789,0.10060787200927734,0.25713704526425335,215,400,0,0,1.0,1.0,24,42,2,0,0.9952651515151515,0.9386793281621159,
breast-w,XGBoost,Quantile Transform,1,0.03125,0.0,0.23615169525146484,0.1418600082397461,0.5068593859672477,215,399,0,0,1.0,1.0,23,44,1,1,0.9796296296296296,0.9361111111111111,
breast-w,XGBoost,Quantile Transform,2,0.046875,0.0,0.23598384857177734,0.14523696899414062,0.41052016466855556,215,399,0,0,1.0,1.0,24,45,0,0,1.0,1.0,
breast-w,XGBoost,Quantile Transform,3,0.046875,0.0,0.23592376708984375,0.14400959014892578,0.40736760646104375,215,399,0,0,1.0,1.0,24,42,3,0,0.9935185185185185,0.9108400680852976,
breast-w,XGBoost,Quantile Transform,4,0.046875,0.0,0.23580074310302734,0.14407062530517578,0.634128540754324,215,399,0,1,1.0,0.9964346162415497,22,44,1,1,0.9990338164251208,0.9342995169082126,
breast-w,XGBoost,Quantile Transform,5,0.046875,0.0,0.23622512817382812,0.14322662353515625,0.3436741769313886,215,400,0,0,1.0,1.0,23,43,1,1,0.990530303030303,0.9356060606060606,
breast-w,XGBoost,Quantile Transform,6,0.046875,0.015625,0.23670482635498047,0.14368247985839844,0.2887107610702606,215,400,0,0,1.0,1.0,23,44,0,1,0.9971590909090909,0.9680067339833113,
breast-w,XGBoost,Quantile Transform,7,0.03125,0.0,0.2366619110107422,0.14329242706298828,0.30342897176743405,215,400,0,0,1.0,1.0,22,43,1,2,0.9924242424242424,0.9029628032413496,
breast-w,XGBoost,Quantile Transform,8,0.046875,0.0,0.23589611053466797,0.13991546630859375,0.3762093305587834,215,400,0,0,1.0,1.0,24,42,2,0,0.9753787878787878,0.9386793281621159,
breast-w,XGBoost,Quantile Transform,9,0.03125,0.0,0.23707866668701172,0.1417980194091797,0.2565030664205649,215,400,0,0,1.0,1.0,23,41,3,1,0.9820075757575757,0.875355722690862,
breast-w,XGBoost,Quantile Transform,10,0.046875,0.015625,0.23751449584960938,0.14290428161621094,0.25713704526425335,215,400,0,0,1.0,1.0,24,42,2,0,0.9952651515151515,0.9386793281621159,
breast-w,XGBoost,Uniform Binning,1,0.03125,0.0,0.19329166412353516,0.1029653549194336,0.48383708298206085,215,399,0,0,1.0,1.0,22,44,1,2,0.9814814814814815,0.903696114115064,
breast-w,XGBoost,Uniform Binning,2,0.03125,0.0,0.1932516098022461,0.1067342758178711,0.41323238760232656,215,399,0,0,0.9999999999999999,1.0,24,45,0,0,1.0,1.0,
breast-w,XGBoost,Uniform Binning,3,0.015625,0.0,0.19328784942626953,0.10426902770996094,0.38834781646728284,215,399,0,0,1.0,1.0,24,43,2,0,0.9935185185185185,0.9391758525703704,
breast-w,XGBoost,Uniform Binning,4,0.03125,0.015625,0.19359874725341797,0.10550117492675781,0.5514705359935786,215,399,0,1,1.0,0.9964346162415497,22,44,1,1,0.9990338164251208,0.9342995169082126,
breast-w,XGBoost,Uniform Binning,5,0.03125,0.0,0.1934671401977539,0.1052398681640625,0.37045618295670196,215,400,0,0,1.0,1.0,24,43,1,0,0.9952651515151515,0.9685978619539785,
breast-w,XGBoost,Uniform Binning,6,0.03125,0.0,0.19364261627197266,0.10511016845703125,0.33869175612927155,215,400,0,0,1.0,1.0,22,43,1,2,0.9952651515151515,0.9029628032413496,
breast-w,XGBoost,Uniform Binning,7,0.03125,0.0,0.19354724884033203,0.1046609878540039,0.3481906086206466,215,400,0,0,1.0,1.0,22,43,1,2,0.9924242424242424,0.9029628032413496,
breast-w,XGBoost,Uniform Binning,8,0.03125,0.0,0.19350719451904297,0.10419940948486328,0.38421343266964225,215,400,0,0,1.0,1.0,24,42,2,0,0.9933712121212122,0.9386793281621159,
breast-w,XGBoost,Uniform Binning,9,0.03125,0.0,0.19345569610595703,0.10426712036132812,0.38227542042732726,215,400,0,0,1.0,1.0,23,42,2,1,0.9905303030303031,0.9047755222128249,
breast-w,XGBoost,Uniform Binning,10,0.03125,0.0,0.19359397888183594,0.10530567169189453,0.3289994180202541,215,400,0,0,1.0,1.0,24,43,1,0,0.9886363636363636,0.9685978619539785,
breast-w,XGBoost,Quantile Binning,1,0.03125,0.015625,0.1933908462524414,0.11154747009277344,0.6008485615253437,213,397,2,2,0.9997435449087836,0.9856851430902839,23,44,1,1,0.9796296296296296,0.9361111111111111,
breast-w,XGBoost,Quantile Binning,2,0.03125,0.0,0.19352436065673828,0.1197957992553711,0.5858046144247053,213,397,2,2,0.9996619455615784,0.9856851430902839,24,45,0,0,1.0,1.0,
breast-w,XGBoost,Quantile Binning,3,0.03125,0.0,0.19344615936279297,0.11473369598388672,0.4964255973696708,213,397,2,2,0.999702745235181,0.9856851430902839,22,42,3,2,0.9814814814814815,0.8422372803216658,
breast-w,XGBoost,Quantile Binning,4,0.03125,0.0,0.1938161849975586,0.1156320571899414,0.5537856936454774,213,397,2,3,0.999663510628423,0.9821475663146731,23,44,1,0,0.9942028985507246,0.9680067339833113,
breast-w,XGBoost,Quantile Binning,5,0.03125,0.0,0.19382381439208984,0.11804008483886719,0.45680375099182235,213,398,2,2,0.9997732558139535,0.9856976744186047,22,42,2,2,0.9895833333333334,0.8712121212121212,
breast-w,XGBoost,Quantile Binning,6,0.03125,0.0,0.19378185272216797,0.11441612243652344,0.5290422379970556,213,398,2,2,0.999720930232558,0.9856976744186047,22,42,2,2,0.9933712121212122,0.8712121212121212,
breast-w,XGBoost,Quantile Binning,7,0.03125,0.0,0.19377994537353516,0.11524677276611328,0.5305066704750061,213,397,3,2,0.999686046511628,0.9821475663146731,20,44,0,4,0.9952651515151516,0.8740073734751262,
breast-w,XGBoost,Quantile Binning,8,0.03125,0.0,0.19386577606201172,0.1140127182006836,0.5506498098373415,212,397,3,3,0.9995697674418605,0.978546511627907,22,41,3,2,0.9857954545454545,0.8409531824716712,
breast-w,XGBoost,Quantile Binning,9,0.03125,0.0,0.1940011978149414,0.11401844024658203,0.5622557878494266,213,398,2,2,0.9997616279069768,0.9856976744186047,19,42,2,5,0.9867424242424242,0.7718549293294982,
breast-w,XGBoost,Quantile Binning,10,0.03125,0.015625,0.1938610076904297,0.11589622497558594,0.5506009459495546,213,398,2,2,0.9997732558139535,0.9856976744186047,23,42,2,1,0.9848484848484849,0.9047755222128249,
breast-w,XGBoost,PCA,1,0.203125,0.0,0.1817340850830078,0.09457206726074219,0.5138056397437978,215,399,0,0,1.0,1.0,23,43,2,1,0.9740740740740741,0.9055426968164315,
breast-w,XGBoost,PCA,2,0.28125,0.0,0.18182373046875,0.09860038757324219,0.5111044406890797,215,399,0,0,1.0,1.0,24,45,0,0,1.0,1.0,
breast-w,XGBoost,PCA,3,0.28125,0.09375,0.18169403076171875,0.095611572265625,0.5053136646747515,215,399,0,0,1.0,1.0,24,42,3,0,0.9925925925925926,0.9108400680852976,
breast-w,XGBoost,PCA,4,0.28125,0.0,0.18182945251464844,0.09775447845458984,0.8518665373325353,215,399,0,1,1.0,0.9964346162415497,21,44,1,2,0.9971014492753623,0.9008873524508829,
breast-w,XGBoost,PCA,5,0.28125,0.0,0.18190956115722656,0.09619522094726562,0.31553338766099404,215,400,0,0,1.0,1.0,23,43,1,1,0.9981060606060607,0.9356060606060606,
breast-w,XGBoost,PCA,6,0.28125,0.0,0.1816120147705078,0.09788227081298828,0.27830783724786234,215,400,0,0,1.0,1.0,24,42,2,0,1.0,0.9386793281621159,
breast-w,XGBoost,PCA,7,0.28125,0.03125,0.18191909790039062,0.0961294174194336,0.2832253277301938,215,400,0,0,1.0,1.0,22,44,0,2,0.9962121212121211,0.9363821838346235,
breast-w,XGBoost,PCA,8,0.28125,0.0,0.18199825286865234,0.09574127197265625,0.31690254807473567,215,400,0,0,1.0,1.0,24,42,2,0,0.9725378787878788,0.9386793281621159,
breast-w,XGBoost,PCA,9,0.28125,0.0,0.18209457397460938,0.09450721740722656,0.3009127825498716,215,400,0,0,1.0,1.0,21,42,2,3,0.9725378787878788,0.837918872499388,
breast-w,XGBoost,PCA,10,0.28125,0.09375,0.1820049285888672,0.09671592712402344,0.32816591858865146,215,400,0,0,1.0,1.0,24,43,1,0,0.9924242424242424,0.9685978619539785,
breast-w,XGBoost,Select Percentile (Mutual Info),1,0.84375,0.015625,0.5527057647705078,0.10004043579101562,0.49257222712039295,215,399,0,0,1.0,1.0,23,44,1,1,0.9851851851851852,0.9361111111111111,
breast-w,XGBoost,Select Percentile (Mutual Info),2,0.109375,0.0,0.5523567199707031,0.10283374786376953,0.41143879592418214,215,399,0,0,0.9999999999999999,1.0,24,45,0,0,1.0,1.0,
breast-w,XGBoost,Select Percentile (Mutual Info),3,0.109375,0.015625,0.5515851974487305,0.10160160064697266,0.41642740368842623,215,399,0,0,1.0,1.0,24,42,3,0,0.9944444444444445,0.9108400680852976,
breast-w,XGBoost,Select Percentile (Mutual Info),4,0.109375,0.0,0.5487279891967773,0.10231304168701172,0.6716297864913977,215,399,0,1,1.0,0.9964346162415497,22,45,0,1,0.9990338164251208,0.9673302374472603,
breast-w,XGBoost,Select Percentile (Mutual Info),5,0.09375,0.0,0.5496807098388672,0.10081863403320312,0.36014682650566804,215,400,0,0,1.0,1.0,23,43,1,1,0.9905303030303031,0.9356060606060606,
breast-w,XGBoost,Select Percentile (Mutual Info),6,0.125,0.0,0.5520248413085938,0.1020517349243164,0.267384469509134,215,400,0,0,1.0,1.0,23,43,1,1,0.9981060606060607,0.9356060606060606,
breast-w,XGBoost,Select Percentile (Mutual Info),7,0.109375,0.0,0.5495786666870117,0.10140228271484375,0.30019899904728703,215,400,0,0,1.0,1.0,22,43,1,2,0.9933712121212122,0.9029628032413496,
breast-w,XGBoost,Select Percentile (Mutual Info),8,0.109375,0.0,0.5547008514404297,0.09815597534179688,0.3478647768497542,215,400,0,0,1.0,1.0,24,42,2,0,0.9829545454545455,0.9386793281621159,
breast-w,XGBoost,Select Percentile (Mutual Info),9,0.109375,0.0,0.551295280456543,0.09952163696289062,0.3116700172424416,215,400,0,0,1.0,1.0,23,42,2,1,0.9810606060606061,0.9047755222128249,
breast-w,XGBoost,Select Percentile (Mutual Info),10,0.125,0.0,0.5500049591064453,0.10140800476074219,0.30906665623188845,215,400,0,0,1.0,1.0,24,42,2,0,0.9971590909090909,0.9386793281621159,
breast-w,XGBoost,Random Undersampling,1,0.03125,0.0,0.2382183074951172,0.09106254577636719,0.8598733282089229,213,391,8,2,0.9908608731130152,0.96466123797841,23,44,1,1,0.9740740740740741,0.9361111111111111,
breast-w,XGBoost,Random Undersampling,2,0.03125,0.0,0.2381744384765625,0.09450244903564453,0.8693222570419311,213,391,8,2,0.9913038409978434,0.96466123797841,24,45,0,0,1.0,1.0,
breast-w,XGBoost,Random Undersampling,3,0.03125,0.0,0.23817062377929688,0.09431076049804688,0.6064392518997179,215,393,6,0,0.997248936294224,0.9788878103328539,23,42,3,1,0.9805555555555555,0.8763821182415374,
breast-w,XGBoost,Random Undersampling,4,0.03125,0.0,0.2390422821044922,0.0928955078125,0.4970482116937632,216,387,12,0,0.9912860855843312,0.958580271919208,22,44,1,1,0.9913043478260869,0.9342995169082126,
breast-w,XGBoost,Random Undersampling,5,0.046875,0.0,0.2381753921508789,0.08983135223388672,0.8415377616882335,213,391,9,2,0.9926279069767442,0.9612591756230447,21,43,1,3,0.9905303030303031,0.8706032700941747,
breast-w,XGBoost,Random Undersampling,6,0.03125,0.0,0.2380838394165039,0.09826946258544922,0.4862535524368328,215,393,7,0,0.9979534883720931,0.9754590049152605,23,42,2,1,0.9952651515151516,0.9047755222128249,
breast-w,XGBoost,Random Undersampling,7,0.03125,0.0,0.2381277084350586,0.09372520446777344,0.7555726385116582,214,392,8,1,0.9956860465116278,0.9683590902691527,22,43,1,2,0.9981060606060606,0.9029628032413496,
breast-w,XGBoost,Random Undersampling,8,0.03125,0.0,0.2381267547607422,0.09697246551513672,0.846840566396714,213,398,2,2,0.9978255813953488,0.9856976744186047,22,42,2,2,0.9696969696969697,0.8712121212121212,
breast-w,XGBoost,Random Undersampling,9,0.03125,0.0,0.23799514770507812,0.0938577651977539,0.9045533239841463,211,396,4,4,0.9936860465116281,0.9713953488372093,22,42,2,2,0.9867424242424242,0.8712121212121212,
breast-w,XGBoost,Random Undersampling,10,0.03125,0.0,0.2380352020263672,0.09989356994628906,0.8474993348121646,213,398,2,2,0.9984418604651163,0.9856976744186047,23,43,1,1,0.9952651515151515,0.9356060606060606,
breast-w,XGBoost,SMOTE / SMOTENC,1,0.078125,0.0,1.1597652435302734,0.1240091323852539,0.5047361224889686,215,399,0,0,1.0,1.0,23,44,1,1,0.9851851851851853,0.9361111111111111,
breast-w,XGBoost,SMOTE / SMOTENC,2,0.0625,0.0,1.1596784591674805,0.1279735565185547,0.4057816475629755,215,399,0,0,1.0,1.0,24,45,0,0,1.0,1.0,
breast-w,XGBoost,SMOTE / SMOTENC,3,0.09375,0.0,1.1598129272460938,0.125244140625,0.46671416759490447,215,399,0,0,1.0,1.0,24,42,3,0,0.9898148148148148,0.9108400680852976,
breast-w,XGBoost,SMOTE / SMOTENC,4,0.078125,0.0,1.168503761291504,0.12619686126708984,0.7490386664867428,215,399,0,1,0.9999999999999999,0.9964346162415497,21,44,1,2,0.9980676328502416,0.9008873524508829,
breast-w,XGBoost,SMOTE / SMOTENC,5,0.09375,0.0,1.1599817276000977,0.12615203857421875,0.29314716756344716,215,400,0,0,1.0,1.0,23,43,1,1,0.9914772727272727,0.9356060606060606,
breast-w,XGBoost,SMOTE / SMOTENC,6,0.078125,0.0,1.1598854064941406,0.12582969665527344,0.26627355515957846,215,400,0,0,1.0,1.0,23,44,0,1,0.9971590909090908,0.9680067339833113,
breast-w,XGBoost,SMOTE / SMOTENC,7,0.078125,0.0,1.1600303649902344,0.12563133239746094,0.25897487103940037,215,400,0,0,1.0,1.0,22,43,1,2,0.9914772727272727,0.9029628032413496,
breast-w,XGBoost,SMOTE / SMOTENC,8,0.0625,0.0,1.1599292755126953,0.12323284149169922,0.3235971957445228,215,400,0,0,1.0,1.0,24,42,2,0,0.9829545454545454,0.9386793281621159,
breast-w,XGBoost,SMOTE / SMOTENC,9,0.078125,0.0,1.1600208282470703,0.12388134002685547,0.28199833333493335,215,400,0,0,1.0,1.0,24,42,2,0,0.9857954545454545,0.9386793281621159,
breast-w,XGBoost,SMOTE / SMOTENC,10,0.078125,0.0,1.1598453521728516,0.12634658813476562,0.25105410814286316,215,400,0,0,1.0,1.0,24,42,2,0,0.9962121212121212,0.9386793281621159,
