Dataset,Model,Preprocessor,Fold,Fit_Time_sec,Predict_Time_Test_sec,Peak_Memory_MB,Pipeline_Disk_Size_MB,Optimal_Threshold,Train_TP,Train_TN,Train_FP,Train_FN,Train_ROC_AUC,Train_MCC,Test_TP,Test_TN,Test_FP,Test_FN,Test_ROC_AUC,Test_MCC,Error_Log
churn,GaussianNB,Baseline,1,0.015625,0.015625,2.151365280151367,0.0031175613403320312,0.3182646602954865,431,3484,379,206,0.8490798059600988,0.524902765992973,52,384,46,18,0.8527906976744186,0.55581801803159,
churn,GaussianNB,Baseline,2,0.015625,0.0,2.1491737365722656,0.0031175613403320312,0.31284059280170484,430,3483,380,207,0.8492634912146025,0.5232434666125818,48,392,38,22,0.8425913621262457,0.5492335311697298,
churn,GaussianNB,Baseline,3,0.015625,0.0,2.149449348449707,0.0031175613403320312,0.25140209202968017,460,3423,440,177,0.8472246661662732,0.5300662869782596,50,383,47,20,0.882093023255814,0.5308701517939051,
churn,GaussianNB,Baseline,4,0.015625,0.0,2.1494665145874023,0.0031175613403320312,0.3077634893926147,431,3485,379,205,0.8529300460955506,0.5255461532641933,48,386,43,23,0.8358120752486949,0.5209123541883632,
churn,GaussianNB,Baseline,5,0.015625,0.0,2.1490707397460938,0.0031175613403320312,0.2723248750637465,448,3457,407,188,0.8516743004284022,0.5319781231413165,49,378,51,22,0.83190518401786,0.4984957180280961,
churn,GaussianNB,Baseline,6,0.015625,0.0,2.1497364044189453,0.0031175613403320312,0.31491995786380506,433,3487,377,203,0.8493300519551545,0.5288669301709555,48,380,49,23,0.8500935684034276,0.49594091584535077,
churn,GaussianNB,Baseline,7,0.015625,0.0,2.1495542526245117,0.0031175613403320312,0.3119258752243692,430,3484,380,206,0.8475660670338686,0.5238857648108122,52,391,38,19,0.889457959880495,0.5849336284612896,
churn,GaussianNB,Baseline,8,0.015625,0.0,2.149601936340332,0.0031175613403320312,0.3192005723324486,438,3492,372,198,0.855312544760863,0.5371688724378612,40,387,42,31,0.8145704061197018,0.4387954185643926,
churn,GaussianNB,Baseline,9,0.015625,0.015625,2.1490707397460938,0.0031175613403320312,0.2838039854318404,448,3457,407,188,0.8526411350703803,0.5319781231413165,47,383,46,24,0.8229423159000623,0.49763750584148997,
churn,GaussianNB,Baseline,10,0.0,0.0,2.1495180130004883,0.0031175613403320312,0.31744468052135066,433,3487,377,203,0.8510854916207664,0.5288669301709555,48,391,38,23,0.8570865753964346,0.5433757046255988,
churn,GaussianNB,Standard Scaler,1,0.015625,0.015625,2.152529716491699,0.0035600662231445312,0.31937910991478374,431,3484,379,206,0.8485425672290063,0.524902765992973,51,384,46,19,0.8525249169435216,0.5454464876476641,
churn,GaussianNB,Standard Scaler,2,0.015625,0.0,2.1523008346557617,0.0035600662231445312,0.3152964477544774,430,3483,380,207,0.8487994014786663,0.5232434666125818,48,393,37,22,0.8412292358803988,0.5539370925877358,
churn,GaussianNB,Standard Scaler,3,0.015625,0.0,2.152383804321289,0.0035600662231445312,0.2531716059505109,461,3424,439,176,0.8467146551167113,0.5316599919902207,50,383,47,20,0.8816611295681063,0.5308701517939051,
churn,GaussianNB,Standard Scaler,4,0.015625,0.0,2.1527204513549805,0.0035600662231445312,0.20906435587619512,481,3355,509,155,0.8524303520970871,0.5252311752506263,53,365,64,18,0.8348271446862997,0.49244097351823385,
churn,GaussianNB,Standard Scaler,5,0.015625,0.0,2.152285575866699,0.0035600662231445312,0.3132922034834473,434,3488,376,202,0.8511693165097596,0.5305273186243367,47,380,49,24,0.8307889293804787,0.4854182068738219,
churn,GaussianNB,Standard Scaler,6,0.015625,0.0,2.152947425842285,0.0035600662231445312,0.3160560183766808,435,3489,375,201,0.8486964822844641,0.5321877070777178,48,380,49,23,0.8493712859910043,0.49594091584535077,
churn,GaussianNB,Standard Scaler,7,0.015625,0.0,2.152592658996582,0.0035600662231445312,0.3144055708335769,429,3483,381,207,0.8469296489446202,0.522225376357431,52,391,38,19,0.8888341705243115,0.5849336284612896,
churn,GaussianNB,Standard Scaler,8,0.015625,0.015625,2.152719497680664,0.0035600662231445312,0.3213495902488442,438,3492,372,198,0.8547746005703347,0.5371688724378612,40,387,42,31,0.8141764338947437,0.4387954185643926,
churn,GaussianNB,Standard Scaler,9,0.03125,0.0,2.152632713317871,0.0035600662231445312,0.2889814236530797,447,3456,408,189,0.8521170260557054,0.5303520743482449,47,383,46,24,0.8232706260875277,0.49763750584148997,
churn,GaussianNB,Standard Scaler,10,0.015625,0.015625,2.152592658996582,0.0035600662231445312,0.32027336169078713,432,3486,378,204,0.8505455128455538,0.5272065417175744,48,391,38,23,0.856856758265209,0.5433757046255988,
churn,GaussianNB,MinMax Scaler,1,0.015625,0.0,2.152825355529785,0.003902435302734375,0.319379102482079,431,3484,379,206,0.8485425672290063,0.524902765992973,51,384,46,19,0.8525249169435216,0.5454464876476641,
churn,GaussianNB,MinMax Scaler,2,0.015625,0.0,2.152886390686035,0.003902435302734375,0.3152964428001373,430,3483,380,207,0.8487998078619727,0.5232434666125818,48,393,37,22,0.8412292358803988,0.5539370925877358,
churn,GaussianNB,MinMax Scaler,3,0.015625,0.015625,2.152785301208496,0.003902435302734375,0.25317160249139037,461,3424,439,176,0.8467146551167113,0.5316599919902207,50,383,47,20,0.8816611295681063,0.5308701517939051,
churn,GaussianNB,MinMax Scaler,4,0.015625,0.015625,2.1531333923339844,0.003902435302734375,0.2090643529134621,481,3355,509,155,0.8524303520970871,0.5252311752506263,53,365,64,18,0.8348271446862997,0.49244097351823385,
churn,GaussianNB,MinMax Scaler,5,0.015625,0.0,2.15340518951416,0.003902435302734375,0.31329219796386043,434,3488,376,202,0.8511693165097596,0.5305273186243367,47,380,49,24,0.8307889293804787,0.4854182068738219,
churn,GaussianNB,MinMax Scaler,6,0.015625,0.0,2.153177261352539,0.003902435302734375,0.3160560098850689,435,3489,375,201,0.8486964822844641,0.5321877070777178,48,380,49,23,0.8493712859910043,0.49594091584535077,
churn,GaussianNB,MinMax Scaler,7,0.015625,0.0,2.153090476989746,0.003902435302734375,0.3144055685960658,429,3483,381,207,0.8469296489446202,0.522225376357431,52,391,38,19,0.8888341705243115,0.5849336284612896,
churn,GaussianNB,MinMax Scaler,8,0.015625,0.015625,2.1531333923339844,0.003902435302734375,0.32134960509822624,438,3492,372,198,0.8547746005703347,0.5371688724378612,40,387,42,31,0.8141764338947437,0.4387954185643926,
churn,GaussianNB,MinMax Scaler,9,0.015625,0.0,2.1531858444213867,0.003902435302734375,0.2889814188145883,447,3456,408,189,0.8521170260557054,0.5303520743482449,47,383,46,24,0.8232706260875277,0.49763750584148997,
churn,GaussianNB,MinMax Scaler,10,0.015625,0.0,2.15261173248291,0.003902435302734375,0.3202733792176883,432,3486,378,204,0.8505455128455538,0.5272065417175744,48,391,38,23,0.856856758265209,0.5433757046255988,
churn,GaussianNB,IQR Capping,1,0.0625,0.015625,2.2706098556518555,0.0036144256591796875,0.3949607084400636,369,3557,306,268,0.8147180654854187,0.4881921199730426,42,394,36,28,0.8141196013289037,0.4937012648154383,
churn,GaussianNB,IQR Capping,2,0.078125,0.015625,2.27022647857666,0.0036144256591796875,0.39268094072372955,372,3560,303,265,0.8165309414153761,0.49354804010439796,37,400,30,33,0.7908637873754153,0.4673358323554017,
churn,GaussianNB,IQR Capping,3,0.078125,0.015625,2.27017879486084,0.0036144256591796875,0.33928484484765836,388,3531,332,249,0.8148834634911333,0.49745728185535526,42,394,36,28,0.8292691029900333,0.4937012648154383,
churn,GaussianNB,IQR Capping,4,0.0625,0.015625,2.2701311111450195,0.0036144256591796875,0.2831221404529126,406,3460,404,230,0.8196438337435056,0.48403644192966516,46,377,52,25,0.806165665320595,0.4630998359666923,
churn,GaussianNB,IQR Capping,5,0.078125,0.015625,2.27017879486084,0.0036144256591796875,0.3857381733510413,371,3560,304,265,0.8172885985129625,0.49235347121926465,42,393,36,29,0.7972684592402902,0.48831978604705895,
churn,GaussianNB,IQR Capping,6,0.078125,0.015625,2.270132064819336,0.0036144256591796875,0.344636139785339,390,3534,330,246,0.8134334674531556,0.501542220118434,42,384,45,29,0.8101382185889229,0.4480676980437328,
churn,GaussianNB,IQR Capping,7,0.078125,0.015625,2.2701311111450195,0.0036144256591796875,0.27984239799891886,404,3458,406,232,0.811573043217834,0.4807156650229029,47,384,45,24,0.8642765685019206,0.50182100959299,
churn,GaussianNB,IQR Capping,8,0.078125,0.015625,2.27017879486084,0.0036144256591796875,0.35287829020310846,388,3532,332,248,0.8194717078792139,0.4980621880609927,36,395,34,35,0.7903411142847762,0.4303317082124101,
churn,GaussianNB,IQR Capping,9,0.078125,0.015625,2.270132064819336,0.0036144256591796875,0.3865757826182571,371,3560,304,265,0.8173821894084403,0.49235347121926465,42,393,36,29,0.8014051676023507,0.48831978604705895,
churn,GaussianNB,IQR Capping,10,0.078125,0.015625,2.270132064819336,0.0036144256591796875,0.3165025856836205,396,3495,369,240,0.8164812753102334,0.4888784237363341,44,394,35,27,0.8236974293312321,0.5149831700484259,
churn,GaussianNB,IQR Removal,1,0.046875,0.0,2.580371856689453,0.0032949447631835938,0.4415532083593812,379,3612,251,258,0.7660170900435683,0.5324551579070057,39,400,30,31,0.7526578073089701,0.4903246032549629,
churn,GaussianNB,IQR Removal,2,0.046875,0.0,2.5824337005615234,0.0032949447631835938,0.4850395860957529,364,3642,221,273,0.7671671548007483,0.5330114015535169,35,411,19,35,0.6999335548172757,0.5095731709508631,
churn,GaussianNB,IQR Removal,3,0.0625,0.0,2.596446990966797,0.0032949447631835938,0.48071421571776307,365,3643,220,272,0.7625018744430009,0.5349069575887724,39,405,25,31,0.7662790697674419,0.5182668767033288,
churn,GaussianNB,IQR Removal,4,0.0625,0.0,2.5677576065063477,0.0032949447631835938,0.47643569178216916,369,3648,216,267,0.7693065809862364,0.5430918258595443,38,404,25,33,0.7891591976099018,0.5016572843897189,
churn,GaussianNB,IQR Removal,5,0.0625,0.0,2.5942020416259766,0.0032949447631835938,0.4659364891481394,367,3646,218,269,0.7627393485422607,0.5392982255112658,43,402,27,28,0.7403066417150924,0.5459234947621749,
churn,GaussianNB,IQR Removal,6,0.0625,0.0,2.5913000106811523,0.0032949447631835938,0.4609671841466959,370,3649,215,266,0.7545639803638162,0.5449886260336835,38,397,32,33,0.7484487343642273,0.4633579329409144,
churn,GaussianNB,IQR Removal,7,0.046875,0.0,2.5897111892700195,0.0032949447631835938,0.44856872159985994,360,3639,225,276,0.7514982681615168,0.5260206242922912,47,403,26,24,0.8387996979546275,0.5944579745197656,
churn,GaussianNB,IQR Removal,8,0.046875,0.0,2.59017276763916,0.0032949447631835938,0.4948858523285654,365,3644,220,271,0.7662998717397814,0.5355046251629874,37,407,22,34,0.7411602482025016,0.5083547205147201,
churn,GaussianNB,IQR Removal,9,0.0625,0.0,2.5686216354370117,0.0032949447631835938,0.47678330320597206,365,3644,220,271,0.7645969243590245,0.5355046251629874,38,401,28,33,0.7439837158147017,0.4846032918263743,
churn,GaussianNB,IQR Removal,10,0.0625,0.0,2.5976572036743164,0.0032949447631835938,0.4879784348743716,362,3641,223,274,0.7613676315481073,0.5298142246405697,41,409,20,30,0.7766834104862274,0.5661456346340283,
churn,GaussianNB,Yeo-Johnson,1,0.203125,0.0,2.155014991760254,0.003215789794921875,0.390977966833379,377,3565,298,260,0.8191638988576971,0.5024745736566569,45,396,34,25,0.8290033222591362,0.536344709321547,
churn,GaussianNB,Yeo-Johnson,2,0.1875,0.015625,2.1547956466674805,0.003215789794921875,0.3570620590595429,395,3538,325,242,0.8217464647700214,0.5096294049432589,39,397,33,31,0.7978073089700995,0.4747849155074512,
churn,GaussianNB,Yeo-Johnson,3,0.1875,0.0,2.1546239852905273,0.003215789794921875,0.31744284639958964,404,3502,361,233,0.8208125959318592,0.5018459621362867,44,389,41,26,0.830764119601329,0.4925590213868787,
churn,GaussianNB,Yeo-Johnson,4,0.1875,0.0,2.155266761779785,0.003215789794921875,0.38424619737671756,374,3563,301,262,0.823839554279464,0.4977129066824642,44,395,34,27,0.809383105157753,0.5199017150372969,
churn,GaussianNB,Yeo-Johnson,5,0.171875,0.015625,2.1553144454956055,0.003215789794921875,0.2875097836464097,420,3474,390,216,0.8223897092334335,0.5072818802770009,46,379,50,25,0.7990413342526018,0.4708707899811756,
churn,GaussianNB,Yeo-Johnson,6,0.171875,0.015625,2.155306816101074,0.003215789794921875,0.3516752144044122,392,3536,328,244,0.8182643853275517,0.5050222521758753,42,385,44,29,0.8109589940575856,0.45227661476996023,
churn,GaussianNB,Yeo-Johnson,7,0.171875,0.0,2.154688835144043,0.003215789794921875,0.34559454430688086,386,3530,334,250,0.8153496393088272,0.4945821560035515,49,394,35,22,0.873731901900916,0.5681616183280092,
churn,GaussianNB,Yeo-Johnson,8,0.1875,0.0,2.154831886291504,0.003215789794921875,0.35843485943596826,397,3541,323,239,0.8247925537455891,0.5137223323194784,36,397,32,35,0.795528415246725,0.44034956516874635,
churn,GaussianNB,Yeo-Johnson,9,0.171875,0.0,2.155179023742676,0.003215789794921875,0.3566726539704953,391,3535,329,245,0.8237728199018189,0.5032822361471546,41,393,36,30,0.8009455333398995,0.47727896115772367,
churn,GaussianNB,Yeo-Johnson,10,0.203125,0.015625,2.155332565307617,0.003215789794921875,0.3917196279746376,377,3566,298,259,0.8212186022891519,0.5030723421456638,42,402,27,29,0.8347614826488066,0.5349729818960515,
churn,GaussianNB,Quantile Transform,1,0.0625,0.0,2.2952518463134766,0.14057445526123047,0.3541528492356834,391,3534,329,246,0.7851573373928318,0.5026739060358855,43,391,39,27,0.7929900332225914,0.4906568860652051,
churn,GaussianNB,Quantile Transform,2,0.0625,0.015625,2.294048309326172,0.14057445526123047,0.44241447320492017,364,3597,266,273,0.7907479525393064,0.504897268980758,36,404,26,34,0.7500664451827243,0.47778724488641516,
churn,GaussianNB,Quantile Transform,3,0.046875,0.015625,2.2978973388671875,0.14057445526123047,0.38635627930864197,377,3565,298,260,0.7855856653978026,0.5024745736566569,41,401,29,29,0.7960797342192691,0.5182724252491694,
churn,GaussianNB,Quantile Transform,4,0.046875,0.0,2.29471492767334,0.14057445526123047,0.43023175383892576,359,3593,271,277,0.7895205867416696,0.4962940394635572,40,399,30,31,0.7826914869168391,0.4963841576694186,
churn,GaussianNB,Quantile Transform,5,0.046875,0.0,2.2941198348999023,0.14057445526123047,0.38650406055481074,378,3567,297,258,0.7886066513014831,0.5048588206333969,42,391,38,29,0.7645687645687645,0.47888507960863064,
churn,GaussianNB,Quantile Transform,6,0.0625,0.015625,2.2951536178588867,0.14057445526123047,0.3492702091473301,395,3539,325,241,0.7849273083583993,0.5102423002620371,42,387,42,29,0.7815752322794577,0.46088034598510713,
churn,GaussianNB,Quantile Transform,7,0.046875,0.015625,2.297299385070801,0.14057445526123047,0.30649855817228816,398,3497,367,238,0.7816593584384806,0.49227482795848454,48,385,44,23,0.8391280081420925,0.5166082859247024,
churn,GaussianNB,Quantile Transform,8,0.046875,0.0,2.2941036224365234,0.14057445526123047,0.3873521761858682,379,3568,296,257,0.7924467264346263,0.5066452991211301,38,400,29,33,0.7465117042581831,0.479139862944172,
churn,GaussianNB,Quantile Transform,9,0.046875,0.0,2.2959136962890625,0.14057445526123047,0.3832719909703609,381,3570,294,255,0.7901179408049794,0.5102182560965964,38,394,35,33,0.7707738271118553,0.4484154519811978,
churn,GaussianNB,Quantile Transform,10,0.046875,0.0,2.2953968048095703,0.14057445526123047,0.4289365192808133,362,3596,268,274,0.7863991269190203,0.5018092347457868,42,404,25,29,0.8034735217833809,0.5464206131996199,
churn,GaussianNB,Uniform Binning,1,0.015625,0.0,2.1575279235839844,0.004631996154785156,0.22245202554908958,461,3334,529,176,0.8453760285053508,0.4937701901142731,55,374,56,15,0.8529568106312294,0.5472774418617417,
churn,GaussianNB,Uniform Binning,2,0.015625,0.0,2.158018112182617,0.004631996154785156,0.20103858026633198,475,3303,560,162,0.8480297114962991,0.4976004934182309,53,368,62,17,0.830265780730897,0.5053983709987179,
churn,GaussianNB,Uniform Binning,3,0.015625,0.015625,2.157803535461426,0.004631996154785156,0.20009002493664976,477,3305,558,160,0.8448237535919205,0.5006301168065729,56,377,53,14,0.871063122923588,0.5687300209949825,
churn,GaussianNB,Uniform Binning,4,0.015625,0.0,2.1580915451049805,0.004631996154785156,0.1966839086947556,482,3311,553,154,0.8505263877495214,0.5088863679538043,48,360,69,23,0.8228109918250763,0.4247719561051857,
churn,GaussianNB,Uniform Binning,5,0.03125,0.015625,2.158267021179199,0.004631996154785156,0.20454948109159524,471,3345,519,165,0.850214689375887,0.5098321141725617,54,357,72,17,0.8225155126563577,0.47653471504157185,
churn,GaussianNB,Uniform Binning,6,0.015625,0.0,2.1578283309936523,0.004631996154785156,0.1780230893840082,493,3277,587,143,0.8469381942002943,0.508368908214863,57,350,79,14,0.8519321054532322,0.48528305736619104,
churn,GaussianNB,Uniform Binning,7,0.015625,0.0,2.1583099365234375,0.004631996154785156,0.1777613931771947,486,3270,594,150,0.8455569146581245,0.4979135598851414,58,370,59,13,0.894907908992416,0.560109990931282,
churn,GaussianNB,Uniform Binning,8,0.015625,0.015625,2.1577844619750977,0.004631996154785156,0.1611176496820352,513,3207,657,123,0.852517432321575,0.5055685975311511,52,359,70,19,0.8099084014576972,0.46261036904183966,
churn,GaussianNB,Uniform Binning,9,0.015625,0.0,2.1577367782592773,0.004631996154785156,0.21978608227732058,468,3342,522,168,0.8480193725015299,0.5052123958491423,47,371,58,24,0.8268163761121508,0.45142821908259706,
churn,GaussianNB,Uniform Binning,10,0.015625,0.0,2.158083915710449,0.004631996154785156,0.22138598164162435,464,3338,526,172,0.8469524362930845,0.49905277141791654,51,378,51,20,0.8585639712400276,0.5192228065936291,
churn,GaussianNB,Quantile Binning,1,0.015625,0.0,2.1585893630981445,0.004618644714355469,0.3087617814178271,349,3447,416,288,0.7775669099954444,0.4085061091807027,44,388,42,26,0.7936212624584718,0.4881397012287143,
churn,GaussianNB,Quantile Binning,2,0.03125,0.0,2.158633232116699,0.004618644714355469,0.30268691670657016,356,3454,409,281,0.7830201675843478,0.4203857268295952,31,385,45,39,0.7345514950166113,0.3268698063700943,
churn,GaussianNB,Quantile Binning,3,0.03125,0.015625,2.1587142944335938,0.004618644714355469,0.2609267630954112,376,3384,479,261,0.779625241442482,0.4143217227438939,41,374,56,29,0.7873421926910299,0.39968312911007353,
churn,GaussianNB,Quantile Binning,4,0.015625,0.0,2.158557891845703,0.004618644714355469,0.3039461227602315,340,3484,380,296,0.7828088987851087,0.4145414186824026,34,384,45,37,0.7690666141370367,0.35788989628586537,
churn,GaussianNB,Quantile Binning,5,0.015625,0.0,2.1585683822631836,0.004618644714355469,0.33243207369693745,335,3524,340,301,0.7836304640806281,0.4280402456608701,32,380,49,39,0.7435897435897436,0.3187675846663751,
churn,GaussianNB,Quantile Binning,6,0.03125,0.0,2.1589174270629883,0.004618644714355469,0.27917172813971697,355,3454,410,281,0.7773606879174968,0.41925213718225013,45,373,56,26,0.7803276535670902,0.43753104019498573,
churn,GaussianNB,Quantile Binning,7,0.03125,0.015625,2.158970832824707,0.004618644714355469,0.3166239431251467,327,3516,348,309,0.7745431950466815,0.4137484177590047,42,390,39,29,0.833119931711481,0.47427913928944815,
churn,GaussianNB,Quantile Binning,8,0.015625,0.0,2.1588830947875977,0.004618644714355469,0.2942096832177825,358,3457,407,278,0.784989159732802,0.42434674351547574,32,388,41,39,0.7550806001510227,0.35105377028881934,
churn,GaussianNB,Quantile Binning,9,0.03125,0.0,2.1589784622192383,0.004618644714355469,0.28136053355639756,363,3417,447,273,0.7818192767946663,0.41263973843427687,42,376,53,29,0.7708066581306018,0.4164089802832891,
churn,GaussianNB,Quantile Binning,10,0.03125,0.0,2.158576011657715,0.004618644714355469,0.2942319301770593,354,3453,411,282,0.779836777478287,0.4175539350711749,37,394,35,34,0.789487507797367,0.43698824089644706,
churn,GaussianNB,PCA,1,0.09375,0.0,1.3527679443359375,0.0033140182495117188,0.8690153085357538,170,3628,235,467,0.6667929164138624,0.2509772019445832,26,400,30,44,0.6765448504983389,0.33190752754396474,
churn,GaussianNB,PCA,2,0.09375,0.0,1.3529472351074219,0.0033140182495117188,0.8678771160973695,174,3632,231,463,0.6699728657866301,0.2598873715352314,15,408,22,55,0.6502657807308971,0.21622548841918526,
churn,GaussianNB,PCA,3,0.015625,0.0625,1.3528995513916016,0.0033140182495117188,0.11592180335955654,183,3596,267,454,0.665661545288778,0.25350534390261126,23,401,29,47,0.682890365448505,0.29682373077510843,
churn,GaussianNB,PCA,4,0.09375,0.0,1.3528594970703125,0.0033140182495117188,0.8772758978759405,176,3635,229,460,0.6676798898394468,0.2647165666011207,15,403,26,56,0.6618076758921829,0.19167345272225117,
churn,GaussianNB,PCA,5,0.09375,0.0,1.3529472351074219,0.0033140182495117188,0.9004644843109252,179,3638,226,457,0.6756192461945127,0.27140357990360775,13,398,31,58,0.5911881545684363,0.1365638833451303,
churn,GaussianNB,PCA,6,0.09375,0.0,1.3528594970703125,0.0033140182495117188,0.11062160013663419,188,3602,262,448,0.6691313625532247,0.26451603790903006,20,396,33,51,0.6527791457368921,0.23218075935309646,
churn,GaussianNB,PCA,7,0.015625,0.0,1.3529033660888672,0.0033140182495117188,0.8686423845812741,169,3628,236,467,0.6667911832493456,0.24911353556198423,24,407,22,47,0.6597064906924062,0.3462968370381608,
churn,GaussianNB,PCA,8,0.09375,0.046875,1.3528518676757812,0.0033140182495117188,0.8707545796258934,173,3632,232,463,0.6690630005078323,0.25802955329863364,19,404,25,52,0.6645983124856365,0.2579180450854712,
churn,GaussianNB,PCA,9,0.09375,0.09375,1.3527278900146484,0.0033140182495117188,0.8602695451872072,175,3634,230,461,0.669064221258643,0.26248756216695834,20,401,28,51,0.6870218982895039,0.2564304190927457,
churn,GaussianNB,PCA,10,0.09375,0.0,1.3528995513916016,0.0033140182495117188,0.11583797970277006,184,3598,266,452,0.6644640252874461,0.2560106990695114,19,410,19,52,0.6879739978331528,0.2941480821041548,
churn,GaussianNB,Select Percentile (Mutual Info),1,0.3125,0.0,3.8781003952026367,0.003231048583984375,0.16684276008001397,493,3231,632,144,0.8426459454527943,0.4913472934328927,57,363,67,13,0.8469435215946844,0.529073046792905,
churn,GaussianNB,Select Percentile (Mutual Info),2,0.3125,0.015625,3.878162384033203,0.003231048583984375,0.1664918515623762,494,3232,631,143,0.8414133848844102,0.492819495061156,56,369,61,14,0.8538870431893688,0.5393974759437051,
churn,GaussianNB,Select Percentile (Mutual Info),3,0.3125,0.0,3.878087043762207,0.003231048583984375,0.24597194183764362,437,3400,463,200,0.8421733216674233,0.4934110717031545,44,376,54,26,0.8700996677740864,0.43965960255999337,
churn,GaussianNB,Select Percentile (Mutual Info),4,0.3125,0.0,3.8780384063720703,0.003231048583984375,0.1862277057357614,493,3322,542,143,0.8517626014037007,0.5255602332209669,52,362,67,19,0.8378804294297252,0.4722892681925953,
churn,GaussianNB,Select Percentile (Mutual Info),5,0.328125,0.015625,3.877692222595215,0.003231048583984375,0.09596128607757999,516,3120,744,120,0.8527298429626158,0.48008873534386687,58,339,90,13,0.8420499688105322,0.46422002954066977,
churn,GaussianNB,Select Percentile (Mutual Info),6,0.3125,0.0,3.877425193786621,0.003231048583984375,0.14809909313409952,503,3197,667,133,0.8423904905139523,0.4910257199126046,55,355,74,16,0.8495026100659903,0.48037829950494054,
churn,GaussianNB,Select Percentile (Mutual Info),7,0.3125,0.0,3.8780746459960938,0.003231048583984375,0.16405160468116878,483,3312,552,153,0.8522712475747751,0.5104021738871827,55,373,56,16,0.8918546242489904,0.5409819271724576,
churn,GaussianNB,Select Percentile (Mutual Info),8,0.3125,0.0,3.878170967102051,0.003231048583984375,0.196566182718286,464,3383,481,172,0.8595823241793298,0.5175142392567935,42,374,55,29,0.8209067927377787,0.40899983318678407,
churn,GaussianNB,Select Percentile (Mutual Info),9,0.3125,0.015625,3.8779516220092773,0.003231048583984375,0.1638502037138949,496,3235,629,140,0.8468112361159941,0.49645758248990685,52,359,70,19,0.821563413112709,0.46261036904183966,
churn,GaussianNB,Select Percentile (Mutual Info),10,0.3125,0.0,3.8780393600463867,0.003231048583984375,0.1969715412687886,475,3304,560,161,0.8444820435694103,0.4982757264201553,53,367,62,18,0.8512426540595555,0.49927958537389133,
churn,GaussianNB,Random Undersampling,1,0.03125,0.0,0.9110603332519531,0.013141632080078125,0.7124888345688853,449,3412,451,188,0.8483995203051451,0.5125355318466877,53,376,54,17,0.8478737541528238,0.5343314107996351,
churn,GaussianNB,Random Undersampling,2,0.015625,0.0,0.9106607437133789,0.013141632080078125,0.7576320911351807,424,3477,386,213,0.8462497526141622,0.5132876703302341,47,392,38,23,0.8409302325581397,0.5385925747875215,
churn,GaussianNB,Random Undersampling,3,0.015625,0.0,0.9106559753417969,0.013141632080078125,0.7125485476588543,437,3445,418,200,0.8418900725028456,0.5134456396257918,48,389,41,22,0.8813953488372094,0.5355355009498877,
churn,GaussianNB,Random Undersampling,4,0.015625,0.0,0.9093313217163086,0.013126373291015625,0.6906535519328699,434,3443,421,202,0.8479090980116409,0.5092134400383137,46,381,48,25,0.8267178830559112,0.47884507845540286,
churn,GaussianNB,Random Undersampling,5,0.03125,0.015625,0.9090709686279297,0.013126373291015625,0.7469647172002172,419,3518,346,217,0.8489158105134315,0.5279370722910641,47,387,42,24,0.8259627696247415,0.5147243372829519,
churn,GaussianNB,Random Undersampling,6,0.015625,0.0,0.9092378616333008,0.013126373291015625,0.7275316238867745,429,3483,381,207,0.8445097139211167,0.522225376357431,42,384,45,29,0.8396861354607833,0.4480676980437328,
churn,GaussianNB,Random Undersampling,7,0.03125,0.0,0.9092788696289062,0.013126373291015625,0.752053191230343,417,3471,393,219,0.8462525391616861,0.5023007149168576,51,394,35,20,0.8756689320069602,0.5889252495534181,
churn,GaussianNB,Random Undersampling,8,0.015625,0.0,0.9093341827392578,0.013126373291015625,0.6738457569033219,453,3417,447,183,0.8514110251702539,0.5195698863590956,45,378,51,26,0.8106306838701205,0.45632337308852927,
churn,GaussianNB,Random Undersampling,9,0.015625,0.0,0.9091949462890625,0.013126373291015625,0.7064984226554796,466,3430,434,170,0.857047638579632,0.5403016497804223,46,379,50,25,0.8283594339932369,0.4708707899811756,
churn,GaussianNB,Random Undersampling,10,0.015625,0.0,0.9092779159545898,0.013126373291015625,0.7286305963382645,445,3454,410,191,0.8494000416682943,0.5270999767621016,50,383,46,21,0.851078498965823,0.5290604575517608,
churn,GaussianNB,SMOTE / SMOTENC,1,0.75,0.0,12.338074684143066,0.14510440826416016,0.8949160774455339,346,3534,329,291,0.7812028214380198,0.4471300656326514,39,393,37,31,0.7495348837209302,0.45530587959999375,
churn,GaussianNB,SMOTE / SMOTENC,2,0.75,0.0,12.335196495056152,0.14505863189697266,0.8848466176030207,366,3509,354,271,0.7809285127061837,0.4592020378648008,34,393,37,36,0.745514950166113,0.39730548348390593,
churn,GaussianNB,SMOTE / SMOTENC,3,0.75,0.0,12.338979721069336,0.14510440826416016,0.8956699103706122,352,3540,323,285,0.7785857129446493,0.4578419058953621,31,390,40,39,0.7588704318936877,0.34776614639114956,
churn,GaussianNB,SMOTE / SMOTENC,4,0.734375,0.0,12.342596054077148,0.14490604400634766,0.869240145061685,376,3475,389,260,0.7827254808130527,0.4549143815148297,39,380,49,32,0.746511704258183,0.3987802696250742,
churn,GaussianNB,SMOTE / SMOTENC,5,0.796875,0.0,12.343947410583496,0.1449289321899414,0.8770547346328116,369,3513,351,267,0.7837883478521296,0.4650018835153008,43,382,47,28,0.7904724383597623,0.4507061257547214,
churn,GaussianNB,SMOTE / SMOTENC,6,0.75,0.0,12.34263801574707,0.14490604400634766,0.9083576950601082,320,3599,265,316,0.7764984309282914,0.450148617326722,38,398,31,33,0.8121080797137133,0.4685208383153979,
churn,GaussianNB,SMOTE / SMOTENC,7,0.75,0.0,12.34050178527832,0.14495182037353516,0.8755807583754082,357,3501,363,279,0.7688341504225424,0.44412169117065325,49,391,38,22,0.8659837814767394,0.5538652385654265,
churn,GaussianNB,SMOTE / SMOTENC,8,0.75,0.0,12.342397689819336,0.1449289321899414,0.8786300666151585,368,3512,352,268,0.7836910947042202,0.46326186748658016,39,389,40,32,0.7676877113496832,0.43643653316714565,
churn,GaussianNB,SMOTE / SMOTENC,9,0.75,0.0,12.333712577819824,0.14490604400634766,0.90574527637928,350,3539,325,286,0.7828145956222249,0.45483742297686786,31,394,35,40,0.7227748777044551,0.3661101018450756,
churn,GaussianNB,SMOTE / SMOTENC,10,0.75,0.0,12.338088035583496,0.1449289321899414,0.9013332836498781,345,3534,330,291,0.7775230477753038,0.44590503053820196,41,393,36,30,0.792573623559539,0.47727896115772367,
churn,LogisticRegression,Baseline,1,0.046875,0.015625,2.1306982040405273,0.002716064453125,0.3837700944631154,130,3768,95,507,0.6775035548379729,0.2870856130413921,7,421,9,63,0.6509634551495017,0.15588740842455445,
churn,LogisticRegression,Baseline,2,0.03125,0.0,2.1305322647094727,0.002716064453125,0.2643009446710368,239,3472,391,398,0.7065697144466421,0.27524819459536126,23,386,44,47,0.6821262458471761,0.23045307880813076,
churn,LogisticRegression,Baseline,3,0.0625,0.015625,2.130703926086426,0.002716064453125,0.2675695888969538,162,3665,198,475,0.6633699498238531,0.2609206643859211,16,406,24,54,0.6446511627906977,0.2209587398076517,
churn,LogisticRegression,Baseline,4,0.046875,0.0,2.1304397583007812,0.002716064453125,0.25956292133248476,184,3598,266,452,0.6478776840241156,0.2560106990695114,25,397,32,46,0.7027151252503364,0.30479915423422826,
churn,LogisticRegression,Baseline,5,0.046875,0.0,2.130751609802246,0.002716064453125,0.29225117786591076,178,3592,272,458,0.6752172122608956,0.24325269081023343,22,396,33,49,0.6394497521258086,0.25985628726057547,
churn,LogisticRegression,Baseline,6,0.046875,0.0,2.130751609802246,0.002716064453125,0.30000450354798913,200,3569,295,436,0.702642599971353,0.2651175625313723,29,391,38,42,0.7483830723267343,0.3277581748694143,
churn,LogisticRegression,Baseline,7,0.046875,0.0,2.130608558654785,0.002716064453125,0.26576289994588864,183,3597,267,453,0.6483956892847377,0.25388436435963174,24,406,23,47,0.7306543222036179,0.3401828881422016,
churn,LogisticRegression,Baseline,8,0.046875,0.0,2.130528450012207,0.002716064453125,0.26145528212633035,232,3466,398,404,0.7033258135083402,0.26281743918250905,18,380,49,53,0.6534685971305689,0.14273611166693265,
churn,LogisticRegression,Baseline,9,0.046875,0.0,2.1305761337280273,0.002716064453125,0.28793035302875697,172,3676,188,464,0.65943615961561,0.2847933461303855,15,410,19,56,0.6048786893857315,0.23151872310715935,
churn,LogisticRegression,Baseline,10,0.046875,0.0,2.130612373352051,0.002716064453125,0.2837064549531245,171,3675,189,465,0.6507586559370809,0.2824420140124001,21,397,32,50,0.6666338356479201,0.2507939355077458,
churn,LogisticRegression,Standard Scaler,1,0.03125,0.015625,1.9728326797485352,0.003173828125,0.1567882540084355,484,3042,821,153,0.8287191895416444,0.4204389473615861,54,334,96,16,0.8164784053156147,0.4150697129820798,
churn,LogisticRegression,Standard Scaler,2,0.015625,0.0,1.9726037979125977,0.003173828125,0.16176346959572224,477,3080,783,160,0.8286850533439046,0.42400467277276116,52,351,79,18,0.816312292358804,0.44121679671473985,
churn,LogisticRegression,Standard Scaler,3,0.03125,0.0,1.9726037979125977,0.003173828125,0.18386689212651702,447,3185,678,190,0.8246240649628098,0.42362601853277865,48,361,69,22,0.859734219269103,0.4304832960459353,
churn,LogisticRegression,Standard Scaler,4,0.03125,0.0,1.9726037979125977,0.003173828125,0.17488470356230706,463,3157,707,173,0.8317601924554345,0.4328542094384185,44,341,88,27,0.8061000032831018,0.32829621662370817,
churn,LogisticRegression,Standard Scaler,5,0.03125,0.0,1.9726037979125977,0.003173828125,0.17220211537440133,461,3155,709,175,0.8308629406096592,0.4299456339147092,47,349,80,24,0.8074132440329623,0.38128035893589957,
churn,LogisticRegression,Standard Scaler,6,0.03125,0.015625,1.9725561141967773,0.003173828125,0.17414635612722412,457,3151,713,179,0.8273068934984439,0.4241284828672906,58,335,94,13,0.8352211169112577,0.45362085029373367,
churn,LogisticRegression,Standard Scaler,7,0.015625,0.0,1.9725561141967773,0.003173828125,0.18926371955105828,434,3218,646,202,0.8235494225034832,0.4202452580072096,53,358,71,18,0.8795758232377952,0.4695831709214807,
churn,LogisticRegression,Standard Scaler,8,0.03125,0.0,1.9725561141967773,0.003173828125,0.18241484330663674,454,3193,671,182,0.8319595817544957,0.4345845306662389,48,354,75,23,0.8011753504711252,0.40623061876243377,
churn,LogisticRegression,Standard Scaler,9,0.03125,0.0,1.9725561141967773,0.003173828125,0.19120150960733578,444,3228,636,192,0.8319412704923369,0.43518146990681184,41,351,78,30,0.7921468203158344,0.3242868196107895,
churn,LogisticRegression,Standard Scaler,10,0.015625,0.0,1.972559928894043,0.003173828125,0.18493365534118208,453,3192,672,183,0.8299721994348737,0.4331113627656754,49,358,71,22,0.8269805312058832,0.4287819876952133,
churn,LogisticRegression,MinMax Scaler,1,0.03125,0.0,1.90167236328125,0.0035009384155273438,0.1587751128421251,483,3041,822,154,0.8280649124183017,0.41903406565823603,54,336,94,16,0.8177076411960134,0.420211452663725,
churn,LogisticRegression,MinMax Scaler,2,0.03125,0.0,1.9016647338867188,0.0035009384155273438,0.16221898184129735,479,3082,781,158,0.8284704829581128,0.42684424331101967,49,350,80,21,0.8164119601328904,0.4075916289388601,
churn,LogisticRegression,MinMax Scaler,3,0.03125,0.0,1.9016609191894531,0.0035009384155273438,0.17600118963422776,458,3151,712,179,0.8246386947618412,0.4249257578791588,50,357,73,20,0.8588039867109635,0.4387048896761741,
churn,LogisticRegression,MinMax Scaler,4,0.03125,0.0,1.9017086029052734,0.0035009384155273438,0.2015740739020542,421,3295,569,215,0.8317711792127296,0.4328368087822389,41,359,70,30,0.8081683574641322,0.3479612079611215,
churn,LogisticRegression,MinMax Scaler,5,0.03125,0.0,1.9016647338867188,0.0035009384155273438,0.17127588640531166,461,3155,709,175,0.8309455447478415,0.4299456339147092,49,346,83,22,0.8063298204143274,0.393289924381015,
churn,LogisticRegression,MinMax Scaler,6,0.03125,0.0,1.9017562866210938,0.0035009384155273438,0.16710834747315884,468,3117,747,168,0.8271510443116267,0.42570809364224593,60,331,98,11,0.8335795659739321,0.46295888058799006,
churn,LogisticRegression,MinMax Scaler,7,0.03125,0.0,1.9017562866210938,0.0035009384155273438,0.18054516504108814,445,3184,680,191,0.8234208367514355,0.4213260195611672,55,356,73,16,0.880790570931416,0.48346683881258934,
churn,LogisticRegression,MinMax Scaler,8,0.03125,0.015625,1.9017562866210938,0.0035009384155273438,0.1807631677151269,451,3190,674,185,0.8318615147727125,0.43016502696454834,49,355,74,22,0.8006828851899275,0.41953482452526974,
churn,LogisticRegression,MinMax Scaler,9,0.03125,0.0,1.9016647338867188,0.0035009384155273438,0.19722660945772774,433,3262,602,203,0.8316458487961769,0.4346118772182615,41,357,72,30,0.7939196953281461,0.34186736955863495,
churn,LogisticRegression,MinMax Scaler,10,0.03125,0.0,1.9016685485839844,0.0035009384155273438,0.1772990339251774,464,3158,706,172,0.8297536850397802,0.43430849720027315,49,355,74,22,0.8280639548245181,0.41953482452526974,
churn,LogisticRegression,IQR Capping,1,0.109375,0.015625,2.270451545715332,0.003215789794921875,0.31397089797495537,137,3685,178,500,0.6763677134965179,0.23088536516429842,9,408,22,61,0.6427574750830566,0.1113795361640976,
churn,LogisticRegression,IQR Capping,2,0.109375,0.015625,2.27022647857666,0.003215789794921875,0.2873176797482233,169,3672,191,468,0.6548013578079034,0.2773691933007396,18,408,22,52,0.6203654485049834,0.2634508051552771,
churn,LogisticRegression,IQR Capping,3,0.109375,0.015625,2.2701311111450195,0.003215789794921875,0.29246483593528527,170,3673,190,467,0.6617960272780731,0.2797189831457137,21,408,22,49,0.6495681063122923,0.30796846052304355,
churn,LogisticRegression,IQR Capping,4,0.109375,0.015625,2.2701311111450195,0.003215789794921875,0.27996671204962736,167,3671,193,469,0.6499086064559813,0.27303668554045873,24,403,26,47,0.6995305164319249,0.32278075228639175,
churn,LogisticRegression,IQR Capping,5,0.109375,0.015625,2.2701311111450195,0.003215789794921875,0.28701657660328367,153,3702,162,483,0.6569295512845555,0.27121397601628544,22,410,19,49,0.6409271479694014,0.3378615295424471,
churn,LogisticRegression,IQR Capping,6,0.109375,0.015625,2.2701311111450195,0.003215789794921875,0.344941456870092,109,3793,71,527,0.6496249853509903,0.2720105210907063,7,423,6,64,0.6471650415312387,0.18557541538675001,
churn,LogisticRegression,IQR Capping,7,0.109375,0.015625,2.27022647857666,0.003215789794921875,0.2864407899557548,160,3619,245,476,0.6793164934828183,0.2290524956545231,23,403,26,48,0.7600709150004925,0.3091607733087716,
churn,LogisticRegression,IQR Capping,8,0.109375,0.015625,2.27017879486084,0.003215789794921875,0.2778904660403628,192,3651,213,444,0.6561873347917236,0.30038063754771827,13,399,30,58,0.6159099116845596,0.14089355753928964,
churn,LogisticRegression,IQR Capping,9,0.109375,0.015625,2.270035743713379,0.003215789794921875,0.2798094447207196,193,3562,302,443,0.6934279659361693,0.2508463926012,16,399,30,55,0.6224432844151154,0.18769970535134567,
churn,LogisticRegression,IQR Capping,10,0.109375,0.015625,2.270083427429199,0.003215789794921875,0.29522586764985875,156,3705,159,480,0.6533503099079391,0.2787143625211606,20,402,27,51,0.6653862569355526,0.2616459175449024,
churn,LogisticRegression,IQR Removal,1,0.09375,0.0,2.580080032348633,0.0028963088989257812,0.31010964690354276,170,3718,145,467,0.6477087499608856,0.3133355009766764,9,416,14,61,0.6236877076411961,0.15903455112897658,
churn,LogisticRegression,IQR Removal,2,0.09375,0.0,2.5826873779296875,0.0028963088989257812,0.22644264851960563,237,3515,348,400,0.6492643852578767,0.29227578507605806,24,393,37,46,0.6133222591362126,0.2722695468244851,
churn,LogisticRegression,IQR Removal,3,0.09375,0.0,2.5966005325317383,0.0028963088989257812,0.2838308983009083,174,3677,186,463,0.648471125043737,0.28911814252560997,16,410,20,54,0.6213953488372094,0.2443920475775202,
churn,LogisticRegression,IQR Removal,4,0.09375,0.0,2.567392349243164,0.0028963088989257812,0.23212091112168956,222,3546,318,414,0.643076878003047,0.2859702512839887,31,390,39,40,0.7005154469943203,0.34776614639114956,
churn,LogisticRegression,IQR Removal,5,0.09375,0.0,2.594615936279297,0.0028963088989257812,0.2526826890922759,196,3610,254,440,0.6538129744651484,0.28152671558806736,26,406,23,45,0.6312419974391805,0.36697665162358994,
churn,LogisticRegression,IQR Removal,6,0.09375,0.0,2.591731071472168,0.0028963088989257812,0.3760008767657073,133,3772,92,503,0.6460933532559865,0.2962010481459293,11,419,10,60,0.6516957221182574,0.2290344607993889,
churn,LogisticRegression,IQR Removal,7,0.09375,0.0,2.590179443359375,0.0028963088989257812,0.2956269862205767,156,3705,159,480,0.6357039500240895,0.2787143625211606,22,415,14,49,0.7232016809481597,0.3743520050044302,
churn,LogisticRegression,IQR Removal,8,0.09375,0.0,2.5900564193725586,0.0028963088989257812,0.25048894981330005,221,3590,274,415,0.6602821399273409,0.30793107232188927,17,395,34,54,0.627302275189599,0.1847416163741006,
churn,LogisticRegression,IQR Removal,9,0.078125,0.015625,2.5689001083374023,0.0028963088989257812,0.3174266740523364,166,3715,149,470,0.6558512214018777,0.3037156508707444,15,412,17,56,0.5964411175678781,0.24478220509311047,
churn,LogisticRegression,IQR Removal,10,0.09375,0.015625,2.5983667373657227,0.0028963088989257812,0.3428667627863764,149,3743,121,487,0.6540636352982538,0.29772126006922234,19,411,18,52,0.6708362060474736,0.3008826641813656,
churn,LogisticRegression,Yeo-Johnson,1,0.234375,0.0,1.900238037109375,0.0028142929077148438,0.2203418913015043,338,3211,652,299,0.7487925336007877,0.30448597461824495,40,353,77,30,0.7769102990033223,0.32156911614816547,
churn,LogisticRegression,Yeo-Johnson,2,0.234375,0.0,1.9000625610351562,0.0028142929077148438,0.2604459912856962,286,3384,479,351,0.7439139020071678,0.30158955034067,26,381,49,44,0.6984717607973422,0.250203486986106,
churn,LogisticRegression,Yeo-Johnson,3,0.21875,0.0,1.8999710083007812,0.0028142929077148438,0.21174529502865538,349,3177,686,288,0.7534976395225647,0.30673421995268524,34,364,66,36,0.7715614617940199,0.2881952088521175,
churn,LogisticRegression,Yeo-Johnson,4,0.234375,0.0,1.900014877319336,0.0028142929077148438,0.21473444460461097,341,3215,649,295,0.7590986627081786,0.30964432015772236,35,343,86,36,0.7253028661479365,0.23837398034309415,
churn,LogisticRegression,Yeo-Johnson,5,0.21875,0.015625,1.9000625610351562,0.0028142929077148438,0.15812569220163408,413,2792,1072,223,0.7387043927497168,0.2755568426176235,41,304,125,30,0.7116123313306413,0.21204715877966804,
churn,LogisticRegression,Yeo-Johnson,6,0.203125,0.0,1.9000663757324219,0.0028142929077148438,0.19787352474244158,361,3055,809,275,0.7449912594241962,0.28451685772924407,49,325,104,22,0.771266292393053,0.3391177852624215,
churn,LogisticRegression,Yeo-Johnson,7,0.21875,0.015625,1.9001102447509766,0.0028142929077148438,0.17955522114222858,387,2946,918,249,0.745669996874878,0.28475961581351655,49,334,95,22,0.8123707278636856,0.36127879673447233,
churn,LogisticRegression,Yeo-Johnson,8,0.21875,0.0,1.9000625610351562,0.0028142929077148438,0.22970999477071943,322,3286,578,314,0.7604952016354805,0.3106575011134187,26,368,61,45,0.7022226599691388,0.20624474827986164,
churn,LogisticRegression,Yeo-Johnson,9,0.21875,0.0,1.9000625610351562,0.0028142929077148438,0.2529225736118642,302,3311,553,334,0.7452109945701004,0.29457499935285764,25,361,68,46,0.694343215469976,0.1736739286232625,
churn,LogisticRegression,Yeo-Johnson,10,0.234375,0.0,1.9001102447509766,0.0028142929077148438,0.2273261564092228,318,3282,582,318,0.7553147421123221,0.30427849698377973,40,356,73,31,0.7509767228077087,0.32816746695549975,
churn,LogisticRegression,Quantile Transform,1,0.078125,0.015625,2.038783073425293,0.14016056060791016,0.3290047300820197,275,3688,175,362,0.7736428727886144,0.4489998253698387,29,406,24,41,0.7664451827242525,0.4040605963920272,
churn,LogisticRegression,Quantile Transform,2,0.0625,0.015625,2.038651466369629,0.14016056060791016,0.33004171188514464,273,3686,177,364,0.7791079154934042,0.44474994533794243,30,415,15,40,0.7173421926910298,0.47733485457981817,
churn,LogisticRegression,Quantile Transform,3,0.0625,0.015625,2.038741111755371,0.14016056060791016,0.27647509857801783,316,3594,269,321,0.7736887941022403,0.442024711861249,35,404,26,35,0.7794352159468438,0.46599302774746937,
churn,LogisticRegression,Quantile Transform,4,0.0625,0.0,2.0387887954711914,0.14016056060791016,0.27186016523780887,314,3593,271,322,0.7765252874461243,0.43876781628188666,33,396,33,38,0.7671952460684854,0.3999652989825895,
churn,LogisticRegression,Quantile Transform,5,0.0625,0.015625,2.0387887954711914,0.14016056060791016,0.31252910302498615,291,3660,204,345,0.7782009713921118,0.45064277162361227,26,408,21,45,0.7441807019271808,0.3794513734408512,
churn,LogisticRegression,Quantile Transform,6,0.0625,0.015625,2.0387887954711914,0.14016056060791016,0.2748087491361568,322,3601,263,314,0.7728345508288084,0.4539422176750005,42,383,46,29,0.7776683410486227,0.44391839250747767,
churn,LogisticRegression,Quantile Transform,7,0.0625,0.0,2.0386037826538086,0.14016056060791016,0.26921301990842966,310,3589,275,326,0.7669879682800109,0.4311806155853297,44,396,33,27,0.8446764503102532,0.5249020863979675,
churn,LogisticRegression,Quantile Transform,8,0.078125,0.015625,2.0386972427368164,0.14016056060791016,0.27666280004840593,317,3596,268,319,0.7759157258747087,0.4444582168043043,29,402,27,42,0.7648314127187366,0.3824172907586074,
churn,LogisticRegression,Quantile Transform,9,0.0625,0.0,2.038783073425293,0.14016056060791016,0.31173161396461957,290,3659,205,346,0.7779271162936052,0.44860403306215907,26,405,24,45,0.7383367805903017,0.36097965788241443,
churn,LogisticRegression,Quantile Transform,10,0.0625,0.0,2.0387887954711914,0.14016056060791016,0.27325218708060106,315,3594,270,321,0.7736089137596521,0.4406646164560259,36,406,23,35,0.7942151744968646,0.49059374222827185,
churn,LogisticRegression,Uniform Binning,1,0.046875,0.015625,1.9045372009277344,0.004218101501464844,0.1927962260942583,417,3245,618,220,0.827144047845945,0.40974141515631307,43,361,69,27,0.8161794019933555,0.3776961669539788,
churn,LogisticRegression,Uniform Binning,2,0.046875,0.0,1.9045848846435547,0.004218101501464844,0.17309185108459738,451,3144,719,186,0.8276719397609897,0.41475242076597013,48,351,79,22,0.8166112956810632,0.40015195234308726,
churn,LogisticRegression,Uniform Binning,3,0.046875,0.0,1.9045372009277344,0.004218101501464844,0.19808497681702844,402,3275,588,235,0.8236154215962654,0.40297532251861734,48,371,59,22,0.8519601328903654,0.4640616303157273,
churn,LogisticRegression,Uniform Binning,4,0.046875,0.0,1.9045848846435547,0.004218101501464844,0.1730549361740257,458,3152,712,178,0.8310484947328671,0.42558277062914524,42,337,92,29,0.789881480022325,0.2971789539036859,
churn,LogisticRegression,Uniform Binning,5,0.046875,0.0,1.9045372009277344,0.004218101501464844,0.18385793972230682,434,3218,646,202,0.8294924443663165,0.4202452580072096,45,356,73,26,0.810466528776388,0.38112347673378216,
churn,LogisticRegression,Uniform Binning,6,0.046875,0.0,1.9044532775878906,0.004218101501464844,0.18094226960382306,438,3177,687,198,0.8258611176217822,0.4110138442572226,53,344,85,18,0.8333169178239601,0.42817058712304823,
churn,LogisticRegression,Uniform Binning,7,0.046875,0.0,1.9045848846435547,0.004218101501464844,0.1945753920443472,415,3244,620,221,0.8231455574436503,0.4073273704174499,51,369,60,20,0.8842049968810531,0.48583315025493307,
churn,LogisticRegression,Uniform Binning,8,0.046875,0.0,1.9045372009277344,0.004218101501464844,0.16083867733308302,470,3074,790,166,0.8315526648176361,0.41473574698621457,49,351,78,22,0.7863685610164484,0.4076064211423416,
churn,LogisticRegression,Uniform Binning,9,0.046875,0.015625,1.9044456481933594,0.004218101501464844,0.17337494755780883,452,3146,718,184,0.8289121808143546,0.4168570440580173,45,347,82,26,0.8023572671459995,0.35495429672945755,
churn,LogisticRegression,Uniform Binning,10,0.046875,0.0,1.9044418334960938,0.004218101501464844,0.16087496774154017,473,3077,787,163,0.8276775948279229,0.41899789840084406,52,334,95,19,0.8282937719557437,0.391461879510483,
churn,LogisticRegression,Quantile Binning,1,0.046875,0.015625,1.9054145812988281,0.004204750061035156,0.3024957485751881,238,3606,257,399,0.7736965153850625,0.3421408041902451,28,400,30,42,0.7882059800664452,0.3578310354429275,
churn,LogisticRegression,Quantile Binning,2,0.046875,0.0,1.9052753448486328,0.004204750061035156,0.30333322863529444,242,3610,253,395,0.7764367580202793,0.35029040948269424,22,407,23,48,0.7401993355481727,0.3162091652701749,
churn,LogisticRegression,Quantile Binning,3,0.0625,0.015625,1.9052791595458984,0.004204750061035156,0.24678205608555048,285,3473,390,352,0.772431850535471,0.33822635629509207,34,387,43,36,0.7916279069767441,0.37079462127498924,
churn,LogisticRegression,Quantile Binning,4,0.046875,0.0,1.905416488647461,0.004204750061035156,0.30165186904927943,236,3605,259,400,0.778860583746761,0.338512150743687,22,395,34,49,0.7386979217965133,0.2552355616009558,
churn,LogisticRegression,Quantile Binning,5,0.046875,0.0,1.9054107666015625,0.004204750061035156,0.28532513518309294,253,3577,287,383,0.780699441384429,0.3468233388032339,21,399,30,50,0.72668176893529,0.2604709118748592,
churn,LogisticRegression,Quantile Binning,6,0.0625,0.015625,1.9054107666015625,0.004204750061035156,0.2325827807705629,295,3439,425,341,0.773426614971939,0.33624069738997425,42,365,64,29,0.7874191536163367,0.377778883740857,
churn,LogisticRegression,Quantile Binning,7,0.0625,0.015625,1.9053630828857422,0.004204750061035156,0.32298139234119866,202,3661,203,434,0.7691393381251872,0.3226706818893418,31,403,26,40,0.8274073344495879,0.4129734666325111,
churn,LogisticRegression,Quantile Binning,8,0.046875,0.0,1.9054584503173828,0.004204750061035156,0.2895601897587847,249,3573,291,387,0.7767002617289738,0.3389713275104281,22,398,31,49,0.757477264519518,0.2694071116623952,
churn,LogisticRegression,Quantile Binning,9,0.0625,0.0,1.9054107666015625,0.004204750061035156,0.28943329338750046,253,3577,287,383,0.7768259990624634,0.3468233388032339,20,396,33,51,0.7564595029383762,0.23218075935309646,
churn,LogisticRegression,Quantile Binning,10,0.046875,0.0,1.9054584503173828,0.004204750061035156,0.30091395137451316,234,3603,261,402,0.776105756084222,0.33443467362078066,22,405,24,49,0.7705768409993762,0.306647554116457,
churn,LogisticRegression,PCA,1,0.296875,0.0,1.3528156280517578,0.0032787322998046875,0.14336210156991552,181,3594,269,456,0.6683847198251253,0.249255463870715,27,395,35,43,0.6919933554817277,0.3203902754875229,
churn,LogisticRegression,PCA,2,0.34375,0.0,1.3529472351074219,0.0032787322998046875,0.2555537124196706,174,3632,231,463,0.6741809649246504,0.2598873715352314,15,408,22,55,0.6446179401993355,0.21622548841918526,
churn,LogisticRegression,PCA,3,0.375,0.015625,1.3527717590332031,0.0032787322998046875,0.2500313188910567,171,3629,234,466,0.6724932550530717,0.2532047443422452,21,404,26,49,0.6629900332225914,0.2848091823159801,
churn,LogisticRegression,PCA,4,0.375,0.015625,1.3528518676757812,0.0032787322998046875,0.2551180617340872,175,3634,230,461,0.6700318697344949,0.26248756216695834,16,403,26,55,0.6683410486227387,0.20730770906717264,
churn,LogisticRegression,PCA,5,0.28125,0.015625,1.3528594970703125,0.0032787322998046875,0.2653055560389918,180,3639,225,456,0.6785669524851231,0.2736325843377701,12,399,30,59,0.6008733050986572,0.12468207771317796,
churn,LogisticRegression,PCA,6,0.3125,0.015625,1.3528118133544922,0.0032787322998046875,0.26027899968201224,174,3633,231,462,0.6737348138599164,0.260258557732796,20,399,30,51,0.6502183262746642,0.24638294109434636,
churn,LogisticRegression,PCA,7,0.375,0.0,1.3529033660888672,0.0032787322998046875,0.14822936049552232,181,3595,269,455,0.6696668652421319,0.24963169493987242,24,403,26,47,0.6750714074657737,0.32278075228639175,
churn,LogisticRegression,PCA,8,0.375,0.0,1.3528995513916016,0.0032787322998046875,0.2547704133049782,175,3634,230,461,0.6713681849551415,0.26248756216695834,19,404,25,52,0.6616106897797038,0.2579180450854712,
churn,LogisticRegression,PCA,9,0.296875,0.0,1.3528518676757812,0.0032787322998046875,0.2399461738158336,174,3633,231,462,0.6711732717423857,0.260258557732796,19,403,26,52,0.6723464329098131,0.2524732178163789,
churn,LogisticRegression,PCA,10,0.28125,0.015625,1.3528575897216797,0.0032787322998046875,0.1381863447667091,184,3598,266,452,0.6671806027579202,0.2560106990695114,19,410,19,52,0.6948356807511737,0.2941480821041548,
churn,LogisticRegression,Select Percentile (Mutual Info),1,0.359375,0.015625,3.878495216369629,0.00307464599609375,0.23520457918162935,300,3398,465,337,0.7661227497032386,0.32534878563845504,41,374,56,29,0.772923588039867,0.39968312911007353,
churn,LogisticRegression,Select Percentile (Mutual Info),2,0.34375,0.0,3.878507614135742,0.00307464599609375,0.16714734505532003,420,3068,795,217,0.7982534458256509,0.3561179051309273,51,343,87,19,0.8196345514950166,0.4084868694648633,
churn,LogisticRegression,Select Percentile (Mutual Info),3,0.359375,0.0,3.8784170150756836,0.00307464599609375,0.17381327566522206,396,3044,819,241,0.7647991592742156,0.32165627163573657,40,327,103,30,0.7782392026578073,0.25484734510132057,
churn,LogisticRegression,Select Percentile (Mutual Info),4,0.359375,0.0,3.87838077545166,0.00307464599609375,0.2784793260199845,245,3524,340,391,0.7529472993736734,0.3078886042662798,26,391,38,45,0.7344627203782134,0.2900507028735399,
churn,LogisticRegression,Select Percentile (Mutual Info),5,0.34375,0.0,3.877455711364746,0.00307464599609375,0.2606779992077696,253,3487,377,383,0.7529192221050302,0.3014238061581154,17,380,49,54,0.6766472963656063,0.12912372188247812,
churn,LogisticRegression,Select Percentile (Mutual Info),6,0.359375,0.015625,3.878420829772949,0.00307464599609375,0.21450065243442462,340,3259,605,296,0.7691336412880713,0.32331327790876546,44,355,74,27,0.8186742834630159,0.3676295142378969,
churn,LogisticRegression,Select Percentile (Mutual Info),7,0.34375,0.0,3.8785085678100586,0.00307464599609375,0.15580202777874053,451,2965,899,185,0.7965126404677265,0.3622017365384861,53,337,92,18,0.8550182212154043,0.40925409840303145,
churn,LogisticRegression,Select Percentile (Mutual Info),8,0.359375,0.0,3.878464698791504,0.00307464599609375,0.18756453360153358,405,3189,675,231,0.8086342890998346,0.37693024349836296,41,360,69,30,0.7812469220919925,0.3510549939972028,
churn,LogisticRegression,Select Percentile (Mutual Info),9,0.359375,0.0,3.87819766998291,0.00307464599609375,0.20710085749081977,344,3263,601,292,0.7731568290428011,0.32957782504902444,34,367,62,37,0.7353819889031157,0.2963017872694199,
churn,LogisticRegression,Select Percentile (Mutual Info),10,0.359375,0.0,3.878464698791504,0.00307464599609375,0.19224046822342988,370,3154,710,266,0.7795698399677071,0.32465350184975506,39,346,83,32,0.7618437900128042,0.28917817393444795,
churn,LogisticRegression,Random Undersampling,1,0.046875,0.0,0.9100675582885742,0.0127410888671875,0.601010031467409,373,3111,752,264,0.7521935554922501,0.3146830980412908,40,335,95,30,0.7281727574750831,0.2739402800218112,
churn,LogisticRegression,Random Undersampling,2,0.046875,0.0,0.9103240966796875,0.0127410888671875,0.5898790787041763,345,3083,780,292,0.7306609296180688,0.27346145244991704,35,345,85,35,0.7014285714285715,0.24562678465481178,
churn,LogisticRegression,Random Undersampling,3,0.046875,0.0,0.9107227325439453,0.0127410888671875,0.639427746481542,303,3356,507,334,0.7296360309192675,0.312512445302891,30,388,42,40,0.7362458471760798,0.3270302737520203,
churn,LogisticRegression,Random Undersampling,4,0.046875,0.015625,0.9094486236572266,0.012725830078125,0.6781245696830103,133,3772,92,503,0.6707456020417464,0.2962010481459293,23,418,11,48,0.7129912341179947,0.41360187144153554,
churn,LogisticRegression,Random Undersampling,5,0.046875,0.0,0.9089670181274414,0.012725830078125,0.5887328814529772,356,3140,724,280,0.748945678216597,0.3037428051903118,36,347,82,35,0.7370892018779344,0.25967781427081515,
churn,LogisticRegression,Random Undersampling,6,0.046875,0.0,0.9094886779785156,0.012725830078125,0.7175486578163935,180,3729,135,456,0.6794353132283814,0.3387174545601618,24,421,8,47,0.7133195443054597,0.45547844130561943,
churn,LogisticRegression,Random Undersampling,7,0.046875,0.0,0.9091854095458984,0.012725830078125,0.6129166943952455,312,3186,678,324,0.7211211049910804,0.2649870430313351,41,354,75,30,0.7590531534193506,0.3329505331018023,
churn,LogisticRegression,Random Undersampling,8,0.046875,0.0,0.9090909957885742,0.012725830078125,0.6270551851881115,309,3273,591,327,0.7256622980064327,0.289925737692092,26,361,68,45,0.6887947733018155,0.18554293558182522,
churn,LogisticRegression,Random Undersampling,9,0.046875,0.0,0.9092292785644531,0.012725830078125,0.6789148362017127,193,3742,122,443,0.6823695912600753,0.3712191294146208,22,413,16,49,0.6227715946025805,0.3590146100600843,
churn,LogisticRegression,Random Undersampling,10,0.046875,0.0,0.9095325469970703,0.012725830078125,0.6172274447268595,281,3290,574,355,0.7194519317160827,0.26042797469835327,30,360,69,41,0.710955710955711,0.22922670149050453,
churn,LogisticRegression,SMOTE / SMOTENC,1,0.796875,0.0,12.337904930114746,0.1446685791015625,0.6273668858604924,330,3248,615,307,0.7426898754882187,0.30712144368375077,35,359,71,35,0.7251162790697675,0.28429959483783646,
churn,LogisticRegression,SMOTE / SMOTENC,2,0.78125,0.0,12.335899353027344,0.144622802734375,0.674761672381296,217,3585,278,420,0.6972322452149382,0.29935537640488724,20,403,27,50,0.6627574750830565,0.26505819879892184,
churn,LogisticRegression,SMOTE / SMOTENC,3,0.78125,0.0,12.338553428649902,0.1446685791015625,0.7080966237104249,159,3797,66,478,0.6801580505955344,0.37190968617639325,17,419,11,53,0.6642857142857143,0.3279023170590775,
churn,LogisticRegression,SMOTE / SMOTENC,4,0.78125,0.015625,12.342270851135254,0.14447021484375,0.7041618453148691,223,3547,317,413,0.7099435036524865,0.2879332541071901,21,386,43,50,0.7062608752749597,0.20429777510818398,
churn,LogisticRegression,SMOTE / SMOTENC,5,0.765625,0.0,12.344164848327637,0.14449310302734375,0.6357796302536837,240,3519,345,396,0.6906210529057125,0.2984046033955836,27,392,37,44,0.6698184444663319,0.3072012884266111,
churn,LogisticRegression,SMOTE / SMOTENC,6,0.765625,0.0,12.342659950256348,0.14447021484375,0.6943186436383265,191,3740,124,445,0.6691529291508783,0.366218871744704,23,422,7,48,0.6764503102531272,0.4521392547197756,
churn,LogisticRegression,SMOTE / SMOTENC,7,0.8125,0.0,12.340476036071777,0.1445159912109375,0.6651955973668374,249,3438,426,387,0.7006112706225504,0.2744030957158166,35,384,45,36,0.7721527298992087,0.3694792193847268,
churn,LogisticRegression,SMOTE / SMOTENC,8,0.78125,0.0,12.342511177062988,0.14449310302734375,0.6606782441997683,254,3443,421,382,0.7151866283839213,0.2833354881544825,22,375,54,49,0.6686036967727108,0.1788753850858432,
churn,LogisticRegression,SMOTE / SMOTENC,9,0.796875,0.0,12.334219932556152,0.14447021484375,0.6547074130228063,290,3389,475,346,0.7368097874916989,0.30886899996236084,25,380,49,46,0.6686693588102038,0.2338405640023536,
churn,LogisticRegression,SMOTE / SMOTENC,10,0.796875,0.0,12.338393211364746,0.14449310302734375,0.7203811307444363,186,3645,219,450,0.7122259007513314,0.28700661094274416,25,399,30,46,0.7243179355855413,0.31479419154399524,
churn,KNN,Baseline,1,0.0,0.0,2.130415916442871,0.7921667098999023,0.4,350,3617,246,287,0.8929379115392946,0.49955608641800103,13,396,34,57,0.5778571428571428,0.12680131417951404,
churn,KNN,Baseline,2,0.1875,0.0,2.129855155944824,0.7921667098999023,0.4,351,3616,247,286,0.8925382335574266,0.5001940919973857,22,393,37,48,0.6559800664451827,0.2454868248397072,
churn,KNN,Baseline,3,0.1875,0.140625,2.1297597885131836,0.7921667098999023,0.4,347,3619,244,290,0.8932869947995128,0.4970176350813924,14,400,30,56,0.5994186046511627,0.15951225684279868,
churn,KNN,Baseline,4,0.1875,0.1875,2.129807472229004,0.7921667098999023,0.4,352,3610,254,284,0.8929753522273005,0.4977222704782826,29,379,50,42,0.6844118322991561,0.2793432594045851,
churn,KNN,Baseline,5,0.1875,0.0,2.1299028396606445,0.7921667098999023,0.4,349,3593,271,287,0.8898262220529449,0.48374330345938854,25,400,29,46,0.6484454512623526,0.31996063864864766,
churn,KNN,Baseline,6,0.1875,0.109375,2.1299028396606445,0.7921667098999023,0.4,356,3624,240,280,0.8975446225112961,0.5114243708706685,18,383,46,53,0.5975245411865131,0.15284601844897042,
churn,KNN,Baseline,7,0.140625,0.171875,2.129855155944824,0.7921667098999023,0.4,351,3609,255,285,0.894364159732802,0.49585360694101505,23,384,45,48,0.6282215437145016,0.22304982529652867,
churn,KNN,Baseline,8,0.203125,0.171875,2.1299028396606445,0.7921667098999023,0.4,358,3613,251,278,0.8975944698360613,0.5070841825953292,17,387,42,54,0.6081782067697561,0.1531351547857563,
churn,KNN,Baseline,9,0.1875,0.0,2.1299028396606445,0.7921667098999023,0.4,340,3632,232,296,0.8952182783832702,0.4963009947146765,19,377,52,52,0.6215568469089596,0.1463935125906957,
churn,KNN,Baseline,10,0.1875,0.0,2.1299028396606445,0.7921667098999023,0.4,343,3616,248,293,0.8902032305949451,0.4900375058771059,20,384,45,51,0.6558980925178108,0.18349599104610823,
churn,KNN,Standard Scaler,1,0.203125,0.1875,1.972489356994629,0.7926244735717773,0.4,426,3750,113,211,0.9516773674164304,0.6865642789500132,26,408,22,44,0.733953488372093,0.3772280251485786,
churn,KNN,Standard Scaler,2,0.3125,0.15625,1.972304344177246,0.7926244735717773,0.4,431,3755,108,206,0.9530212770107744,0.6963807105335,37,409,21,33,0.7958637873754153,0.5198269770418383,
churn,KNN,Standard Scaler,3,0.375,0.1875,1.9723520278930664,0.7926244735717773,0.4,414,3755,108,223,0.9503736897694223,0.6770638869620196,37,414,16,33,0.7911461794019934,0.5538513642852717,
churn,KNN,Standard Scaler,4,0.1875,0.0625,1.9722089767456055,0.7926244735717773,0.4,418,3749,115,218,0.9507278523249606,0.6764659356130596,34,416,13,37,0.7747792113989297,0.5365253146354497,
churn,KNN,Standard Scaler,5,0.1875,0.0,1.972304344177246,0.7926244735717773,0.4,423,3750,114,213,0.9506401617250674,0.6830080723165496,39,411,18,32,0.8080698644078925,0.5572058831635549,
churn,KNN,Standard Scaler,6,0.171875,0.0,1.9722604751586914,0.7926244735717773,0.4,425,3753,111,211,0.9522454490409782,0.687775642150762,34,411,18,37,0.7763551002987623,0.4995906397750352,
churn,KNN,Standard Scaler,7,0.359375,0.1875,1.9722566604614258,0.7926244735717773,0.4,425,3748,116,211,0.9523007897443911,0.6836360860979049,36,411,18,35,0.7808365343576611,0.5230282029883156,
churn,KNN,Standard Scaler,8,0.1875,0.078125,1.9723520278930664,0.7926244735717773,0.4,431,3766,98,205,0.9567898973918252,0.7055435041204028,26,409,20,45,0.7124659378180505,0.3859461199598645,
churn,KNN,Standard Scaler,9,0.1875,0.0,1.972304344177246,0.7926244735717773,0.4,413,3746,118,223,0.9488360954855007,0.66824021484467,30,415,14,41,0.779933681342132,0.4804006749427629,
churn,KNN,Standard Scaler,10,0.3125,0.0,1.9723520278930664,0.7926244735717773,0.4,411,3760,104,225,0.9500360935322996,0.6777013400915766,36,404,25,35,0.8007649627367937,0.4786099746312409,
churn,KNN,MinMax Scaler,1,0.1875,0.0,1.9015159606933594,0.7929515838623047,0.4,443,3694,169,194,0.9505799292974324,0.6627356060315461,34,398,32,36,0.7919435215946843,0.42161937910457387,
churn,KNN,MinMax Scaler,2,0.1875,0.125,1.9013214111328125,0.7929515838623047,0.4,472,3688,175,165,0.9544944164965614,0.6911698460958589,37,407,23,33,0.8033554817275748,0.5072836046951149,
churn,KNN,MinMax Scaler,3,0.203125,0.0,1.9014091491699219,0.7929515838623047,0.4,453,3684,179,184,0.94969096581463,0.6670020334664142,44,406,24,26,0.8409800664451826,0.5797725961882348,
churn,KNN,MinMax Scaler,4,0.25,0.0625,1.9011497497558594,0.7929515838623047,0.4,463,3685,179,173,0.9529416839199447,0.6789969304233433,34,398,31,37,0.8096293377983519,0.42202374170957296,
churn,KNN,MinMax Scaler,5,0.1875,0.1875,1.9015045166015625,0.7929515838623047,0.4,462,3682,182,174,0.9519852256598565,0.675781048862354,35,392,37,36,0.8027348238615845,0.4043479480299661,
churn,KNN,MinMax Scaler,6,0.34375,0.109375,1.9015045166015625,0.7929515838623047,0.4,457,3689,175,179,0.9512387365391878,0.6750415145341542,31,402,27,40,0.7871072589382448,0.4073199008359283,
churn,KNN,MinMax Scaler,7,0.1875,0.0,1.9014568328857422,0.7929515838623047,0.4,460,3677,187,176,0.9515075051759835,0.6700678936625369,32,406,23,39,0.8213171804721101,0.4429826348719747,
churn,KNN,MinMax Scaler,8,0.1875,0.0,1.9014091491699219,0.7929515838623047,0.4,465,3693,171,171,0.9555345586416136,0.686877417086605,35,393,36,36,0.7562461013165238,0.40904166256278934,
churn,KNN,MinMax Scaler,9,0.1875,0.1875,1.901193618774414,0.7929515838623047,0.22799999999997456,456,3690,174,180,0.9515585732515592,0.6746186869223105,38,409,20,33,0.8126826225417775,0.5325720228641965,
churn,KNN,MinMax Scaler,10,0.265625,0.1875,1.901102066040039,0.7929515838623047,0.4,457,3688,176,179,0.9501404677266039,0.6743359922806204,34,409,20,37,0.8233362881250205,0.4861068276538305,
churn,KNN,IQR Capping,1,0.75,0.1875,2.269961357116699,0.79266357421875,0.4,352,3620,243,285,0.8939485868223711,0.5039420154033348,13,396,34,57,0.5767441860465116,0.12680131417951404,
churn,KNN,IQR Capping,2,0.78125,0.1875,2.2698793411254883,0.79266357421875,0.4,352,3617,246,285,0.8930104509594913,0.5020720514842328,22,394,36,48,0.6555315614617939,0.24983374104365358,
churn,KNN,IQR Capping,3,0.78125,0.375,2.2699270248413086,0.79266357421875,0.4,349,3622,241,288,0.8944421393480231,0.5014198276446535,14,400,30,56,0.5917607973421927,0.15951225684279868,
churn,KNN,IQR Capping,4,0.78125,0.375,2.269974708557129,0.79266357421875,0.4,353,3610,254,283,0.8929230634009141,0.4989794273243367,29,378,51,42,0.6783380938310515,0.27570276776423774,
churn,KNN,IQR Capping,5,0.578125,0.375,2.2699270248413086,0.79266357421875,0.4,348,3600,264,288,0.8900671168795655,0.4866367400585185,25,401,28,46,0.6635969664138678,0.3252466401263434,
churn,KNN,IQR Capping,6,0.59375,0.1875,2.269974708557129,0.79266357421875,0.4,357,3626,238,279,0.8980176634503952,0.5139377750348227,19,383,46,52,0.6074887553760793,0.16645829457014646,
churn,KNN,IQR Capping,7,0.78125,0.1875,2.2699270248413086,0.79266357421875,0.4,353,3608,256,283,0.8950337415524044,0.49776031409713617,23,385,44,48,0.6287796710331922,0.2268370494862425,
churn,KNN,IQR Capping,8,0.78125,0.375,2.269784927368164,0.79266357421875,0.4,360,3614,250,276,0.8981124750966835,0.5101970853016674,17,386,43,54,0.6103122229882794,0.14952233574626406,
churn,KNN,IQR Capping,9,0.578125,0.375,2.2699270248413086,0.79266357421875,0.4,344,3635,229,292,0.8960807388309439,0.5033149194447791,19,378,51,52,0.6237729406743492,0.14960879802012417,
churn,KNN,IQR Capping,10,0.59375,0.328125,2.2698326110839844,0.79266357421875,0.4,345,3618,246,291,0.8911574508118807,0.4938146957540645,20,385,44,51,0.6582947568863062,0.18714718955511278,
churn,KNN,IQR Removal,1,0.765625,0.171875,2.579808235168457,0.6568765640258789,0.4,259,3701,162,378,0.7965588274378631,0.4365146550760733,14,409,21,56,0.5964784053156147,0.20557374623546978,
churn,KNN,IQR Removal,2,0.765625,0.171875,2.5817337036132812,0.6570520401000977,0.4,258,3690,173,379,0.7941054914169814,0.4267181975312407,19,405,25,51,0.6403156146179402,0.26124201248233864,
churn,KNN,IQR Removal,3,0.75,0.1875,2.5961313247680664,0.6609125137329102,0.4,260,3708,155,377,0.7971249193837117,0.4434103689981062,14,413,17,56,0.5817774086378739,0.23088547625433106,
churn,KNN,IQR Removal,4,0.671875,0.0,2.5668983459472656,0.6530160903930664,0.4,243,3703,161,393,0.7907568003958488,0.4148367710469525,23,391,38,48,0.6743327095439772,0.2510172586239934,
churn,KNN,IQR Removal,5,0.75,0.1875,2.5941295623779297,0.6603860855102539,0.4,251,3698,166,385,0.7965217960988058,0.4225262050509215,21,406,23,50,0.6337699858826619,0.29836943233225155,
churn,KNN,IQR Removal,6,0.59375,0.0,2.591001510620117,0.6595087051391602,0.4,268,3707,157,368,0.7994672643462635,0.4535563391082039,17,397,32,54,0.6400407104632456,0.19352901667913508,
churn,KNN,IQR Removal,7,0.765625,0.0,2.589186668395996,0.6591577529907227,0.4,254,3702,162,382,0.794696773636991,0.4299000980770751,20,404,25,51,0.6340162185232608,0.2724948845742202,
churn,KNN,IQR Removal,8,0.765625,0.1875,2.5897302627563477,0.6591577529907227,0.4,263,3708,156,373,0.797273168222717,0.44734180698294695,14,406,23,57,0.6181752519780688,0.19143894812528905,
churn,KNN,IQR Removal,9,0.578125,0.0,2.568474769592285,0.6533670425415039,0.4,253,3715,149,383,0.7940597451723375,0.4387629811731944,18,401,28,53,0.617288814471913,0.22734898827304945,
churn,KNN,IQR Removal,10,0.765625,0.0,2.5971622467041016,0.6612634658813477,0.4,252,3697,167,384,0.7905059361042748,0.4231945517053336,22,400,29,49,0.6666502511572935,0.2794032357500489,
churn,KNN,Yeo-Johnson,1,0.90625,0.1875,1.8998908996582031,0.7922649383544922,0.4,364,3609,254,273,0.9018730612976388,0.5121331573933067,24,396,34,46,0.6601993355481728,0.2858328391767449,
churn,KNN,Yeo-Johnson,2,0.765625,0.0,1.899810791015625,0.7922649383544922,0.4,368,3603,260,269,0.9000652651590118,0.5134493694660225,31,389,41,39,0.6333887043189368,0.3434474561692904,
churn,KNN,Yeo-Johnson,3,0.890625,0.0,1.8998584747314453,0.7922649383544922,0.4,358,3600,263,279,0.8954621614471473,0.4992173726801394,20,392,38,50,0.6781727574750831,0.21383464291056228,
churn,KNN,Yeo-Johnson,4,0.890625,0.1875,1.8998584747314453,0.7922649383544922,0.4,356,3601,263,280,0.8967694457465787,0.4972974859413917,24,386,43,47,0.6831478380774155,0.24365723705010447,
churn,KNN,Yeo-Johnson,5,0.875,0.0,1.8998584747314453,0.7922649383544922,0.4,353,3596,268,283,0.8943228576637108,0.49055265132722825,30,396,33,41,0.7112676056338028,0.36352627746751365,
churn,KNN,Yeo-Johnson,6,0.875,0.1875,1.8997154235839844,0.7922649383544922,0.4,366,3612,252,270,0.9002386160917745,0.5164303920725306,22,394,35,49,0.6312584129485538,0.25071199803508687,
churn,KNN,Yeo-Johnson,7,0.890625,0.125,1.89971923828125,0.7922649383544922,0.4,356,3597,267,280,0.8973165455681862,0.4949099144946739,28,397,32,43,0.6852490232771923,0.34347819579448396,
churn,KNN,Yeo-Johnson,8,0.859375,0.1875,1.899810791015625,0.7922649383544922,0.4,370,3612,252,266,0.9013395298644479,0.5213807825409474,22,388,41,49,0.6212777832496142,0.22539527054530842,
churn,KNN,Yeo-Johnson,9,0.71875,0.1875,1.8998146057128906,0.7922649383544922,0.4,366,3608,256,270,0.9026709620818522,0.5139876874243757,22,387,42,49,0.6086378410322073,0.22144836066125514,
churn,KNN,Yeo-Johnson,10,0.84375,0.015625,1.899810791015625,0.7922649383544922,0.4,359,3610,254,277,0.8981716815109966,0.50649535534088,28,383,46,43,0.6950654978823992,0.28224807794156564,
churn,KNN,Quantile Transform,1,0.578125,0.1875,2.0379838943481445,0.9296236038208008,0.4,418,3739,124,219,0.9488733226021049,0.6684205360852032,23,411,19,47,0.7391196013289036,0.35574035382036573,
churn,KNN,Quantile Transform,2,0.75,0.1875,2.038447380065918,0.9296236038208008,0.4,429,3750,113,208,0.9514560917060825,0.6899649949581012,31,409,21,39,0.7495681063122924,0.447879064502899,
churn,KNN,Quantile Transform,3,0.75,0.046875,2.03810977935791,0.9296236038208008,0.4,416,3761,102,221,0.9500518341907344,0.684457318540294,33,411,19,37,0.7559800664451827,0.48564289793484666,
churn,KNN,Quantile Transform,4,0.75,0.015625,2.038357734680176,0.9296236038208008,0.4,418,3753,111,218,0.9487520671380393,0.6797962470120774,36,414,15,35,0.7917364325815031,0.544455770002704,
churn,KNN,Quantile Transform,5,0.75,0.1875,2.038327217102051,0.9296236038208008,0.4,408,3754,110,228,0.9479298914671146,0.6691469486903621,38,407,22,33,0.808348928067238,0.5198017049292293,
churn,KNN,Quantile Transform,6,0.578125,0.1875,2.0379858016967773,0.9296236038208008,0.4,414,3752,112,222,0.9484668183653007,0.674374739180087,28,407,22,43,0.7718408352211168,0.3991785634784371,
churn,KNN,Quantile Transform,7,0.75,0.125,2.0381956100463867,0.9296236038208008,0.4,413,3766,98,223,0.9509579638527547,0.6851652496521073,30,409,20,41,0.7599395909255064,0.4373774690744598,
churn,KNN,Quantile Transform,8,0.765625,0.1875,2.0381479263305664,0.9296236038208008,0.4,425,3770,94,211,0.9546118744872846,0.702253287662237,23,407,22,48,0.682409140155619,0.3325598848477441,
churn,KNN,Quantile Transform,9,0.578125,0.1875,2.038022041320801,0.9296236038208008,0.4,426,3752,112,210,0.9502240891571285,0.6880796928263062,27,417,12,44,0.7768639810893332,0.4585636316819379,
churn,KNN,Quantile Transform,10,0.75,0.109375,2.0380754470825195,0.9296236038208008,0.4,410,3758,106,226,0.9484910299230439,0.674844261599441,37,411,18,34,0.813224334351095,0.5345458086776743,
churn,KNN,Uniform Binning,1,0.1875,0.0,1.9043769836425781,0.7936763763427734,0.4,395,3699,164,242,0.9363658603886407,0.6104924728743898,30,410,20,40,0.752375415282392,0.44189932023991346,
churn,KNN,Uniform Binning,2,0.1875,0.0,1.9043807983398438,0.7936763763427734,0.4,406,3691,172,231,0.9384278492854359,0.6176609405099439,16,404,26,54,0.6749169435215946,0.2102857698984872,
churn,KNN,Uniform Binning,3,0.1875,0.0,1.9041976928710938,0.7936763763427734,0.4,405,3705,158,232,0.9402439762818446,0.6268061354397396,20,403,27,50,0.6952325581395349,0.26505819879892184,
churn,KNN,Uniform Binning,4,0.375,0.1875,1.9043769836425781,0.7936763763427734,0.4,399,3707,157,237,0.9375447608630545,0.6211226363133531,29,401,28,42,0.7517154207295053,0.37691536249975016,
churn,KNN,Uniform Binning,5,0.34375,0.1875,1.9044246673583984,0.7936763763427734,0.4,393,3708,156,243,0.9369986783337891,0.6147498261309841,30,399,30,41,0.7766013329393611,0.37874289762143304,
churn,KNN,Uniform Binning,6,0.28125,0.0625,1.9043769836425781,0.7936763763427734,0.4,391,3714,150,245,0.936438150253265,0.6169472818122147,26,405,24,45,0.7541120850980005,0.36097965788241443,
churn,KNN,Uniform Binning,7,0.1875,0.0,1.9043769836425781,0.7936763763427734,0.4,388,3696,168,248,0.9357502571715041,0.599799443533968,26,408,21,45,0.7343970583407202,0.3794513734408512,
churn,KNN,Uniform Binning,8,0.234375,0.0,1.9042816162109375,0.7936763763427734,0.4,399,3704,160,237,0.9395134250035808,0.6188694088212616,20,407,22,51,0.698758987491382,0.2899333404211673,
churn,KNN,Uniform Binning,9,0.375,0.125,1.9042816162109375,0.7936763763427734,0.4,390,3711,153,246,0.9362076318085342,0.6134537918262117,23,409,20,48,0.7421451787648972,0.3452648333433071,
churn,KNN,Uniform Binning,10,0.375,0.1875,1.9043769836425781,0.7936763763427734,0.4,394,3689,175,242,0.9359805721577665,0.6018772726679883,31,404,25,40,0.7411274171837552,0.41875492766079364,
churn,KNN,Quantile Binning,1,0.375,0.0,1.9052982330322266,0.793670654296875,0.4,383,3581,282,254,0.9023706776563549,0.5188988356932794,21,396,34,49,0.6416112956810631,0.24500618461782922,
churn,KNN,Quantile Binning,2,0.375,0.1875,1.905202865600586,0.793670654296875,0.4,392,3598,265,245,0.9061299264324301,0.5397974763965269,19,383,47,51,0.6261794019933555,0.16619568417046207,
churn,KNN,Quantile Binning,3,0.375,0.0,1.9051189422607422,0.793670654296875,0.4,372,3581,282,265,0.8998177777253995,0.5054155067283476,25,384,46,45,0.6870431893687708,0.24868747220563686,
churn,KNN,Quantile Binning,4,0.375,0.1875,1.9052505493164062,0.793670654296875,0.4,376,3590,274,260,0.9015281358646821,0.5155853163386472,27,388,41,44,0.710118519977675,0.2899112837187495,
churn,KNN,Quantile Binning,5,0.296875,0.0,1.9052085876464844,0.793670654296875,0.4,381,3575,289,255,0.9017342392932015,0.513050445967385,26,381,48,45,0.6696707048819726,0.24997640198209092,
churn,KNN,Quantile Binning,6,0.375,0.140625,1.9051265716552734,0.793670654296875,0.4,376,3582,282,260,0.8982923323827753,0.510933404852837,24,381,48,47,0.70621162874684,0.22482633726432083,
churn,KNN,Quantile Binning,7,0.375,0.0,1.905172348022461,0.793670654296875,0.4,387,3602,262,249,0.9075370782712866,0.5361452680064239,21,375,54,50,0.6441117567878131,0.16608386272079656,
churn,KNN,Quantile Binning,8,0.359375,0.015625,1.90521240234375,0.793670654296875,0.4,385,3589,275,251,0.9037555991770513,0.5260100259088093,17,381,48,54,0.6261696050428445,0.13238290161822294,
churn,KNN,Quantile Binning,9,0.3125,0.0,1.9051170349121094,0.793670654296875,0.4,377,3575,289,259,0.8995340394156022,0.5081503034946641,24,379,50,47,0.6617748448734364,0.21770472602261626,
churn,KNN,Quantile Binning,10,0.375,0.046875,1.9052562713623047,0.793670654296875,0.4,384,3574,290,252,0.903612567873745,0.5161452364694907,23,387,42,48,0.674135723431498,0.23460908047399354,
churn,KNN,PCA,1,0.34375,0.125,1.3527946472167969,0.30946826934814453,0.2,637,2039,1824,0,0.8238381196481859,0.36962400473211265,41,221,209,29,0.5729235880398672,0.0691668501245082,
churn,KNN,PCA,2,0.1875,0.015625,1.3525238037109375,0.30946826934814453,0.2,637,2100,1763,0,0.8360487188563073,0.3798493509028413,29,200,230,41,0.42528239202657814,-0.08374617376533433,
churn,KNN,PCA,3,0.09375,0.0,1.3525714874267578,0.30946826934814453,0.2,637,2071,1792,0,0.8287860395955511,0.3749588893766241,39,195,235,31,0.5232724252491695,0.0074120310426634495,
churn,KNN,PCA,4,0.140625,0.0,1.3526191711425781,0.30946826934814453,0.10799999999999273,636,2070,1794,0,0.8303508356446215,0.37444844800271265,41,189,240,30,0.4960274467316721,0.012680585498858369,
churn,KNN,PCA,5,0.1875,0.078125,1.352752685546875,0.30946826934814453,0.2,636,2072,1792,0,0.8263829885933043,0.37478356096602555,33,209,220,38,0.49318756361009886,-0.03353341382490898,
churn,KNN,PCA,6,0.09375,0.0,1.3525714874267578,0.30946826934814453,0.2,636,2051,1813,0,0.8245602041746423,0.3712773337042753,44,181,248,27,0.5196493647197873,0.029480737235881307,
churn,KNN,PCA,7,0.09375,0.0,1.3525238037109375,0.30946826934814453,0.2,636,2082,1782,0,0.832105054559423,0.3764629258923904,32,194,235,39,0.4428247808529499,-0.06792973382794086,
churn,KNN,PCA,8,0.1875,0.0,1.3525714874267578,0.30946826934814453,0.2,636,2051,1813,0,0.8227608174798495,0.3712773337042753,42,176,253,29,0.4836829836829837,0.0012814950427432054,
churn,KNN,PCA,9,0.09375,0.0,1.3524398803710938,0.30946826934814453,0.2,636,2081,1783,0,0.8312773855098508,0.3762947029669466,37,194,235,34,0.47435897435897434,-0.01868298793183643,
churn,KNN,PCA,10,0.09375,0.0,1.3525753021240234,0.30946826934814453,0.2,636,2059,1805,0,0.8296354756696225,0.37260980812953376,39,208,221,32,0.5172527003512919,0.023855208898817107,
churn,KNN,Select Percentile (Mutual Info),1,0.890625,0.015625,3.8774709701538086,0.5003385543823242,0.4,368,3629,234,269,0.9090660458213433,0.5295603143063524,24,384,46,46,0.6275913621262458,0.23588039867109634,
churn,KNN,Select Percentile (Mutual Info),2,0.3125,0.0,3.877041816711426,0.5003385543823242,0.4,349,3606,257,288,0.8981637976682539,0.4915420119940416,24,396,34,46,0.6716943521594685,0.2858328391767449,
churn,KNN,Select Percentile (Mutual Info),3,0.3125,0.0,3.8770885467529297,0.5003385543823242,0.4,399,3618,245,238,0.9174897621885529,0.5603915003072806,31,395,35,39,0.6895514950166113,0.3705346401177515,
churn,KNN,Select Percentile (Mutual Info),4,0.3125,0.015625,3.877882957458496,0.5003385543823242,0.4,387,3682,182,249,0.9290393830488171,0.5884417123816322,40,395,34,31,0.7697396500213401,0.47587813369841375,
churn,KNN,Select Percentile (Mutual Info),5,0.3125,0.015625,3.8776159286499023,0.5003385543823242,0.4,362,3598,266,274,0.9031696387879735,0.5029981827237803,36,399,30,35,0.7401589021307331,0.4507480946888604,
churn,KNN,Select Percentile (Mutual Info),6,0.3125,0.0,3.877528190612793,0.5003385543823242,0.4,360,3603,261,276,0.9015102315194603,0.5034993114560611,28,395,34,43,0.6887783577924423,0.33372598621326166,
churn,KNN,Select Percentile (Mutual Info),7,0.328125,0.015625,3.878054618835449,0.5003385543823242,0.4,397,3575,289,239,0.9138176377332448,0.5324757958844131,31,400,29,40,0.7168652943300831,0.3963752485349076,
churn,KNN,Select Percentile (Mutual Info),8,0.3125,0.0,3.8777875900268555,0.5003385543823242,0.4,367,3632,232,269,0.9047877439873953,0.5301984722955191,21,391,38,50,0.6153517843658689,0.22417906793154904,
churn,KNN,Select Percentile (Mutual Info),9,0.3125,0.0,3.87783145904541,0.5003385543823242,0.4,418,3668,196,218,0.9401319387476074,0.615528426546844,29,392,37,42,0.6797662431465249,0.33225490470756164,
churn,KNN,Select Percentile (Mutual Info),10,0.3125,0.0,3.8780946731567383,0.5003385543823242,0.4,373,3565,299,263,0.8946982385379637,0.4975962323517215,26,386,43,45,0.6013001083423619,0.26916440757343724,
churn,KNN,Random Undersampling,1,0.015625,0.0,0.9099655151367188,0.2361154556274414,0.8,261,3514,349,376,0.7559914106824355,0.3252460854777022,14,392,38,56,0.5414784053156146,0.12688648033134406,
churn,KNN,Random Undersampling,2,0.15625,0.1875,0.9100494384765625,0.2361154556274414,0.8,264,3478,385,373,0.7471379439686824,0.3123410212316579,22,387,43,48,0.6621760797342193,0.22109308521622334,
churn,KNN,Random Undersampling,3,0.09375,0.09375,0.909881591796875,0.2361154556274414,0.8,260,3453,410,377,0.7439785169528892,0.29576221219672655,21,389,41,49,0.6004152823920266,0.21545896255492808,
churn,KNN,Random Undersampling,4,0.15625,0.046875,0.9089508056640625,0.2357492446899414,0.8,236,3535,329,400,0.7437058088206571,0.3006086840362685,24,381,48,47,0.6514002429495387,0.22482633726432083,
churn,KNN,Random Undersampling,5,0.15625,0.0,0.9086875915527344,0.2357492446899414,0.8,257,3473,391,379,0.7375345065562458,0.30054691167900816,24,386,43,47,0.6443415739190388,0.24365723705010447,
churn,KNN,Random Undersampling,6,0.15625,0.0625,0.9085960388183594,0.2357492446899414,0.8,269,3466,398,367,0.7538893120825033,0.3136911052610033,23,377,52,48,0.6222955448307561,0.19817736276346254,
churn,KNN,Random Undersampling,7,0.15625,0.078125,0.90850830078125,0.2357492446899414,0.6300000000000182,256,3445,419,380,0.7535759860411214,0.28690844512994884,17,382,47,54,0.6167799336813421,0.13569543289589922,
churn,KNN,Random Undersampling,8,0.15625,0.046875,0.9084997177124023,0.2357492446899414,0.8,266,3469,395,370,0.7610671233902365,0.3109873478330281,20,385,44,51,0.6425030368692342,0.18714718955511278,
churn,KNN,Random Undersampling,9,0.15625,0.03125,0.9085969924926758,0.2357492446899414,0.8,261,3490,374,375,0.7542181009674858,0.3137926875477378,22,375,54,49,0.5602285038904757,0.1788753850858432,
churn,KNN,Random Undersampling,10,0.15625,0.03125,0.9085483551025391,0.2357492446899414,0.8,265,3479,385,371,0.7452203536596482,0.31416590017162527,24,378,51,47,0.669194655110148,0.21422411278479556,
churn,KNN,SMOTE / SMOTENC,1,1.015625,0.0,12.337425231933594,1.500086784362793,1.0,549,3863,0,88,0.9863252017388329,0.9179632508618235,13,396,34,57,0.5874252491694352,0.12680131417951404,
churn,KNN,SMOTE / SMOTENC,2,1.453125,0.1875,12.334829330444336,1.5000410079956055,1.0,533,3863,0,104,0.9845263460329471,0.9026619628747057,21,395,35,49,0.6456810631229235,0.24052329639199208,
churn,KNN,SMOTE / SMOTENC,3,1.40625,0.1875,12.338677406311035,1.500086784362793,1.0,546,3863,0,91,0.9857865406661679,0.9151043646851275,13,398,32,57,0.6308970099667773,0.13494276479682624,
churn,KNN,SMOTE / SMOTENC,4,1.421875,0.1875,12.342474937438965,1.500239372253418,1.0,543,3864,0,93,0.9838604535333412,0.9130759224459298,17,401,28,54,0.6428313470566991,0.2124298843006963,
churn,KNN,SMOTE / SMOTENC,5,1.4375,0.1875,12.343396186828613,1.5002622604370117,1.0,557,3864,0,79,0.9885697032436164,0.9264120814319856,18,405,24,53,0.6373157359072852,0.24862052474416996,
churn,KNN,SMOTE / SMOTENC,6,1.421875,0.1875,12.34221363067627,1.500239372253418,1.0,539,3864,0,97,0.9849391903329557,0.9092471792878564,13,397,32,58,0.6035982796546177,0.13234321726933104,
churn,KNN,SMOTE / SMOTENC,7,1.4375,0.109375,12.339802742004395,1.5002851486206055,1.0,546,3864,0,90,0.9896071379741396,0.9159420339753417,19,389,40,52,0.6302570668767852,0.18865711135865265,
churn,KNN,SMOTE / SMOTENC,8,1.40625,0.1875,12.341611862182617,1.5002622604370117,1.0,542,3864,0,94,0.9865599404924672,0.9121195186296166,13,391,38,58,0.598936274992613,0.109012320873342,
churn,KNN,SMOTE / SMOTENC,9,1.359375,0.1875,12.333683013916016,1.500239372253418,1.0,542,3864,0,94,0.986069402125083,0.9121195186296166,14,397,32,57,0.5985587182770281,0.1480504224296419,
churn,KNN,SMOTE / SMOTENC,10,1.28125,0.0,12.337839126586914,1.5002622604370117,0.8239999999999782,540,3864,0,96,0.9844639113507039,0.9102051490620529,21,396,33,50,0.6763518171968876,0.2461178879796775,
churn,SVM,Baseline,1,0.921875,0.046875,2.1304264068603516,0.2821788787841797,-0.9997333975643543,175,3768,95,462,0.7242835563903571,0.36715629369309455,17,415,15,53,0.7416943521594684,0.294844594240936,
churn,SVM,Baseline,2,0.234375,0.046875,2.1306028366088867,0.2861042022705078,-0.9996765577425184,152,3790,73,485,0.721747318174965,0.35143490990242743,16,420,10,54,0.6809302325581394,0.32087019814662676,
churn,SVM,Baseline,3,0.21875,0.046875,2.1306543350219727,0.28049659729003906,-0.9996847058413174,195,3788,75,442,0.7349259224189886,0.4208419631905495,13,423,7,57,0.7053820598006644,0.30002076340107,
churn,SVM,Baseline,4,0.234375,0.046875,2.1306543350219727,0.28404808044433594,-0.9997183491717824,173,3767,97,463,0.7139182682917302,0.3621863470564231,15,414,15,56,0.6627926064545782,0.259123564337801,
churn,SVM,Baseline,5,0.21875,0.046875,2.1306276321411133,0.28273963928222656,-0.9997696341949444,192,3696,168,444,0.7356219969530059,0.3318199884900924,24,409,20,47,0.7623362552940017,0.359046513202422,
churn,SVM,Baseline,6,0.234375,0.046875,2.130650520324707,0.28554344177246094,-0.9998475037249654,267,3591,273,369,0.7416936045678868,0.3743053783280544,32,394,35,39,0.7871236744476181,0.3782187375610002,
churn,SVM,Baseline,7,0.234375,0.03125,2.130650520324707,0.2806835174560547,-0.9996394810421884,156,3750,114,480,0.7239304595231584,0.3165235771071559,18,420,9,53,0.7004169539380807,0.3591260997155189,
churn,SVM,Baseline,8,0.21875,0.03125,2.1306543350219727,0.27881431579589844,-0.9997110440630441,201,3750,114,435,0.7498612413245309,0.39122016009428784,13,419,10,58,0.722315243442004,0.26624436099082877,
churn,SVM,Baseline,9,0.21875,0.046875,2.130650520324707,0.2814311981201172,-0.9996929968891157,180,3729,135,456,0.7284964744716591,0.3387174545601618,16,414,15,55,0.6730358843034899,0.27556751508749766,
churn,SVM,Baseline,10,0.234375,0.03125,2.1305627822875977,0.28348731994628906,-0.9997936967967532,210,3714,150,426,0.7335096911337683,0.3741439666138287,27,414,15,44,0.7729078433303785,0.43452819529065795,
churn,SVM,Standard Scaler,1,0.21875,0.03125,1.9727792739868164,0.25290584564208984,-0.3958188803553357,498,3821,42,139,0.9463338333202614,0.8269806854420254,41,417,13,29,0.8947508305647841,0.6209958759692733,
churn,SVM,Standard Scaler,2,0.21875,0.03125,1.9725027084350586,0.2532796859741211,-0.3920668951315516,491,3814,49,146,0.9464594057619464,0.8132486786147786,47,421,9,23,0.9258803986710964,0.71572129838225,
churn,SVM,Standard Scaler,3,0.21875,0.03125,1.9725027084350586,0.24860668182373047,-0.5234416672434834,515,3793,70,122,0.9441946315952454,0.8192403628771096,52,414,16,18,0.9313621262458471,0.7142905999442059,
churn,SVM,Standard Scaler,4,0.21875,0.03125,1.9725065231323242,0.24991512298583984,-0.5127790216229485,515,3794,70,121,0.9449880854720888,0.8200246512838718,54,408,21,17,0.9162809021963951,0.6956266134247856,
churn,SVM,Standard Scaler,5,0.21875,0.03125,1.972407341003418,0.25739192962646484,-0.6204354889704982,536,3770,94,100,0.9440554318528067,0.8216905611150969,58,398,31,13,0.9418234347811814,0.6794984397831693,
churn,SVM,Standard Scaler,6,0.21875,0.03125,1.972550392150879,0.2525320053100586,-0.6360405669735708,539,3773,91,97,0.9454755719624464,0.8272057563973263,52,390,39,19,0.9042647493351719,0.5803128164938953,
churn,SVM,Standard Scaler,7,0.21875,0.046875,1.972550392150879,0.25290584564208984,-0.5161740517640373,514,3793,71,122,0.946988896050627,0.8181278511097326,53,410,19,18,0.8991759414294626,0.6981105838282947,
churn,SVM,Standard Scaler,8,0.21875,0.046875,1.9725027084350586,0.24841976165771484,-0.5040215031765756,518,3797,67,118,0.9496391460603929,0.8257150518062896,45,406,23,26,0.8562001378902787,0.5907878466187433,
churn,SVM,Standard Scaler,9,0.21875,0.046875,1.9724550247192383,0.25159740447998047,-0.6039753190761492,535,3769,95,101,0.9479496269385523,0.819852162687687,48,409,20,23,0.8768508486818347,0.6409339404354089,
churn,SVM,Standard Scaler,10,0.21875,0.046875,1.972550392150879,0.25141048431396484,-0.5962641745536932,534,3768,96,102,0.9466218569735796,0.8180137642602772,55,401,28,16,0.9017367608916904,0.6654716793252551,
churn,SVM,MinMax Scaler,1,0.21875,0.046875,1.9017219543457031,0.25174808502197266,-0.585376801099504,432,3755,108,205,0.9155486723254187,0.6975074782136981,41,409,21,29,0.8836877076411961,0.5652300056635775,
churn,SVM,MinMax Scaler,2,0.203125,0.046875,1.9016551971435547,0.2511873245239258,-0.5774572902752201,434,3757,106,203,0.9164756326473718,0.7014309087357685,42,412,18,28,0.8801993355481728,0.5959695495718832,
churn,SVM,MinMax Scaler,3,0.203125,0.03125,1.9016551971435547,0.25174808502197266,-0.5950545555357681,432,3755,108,205,0.9147757312766003,0.6975074782136981,41,412,18,29,0.9099999999999999,0.5849518664666677,
churn,SVM,MinMax Scaler,4,0.21875,0.046875,1.9016551971435547,0.2521219253540039,-0.5701367609370521,434,3758,106,202,0.9154060379962757,0.7021268498026981,42,413,16,29,0.8946780918611905,0.6041446640232069,
churn,SVM,MinMax Scaler,5,0.21875,0.046875,1.9016551971435547,0.25230884552001953,-0.5935775567311637,432,3756,108,204,0.9156221108897482,0.6982008441562952,48,407,22,23,0.9138185757904068,0.6284890565834356,
churn,SVM,MinMax Scaler,6,0.203125,0.03125,1.901611328125,0.25081348419189453,-0.6439129551235787,455,3734,130,181,0.9161205841374012,0.706216640835518,43,401,28,28,0.8753734528382416,0.5403657375488361,
churn,SVM,MinMax Scaler,7,0.234375,0.046875,1.901611328125,0.2528696060180664,-0.6144639189513973,431,3755,109,205,0.91534459353881,0.6962378413330937,53,418,11,18,0.9144423651465906,0.7531165128064619,
churn,SVM,MinMax Scaler,8,0.203125,0.046875,1.901611328125,0.25006580352783203,-0.6195081320577711,455,3734,130,181,0.9191744957485316,0.706216640835518,42,408,21,29,0.8593519156899438,0.5707227878508215,
churn,SVM,MinMax Scaler,9,0.21875,0.046875,1.9016151428222656,0.25081348419189453,-0.6221051798834838,452,3731,133,184,0.9184660533614593,0.7005262403131004,44,413,16,27,0.8587609573525066,0.6255958104100765,
churn,SVM,MinMax Scaler,10,0.21875,0.03125,1.9014396667480469,0.25156116485595703,-0.5843452125471108,432,3756,108,204,0.9182617810591559,0.6982008441562952,46,412,17,25,0.8762270593256508,0.6397882913119242,
churn,SVM,IQR Capping,1,0.28125,0.046875,2.2703027725219727,0.2808065414428711,-0.9995716636476444,73,3846,17,564,0.6953799501042576,0.2743904686307871,4,427,3,66,0.6670099667774086,0.14815667398990048,
churn,SVM,IQR Capping,2,0.28125,0.0625,2.2701730728149414,0.2852926254272461,-0.9996847614295021,179,3772,91,458,0.713378666745776,0.37789342759258554,16,417,13,54,0.6624584717607973,0.29442970973982985,
churn,SVM,IQR Capping,3,0.28125,0.0625,2.270125389099121,0.2860403060913086,-0.9996210464273666,106,3834,29,531,0.7186071943662269,0.3247066869431146,8,430,0,62,0.7238538205980066,0.3160440728465208,
churn,SVM,IQR Capping,4,0.296875,0.0625,2.270077705383301,0.28959178924560547,-0.9996710382716374,113,3797,67,523,0.6859175000325533,0.28503160874464145,15,420,9,56,0.657966446698841,0.3107144558866088,
churn,SVM,IQR Capping,5,0.296875,0.046875,2.2700300216674805,0.2854795455932617,-0.9995990891727039,107,3836,28,529,0.6808717300154954,0.3287714281800386,14,428,1,57,0.6779605371154667,0.39870015454973895,
churn,SVM,IQR Capping,6,0.28125,0.0625,2.270077705383301,0.28417110443115234,-0.999681951487232,119,3848,16,517,0.7201005573134368,0.37364468953309216,14,418,11,57,0.751567681145146,0.27473352925740685,
churn,SVM,IQR Capping,7,0.28125,0.046875,2.270077705383301,0.28566646575927734,-0.9996756481169534,102,3786,78,534,0.6815130311079859,0.24922361769631968,9,424,5,62,0.6221149742276503,0.2435409180603219,
churn,SVM,IQR Capping,8,0.265625,0.0625,2.2700300216674805,0.27987194061279297,-0.9997042989318232,161,3800,64,475,0.7239699304660338,0.37815390731673976,14,420,9,57,0.6759250139531829,0.29359636027075775,
churn,SVM,IQR Capping,9,0.28125,0.0625,2.2701730728149414,0.2837972640991211,-0.9997214732913339,196,3790,74,440,0.7305172239801033,0.4239653887524905,21,418,11,50,0.6882694770018714,0.38524636256811645,
churn,SVM,IQR Capping,10,0.296875,0.046875,2.2699832916259766,0.28585338592529297,-0.9996326724936407,118,3802,62,518,0.6725152838001485,0.30130796831206047,18,422,7,53,0.7481204241767622,0.37989468878177307,
churn,SVM,IQR Removal,1,0.171875,0.03125,2.580080986022949,0.17674636840820312,-0.9997813362472339,203,3796,67,434,0.719731656975102,0.4423162309895315,17,423,7,53,0.708671096345515,0.3677833206449919,
churn,SVM,IQR Removal,2,0.171875,0.03125,2.582714080810547,0.18011093139648438,-0.9996223905076169,135,3818,45,502,0.6586042927894191,0.3562835350183154,11,427,3,59,0.6054485049833888,0.3158442933803031,
churn,SVM,IQR Removal,3,0.15625,0.03125,2.596221923828125,0.17469024658203125,-0.9997290932826619,180,3818,45,457,0.6892744473085437,0.4333340149982907,16,426,4,54,0.7061794019933554,0.38826216440138467,
churn,SVM,IQR Removal,4,0.171875,0.03125,2.5676450729370117,0.17674636840820312,-0.9996709382262773,103,3832,32,533,0.6971288754769067,0.31381367439568747,10,424,5,61,0.7259923175416132,0.2643445843560611,
churn,SVM,IQR Removal,5,0.171875,0.03125,2.5943355560302734,0.17730712890625,-0.999769477944814,156,3795,69,480,0.7157648573511987,0.36351946817909503,23,425,4,48,0.6949013427886668,0.48588245285526155,
churn,SVM,IQR Removal,6,0.171875,0.015625,2.5914134979248047,0.178802490234375,-0.9996927610330931,149,3833,31,487,0.6977974400041669,0.40222139763005826,13,421,8,58,0.6696214583538528,0.2861645333360287,
churn,SVM,IQR Removal,7,0.15625,0.03125,2.589996337890625,0.17300796508789062,-0.9997478161562993,197,3791,73,439,0.6973412861179472,0.4266514340436239,22,423,6,49,0.7683115007058668,0.4491726947727044,
churn,SVM,IQR Removal,8,0.171875,0.03125,2.590437889099121,0.17338180541992188,-0.9997032899227931,217,3811,53,419,0.7105868393296613,0.48037233986629124,17,425,4,54,0.686004136708362,0.4004246784093083,
churn,SVM,IQR Removal,9,0.171875,0.03125,2.5689306259155273,0.17319488525390625,-0.9996799386824117,173,3812,52,463,0.7021978397593656,0.4132765612470871,16,423,6,55,0.6397780623132735,0.35972271549517015,
churn,SVM,IQR Removal,10,0.15625,0.03125,2.597820281982422,0.17469024658203125,-0.9996055257074525,92,3821,43,544,0.6891842292016616,0.27267985148872176,14,422,7,57,0.7142059818116157,0.3147295696043486,
churn,SVM,Yeo-Johnson,1,0.4375,0.046875,1.9001846313476562,0.25704288482666016,-0.9814821554350915,270,3773,90,367,0.756773088972342,0.514697967643121,23,423,7,47,0.7679734219269103,0.45628379970071753,
churn,SVM,Yeo-Johnson,2,0.453125,0.046875,1.9000568389892578,0.25554752349853516,-0.9849096230008028,267,3770,93,370,0.7626241958182345,0.5076485981081988,28,419,11,42,0.6969102990033224,0.48445997456645246,
churn,SVM,Yeo-Johnson,3,0.421875,0.03125,1.9000568389892578,0.25610828399658203,-0.9807153388684573,266,3769,94,371,0.754763117138769,0.5052988082632247,25,422,8,45,0.7111627906976744,0.47312459598502477,
churn,SVM,Yeo-Johnson,4,0.4375,0.046875,1.9000091552734375,0.25610828399658203,-0.9843600718132604,265,3769,95,371,0.7612085270257953,0.5034672331030229,37,415,14,34,0.769985882661939,0.5633880938778936,
churn,SVM,Yeo-Johnson,5,0.453125,0.046875,1.9000091552734375,0.2589120864868164,-0.9840769684842424,263,3767,97,373,0.7602066975272472,0.4987645688670522,36,422,7,35,0.7958567254341902,0.6109474918885298,
churn,SVM,Yeo-Johnson,6,0.421875,0.046875,1.9000568389892578,0.2549867630004883,-0.9792349188913806,265,3769,95,371,0.7506885034571662,0.5034672331030229,26,413,16,45,0.7220525952920318,0.4138717874521593,
churn,SVM,Yeo-Johnson,7,0.4375,0.046875,1.8999614715576172,0.2581644058227539,-0.9870157318342433,259,3763,101,377,0.7657501269580842,0.4893592403951108,33,423,6,38,0.7385337667027807,0.5867614599407966,
churn,SVM,Yeo-Johnson,8,0.421875,0.03125,1.8999137878417969,0.25536060333251953,-0.9783911831457475,265,3769,95,371,0.7618018119197365,0.5034672331030229,25,422,7,46,0.699727502544404,0.47888913421812046,
churn,SVM,Yeo-Johnson,9,0.421875,0.046875,1.9000568389892578,0.2536783218383789,-0.9813292694513968,272,3776,88,364,0.7564317291040015,0.5199265579289204,26,411,18,45,0.689779703864211,0.3994979004492023,
churn,SVM,Yeo-Johnson,10,0.4375,0.046875,1.9000091552734375,0.25554752349853516,-0.9757687280302809,245,3794,70,391,0.7541265446566924,0.5012258288324567,29,419,10,42,0.7471026625956202,0.5012962411015575,
churn,SVM,Quantile Transform,1,0.25,0.03125,2.0385541915893555,0.38466930389404297,-0.5672802766185062,440,3763,100,197,0.9206890147683756,0.7132012003019801,41,414,16,29,0.8721926910299004,0.5988589362228314,
churn,SVM,Quantile Transform,2,0.25,0.046875,2.0386438369750977,0.38317394256591797,-0.6276623999004823,458,3736,127,179,0.9221060733578763,0.7111936688675414,42,412,18,28,0.9055481727574751,0.5959695495718832,
churn,SVM,Quantile Transform,3,0.25,0.046875,2.038689613342285,0.3841085433959961,-0.7347773797047608,490,3678,185,147,0.9221906010856125,0.7042142319377095,53,408,22,17,0.9070431893687708,0.6860418191554519,
churn,SVM,Quantile Transform,4,0.25,0.046875,2.038691520690918,0.38317394256591797,-0.6670827659447476,480,3714,150,156,0.9233295245908042,0.7187402491801465,45,405,24,26,0.8969434321546997,0.5848120895815416,
churn,SVM,Quantile Transform,5,0.25,0.046875,2.038548469543457,0.3841085433959961,-0.62919434983816,460,3739,125,176,0.9218194558381186,0.7157006417062142,50,406,23,21,0.9275747726451952,0.6431388153659547,
churn,SVM,Quantile Transform,6,0.25,0.046875,2.038601875305176,0.3857908248901367,-0.6889899065201217,484,3718,146,152,0.9217555698790317,0.7260938428897857,46,396,33,25,0.8934961751863159,0.546401824800938,
churn,SVM,Quantile Transform,7,0.265625,0.046875,2.0387773513793945,0.3878469467163086,-0.6791682567891895,480,3714,150,156,0.9216843594150813,0.7187402491801465,51,405,24,20,0.8980268557733346,0.6474863633607866,
churn,SVM,Quantile Transform,8,0.25,0.046875,2.038607597351074,0.37999629974365234,-0.6784308825228963,482,3716,148,154,0.9256558687188301,0.7224170460349661,42,396,33,29,0.8528513739781346,0.5030656131687895,
churn,SVM,Quantile Transform,9,0.234375,0.046875,2.0386457443237305,0.38242626190185547,-0.6940325556172832,477,3711,153,159,0.9260257562144354,0.713225053897917,45,410,19,26,0.8561016448340392,0.6159118283818924,
churn,SVM,Quantile Transform,10,0.25,0.046875,2.0386877059936523,0.38392162322998047,-0.6687279740107511,476,3710,154,160,0.9232501757881169,0.7113866554705072,51,400,29,20,0.8927410617551462,0.6195497570393642,
churn,SVM,Uniform Binning,1,0.21875,0.046875,1.9044837951660156,0.2498483657836914,-0.6764599637040887,423,3701,162,214,0.907728638359902,0.6448492076335961,40,400,30,30,0.8878073089700997,0.5016611295681063,
churn,SVM,Uniform Binning,2,0.21875,0.046875,1.9044876098632812,0.25227832794189453,-0.7320301637899551,455,3643,220,182,0.908347966518892,0.6417284970718967,40,401,29,30,0.8891362126245849,0.5070364165901695,
churn,SVM,Uniform Binning,3,0.21875,0.03125,1.904531478881836,0.2498483657836914,-0.7582965870562767,453,3641,222,184,0.9086275582337119,0.6381578836509931,44,404,26,26,0.8984053156146179,0.5681063122923588,
churn,SVM,Uniform Binning,4,0.203125,0.03125,1.904531478881836,0.25003528594970703,-0.7307513430996088,460,3649,215,176,0.9114052306730732,0.6513500566275178,46,381,48,25,0.8550510522341509,0.47884507845540286,
churn,SVM,Uniform Binning,5,0.203125,0.03125,1.9043922424316406,0.25153064727783203,-0.7079256466374858,440,3674,190,196,0.9076941482089144,0.6452043120837533,53,394,35,18,0.9174956498900161,0.6094248430762905,
churn,SVM,Uniform Binning,6,0.21875,0.03125,1.904531478881836,0.24947452545166016,-0.6585001889484293,426,3705,159,210,0.9095684076200892,0.6512094357854804,38,388,41,33,0.8726156472635347,0.42072720579088957,
churn,SVM,Uniform Binning,7,0.203125,0.046875,1.9044837951660156,0.2533998489379883,-0.7534429232627793,458,3647,217,178,0.9109252721460473,0.6477770996520514,50,398,31,21,0.8884401982993532,0.5986883829879066,
churn,SVM,Uniform Binning,8,0.203125,0.03125,1.9044837951660156,0.24816608428955078,-0.7260814570283484,454,3643,221,182,0.911967589879813,0.6406311857011187,41,394,35,30,0.835812075248695,0.48210810427133755,
churn,SVM,Uniform Binning,9,0.203125,0.03125,1.904439926147461,0.2505960464477539,-0.7840705416347766,465,3609,255,171,0.9091745120252093,0.6320434222724811,46,396,33,25,0.8705472930825043,0.546401824800938,
churn,SVM,Uniform Binning,10,0.234375,0.03125,1.904531478881836,0.2511568069458008,-0.7409369746065474,454,3643,221,182,0.910203604958527,0.6406311857011187,46,402,27,25,0.8693325453888834,0.5782310275710357,
churn,SVM,Quantile Binning,1,0.25,0.046875,1.9052677154541016,0.2803030014038086,-0.8993660983391959,476,3574,289,161,0.901778373987242,0.6240363150963242,47,372,58,23,0.8497009966777409,0.45708406549631225,
churn,SVM,Quantile Binning,2,0.265625,0.046875,1.9052658081054688,0.2803030014038086,-0.8022709211534524,429,3662,201,208,0.901751552689018,0.6243147876611644,34,394,36,36,0.8181395348837209,0.4019933554817276,
churn,SVM,Quantile Binning,3,0.265625,0.03125,1.905313491821289,0.28067684173583984,-0.8181886455495527,431,3664,199,206,0.902911370645552,0.6279891728513308,38,398,32,32,0.8536877076411961,0.4684385382059801,
churn,SVM,Quantile Binning,4,0.25,0.046875,1.9053153991699219,0.2780599594116211,-0.8137867779605648,432,3666,198,204,0.904179199708322,0.6304971246644747,37,394,35,34,0.8225483436751042,0.43698824089644706,
churn,SVM,Quantile Binning,5,0.265625,0.046875,1.905405044555664,0.28441524505615234,-0.8480322100058831,450,3639,225,186,0.9008860209383179,0.633485271750186,41,384,45,30,0.8424439410354901,0.43709343312735377,
churn,SVM,Quantile Binning,6,0.265625,0.03125,1.9053573608398438,0.28086376190185547,-0.9417998365713677,505,3514,350,131,0.9004538751513731,0.6246629043463998,53,346,83,18,0.8438885058603368,0.43377774454872225,
churn,SVM,Quantile Binning,7,0.25,0.046875,1.9052658081054688,0.2803030014038086,-0.9037403548677119,474,3573,291,162,0.9012713712775239,0.6213381884002012,48,381,48,23,0.8527857119406415,0.4999656237664682,
churn,SVM,Quantile Binning,8,0.25,0.046875,1.9053630828857422,0.2765645980834961,-0.8031321863214147,434,3668,196,202,0.9071126639061422,0.6341739215192943,35,387,42,36,0.7819692045044158,0.382032710677236,
churn,SVM,Quantile Binning,9,0.25,0.046875,1.9053573608398438,0.2789945602416992,-0.8642216912820879,442,3631,233,194,0.9017324081669856,0.6191934438483205,36,376,53,35,0.7921796513345809,0.34995023478273446,
churn,SVM,Quantile Binning,10,0.265625,0.046875,1.9052257537841797,0.2825460433959961,-0.8975456811429897,477,3576,288,159,0.9036229442556349,0.6264327947334268,46,382,47,25,0.8426409271479695,0.4829118886952069,
churn,SVM,PCA,1,1.25,0.03125,1.3527984619140625,0.09113407135009766,-0.9995093079587384,10,3828,35,627,0.5013611808848671,0.023257174825208768,2,424,6,68,0.5424252491694352,0.040424241875717776,
churn,SVM,PCA,2,1.265625,0.046875,1.3528499603271484,0.09068012237548828,-1.0004891658035733,634,42,3821,3,0.48755837188217654,0.021591371669684174,70,4,426,0,0.541063122923588,0.03623297126998782,
churn,SVM,PCA,3,1.25,0.03125,1.3528461456298828,0.09106922149658203,-1.0003817165421276,636,44,3819,1,0.5067473852282106,0.03440524209679644,70,7,423,0,0.5054152823920266,0.04807733129473592,
churn,SVM,PCA,4,1.265625,0.046875,1.3527507781982422,0.0917825698852539,-0.9994907887116629,17,3791,73,619,0.4900984901753975,0.019501526910610623,1,417,12,70,0.5085524803834662,-0.030461156658360595,
churn,SVM,PCA,5,1.265625,0.046875,1.3528461456298828,0.09145832061767578,-0.9996130094635074,11,3830,34,625,0.4905009310259516,0.029747691335275835,0,427,2,71,0.43645556321612655,-0.025781065052974922,
churn,SVM,PCA,6,1.25,0.03125,1.352670669555664,0.0902261734008789,-0.9995545899713976,29,3713,151,607,0.4870995123507429,0.011588768012002326,0,416,13,71,0.4420040053842871,-0.06646725199921236,
churn,SVM,PCA,7,1.265625,0.03125,1.3528938293457031,0.09016132354736328,-1.0004073285075459,633,42,3822,3,0.4910335852963007,0.02154143165657905,71,7,422,0,0.528809218950064,0.04847592318687488,
churn,SVM,PCA,8,1.265625,0.03125,1.352762222290039,0.0902261734008789,-1.0002440459384692,454,1213,2651,182,0.4848297296769405,0.020909646579374126,43,157,272,28,0.48954332052923594,-0.020531332952422706,
churn,SVM,PCA,9,1.25,0.03125,1.3526668548583984,0.09061527252197266,-1.0005081957349613,634,43,3821,2,0.46560900816438144,0.027952572030560913,71,4,425,0,0.5197806887947733,0.03653336582574601,
churn,SVM,PCA,10,1.265625,0.03125,1.3528022766113281,0.09029102325439453,-1.0003773307629305,607,196,3668,29,0.4751638247587796,0.008195285917081048,68,39,390,3,0.4367510423848452,0.06122559283331005,
churn,SVM,Select Percentile (Mutual Info),1,0.515625,0.03125,3.8781661987304688,0.13250160217285156,-0.9881971429238171,356,3454,409,281,0.7646410761680167,0.4203857268295952,33,381,49,37,0.7423588039867111,0.3349916303338583,
churn,SVM,Select Percentile (Mutual Info),2,0.515625,0.046875,3.878279685974121,0.13414955139160156,-0.9871380890286802,332,3475,388,305,0.7532188605743577,0.4000802971521258,39,386,44,31,0.7793687707641196,0.42414380357204384,
churn,SVM,Select Percentile (Mutual Info),3,0.515625,0.046875,3.878363609313965,0.1336345672607422,-0.9856037593788114,337,3480,383,300,0.7632675005923036,0.40877467078634266,35,387,43,35,0.7545182724252492,0.3825072862534027,
churn,SVM,Select Percentile (Mutual Info),4,0.515625,0.03125,3.877704620361328,0.1315746307373047,-0.9792892680385576,337,3526,338,299,0.7731633397137909,0.4316132026363365,45,387,42,26,0.7791785679109622,0.4934095011244587,
churn,SVM,Select Percentile (Mutual Info),5,0.515625,0.03125,3.87850284576416,0.1351795196533203,-0.7509632004721435,219,3768,96,417,0.7571796424339492,0.4362224791235388,28,417,12,43,0.8322334942053251,0.4714085581713057,
churn,SVM,Select Percentile (Mutual Info),6,0.515625,0.03125,3.8784589767456055,0.1339435577392578,-0.987383960838584,332,3476,388,304,0.7524899247366433,0.4006212904526375,42,388,41,29,0.7817065563544436,0.4652788753444082,
churn,SVM,Select Percentile (Mutual Info),7,0.515625,0.03125,3.877924919128418,0.13466453552246094,-0.8007652793974515,234,3738,126,402,0.7638022155813378,0.43057593744547706,26,418,11,45,0.736498243540497,0.45410386665987273,
churn,SVM,Select Percentile (Mutual Info),8,0.53125,0.03125,3.8781871795654297,0.13620948791503906,-0.820808521628779,209,3758,106,427,0.7643633540372671,0.4112211907739549,18,418,11,53,0.6724449259660528,0.3402943758500989,
churn,SVM,Select Percentile (Mutual Info),9,0.515625,0.03125,3.8784103393554688,0.1311626434326172,-0.9815979160825401,327,3516,348,309,0.7652500260426838,0.4137484177590047,34,388,41,37,0.7484815653829738,0.37469161299812553,
churn,SVM,Select Percentile (Mutual Info),10,0.53125,0.046875,3.8780555725097656,0.1352825164794922,-0.9894512628541393,346,3445,419,290,0.7585615323515242,0.4039683181825731,37,379,50,34,0.7457565908270133,0.3724980262425231,
churn,SVM,Random Undersampling,1,0.078125,0.03125,0.9107170104980469,0.24567031860351562,0.8416518375985846,59,3832,31,578,0.5814134092674087,0.21064226815234335,3,430,0,67,0.5806644518272426,0.19256069323885033,
churn,SVM,Random Undersampling,2,0.078125,0.03125,0.9107608795166016,0.24417495727539062,0.879060197737198,96,3824,39,541,0.5759398325131841,0.2873368300040981,13,425,5,57,0.5881063122923588,0.3242561840767631,
churn,SVM,Random Undersampling,3,0.0625,0.046875,0.9107170104980469,0.2387542724609375,0.9641227623149148,68,3841,22,569,0.564418865776064,0.25162325417420006,4,428,2,66,0.557375415282392,0.16727642548310923,
churn,SVM,Random Undersampling,4,0.0625,0.03125,0.9091320037841797,0.24752426147460938,0.8183371759198843,90,3819,45,546,0.5681858503587379,0.2652009745965462,9,425,4,62,0.6131521061098526,0.25758760606845355,
churn,SVM,Random Undersampling,5,0.078125,0.03125,0.9092912673950195,0.2439727783203125,0.8521254405942263,70,3799,65,566,0.5746403668112036,0.19041220567479036,7,421,8,64,0.5375422699366361,0.16357790671080277,
churn,SVM,Random Undersampling,6,0.078125,0.03125,0.9092044830322266,0.2505149841308594,0.665065486671447,95,3824,40,541,0.600944698360613,0.28389816682698515,10,420,9,61,0.5650218326274664,0.21882889827047547,
churn,SVM,Random Undersampling,7,0.0625,0.03125,0.9091691970825195,0.24154281616210938,0.9776310646676922,36,3855,9,600,0.5697565497350157,0.19002620068482237,5,429,0,66,0.5124593716143011,0.24704830266521818,
churn,SVM,Random Undersampling,8,0.078125,0.03125,0.9094791412353516,0.24565505981445312,0.8800948980621379,63,3837,27,573,0.5782851218146543,0.2290973768844631,7,426,3,64,0.5700121474769362,0.2283748855990785,
churn,SVM,Random Undersampling,9,0.078125,0.03125,0.9093875885009766,0.24640274047851562,0.8196455995752567,63,3837,27,573,0.5859371948122973,0.2290973768844631,6,420,9,65,0.5374109458616501,0.12998901416238332,
churn,SVM,Random Undersampling,10,0.078125,0.03125,0.9092998504638672,0.24677658081054688,0.8130689085568154,118,3802,62,518,0.5692861537560061,0.30130796831206047,9,423,6,62,0.5344233231557175,0.2307556918076417,
churn,SVM,SMOTE / SMOTENC,1,2.5,0.203125,12.338028907775879,1.452000617980957,0.5862664663472538,246,3749,114,391,0.6547469024448427,0.4583030113637433,21,422,8,49,0.60734219269103,0.4177252330814671,
churn,SVM,SMOTE / SMOTENC,2,2.5,0.203125,12.33578872680664,1.4588708877563477,0.5975027548391231,214,3762,101,423,0.6556011201549458,0.42326901539318035,24,418,12,46,0.5927906976744187,0.42278040347352036,
churn,SVM,SMOTE / SMOTENC,3,2.5625,0.203125,12.339212417602539,1.4604120254516602,0.7227359841643368,168,3806,57,469,0.6515799573378804,0.398234398528635,17,425,5,53,0.6408305647840532,0.39120167271866657,
churn,SVM,SMOTE / SMOTENC,4,2.578125,0.1875,12.342589378356934,1.4691858291625977,0.5911685903595226,218,3767,97,418,0.6427277432712215,0.43372235028858036,25,418,11,46,0.7236941462293575,0.4408522427479932,
churn,SVM,SMOTE / SMOTENC,5,2.53125,0.203125,12.344520568847656,1.4727602005004883,0.5164358984875584,236,3695,169,400,0.6524843906663021,0.3984568326508617,31,414,15,40,0.6314061525329131,0.48506932726412394,
churn,SVM,SMOTE / SMOTENC,6,2.546875,0.1875,12.342564582824707,1.449559211730957,0.6842073552009563,169,3808,56,467,0.6522813391148092,0.4015690099369713,13,418,11,58,0.6209987195902688,0.2571060266446128,
churn,SVM,SMOTE / SMOTENC,7,2.515625,0.1875,12.340609550476074,1.4525957107543945,0.5012436633884892,231,3690,174,405,0.6440485956482674,0.3873118104800499,27,414,15,44,0.7047834794313668,0.43452819529065795,
churn,SVM,SMOTE / SMOTENC,8,2.59375,0.1875,12.342470169067383,1.461918830871582,0.5951793222551727,223,3772,92,413,0.649368220763832,0.4462229944633723,22,421,8,49,0.6611838865359992,0.4280122934220288,
churn,SVM,SMOTE / SMOTENC,9,2.578125,0.1875,12.334127426147461,1.452549934387207,0.6230989633030832,230,3779,85,406,0.6564709558967147,0.463723896308081,21,410,19,50,0.6099018352539479,0.32356537236489263,
churn,SVM,SMOTE / SMOTENC,10,2.609375,0.1875,12.338743209838867,1.455937385559082,0.6120113132207636,216,3765,99,420,0.6489067769574333,0.4287220926186636,25,419,10,46,0.6538954003742737,0.44981365435124326,
churn,RandomForest,Baseline,1,1.21875,0.015625,2.1304140090942383,4.397576332092285,0.57,636,3863,0,1,1.0,0.9990854560014255,49,427,3,21,0.9226910299003321,0.7877535653904277,
churn,RandomForest,Baseline,2,1.234375,0.015625,2.1267576217651367,4.447786331176758,0.5713999999999987,630,3863,0,7,1.0,0.9935904992728826,48,429,1,22,0.9232392026578072,0.7975625127289451,
churn,RandomForest,Baseline,3,1.234375,0.0,2.1267099380493164,4.45723819732666,0.59,632,3863,0,5,1.0,0.9954236259914563,47,430,0,23,0.9493687707641196,0.7983347537594948,
churn,RandomForest,Baseline,4,1.21875,0.0,2.1264867782592773,4.460145950317383,0.5713999999999987,630,3864,0,6,1.0,0.9945000132916207,51,429,0,20,0.9291178305262813,0.8284406281305488,
churn,RandomForest,Baseline,5,1.234375,0.0,2.1264429092407227,4.444268226623535,0.58,631,3864,0,5,1.0,0.9954176012904121,50,428,1,21,0.9451229521652058,0.809508304255359,
churn,RandomForest,Baseline,6,1.234375,0.0,2.1266660690307617,4.389192581176758,0.56,632,3864,0,4,1.0,0.9963348180198471,48,427,2,23,0.9219278374207951,0.7811676194386641,
churn,RandomForest,Baseline,7,1.21875,0.015625,2.126753807067871,4.392388343811035,0.58,632,3864,0,4,1.0,0.9963348180198471,49,428,1,22,0.9137857447716602,0.8002670722366754,
churn,RandomForest,Baseline,8,1.234375,0.0,2.1266183853149414,4.346917152404785,0.59,631,3864,0,5,1.0,0.9954176012904121,40,428,1,31,0.8881939656587543,0.7137737270800937,
churn,RandomForest,Baseline,9,1.28125,0.015625,2.1268014907836914,4.377739906311035,0.5713999999999987,630,3864,0,6,1.0,0.9945000132916207,40,429,0,31,0.8806756623658033,0.7248540195537282,
churn,RandomForest,Baseline,10,1.296875,0.0,2.1265382766723633,4.397271156311035,0.58,632,3864,0,4,1.0,0.9963348180198471,48,428,1,23,0.9002265340293508,0.7909597592655907,
churn,RandomForest,Standard Scaler,1,1.21875,0.015625,1.9690485000610352,4.398598670959473,0.5713999999999987,630,3863,0,7,1.0,0.9935904992728826,49,428,2,21,0.9238372093023255,0.7972191493580539,
churn,RandomForest,Standard Scaler,2,1.234375,0.015625,1.9688940048217773,4.448808670043945,0.5713999999999987,630,3863,0,7,1.0,0.9935904992728826,47,429,1,23,0.9229235880398671,0.7881091728726528,
churn,RandomForest,Standard Scaler,3,1.234375,0.0,1.9689416885375977,4.458260536193848,0.59,632,3863,0,5,1.0,0.9954236259914563,47,430,0,23,0.9495681063122924,0.7983347537594948,
churn,RandomForest,Standard Scaler,4,1.234375,0.015625,1.9689416885375977,4.46116828918457,0.5713999999999987,630,3864,0,6,1.0,0.9945000132916207,51,429,0,20,0.9289536754325487,0.8284406281305488,
churn,RandomForest,Standard Scaler,5,1.234375,0.0,1.9688940048217773,4.445290565490723,0.58,631,3864,0,5,1.0,0.9954176012904121,50,428,1,21,0.9425785482123511,0.809508304255359,
churn,RandomForest,Standard Scaler,6,1.25,0.015625,1.9689416885375977,4.390214920043945,0.56,632,3864,0,4,1.0,0.9963348180198471,48,427,2,23,0.9202862864834697,0.7811676194386641,
churn,RandomForest,Standard Scaler,7,1.234375,0.015625,1.9689416885375977,4.393410682678223,0.58,632,3864,0,4,1.0,0.9963348180198471,49,428,1,22,0.9151482320496406,0.8002670722366754,
churn,RandomForest,Standard Scaler,8,1.25,0.0,1.9688940048217773,4.347939491271973,0.5813999999999987,630,3864,0,6,1.0,0.9945000132916207,40,428,1,31,0.8885222758462196,0.7137737270800937,
churn,RandomForest,Standard Scaler,9,1.234375,0.015625,1.9689416885375977,4.378762245178223,0.5713999999999987,630,3864,0,6,1.0,0.9945000132916207,40,429,0,31,0.8806428313470567,0.7248540195537282,
churn,RandomForest,Standard Scaler,10,1.234375,0.015625,1.968846321105957,4.398293495178223,0.58,632,3864,0,4,1.0,0.9963348180198471,48,428,1,23,0.8995042516169277,0.7909597592655907,
churn,RandomForest,MinMax Scaler,1,1.234375,0.0,1.8980655670166016,4.402707099914551,0.57,635,3863,0,2,1.0,0.9981705479738007,49,427,3,21,0.9225415282392027,0.7877535653904277,
churn,RandomForest,MinMax Scaler,2,1.21875,0.015625,1.8980941772460938,4.452917098999023,0.5713999999999987,630,3863,0,7,1.0,0.9935904992728826,48,429,1,22,0.9259302325581394,0.7975625127289451,
churn,RandomForest,MinMax Scaler,3,1.25,0.015625,1.8979148864746094,4.462368965148926,0.59,632,3863,0,5,1.0,0.9954236259914563,47,430,0,23,0.9505980066445182,0.7983347537594948,
churn,RandomForest,MinMax Scaler,4,1.234375,0.0,1.8980464935302734,4.465276718139648,0.5713999999999987,630,3864,0,6,1.0,0.9945000132916207,51,429,0,20,0.9280015758888999,0.8284406281305488,
churn,RandomForest,MinMax Scaler,5,1.234375,0.015625,1.8980941772460938,4.449398994445801,0.58,631,3864,0,5,1.0,0.9954176012904121,50,428,1,21,0.9450244591089662,0.809508304255359,
churn,RandomForest,MinMax Scaler,6,1.234375,0.0,1.8980941772460938,4.394323348999023,0.56,632,3864,0,4,1.0,0.9963348180198471,48,427,2,23,0.9218293443645557,0.7811676194386641,
churn,RandomForest,MinMax Scaler,7,1.234375,0.0,1.898050308227539,4.397519111633301,0.58,632,3864,0,4,1.0,0.9963348180198471,49,428,1,22,0.9151482320496406,0.8002670722366754,
churn,RandomForest,MinMax Scaler,8,1.25,0.0,1.8979988098144531,4.352047920227051,0.5813999999999987,630,3864,0,6,1.0,0.9945000132916207,39,428,1,32,0.8881775501493812,0.7037335644385263,
churn,RandomForest,MinMax Scaler,9,1.203125,0.015625,1.8978233337402344,4.382870674133301,0.5713999999999987,630,3864,0,6,1.0,0.9945000132916207,40,429,0,31,0.8810203880626416,0.7248540195537282,
churn,RandomForest,MinMax Scaler,10,1.234375,0.015625,1.898050308227539,4.402401924133301,0.58,632,3864,0,4,0.9999999999999999,0.9963348180198471,48,428,1,23,0.9001608719918579,0.7909597592655907,
churn,RandomForest,IQR Capping,1,1.296875,0.03125,2.2667837142944336,4.440939903259277,0.5713999999999987,630,3863,0,7,1.0,0.9935904992728826,46,426,4,24,0.911079734219269,0.7493075430155055,
churn,RandomForest,IQR Capping,2,1.265625,0.015625,2.266551971435547,4.50135612487793,0.5713999999999987,630,3863,0,7,1.0,0.9935904992728826,49,430,0,21,0.9293521594684385,0.8169490589790409,
churn,RandomForest,IQR Capping,3,1.296875,0.03125,2.266598701477051,4.534171104431152,0.58,633,3863,0,4,1.0,0.9963396343463985,48,430,0,22,0.9514451827242525,0.8076749418118945,
churn,RandomForest,IQR Capping,4,1.28125,0.015625,2.266646385192871,4.458784103393555,0.58,631,3864,0,5,1.0,0.9954176012904121,51,429,0,20,0.9348632588069208,0.8284406281305488,
churn,RandomForest,IQR Capping,5,1.265625,0.015625,2.2666940689086914,4.519819259643555,0.5713999999999987,630,3864,0,6,1.0,0.9945000132916207,48,428,1,23,0.9422994845530057,0.7909597592655907,
churn,RandomForest,IQR Capping,6,1.28125,0.015625,2.266598701477051,4.437726974487305,0.5613999999999988,630,3864,0,6,1.0,0.9945000132916207,45,427,2,26,0.9295118027512393,0.7525019837780226,
churn,RandomForest,IQR Capping,7,1.28125,0.03125,2.2665510177612305,4.498007774353027,0.58,632,3864,0,4,1.0,0.9963348180198471,50,429,0,21,0.9173807413244033,0.8193665250346868,
churn,RandomForest,IQR Capping,8,1.28125,0.03125,2.2666940689086914,4.393781661987305,0.5813999999999987,630,3864,0,6,1.0,0.9945000132916207,42,428,1,29,0.876818017663088,0.7335702573709403,
churn,RandomForest,IQR Capping,9,1.265625,0.03125,2.266598701477051,4.37562370300293,0.58,634,3864,0,2,1.0,0.9981681432320999,44,429,0,27,0.8956466069142126,0.7635603856702251,
churn,RandomForest,IQR Capping,10,1.28125,0.015625,2.266646385192871,4.414838790893555,0.5713999999999987,630,3864,0,6,1.0,0.9945000132916207,50,428,1,21,0.9089267539971765,0.809508304255359,
churn,RandomForest,IQR Removal,1,1.109375,0.015625,2.5766525268554688,3.213313102722168,0.3,478,3845,18,159,0.9139148082419412,0.830094403475323,43,423,7,27,0.8171428571428572,0.691668501245082,
churn,RandomForest,IQR Removal,2,1.109375,0.015625,2.5784835815429688,3.2760438919067383,0.36,482,3849,14,155,0.9254928718336136,0.8382368058879879,38,427,3,32,0.7347508305647841,0.6777239735250621,
churn,RandomForest,IQR Removal,3,1.125,0.0,2.5925426483154297,3.2601661682128906,0.28,480,3845,18,157,0.9303985279171109,0.8321215939842326,42,422,8,28,0.7937043189368772,0.6724554873216074,
churn,RandomForest,IQR Removal,4,1.078125,0.015625,2.5633487701416016,3.2806215286254883,0.2611000000000013,475,3844,20,161,0.9180778546036954,0.8257706669309985,49,417,12,22,0.8572014839620474,0.7062026906384884,
churn,RandomForest,IQR Removal,5,1.125,0.015625,2.590121269226074,3.352041244506836,0.29110000000000125,478,3847,17,158,0.9146029874213837,0.831886882615358,46,423,6,25,0.8028825634459438,0.72483439080075,
churn,RandomForest,IQR Removal,6,1.125,0.015625,2.5882797241210938,3.2467384338378906,0.3,479,3847,17,157,0.9163085797622303,0.8329006842003883,41,420,9,30,0.7625989034439739,0.6474714498525846,
churn,RandomForest,IQR Removal,7,1.125,0.015625,2.5860538482666016,3.2095069885253906,0.56,451,3861,3,185,0.9149498841100564,0.8193131369275206,44,428,1,27,0.8688236645983126,0.7530148867624116,
churn,RandomForest,IQR Removal,8,1.125,0.015625,2.5860891342163086,3.1501331329345703,0.59,454,3863,1,182,0.9192426543354559,0.8245621813564504,35,429,0,36,0.7833152762730227,0.674383626568539,
churn,RandomForest,IQR Removal,9,1.109375,0.0,2.5649003982543945,3.1644763946533203,0.59,453,3863,1,183,0.9194546580595595,0.823549123034906,29,429,0,42,0.7709215666962145,0.6099412663810807,
churn,RandomForest,IQR Removal,10,1.109375,0.015625,2.594003677368164,3.182337760925293,0.2811000000000013,475,3844,20,161,0.9250214852142662,0.8257706669309985,42,416,13,29,0.779162152401589,0.6261089824833739,
churn,RandomForest,Yeo-Johnson,1,1.421875,0.015625,1.8965015411376953,4.397096633911133,0.57,635,3863,0,2,1.0,0.9981705479738007,49,427,3,21,0.9238538205980067,0.7877535653904277,
churn,RandomForest,Yeo-Johnson,2,1.40625,0.015625,1.8964481353759766,4.4473066329956055,0.5713999999999987,630,3863,0,7,1.0,0.9935904992728826,47,429,1,23,0.9254485049833887,0.7881091728726528,
churn,RandomForest,Yeo-Johnson,3,1.40625,0.015625,1.8964004516601562,4.456758499145508,0.59,632,3863,0,5,0.9999999999999999,0.9954236259914563,47,430,0,23,0.9495348837209302,0.7983347537594948,
churn,RandomForest,Yeo-Johnson,4,1.390625,0.015625,1.8964004516601562,4.4596662521362305,0.5713999999999987,630,3864,0,6,1.0,0.9945000132916207,51,429,0,20,0.928017991398273,0.8284406281305488,
churn,RandomForest,Yeo-Johnson,5,1.390625,0.015625,1.8964481353759766,4.443788528442383,0.5713999999999987,630,3864,0,6,1.0,0.9945000132916207,50,428,1,21,0.9432023375685348,0.809508304255359,
churn,RandomForest,Yeo-Johnson,6,1.40625,0.015625,1.8964004516601562,4.3887128829956055,0.56,632,3864,0,4,1.0,0.9963348180198471,48,427,2,23,0.9215831117239568,0.7811676194386641,
churn,RandomForest,Yeo-Johnson,7,1.40625,0.015625,1.8964004516601562,4.391908645629883,0.58,632,3864,0,4,1.0,0.9963348180198471,49,428,1,22,0.9156078663120917,0.8002670722366754,
churn,RandomForest,Yeo-Johnson,8,1.390625,0.015625,1.8964481353759766,4.346437454223633,0.5813999999999987,630,3864,0,6,1.0,0.9945000132916207,39,428,1,32,0.8884730293180996,0.7037335644385263,
churn,RandomForest,Yeo-Johnson,9,1.390625,0.015625,1.8964004516601562,4.377260208129883,0.5713999999999987,630,3864,0,6,1.0,0.9945000132916207,40,429,0,31,0.8809383105157753,0.7248540195537282,
churn,RandomForest,Yeo-Johnson,10,1.421875,0.0,1.8964481353759766,4.396791458129883,0.58,632,3864,0,4,1.0,0.9963348180198471,48,428,1,23,0.9012935421386126,0.7909597592655907,
churn,RandomForest,Quantile Transform,1,1.265625,0.015625,2.0351266860961914,4.535301208496094,0.5713999999999987,630,3863,0,7,1.0,0.9935904992728826,49,428,2,21,0.9203986710963455,0.7972191493580539,
churn,RandomForest,Quantile Transform,2,1.28125,0.015625,2.034785270690918,4.585511207580566,0.5713999999999987,630,3863,0,7,1.0,0.9935904992728826,48,429,1,22,0.9255813953488373,0.7975625127289451,
churn,RandomForest,Quantile Transform,3,1.28125,0.015625,2.0350828170776367,4.594963073730469,0.59,632,3863,0,5,1.0,0.9954236259914563,48,430,0,22,0.9495681063122923,0.8076749418118945,
churn,RandomForest,Quantile Transform,4,1.265625,0.015625,2.0350351333618164,4.597870826721191,0.57,632,3864,0,4,1.0,0.9963348180198471,52,429,0,19,0.9286253652450835,0.8374562663136073,
churn,RandomForest,Quantile Transform,5,1.265625,0.015625,2.035031318664551,4.581993103027344,0.58,631,3864,0,5,1.0,0.9954176012904121,50,428,1,21,0.9446469023933812,0.809508304255359,
churn,RandomForest,Quantile Transform,6,1.28125,0.015625,2.0349950790405273,4.526917457580566,0.5613999999999988,630,3864,0,6,1.0,0.9945000132916207,47,427,2,24,0.9212548015364918,0.7716877998273179,
churn,RandomForest,Quantile Transform,7,1.28125,0.015625,2.0351266860961914,4.530113220214844,0.58,632,3864,0,4,0.9999999999999999,0.9963348180198471,49,428,1,22,0.9138678223185266,0.8002670722366754,
churn,RandomForest,Quantile Transform,8,1.25,0.015625,2.0351686477661133,4.484642028808594,0.59,631,3864,0,5,1.0,0.9954176012904121,39,428,1,32,0.8865359992120556,0.7037335644385263,
churn,RandomForest,Quantile Transform,9,1.265625,0.015625,2.035029411315918,4.515464782714844,0.5713999999999987,630,3864,0,6,1.0,0.9945000132916207,40,429,0,31,0.8822351357562626,0.7248540195537282,
churn,RandomForest,Quantile Transform,10,1.28125,0.015625,2.0351686477661133,4.534996032714844,0.58,632,3864,0,4,1.0,0.9963348180198471,47,428,1,24,0.8978462851702288,0.7815837348925133,
churn,RandomForest,Uniform Binning,1,0.765625,0.015625,1.90087890625,9.0502290725708,0.57,635,3863,0,2,1.0,0.9981705479738007,26,423,7,44,0.8932392026578073,0.49633973808438814,
churn,RandomForest,Uniform Binning,2,0.78125,0.015625,1.9009227752685547,9.14269733428955,0.5613999999999988,630,3863,0,7,1.0,0.9935904992728826,29,428,2,41,0.8933554817275747,0.5894032965250314,
churn,RandomForest,Uniform Binning,3,0.78125,0.0,1.9008312225341797,9.21166706085205,0.58,631,3863,0,6,0.9999999999999999,0.9945072480970764,25,426,4,45,0.9148671096345514,0.5163616517547769,
churn,RandomForest,Uniform Binning,4,0.765625,0.015625,1.900735855102539,9.018643379211426,0.55,633,3864,0,3,1.0,0.9972516648715752,36,419,10,35,0.878410322072294,0.5841925345683834,
churn,RandomForest,Uniform Binning,5,0.796875,0.0,1.9008750915527344,9.036343574523926,0.57,631,3864,0,5,1.0,0.9954176012904121,34,419,10,37,0.903690206507108,0.5613034494363235,
churn,RandomForest,Uniform Binning,6,0.765625,0.015625,1.9009227752685547,8.99926471710205,0.5613999999999988,630,3864,0,6,1.0,0.9945000132916207,27,416,13,44,0.9040021011851999,0.45028810305610384,
churn,RandomForest,Uniform Binning,7,0.796875,0.015625,1.9008750915527344,8.962796211242676,0.58,631,3864,0,5,0.9999997965415316,0.9954176012904121,33,424,5,38,0.8997833152762729,0.5968585458984923,
churn,RandomForest,Uniform Binning,8,0.765625,0.015625,1.9008312225341797,8.9031343460083,0.58,631,3864,0,5,1.0,0.9954176012904121,28,423,6,43,0.866804556945402,0.5274038391505207,
churn,RandomForest,Uniform Binning,9,0.78125,0.0,1.9008312225341797,8.927090644836426,0.58,631,3864,0,5,1.0,0.9954176012904121,22,419,10,49,0.8678387340359173,0.4086570554806175,
churn,RandomForest,Uniform Binning,10,0.78125,0.015625,1.9008750915527344,9.09508991241455,0.57,631,3864,0,5,1.0,0.9954176012904121,35,423,6,36,0.878032765356709,0.6093536722085252,
churn,RandomForest,Quantile Binning,1,0.796875,0.015625,1.9016265869140625,8.585280418395996,0.57,634,3863,0,3,1.0,0.9972552745471388,22,425,5,48,0.8669933554817274,0.46464650706073607,
churn,RandomForest,Quantile Binning,2,0.796875,0.0,1.9016590118408203,8.460005760192871,0.57,631,3863,0,6,1.0,0.9945072480970764,22,427,3,48,0.8685880398671096,0.4892622134922338,
churn,RandomForest,Quantile Binning,3,0.796875,0.015625,1.9013710021972656,8.639296531677246,0.5813999999999987,630,3863,0,7,1.0,0.9935904992728826,21,428,2,49,0.8957308970099668,0.4892100898050525,
churn,RandomForest,Quantile Binning,4,0.796875,0.0,1.9016647338867188,8.516768455505371,0.58,633,3864,0,3,1.0,0.9972516648715752,26,423,6,45,0.8623067073771299,0.5022998271306215,
churn,RandomForest,Quantile Binning,5,0.8125,0.015625,1.9017047882080078,8.667983055114746,0.58,632,3864,0,4,1.0,0.9963348180198471,19,429,0,52,0.9152631406152532,0.4885440563688429,
churn,RandomForest,Quantile Binning,6,0.8125,0.0,1.9016151428222656,8.549422264099121,0.5713999999999987,630,3864,0,6,1.0,0.9945000132916207,22,421,8,49,0.8736826553727963,0.4280122934220288,
churn,RandomForest,Quantile Binning,7,0.8125,0.015625,1.9017047882080078,8.541640281677246,0.5713999999999987,630,3864,0,6,1.0,0.9945000132916207,25,424,5,46,0.8867658163432812,0.5003931773152693,
churn,RandomForest,Quantile Binning,8,0.8125,0.0,1.9016666412353516,8.507765769958496,0.59,632,3864,0,4,1.0,0.9963348180198471,18,424,5,53,0.834859975705046,0.4030043573904737,
churn,RandomForest,Quantile Binning,9,0.796875,0.0,1.9017963409423828,8.550795555114746,0.58,632,3864,0,4,1.0,0.9963348180198471,22,425,4,49,0.8637512722019764,0.4724732692666159,
churn,RandomForest,Quantile Binning,10,0.8125,0.015625,1.9017047882080078,8.602370262145996,0.5713999999999987,630,3864,0,6,1.0,0.9945000132916207,21,427,2,50,0.8883088742243672,0.48506035523026064,
churn,RandomForest,PCA,1,1.953125,0.015625,1.3492851257324219,9.990310668945312,0.54,632,3863,0,5,0.9999999999999999,0.9954236259914563,15,379,51,55,0.6220265780730897,0.09808269885469893,
churn,RandomForest,PCA,2,1.875,0.015625,1.3491954803466797,9.896621704101562,0.54,632,3863,0,5,1.0,0.9954236259914563,8,368,62,62,0.550797342192691,-0.029900332225913623,
churn,RandomForest,PCA,3,1.890625,0.0,1.349142074584961,9.979782104492188,0.54,632,3863,0,5,1.0,0.9954236259914563,16,361,69,54,0.5821926910299002,0.06291252298087859,
churn,RandomForest,PCA,4,1.96875,0.0,1.3491497039794922,9.950180053710938,0.53,631,3864,0,5,1.0,0.9954176012904121,12,378,51,59,0.5610985258872583,0.052731511892551854,
churn,RandomForest,PCA,5,1.953125,0.015625,1.3491935729980469,9.926376342773438,0.53,632,3864,0,4,1.0,0.9963348180198471,11,381,48,60,0.5540070258380118,0.04656928506706715,
churn,RandomForest,PCA,6,1.9375,0.015625,1.3492374420166016,10.073165893554688,0.5213999999999988,630,3864,0,6,0.9999989827076579,0.9945000132916207,20,371,58,51,0.6409435634787748,0.14091856715444168,
churn,RandomForest,PCA,7,1.96875,0.015625,1.3491973876953125,10.026168823242188,0.54,633,3864,0,3,1.0,0.9972516648715752,9,384,45,62,0.5931908467119734,0.02458963597276706,
churn,RandomForest,PCA,8,1.890625,0.0,1.3491897583007812,9.999923706054688,0.54,631,3864,0,5,1.0,0.9954176012904121,13,379,50,58,0.5776617748448735,0.0699978877578275,
churn,RandomForest,PCA,9,1.96875,0.015625,1.3492851257324219,9.930496215820312,0.54,632,3864,0,4,1.0,0.9963348180198471,17,372,57,54,0.6091303063134049,0.10475386016445484,
churn,RandomForest,PCA,10,1.984375,0.015625,1.3492851257324219,10.091629028320312,0.54,634,3864,0,2,1.0,0.9981681432320999,19,373,56,52,0.6345579303325782,0.13399036267813055,
churn,RandomForest,Select Percentile (Mutual Info),1,1.25,0.0,3.8745927810668945,5.565557479858398,0.58,631,3863,0,6,0.9999999999999999,0.9945072480970764,43,420,10,27,0.8947009966777408,0.6661944402052051,
churn,RandomForest,Select Percentile (Mutual Info),2,1.234375,0.015625,3.874216079711914,6.395349502563477,0.57,632,3863,0,5,1.0,0.9954236259914563,38,421,9,32,0.9010797342192691,0.6205759021059705,
churn,RandomForest,Select Percentile (Mutual Info),3,1.328125,0.0,3.8742246627807617,5.231050491333008,0.5713999999999987,630,3863,0,7,1.0,0.9935904992728826,39,423,7,31,0.9217607973421927,0.6493282687937223,
churn,RandomForest,Select Percentile (Mutual Info),4,1.328125,0.0,3.874447822570801,4.880478858947754,0.58,631,3864,0,5,1.0,0.9954176012904121,49,428,1,22,0.9134902656029418,0.8002670722366754,
churn,RandomForest,Select Percentile (Mutual Info),5,1.40625,0.015625,3.874220848083496,5.198667526245117,0.57,633,3864,0,3,1.0,0.9972516648715752,41,426,3,30,0.9170196001181916,0.7028833048000546,
churn,RandomForest,Select Percentile (Mutual Info),6,1.265625,0.015625,3.874444007873535,5.558216094970703,0.5513999999999988,630,3864,0,6,1.0,0.9945000132916207,42,422,7,29,0.9283791326044847,0.6753280026359542,
churn,RandomForest,Select Percentile (Mutual Info),7,1.34375,0.0,3.8742637634277344,5.039348602294922,0.5713999999999987,630,3864,0,6,1.0,0.9945000132916207,42,424,5,29,0.8858137167996322,0.6935992558300481,
churn,RandomForest,Select Percentile (Mutual Info),8,1.421875,0.015625,3.8741846084594727,4.598614692687988,0.58,633,3864,0,3,1.0,0.9972516648715752,36,428,1,35,0.8771627433599263,0.6729912987720258,
churn,RandomForest,Select Percentile (Mutual Info),9,1.265625,0.015625,3.8742170333862305,5.422234535217285,0.57,631,3864,0,5,1.0,0.9954176012904121,42,421,8,29,0.857825273318231,0.6665709026505959,
churn,RandomForest,Select Percentile (Mutual Info),10,1.359375,0.0,3.8741321563720703,5.4344587326049805,0.5613999999999988,630,3864,0,6,1.0,0.9945000132916207,39,420,9,32,0.8888177550149381,0.6259827524333229,
churn,RandomForest,Random Undersampling,1,0.78125,0.0,0.9074077606201172,2.521862030029297,0.73,596,3774,89,41,0.9957067635592839,0.885560851631908,44,418,12,26,0.8896677740863786,0.6608907596910664,
churn,RandomForest,Random Undersampling,2,0.765625,0.015625,0.9074077606201172,2.551314353942871,0.671500000000001,617,3805,58,20,0.998270839031166,0.9309481841650871,54,421,9,16,0.9294518272425248,0.7847331332435213,
churn,RandomForest,Random Undersampling,3,0.765625,0.0,0.9074039459228516,2.520793914794922,0.69,612,3793,70,25,0.9974170277043691,0.9163566052687308,53,420,10,17,0.9461129568106312,0.7673640953231247,
churn,RandomForest,Random Undersampling,4,0.75,0.015625,0.9060306549072266,2.5297813415527344,0.68,619,3762,102,17,0.9968708087555502,0.89925474214229,58,415,14,13,0.9213204635739846,0.7797113159944971,
churn,RandomForest,Random Undersampling,5,0.78125,0.015625,0.9060306549072266,2.573110580444336,0.68,619,3797,67,17,0.99809400106775,0.9264483512082964,60,418,11,11,0.9351423224662662,0.8194293968941856,
churn,RandomForest,Random Undersampling,6,0.765625,0.0,0.9059944152832031,2.4949913024902344,0.65,630,3762,102,6,0.9968063124210581,0.9100999233919872,56,412,17,15,0.9274106175514627,0.7405004970583332,
churn,RandomForest,Random Undersampling,7,0.75,0.0,0.9061222076416016,2.491936683654785,0.7,613,3801,63,23,0.9978803696758988,0.9238655487758964,52,427,2,19,0.8892773892773893,0.8183992056641962,
churn,RandomForest,Random Undersampling,8,0.75,0.015625,0.9059028625488281,2.474233627319336,0.71,604,3787,77,32,0.9971316425120773,0.9037923368376062,47,414,15,24,0.8834006369217636,0.664044476422262,
churn,RandomForest,Random Undersampling,9,0.75,0.015625,0.9059944152832031,2.462029457092285,0.71,608,3785,79,28,0.9968006155839421,0.9061350484112823,50,418,11,21,0.8789027873534916,0.7237098226390458,
churn,RandomForest,Random Undersampling,10,0.765625,0.0,0.9057235717773438,2.4713401794433594,0.7015000000000009,606,3795,69,30,0.9971230972564032,0.9121759158365622,50,420,9,21,0.903181325716537,0.7392474382385464,
churn,RandomForest,SMOTE / SMOTENC,1,2.546875,0.015625,12.333975791931152,11.082992553710938,0.6513999999999988,630,3863,0,7,1.0,0.9935904992728826,38,424,6,32,0.8947674418604652,0.6478150839125906,
churn,RandomForest,SMOTE / SMOTENC,2,2.5625,0.015625,12.332067489624023,10.852081298828125,0.62,632,3863,0,5,1.0,0.9954236259914563,45,424,6,25,0.9090365448504985,0.7210395842020049,
churn,RandomForest,SMOTE / SMOTENC,3,2.578125,0.0,12.33479118347168,10.966110229492188,0.64,635,3863,0,2,1.0,0.9981705479738007,38,424,6,32,0.9100830564784054,0.6478150839125906,
churn,RandomForest,SMOTE / SMOTENC,4,2.5625,0.0,12.338275909423828,11.325103759765625,0.6313999999999987,630,3864,0,6,0.9999999999999999,0.9945000132916207,51,424,5,20,0.9260152992547358,0.7821312966826555,
churn,RandomForest,SMOTE / SMOTENC,5,2.640625,0.015625,12.339889526367188,11.340995788574219,0.6413999999999987,630,3864,0,6,1.0,0.9945000132916207,49,424,5,22,0.9515578318395219,0.7630171426624686,
churn,RandomForest,SMOTE / SMOTENC,6,2.578125,0.015625,12.338658332824707,11.11865234375,0.6313999999999987,630,3864,0,6,1.0,0.9945000132916207,48,422,7,23,0.9297744509012115,0.7359847910502134,
churn,RandomForest,SMOTE / SMOTENC,7,2.59375,0.015625,12.336227416992188,11.036758422851562,0.6313999999999987,630,3864,0,6,1.0,0.9945000132916207,43,422,7,28,0.9104862273876358,0.6856703554486073,
churn,RandomForest,SMOTE / SMOTENC,8,2.5625,0.015625,12.33872127532959,10.687614440917969,0.6513999999999988,630,3864,0,6,1.0,0.9945000132916207,38,421,8,33,0.8749630651039102,0.6238418174900872,
churn,RandomForest,SMOTE / SMOTENC,9,2.546875,0.015625,12.33017349243164,11.06585693359375,0.65,631,3864,0,5,1.0,0.9954176012904121,40,424,5,31,0.8820873961719032,0.6729282197310463,
churn,RandomForest,SMOTE / SMOTENC,10,2.578125,0.015625,12.334636688232422,11.193290710449219,0.65,631,3864,0,5,1.0,0.9954176012904121,45,427,2,26,0.9078925769066613,0.7525019837780226,
churn,MLP,Baseline,1,4.09375,0.0,2.1266965866088867,0.08308887481689453,0.0075938244326108064,253,3306,557,384,0.6945151664281874,0.22954747628332772,22,361,69,48,0.6467109634551496,0.13832968661752792,
churn,MLP,Baseline,2,3.8125,0.09375,2.130093574523926,0.0829935073852539,0.26083016346844057,196,3519,344,441,0.7055480668142923,0.23454267660937603,18,390,40,52,0.6560132890365449,0.177835544777471,
churn,MLP,Baseline,3,5.796875,0.0,2.130185127258301,0.0834207534790039,0.10356453319863912,313,3366,497,324,0.7679986150456917,0.3291054391068037,32,381,49,38,0.7782392026578072,0.3231971725886683,
churn,MLP,Baseline,4,3.09375,0.0,2.130448341369629,0.08280086517333984,0.11558123099321911,411,2970,894,225,0.7657680313033061,0.318498906786682,38,330,99,33,0.7059653961062411,0.2382587413662818,
churn,MLP,Baseline,5,3.546875,0.09375,2.130396842956543,0.08287429809570312,0.09755317622094277,291,3435,429,345,0.7713053569800903,0.32928063327509177,23,368,61,48,0.7075412850060737,0.16968832105437304,
churn,MLP,Baseline,6,4.125,0.09375,2.130448341369629,0.08301734924316406,0.035740642348141304,365,3104,760,271,0.7630233765641886,0.30347258751608547,45,342,87,26,0.772940674349125,0.3412949581751696,
churn,MLP,Baseline,7,4.3125,0.0,2.130364418029785,0.08306312561035156,0.49166104321256193,369,3243,621,267,0.7859840716434235,0.3527616911763031,45,378,51,26,0.8382744016546834,0.45632337308852927,
churn,MLP,Baseline,8,4.03125,0.0,2.1304445266723633,0.08296775817871094,0.05404718986245036,305,3314,550,331,0.7481517832727841,0.29945314573207255,25,368,61,46,0.6601989559736038,0.19416252684565097,
churn,MLP,Baseline,9,2.328125,0.09375,2.130539894104004,0.08263587951660156,0.017140271235292326,403,2782,1082,233,0.7306006419521596,0.26199063335129696,40,306,123,31,0.6932269608325947,0.20601859489373756,
churn,MLP,Baseline,10,3.28125,0.0,2.130141258239746,0.08282661437988281,0.006350910350934715,288,3027,837,348,0.6670455063348828,0.1900386591726943,25,326,103,46,0.6235267080337502,0.08959313784643465,
churn,MLP,Standard Scaler,1,22.9375,0.03125,1.9726648330688477,0.08619976043701172,0.4092864034382896,554,3832,31,83,0.9820321684897699,0.8931670482520773,48,419,11,22,0.9033887043189369,0.7100179344344952,
churn,MLP,Standard Scaler,2,23.6875,0.0,1.9723882675170898,0.08619976043701172,0.40703478878045257,551,3829,34,86,0.9824848794931262,0.8874803801463105,49,420,10,21,0.9129235880398672,0.7278845155727564,
churn,MLP,Standard Scaler,3,22.8125,0.03125,1.9723405838012695,0.08619976043701172,0.4047445673624166,545,3823,40,92,0.9790558171535206,0.876107043934777,52,418,12,18,0.9108637873754153,0.7425501455829319,
churn,MLP,Standard Scaler,4,23.890625,0.0,1.9723882675170898,0.08619976043701172,0.3831877380084763,546,3825,39,90,0.9822059292680703,0.8788254566821879,54,410,19,17,0.9233067402081486,0.7080466031608738,
churn,MLP,Standard Scaler,5,23.21875,0.09375,1.9724359512329102,0.08619976043701172,0.40853495252803346,547,3826,38,89,0.978922109587614,0.8807222568563272,54,408,21,17,0.9455333398995371,0.6956266134247856,
churn,MLP,Standard Scaler,6,23.125,0.09375,1.9723405838012695,0.08619976043701172,0.39199204035847734,549,3828,36,87,0.9826930088414911,0.8845158572046057,49,410,19,22,0.8833842214123905,0.6576493050409641,
churn,MLP,Standard Scaler,7,23.5,0.078125,1.9724359512329102,0.08619976043701172,0.36003110641079483,549,3828,36,87,0.9801501849030562,0.8845158572046057,56,422,7,15,0.9031484946977905,0.8124520499646807,
churn,MLP,Standard Scaler,8,23.21875,0.0,1.9723882675170898,0.08619976043701172,0.4315332201136645,559,3838,26,77,0.9824521140148704,0.9034838589459979,42,411,18,29,0.8676253324140648,0.5903311085831274,
churn,MLP,Standard Scaler,9,23.46875,0.09375,1.9723882675170898,0.08619976043701172,0.41042718211885204,553,3832,32,83,0.9812618819745562,0.8921030579011625,47,415,14,24,0.8847302931809974,0.6711884266373733,
churn,MLP,Standard Scaler,10,23.328125,0.0,1.9724359512329102,0.08619976043701172,0.42067259005857954,546,3825,39,90,0.9784952537208483,0.8788254566821879,51,422,7,20,0.9062346104599627,0.7651831066309803,
churn,MLP,MinMax Scaler,1,22.65625,0.0,1.9015636444091797,0.08710956573486328,0.3486871614394463,477,3755,108,160,0.9304097034580373,0.7472092335373975,43,412,18,27,0.8966445182724252,0.6068828320550943,
churn,MLP,MinMax Scaler,2,23.0625,0.0,1.9014968872070312,0.08710956573486328,0.4666173473810604,456,3779,84,181,0.9312305977370139,0.7445886444785443,49,418,12,21,0.9183388704318938,0.7125501852858129,
churn,MLP,MinMax Scaler,3,22.328125,0.0625,1.9014968872070312,0.08710956573486328,0.4174205868490076,485,3718,145,152,0.9283761613926919,0.7271975729858222,55,409,21,15,0.9251495016611296,0.7121780260597927,
churn,MLP,MinMax Scaler,4,22.3125,0.0,1.901540756225586,0.08710956573486328,0.39849637817400185,479,3758,106,157,0.9316265609333699,0.7517398450148596,50,411,18,21,0.9147706753340556,0.6743646696465193,
churn,MLP,MinMax Scaler,5,22.046875,0.0,1.9015445709228516,0.08710956573486328,0.3775619912679631,449,3773,91,187,0.9264924899410134,0.73157189215072,50,411,18,21,0.936997275025444,0.6743646696465193,
churn,MLP,MinMax Scaler,6,21.6875,0.0,1.901540756225586,0.08710956573486328,0.43294374932899005,461,3785,79,175,0.9327777289477454,0.7551279260291376,45,416,13,26,0.9073836961160904,0.6578241448924647,
churn,MLP,MinMax Scaler,7,22.34375,0.09375,1.901540756225586,0.08710956573486328,0.4275738318417271,451,3775,89,185,0.9279447764886649,0.7354978977971229,52,423,6,19,0.91877605962113,0.783076266920733,
churn,MLP,MinMax Scaler,8,21.671875,0.03125,1.901449203491211,0.08710956573486328,0.35306198873744576,479,3758,106,157,0.9329925810904071,0.7517398450148596,41,413,16,30,0.8818739945500509,0.5932639872963158,
churn,MLP,MinMax Scaler,9,22.828125,0.0,1.9014968872070312,0.08710956573486328,0.4057704979821869,477,3756,108,159,0.9325893264059796,0.7479462446665811,43,415,14,28,0.8799041334252602,0.6293220914290768,
churn,MLP,MinMax Scaler,10,21.9375,0.046875,1.901540756225586,0.08710956573486328,0.38112091630347683,487,3721,143,149,0.931342532911442,0.7316090381720153,51,411,18,20,0.8914934830427788,0.6844903049525219,
churn,MLP,IQR Capping,1,5.25,0.09375,2.2699575424194336,0.08368778228759766,0.21737384045045877,254,3532,331,383,0.7621881465304414,0.3245002376754029,25,383,47,45,0.7108305647840532,0.24494436166566985,
churn,MLP,IQR Capping,2,4.03125,0.09375,2.269637107849121,0.08337974548339844,0.9109720456006463,273,3506,357,364,0.754260014605416,0.3377127428281892,24,396,34,46,0.7046179401993355,0.2858328391767449,
churn,MLP,IQR Capping,3,5.71875,0.09375,2.2694950103759766,0.08375930786132812,0.01233975632437525,117,3485,378,520,0.5709681391423931,0.09561524409365928,10,389,41,60,0.5773089700996678,0.054468389086575114,
churn,MLP,IQR Capping,4,6.46875,0.1875,2.269637107849121,0.08390426635742188,0.6323182911989418,298,3352,512,338,0.7506303143351954,0.3047144889645038,27,374,55,44,0.7018286877441807,0.23762669091108804,
churn,MLP,IQR Capping,5,3.75,0.09375,2.26949405670166,0.08330631256103516,0.9908032718786302,153,3702,162,483,0.6896090504837428,0.27121397601628544,12,404,25,59,0.6390229488821038,0.14766146170285846,
churn,MLP,IQR Capping,6,6.640625,0.15625,2.269589424133301,0.08397388458251953,0.017864966391400523,156,3570,294,480,0.6439212306470306,0.19647332719288085,18,394,35,53,0.668997668997669,0.19495440704379768,
churn,MLP,IQR Capping,7,4.953125,0.09375,2.269637107849121,0.08356857299804688,0.1875458830234612,223,3547,317,413,0.7388504759300494,0.2879332541071901,33,403,26,38,0.8066581306017927,0.4373108073689273,
churn,MLP,IQR Capping,8,3.921875,0.125,2.269589424133301,0.08342742919921875,0.014644280543718958,125,3584,280,511,0.6176055054233889,0.15103734045884085,7,396,33,64,0.5706687678518664,0.027879000752066466,
churn,MLP,IQR Capping,9,4.65625,0.09375,2.269589424133301,0.08354473114013672,0.22769937417878108,313,3367,497,323,0.7713696498561141,0.32962031576522066,29,366,63,42,0.7186381693423947,0.23565003562216788,
churn,MLP,IQR Capping,10,4.875,0.09375,2.269637107849121,0.08364009857177734,0.6351132137970019,259,3493,371,377,0.7607202267015638,0.3124541967225744,32,383,46,39,0.7676877113496833,0.3304101410958693,
churn,MLP,IQR Removal,1,2.609375,0.0,2.580122947692871,0.0829172134399414,0.3474153962489279,207,3665,198,430,0.697343187857592,0.33339627065807903,18,410,20,52,0.6479069767441861,0.2757993409164697,
churn,MLP,IQR Removal,2,2.34375,0.0,2.58199405670166,0.08284378051757812,0.054209918344482494,42,3815,48,595,0.5713281947518847,0.1332337389999474,4,422,8,66,0.5297009966777408,0.08737238834257247,
churn,MLP,IQR Removal,3,4.578125,0.0,2.596096992492676,0.08344173431396484,0.021059570923117055,110,3703,160,527,0.6389723216393828,0.1926778678263659,10,410,20,60,0.6380398671096346,0.14076840629064688,
churn,MLP,IQR Removal,4,4.40625,0.0,2.567972183227539,0.0832986831665039,0.9839617789477759,232,3691,173,404,0.7199963865776007,0.3895408149142123,29,408,21,42,0.7268787550477691,0.41827801627644845,
churn,MLP,IQR Removal,5,4.109375,0.0,2.5940723419189453,0.08337020874023438,0.019351822521297322,125,3719,145,511,0.6567264997330625,0.23325617308202154,11,412,17,60,0.6307495321579828,0.17504377541519506,
churn,MLP,IQR Removal,6,4.390625,0.0,2.5910120010375977,0.08339405059814453,0.09842249983747854,176,3590,274,460,0.6639008522468326,0.2390000213904741,22,401,28,49,0.6504809744246364,0.28458184669036907,
churn,MLP,IQR Removal,7,4.03125,0.078125,2.589292526245117,0.08327293395996094,0.8470177984623453,135,3774,90,501,0.679427581806581,0.3020548238009872,15,418,11,56,0.7329524935158739,0.2918247612446413,
churn,MLP,IQR Removal,8,4.6875,0.0,2.589686393737793,0.08346366882324219,0.4104285317485475,230,3689,175,406,0.7246205906480722,0.38508280604588757,15,409,20,56,0.6729702222659969,0.22524368213394758,
churn,MLP,IQR Removal,9,4.453125,0.046875,2.5685806274414062,0.08348751068115234,0.06967471045927459,80,3809,55,556,0.6343464751227261,0.22780659013566826,6,423,6,65,0.6212285367214945,0.16083328133507613,
churn,MLP,IQR Removal,10,4.234375,0.0,2.5973739624023438,0.08336830139160156,0.03765748600956071,87,3771,93,549,0.6286675423519149,0.2003945389940627,8,416,13,63,0.6063232542105782,0.14333935199442924,
churn,MLP,Yeo-Johnson,1,11.234375,0.0,1.9000225067138672,0.08417129516601562,0.5384503147860148,296,3619,244,341,0.8200026740021564,0.4307142027129023,28,399,31,42,0.7660132890365449,0.35268631166927367,
churn,MLP,Yeo-Johnson,2,7.015625,0.0,1.899942398071289,0.08333015441894531,0.14437450102422125,346,3444,419,291,0.8004263773651,0.4034148444740345,26,371,59,44,0.734451827242525,0.21635770098302148,
churn,MLP,Yeo-Johnson,3,7.0,0.0,1.899942398071289,0.08333015441894531,0.7044068157464102,272,3685,178,365,0.8144657014521294,0.44262500532199434,26,408,22,44,0.7528239202657807,0.3772280251485786,
churn,MLP,Yeo-Johnson,4,11.21875,0.03125,1.899942398071289,0.08417129516601562,0.4329164442955551,365,3554,310,271,0.8403766585934346,0.4816346002928656,36,376,53,35,0.7596441117567877,0.34995023478273446,
churn,MLP,Yeo-Johnson,5,8.15625,0.0,1.8998947143554688,0.08358383178710938,0.6106578220358376,301,3580,284,335,0.8154932809875386,0.41410941401807666,30,394,35,41,0.7488755376079319,0.3538729558057259,
churn,MLP,Yeo-Johnson,6,8.671875,0.0,1.8998947143554688,0.08364677429199219,0.35215220908982375,281,3650,214,355,0.8205907294555776,0.4302553860090804,28,403,26,43,0.7654552020749203,0.3753427016503753,
churn,MLP,Yeo-Johnson,7,11.484375,0.0625,1.899942398071289,0.0842132568359375,0.07763844607063229,300,3579,285,336,0.8110192292667683,0.4122126138439374,37,397,32,34,0.7971043041465578,0.45190780242023454,
churn,MLP,Yeo-Johnson,8,10.828125,0.09375,1.8998947143554688,0.08402442932128906,0.2950516864148849,320,3644,220,316,0.8354810409260779,0.47834452795773175,28,396,33,43,0.7373518500279063,0.3385529186267809,
churn,MLP,Yeo-Johnson,9,9.0625,0.09375,1.899942398071289,0.08368682861328125,0.24054822940016865,326,3560,304,310,0.8218643794679481,0.4356268913590329,28,394,35,43,0.7659148363373716,0.32899352573696233,
churn,MLP,Yeo-Johnson,10,6.296875,0.0,1.899942398071289,0.08331108093261719,0.25224919857987255,255,3624,240,381,0.7958929059728895,0.37724818341129757,31,398,31,40,0.7992711513838274,0.3858815372988933,
churn,MLP,Quantile Transform,1,22.359375,0.09375,2.0384321212768555,0.22376060485839844,0.35214365501892364,565,3798,65,72,0.9806780993127653,0.8741729805924762,48,411,19,22,0.9017607973421927,0.653457995856829,
churn,MLP,Quantile Transform,2,23.96875,0.09375,2.038619041442871,0.22376060485839844,0.4707105655726457,554,3832,31,83,0.984664313165478,0.8931670482520773,47,417,13,23,0.9069767441860466,0.6846554944486515,
churn,MLP,Quantile Transform,3,23.234375,0.0625,2.0383615493774414,0.22376060485839844,0.4240005366668028,551,3829,34,86,0.9824641539444985,0.8874803801463105,53,416,14,17,0.9290697674418604,0.7380589792665686,
churn,MLP,Quantile Transform,4,23.703125,0.0,2.0386152267456055,0.22376060485839844,0.37651359093969095,549,3828,36,87,0.9823914833912784,0.8845158572046057,55,413,16,16,0.9337798351882859,0.7373518500279064,
churn,MLP,Quantile Transform,5,22.640625,0.0,2.038662910461426,0.22376060485839844,0.3833906494204331,548,3827,37,88,0.980688942927458,0.8826190570304664,52,410,19,19,0.9272792934764766,0.6881053219081388,
churn,MLP,Quantile Transform,6,23.625,0.09375,2.0385313034057617,0.22376060485839844,0.3577049924880259,553,3832,32,83,0.9856460050522807,0.8921030579011625,47,405,24,24,0.884008010768574,0.6060277750418596,
churn,MLP,Quantile Transform,7,24.140625,0.0,2.0385732650756836,0.22376060485839844,0.3698365296620446,548,3827,37,88,0.9827967726603904,0.8826190570304664,57,421,8,14,0.9108309530844741,0.8138907606566936,
churn,MLP,Quantile Transform,8,23.34375,0.09375,2.0384416580200195,0.22376060485839844,0.40203361604305093,555,3834,30,81,0.9841054175293306,0.895896658249441,44,408,21,27,0.8784267375816671,0.5924007064691906,
churn,MLP,Quantile Transform,9,23.3125,0.09375,2.038662910461426,0.22376060485839844,0.44157614566517633,552,3831,33,84,0.9835719494251076,0.8902062577270233,45,420,9,26,0.9028858465478183,0.6891743919934984,
churn,MLP,Quantile Transform,10,23.703125,0.09375,2.0385313034057617,0.22376060485839844,0.42697917468642677,552,3831,33,84,0.9841819179134602,0.8902062577270233,52,421,8,19,0.9038051150727207,0.7666546177178728,
churn,MLP,Uniform Binning,1,22.296875,0.0,1.9043216705322266,0.08783245086669922,0.37894663837466036,444,3722,141,193,0.9365700680001187,0.6846558843739633,39,407,23,31,0.879202657807309,0.5302529013527126,
churn,MLP,Uniform Binning,2,23.421875,0.03125,1.9042778015136719,0.08783245086669922,0.33216909958937446,448,3726,137,189,0.9382541204219397,0.6922381085149857,42,414,16,28,0.8767774086378738,0.6098247223745665,
churn,MLP,Uniform Binning,3,23.046875,0.0,1.9044170379638672,0.08783245086669922,0.4135690495706351,475,3708,155,162,0.939824385517962,0.7088256470349905,44,411,19,26,0.8921262458471759,0.6110427540395547,
churn,MLP,Uniform Binning,4,23.140625,0.09375,1.9044170379638672,0.08783245086669922,0.4248746679242229,488,3677,187,148,0.9416468905035353,0.7013714542840468,46,393,36,25,0.8757674250631998,0.5316425236351485,
churn,MLP,Uniform Binning,5,22.578125,0.0,1.9043693542480469,0.08783245086669922,0.31769954289764213,467,3701,163,169,0.9403065061135202,0.6948410696238186,50,393,36,21,0.9064644275911881,0.5737420679108116,
churn,MLP,Uniform Binning,6,23.015625,0.0,1.9043216705322266,0.08783245086669922,0.47591500158078737,433,3757,107,203,0.9428277634543015,0.7001638469794967,29,403,26,42,0.8683476148264883,0.38804473058855493,
churn,MLP,Uniform Binning,7,22.84375,0.0,1.9043731689453125,0.08783245086669922,0.2433589248379598,505,3649,215,131,0.9415156597913982,0.7016440634213063,49,404,25,22,0.9222889786270068,0.6211006755160499,
churn,MLP,Uniform Binning,8,22.5625,0.0,1.9043731689453125,0.08783245086669922,0.32444414816251904,492,3681,183,144,0.9449343724364232,0.7085173682349796,41,400,29,30,0.8563314619652648,0.5128972700336707,
churn,MLP,Uniform Binning,9,23.3125,0.09375,1.9043254852294922,0.08783245086669922,0.3219994770937557,484,3673,191,152,0.9359744684037137,0.6942255403331141,46,403,26,25,0.8806592468564299,0.5838695587956113,
churn,MLP,Uniform Binning,10,22.265625,0.09375,1.9044170379638672,0.08783245086669922,0.39308577607367207,455,3734,130,181,0.9411374304985872,0.706216640835518,47,414,15,24,0.8946124298236975,0.664044476422262,
churn,MLP,Quantile Binning,1,23.609375,0.09375,1.9052906036376953,0.08781909942626953,0.4239014031888677,429,3752,111,208,0.9439467377783269,0.6916223324305922,38,407,23,32,0.867873754152824,0.5188267043628287,
churn,MLP,Quantile Binning,2,23.109375,0.0,1.9052047729492188,0.08781909942626953,0.3911284874132545,444,3767,96,193,0.950021761826059,0.7210480613461212,27,401,29,43,0.8196013289036544,0.3501843737743593,
churn,MLP,Quantile Binning,3,22.9375,0.0,1.9051475524902344,0.08781909942626953,0.38604654280504214,498,3686,177,139,0.9474969023432467,0.7184966856213238,39,393,37,31,0.8767441860465116,0.45530587959999375,
churn,MLP,Quantile Binning,4,23.1875,0.09375,1.9052009582519531,0.08781909942626953,0.4720312330083413,463,3742,122,173,0.9512399572899983,0.7213910422286319,41,396,33,30,0.85166945730326,0.4920139716781511,
churn,MLP,Quantile Binning,5,22.90625,0.0,1.9052467346191406,0.08781909942626953,0.4136820588486986,414,3783,81,222,0.9475675319348412,0.7014076146823541,31,400,29,40,0.8571522374339275,0.3963752485349076,
churn,MLP,Quantile Binning,6,23.53125,0.078125,1.9051990509033203,0.08781909942626953,0.42540400579729015,438,3762,102,198,0.94933762061018,0.709978861095504,34,398,31,37,0.8533110082405857,0.42202374170957296,
churn,MLP,Quantile Binning,7,23.375,0.0,1.9051570892333984,0.08781909942626953,0.3849319883290651,464,3743,121,172,0.9485103584775447,0.7232878424027711,37,402,27,34,0.8490429758035393,0.47870714395732294,
churn,MLP,Quantile Binning,8,22.734375,0.0,1.9052009582519531,0.08781909942626953,0.32720441997553734,480,3714,150,156,0.9498116788416214,0.7187402491801465,35,403,26,36,0.8440526609540693,0.46110284263068335,
churn,MLP,Quantile Binning,9,23.96875,0.03125,1.905242919921875,0.08781909942626953,0.38991969142381444,448,3727,137,188,0.9470283669935025,0.6929390396165435,34,409,20,37,0.8394891493483042,0.4861068276538305,
churn,MLP,Quantile Binning,10,23.21875,0.0,1.9052906036376953,0.08781909942626953,0.4731833393290915,417,3786,78,219,0.9488635623787387,0.7075238303667137,33,416,13,38,0.8278997997307856,0.5247186101858278,
churn,MLP,PCA,1,3.0,0.09375,1.3523292541503906,0.034481048583984375,0.2625097396668831,108,3746,117,529,0.6372565713196607,0.22273631618035664,14,412,18,56,0.6693023255813955,0.2241949310841622,
churn,MLP,PCA,2,4.96875,0.0,1.3527355194091797,0.03476905822753906,0.5384610021712924,118,3711,152,519,0.6393437559814542,0.21415213562534788,10,417,13,60,0.5962790697674418,0.1865491793519829,
churn,MLP,PCA,3,4.921875,0.0,1.352731704711914,0.034752845764160156,0.7148552964684246,77,3760,103,560,0.6090052102403717,0.16760160449364142,6,417,13,64,0.6161129568106312,0.10068943054537126,
churn,MLP,PCA,4,4.109375,0.0,1.3527793884277344,0.03464221954345703,0.7797038773080868,54,3783,81,582,0.6054753115356069,0.13058119053738568,6,422,7,65,0.6011687842673759,0.14956932004589824,
churn,MLP,PCA,5,4.59375,0.09375,1.3525161743164062,0.03473472595214844,0.3105033139127984,112,3706,158,524,0.5815042417021499,0.19833758429728776,7,409,20,64,0.5549755408910338,0.08026212280808505,
churn,MLP,PCA,6,3.28125,0.0,1.352640151977539,0.034499168395996094,0.23629730914378608,85,3769,95,551,0.5941544754352384,0.1938839951670951,11,415,14,60,0.5789421845759873,0.19586265961413213,
churn,MLP,PCA,7,3.75,0.0,1.3527793884277344,0.034626007080078125,0.4500111585311062,111,3705,159,525,0.6113886284620493,0.1956515390061544,12,412,17,59,0.5856068813815293,0.19321425374229073,
churn,MLP,PCA,8,2.15625,0.03125,1.3527793884277344,0.034336090087890625,0.6997019495346286,48,3777,87,588,0.5752853301561259,0.10814455986085894,5,422,7,66,0.5662694113398338,0.12339536668538428,
churn,MLP,PCA,9,3.90625,0.0,1.3527355194091797,0.034626007080078125,0.24883478827367403,162,3666,198,474,0.6658768408922224,0.261280024950532,18,405,24,53,0.6729373912472503,0.24862052474416996,
churn,MLP,PCA,10,2.71875,0.0,1.3527793884277344,0.03440666198730469,0.25780587184384723,75,3759,105,561,0.5918220275531596,0.1613312760322571,10,417,12,61,0.6202436061590991,0.19209796456545433,
churn,MLP,Select Percentile (Mutual Info),1,9.4375,0.0,3.8780155181884766,0.050673484802246094,0.22348193685932102,357,3590,273,280,0.8591195055453035,0.49203692081517586,39,393,37,31,0.7952491694352158,0.45530587959999375,
churn,MLP,Select Percentile (Mutual Info),2,9.90625,0.0625,3.8782129287719727,0.05063152313232422,0.29166518463179913,399,3497,366,238,0.8586708583750112,0.4933605209585064,41,390,40,29,0.8463455149501662,0.463989745352367,
churn,MLP,Select Percentile (Mutual Info),3,18.34375,0.0,3.8776817321777344,0.052330970764160156,0.3940779720895104,371,3604,259,266,0.872055905338698,0.5177576171463403,34,402,28,36,0.8499003322259135,0.44281014057555024,
churn,MLP,Select Percentile (Mutual Info),4,8.90625,0.0,3.878204345703125,0.05054759979248047,0.32805476750689566,401,3500,364,235,0.8582618787192208,0.49736943429171016,40,387,42,31,0.8360747233986671,0.4387954185643926,
churn,MLP,Select Percentile (Mutual Info),5,8.984375,0.0,3.878293037414551,0.05050373077392578,0.3183234904381316,390,3399,465,246,0.825029786319778,0.43766729314316166,39,364,65,32,0.8035720148396205,0.3420874814090353,
churn,MLP,Select Percentile (Mutual Info),6,13.109375,0.09375,3.8775901794433594,0.051407814025878906,0.21934150207157457,366,3600,264,270,0.8627778428844877,0.509162828455426,44,404,25,27,0.8789848649003579,0.5681990536863782,
churn,MLP,Select Percentile (Mutual Info),7,16.640625,0.0,3.8782129287719727,0.051995277404785156,0.27991245313972357,363,3552,312,273,0.8342830774639635,0.4780616433173992,42,403,26,29,0.8837125315998555,0.5406417528020776,
churn,MLP,Select Percentile (Mutual Info),8,7.40625,0.0,3.8781652450561523,0.050232887268066406,0.19009695658567313,321,3465,399,315,0.7979315598265557,0.3814811141367106,27,371,58,44,0.7265176138415576,0.2277395616528,
churn,MLP,Select Percentile (Mutual Info),9,14.71875,0.0,3.878204345703125,0.05186939239501953,0.18660425491380614,349,3673,191,287,0.8783863627485449,0.5352716098305741,26,405,24,45,0.8483535244098624,0.36097965788241443,
churn,MLP,Select Percentile (Mutual Info),10,10.5625,0.0,3.8781652450561523,0.05079936981201172,0.31777618288662596,377,3566,298,259,0.859052111410602,0.5030723421456638,39,393,36,32,0.8309859154929577,0.45492536310479054,
churn,MLP,Random Undersampling,1,2.890625,0.0,0.9270963668823242,0.09380340576171875,0.2822235221141699,447,2780,1083,190,0.7683558259720384,0.3100820851205034,43,308,122,27,0.7034551495016611,0.24393575242889506,
churn,MLP,Random Undersampling,2,1.59375,0.0,0.9138994216918945,0.09302520751953125,0.4069967834805862,339,3077,786,298,0.736311283110588,0.26462824268033697,24,339,91,46,0.6533554817275747,0.10820181926530817,
churn,MLP,Random Undersampling,3,1.875,0.09375,0.9167490005493164,0.09317207336425781,0.9997491687370845,189,3512,351,448,0.6907207654961067,0.22081066978212918,16,393,37,54,0.673953488372093,0.1606505985655048,
churn,MLP,Random Undersampling,4,1.6875,0.0,0.9151010513305664,0.09307289123535156,0.35485724918013667,376,2935,929,260,0.7356032787739104,0.2692957741174824,36,330,99,35,0.6807183426901736,0.2172115843564387,
churn,MLP,Random Undersampling,5,1.390625,0.0,0.9115228652954102,0.09286212921142578,0.17288975705044066,318,2967,897,318,0.6785970643384507,0.21018151727415868,32,323,106,39,0.6427985160379527,0.1589937720834119,
churn,MLP,Random Undersampling,6,1.3125,0.0,0.9121875762939453,0.09290409088134766,0.9999868631534052,129,3723,141,507,0.6626601625063478,0.244000354246555,16,403,26,55,0.6102958074789061,0.20730770906717264,
churn,MLP,Random Undersampling,7,1.78125,0.0,0.9154872894287109,0.0930938720703125,0.1397020196926216,455,2564,1300,181,0.732175410497806,0.27067121847019077,54,302,127,17,0.7859089267539972,0.33739084749330894,
churn,MLP,Random Undersampling,8,1.875,0.0,0.9163904190063477,0.09315681457519531,0.9778962810013183,329,3248,616,307,0.7472622628488093,0.3060857732730533,29,357,72,42,0.6936865950950458,0.2091894444248842,
churn,MLP,Random Undersampling,9,1.78125,0.0625,0.9160356521606445,0.09315681457519531,0.6131180530295088,393,3042,822,243,0.759471398622342,0.3179448054582023,32,328,101,39,0.6944745395449621,0.17005464951449897,
churn,MLP,Random Undersampling,10,1.921875,0.0,0.9182310104370117,0.09326362609863281,0.9817065034004363,285,3384,480,351,0.7423743766032526,0.30037798940698474,36,368,61,35,0.7424734889523622,0.32205875052821736,
churn,MLP,SMOTE / SMOTENC,1,6.640625,0.0,12.337674140930176,0.22461795806884766,0.39746391302215234,343,3306,557,294,0.7772568395326431,0.3436028005788117,32,370,60,38,0.7146843853820598,0.28441378975367315,
churn,MLP,SMOTE / SMOTENC,2,9.359375,0.0,12.33558177947998,0.2248077392578125,0.6696870022337702,332,3385,478,305,0.7861229041288951,0.3606321273342377,30,386,44,40,0.7153488372093023,0.3187921220103556,
churn,MLP,SMOTE / SMOTENC,3,6.234375,0.046875,12.338377952575684,0.22454357147216797,0.17796864151704747,283,3381,482,354,0.743856601960962,0.29649828563400177,30,370,60,40,0.7270099667774087,0.2610494735633046,
churn,MLP,SMOTE / SMOTENC,4,9.5625,0.0,12.341568946838379,0.2246713638305664,0.5281744076115582,339,3393,471,297,0.7928564917900438,0.37279041555312986,30,366,63,41,0.7156833776552087,0.24730201435467783,
churn,MLP,SMOTE / SMOTENC,5,9.359375,0.0,12.342985153198242,0.22465991973876953,0.9604945501938432,291,3525,339,345,0.7876394097425681,0.3712829463996889,30,388,41,41,0.7310482944285761,0.32696411569651007,
churn,MLP,SMOTE / SMOTENC,6,7.9375,0.0,12.341946601867676,0.22452831268310547,0.7485766893008542,244,3613,251,392,0.7835311763480345,0.3548220592353125,30,392,37,41,0.7367937227092157,0.3445783624332763,
churn,MLP,SMOTE / SMOTENC,7,13.84375,0.0,12.339848518371582,0.22515392303466797,0.7207613876551577,360,3414,450,276,0.8106790467075536,0.4076585730741335,41,382,47,30,0.8341705243113693,0.4288723515466765,
churn,MLP,SMOTE / SMOTENC,8,12.46875,0.0,12.341723442077637,0.2250223159790039,0.9481665750352422,317,3461,403,319,0.8000430518119197,0.3745210500218281,30,375,54,41,0.711349683180669,0.27696959339727506,
churn,MLP,SMOTE / SMOTENC,9,7.46875,0.0,12.333291053771973,0.2244720458984375,0.81895085743457,332,3431,433,304,0.7880874252900503,0.38019348862752006,27,380,49,44,0.7011720673692504,0.25867346908202593,
churn,MLP,SMOTE / SMOTENC,10,10.0625,0.0,12.337980270385742,0.22475051879882812,0.6744643256120914,370,3334,530,266,0.8023315526648176,0.38720555066908663,38,359,70,33,0.7807872878295413,0.31556863707859584,
churn,XGBoost,Baseline,1,0.9375,0.015625,2.129727363586426,0.21823596954345703,0.7500228452682491,630,3863,0,7,1.0,0.9935904992728826,47,428,2,23,0.9192691029900332,0.7781759664788491,
churn,XGBoost,Baseline,2,0.125,0.0,2.129887580871582,0.22160816192626953,0.7921243107318878,630,3863,0,7,1.0,0.9935904992728826,51,429,1,19,0.9283056478405315,0.8255173988223754,
churn,XGBoost,Baseline,3,0.125,0.0,2.1299352645874023,0.2119455337524414,0.7153226768970476,630,3863,0,7,1.0,0.9935904992728826,50,428,2,20,0.9405315614617942,0.8066354821064016,
churn,XGBoost,Baseline,4,0.140625,0.0,2.1296281814575195,0.2212839126586914,0.7583569896221154,630,3864,0,6,1.0,0.9945000132916207,53,427,2,18,0.9282970550576184,0.8275479648559131,
churn,XGBoost,Baseline,5,0.140625,0.0,2.1297998428344727,0.21849536895751953,0.7438759160041799,630,3864,0,6,1.0,0.9945000132916207,56,426,3,15,0.9530516431924884,0.8458133079572356,
churn,XGBoost,Baseline,6,0.140625,0.0,2.129887580871582,0.21778202056884766,0.7565912520885449,630,3864,0,6,1.0,0.9945000132916207,52,423,6,19,0.9279359138514067,0.783076266920733,
churn,XGBoost,Baseline,7,0.125,0.015625,2.129796028137207,0.22452640533447266,0.7866258096694944,630,3864,0,6,1.0,0.9945000132916207,51,428,1,20,0.9085656127909649,0.818685953728131,
churn,XGBoost,Baseline,8,0.125,0.0,2.12935733795166,0.2155771255493164,0.7675327014923092,630,3864,0,6,1.0,0.9945000132916207,43,426,3,28,0.9097803604845858,0.7229650247943465,
churn,XGBoost,Baseline,9,0.125,0.0,2.129796028137207,0.21830081939697266,0.7444668865203837,630,3864,0,6,1.0,0.9945000132916207,49,426,3,22,0.8930693719426114,0.7811453285571787,
churn,XGBoost,Baseline,10,0.140625,0.0,2.129796028137207,0.22018146514892578,0.7872962117195125,630,3864,0,6,1.0,0.9945000132916207,49,427,2,22,0.8968449390984603,0.7905759803801694,
churn,XGBoost,Standard Scaler,1,0.125,0.015625,1.9720354080200195,0.21872615814208984,0.7500228452682491,630,3863,0,7,1.0,0.9935904992728826,47,428,2,23,0.9192691029900332,0.7781759664788491,
churn,XGBoost,Standard Scaler,2,0.140625,0.0,1.9719018936157227,0.22209835052490234,0.7921243107318878,630,3863,0,7,1.0,0.9935904992728826,51,429,1,19,0.9283056478405315,0.8255173988223754,
churn,XGBoost,Standard Scaler,3,0.140625,0.0,1.971879005432129,0.21243572235107422,0.7153226768970476,630,3863,0,7,1.0,0.9935904992728826,50,428,2,20,0.9405315614617942,0.8066354821064016,
churn,XGBoost,Standard Scaler,4,0.140625,0.0,1.9718542098999023,0.22177410125732422,0.7583569896221154,630,3864,0,6,1.0,0.9945000132916207,53,427,2,18,0.9282970550576184,0.8275479648559131,
churn,XGBoost,Standard Scaler,5,0.140625,0.0,1.9719018936157227,0.21898555755615234,0.7438759160041799,630,3864,0,6,1.0,0.9945000132916207,56,426,3,15,0.9530516431924884,0.8458133079572356,
churn,XGBoost,Standard Scaler,6,0.140625,0.015625,1.9718542098999023,0.21827220916748047,0.7565912520885449,630,3864,0,6,1.0,0.9945000132916207,52,423,6,19,0.9279359138514067,0.783076266920733,
churn,XGBoost,Standard Scaler,7,0.140625,0.0,1.971858024597168,0.22501659393310547,0.7866258096694944,630,3864,0,6,1.0,0.9945000132916207,51,428,1,20,0.9085656127909649,0.818685953728131,
churn,XGBoost,Standard Scaler,8,0.140625,0.015625,1.9719018936157227,0.21606731414794922,0.7675327014923092,630,3864,0,6,1.0,0.9945000132916207,43,426,3,28,0.9097803604845858,0.7229650247943465,
churn,XGBoost,Standard Scaler,9,0.140625,0.0,1.9719018936157227,0.21879100799560547,0.7444668865203837,630,3864,0,6,1.0,0.9945000132916207,49,426,3,22,0.8930693719426114,0.7811453285571787,
churn,XGBoost,Standard Scaler,10,0.140625,0.015625,1.971806526184082,0.2206716537475586,0.7872962117195125,630,3864,0,6,1.0,0.9945000132916207,49,427,2,22,0.8968449390984603,0.7905759803801694,
churn,XGBoost,MinMax Scaler,1,0.140625,0.0,1.9010734558105469,0.2190532684326172,0.7500228452682491,630,3863,0,7,1.0,0.9935904992728826,47,428,2,23,0.9192691029900332,0.7781759664788491,
churn,XGBoost,MinMax Scaler,2,0.140625,0.0,1.900918960571289,0.2224254608154297,0.7921243107318878,630,3863,0,7,1.0,0.9935904992728826,51,429,1,19,0.9283056478405315,0.8255173988223754,
churn,XGBoost,MinMax Scaler,3,0.140625,0.0,1.9009628295898438,0.21276283264160156,0.7153226768970476,630,3863,0,7,1.0,0.9935904992728826,50,428,2,20,0.9405315614617942,0.8066354821064016,
churn,XGBoost,MinMax Scaler,4,0.140625,0.015625,1.9010543823242188,0.22210121154785156,0.7583569896221154,630,3864,0,6,1.0,0.9945000132916207,53,427,2,18,0.9282970550576184,0.8275479648559131,
churn,XGBoost,MinMax Scaler,5,0.140625,0.0,1.9010066986083984,0.2193126678466797,0.7438759160041799,630,3864,0,6,1.0,0.9945000132916207,56,426,3,15,0.9530516431924884,0.8458133079572356,
churn,XGBoost,MinMax Scaler,6,0.140625,0.0,1.9008750915527344,0.2185993194580078,0.7565912520885449,630,3864,0,6,1.0,0.9945000132916207,52,423,6,19,0.9279359138514067,0.783076266920733,
churn,XGBoost,MinMax Scaler,7,0.125,0.015625,1.9009666442871094,0.2253437042236328,0.7866258096694944,630,3864,0,6,1.0,0.9945000132916207,51,428,1,20,0.9085656127909649,0.818685953728131,
churn,XGBoost,MinMax Scaler,8,0.140625,0.0,1.9008750915527344,0.21639442443847656,0.7675327014923092,630,3864,0,6,1.0,0.9945000132916207,43,426,3,28,0.9097803604845858,0.7229650247943465,
churn,XGBoost,MinMax Scaler,9,0.140625,0.0,1.9009590148925781,0.2191181182861328,0.7444668865203837,630,3864,0,6,1.0,0.9945000132916207,49,426,3,22,0.8930693719426114,0.7811453285571787,
churn,XGBoost,MinMax Scaler,10,0.140625,0.0,1.9008674621582031,0.22099876403808594,0.7872962117195125,630,3864,0,6,1.0,0.9945000132916207,49,427,2,22,0.8968449390984603,0.7905759803801694,
churn,XGBoost,IQR Capping,1,0.1875,0.015625,2.269749641418457,0.2228832244873047,0.8011485767364498,630,3863,0,7,1.0,0.9935904992728826,47,430,0,23,0.9214285714285714,0.7983347537594948,
churn,XGBoost,IQR Capping,2,0.1875,0.015625,2.2694292068481445,0.21892738342285156,0.758334624767303,630,3863,0,7,1.0,0.9935904992728826,54,427,3,16,0.9288039867109634,0.8346301709562295,
churn,XGBoost,IQR Capping,3,0.203125,0.015625,2.2693347930908203,0.2156848907470703,0.6876279568672158,630,3863,0,7,1.0,0.9935904992728826,52,429,1,18,0.9409302325581395,0.8347090540851052,
churn,XGBoost,IQR Capping,4,0.203125,0.015625,2.269476890563965,0.21964073181152344,0.7397065687179564,630,3864,0,6,1.0,0.9945000132916207,54,426,3,17,0.9370301060441905,0.827641664159262,
churn,XGBoost,IQR Capping,5,0.1875,0.015625,2.269381523132324,0.21964073181152344,0.7629511213302602,630,3864,0,6,1.0,0.9945000132916207,52,426,3,19,0.9539709117173906,0.8092353300947731,
churn,XGBoost,IQR Capping,6,0.1875,0.015625,2.2694292068481445,0.2192516326904297,0.7411076664924583,630,3864,0,6,1.0,0.9945000132916207,49,427,2,22,0.929938605994944,0.7905759803801694,
churn,XGBoost,IQR Capping,7,0.203125,0.015625,2.269430160522461,0.22041893005371094,0.7473969602584816,630,3864,0,6,1.0,0.9945000132916207,53,427,2,18,0.9071538789848649,0.8275479648559131,
churn,XGBoost,IQR Capping,8,0.1875,0.015625,2.269476890563965,0.21633338928222656,0.7532936489582058,630,3864,0,6,1.0,0.9945000132916207,45,427,2,26,0.9131947864342229,0.7525019837780226,
churn,XGBoost,IQR Capping,9,0.1875,0.015625,2.269381523132324,0.2182140350341797,0.7643232178688046,630,3864,0,6,1.0,0.9945000132916207,51,427,2,20,0.9014412817229719,0.8091892201472275,
churn,XGBoost,IQR Capping,10,0.203125,0.015625,2.2694292068481445,0.2198352813720703,0.7757382607460014,630,3864,0,6,1.0,0.9945000132916207,51,427,2,20,0.88771791588693,0.8091892201472275,
churn,XGBoost,IQR Removal,1,0.15625,0.0,2.579782485961914,0.19863414764404297,0.11058898605406357,478,3846,17,159,0.8746140882526371,0.8311171217371922,42,422,8,28,0.7981063122923588,0.6724554873216074,
churn,XGBoost,IQR Removal,2,0.15625,0.0,2.5816078186035156,0.20057964324951172,0.17123590275645442,480,3848,15,157,0.885408441637871,0.8351919243834167,39,425,5,31,0.7420930232558139,0.6681610350404985,
churn,XGBoost,IQR Removal,3,0.15625,0.0,2.5957508087158203,0.20071125030517578,0.10560108318925057,478,3846,17,159,0.8802932949599123,0.8311171217371922,41,422,8,29,0.7849169435215947,0.6618566889782738,
churn,XGBoost,IQR Removal,4,0.15625,0.0,2.567953109741211,0.20323848724365234,0.07714925855398183,474,3843,21,162,0.8743249248017502,0.8237319283695453,50,413,16,21,0.8529498670343741,0.6877344746514579,
churn,XGBoost,IQR Removal,5,0.15625,0.0,2.5937318801879883,0.19837474822998047,0.10588465012609995,478,3847,17,158,0.8690122172741124,0.831886882615358,47,419,10,24,0.7868281952788995,0.7014382996945986,
churn,XGBoost,IQR Removal,6,0.15625,0.0,2.590437889099121,0.19993114471435547,0.14508932933211366,479,3848,16,157,0.8693646073414326,0.8339256211768112,42,416,13,29,0.7727765192553924,0.6261089824833739,
churn,XGBoost,IQR Removal,7,0.15625,0.0,2.589388847351074,0.19811534881591797,0.07523781143128887,473,3842,22,163,0.8720848470643385,0.8216931898080921,50,415,14,21,0.8523260776781904,0.7016647561472483,
churn,XGBoost,IQR Removal,8,0.15625,0.015625,2.5889387130737305,0.19954204559326172,0.08660859540105317,477,3846,18,159,0.8683733576832429,0.829848144053905,41,409,20,30,0.8020946189960275,0.5661456346340283,
churn,XGBoost,IQR Removal,9,0.15625,0.0,2.5676612854003906,0.19779109954833984,0.10436487168073721,477,3846,18,159,0.8684466027318776,0.829848144053905,42,414,15,29,0.760629042319183,0.6112930393626963,
churn,XGBoost,IQR Removal,10,0.15625,0.0,2.5969009399414062,0.19694805145263672,0.10540030717849737,479,3848,16,157,0.866646809120148,0.8339256211768112,43,415,14,28,0.7791457368922158,0.6293220914290768,
churn,XGBoost,Yeo-Johnson,1,0.3125,0.015625,1.8995838165283203,0.2183666229248047,0.7500228452682491,630,3863,0,7,1.0,0.9935904992728826,47,428,2,23,0.9192691029900332,0.7781759664788491,
churn,XGBoost,Yeo-Johnson,2,0.328125,0.0,1.8994083404541016,0.2217388153076172,0.7921243107318878,630,3863,0,7,1.0,0.9935904992728826,51,429,1,19,0.9283056478405315,0.8255173988223754,
churn,XGBoost,Yeo-Johnson,3,0.296875,0.0,1.8994083404541016,0.21207618713378906,0.7153226768970476,630,3863,0,7,1.0,0.9935904992728826,50,428,2,20,0.9405315614617942,0.8066354821064016,
churn,XGBoost,Yeo-Johnson,4,0.3125,0.0,1.8993606567382812,0.22141456604003906,0.7583569896221154,630,3864,0,6,1.0,0.9945000132916207,53,427,2,18,0.9282970550576184,0.8275479648559131,
churn,XGBoost,Yeo-Johnson,5,0.28125,0.0,1.899312973022461,0.2186260223388672,0.7438759160041799,630,3864,0,6,1.0,0.9945000132916207,56,426,3,15,0.9530516431924884,0.8458133079572356,
churn,XGBoost,Yeo-Johnson,6,0.296875,0.0,1.8993606567382812,0.2179126739501953,0.7565912520885449,630,3864,0,6,1.0,0.9945000132916207,52,423,6,19,0.9279359138514067,0.783076266920733,
churn,XGBoost,Yeo-Johnson,7,0.3125,0.0,1.8993606567382812,0.2246570587158203,0.7866258096694944,630,3864,0,6,1.0,0.9945000132916207,51,428,1,20,0.9085656127909649,0.818685953728131,
churn,XGBoost,Yeo-Johnson,8,0.296875,0.015625,1.8994083404541016,0.21570777893066406,0.7675327014923092,630,3864,0,6,1.0,0.9945000132916207,43,426,3,28,0.9097803604845858,0.7229650247943465,
churn,XGBoost,Yeo-Johnson,9,0.296875,0.015625,1.8993606567382812,0.2184314727783203,0.7444668865203837,630,3864,0,6,1.0,0.9945000132916207,49,426,3,22,0.8930693719426114,0.7811453285571787,
churn,XGBoost,Yeo-Johnson,10,0.3125,0.0,1.8994083404541016,0.22031211853027344,0.7872962117195125,630,3864,0,6,1.0,0.9945000132916207,49,427,2,22,0.8968449390984603,0.7905759803801694,
churn,XGBoost,Quantile Transform,1,0.171875,0.015625,2.0380849838256836,0.35570335388183594,0.7500228452682491,630,3863,0,7,1.0,0.9935904992728826,47,428,2,23,0.9192691029900332,0.7781759664788491,
churn,XGBoost,Quantile Transform,2,0.171875,0.015625,2.0380868911743164,0.35907554626464844,0.7921243107318878,630,3863,0,7,1.0,0.9935904992728826,51,429,1,19,0.9283056478405315,0.8255173988223754,
churn,XGBoost,Quantile Transform,3,0.171875,0.015625,2.037997245788574,0.3494129180908203,0.7153226768970476,630,3863,0,7,1.0,0.9935904992728826,50,428,2,20,0.9405315614617942,0.8066354821064016,
churn,XGBoost,Quantile Transform,4,0.171875,0.015625,2.038081169128418,0.3587512969970703,0.7583569896221154,630,3864,0,6,1.0,0.9945000132916207,53,427,2,18,0.9282970550576184,0.8275479648559131,
churn,XGBoost,Quantile Transform,5,0.171875,0.015625,2.0378713607788086,0.35596275329589844,0.7438759160041799,630,3864,0,6,1.0,0.9945000132916207,56,426,3,15,0.9530516431924884,0.8458133079572356,
churn,XGBoost,Quantile Transform,6,0.171875,0.015625,2.038022041320801,0.35524940490722656,0.7565912520885449,630,3864,0,6,1.0,0.9945000132916207,52,423,6,19,0.9279359138514067,0.783076266920733,
churn,XGBoost,Quantile Transform,7,0.1875,0.0,2.0379533767700195,0.36199378967285156,0.7866258096694944,630,3864,0,6,1.0,0.9945000132916207,51,428,1,20,0.9085656127909649,0.818685953728131,
churn,XGBoost,Quantile Transform,8,0.171875,0.0,2.0380868911743164,0.3530445098876953,0.7675327014923092,630,3864,0,6,1.0,0.9945000132916207,43,426,3,28,0.9097803604845858,0.7229650247943465,
churn,XGBoost,Quantile Transform,9,0.171875,0.0,2.0377817153930664,0.35576820373535156,0.7444668865203837,630,3864,0,6,1.0,0.9945000132916207,49,426,3,22,0.8930693719426114,0.7811453285571787,
churn,XGBoost,Quantile Transform,10,0.171875,0.0,2.037949562072754,0.3576488494873047,0.7872962117195125,630,3864,0,6,1.0,0.9945000132916207,49,427,2,22,0.8968449390984603,0.7905759803801694,
churn,XGBoost,Uniform Binning,1,0.0625,0.0,1.9039745330810547,0.26515674591064453,0.43356957793235795,567,3845,18,70,0.9958089689608494,0.9178092767103998,35,411,19,35,0.8659468438538207,0.5095731709508631,
churn,XGBoost,Uniform Binning,2,0.078125,0.015625,1.9039306640625,0.27404022216796875,0.3590310883522033,600,3833,30,37,0.9973479425422771,0.9384747214203873,45,411,19,25,0.8823920265780731,0.6217822315708379,
churn,XGBoost,Uniform Binning,3,0.0625,0.0,1.9039745330810547,0.27241992950439453,0.34712999999523153,595,3828,35,42,0.9961088798409903,0.9292887584449714,43,412,18,27,0.9180730897009967,0.6068828320550943,
churn,XGBoost,Uniform Binning,4,0.078125,0.0,1.9039268493652344,0.27086353302001953,0.34642520070075977,594,3828,36,42,0.9951621645376773,0.9283176699048669,50,394,35,21,0.8789520338816114,0.5785774664092902,
churn,XGBoost,Uniform Binning,5,0.078125,0.0,1.9039268493652344,0.2699556350708008,0.345720365643501,594,3828,36,42,0.9962600264333241,0.9283176699048669,49,399,30,22,0.896319642798516,0.5935298069297061,
churn,XGBoost,Uniform Binning,6,0.0625,0.015625,1.9039268493652344,0.2642507553100586,0.31198117852210977,592,3826,38,44,0.9961936989726161,0.9246408730500472,44,398,31,27,0.882202304737516,0.5351591132114556,
churn,XGBoost,Uniform Binning,7,0.0625,0.0,1.9039268493652344,0.27118968963623047,0.3360666853189465,596,3830,34,40,0.9968840335559982,0.9319944667596866,49,410,19,22,0.9013427886667322,0.6576493050409641,
churn,XGBoost,Uniform Binning,8,0.078125,0.0,1.903879165649414,0.2721595764160156,0.3443348652124403,599,3833,31,37,0.9968024467101579,0.937509662041916,43,408,21,28,0.8757017630257067,0.58161065727575,
churn,XGBoost,Uniform Binning,9,0.078125,0.0,1.903839111328125,0.27922821044921875,0.3406147849559782,603,3837,27,33,0.9974526999752594,0.9448632557515553,39,402,27,32,0.858465478183788,0.5015308903951313,
churn,XGBoost,Uniform Binning,10,0.0625,0.015625,1.90374755859375,0.2832527160644531,0.36212689042091256,605,3839,25,31,0.9972109913147649,0.948540052606375,46,411,18,25,0.8859122098558717,0.6330624139349637,
churn,XGBoost,Quantile Binning,1,0.09375,0.0,1.9047565460205078,0.3398628234863281,0.5813260495662683,630,3863,0,7,0.9999995936166935,0.9935904992728826,38,417,13,32,0.8640863787375415,0.5877253451789188,
churn,XGBoost,Quantile Binning,2,0.078125,0.015625,1.904764175415039,0.3410930633544922,0.5962299561500546,630,3863,0,7,1.0,0.9935904992728826,25,415,15,45,0.8364451827242525,0.4121730338719657,
churn,XGBoost,Quantile Binning,3,0.078125,0.015625,1.9047527313232422,0.3370065689086914,0.5204969978332511,630,3863,0,7,1.0,0.9935904992728826,38,416,14,32,0.8959468438538205,0.5800524815147158,
churn,XGBoost,Quantile Binning,4,0.09375,0.0,1.904714584350586,0.3406362533569336,0.570051686763762,630,3864,0,6,1.0,0.9945000132916207,33,415,14,38,0.8658524574017532,0.5168910719861248,
churn,XGBoost,Quantile Binning,5,0.09375,0.015625,1.9047527313232422,0.3418712615966797,0.5465062844753231,630,3864,0,6,1.0,0.9945000132916207,29,416,13,42,0.90607045536623,0.4758410109676553,
churn,XGBoost,Quantile Binning,6,0.078125,0.0,1.904806137084961,0.34044361114501953,0.6216975688934315,630,3864,0,6,1.0,0.9945000132916207,32,412,17,39,0.8606979874585509,0.4826084082532265,
churn,XGBoost,Quantile Binning,7,0.09375,0.0,1.9047527313232422,0.34154605865478516,0.5702875518798802,630,3864,0,6,1.0,0.9945000132916207,37,413,16,34,0.876686693588102,0.548604753982136,
churn,XGBoost,Quantile Binning,8,0.078125,0.0,1.9046688079833984,0.34252071380615234,0.6394574272632593,630,3864,0,6,1.0,0.9945000132916207,24,419,10,47,0.8387340359171345,0.4363622649833326,
churn,XGBoost,Quantile Binning,9,0.078125,0.0,1.9047164916992188,0.3375215530395508,0.6358818244934067,630,3864,0,6,1.0,0.9945000132916207,29,419,10,42,0.8583669851275484,0.5012962411015575,
churn,XGBoost,Quantile Binning,10,0.078125,0.0,1.9046745300292969,0.33869075775146484,0.5719947350025176,630,3864,0,6,1.0,0.9945000132916207,32,416,13,39,0.855510686496602,0.512754885668316,
churn,XGBoost,PCA,1,0.375,0.0,1.3522453308105469,0.22210216522216797,0.2741139829158783,281,3646,217,356,0.8537475246176848,0.42775031057515456,24,389,41,46,0.6355315614617941,0.25537108292416494,
churn,XGBoost,PCA,2,0.375,0.015625,1.3522453308105469,0.22255611419677734,0.2884271442890167,287,3650,213,350,0.8574175722579997,0.4385971165588491,12,388,42,58,0.586328903654485,0.08245280171362361,
churn,XGBoost,PCA,3,0.375,0.015625,1.352102279663086,0.2234640121459961,0.27715790271759033,302,3622,241,335,0.8630037171881039,0.4405966221362264,15,386,44,55,0.6179734219269103,0.12042075687187967,
churn,XGBoost,PCA,4,0.4375,0.015625,1.3520221710205078,0.2042684555053711,0.23626823008060446,340,3484,380,296,0.8507536508587574,0.4145414186824026,19,367,62,52,0.6199973735185003,0.11660256365638016,
churn,XGBoost,PCA,5,0.375,0.0,1.3521537780761719,0.22151851654052734,0.25213934779167174,330,3564,300,306,0.8655961495891767,0.4429804850686722,19,377,52,52,0.5933714173150793,0.1463935125906957,
churn,XGBoost,PCA,6,0.375,0.0,1.3522453308105469,0.22806835174560547,0.2729648947715759,299,3615,249,337,0.8513536498821568,0.43215256733998325,20,381,48,51,0.6973472536852818,0.17290373147986307,
churn,XGBoost,PCA,7,0.390625,0.0,1.3521537780761719,0.20569515228271484,0.3401075923442837,226,3730,134,410,0.8432749244762165,0.4117652805015943,14,408,21,57,0.6670606388916248,0.20278668491221802,
churn,XGBoost,PCA,8,0.390625,0.0,1.3519783020019531,0.22313976287841797,0.2685408294200897,297,3619,245,339,0.8557813130721252,0.43195071219556724,16,392,37,55,0.6102465609507863,0.1577280547344989,
churn,XGBoost,PCA,9,0.375,0.0,1.352102279663086,0.21341228485107422,0.319485604763031,254,3712,152,382,0.8567092871466334,0.4377772691602741,15,387,42,56,0.6428641780754457,0.12450863357042354,
churn,XGBoost,PCA,10,0.375,0.0,1.3522453308105469,0.23260784149169922,0.3491769540309906,239,3743,121,397,0.8582099968097712,0.4423325980354038,13,402,27,58,0.6587872221675038,0.15460173144327768,
churn,XGBoost,Select Percentile (Mutual Info),1,0.375,0.0,3.8771657943725586,0.23148632049560547,0.32224479377269605,621,3854,9,16,0.9996761125047801,0.977055765917134,50,403,27,20,0.8939202657807309,0.6262947909735176,
churn,XGBoost,Select Percentile (Mutual Info),2,0.375,0.0,3.8776044845581055,0.2390737533569336,0.31380852401256515,613,3846,17,24,0.9982773411640686,0.9623582251564686,45,404,26,25,0.8847508305647841,0.5789497194906792,
churn,XGBoost,Select Percentile (Mutual Info),3,0.375,0.0,3.8774642944335938,0.22357463836669922,0.3419961851835247,628,3861,2,9,0.9999394488873429,0.9899161140827162,48,417,13,22,0.8865116279069767,0.6949389597473599,
churn,XGBoost,Select Percentile (Mutual Info),4,0.390625,0.0,3.877560615539551,0.23226451873779297,0.4724622011184688,630,3864,0,6,0.999997151581442,0.9945000132916207,53,419,10,18,0.924554318920516,0.7606529223688537,
churn,XGBoost,Select Percentile (Mutual Info),5,0.390625,0.0,3.877596855163574,0.2349233627319336,0.36828742921352176,628,3862,2,8,0.9999694812297355,0.990823216436801,50,413,16,21,0.9140155619028859,0.6877344746514579,
churn,XGBoost,Select Percentile (Mutual Info),6,0.375,0.0,3.877596855163574,0.22727108001708984,0.334255945086479,623,3857,7,13,0.9994649042280297,0.9816312242997519,47,418,11,24,0.8851899274434485,0.6936104654719699,
churn,XGBoost,Select Percentile (Mutual Info),7,0.390625,0.0,3.8775997161865234,0.238037109375,0.3418848061561571,628,3862,2,8,0.9999426247119028,0.990823216436801,51,418,11,20,0.8909681867428346,0.7335852112031043,
churn,XGBoost,Select Percentile (Mutual Info),8,0.390625,0.0,3.8776960372924805,0.22701168060302734,0.41035807251930007,630,3864,0,6,0.9999975584983789,0.9945000132916207,48,419,10,23,0.8814471913063463,0.7115036257617225,
churn,XGBoost,Select Percentile (Mutual Info),9,0.375,0.0,3.8771181106567383,0.22642803192138672,0.34574206411838515,622,3856,8,14,0.9996919638787973,0.9797928258723421,47,412,17,24,0.8854525755934208,0.6502129994880348,
churn,XGBoost,Select Percentile (Mutual Info),10,0.390625,0.0,3.8773841857910156,0.24653148651123047,0.40840628147125235,630,3864,0,6,0.9999951169967578,0.9945000132916207,41,409,20,30,0.844085491972816,0.5661456346340283,
churn,XGBoost,Random Undersampling,1,0.109375,0.0,0.9098005294799805,0.1965312957763672,0.8657693904638291,633,3731,132,4,0.9911164609215717,0.8904791680786278,54,410,20,16,0.9014617940199336,0.7083547965647617,
churn,XGBoost,Random Undersampling,2,0.109375,0.0,0.9093570709228516,0.1980876922607422,0.8615066027641296,636,3779,84,1,0.995300583444513,0.9286982141125144,57,419,11,13,0.9193687707641196,0.7983643522916877,
churn,XGBoost,Random Undersampling,3,0.109375,0.0,0.9097471237182617,0.1988658905029297,0.8833849906921383,633,3776,87,4,0.9928460282737122,0.9234815899319843,58,417,13,12,0.929468438538206,0.7936201802259567,
churn,XGBoost,Random Undersampling,4,0.09375,0.015625,0.9083795547485352,0.19956398010253906,0.8832965207099913,632,3731,133,4,0.991884041694337,0.8896541219500858,60,409,20,11,0.9303982402573951,0.7602144344700977,
churn,XGBoost,Random Undersampling,5,0.09375,0.015625,0.9082517623901367,0.1993694305419922,0.8775959563255308,634,3778,86,2,0.9954266605466359,0.9261061311262674,60,417,12,11,0.9454676778620441,0.812351608860978,
churn,XGBoost,Random Undersampling,6,0.09375,0.0,0.9085626602172852,0.19508934020996094,0.8722756099700923,630,3774,90,6,0.9935169993619543,0.9191460670113848,54,409,20,17,0.9199908073147509,0.7017798654147366,
churn,XGBoost,Random Undersampling,7,0.109375,0.0,0.9085178375244141,0.19690513610839844,0.8848582220077514,630,3774,90,6,0.9954042801151087,0.9191460670113848,54,421,8,17,0.9041005942414394,0.7857407622887359,
churn,XGBoost,Random Undersampling,8,0.109375,0.0,0.9084663391113281,0.19508934020996094,0.8895732021331786,628,3772,92,8,0.9945359193718504,0.9156660349539436,52,416,13,19,0.8820381496437835,0.7287022782768847,
churn,XGBoost,Random Undersampling,9,0.109375,0.0,0.9080801010131836,0.1950244903564453,0.9002378082275391,625,3769,95,11,0.9951886141385732,0.9104459868677817,55,415,14,16,0.8855510686496602,0.7509424485331755,
churn,XGBoost,Random Undersampling,10,0.109375,0.0,0.9085149765014648,0.19534873962402344,0.8587796056270598,635,3734,130,1,0.9912663417841843,0.8947487282833114,57,415,14,14,0.8874880987557044,0.7701828687744181,
churn,XGBoost,SMOTE / SMOTENC,1,0.921875,0.0,12.336875915527344,0.4144611358642578,0.6384071207046484,629,3862,1,8,0.9999695212520182,0.9917533066777994,55,420,10,15,0.9259800664451827,0.7866800473972598,
churn,XGBoost,SMOTE / SMOTENC,2,0.953125,0.0,12.335297584533691,0.41733360290527344,0.5922280800342536,630,3863,0,7,1.0,0.9935904992728826,53,424,6,17,0.9068770764119602,0.7993508401258007,
churn,XGBoost,SMOTE / SMOTENC,3,0.921875,0.0,12.338306427001953,0.4121885299682617,0.5823587489128098,629,3862,1,8,0.9999865893508879,0.9917533066777994,53,419,11,17,0.9114285714285714,0.7598027047275167,
churn,XGBoost,SMOTE / SMOTENC,4,0.921875,0.0,12.341444969177246,0.4025850296020508,0.5739334750175472,625,3859,5,11,0.9998111905412972,0.9853080211545715,60,413,16,11,0.9311205226698185,0.785340823456832,
churn,XGBoost,SMOTE / SMOTENC,5,0.90625,0.015625,12.343036651611328,0.41298675537109375,0.5885700464248649,628,3862,2,8,0.9999804679870308,0.990823216436801,59,410,19,12,0.9557766177484488,0.7567661824640814,
churn,XGBoost,SMOTE / SMOTENC,6,0.90625,0.0,12.341879844665527,0.4119253158569336,0.5036128747463218,629,3863,1,7,0.9999694812297355,0.9926616148642109,53,410,19,18,0.8957943464985718,0.6981105838282947,
churn,XGBoost,SMOTE / SMOTENC,7,0.9375,0.0,12.339265823364258,0.4205360412597656,0.5370455300807925,629,3863,1,7,0.9999755849837884,0.9926616148642109,57,412,17,14,0.9260645457828557,0.7501873793539486,
churn,XGBoost,SMOTE / SMOTENC,8,0.90625,0.015625,12.341513633728027,0.41486549377441406,0.6009386110305784,629,3863,1,7,0.9999906409104522,0.9926616148642109,51,413,16,20,0.9011458025542534,0.6978023012743776,
churn,XGBoost,SMOTE / SMOTENC,9,0.921875,0.0,12.332797050476074,0.41341686248779297,0.609861748218535,630,3864,0,6,0.9999784334023464,0.9945000132916207,56,415,14,15,0.9185462424899044,0.7605939554974525,
churn,XGBoost,SMOTE / SMOTENC,10,0.90625,0.0,12.337541580200195,0.4141511917114258,0.5366201281547546,629,3863,1,7,0.9999670397281144,0.9926616148642109,58,414,15,13,0.9193013559210742,0.7729543909557928,
