Dataset,Model,Preprocessor,Fold,Fit_Time_sec,Predict_Time_Test_sec,Peak_Memory_MB,Pipeline_Disk_Size_MB,Optimal_Threshold,Train_TP,Train_TN,Train_FP,Train_FN,Train_ROC_AUC,Train_MCC,Test_TP,Test_TN,Test_FP,Test_FN,Test_ROC_AUC,Test_MCC,Error_Log
eeg-eye-state,GaussianNB,Baseline,1,0.0,0.0,2.1108217239379883,0.0021085739135742188,0.7331220580880013,1024,4634,326,3016,0.6744942709996806,0.26151082367150996,98,510,42,350,0.6370624676501035,0.20445926118502825,
eeg-eye-state,GaussianNB,Baseline,2,0.0,0.0,2.109208106994629,0.0021085739135742188,0.9987102455022902,432,4762,198,3608,0.5468532916799744,0.13063116741940672,51,529,23,397,0.5699243012422359,0.137107009451642,
eeg-eye-state,GaussianNB,Baseline,3,0.015625,0.0,2.1093339920043945,0.0021085739135742188,0.9986473689651355,440,4771,190,3599,0.5520338661365534,0.1376999721435321,40,536,15,409,0.5404387244895897,0.1349699587032041,
eeg-eye-state,GaussianNB,Baseline,4,0.015625,0.0,2.109377861022949,0.0021085739135742188,0.9987667835422304,439,4770,191,3600,0.5511734784600398,0.136824408004513,41,526,25,408,0.5402123694921968,0.09203717414817249,
eeg-eye-state,GaussianNB,Baseline,5,0.015625,0.0,2.109377861022949,0.0021085739135742188,0.9987931597353101,431,4762,199,3608,0.5470454142459737,0.12981989489236032,47,525,26,402,0.5563037845747152,0.1099235999690258,
eeg-eye-state,GaussianNB,Baseline,6,0.0,0.0,2.109377861022949,0.0021085739135742188,0.9987191165247641,432,4763,198,3607,0.5508409515987516,0.1306954590313794,49,530,21,400,0.5407216682363307,0.13844660081738314,
eeg-eye-state,GaussianNB,Baseline,7,0.0,0.0,2.10929012298584,0.0021085739135742188,0.998883645932558,371,4792,169,3668,0.5486218101588528,0.12102705205025659,33,533,18,416,0.5302648757674848,0.09230967181033731,
eeg-eye-state,GaussianNB,Baseline,8,0.0,0.0,2.109377861022949,0.0021085739135742188,0.9988625924267772,378,4799,162,3661,0.5459601479806916,0.12761176652524334,46,527,24,403,0.5592585257013973,0.11480745440576394,
eeg-eye-state,GaussianNB,Baseline,9,0.0,0.0,2.109421730041504,0.0021085739135742188,0.9988097377813436,474,4715,246,3565,0.5470726631828285,0.12424279937221572,51,521,30,398,0.5531146043435907,0.10781390471686231,
eeg-eye-state,GaussianNB,Baseline,10,0.015625,0.0,2.1093339920043945,0.0021085739135742188,0.9987161402907735,516,4667,294,3523,0.5479108424767407,0.11903587630603138,70,535,16,379,0.5569100926034463,0.22506847951073955,
eeg-eye-state,GaussianNB,Standard Scaler,1,0.0,0.0,2.1137189865112305,0.0024824142456054688,0.7331220585317071,1024,4634,326,3016,0.6744942709996806,0.26151082367150996,98,510,42,350,0.6370624676501035,0.20445926118502825,
eeg-eye-state,GaussianNB,Standard Scaler,2,0.015625,0.0,2.1134462356567383,0.0024824142456054688,0.9987102455193346,432,4762,198,3608,0.5468532916799744,0.13063116741940672,51,529,23,397,0.5699243012422359,0.137107009451642,
eeg-eye-state,GaussianNB,Standard Scaler,3,0.015625,0.0,2.1136560440063477,0.0024824142456054688,0.9986473689853528,440,4771,190,3599,0.5520338661365534,0.1376999721435321,40,536,15,409,0.5404387244895897,0.1349699587032041,
eeg-eye-state,GaussianNB,Standard Scaler,4,0.0,0.0,2.1136598587036133,0.0024824142456054688,0.9987667835612664,439,4770,191,3600,0.5511734784600398,0.136824408004513,41,526,25,408,0.5402123694921968,0.09203717414817249,
eeg-eye-state,GaussianNB,Standard Scaler,5,0.0,0.0,2.113835334777832,0.0024824142456054688,0.9987931597536699,431,4762,199,3608,0.5470454142459737,0.12981989489236032,47,525,26,402,0.5563037845747152,0.1099235999690258,
eeg-eye-state,GaussianNB,Standard Scaler,6,0.0,0.0,2.1137914657592773,0.0024824142456054688,0.9987191165442384,432,4763,198,3607,0.5508409515987516,0.1306954590313794,49,530,21,400,0.5407216682363307,0.13844660081738314,
eeg-eye-state,GaussianNB,Standard Scaler,7,0.015625,0.0,2.1138792037963867,0.0024824142456054688,0.9988836459494599,371,4792,169,3668,0.5486218101588528,0.12102705205025659,33,533,18,416,0.5302648757674848,0.09230967181033731,
eeg-eye-state,GaussianNB,Standard Scaler,8,0.015625,0.0,2.113835334777832,0.0024824142456054688,0.9988625924464023,378,4799,162,3661,0.5459601479806916,0.12761176652524334,46,527,24,403,0.5592585257013973,0.11480745440576394,
eeg-eye-state,GaussianNB,Standard Scaler,9,0.015625,0.0,2.1136560440063477,0.0024824142456054688,0.9988097378013738,474,4715,246,3565,0.5470726631828285,0.12424279937221572,51,521,30,398,0.5531146043435907,0.10781390471686231,
eeg-eye-state,GaussianNB,Standard Scaler,10,0.015625,0.0,2.113703727722168,0.0024824142456054688,0.9987161403116136,516,4667,294,3523,0.5479108424767407,0.11903587630603138,70,535,16,379,0.5569100926034463,0.22506847951073955,
eeg-eye-state,GaussianNB,MinMax Scaler,1,0.015625,0.0,2.114211082458496,0.0027790069580078125,0.7331220583259751,1024,4634,326,3016,0.6744942709996806,0.26151082367150996,98,510,42,350,0.6370624676501035,0.20445926118502825,
eeg-eye-state,GaussianNB,MinMax Scaler,2,0.015625,0.0,2.114060401916504,0.0027790069580078125,0.9987102454152369,432,4762,198,3608,0.5468532916799744,0.13063116741940672,51,529,23,397,0.5699243012422359,0.137107009451642,
eeg-eye-state,GaussianNB,MinMax Scaler,3,0.0,0.0,2.114190101623535,0.0027790069580078125,0.9986473688686808,440,4771,190,3599,0.5520338661365534,0.1376999721435321,40,536,15,409,0.5404387244895897,0.1349699587032041,
eeg-eye-state,GaussianNB,MinMax Scaler,4,0.0,0.0,2.114321708679199,0.0027790069580078125,0.9987667834527945,439,4770,191,3600,0.5511734784600398,0.136824408004513,41,526,25,408,0.5402123694921968,0.09203717414817249,
eeg-eye-state,GaussianNB,MinMax Scaler,5,0.0,0.0,2.114321708679199,0.0027790069580078125,0.9987931596636861,431,4762,199,3608,0.5470454142459737,0.12981989489236032,47,525,26,402,0.5563037845747152,0.1099235999690258,
eeg-eye-state,GaussianNB,MinMax Scaler,6,0.0,0.0,2.114405632019043,0.0027790069580078125,0.998719116434911,432,4763,198,3607,0.5508409515987516,0.1306954590313794,49,530,21,400,0.5407216682363307,0.13844660081738314,
eeg-eye-state,GaussianNB,MinMax Scaler,7,0.015625,0.0,2.114321708679199,0.0027790069580078125,0.998883645853364,371,4792,169,3668,0.5486218101588528,0.12102705205025659,33,533,18,416,0.5302648757674848,0.09230967181033731,
eeg-eye-state,GaussianNB,MinMax Scaler,8,0.0,0.0,2.1144094467163086,0.0027790069580078125,0.9988625923416579,378,4799,162,3661,0.5459601479806916,0.12761176652524334,46,527,24,403,0.5592585257013973,0.11480745440576394,
eeg-eye-state,GaussianNB,MinMax Scaler,9,0.0,0.0,2.11423397064209,0.0027790069580078125,0.9988097376923196,474,4715,246,3565,0.5470726631828285,0.12424279937221572,51,521,30,398,0.5531146043435907,0.10781390471686231,
eeg-eye-state,GaussianNB,MinMax Scaler,10,0.0,0.0,2.1142778396606445,0.0027790069580078125,0.9987161402040473,516,4667,294,3523,0.5479108424767407,0.11903587630603138,70,535,16,379,0.5569100926034463,0.22506847951073955,
eeg-eye-state,GaussianNB,IQR Capping,1,0.0625,0.015625,4.023303985595703,0.002536773681640625,0.30493169421564376,2836,2666,2294,1204,0.6646524672628553,0.24059520311733365,293,273,279,155,0.6225373641304348,0.14933375571042928,
eeg-eye-state,GaussianNB,IQR Capping,2,0.0625,0.015625,4.022841453552246,0.002536773681640625,0.33822944571018343,2623,2903,2057,1417,0.6611337981076333,0.233497941483479,304,309,243,144,0.6665453545548654,0.23811584413109196,
eeg-eye-state,GaussianNB,IQR Capping,3,0.0625,0.015625,4.022983551025391,0.002536773681640625,0.2984045399497369,2817,2648,2313,1222,0.6599914590053968,0.23228439425322023,309,282,269,140,0.6523389342721677,0.20141556161377466,
eeg-eye-state,GaussianNB,IQR Capping,4,0.0625,0.015625,4.022983551025391,0.002536773681640625,0.34286729281058614,2638,2919,2042,1401,0.6651448518049601,0.24044312254445044,270,316,235,179,0.6421064757739522,0.17393583158922077,
eeg-eye-state,GaussianNB,IQR Capping,5,0.0625,0.015625,4.022936820983887,0.002536773681640625,0.3349504194079977,2672,2863,2098,1367,0.6634312879379687,0.23782413942014996,292,322,229,157,0.6689841106875938,0.23370807405877864,
eeg-eye-state,GaussianNB,IQR Capping,6,0.0625,0.015625,4.022983551025391,0.002536773681640625,0.31171215281420217,2780,2701,2260,1259,0.6632787238354685,0.23319648083091638,318,300,251,131,0.6654028512645564,0.25381558447485697,
eeg-eye-state,GaussianNB,IQR Capping,7,0.0625,0.015625,4.02293586730957,0.002536773681640625,0.3380709783096825,2704,2805,2156,1335,0.6637324485779874,0.23439833729860918,295,329,222,154,0.6777129252745566,0.2529326705951364,
eeg-eye-state,GaussianNB,IQR Capping,8,0.0625,0.015625,4.02293586730957,0.002536773681640625,0.3149780510465175,2779,2700,2261,1260,0.6601297249020199,0.2327464335852183,320,282,269,129,0.6655968698337503,0.22694495228313252,
eeg-eye-state,GaussianNB,IQR Capping,9,0.0625,0.015625,4.022983551025391,0.002536773681640625,0.33910972303953113,2667,2858,2103,1372,0.6639511138102752,0.23558613159619732,288,324,227,161,0.6553118646397116,0.22835324549346686,
eeg-eye-state,GaussianNB,IQR Capping,10,0.0625,0.015625,4.02293586730957,0.002536773681640625,0.34691210613718576,2648,2839,2122,1391,0.6620807687434133,0.22708170186517734,325,336,215,124,0.7015307256698693,0.3329581875954643,
eeg-eye-state,GaussianNB,IQR Removal,1,0.046875,0.0,3.042159080505371,0.0022907257080078125,0.7331220580880013,1024,4634,326,3016,0.6744942709996806,0.26151082367150996,98,510,42,350,0.6370624676501035,0.20445926118502825,
eeg-eye-state,GaussianNB,IQR Removal,2,0.046875,0.015625,3.042731285095215,0.0022907257080078125,0.9987102455022902,432,4762,198,3608,0.5468532916799744,0.13063116741940672,51,529,23,397,0.5699243012422359,0.137107009451642,
eeg-eye-state,GaussianNB,IQR Removal,3,0.046875,0.0,3.042731285095215,0.0022907257080078125,0.9986473689651355,440,4771,190,3599,0.5520338661365534,0.1376999721435321,40,536,15,409,0.5404387244895897,0.1349699587032041,
eeg-eye-state,GaussianNB,IQR Removal,4,0.046875,0.0,3.042731285095215,0.0022907257080078125,0.9987667835422304,439,4770,191,3600,0.5511734784600398,0.136824408004513,41,526,25,408,0.5402123694921968,0.09203717414817249,
eeg-eye-state,GaussianNB,IQR Removal,5,0.046875,0.0,3.042731285095215,0.0022907257080078125,0.9987931597353101,431,4762,199,3608,0.5470454142459737,0.12981989489236032,47,525,26,402,0.5563037845747152,0.1099235999690258,
eeg-eye-state,GaussianNB,IQR Removal,6,0.03125,0.0,3.0426836013793945,0.0022907257080078125,0.9987191165247641,432,4763,198,3607,0.5508409515987516,0.1306954590313794,49,530,21,400,0.5407216682363307,0.13844660081738314,
eeg-eye-state,GaussianNB,IQR Removal,7,0.046875,0.0,3.042588233947754,0.0022907257080078125,0.998883645932558,371,4792,169,3668,0.5486218101588528,0.12102705205025659,33,533,18,416,0.5302648757674848,0.09230967181033731,
eeg-eye-state,GaussianNB,IQR Removal,8,0.046875,0.015625,3.042731285095215,0.0022907257080078125,0.9988625924267772,378,4799,162,3661,0.5459601479806916,0.12761176652524334,46,527,24,403,0.5592585257013973,0.11480745440576394,
eeg-eye-state,GaussianNB,IQR Removal,9,0.046875,0.0,3.042731285095215,0.0022907257080078125,0.9988097377813436,474,4715,246,3565,0.5470726631828285,0.12424279937221572,51,521,30,398,0.5531146043435907,0.10781390471686231,
eeg-eye-state,GaussianNB,IQR Removal,10,0.046875,0.0,3.042731285095215,0.0022907257080078125,0.9987161402907735,516,4667,294,3523,0.5479108424767407,0.11903587630603138,70,535,16,379,0.5569100926034463,0.22506847951073955,
eeg-eye-state,GaussianNB,Yeo-Johnson,1,0.328125,0.015625,2.919491767883301,0.0021839141845703125,0.9999938733419157,1307,3477,1483,2733,0.505052648914085,0.026372768928847178,136,375,177,312,0.4932712215320911,-0.01831744205430995,
eeg-eye-state,GaussianNB,Yeo-Johnson,2,0.25,0.015625,2.919316291809082,0.0021839141845703125,0.49461011445684866,1693,3413,1547,2347,0.5725084338070905,0.11104466062766538,186,385,167,262,0.5913561076604555,0.1172116325347393,
eeg-eye-state,GaussianNB,Yeo-Johnson,3,0.21875,0.0,2.9192686080932617,0.0021839141845703125,0.48612370786728043,1619,3520,1441,2420,0.5758360620115934,0.1158891793637767,187,385,166,262,0.5853257288833019,0.11990909076200672,
eeg-eye-state,GaussianNB,Yeo-Johnson,4,0.25,0.0,2.919316291809082,0.0021839141845703125,0.493297589546808,1660,3471,1490,2379,0.5754654814610161,0.11538260132988717,198,397,154,251,0.5903863798964426,0.1681824676684454,
eeg-eye-state,GaussianNB,Yeo-Johnson,5,0.21875,0.0,2.919316291809082,0.0021839141845703125,0.5023882961652181,1540,3531,1430,2499,0.5668652977752341,0.09840724959366304,168,392,159,281,0.5597718664990562,0.09075782055323932,
eeg-eye-state,GaussianNB,Yeo-Johnson,6,0.234375,0.0,2.9192686080932617,0.0021839141845703125,0.4894375095268912,1671,3482,1479,2368,0.5792519358348422,0.12053465578342386,174,385,166,275,0.5599941794429242,0.09056992724407051,
eeg-eye-state,GaussianNB,Yeo-Johnson,7,0.234375,0.0,2.919316291809082,0.0021839141845703125,0.5080808885764184,1588,3489,1472,2451,0.5671749175632324,0.10126980701789456,153,383,168,296,0.5248000194018569,0.03820200930019553,
eeg-eye-state,GaussianNB,Yeo-Johnson,8,0.234375,0.0,2.919316291809082,0.0021839141845703125,0.4957177650452967,1915,3096,1865,2124,0.5664332074908226,0.09895316916595948,227,349,202,222,0.6003278105408671,0.13965213186944309,
eeg-eye-state,GaussianNB,Yeo-Johnson,9,0.234375,0.0,2.9192686080932617,0.0021839141845703125,0.503218050551362,2066,2887,2074,1973,0.5620128909430173,0.09325910823105639,231,322,229,218,0.5576699986661223,0.09866921818009519,
eeg-eye-state,GaussianNB,Yeo-Johnson,10,0.25,0.0,2.919316291809082,0.0021839141845703125,0.4949195365520966,1678,3489,1472,2361,0.5779838621415399,0.12381323589021992,168,395,156,281,0.5607682326929373,0.09676107745274903,
eeg-eye-state,GaussianNB,Quantile Transform,1,0.046875,0.0,2.662745475769043,0.11667728424072266,0.7574093217779694,1274,4434,526,2766,0.6756201592941553,0.260252197078753,116,490,62,332,0.6254731172360248,0.19060111302521468,
eeg-eye-state,GaussianNB,Quantile Transform,2,0.0625,0.015625,2.665024757385254,0.11667728424072266,0.7458874987575318,1259,4419,541,2781,0.6701074936122644,0.25187498043458717,142,492,60,306,0.6830801953933747,0.25796173133195244,
eeg-eye-state,GaussianNB,Quantile Transform,3,0.046875,0.015625,2.6625185012817383,0.11667728424072266,0.7624295920780002,1208,4459,502,2831,0.6695809387997362,0.2508960279165381,130,492,59,319,0.6584868976834991,0.23179904078267893,
eeg-eye-state,GaussianNB,Quantile Transform,4,0.046875,0.0,2.6634511947631836,0.11667728424072266,0.7778820267449866,1111,4542,419,2928,0.6744648865258949,0.25238272650059485,117,507,44,332,0.6522985137369189,0.24458031217878257,
eeg-eye-state,GaussianNB,Quantile Transform,5,0.046875,0.0,2.662289619445801,0.11667728424072266,0.6536377223385814,1736,3997,964,2303,0.6735909242874316,0.25559283211988565,199,440,111,250,0.6807262761773492,0.2599976605363438,
eeg-eye-state,GaussianNB,Quantile Transform,6,0.046875,0.0,2.6624746322631836,0.11667728424072266,0.751607857713103,1212,4463,498,2827,0.672608215833938,0.2531738465498846,142,481,70,307,0.6734384536720035,0.2302646057799773,
eeg-eye-state,GaussianNB,Quantile Transform,7,0.0625,0.015625,2.665154457092285,0.11667728424072266,0.6740021019794045,1611,4142,819,2428,0.6748354421232332,0.2618971964944909,175,451,100,274,0.6861466699542036,0.23199770051237267,
eeg-eye-state,GaussianNB,Quantile Transform,8,0.046875,0.0,2.66312313079834,0.11667728424072266,0.735688732488168,1310,4381,580,2729,0.6696459170337745,0.25329032412909863,146,485,66,303,0.6734627059931528,0.24994029626788444,
eeg-eye-state,GaussianNB,Quantile Transform,9,0.046875,0.015625,2.664322853088379,0.11667728424072266,0.7542108863986198,1220,4471,490,2819,0.6737486287571406,0.2577294838165777,130,498,53,319,0.6661425470596082,0.24870932958914563,
eeg-eye-state,GaussianNB,Quantile Transform,10,0.046875,0.0,2.6624250411987305,0.11667728424072266,0.7556066154843103,1172,4513,448,2867,0.6735946672732632,0.25874726792860353,142,503,48,307,0.7163893144273017,0.2905281222397021,
eeg-eye-state,GaussianNB,Uniform Binning,1,0.015625,0.0,2.117913246154785,0.0033626556396484375,0.383624630585683,2746,2845,2115,1294,0.6630336753433408,0.25277954137184083,287,302,250,161,0.625762244435818,0.18722178145646237,
eeg-eye-state,GaussianNB,Uniform Binning,2,0.015625,0.0,2.117953300476074,0.0033626556396484375,1.0,4039,22,4938,1,0.5020939795592463,0.04125764396568692,448,0,552,0,0.5,0.0,
eeg-eye-state,GaussianNB,Uniform Binning,3,0.015625,0.015625,2.118035316467285,0.0033626556396484375,1.0,4038,18,4943,1,0.5016903573548349,0.03663455450677075,449,4,547,0,0.5036297640653358,0.05720680558370546,
eeg-eye-state,GaussianNB,Uniform Binning,4,0.0,0.0,2.1179075241088867,0.0033626556396484375,1.0,4038,17,4944,1,0.5015895712230066,0.035392296997452,449,3,548,0,0.5027223230490019,0.04951769486069176,
eeg-eye-state,GaussianNB,Uniform Binning,5,0.015625,0.0,2.1180830001831055,0.0033626556396484375,1.0,4038,22,4939,1,0.502093501882148,0.04124728437043593,449,0,551,0,0.5,0.0,
eeg-eye-state,GaussianNB,Uniform Binning,6,0.015625,0.015625,2.1178598403930664,0.0033626556396484375,1.0,4038,19,4942,1,0.5017911434866632,0.03783805008476191,449,3,548,0,0.5027223230490019,0.04951769486069176,
eeg-eye-state,GaussianNB,Uniform Binning,7,0.0,0.0,2.1180830001831055,0.0033626556396484375,1.0,4038,20,4941,1,0.5018919296184914,0.0390061313462404,449,2,549,0,0.5018148820326679,0.040410767446151366,
eeg-eye-state,GaussianNB,Uniform Binning,8,0.0,0.0,2.118210792541504,0.0033626556396484375,1.0,4038,19,4942,1,0.5017911434866632,0.03783805008476191,449,3,548,0,0.5027223230490019,0.04951769486069176,
eeg-eye-state,GaussianNB,Uniform Binning,9,0.015625,0.0,2.117995262145996,0.0033626556396484375,1.0,4038,21,4940,1,0.5019927157503197,0.04014169883334304,449,1,550,0,0.5009074410163339,0.028560422447825855,
eeg-eye-state,GaussianNB,Uniform Binning,10,0.015625,0.0,2.1179513931274414,0.0033626556396484375,1.0,4039,20,4941,0,0.5020157226365651,0.04258230267270921,448,2,549,1,0.5007012962865655,0.012756228742880505,
eeg-eye-state,GaussianNB,Quantile Binning,1,0.015625,0.015625,2.1183958053588867,0.00337982177734375,0.4610008726510305,2329,3149,1811,1711,0.6516713909294155,0.21093303731273574,236,343,209,212,0.6057477678571428,0.14825878000895107,
eeg-eye-state,GaussianNB,Quantile Binning,2,0.015625,0.015625,2.118657112121582,0.00337982177734375,0.46309005032267553,2323,3143,1817,1717,0.6490456573379112,0.20824370832022318,250,339,213,198,0.6505705712991718,0.17170331223699686,
eeg-eye-state,GaussianNB,Quantile Binning,3,0.015625,0.0,2.1186532974243164,0.00337982177734375,0.1295225713916778,3695,1186,3775,344,0.647356236780086,0.20377004402030965,418,127,424,31,0.6387313610806835,0.22016397017748518,
eeg-eye-state,GaussianNB,Quantile Binning,4,0.015625,0.0,2.118954658508301,0.00337982177734375,0.12740759210874697,3736,1137,3824,303,0.6498838751122334,0.20915907804889744,407,134,417,42,0.6351561647379335,0.1954629403549356,
eeg-eye-state,GaussianNB,Quantile Binning,5,0.03125,0.0,2.1188669204711914,0.00337982177734375,0.17247245563372732,3537,1478,3483,502,0.6499873811470994,0.20847750451269512,388,162,389,61,0.6577067813531988,0.18897947558368727,
eeg-eye-state,GaussianNB,Quantile Binning,6,0.015625,0.0,2.118868827819824,0.00337982177734375,0.13675444850269283,3701,1192,3769,338,0.6502113614192684,0.20733838381577957,406,131,420,43,0.6450713220344464,0.18627950673760316,
eeg-eye-state,GaussianNB,Quantile Binning,7,0.015625,0.0,2.11873722076416,0.00337982177734375,0.47506535853507004,2281,3192,1769,1758,0.6508615430114737,0.20811038121481623,260,362,189,189,0.6621772925517079,0.23605188379904526,
eeg-eye-state,GaussianNB,Quantile Binning,8,0.015625,0.0,2.1188650131225586,0.00337982177734375,0.4853743709038472,2233,3234,1727,1806,0.6477582085051719,0.20514953647901213,257,344,207,192,0.6548025658955776,0.1961857451664551,
eeg-eye-state,GaussianNB,Quantile Binning,9,0.015625,0.0,2.118781089782715,0.00337982177734375,0.14282635269393362,3672,1253,3708,367,0.6500766887890438,0.20934467032148826,404,141,410,45,0.6453724550220494,0.1989990401242275,
eeg-eye-state,GaussianNB,Quantile Binning,10,0.015625,0.0,2.118483543395996,0.00337982177734375,0.13660824067578872,3745,1146,3815,294,0.6491556148355788,0.2146433797108252,413,114,437,36,0.6876523348922187,0.17651575834667052,
eeg-eye-state,GaussianNB,PCA,1,0.046875,0.0,1.545511245727539,0.0033254623413085938,0.5438871246495781,1570,4370,590,2470,0.695031589348451,0.3140485161721899,149,467,85,299,0.6551015786749483,0.2097861798987994,
eeg-eye-state,GaussianNB,PCA,2,0.0,0.0,1.3390331268310547,0.0028448104858398438,0.7259475853774368,2599,2339,2621,1441,0.578338340386458,0.11577915547043098,301,265,287,147,0.5917887875258799,0.15351991817684113,
eeg-eye-state,GaussianNB,PCA,3,0.0,0.0,1.339120864868164,0.0028448104858398438,0.7394783133142203,2328,2699,2262,1711,0.5788993216162572,0.11981421439447944,272,292,259,177,0.5899134596340325,0.13528852844433711,
eeg-eye-state,GaussianNB,PCA,4,0.015625,0.0,1.339120864868164,0.0028448104858398438,0.7456690395268029,2293,2754,2207,1746,0.581033572137493,0.12219847504325794,238,316,235,211,0.573252115004507,0.10317990619040225,
eeg-eye-state,GaussianNB,PCA,5,0.09375,0.015625,1.3392086029052734,0.0028448104858398438,0.722363425338522,2710,2181,2780,1329,0.573783757926833,0.11276827237142666,314,242,309,135,0.5993759069357596,0.14217998124294473,
eeg-eye-state,GaussianNB,PCA,6,0.0,0.015625,1.3391170501708984,0.0028448104858398438,0.745749397960901,2296,2757,2204,1743,0.5808057989730144,0.1235388605099116,242,303,248,207,0.5681550855096422,0.08843885910328743,
eeg-eye-state,GaussianNB,PCA,7,0.09375,0.0,1.3392086029052734,0.0028448104858398438,0.7225512840957109,2737,2208,2753,1302,0.5800046502855973,0.12513472115103966,287,237,314,162,0.5557581073488576,0.0704152609658027,
eeg-eye-state,GaussianNB,PCA,8,0.0,0.015625,1.3392086029052734,0.0028448104858398438,0.7487431558568862,2270,2731,2230,1769,0.5761907972554832,0.11192218646557994,259,320,231,190,0.5900993940961767,0.1568090548629912,
eeg-eye-state,GaussianNB,PCA,9,0.09375,0.0,1.3392086029052734,0.0028448104858398438,0.7488383251282051,2283,2744,2217,1756,0.5778178981497623,0.11773052348774578,244,320,231,205,0.5789594945816272,0.12369907871764806,
eeg-eye-state,GaussianNB,PCA,10,0.0,0.0,1.3390769958496094,0.0028448104858398438,0.7348281895705396,2522,2443,2518,1517,0.5757620507050812,0.11708429144081212,285,259,292,164,0.585576336201844,0.1055103849368303,
eeg-eye-state,GaussianNB,Select Percentile (Mutual Info),1,1.171875,0.0,4.899487495422363,0.002288818359375,0.657279430182923,1069,4679,281,2971,0.6854112104758863,0.2896639027749022,105,521,31,343,0.6493230784161491,0.25854008548957286,
eeg-eye-state,GaussianNB,Select Percentile (Mutual Info),2,0.375,0.0,4.899640083312988,0.002288818359375,0.9606521627113598,498,4828,132,3542,0.5768004431491536,0.18841707257812554,70,538,14,378,0.6005636969461698,0.23464966563442424,
eeg-eye-state,GaussianNB,Select Percentile (Mutual Info),3,0.359375,0.0,4.899460792541504,0.002288818359375,0.9667367034630977,517,4848,113,3522,0.576471221753994,0.20511841084800195,61,541,10,388,0.5766959446076986,0.22796610713488086,
eeg-eye-state,GaussianNB,Select Percentile (Mutual Info),4,0.359375,0.0,4.899592399597168,0.002288818359375,0.9774889095635445,513,4844,117,3526,0.5743323299303271,0.2016161542919256,42,543,8,407,0.5609278938071698,0.18034370473831568,
eeg-eye-state,GaussianNB,Select Percentile (Mutual Info),5,0.359375,0.0,4.899640083312988,0.002288818359375,0.9769645698583194,453,4874,87,3586,0.566879645887589,0.19816227875724432,40,544,7,409,0.5674275158751652,0.1795140784165012,
eeg-eye-state,GaussianNB,Select Percentile (Mutual Info),6,0.359375,0.0,4.899596214294434,0.002288818359375,0.9744594214649336,608,4759,202,3431,0.5763444593004938,0.19085239293108802,61,529,22,388,0.5728519517055445,0.17295373901435812,
eeg-eye-state,GaussianNB,Select Percentile (Mutual Info),7,0.375,0.0,4.899285316467285,0.002288818359375,0.9192469882155413,515,4846,115,3524,0.5809076580941146,0.20336728256996378,54,542,9,395,0.5812675071443296,0.21277162465429195,
eeg-eye-state,GaussianNB,Select Percentile (Mutual Info),8,0.375,0.0,4.899640083312988,0.002288818359375,0.9784210443151116,419,4840,121,3620,0.5781015166628496,0.1661793798787372,46,537,14,403,0.5893354459799757,0.16135572326695224,
eeg-eye-state,GaussianNB,Select Percentile (Mutual Info),9,0.375,0.0,4.899508476257324,0.002288818359375,0.9467007455255207,393,4904,57,3646,0.576716262559776,0.19582976245538547,39,543,8,410,0.5771122761207603,0.17001447115521628,
eeg-eye-state,GaussianNB,Select Percentile (Mutual Info),10,0.375,0.0,4.899420738220215,0.002288818359375,0.9549912042827344,496,4827,134,3543,0.5759149641529256,0.1867315639286011,60,537,14,389,0.5879651898350439,0.20563305889686095,
eeg-eye-state,GaussianNB,Random Undersampling,1,0.015625,0.015625,3.7088260650634766,0.0640716552734375,0.804213376076493,861,4831,129,3179,0.6844788506068349,0.2974379635012123,85,536,16,363,0.6495576151656315,0.2652832962080104,
eeg-eye-state,GaussianNB,Random Undersampling,2,0.015625,0.0,3.7084522247314453,0.0640716552734375,0.9995427055109832,370,4790,170,3670,0.5415419394762057,0.12002717971913764,42,532,20,406,0.564356075310559,0.11860853284167808,
eeg-eye-state,GaussianNB,Random Undersampling,3,0.03125,0.0,3.707465171813965,0.064056396484375,0.7709402772303064,1003,4614,347,3036,0.6682140502804769,0.24847227386324464,100,516,35,349,0.6532645645293635,0.2317164903394755,
eeg-eye-state,GaussianNB,Random Undersampling,4,0.015625,0.0,3.707551956176758,0.064056396484375,0.777757750163572,897,4778,183,3142,0.6856032637638697,0.2834528983020191,102,535,16,347,0.6608474569420248,0.3054789726279831,
eeg-eye-state,GaussianNB,Random Undersampling,5,0.015625,0.0,3.7075958251953125,0.064056396484375,0.999544415827009,467,4708,253,3572,0.5427642868646301,0.11847861859540294,51,521,30,398,0.5513846054349452,0.10781390471686231,
eeg-eye-state,GaussianNB,Random Undersampling,6,0.015625,0.0,3.7075958251953125,0.064056396484375,0.7554177850375112,1015,4626,335,3024,0.6739992590884312,0.2559799341587474,115,501,50,334,0.6673147425818212,0.2216146037543598,
eeg-eye-state,GaussianNB,Random Undersampling,7,0.015625,0.0,3.7075958251953125,0.064056396484375,0.9995590580947106,458,4699,262,3581,0.5431520601967943,0.1110675290252151,44,527,24,405,0.5254386638587869,0.10755775411514727,
eeg-eye-state,GaussianNB,Random Undersampling,8,0.015625,0.0,3.7075042724609375,0.064056396484375,0.999568688430736,370,4791,170,3669,0.5415902369754199,0.1200863785538299,43,525,26,406,0.5553053973540718,0.09533886543915614,
eeg-eye-state,GaussianNB,Random Undersampling,9,0.015625,0.0,3.707551956176758,0.064056396484375,0.9995924969223189,455,4696,265,3584,0.5395444706392456,0.1085971658351525,48,519,32,401,0.5458833705875933,0.08952185179954386,
eeg-eye-state,GaussianNB,Random Undersampling,10,0.015625,0.0,3.707552909851074,0.064056396484375,0.9995489827873069,407,4738,223,3632,0.5433681552454777,0.10880635555590218,55,539,12,394,0.5512714279362487,0.2003634767465585,
eeg-eye-state,GaussianNB,SMOTE / SMOTENC,1,0.09375,0.0,3.9361066818237305,0.5277023315429688,0.7773262768878242,985,4685,275,3055,0.6782009541679973,0.27001237064880124,95,519,33,353,0.6409363677536231,0.22665349075779914,
eeg-eye-state,GaussianNB,SMOTE / SMOTENC,2,0.09375,0.0,3.9360761642456055,0.5277023315429688,0.9989217663657519,437,4767,193,3603,0.5472069626317471,0.13500888750718845,53,526,26,395,0.5702639751552795,0.13126777468596673,
eeg-eye-state,GaussianNB,SMOTE / SMOTENC,3,0.09375,0.0,3.93630313873291,0.527587890625,0.9989965000424029,484,4725,236,3555,0.5496295217577022,0.13247734333909109,45,523,28,404,0.5378356420195717,0.09446643903687002,
eeg-eye-state,GaussianNB,SMOTE / SMOTENC,4,0.09375,0.0,3.936306953430176,0.527587890625,0.9989886374024533,439,4770,191,3600,0.5515720814978771,0.136824408004513,40,526,25,409,0.5405842384164852,0.08819928614003102,
eeg-eye-state,GaussianNB,SMOTE / SMOTENC,5,0.09375,0.0,3.936306953430176,0.527587890625,0.9989778382059509,620,4591,370,3419,0.5450709642665128,0.1254537341664173,66,501,50,383,0.5539108888879907,0.08736959509554014,
eeg-eye-state,GaussianNB,SMOTE / SMOTENC,6,0.09375,0.0,3.936263084411621,0.527587890625,0.9989605539943511,437,4768,193,3602,0.5508176951801173,0.13507327972647484,48,529,22,401,0.5404104301149155,0.1305668853468434,
eeg-eye-state,GaussianNB,SMOTE / SMOTENC,7,0.109375,0.0,3.9363508224487305,0.527587890625,0.9991153673497727,465,4706,255,3574,0.5466627812810184,0.11683170980202787,47,527,24,402,0.5288541990873044,0.11837078074195713,
eeg-eye-state,GaussianNB,SMOTE / SMOTENC,8,0.109375,0.0,3.936306953430176,0.527587890625,0.9991776623047025,322,4833,128,3717,0.5441406576146629,0.12305345711996349,38,529,22,411,0.5579933629481122,0.09363034099331016,
eeg-eye-state,GaussianNB,SMOTE / SMOTENC,9,0.109375,0.0,3.9363508224487305,0.527587890625,0.999106347727636,424,4755,206,3615,0.5449723989729447,0.12369094591922669,46,522,29,403,0.5512027130263258,0.09407764988938627,
eeg-eye-state,GaussianNB,SMOTE / SMOTENC,10,0.109375,0.0,3.936306953430176,0.527587890625,0.9989915723436628,512,4663,298,3527,0.5471813095849034,0.1159134190614637,68,536,15,381,0.5561380603801956,0.2239660919870336,
eeg-eye-state,LogisticRegression,Baseline,1,0.046875,0.0,2.273941993713379,0.001895904541015625,0.5241180890833189,1741,4091,869,2299,0.6787484529702971,0.28032237802496024,174,446,106,274,0.6518301953933747,0.2174827762591128,
eeg-eye-state,LogisticRegression,Baseline,2,0.0625,0.0,2.275355339050293,0.001895904541015625,0.5268093323985116,1744,4094,866,2296,0.6812190095017567,0.2817993136309927,184,455,97,264,0.6744185106107661,0.2599798396157338,
eeg-eye-state,LogisticRegression,Baseline,3,0.03125,0.0,2.2739953994750977,0.001895904541015625,0.5161621746348518,1783,4044,917,2256,0.6790536374361266,0.2785050257297171,209,446,105,240,0.6863972772727457,0.29462694682405943,
eeg-eye-state,LogisticRegression,Baseline,4,0.046875,0.0,2.2759695053100586,0.001895904541015625,0.5311014447956501,1642,4173,788,2397,0.6801819729917122,0.2774961994943357,182,448,103,267,0.6593195607096229,0.24065823928504954,
eeg-eye-state,LogisticRegression,Baseline,5,0.046875,0.0,2.276667594909668,0.001895904541015625,0.5021920693187993,1948,3849,1112,2091,0.6763724618251626,0.27104316329265493,220,425,126,229,0.6770277972020905,0.2732220618590209,
eeg-eye-state,LogisticRegression,Baseline,6,0.046875,0.0,2.276188850402832,0.001895904541015625,0.5294403536472285,1696,4137,824,2343,0.6786662633557845,0.2811532657864108,184,469,82,265,0.6819752707165349,0.29377583110383754,
eeg-eye-state,LogisticRegression,Baseline,7,0.046875,0.0,2.2766714096069336,0.001895904541015625,0.5280967669809195,1690,4131,830,2349,0.6774246400956927,0.27816799008258397,191,461,90,258,0.6756979615924074,0.2899787313199094,
eeg-eye-state,LogisticRegression,Baseline,8,0.046875,0.0,2.2737321853637695,0.001895904541015625,0.5038659009847378,1912,3903,1058,2127,0.678432800852842,0.2751440663215279,230,434,117,219,0.696235635552286,0.313376227340514,
eeg-eye-state,LogisticRegression,Baseline,9,0.0625,0.0,2.276627540588379,0.001895904541015625,0.5084987526234304,1873,3954,1007,2166,0.6789314164721021,0.2780137021129914,185,443,108,264,0.6727068419840015,0.2360740996796599,
eeg-eye-state,LogisticRegression,Baseline,10,0.046875,0.0,2.2788705825805664,0.001895904541015625,0.5298412153993814,1631,4162,799,2408,0.6758981007540918,0.27196106939761655,193,468,83,256,0.6845379326513044,0.3106736263521641,
eeg-eye-state,LogisticRegression,Standard Scaler,1,0.015625,0.0,2.2737646102905273,0.002285003662109375,0.524190991093401,1739,4089,871,2301,0.6791068648195464,0.27933775428760527,175,445,107,273,0.6525176306935818,0.21747657327418005,
eeg-eye-state,LogisticRegression,Standard Scaler,2,0.015625,0.0,2.273573875427246,0.002285003662109375,0.5221142832153397,1744,4094,866,2296,0.6815260699457042,0.2817993136309927,186,451,101,262,0.675194908126294,0.2552696493631432,
eeg-eye-state,LogisticRegression,Standard Scaler,3,0.015625,0.0,2.2727060317993164,0.002285003662109375,0.5067944609465351,1921,3912,1049,2118,0.6782742479730111,0.27941995704881495,226,430,121,223,0.6859809457596837,0.29648194712214865,
eeg-eye-state,LogisticRegression,Standard Scaler,4,0.015625,0.0,2.2720251083374023,0.002285003662109375,0.5016837754786669,1975,3876,1085,2064,0.6818442579528092,0.28377616501326197,219,411,140,230,0.660811078460301,0.2422814967132893,
eeg-eye-state,LogisticRegression,Standard Scaler,5,0.03125,0.0,2.273503303527832,0.002285003662109375,0.5076375153617289,1909,3900,1061,2130,0.6767139219459694,0.27371876941243223,214,428,123,235,0.6767852739905981,0.2666286426755297,
eeg-eye-state,LogisticRegression,Standard Scaler,6,0.03125,0.0,2.272231101989746,0.002285003662109375,0.5183921946820885,1783,4044,917,2256,0.6784025575273216,0.2785050257297171,195,456,95,254,0.6813891729554283,0.2870653911314014,
eeg-eye-state,LogisticRegression,Standard Scaler,7,0.015625,0.0,2.273196220397949,0.002285003662109375,0.526491524171256,1688,4129,832,2351,0.6780147841951574,0.27717289818130836,195,463,88,254,0.675997073553248,0.30319988234756107,
eeg-eye-state,LogisticRegression,Standard Scaler,8,0.015625,0.0,2.273526191711426,0.002285003662109375,0.5019243024263066,1964,3865,1096,2075,0.6783332374297185,0.27858864579375536,232,430,121,217,0.6979292559792077,0.3092193066792892,
eeg-eye-state,LogisticRegression,Standard Scaler,9,0.015625,0.0,2.2734594345092773,0.002285003662109375,0.5069404115053379,1923,3914,1047,2116,0.6784209730176136,0.2803701549882121,193,439,112,256,0.6732767715310087,0.24477838496694823,
eeg-eye-state,LogisticRegression,Standard Scaler,10,0.015625,0.0,2.273503303527832,0.002285003662109375,0.5145016374892522,1825,3996,965,2214,0.6779217585206203,0.2767320564503235,203,446,105,246,0.6851684930011843,0.2817932600513076,
eeg-eye-state,LogisticRegression,MinMax Scaler,1,0.03125,0.0,2.2744646072387695,0.0025663375854492188,0.5190036146110582,1647,4177,783,2393,0.6739376896358991,0.27986987355914783,165,453,99,283,0.6437872023809523,0.2131708302931271,
eeg-eye-state,LogisticRegression,MinMax Scaler,2,0.015625,0.0,2.275862693786621,0.0025663375854492188,0.468979865586112,1271,4161,799,2769,0.6097779263813478,0.18143925625788654,133,451,101,315,0.6008265398550725,0.13379046176846093,
eeg-eye-state,LogisticRegression,MinMax Scaler,3,0.03125,0.0,2.275204658508301,0.0025663375854492188,0.47790226273680564,979,4410,551,3060,0.607527923048603,0.17387925100025664,107,489,62,342,0.5981552067712481,0.16694860653352714,
eeg-eye-state,LogisticRegression,MinMax Scaler,4,0.03125,0.0,2.274744987487793,0.0025663375854492188,0.46793114965933275,1306,4107,854,2733,0.6099357608808973,0.1760888110192347,150,446,105,299,0.5936361909304403,0.16377300601283226,
eeg-eye-state,LogisticRegression,MinMax Scaler,5,0.015625,0.0,2.2747106552124023,0.0025663375854492188,0.47593669227536156,973,4404,557,3066,0.6088192531605399,0.17031091120478672,114,490,61,335,0.6318538070081123,0.1874411285355507,
eeg-eye-state,LogisticRegression,MinMax Scaler,6,0.015625,0.0,2.2761754989624023,0.0025663375854492188,0.4692635103706416,1260,4151,810,2779,0.6103745386333281,0.1757262063203666,138,450,101,311,0.5915302810439815,0.1446746659975196,
eeg-eye-state,LogisticRegression,MinMax Scaler,7,0.015625,0.0,2.2753000259399414,0.0025663375854492188,0.4648525286759541,1390,4011,950,2649,0.6138987344665464,0.1730915947015829,154,439,112,295,0.6068860423849733,0.15727558433130825,
eeg-eye-state,LogisticRegression,MinMax Scaler,8,0.03125,0.0,2.274754524230957,0.0025663375854492188,0.4683860914472962,1251,4142,819,2788,0.6088002886989925,0.17094858538908153,144,451,100,305,0.6238909615641131,0.16123480611843186,
eeg-eye-state,LogisticRegression,MinMax Scaler,9,0.03125,0.0,2.2747926712036133,0.0025663375854492188,0.4789884839632868,881,4492,469,3158,0.6110469785146125,0.17214439419229954,94,503,48,355,0.6154915743394274,0.1741902020906844,
eeg-eye-state,LogisticRegression,MinMax Scaler,10,0.03125,0.0,2.275546073913574,0.0025663375854492188,0.47858743113514723,874,4485,476,3165,0.608307462231152,0.16776492568658957,107,502,49,342,0.642351020012207,0.2047634630968872,
eeg-eye-state,LogisticRegression,IQR Capping,1,0.09375,0.0,4.0232086181640625,0.0023241043090820312,0.5218146186976538,1805,4065,895,2235,0.6875337851325455,0.2890769907970271,189,441,111,259,0.6478996829710144,0.23959317875170782,
eeg-eye-state,LogisticRegression,IQR Capping,2,0.09375,0.015625,4.02288818359375,0.0023241043090820312,0.5110045209865403,1899,3979,981,2141,0.6876452960316193,0.2903053007052851,206,449,103,242,0.6878032802795031,0.29404530863762046,
eeg-eye-state,LogisticRegression,IQR Capping,3,0.109375,0.015625,4.02293586730957,0.0023241043090820312,0.5482857332846256,1528,4329,632,2511,0.6872778257184948,0.29221201695516064,170,465,86,279,0.692201666134463,0.2536291901147784,
eeg-eye-state,LogisticRegression,IQR Capping,4,0.109375,0.015625,4.022983551025391,0.0023241043090820312,0.5242813545530847,1772,4123,838,2267,0.6892094060335634,0.2957336126916663,188,448,103,261,0.6681211322600333,0.25380295869590314,
eeg-eye-state,LogisticRegression,IQR Capping,5,0.09375,0.0,4.02293586730957,0.0023241043090820312,0.5335288261305863,1662,4190,771,2377,0.685097187126185,0.28677116213718995,182,465,86,267,0.6886608272466744,0.27992259543566533,
eeg-eye-state,LogisticRegression,IQR Capping,6,0.09375,0.015625,4.022983551025391,0.0023241043090820312,0.5518056367737728,1483,4372,589,2556,0.6869993725258552,0.29352918410993617,171,482,69,278,0.6924886519347289,0.2977011239759281,
eeg-eye-state,LogisticRegression,IQR Capping,7,0.09375,0.015625,4.022936820983887,0.0023241043090820312,0.540692819645872,1575,4286,675,2464,0.6855211177014833,0.2916207314146962,181,472,79,268,0.6862376161585132,0.2945365648882303,
eeg-eye-state,LogisticRegression,IQR Capping,8,0.109375,0.015625,4.02288818359375,0.0023241043090820312,0.5201750449964834,1813,4074,887,2226,0.685905123094577,0.2931298301615244,206,447,104,243,0.7059971948148537,0.29042708076296825,
eeg-eye-state,LogisticRegression,IQR Capping,9,0.09375,0.0,4.02293586730957,0.0023241043090820312,0.5529954020906349,1467,4358,603,2572,0.6851895640165112,0.2856114877399234,150,489,62,299,0.6863952562459833,0.26961598675579157,
eeg-eye-state,LogisticRegression,IQR Capping,10,0.09375,0.015625,4.022936820983887,0.0023241043090820312,0.5468260900880498,1522,4323,638,2517,0.6862694403821958,0.28907355192986534,170,474,77,279,0.6856616235312187,0.27549930034442566,
eeg-eye-state,LogisticRegression,IQR Removal,1,0.078125,0.0,3.04227352142334,0.0020780563354492188,0.5241180890833189,1741,4091,869,2299,0.6787484529702971,0.28032237802496024,174,446,106,274,0.6518301953933747,0.2174827762591128,
eeg-eye-state,LogisticRegression,IQR Removal,2,0.09375,0.0,3.0428457260131836,0.0020780563354492188,0.5268093323985116,1744,4094,866,2296,0.6812190095017567,0.2817993136309927,184,455,97,264,0.6744185106107661,0.2599798396157338,
eeg-eye-state,LogisticRegression,IQR Removal,3,0.09375,0.0,3.042750358581543,0.0020780563354492188,0.5161621746348518,1783,4044,917,2256,0.6790536374361266,0.2785050257297171,209,446,105,240,0.6863972772727457,0.29462694682405943,
eeg-eye-state,LogisticRegression,IQR Removal,4,0.09375,0.0,3.0428457260131836,0.0020780563354492188,0.5311014447956501,1642,4173,788,2397,0.6801819729917122,0.2774961994943357,182,448,103,267,0.6593195607096229,0.24065823928504954,
eeg-eye-state,LogisticRegression,IQR Removal,5,0.078125,0.0,3.0428457260131836,0.0020780563354492188,0.5021920693187993,1948,3849,1112,2091,0.6763724618251626,0.27104316329265493,220,425,126,229,0.6770277972020905,0.2732220618590209,
eeg-eye-state,LogisticRegression,IQR Removal,6,0.09375,0.0,3.0428457260131836,0.0020780563354492188,0.5294403536472285,1696,4137,824,2343,0.6786662633557845,0.2811532657864108,184,469,82,265,0.6819752707165349,0.29377583110383754,
eeg-eye-state,LogisticRegression,IQR Removal,7,0.078125,0.0,3.0427980422973633,0.0020780563354492188,0.5280967669809195,1690,4131,830,2349,0.6774246400956927,0.27816799008258397,191,461,90,258,0.6756979615924074,0.2899787313199094,
eeg-eye-state,LogisticRegression,IQR Removal,8,0.09375,0.0,3.0428457260131836,0.0020780563354492188,0.5038659009847378,1912,3903,1058,2127,0.678432800852842,0.2751440663215279,230,434,117,219,0.696235635552286,0.313376227340514,
eeg-eye-state,LogisticRegression,IQR Removal,9,0.09375,0.0,3.0427980422973633,0.0020780563354492188,0.5084987526234304,1873,3954,1007,2166,0.6789314164721021,0.2780137021129914,185,443,108,264,0.6727068419840015,0.2360740996796599,
eeg-eye-state,LogisticRegression,IQR Removal,10,0.078125,0.0,3.042750358581543,0.0020780563354492188,0.5298412153993814,1631,4162,799,2408,0.6758981007540918,0.27196106939761655,193,468,83,256,0.6845379326513044,0.3106736263521641,
eeg-eye-state,LogisticRegression,Yeo-Johnson,1,0.34375,0.0,2.919346809387207,0.0019712448120117188,0.4489065406172951,4008,55,4905,32,0.46167640629990414,0.016104002070253993,445,6,546,3,0.4802564538043478,0.021974199822923705,
eeg-eye-state,LogisticRegression,Yeo-Johnson,2,0.28125,0.015625,2.9191713333129883,0.0019712448120117188,0.41668481847402133,3045,1885,3075,995,0.5947682699217502,0.14261451426927402,332,215,337,116,0.5759878849637681,0.1379766330419199,
eeg-eye-state,LogisticRegression,Yeo-Johnson,3,0.25,0.0,2.9191713333129883,0.0019712448120117188,0.4156983774710024,3088,1839,3122,951,0.5930447138584649,0.14543515539374055,338,186,365,111,0.5816777755771041,0.09835149390994573,
eeg-eye-state,LogisticRegression,Yeo-Johnson,4,0.28125,0.0,2.9191713333129883,0.0019712448120117188,0.45534857807035023,2145,3056,1905,1894,0.5959463513349159,0.1470401215423273,224,313,238,225,0.5622819817380021,0.06678849923012567,
eeg-eye-state,LogisticRegression,Yeo-Johnson,5,0.234375,0.0,2.9191713333129883,0.0019712448120117188,0.41486615700656765,3121,1782,3179,918,0.5919501400350813,0.14317683538739348,342,202,349,107,0.5967829295995538,0.13810308233757637,
eeg-eye-state,LogisticRegression,Yeo-Johnson,6,0.265625,0.015625,2.9191713333129883,0.0019712448120117188,0.41632515872759546,3076,1827,3134,963,0.5905735447058984,0.1396388092356985,345,207,344,104,0.6068496639032495,0.1547878023353576,
eeg-eye-state,LogisticRegression,Yeo-Johnson,7,0.265625,0.0,2.9191713333129883,0.0019712448120117188,0.4145926617642032,3104,1765,3196,935,0.5894125204073826,0.13488944620936935,336,216,335,113,0.6014050178052457,0.1485709997635203,
eeg-eye-state,LogisticRegression,Yeo-Johnson,8,0.265625,0.0,2.919123649597168,0.0019712448120117188,0.4178229962394113,3050,1891,3070,989,0.5936563676498426,0.1453379699532327,338,199,352,111,0.5889959134838864,0.12254362231264893,
eeg-eye-state,LogisticRegression,Yeo-Johnson,9,0.265625,0.0,2.9191713333129883,0.0019712448120117188,0.417161753070663,3082,1833,3128,957,0.5910075563897035,0.1425369823147195,345,192,359,104,0.601364597269997,0.12729952804345948,
eeg-eye-state,LogisticRegression,Yeo-Johnson,10,0.265625,0.0,2.9191713333129883,0.0019712448120117188,0.41532676973601534,3088,1839,3122,951,0.5938783017564235,0.14543515539374055,334,205,346,115,0.5785492261488526,0.12360918174980084,
eeg-eye-state,LogisticRegression,Quantile Transform,1,0.0625,0.015625,2.6631202697753906,0.11645221710205078,0.504022436147027,2012,3732,1228,2028,0.6798464448259343,0.25950755559927163,208,397,155,240,0.6389508928571428,0.18975561446937103,
eeg-eye-state,LogisticRegression,Quantile Transform,2,0.0625,0.0,2.6619815826416016,0.11645221710205078,0.5013715184363489,2028,3748,1212,2012,0.6798187480038326,0.26695397039408575,221,404,148,227,0.6736744629917184,0.23207331836922973,
eeg-eye-state,LogisticRegression,Quantile Transform,3,0.0625,0.0,2.662625312805176,0.11645221710205078,0.4977795182498177,2047,3678,1283,1992,0.6778287827525609,0.2556787449060959,242,408,143,207,0.6895096584868976,0.2856479256571224,
eeg-eye-state,LogisticRegression,Quantile Transform,4,0.046875,0.0,2.6622323989868164,0.11645221710205078,0.5047041071051698,1974,3785,1176,2065,0.6802864771561332,0.2624503375490249,214,409,142,235,0.6640123848520002,0.22739435380880701,
eeg-eye-state,LogisticRegression,Quantile Transform,5,0.046875,0.015625,2.662240982055664,0.11645221710205078,0.511395148438463,1923,3824,1137,2116,0.6762756931647939,0.25925334688468543,212,424,127,237,0.6846308998823762,0.25393451871525663,
eeg-eye-state,LogisticRegression,Quantile Transform,6,0.0625,0.015625,2.662242889404297,0.11645221710205078,0.494037844515746,2100,3641,1320,1939,0.6781135491146366,0.26012230991004004,242,411,140,207,0.6838669517661753,0.2916441907849584,
eeg-eye-state,LogisticRegression,Quantile Transform,7,0.0625,0.015625,2.662766456604004,0.11645221710205078,0.5369190001054078,1655,4096,865,2384,0.6777029186156601,0.2607538818102608,174,456,95,275,0.666651845803742,0.2412864375486425,
eeg-eye-state,LogisticRegression,Quantile Transform,8,0.0625,0.0,2.662233352661133,0.11645221710205078,0.4932421927152426,2098,3639,1322,1941,0.6764125866332785,0.2592018162269301,240,399,152,209,0.6972461489335042,0.26353110964592386,
eeg-eye-state,LogisticRegression,Quantile Transform,9,0.0625,0.015625,2.663585662841797,0.11645221710205078,0.5097507506595155,1918,3819,1142,2121,0.6769260743829102,0.25689538360309155,206,433,118,243,0.6788143848600843,0.26000565848651136,
eeg-eye-state,LogisticRegression,Quantile Transform,10,0.046875,0.015625,2.6622838973999023,0.11645221710205078,0.5073115992073284,1967,3778,1183,2072,0.6781775292191199,0.2591717574422288,217,434,117,232,0.6781757404031544,0.2857497223783258,
eeg-eye-state,LogisticRegression,Uniform Binning,1,0.03125,0.0,2.277735710144043,0.0031375885009765625,0.575221770252265,867,4567,393,3173,0.6313518045352922,0.19404322487732162,79,510,42,369,0.5927572625517599,0.15286775748230613,
eeg-eye-state,LogisticRegression,Uniform Binning,2,0.03125,0.0,2.2803468704223633,0.0031375885009765625,0.5336121385335594,1532,3693,1267,2508,0.5656084817151069,0.13298260919711166,174,417,135,274,0.5735030085403727,0.15478634172423167,
eeg-eye-state,LogisticRegression,Uniform Binning,3,0.03125,0.0,2.278763771057129,0.0031375885009765625,0.5340440864292482,1543,3698,1263,2496,0.5674532210364387,0.13683465868558028,163,412,139,286,0.556964660326032,0.11999194948169002,
eeg-eye-state,LogisticRegression,Uniform Binning,4,0.03125,0.0,2.2776193618774414,0.0031375885009765625,0.5331816661970749,1531,3698,1263,2508,0.5656998318001979,0.13380173443266133,175,410,141,274,0.569052421392164,0.14320801064044464,
eeg-eye-state,LogisticRegression,Uniform Binning,5,0.015625,0.0,2.2780580520629883,0.0031375885009765625,0.538456374748252,1539,3713,1248,2500,0.5683435276463671,0.13927740491902213,167,397,154,282,0.548735039349391,0.09849150656124134,
eeg-eye-state,LogisticRegression,Uniform Binning,6,0.03125,0.015625,2.2786149978637695,0.0031375885009765625,0.5578920671354936,1372,3934,1027,2667,0.5692129733485934,0.1492399754986908,163,426,125,286,0.5706106330260025,0.14956845852922093,
eeg-eye-state,LogisticRegression,Uniform Binning,7,0.03125,0.0,2.27927303314209,0.0031375885009765625,0.5357699789760847,1543,3685,1276,2496,0.5656067312659442,0.1338521917905641,163,425,126,286,0.5732319047368825,0.14742300446445009,
eeg-eye-state,LogisticRegression,Uniform Binning,8,0.015625,0.0,2.278557777404785,0.0031375885009765625,0.5331993949984257,1496,3710,1251,2543,0.562108287175248,0.12768667965816372,175,418,133,274,0.5787493077983339,0.1598576217772671,
eeg-eye-state,LogisticRegression,Uniform Binning,9,0.015625,0.0,2.279219627380371,0.0031375885009765625,0.534857979934642,1527,3697,1264,2512,0.5649418771692786,0.13255960892469057,179,413,138,270,0.5794829405130983,0.1584296364665871,
eeg-eye-state,LogisticRegression,Uniform Binning,10,0.03125,0.0,2.2788000106811523,0.0031375885009765625,0.5371466863251682,1548,3694,1267,2491,0.5674283925637551,0.1371781613901256,158,416,135,291,0.5570353962627173,0.11680683004002856,
eeg-eye-state,LogisticRegression,Quantile Binning,1,0.03125,0.0,2.2776803970336914,0.003154754638671875,0.48416939212071675,2252,3612,1348,1788,0.6982921291121048,0.29001467490045635,240,378,174,208,0.6561286878881988,0.22261890606110699,
eeg-eye-state,LogisticRegression,Quantile Binning,2,0.03125,0.0,2.2790117263793945,0.003154754638671875,0.505992933272911,2031,3841,1119,2009,0.6959118242973492,0.2889767768161261,213,418,134,235,0.6887960177277432,0.24309172386204986,
eeg-eye-state,LogisticRegression,Quantile Binning,3,0.015625,0.0,2.278397560119629,0.003154754638671875,0.49183098175589973,2152,3693,1268,1887,0.6950019510937477,0.2840551456708987,268,402,149,181,0.7018601530321464,0.32933104863186013,
eeg-eye-state,LogisticRegression,Quantile Binning,4,0.03125,0.0,2.2785844802856445,0.003154754638671875,0.505907841617143,2034,3845,1116,2005,0.6975648733056689,0.290552452750134,222,420,131,227,0.6762598070323647,0.267150369808782,
eeg-eye-state,LogisticRegression,Quantile Binning,5,0.03125,0.0,2.2791967391967773,0.003154754638671875,0.4701197298928997,2370,3461,1500,1669,0.6947336788225704,0.2857381878760741,258,375,176,191,0.6961992570705622,0.25610098902159806,
eeg-eye-state,LogisticRegression,Quantile Binning,6,0.03125,0.0,2.2781896591186523,0.003154754638671875,0.49236723793243375,2167,3708,1253,1872,0.6956056947084013,0.2909588482942233,244,407,144,205,0.6974361254491732,0.2879321821229005,
eeg-eye-state,LogisticRegression,Quantile Binning,7,0.03125,0.015625,2.2787084579467773,0.003154754638671875,0.4946777000747224,2154,3695,1266,1885,0.6947160618359225,0.28497563935400866,243,429,122,206,0.6963811494791815,0.33038975174672647,
eeg-eye-state,LogisticRegression,Quantile Binning,8,0.03125,0.0,2.2787389755249023,0.003154754638671875,0.48809127947561937,2209,3660,1301,1830,0.6941592552635987,0.2902863545196641,244,404,147,205,0.7129677161184969,0.2819813279844095,
eeg-eye-state,LogisticRegression,Quantile Binning,9,0.03125,0.0,2.278214454650879,0.003154754638671875,0.5019188746741485,2060,3781,1180,1979,0.6936227356744828,0.2820208254768913,220,436,115,229,0.7032021148024041,0.2964035736351634,
eeg-eye-state,LogisticRegression,Quantile Binning,10,0.03125,0.015625,2.2801218032836914,0.003154754638671875,0.4822672579253412,2245,3606,1355,1794,0.6949771475743032,0.2870116845074174,246,402,149,203,0.7026604796300713,0.2823148378353856,
eeg-eye-state,LogisticRegression,PCA,1,0.15625,0.0,1.5454063415527344,0.0032672882080078125,0.6194321441738073,655,4805,155,3385,0.6290651948259343,0.22746578272344445,56,536,16,392,0.5866775038819876,0.18471624923490645,
eeg-eye-state,LogisticRegression,PCA,2,0.1875,0.0,1.3390159606933594,0.0028553009033203125,0.5616396073077071,670,4730,230,3370,0.6234875039923347,0.19807463354205526,70,526,26,378,0.6292863612836439,0.1842496568203957,
eeg-eye-state,LogisticRegression,PCA,3,0.09375,0.0,1.3390636444091797,0.0028553009033203125,0.5623629242989499,668,4729,232,3371,0.6229201787310669,0.19666433430179417,70,532,19,379,0.6274600948265756,0.21209591750535595,
eeg-eye-state,LogisticRegression,PCA,4,0.09375,0.0,1.3390636444091797,0.0028553009033203125,0.5638235306885673,676,4737,224,3363,0.6238782333845491,0.20262160304247706,77,522,29,372,0.6173387928002942,0.1920504331188408,
eeg-eye-state,LogisticRegression,PCA,5,0.1875,0.0,1.3386201858520508,0.0028553009033203125,0.39858306081095074,3331,1722,3239,708,0.6220317436140544,0.19248666508163315,374,196,355,75,0.6467932368360422,0.21114177300262427,
eeg-eye-state,LogisticRegression,PCA,6,0.1875,0.0,1.3390636444091797,0.0028553009033203125,0.5622830805317957,668,4729,232,3371,0.624852258110913,0.19666433430179417,80,517,34,369,0.6227430183630491,0.1822784367297676,
eeg-eye-state,LogisticRegression,PCA,7,0.1875,0.0,1.339019775390625,0.0028553009033203125,0.3960954525761399,3351,1742,3219,688,0.6277458855976842,0.2025505379847588,355,188,363,94,0.5914817764016831,0.14573758955555177,
eeg-eye-state,LogisticRegression,PCA,8,0.171875,0.0,1.3390159606933594,0.0028553009033203125,0.5573808421090164,661,4722,239,3378,0.6214233337437309,0.19145172415369663,88,520,31,361,0.6507019025945942,0.21464778525750242,
eeg-eye-state,LogisticRegression,PCA,9,0.09375,0.03125,1.3389320373535156,0.0028553009033203125,0.5623697431333656,667,4728,233,3372,0.62504025581262,0.19591967570920882,67,525,26,382,0.6189111516214698,0.1747418299875882,
eeg-eye-state,LogisticRegression,PCA,10,0.1875,0.0,1.3390636444091797,0.0028553009033203125,0.40119668475596765,3299,1780,3181,740,0.6222708954554612,0.1945006630233307,371,199,352,78,0.6417164176088019,0.20833257866560168,
eeg-eye-state,LogisticRegression,Select Percentile (Mutual Info),1,1.21875,0.0,4.899693489074707,0.002223968505859375,0.4428961858500664,2414,3054,1906,1626,0.6419947700415203,0.21230337536644164,248,326,226,200,0.6106649521221532,0.1435636794077268,
eeg-eye-state,LogisticRegression,Select Percentile (Mutual Info),2,0.421875,0.0,4.899754524230957,0.002223968505859375,0.481750323819699,1582,4022,938,2458,0.6388471634461833,0.22428856002209166,169,427,125,279,0.6070134575569359,0.16458283098058687,
eeg-eye-state,LogisticRegression,Select Percentile (Mutual Info),3,0.40625,0.0,4.899754524230957,0.002223968505859375,0.4746491500705918,1743,3914,1047,2296,0.6395304020031661,0.237123691037036,187,427,124,262,0.6498045667120723,0.20569895637938415,
eeg-eye-state,LogisticRegression,Select Percentile (Mutual Info),4,0.40625,0.0,4.899706840515137,0.002223968505859375,0.48239273253583626,1658,4099,862,2381,0.6490895885655076,0.2622465196621742,173,462,89,276,0.633296820116492,0.2531243786547176,
eeg-eye-state,LogisticRegression,Select Percentile (Mutual Info),5,0.40625,0.0,4.899754524230957,0.002223968505859375,0.4678832329151041,1857,3758,1203,2182,0.6434275489446551,0.22812823156764606,212,427,124,237,0.6607949102462015,0.2602222166742771,
eeg-eye-state,LogisticRegression,Select Percentile (Mutual Info),6,0.40625,0.0,4.899754524230957,0.002223968505859375,0.45209400314551085,2271,3272,1689,1768,0.6375541054840281,0.2222513318155391,252,358,193,197,0.6329855819950768,0.21115600414419933,
eeg-eye-state,LogisticRegression,Select Percentile (Mutual Info),7,0.40625,0.0,4.899754524230957,0.002223968505859375,0.48643464266821623,1603,4044,917,2436,0.6426899312034213,0.23488149237709494,184,453,98,265,0.6526057098048093,0.2563834190899709,
eeg-eye-state,LogisticRegression,Select Percentile (Mutual Info),8,0.40625,0.015625,4.899228096008301,0.002223968505859375,0.6288065779687648,582,4823,138,3457,0.6372601064235677,0.2131758742144698,80,531,20,369,0.6650431085008428,0.23522684944959715,
eeg-eye-state,LogisticRegression,Select Percentile (Mutual Info),9,0.390625,0.0,4.899754524230957,0.002223968505859375,0.4709662378780668,1813,3804,1157,2226,0.641793710675879,0.22810926832137032,189,423,128,260,0.6298368222992008,0.20163732634211198,
eeg-eye-state,LogisticRegression,Select Percentile (Mutual Info),10,0.40625,0.0,4.899662971496582,0.002223968505859375,0.47925867706366126,1731,3992,969,2308,0.6538624444721813,0.2531553647145844,191,443,108,258,0.6644853051144104,0.2492095264630329,
eeg-eye-state,LogisticRegression,Random Undersampling,1,0.0625,0.0,3.7102890014648438,0.0638570785522461,0.5768902767523234,1734,4084,876,2306,0.6800367793835835,0.27687619494421783,175,445,107,273,0.6527440799689441,0.21747657327418005,
eeg-eye-state,LogisticRegression,Random Undersampling,2,0.046875,0.0,3.7082862854003906,0.0638570785522461,0.5446857993575286,2070,3790,1170,1970,0.685722662488023,0.2865008092304728,221,425,127,227,0.6787331780538302,0.2748098767131285,
eeg-eye-state,LogisticRegression,Random Undersampling,3,0.0625,0.0,3.7074337005615234,0.0638418197631836,0.5674089430024885,1833,4004,957,2206,0.679977256619957,0.2805962872223515,210,440,111,239,0.6860294504019822,0.28366639100588203,
eeg-eye-state,LogisticRegression,Random Undersampling,4,0.0625,0.0,3.707521438598633,0.0638418197631836,0.5528325930913934,1972,3873,1088,2067,0.6822223993347666,0.28236138704430563,220,414,137,229,0.661667993807574,0.25054554565110776,
eeg-eye-state,LogisticRegression,Random Undersampling,5,0.046875,0.0,3.707477569580078,0.0638418197631836,0.5690887022925353,1811,3982,979,2228,0.680700551202075,0.2699696525992744,199,436,115,250,0.6801240102021431,0.25130837317391985,
eeg-eye-state,LogisticRegression,Random Undersampling,6,0.0625,0.0,3.7075653076171875,0.0638418197631836,0.5438713480534829,2065,3786,1175,1974,0.6820479761950093,0.28434788357872054,239,417,134,210,0.6840448021212695,0.29734358014007045,
eeg-eye-state,LogisticRegression,Random Undersampling,7,0.0625,0.0,3.7075653076171875,0.0638418197631836,0.551575599289352,1967,3868,1093,2072,0.6806062279591161,0.2800034237627117,219,438,113,230,0.680758612605548,0.2985518082131158,
eeg-eye-state,LogisticRegression,Random Undersampling,8,0.0625,0.0,3.707345962524414,0.0638418197631836,0.5596070611765129,1871,3952,1009,2168,0.6827493618333923,0.2770558929001719,231,440,111,218,0.6991863346254431,0.3282098349057967,
eeg-eye-state,LogisticRegression,Random Undersampling,9,0.0625,0.0,3.7073898315429688,0.0638418197631836,0.545985235104508,2001,3812,1149,2038,0.6792853532123477,0.275096289389524,199,429,122,250,0.6729938277842675,0.23629607172934605,
eeg-eye-state,LogisticRegression,Random Undersampling,10,0.0625,0.0,3.707521438598633,0.0638418197631836,0.5448436288553729,1996,3807,1154,2043,0.6798812864632321,0.27275444645609825,224,426,125,225,0.6893115978641788,0.2838614607868768,
eeg-eye-state,LogisticRegression,SMOTE / SMOTENC,1,0.140625,0.0,3.936142921447754,0.5274877548217773,0.5812516270300866,1689,4129,831,2351,0.6799830824816352,0.27752475328376824,172,453,99,276,0.6526268115942029,0.22888898473698002,
eeg-eye-state,LogisticRegression,SMOTE / SMOTENC,2,0.140625,0.0,3.935835838317871,0.5274877548217773,0.5493913659759244,2016,3826,1134,2024,0.6832280022357076,0.2819514094705152,216,425,127,232,0.6759227807971014,0.2640587968825276,
eeg-eye-state,LogisticRegression,SMOTE / SMOTENC,3,0.140625,0.015625,3.9364213943481445,0.5273733139038086,0.5678839279918257,1820,3991,970,2219,0.6798091716028748,0.27431691221780596,209,440,111,240,0.6865912958419395,0.2815255143618198,
eeg-eye-state,LogisticRegression,SMOTE / SMOTENC,4,0.140625,0.0,3.936070442199707,0.5273733139038086,0.5326329837550345,2184,3635,1326,1855,0.6850434128964028,0.27883593898298537,236,382,169,213,0.6632201423611253,0.22179594188718488,
eeg-eye-state,LogisticRegression,SMOTE / SMOTENC,5,0.140625,0.0,3.9364213943481445,0.5273733139038086,0.5547501438881787,1930,3831,1130,2109,0.677437665686387,0.2625544954789169,209,423,128,240,0.6756898774853576,0.24536198111288277,
eeg-eye-state,LogisticRegression,SMOTE / SMOTENC,6,0.140625,0.015625,3.935978889465332,0.5273733139038086,0.5522547109678421,1971,3872,1089,2068,0.6812356983630525,0.28188979438798684,223,430,121,226,0.6845783531865529,0.29009439243740537,
eeg-eye-state,LogisticRegression,SMOTE / SMOTENC,7,0.140625,0.0,3.936417579650879,0.5273733139038086,0.5559380936947199,1930,3921,1040,2109,0.6819782069391065,0.283695847776102,220,441,110,229,0.6836042182870585,0.30712313002577163,
eeg-eye-state,LogisticRegression,SMOTE / SMOTENC,8,0.1875,0.015625,3.936202049255371,0.5273733139038086,0.5668839057840329,1783,4044,917,2256,0.6821955496497338,0.2785050257297171,214,447,104,235,0.6988427600758289,0.3074574748955954,
eeg-eye-state,LogisticRegression,SMOTE / SMOTENC,9,0.15625,0.0,3.936465263366699,0.5273733139038086,0.5596067847386835,1911,3902,1059,2128,0.6797634073627725,0.27466896735182933,188,433,118,261,0.6727998092150738,0.22078145583600275,
eeg-eye-state,LogisticRegression,SMOTE / SMOTENC,10,0.140625,0.0,3.9364213943481445,0.5273733139038086,0.5533518958060432,1964,3865,1096,2075,0.6809037703794973,0.27858864579375536,220,435,116,229,0.6908071576683819,0.2942738022113456,
eeg-eye-state,KNN,Baseline,1,0.015625,0.046875,2.366456985473633,1.2256126403808594,0.6,3938,4857,103,102,0.9976585206403704,0.9539644711329874,422,533,19,26,0.9909379852484473,0.9089731086482193,
eeg-eye-state,KNN,Baseline,2,0.015625,0.046875,2.366422653198242,1.2256126403808594,0.6,3940,4863,97,100,0.9979506098291281,0.9557571109188507,426,533,19,22,0.9872480751811594,0.9170679558195598,
eeg-eye-state,KNN,Baseline,3,0.015625,0.046875,2.3662872314453125,1.2256126403808594,0.6,3935,4859,102,104,0.997851476226126,0.9537346624866279,432,524,27,17,0.9901959991754211,0.9114431554026363,
eeg-eye-state,KNN,Baseline,4,0.015625,0.046875,2.366334915161133,1.2256126403808594,0.6,3934,4870,91,105,0.9978680950832188,0.9559730323206238,424,529,22,25,0.9937530062773092,0.9049696163416713,
eeg-eye-state,KNN,Baseline,5,0.015625,0.046875,2.366334915161133,1.2256126403808594,0.6,3939,4863,98,100,0.9979113889526721,0.9555313785407739,418,526,25,31,0.9891086867772303,0.8867477016232426,
eeg-eye-state,KNN,Baseline,6,0.015625,0.03125,2.3663787841796875,1.2256126403808594,0.49000000000014554,3951,4862,99,88,0.9980510522306725,0.9580172463108204,428,537,14,21,0.9889773200376721,0.9292551084755173,
eeg-eye-state,KNN,Baseline,7,0.015625,0.046875,2.366334915161133,1.2256126403808594,0.6,3933,4853,108,106,0.997624850910636,0.951942369253377,426,531,20,23,0.9919239770573042,0.9130588748432014,
eeg-eye-state,KNN,Baseline,8,0.015625,0.046875,2.366291046142578,1.2256126403808594,0.6,3929,4864,97,110,0.9977554062564458,0.9535022738715482,428,527,24,21,0.9924009393732393,0.9091266948518016,
eeg-eye-state,KNN,Baseline,9,0.015625,0.046875,2.366334915161133,1.2256126403808594,0.6,3939,4865,96,100,0.9978730857309944,0.9559788212181792,425,525,26,24,0.9907538025618536,0.8989976450880316,
eeg-eye-state,KNN,Baseline,10,0.015625,0.046875,2.366291046142578,1.2256126403808594,0.6,3937,4863,98,102,0.9976916257778736,0.9550804215785325,428,527,24,21,0.9916470963908504,0.9091266948518016,
eeg-eye-state,KNN,Standard Scaler,1,0.015625,0.0625,2.3712081909179688,1.2260017395019531,0.6,3905,4864,96,135,0.9970343690114979,0.9481145449232601,419,533,19,29,0.98534549689441,0.9029311645759747,
eeg-eye-state,KNN,Standard Scaler,2,0.03125,0.0625,2.3708438873291016,1.2260017395019531,0.6,3908,4836,124,132,0.9964431042398595,0.9425013418778823,417,525,27,31,0.9817667895962733,0.8826618234431118,
eeg-eye-state,KNN,Standard Scaler,3,0.015625,0.046875,2.3709354400634766,1.2260017395019531,0.6,3903,4852,109,136,0.9964427660785071,0.9449613019913256,425,516,35,24,0.986356048326792,0.8812460099600816,
eeg-eye-state,KNN,Standard Scaler,4,0.015625,0.0625,2.3706283569335938,1.2260017395019531,0.6,3897,4838,123,142,0.9962844377778263,0.9404690679644603,412,527,24,37,0.9867582326525168,0.8766903627796031,
eeg-eye-state,KNN,Standard Scaler,5,0.015625,0.046875,2.3709793090820312,1.2260017395019531,0.6,3902,4843,118,137,0.9964122732205982,0.9427158620695621,423,520,31,26,0.9839267741583435,0.8849651818223642,
eeg-eye-state,KNN,Standard Scaler,6,0.015625,0.0625,2.3709354400634766,1.2260017395019531,0.6,3918,4844,117,121,0.9966050369909308,0.9465456250018873,421,527,24,28,0.9850565281185455,0.8948491682474599,
eeg-eye-state,KNN,Standard Scaler,7,0.03125,0.0625,2.370759963989258,1.2260017395019531,0.6,3903,4856,105,136,0.9965449246384738,0.9458607510374776,414,528,23,35,0.9853475559723363,0.8827506920948677,
eeg-eye-state,KNN,Standard Scaler,8,0.015625,0.046875,2.370584487915039,1.2260017395019531,0.6,3912,4845,116,127,0.996402092299136,0.9454163383182878,418,525,26,31,0.9853212826244245,0.8847278800367684,
eeg-eye-state,KNN,Standard Scaler,9,0.015625,0.0625,2.3706283569335938,1.2260017395019531,0.6,3896,4845,116,143,0.9962277440190954,0.9418151816927602,419,521,30,30,0.9850726963326448,0.8787383942538167,
eeg-eye-state,KNN,Standard Scaler,10,0.015625,0.0625,2.3709354400634766,1.2260017395019531,0.6,3895,4832,129,144,0.9959067455541688,0.9386740562071887,422,523,28,27,0.987962764602929,0.8888682522308666,
eeg-eye-state,KNN,MinMax Scaler,1,0.015625,0.046875,2.3717041015625,1.226283073425293,0.6,3915,4850,110,125,0.996993547389013,0.9472135249073342,420,529,23,28,0.9875776397515528,0.8968221031367168,
eeg-eye-state,KNN,MinMax Scaler,2,0.015625,0.03125,2.371461868286133,1.226283073425293,0.6,3713,4689,271,327,0.9829156020440754,0.8656036094572448,381,495,57,67,0.9450415696169773,0.7489137468384848,
eeg-eye-state,KNN,MinMax Scaler,3,0.015625,0.03125,2.3715972900390625,1.226283073425293,0.6,3712,4677,284,327,0.9824593952163343,0.8626865617904211,394,489,62,55,0.9558466283210522,0.7639568261093163,
eeg-eye-state,KNN,MinMax Scaler,4,0.015625,0.03125,2.3713302612304688,1.226283073425293,0.6,3705,4697,264,334,0.982563999193711,0.8655923456730861,381,491,60,68,0.9349370854368854,0.7409784233009737,
eeg-eye-state,KNN,MinMax Scaler,5,0.015625,0.03125,2.371641159057617,1.226283073425293,0.6,3709,4680,281,330,0.9827752782672909,0.8626796272264029,385,496,55,64,0.9450826397843161,0.7591768455880323,
eeg-eye-state,KNN,MinMax Scaler,6,0.015625,0.03125,2.3715972900390625,1.226283073425293,0.6,3723,4684,277,316,0.9826278545319997,0.8667382680196158,394,500,51,55,0.9476453017190853,0.7856200828581816,
eeg-eye-state,KNN,MinMax Scaler,7,0.015625,0.015625,2.371641159057617,1.226283073425293,0.6,3702,4686,275,337,0.9824261575021489,0.862445075055916,376,502,49,73,0.9434718814546542,0.7531040723599886,
eeg-eye-state,KNN,MinMax Scaler,8,0.015625,0.03125,2.371417999267578,1.226283073425293,0.6,3710,4700,261,329,0.982919258455617,0.8673921496747246,381,504,47,68,0.9509860589573929,0.7672687750950736,
eeg-eye-state,KNN,MinMax Scaler,9,0.015625,0.03125,2.371509552001953,1.226283073425293,0.6,3703,4702,259,336,0.9825253715799278,0.8662682573325113,388,491,60,61,0.9464872533842094,0.7554068832311894,
eeg-eye-state,KNN,MinMax Scaler,10,0.015625,0.03125,2.371549606323242,1.226283073425293,0.6,3702,4683,278,337,0.9821572364467606,0.8617719467002478,387,499,52,62,0.9475887129697371,0.7692847916044341,
eeg-eye-state,KNN,IQR Capping,1,0.0625,0.0625,4.023009300231934,1.2260408401489258,0.6,3917,4843,117,123,0.9969126776588949,0.9460969158934989,420,531,21,28,0.9879739259834369,0.9008728991535999,
eeg-eye-state,KNN,IQR Capping,2,0.078125,0.0625,4.022783279418945,1.2260408401489258,0.6,3911,4843,117,129,0.9969008753193868,0.9447442783535516,422,533,19,26,0.9869468167701863,0.9089731086482193,
eeg-eye-state,KNN,IQR Capping,3,0.078125,0.046875,4.022784233093262,1.2260408401489258,0.6,3910,4847,114,129,0.9950884290384034,0.9454137948650281,427,523,28,22,0.986129693329399,0.8991394402991546,
eeg-eye-state,KNN,IQR Capping,4,0.0625,0.046875,4.022783279418945,1.2260408401489258,0.6,3911,4854,107,128,0.996832660435976,0.9472089332025001,422,526,25,27,0.9919825868334149,0.8948705779315559,
eeg-eye-state,KNN,IQR Capping,5,0.078125,0.046875,4.022830963134766,1.2260408401489258,0.6,3917,4845,116,122,0.9949450227745716,0.9465436425705877,417,522,29,32,0.9863156277915432,0.8766572115863162,
eeg-eye-state,KNN,IQR Capping,6,0.0625,0.0625,4.022783279418945,1.2260408401489258,0.6,3925,4848,113,114,0.9971045259735518,0.9490193839998279,427,533,18,22,0.9875161176884304,0.9191222983339662,
eeg-eye-state,KNN,IQR Capping,7,0.078125,0.0625,4.022640228271484,1.2260408401489258,0.6,3909,4839,122,130,0.9966746315741617,0.9433971590567554,423,528,23,26,0.9897837097158841,0.9009249870909063,
eeg-eye-state,KNN,IQR Capping,8,0.0625,0.0625,4.022783279418945,1.2260408401489258,0.6,3903,4848,113,136,0.995235154083006,0.9440627928345247,422,527,24,27,0.9863823216747037,0.8968803578401413,
eeg-eye-state,KNN,IQR Capping,9,0.078125,0.046875,4.022830963134766,1.2260408401489258,0.6,3905,4852,109,134,0.9969157547214398,0.9454107778612215,416,526,25,33,0.9886640608894943,0.8827025781257142,
eeg-eye-state,KNN,IQR Capping,10,0.078125,0.046875,4.022735595703125,1.2260408401489258,0.6,3916,4847,114,123,0.9951630891291264,0.9467656529771763,420,530,21,29,0.9841612132627862,0.8988996243913988,
eeg-eye-state,KNN,IQR Removal,1,0.046875,0.046875,3.041959762573242,1.225790023803711,0.6,3938,4857,103,102,0.9976585206403704,0.9539644711329874,422,533,19,26,0.9909379852484473,0.9089731086482193,
eeg-eye-state,KNN,IQR Removal,2,0.0625,0.046875,3.04257869720459,1.225790023803711,0.6,3940,4863,97,100,0.9979506098291281,0.9557571109188507,426,533,19,22,0.9872480751811594,0.9170679558195598,
eeg-eye-state,KNN,IQR Removal,3,0.0625,0.046875,3.0425310134887695,1.225790023803711,0.6,3935,4859,102,104,0.997851476226126,0.9537346624866279,432,524,27,17,0.9901959991754211,0.9114431554026363,
eeg-eye-state,KNN,IQR Removal,4,0.046875,0.03125,3.04257869720459,1.225790023803711,0.6,3934,4870,91,105,0.9978680950832188,0.9559730323206238,424,529,22,25,0.9937530062773092,0.9049696163416713,
eeg-eye-state,KNN,IQR Removal,5,0.046875,0.046875,3.042483329772949,1.225790023803711,0.6,3939,4863,98,100,0.9979113889526721,0.9555313785407739,418,526,25,31,0.9891086867772303,0.8867477016232426,
eeg-eye-state,KNN,IQR Removal,6,0.046875,0.046875,3.04257869720459,1.225790023803711,0.49000000000014554,3951,4862,99,88,0.9980510522306725,0.9580172463108204,428,537,14,21,0.9889773200376721,0.9292551084755173,
eeg-eye-state,KNN,IQR Removal,7,0.0625,0.046875,3.0425310134887695,1.225790023803711,0.6,3933,4853,108,106,0.997624850910636,0.951942369253377,426,531,20,23,0.9919239770573042,0.9130588748432014,
eeg-eye-state,KNN,IQR Removal,8,0.046875,0.03125,3.04257869720459,1.225790023803711,0.6,3929,4864,97,110,0.9977554062564458,0.9535022738715482,428,527,24,21,0.9924009393732393,0.9091266948518016,
eeg-eye-state,KNN,IQR Removal,9,0.046875,0.046875,3.0425310134887695,1.225790023803711,0.6,3939,4865,96,100,0.9978730857309944,0.9559788212181792,425,525,26,24,0.9907538025618536,0.8989976450880316,
eeg-eye-state,KNN,IQR Removal,10,0.0625,0.046875,3.0425310134887695,1.225790023803711,0.6,3937,4863,98,102,0.9976916257778736,0.9550804215785325,428,527,24,21,0.9916470963908504,0.9091266948518016,
eeg-eye-state,KNN,Yeo-Johnson,1,0.34375,0.015625,2.919339179992676,1.2256879806518555,0.6,3663,4680,280,377,0.9808367434525711,0.8523321586092516,375,497,55,73,0.937690055641822,0.7407120025379113,
eeg-eye-state,KNN,Yeo-Johnson,2,0.25,0.0,2.919163703918457,1.2256879806518555,0.6,2735,3901,1059,1305,0.814211189516129,0.4668253190820218,226,353,199,222,0.624909015916149,0.14481483865716446,
eeg-eye-state,KNN,Yeo-Johnson,3,0.234375,0.0,2.919163703918457,1.2256879806518555,0.48400000000001453,2720,3901,1060,1319,0.8127758237450929,0.46331736813493474,243,335,216,206,0.6193295041612941,0.1489115326204618,
eeg-eye-state,KNN,Yeo-Johnson,4,0.265625,0.015625,2.919163703918457,1.2256879806518555,0.6,2734,3912,1049,1305,0.8150951773923256,0.46899352036164893,223,361,190,226,0.6194527867938028,0.1533794668735707,
eeg-eye-state,KNN,Yeo-Johnson,5,0.234375,0.0,2.919163703918457,1.2256879806518555,0.6,2742,3905,1056,1297,0.8156283282941931,0.46931453120341565,222,349,202,227,0.6041253198274852,0.12865410899473323,
eeg-eye-state,KNN,Yeo-Johnson,6,0.25,0.0,2.919163703918457,1.2256879806518555,0.6,2729,3914,1047,1310,0.8126848941426215,0.4682720629895879,235,368,183,214,0.6479209697694817,0.19287581615139524,
eeg-eye-state,KNN,Yeo-Johnson,7,0.25,0.0,2.919163703918457,1.2256879806518555,0.6,2696,3909,1052,1343,0.8114491848001437,0.45950325184977736,245,377,174,204,0.6648874894401351,0.23172961706662096,
eeg-eye-state,KNN,Yeo-Johnson,8,0.25,0.015625,2.919163703918457,1.2256879806518555,0.6,2734,3894,1067,1305,0.8116399273581273,0.4650374141133681,227,368,183,222,0.6353259309859781,0.1754048551888311,
eeg-eye-state,KNN,Yeo-Johnson,9,0.25,0.0,2.919163703918457,1.2256879806518555,0.6,2729,3930,1031,1310,0.8141140160396425,0.4718028081858419,237,358,193,212,0.6274499896927636,0.17839824501653773,
eeg-eye-state,KNN,Yeo-Johnson,10,0.25,0.0,2.9191160202026367,1.2256879806518555,0.6,2767,3866,1095,1272,0.8145002422709963,0.46661941800076706,217,366,185,232,0.6192021794752607,0.14967665616727002,
eeg-eye-state,KNN,Quantile Transform,1,0.0625,0.0625,2.6620864868164062,1.3401813507080078,0.6,3914,4848,112,126,0.996960610627595,0.946540117433821,418,534,18,30,0.9868861607142857,0.9029719663082079,
eeg-eye-state,KNN,Quantile Transform,2,0.0625,0.078125,2.6620941162109375,1.3401813507080078,0.6,3923,4847,113,117,0.9971122943947621,0.9483448090679324,417,527,25,31,0.9859136419513459,0.8866977458248798,
eeg-eye-state,KNN,Quantile Transform,3,0.0625,0.0625,2.662851333618164,1.3401813507080078,0.6,3917,4848,113,122,0.9970273456057022,0.9472149052178931,427,530,21,22,0.9915036034907174,0.9130797962193744,
eeg-eye-state,KNN,Quantile Transform,4,0.0625,0.0625,2.662189483642578,1.3401813507080078,0.6,3911,4850,111,128,0.9971627668330931,0.9463114840941123,419,537,14,30,0.9901272842654983,0.9112602604162333,
eeg-eye-state,KNN,Quantile Transform,5,0.046875,0.0625,2.6620988845825195,1.3401813507080078,0.6,3910,4851,110,129,0.9970582377154331,0.946310732637725,420,523,28,29,0.9834255595212592,0.8847795297855976,
eeg-eye-state,KNN,Quantile Transform,6,0.0625,0.0625,2.662327766418457,1.3401813507080078,0.6,3916,4855,106,123,0.9970036400287681,0.948558170690859,423,532,19,26,0.9856406048528894,0.9090136034682524,
eeg-eye-state,KNN,Quantile Transform,7,0.0625,0.0625,2.662109375,1.3401813507080078,0.6,3916,4856,105,123,0.997192660813269,0.9487824987927507,416,530,21,33,0.9858992962784814,0.8908572429183316,
eeg-eye-state,KNN,Quantile Transform,8,0.0625,0.0625,2.662355422973633,1.3401813507080078,0.6,3901,4862,99,138,0.9969484434643698,0.946763321640008,416,523,28,33,0.9867461064919422,0.876635017849498,
eeg-eye-state,KNN,Quantile Transform,9,0.0625,0.0625,2.6622257232666016,1.3401813507080078,0.6,3906,4856,105,133,0.9969746693184307,0.9465344462191478,420,524,27,29,0.9869340619808488,0.8867830703925331,
eeg-eye-state,KNN,Quantile Transform,10,0.0625,0.0625,2.662104606628418,1.3401813507080078,0.6,3910,4852,109,129,0.9968718120677756,0.9465351134057118,428,527,24,21,0.990899316488749,0.9091266948518016,
eeg-eye-state,KNN,Uniform Binning,1,0.015625,0.046875,2.375274658203125,1.226881980895996,0.6,3040,4243,717,1000,0.8856103281699137,0.613149764395079,301,451,101,147,0.8278985507246377,0.4958707656257828,
eeg-eye-state,KNN,Uniform Binning,2,0.015625,0.078125,2.375406265258789,1.226881980895996,0.8,203,4856,104,3837,0.5165547149473011,0.08023157989280211,20,541,11,428,0.5123576604554866,0.07091401326349614,
eeg-eye-state,KNN,Uniform Binning,3,0.015625,0.09375,2.3754501342773438,1.226881980895996,0.8,208,4861,100,3831,0.5173207417959116,0.085742193145156,15,536,15,434,0.5048464221763225,0.01803208585134656,
eeg-eye-state,KNN,Uniform Binning,4,0.015625,0.078125,2.3750991821289062,1.226881980895996,0.4,1531,3698,1263,2508,0.5656672678234622,0.13380173443266133,175,410,141,274,0.569052421392164,0.14320801064044464,
eeg-eye-state,KNN,Uniform Binning,5,0.03125,0.09375,2.3750953674316406,1.226881980895996,0.6,203,4857,104,3836,0.5165626374455589,0.08027540571781627,20,540,11,429,0.5122898637423757,0.07053964960462203,
eeg-eye-state,KNN,Uniform Binning,6,0.015625,0.09375,2.3750076293945312,1.226881980895996,0.8,199,4862,99,3840,0.5164068044687657,0.08148514910063057,24,535,16,425,0.5130659380191512,0.06196869586755887,
eeg-eye-state,KNN,Uniform Binning,7,0.015625,0.078125,2.3750991821289062,1.226881980895996,0.6,196,4852,109,3843,0.5150038585193277,0.07299465947695243,27,545,6,422,0.5263279156342588,0.13711503135205874,
eeg-eye-state,KNN,Uniform Binning,8,0.015625,0.078125,2.3751869201660156,1.226881980895996,0.4,1496,3710,1251,2543,0.5620743258171349,0.12768667965816372,175,418,133,274,0.5787493077983339,0.1598576217772671,
eeg-eye-state,KNN,Uniform Binning,9,0.015625,0.078125,2.3754501342773438,1.226881980895996,0.6,1527,3697,1264,2512,0.5649091884263484,0.13255960892469057,179,413,138,270,0.5794829405130983,0.1584296364665871,
eeg-eye-state,KNN,Uniform Binning,10,0.03125,0.078125,2.375406265258789,1.226881980895996,0.8,197,4858,103,3842,0.5157319191700712,0.0776163558568179,26,539,12,423,0.5197737258436776,0.09398575749991057,
eeg-eye-state,KNN,Quantile Binning,1,0.03125,0.078125,2.3760643005371094,1.2269067764282227,0.6,3734,4612,348,306,0.9813520540562121,0.8533113361009034,397,486,66,51,0.9426072399068322,0.7645346467643959,
eeg-eye-state,KNN,Quantile Binning,2,0.03125,0.0625,2.3760223388671875,1.2269067764282227,0.6,3727,4596,364,313,0.9810003792717982,0.848200190086812,382,495,57,66,0.9553247929606625,0.7509634540338601,
eeg-eye-state,KNN,Quantile Binning,3,0.03125,0.078125,2.375974655151367,1.2269067764282227,0.6,3582,4734,227,457,0.980364745485198,0.8467130439312993,394,508,43,55,0.9597957146148528,0.8016851838602286,
eeg-eye-state,KNN,Quantile Binning,4,0.03125,0.0625,2.3760643005371094,1.2269067764282227,0.6,3738,4583,378,301,0.981179843033148,0.8479067566350952,395,490,61,54,0.9507010941838893,0.7679934581109928,
eeg-eye-state,KNN,Quantile Binning,5,0.03125,0.078125,2.3757686614990234,1.2269067764282227,0.6,3732,4603,358,307,0.9811432366317139,0.8508855763923402,391,493,58,58,0.9445612148796074,0.7655608955573789,
eeg-eye-state,KNN,Quantile Binning,6,0.03125,0.078125,2.3760223388671875,1.2269067764282227,0.6,3729,4588,373,310,0.9780020480620342,0.8469189709556404,402,491,60,47,0.9474411780160793,0.7845975116055857,
eeg-eye-state,KNN,Quantile Binning,7,0.03125,0.0625,2.376148223876953,1.2269067764282227,0.6,3723,4592,369,316,0.980680753302349,0.846410450368378,388,497,54,61,0.9527665835350991,0.7673230684173985,
eeg-eye-state,KNN,Quantile Binning,8,0.046875,0.078125,2.376148223876953,1.2269067764282227,0.6,3732,4589,372,307,0.9812497370552453,0.8478285240039358,389,488,63,60,0.9457374524553455,0.751581144937914,
eeg-eye-state,KNN,Quantile Binning,9,0.03125,0.0625,2.3759803771972656,1.2269067764282227,0.6,3717,4605,356,322,0.9810650830875481,0.847879028897676,409,496,55,40,0.9606162514804022,0.8089638411984535,
eeg-eye-state,KNN,Quantile Binning,10,0.03125,0.0625,2.376016616821289,1.2269067764282227,0.6,3718,4603,358,321,0.9805256190162445,0.8476696691096183,398,479,72,51,0.9509557435559561,0.7531580014477853,
eeg-eye-state,KNN,PCA,1,0.09375,0.09375,1.5452709197998047,0.6918191909790039,0.6,3694,4695,265,346,0.9827983771159374,0.8626761003960381,380,492,60,68,0.9456946331521738,0.7408619927466406,
eeg-eye-state,KNN,PCA,2,0.09375,0.0,1.3390083312988281,0.4620361328125,0.6,3148,4257,703,892,0.9093791420472692,0.6408344136132877,309,431,121,139,0.8035876035196688,0.47263242276437456,
eeg-eye-state,KNN,PCA,3,0.09375,0.09375,1.3386573791503906,0.4620361328125,0.6,3173,4270,691,866,0.9092654569968608,0.6494225383167264,315,413,138,134,0.8026184422734126,0.4507483388933412,
eeg-eye-state,KNN,PCA,4,0.09375,0.015625,1.3390560150146484,0.4620361328125,0.6,3151,4280,681,888,0.9099184583050592,0.6466550123250052,294,435,116,155,0.7922040913665779,0.4492833286833937,
eeg-eye-state,KNN,PCA,5,0.09375,0.078125,1.3388385772705078,0.4620361328125,0.6,3157,4290,671,882,0.9089880268870151,0.6502648543464464,304,433,118,145,0.8080246888629299,0.46619735937452406,
eeg-eye-state,KNN,PCA,6,0.09375,0.015625,1.3388805389404297,0.4620361328125,0.6,3152,4258,703,887,0.9074937520832835,0.6419541007005476,299,447,104,150,0.8153953734655355,0.4838807770754328,
eeg-eye-state,KNN,PCA,7,0.078125,0.09375,1.3389205932617188,0.4620361328125,0.6,3171,4252,709,868,0.9111496012048222,0.644952705219961,305,415,136,144,0.7842796454310648,0.43323454425296587,
eeg-eye-state,KNN,PCA,8,0.09375,0.09375,1.3390560150146484,0.4620361328125,0.6,3132,4269,692,907,0.9090974218862563,0.6398665867916568,296,430,121,153,0.8120748264948525,0.44350229879209985,
eeg-eye-state,KNN,PCA,9,0.09375,0.09375,1.3389244079589844,0.4620361328125,0.6,3138,4238,723,901,0.907092553908603,0.6342949088855728,305,440,111,144,0.8139624654909681,0.48219666406813616,
eeg-eye-state,KNN,PCA,10,0.09375,0.046875,1.338876724243164,0.4620361328125,0.6,3143,4288,673,896,0.9103528193342088,0.6466379998098826,306,407,144,143,0.7917291500774053,0.4200857232070861,
eeg-eye-state,KNN,Select Percentile (Mutual Info),1,1.1875,0.015625,4.899283409118652,0.6907739639282227,0.6,3680,4698,262,360,0.9830751457202173,0.8602125250426546,387,505,47,61,0.9457492236024845,0.7813084002451439,
eeg-eye-state,KNN,Select Percentile (Mutual Info),2,0.375,0.015625,4.899340629577637,0.6907739639282227,0.6,3678,4706,254,362,0.9828516498323219,0.8615764864635962,388,493,59,60,0.9475365553830227,0.7593485945336382,
eeg-eye-state,KNN,Select Percentile (Mutual Info),3,0.375,0.015625,4.899340629577637,0.6907739639282227,0.6,3682,4678,283,357,0.9811880027422611,0.8561428632542287,380,498,53,69,0.949894704505677,0.7530152011008217,
eeg-eye-state,KNN,Select Percentile (Mutual Info),4,0.375,0.015625,4.899212837219238,0.6907739639282227,0.6,3645,4669,292,394,0.9801236971976364,0.8457993011514793,377,512,39,72,0.9509901010109175,0.7758807661601186,
eeg-eye-state,KNN,Select Percentile (Mutual Info),5,0.328125,0.0,4.899388313293457,0.6907739639282227,0.6,3667,4659,302,372,0.9803345271129168,0.8484946785362163,383,494,57,66,0.9427422907934147,0.7510763670819713,
eeg-eye-state,KNN,Select Percentile (Mutual Info),6,0.359375,0.015625,4.899388313293457,0.6907739639282227,0.6,3616,4593,368,423,0.9739920625743388,0.8221957050110948,377,481,70,72,0.9270409338760464,0.7129016583035446,
eeg-eye-state,KNN,Select Percentile (Mutual Info),7,0.375,0.015625,4.899340629577637,0.6907739639282227,0.6,3582,4662,299,457,0.9761369930818143,0.8301253230496889,374,485,66,75,0.9302786187494694,0.7146242138046971,
eeg-eye-state,KNN,Select Percentile (Mutual Info),8,0.375,0.015625,4.899300575256348,0.6907739639282227,0.6,3733,4752,209,306,0.9873906043769278,0.8842938354163711,386,509,42,63,0.9645592746939156,0.7875853800237673,
eeg-eye-state,KNN,Select Percentile (Mutual Info),9,0.359375,0.0,4.899296760559082,0.6907739639282227,0.6,3652,4667,294,387,0.9797526674887594,0.8469191986121135,373,503,48,76,0.9441853039017941,0.7491522174060933,
eeg-eye-state,KNN,Select Percentile (Mutual Info),10,0.359375,0.0,4.899388313293457,0.6907739639282227,0.6,3684,4697,264,355,0.9834358404068695,0.8608744011072347,383,506,45,66,0.9558385442140024,0.7753954170665511,
eeg-eye-state,KNN,Random Undersampling,1,0.03125,0.046875,3.7080650329589844,1.175276756286621,0.6,3956,4802,158,84,0.9964095187240498,0.9458766796415249,425,528,24,23,0.9895873770703935,0.9049940058097239,
eeg-eye-state,KNN,Random Undersampling,2,0.03125,0.046875,3.7082443237304688,1.175276756286621,0.6,3960,4804,156,80,0.9969476355397637,0.9472315485584585,429,520,32,19,0.985929816899586,0.8974741903297885,
eeg-eye-state,KNN,Random Undersampling,3,0.015625,0.03125,3.7072525024414062,1.1750173568725586,0.6,3957,4791,170,82,0.9968969399793257,0.9437039705166222,438,516,35,11,0.9891329390983795,0.9085493491939713,
eeg-eye-state,KNN,Random Undersampling,4,0.015625,0.03125,3.7073001861572266,1.1750173568725586,0.6,3950,4794,167,89,0.9966782747470377,0.9427548609010228,430,522,29,19,0.9897857307426465,0.9033740377012377,
eeg-eye-state,KNN,Random Undersampling,5,0.015625,0.03125,3.707124710083008,1.1750173568725586,0.6,3958,4785,176,81,0.9968667465602834,0.9426226548227654,428,520,31,21,0.9881102995565867,0.895304919999839,
eeg-eye-state,KNN,Random Undersampling,6,0.015625,0.046875,3.707256317138672,1.1750173568725586,0.6,3971,4785,176,68,0.997109816060194,0.9456153153954249,429,527,24,20,0.9871260595232803,0.9111778133146461,
eeg-eye-state,KNN,Random Undersampling,7,0.03125,0.03125,3.7072534561157227,1.1750173568725586,0.6,3950,4804,157,89,0.9966947438846971,0.9449496761602688,430,527,24,19,0.9913601105905845,0.9132318631184234,
eeg-eye-state,KNN,Random Undersampling,8,0.015625,0.03125,3.7073001861572266,1.1750173568725586,0.6,3951,4798,163,88,0.9964309132900402,0.9438611680163594,434,518,33,15,0.9897311630200607,0.9039432651241979,
eeg-eye-state,KNN,Random Undersampling,9,0.03125,0.03125,3.7073001861572266,1.1750173568725586,0.6,3956,4804,157,83,0.9969179755596999,0.9463228575010886,428,518,33,21,0.9870533025598326,0.8913947550946226,
eeg-eye-state,KNN,Random Undersampling,10,0.015625,0.03125,3.7072134017944336,1.1750173568725586,0.6,3950,4803,158,89,0.996542204735436,0.944729943369695,433,521,30,16,0.9902202514965703,0.9076616105859947,
eeg-eye-state,KNN,SMOTE / SMOTENC,1,0.109375,0.046875,3.935736656188965,1.8631505966186523,0.6,3963,4827,133,77,0.9978617304774833,0.9529762604855035,430,528,24,18,0.9917447107919255,0.9152557040358977,
eeg-eye-state,KNN,SMOTE / SMOTENC,2,0.09375,0.046875,3.935824394226074,1.8631505966186523,0.6,3973,4834,126,67,0.9981649482992654,0.956800599137042,428,528,24,20,0.9861299818840579,0.9111422957496778,
eeg-eye-state,KNN,SMOTE / SMOTENC,3,0.109375,0.046875,3.9354848861694336,1.8632802963256836,0.6,3959,4836,125,80,0.9980452630792527,0.9540575099675791,436,518,33,13,0.9905516998856099,0.9081505849556006,
eeg-eye-state,KNN,SMOTE / SMOTENC,4,0.109375,0.046875,3.9357919692993164,1.8632802963256836,0.6,3967,4844,117,72,0.9980387752371443,0.9576472430091753,427,527,24,22,0.9937065226617732,0.9070784864782997,
eeg-eye-state,KNN,SMOTE / SMOTENC,5,0.09375,0.046875,3.9357919692993164,1.8632802963256836,0.6,3975,4835,126,64,0.9982164672511946,0.9574832968928348,425,522,29,24,0.9884235587047644,0.8930413764783811,
eeg-eye-state,KNN,SMOTE / SMOTENC,6,0.109375,0.03125,3.935309410095215,1.8632802963256836,0.6,3976,4829,132,63,0.9981021564638946,0.9563909455260915,431,531,20,18,0.9882517714299573,0.9232401692588361,
eeg-eye-state,KNN,SMOTE / SMOTENC,7,0.109375,0.046875,3.9359235763549805,1.8632802963256836,0.6,3965,4822,139,74,0.9978727613388889,0.9523372394591627,432,529,22,17,0.9912812905468495,0.9213080577744402,
eeg-eye-state,KNN,SMOTE / SMOTENC,8,0.109375,0.046875,3.935704231262207,1.8632802963256836,0.6,3959,4836,125,80,0.9979831295144463,0.9540575099675791,432,523,28,17,0.9928354601271631,0.909483316879978,
eeg-eye-state,KNN,SMOTE / SMOTENC,9,0.109375,0.046875,3.9352617263793945,1.8632802963256836,0.6,3969,4833,128,70,0.9981514391106785,0.9556734456848245,430,520,31,19,0.9898746559201937,0.8994612744542438,
eeg-eye-state,KNN,SMOTE / SMOTENC,10,0.125,0.046875,3.93601131439209,1.8632802963256836,0.6,3972,4832,129,67,0.9979074712941683,0.9561376112476689,435,521,30,14,0.9913156480018109,0.9118408860071614,
eeg-eye-state,SVM,Baseline,1,2.375,0.40625,3.0004148483276367,0.9700260162353516,-0.273769616885918,1781,4221,739,2259,0.6906097293197062,0.32329792879848085,169,465,87,279,0.6532576345755693,0.25025386833582,
eeg-eye-state,SVM,Baseline,2,2.34375,0.40625,3.00449275970459,0.9741802215576172,-0.26673416998432414,1687,4307,653,2353,0.687674265410412,0.3242146086406624,187,477,75,261,0.6811432453416149,0.31839892888969334,
eeg-eye-state,SVM,Baseline,3,2.28125,0.40625,3.005070686340332,0.9749355316162109,-0.2782072003929423,1721,4252,709,2318,0.685675628156616,0.3172484974616821,198,469,82,251,0.6888871822440672,0.3236487321552379,
eeg-eye-state,SVM,Baseline,4,2.34375,0.40625,3.0030736923217773,0.9726696014404297,-0.2263589983559983,1584,4385,576,2455,0.6875513132165978,0.3215043571912501,169,481,70,280,0.6716033613717113,0.29081545409498477,
eeg-eye-state,SVM,Baseline,5,2.328125,0.40625,3.0051984786987305,0.9748096466064453,-0.23451230359696024,1612,4323,638,2427,0.6854644239427525,0.3107095718611248,181,490,61,268,0.6967691866175691,0.3395855919413206,
eeg-eye-state,SVM,Baseline,6,2.3125,0.40625,3.004523277282715,0.9743061065673828,-0.2773023929350013,1721,4252,709,2318,0.6885298295259599,0.3172484974616821,195,473,78,254,0.685685875852368,0.32683534162881395,
eeg-eye-state,SVM,Baseline,7,2.3125,0.40625,3.0037221908569336,0.9735507965087891,-0.26172771192570865,1663,4284,677,2376,0.688948694593766,0.31213121499679897,194,469,82,255,0.6803544072530608,0.31517118883916634,
eeg-eye-state,SVM,Baseline,8,2.3125,0.40625,3.0068540573120117,0.9765720367431641,-0.2736937255339744,1670,4291,670,2369,0.6855135818233421,0.3156963334659071,199,474,77,250,0.7100028698580026,0.3376590012741773,
eeg-eye-state,SVM,Baseline,9,2.359375,0.40625,3.0030603408813477,0.9727954864501953,-0.25064555445158176,1675,4296,665,2364,0.6868008196041029,0.31824284665812713,175,477,74,274,0.6853220910351295,0.29382692797613497,
eeg-eye-state,SVM,Baseline,10,2.359375,0.40625,3.00527286529541,0.9750614166259766,-0.25272246432869233,1631,4342,619,2408,0.6881175022067396,0.3205119493876692,184,480,71,265,0.6974078310744991,0.32060393699258993,
eeg-eye-state,SVM,Standard Scaler,1,1.3125,0.234375,2.984034538269043,0.5548582077026367,-0.12923624442882536,3520,4520,440,520,0.9599495468700097,0.7841442999596384,385,493,59,63,0.9514185429606625,0.7531490655188813,
eeg-eye-state,SVM,Standard Scaler,2,1.515625,0.28125,2.983761787414551,0.6536779403686523,-0.2020807362787656,3315,4315,645,725,0.9234563138773555,0.6918867348243504,382,471,81,66,0.9331165890269152,0.7040416534452735,
eeg-eye-state,SVM,Standard Scaler,3,1.53125,0.265625,2.9838972091674805,0.6492719650268555,-0.1932794368347538,3308,4309,652,731,0.923536339077386,0.6889503256044466,377,464,87,72,0.9195186722662583,0.6799579262443487,
eeg-eye-state,SVM,Standard Scaler,4,1.5,0.265625,2.983853340148926,0.6453695297241211,-0.19201535875430076,3323,4324,637,716,0.9250970643562496,0.6957010342899177,360,479,72,89,0.9125137935076537,0.6738710329938862,
eeg-eye-state,SVM,Standard Scaler,5,1.515625,0.28125,2.983809471130371,0.6502790451049805,-0.29440824862047993,3449,4180,781,590,0.9254856860985355,0.6940823184737243,377,454,97,72,0.9132373210886059,0.6610333439586116,
eeg-eye-state,SVM,Standard Scaler,6,1.546875,0.28125,2.9834108352661133,0.6504049301147461,-0.19627027654456108,3315,4316,645,724,0.9254929225378103,0.6921006563243332,377,471,80,72,0.924320631853807,0.693400051744409,
eeg-eye-state,SVM,Standard Scaler,7,1.515625,0.28125,2.9837217330932617,0.6526708602905273,-0.1633536907796938,3268,4359,602,771,0.9248036641735221,0.6909509742455046,352,489,62,97,0.9203149568106581,0.6780446406619469,
eeg-eye-state,SVM,Standard Scaler,8,1.53125,0.28125,2.9836339950561523,0.6530485153198242,-0.1917571223034654,3328,4329,632,711,0.9257743451658763,0.6979512705184081,361,483,68,88,0.9227603991932061,0.6839781934333448,
eeg-eye-state,SVM,Standard Scaler,9,1.5,0.28125,2.9837217330932617,0.6490201950073242,-0.29850027552857095,3441,4172,789,598,0.9241911619720226,0.6905015059554,380,465,86,69,0.9198582047623475,0.6882383186094219,
eeg-eye-state,SVM,Standard Scaler,10,1.5,0.28125,2.9836339950561523,0.6502790451049805,-0.15105541447326418,3270,4361,600,769,0.9249752925505249,0.6918534526115835,358,483,68,91,0.9191953079842683,0.6778656314676198,
eeg-eye-state,SVM,MinMax Scaler,1,1.40625,0.25,2.98453426361084,0.5868759155273438,-0.20475966134816498,3492,4402,558,548,0.9490747764292558,0.7516857742104177,379,481,71,69,0.9383977096273292,0.7170632546648732,
eeg-eye-state,SVM,MinMax Scaler,2,2.625,0.4375,3.052483558654785,1.0208015441894531,-0.8691292902548975,1099,4529,431,2941,0.6266803736825295,0.24513931023831417,116,496,56,332,0.6076038431677019,0.20751649278721349,
eeg-eye-state,SVM,MinMax Scaler,3,2.578125,0.4375,3.0519399642944336,1.0202980041503906,-0.8683257618552371,1183,4434,527,2856,0.6200625338147578,0.2366596614581222,122,498,53,327,0.619634679202422,0.22977081176164543,
eeg-eye-state,SVM,MinMax Scaler,4,2.515625,0.421875,3.0520143508911133,1.0204238891601562,-0.8666546160219472,1144,4485,476,2895,0.6241111469162364,0.2424658092068612,129,484,67,320,0.6028844093953492,0.20762825524248146,
eeg-eye-state,SVM,MinMax Scaler,5,2.546875,0.4375,3.0523386001586914,1.0205497741699219,-0.8855724984005279,1138,4479,482,2901,0.6272934334703483,0.23897692519505928,126,501,50,323,0.6447196633777825,0.24800310841922688,
eeg-eye-state,SVM,MinMax Scaler,6,2.46875,0.4375,3.05172061920166,1.0202980041503906,-0.865690959926808,1128,4469,492,2911,0.6245558136330424,0.23316211850872273,133,487,64,316,0.6064858790860108,0.22517937341080738,
eeg-eye-state,SVM,MinMax Scaler,7,2.453125,0.421875,3.0521059036254883,1.0204238891601562,-0.875302333488082,1081,4512,449,2958,0.6294679086126553,0.23454102752324524,122,503,48,327,0.6193234410810069,0.24443789483469122,
eeg-eye-state,SVM,MinMax Scaler,8,2.484375,0.421875,3.051966667175293,1.0202980041503906,-0.8886622763509465,1178,4429,532,2861,0.627860670496523,0.233812388166439,146,490,61,303,0.6557504274471602,0.26328247610116234,
eeg-eye-state,SVM,MinMax Scaler,9,2.5625,0.421875,3.051852226257324,1.0202980041503906,-0.8797252277049696,1186,4437,524,2853,0.627220270573958,0.2383680254331321,120,507,44,329,0.623733321476643,0.25174268764732394,
eeg-eye-state,SVM,MinMax Scaler,10,2.53125,0.40625,3.05185604095459,1.0202980041503906,-0.8865699932096444,1136,4477,484,2903,0.626955167364118,0.23781396385779197,140,499,52,309,0.654392297462803,0.2745759071407489,
eeg-eye-state,SVM,IQR Capping,1,2.25,0.40625,4.023155212402344,0.9627752304077148,0.025631796324622657,1009,4709,251,3031,0.6809366017246886,0.28546372233113604,102,529,23,346,0.6395412784679089,0.2796985743921602,
eeg-eye-state,SVM,IQR Capping,2,2.25,0.421875,4.022834777832031,0.9657964706420898,-0.2637356036688225,1648,4178,782,2392,0.6790095267087193,0.2803730556403401,181,468,84,267,0.6752353454968945,0.2837745551385116,
eeg-eye-state,SVM,IQR Capping,3,2.28125,0.421875,4.022835731506348,0.9669294357299805,-0.2337300105571759,1555,4266,695,2484,0.6760520123314914,0.28130243928149157,173,462,89,276,0.679461113424064,0.2531243786547176,
eeg-eye-state,SVM,IQR Capping,4,2.421875,0.40625,4.022930145263672,0.9649152755737305,-0.049310910435888484,1113,4634,327,2926,0.679592128331114,0.28442807152459904,122,508,43,327,0.6657363206803584,0.25952984819479774,
eeg-eye-state,SVM,IQR Capping,5,2.265625,0.421875,4.022882461547852,0.9671812057495117,-0.0420090576827189,1110,4631,330,2929,0.6779563686629441,0.2825999709706231,123,516,35,326,0.686320478255773,0.2869484742751871,
eeg-eye-state,SVM,IQR Capping,6,2.328125,0.421875,4.022930145263672,0.9652929306030273,-0.07571094559577063,1171,4602,359,2868,0.6807679998067621,0.288066124455294,140,504,47,309,0.6722864684174148,0.2889414386530426,
eeg-eye-state,SVM,IQR Capping,7,2.4375,0.40625,4.022930145263672,0.9666776657104492,-0.25702733209586526,1577,4288,673,2462,0.6813971458185932,0.29265256062801664,184,473,78,265,0.67601526279411,0.3034182294043634,
eeg-eye-state,SVM,IQR Capping,8,2.21875,0.421875,4.022882461547852,0.9693212509155273,-0.2648305603449531,1646,4177,784,2393,0.6756711011400185,0.27950897407496084,196,470,81,253,0.706943035339674,0.3217871953956193,
eeg-eye-state,SVM,IQR Capping,9,2.265625,0.421875,4.022930145263672,0.966425895690918,-0.05850219444866228,1116,4637,324,2923,0.679976433163074,0.28625617207857496,114,517,34,335,0.6834930618151245,0.26920469450337886,
eeg-eye-state,SVM,IQR Capping,10,2.3125,0.421875,4.022834777832031,0.9675588607788086,-0.2229818963664833,1524,4325,636,2515,0.6820934160430061,0.29011970693829714,169,485,66,280,0.6779857638874853,0.3010284242615769,
eeg-eye-state,SVM,IQR Removal,1,2.359375,0.40625,3.042220115661621,0.9702081680297852,-0.273769616885918,1781,4221,739,2259,0.6906097293197062,0.32329792879848085,169,465,87,279,0.6532576345755693,0.25025386833582,
eeg-eye-state,SVM,IQR Removal,2,2.375,0.40625,3.042792320251465,0.9743623733520508,-0.26673416998432414,1687,4307,653,2353,0.687674265410412,0.3242146086406624,187,477,75,261,0.6811432453416149,0.31839892888969334,
eeg-eye-state,SVM,IQR Removal,3,2.34375,0.40625,3.042649269104004,0.9751176834106445,-0.2782072003929423,1721,4252,709,2318,0.685675628156616,0.3172484974616821,198,469,82,251,0.6888871822440672,0.3236487321552379,
eeg-eye-state,SVM,IQR Removal,4,2.359375,0.40625,3.042792320251465,0.9728517532348633,-0.2263589983559983,1584,4385,576,2455,0.6875513132165978,0.3215043571912501,169,481,70,280,0.6716033613717113,0.29081545409498477,
eeg-eye-state,SVM,IQR Removal,5,2.375,0.40625,3.0427446365356445,0.9749917984008789,-0.23451230359696024,1612,4323,638,2427,0.6854644239427525,0.3107095718611248,181,490,61,268,0.6967691866175691,0.3395855919413206,
eeg-eye-state,SVM,IQR Removal,6,2.375,0.40625,3.042792320251465,0.9744882583618164,-0.2773023929350013,1721,4252,709,2318,0.6885298295259599,0.3172484974616821,195,473,78,254,0.685685875852368,0.32683534162881395,
eeg-eye-state,SVM,IQR Removal,7,2.34375,0.421875,3.0426979064941406,0.9737329483032227,-0.26172771192570865,1663,4284,677,2376,0.688948694593766,0.31213121499679897,194,469,82,255,0.6803544072530608,0.31517118883916634,
eeg-eye-state,SVM,IQR Removal,8,2.34375,0.40625,3.0427446365356445,0.9767541885375977,-0.2736937255339744,1670,4291,670,2369,0.6855135818233421,0.3156963334659071,199,474,77,250,0.7100028698580026,0.3376590012741773,
eeg-eye-state,SVM,IQR Removal,9,2.390625,0.40625,3.0427446365356445,0.9729776382446289,-0.25064555445158176,1675,4296,665,2364,0.6868008196041029,0.31824284665812713,175,477,74,274,0.6853220910351295,0.29382692797613497,
eeg-eye-state,SVM,IQR Removal,10,2.421875,0.40625,3.0427446365356445,0.9752435684204102,-0.25272246432869233,1631,4342,619,2408,0.6881175022067396,0.3205119493876692,184,480,71,265,0.6974078310744991,0.32060393699258993,
eeg-eye-state,SVM,Yeo-Johnson,1,1.890625,0.40625,3.053215980529785,1.0195741653442383,-1.0,4040,0,4960,0,0.5,0.0,448,1,551,0,0.5009057971014492,0.028502747402804153,
eeg-eye-state,SVM,Yeo-Johnson,2,2.53125,0.4375,3.0537023544311523,1.0202035903930664,-0.9990475638691919,3458,1578,3382,582,0.6238206643244969,0.2027401813263504,378,187,365,70,0.599999595626294,0.20770815803243264,
eeg-eye-state,SVM,Yeo-Johnson,3,2.8125,0.421875,3.053807258605957,1.0202035903930664,-0.9993671951813594,3342,1823,3138,697,0.629450990316696,0.21589513890075632,379,203,348,70,0.6371347499383586,0.23727299002828037,
eeg-eye-state,SVM,Yeo-Johnson,4,2.5625,0.421875,3.0534791946411133,1.0199518203735352,-0.9993206831370687,3316,1797,3164,723,0.6200910553667954,0.20295894418417337,370,173,378,79,0.59062486105441,0.15813035047759738,
eeg-eye-state,SVM,Yeo-Johnson,5,2.515625,0.421875,3.0537195205688477,1.0202035903930664,-0.9998855049898947,3512,1453,3508,527,0.5968743123823111,0.19499533364814606,376,169,382,73,0.5859138476711709,0.16738468714500027,
eeg-eye-state,SVM,Yeo-Johnson,6,2.625,0.421875,3.053715705871582,1.0200777053833008,-0.9991293786298777,3193,2034,2927,846,0.631746563527278,0.21382132866982775,360,209,342,89,0.6479613903047303,0.19693447230914396,
eeg-eye-state,SVM,Yeo-Johnson,7,2.734375,0.421875,3.0538816452026367,1.020329475402832,-0.999596864441581,3280,1761,3200,759,0.6129644103432372,0.1850472899612124,359,214,337,90,0.6428684028633906,0.2032241010162046,
eeg-eye-state,SVM,Yeo-Johnson,8,2.59375,0.4375,3.0539255142211914,1.020329475402832,-0.9997375596193591,3591,1352,3609,448,0.6104435592920646,0.20094612120916,391,141,410,58,0.5817121330320656,0.15787364345643562,
eeg-eye-state,SVM,Yeo-Johnson,9,2.75,0.4375,3.05411434173584,1.0204553604125977,-0.99949486848362,3264,1835,3126,775,0.6180528249087622,0.1951126005857169,355,198,353,94,0.6189475301031936,0.16408184222881145,
eeg-eye-state,SVM,Yeo-Johnson,10,2.53125,0.421875,3.053807258605957,1.0202035903930664,-0.9996157313994565,3384,1685,3276,655,0.6158048624779594,0.20124584455476804,372,184,367,77,0.6096043233804502,0.18397794231891273,
eeg-eye-state,SVM,Quantile Transform,1,1.28125,0.21875,3.1030054092407227,0.6209392547607422,-0.018434523120803112,3579,4669,291,461,0.9723371127435323,0.8310732278722902,393,503,49,55,0.9649084497929606,0.7895182902491432,
eeg-eye-state,SVM,Quantile Transform,2,1.296875,0.21875,3.1021289825439453,0.6255970001220703,-0.0017114955246579004,3581,4671,289,459,0.9724744490578088,0.8319756854983867,398,519,33,50,0.971976902173913,0.832078073855212,
eeg-eye-state,SVM,Quantile Transform,3,1.296875,0.21875,3.1028852462768555,0.6224498748779297,-0.07424169077426893,3628,4629,332,411,0.9725386112694115,0.8329654442278317,409,506,45,40,0.9700120048989689,0.8284318192302459,
eeg-eye-state,SVM,Quantile Transform,4,1.265625,0.203125,3.10195255279541,0.6198062896728516,-0.14246943980996077,3669,4580,381,370,0.972321767623562,0.8313862666958065,402,511,40,47,0.9690823325882482,0.8239992824377401,
eeg-eye-state,SVM,Quantile Transform,5,1.265625,0.21875,3.103579521179199,0.6169109344482422,-0.06746163268001151,3630,4631,330,409,0.9735687807832513,0.8338655387192279,395,501,50,54,0.9607718705411097,0.7896656045392659,
eeg-eye-state,SVM,Quantile Transform,6,1.28125,0.21875,3.1043472290039062,0.6199321746826172,-0.013367470855763421,3585,4676,285,454,0.9739130855732898,0.8339937952690119,395,511,40,54,0.9645067279980921,0.8097997163536182,
eeg-eye-state,SVM,Quantile Transform,7,1.28125,0.21875,3.102532386779785,0.6195545196533203,-0.14286333284849964,3667,4578,383,372,0.9730723610490121,0.8304881746417994,395,511,40,54,0.9645148121051419,0.8097997163536182,
eeg-eye-state,SVM,Quantile Transform,8,1.296875,0.21875,3.1026086807250977,0.6204357147216797,-0.07507321609444298,3633,4634,327,406,0.9735938837415625,0.8352156804563221,391,502,49,58,0.9627282244471481,0.7834782811062152,
eeg-eye-state,SVM,Quantile Transform,9,1.234375,0.21875,3.1041030883789062,0.6220722198486328,-0.19206050401510827,3712,4533,428,327,0.9723414806822754,0.8310486504223417,406,505,46,43,0.9703474953415333,0.820254846182429,
eeg-eye-state,SVM,Quantile Transform,10,1.296875,0.21875,3.1038131713867188,0.6201839447021484,-0.07169593495731058,3634,4635,326,405,0.9732635028588177,0.8356657277020202,397,515,36,52,0.9666368902057,0.8219938166998472,
eeg-eye-state,SVM,Uniform Binning,1,1.8125,0.296875,2.9882326126098633,0.7079248428344727,0.24227746147390317,2346,4606,354,1694,0.8555756946662408,0.5528049031430502,238,509,43,210,0.8175526494565217,0.501563528685971,
eeg-eye-state,SVM,Uniform Binning,2,2.0,0.421875,3.023850440979004,0.9870119094848633,0.9997150037776998,1532,3693,1267,2508,0.5583470736186521,0.13298260919711166,174,417,135,274,0.5703246312111802,0.15478634172423167,
eeg-eye-state,SVM,Uniform Binning,3,1.984375,0.421875,3.019049644470215,0.9822282791137695,0.9998120703646377,1543,3698,1263,2496,0.5653363878759398,0.13683465868558028,163,412,139,286,0.5534965784016912,0.11999194948169002,
eeg-eye-state,SVM,Uniform Binning,4,2.0,0.421875,3.021721839904785,0.984745979309082,0.9998202064523296,1531,3698,1263,2508,0.5588344471876926,0.13380173443266133,175,410,141,274,0.5648042231375227,0.14320801064044464,
eeg-eye-state,SVM,Uniform Binning,5,1.984375,0.421875,3.0172853469848633,0.9802141189575195,0.9995831223501871,1539,3713,1248,2500,0.5613181927726537,0.13927740491902213,167,397,154,282,0.5437107668179743,0.09849150656124134,
eeg-eye-state,SVM,Uniform Binning,6,1.90625,0.40625,3.0041112899780273,0.9661149978637695,0.9998195428123094,1372,3934,1027,2667,0.5635302225394722,0.1492399754986908,163,426,125,286,0.5667140934280251,0.14956845852922093,
eeg-eye-state,SVM,Uniform Binning,7,2.0,0.4375,3.02266788482666,0.985753059387207,0.9997566840316904,1543,3685,1276,2496,0.5634898981054453,0.1338521917905641,163,425,126,286,0.5709198501206553,0.14742300446445009,
eeg-eye-state,SVM,Uniform Binning,8,2.015625,0.4375,3.027459144592285,0.9910402297973633,0.9998851945076146,1496,3710,1251,2543,0.5600784410054779,0.12768667965816372,175,418,133,274,0.5754267398008885,0.1598576217772671,
eeg-eye-state,SVM,Uniform Binning,9,1.984375,0.421875,3.023921012878418,0.9870119094848633,0.9997952615793751,1527,3697,1264,2512,0.5585262497343104,0.13255960892469057,179,413,138,270,0.5687270360834119,0.1584296364665871,
eeg-eye-state,SVM,Uniform Binning,10,2.0,0.421875,3.0192689895629883,0.9822282791137695,0.9998721448010802,1548,3694,1267,2491,0.5653150029502214,0.1371781613901256,158,416,135,291,0.5546910052182912,0.11680683004002856,
eeg-eye-state,SVM,Quantile Binning,1,1.4375,0.25,2.988886833190918,0.5805463790893555,-0.1209175369348707,3452,4360,600,588,0.9427695324976046,0.7332883657330957,391,471,81,57,0.9298209433229814,0.7232265984345936,
eeg-eye-state,SVM,Quantile Binning,2,1.453125,0.25,2.98892879486084,0.5839452743530273,-0.16420900486159207,3493,4313,647,547,0.94310097113542,0.7326628618601739,386,484,68,62,0.941796470626294,0.7375424239329027,
eeg-eye-state,SVM,Quantile Binning,3,1.453125,0.25,2.9888410568237305,0.5801687240600586,-0.1902540586593433,3543,4274,687,496,0.9417175683627665,0.7361568655640337,386,467,84,63,0.9347511509747413,0.704819251822854,
eeg-eye-state,SVM,Quantile Binning,4,1.4375,0.25,2.9888906478881836,0.5772733688354492,-0.13205430162743653,3462,4373,588,577,0.9443746141917354,0.7384337391060622,363,479,72,86,0.927053060036621,0.6800273702919922,
eeg-eye-state,SVM,Quantile Binning,5,1.4375,0.234375,2.988711357116699,0.581049919128418,-0.12468774937164087,3468,4375,586,571,0.9450485512673525,0.7402557609497327,376,472,79,73,0.9247005848851451,0.693234267737888,
eeg-eye-state,SVM,Quantile Binning,6,1.40625,0.25,2.988888740539551,0.5758886337280273,-0.17800909599776024,3502,4323,638,537,0.9443171219293605,0.7369199725000026,381,459,92,68,0.9267054434334819,0.6790190579379541,
eeg-eye-state,SVM,Quantile Binning,7,1.4375,0.234375,2.988581657409668,0.5785322189331055,-0.024117940069099807,3235,4596,365,804,0.9447833482445571,0.7384599966496849,344,503,48,105,0.9305130578539121,0.691822699269253,
eeg-eye-state,SVM,Quantile Binning,8,1.40625,0.25,2.9887990951538086,0.5767698287963867,-0.189689761782184,3511,4332,629,528,0.9459640856017866,0.7409540586966743,377,469,82,72,0.9234940319079705,0.6895424186141729,
eeg-eye-state,SVM,Quantile Binning,9,1.421875,0.234375,2.988663673400879,0.5819311141967773,0.03725426004759146,3184,4635,326,855,0.94355407683771,0.7368525604501339,354,517,34,95,0.9443106075610653,0.7417715246104206,
eeg-eye-state,SVM,Quantile Binning,10,1.40625,0.234375,2.9889307022094727,0.5796651840209961,-0.18046757195535323,3512,4333,628,527,0.9458191322371442,0.7414022904963046,375,461,90,74,0.9258545911664964,0.6699893148892883,
eeg-eye-state,SVM,PCA,1,2.6875,1.359375,1.545501708984375,0.39406871795654297,-0.04101504107821737,2712,4522,438,1328,0.8787675163685724,0.6079284543068585,281,488,64,167,0.8446679283126294,0.5348669260668465,
eeg-eye-state,SVM,PCA,2,3.0,1.390625,1.338979721069336,0.34059810638427734,-0.10350487960690591,1917,4177,783,2123,0.7294882325934207,0.34367500592226663,210,462,90,238,0.7324623123706004,0.33174440134851857,
eeg-eye-state,SVM,PCA,3,3.0,1.421875,1.3391551971435547,0.3403501510620117,-0.24863683720144597,2191,3912,1049,1848,0.7302664172473992,0.34298974774481783,247,424,127,202,0.727116924482314,0.3285577915916706,
eeg-eye-state,SVM,PCA,4,2.953125,1.4375,1.3390235900878906,0.34044933319091797,-0.1364493272460327,1959,4130,831,2080,0.7299836970509115,0.34145792188179325,218,453,98,231,0.7373069414185183,0.32915874314253185,
eeg-eye-state,SVM,PCA,5,2.96875,1.40625,1.3391551971435547,0.3410940170288086,0.3023466869759142,1257,4688,273,2782,0.7286276382373252,0.3392123281903628,138,519,32,311,0.7428849752828427,0.330074118118139,
eeg-eye-state,SVM,PCA,6,2.953125,1.40625,1.3391551971435547,0.3403501510620117,-0.21963265828718004,2146,3957,1004,1893,0.731014265816573,0.343009734458871,239,438,113,210,0.7277272745645698,0.34077660999939907,
eeg-eye-state,SVM,PCA,7,3.015625,1.40625,1.3391551971435547,0.33940792083740234,-0.12398475280905781,2009,4090,871,2030,0.732394928523693,0.34314472858471823,215,453,98,234,0.711041677613895,0.3228427381470627,
eeg-eye-state,SVM,PCA,8,3.015625,1.34375,1.339019775390625,0.3419370651245117,-0.13307650347336034,1962,4133,828,2077,0.7277505817972411,0.3429070084213038,219,461,90,230,0.7582488207308841,0.3492018299779951,
eeg-eye-state,SVM,PCA,9,2.96875,1.4375,1.3391551971435547,0.33945751190185547,-0.15678748635974363,2013,4094,867,2026,0.7317895130420349,0.34506034701035726,213,443,108,236,0.7102575192300695,0.29658556899039185,
eeg-eye-state,SVM,PCA,10,2.984375,1.421875,1.3391075134277344,0.3413419723510742,-0.154738715370811,1996,4077,884,2043,0.7293005771833871,0.3369189687013914,226,463,88,223,0.7409690419120529,0.3682685220292968,
eeg-eye-state,SVM,Select Percentile (Mutual Info),1,2.6875,0.40625,4.899504661560059,0.5690822601318359,-0.14517797752377484,1678,4208,752,2362,0.6926594937719579,0.29546851807610863,159,463,89,289,0.6593313276397516,0.22302622761862617,
eeg-eye-state,SVM,Select Percentile (Mutual Info),2,2.6875,0.40625,4.8994340896606445,0.5698070526123047,-0.17334148638058366,1703,4143,817,2337,0.6892076712711594,0.284490236514268,173,450,102,275,0.6660358436853002,0.2242773658766411,
eeg-eye-state,SVM,Select Percentile (Mutual Info),3,2.625,0.40625,4.899569511413574,0.5699520111083984,-0.22881768410962017,1745,4096,865,2294,0.6892652014756946,0.2824408867553681,201,449,102,248,0.6943277862885461,0.28415973658502214,
eeg-eye-state,SVM,Select Percentile (Mutual Info),4,2.65625,0.390625,4.899657249450684,0.5722713470458984,-0.17674795200963464,1651,4272,689,2388,0.6919991282336465,0.3060195833354708,170,473,78,279,0.6764821199762328,0.27303572525973124,
eeg-eye-state,SVM,Select Percentile (Mutual Info),5,2.75,0.40625,4.899653434753418,0.5711841583251953,-0.21794589735024475,1893,3974,987,2146,0.6935789177870131,0.2875917942411865,224,445,106,225,0.697731195356489,0.32422590769670423,
eeg-eye-state,SVM,Select Percentile (Mutual Info),6,2.65625,0.375,4.899477958679199,0.5719089508056641,-0.16650414861967408,1782,4133,828,2257,0.6936167968036299,0.3006568445199249,198,452,99,251,0.689816854554788,0.284441865825449,
eeg-eye-state,SVM,Select Percentile (Mutual Info),7,2.703125,0.390625,4.899657249450684,0.5736484527587891,-0.31173992041957327,1853,4114,847,2186,0.6929522421458308,0.3126295694039341,211,460,91,238,0.7159406464860407,0.33018148218445337,
eeg-eye-state,SVM,Select Percentile (Mutual Info),8,2.609375,0.390625,4.8995256423950195,0.5571956634521484,-0.2031174767997302,1503,4304,657,2536,0.6848876547793263,0.2791350793497636,175,481,70,274,0.7090449031726078,0.3038256671162523,
eeg-eye-state,SVM,Select Percentile (Mutual Info),9,2.65625,0.390625,4.899653434753418,0.5708942413330078,-0.16644671034196035,1556,4267,694,2483,0.6883011580448817,0.2818183538881518,179,473,78,270,0.6856252450494951,0.2926476050077519,
eeg-eye-state,SVM,Select Percentile (Mutual Info),10,2.671875,0.40625,4.899701118469238,0.5730686187744141,-0.28711827095271947,2041,3942,1019,1998,0.7013728623246467,0.31490128033030135,236,446,105,213,0.7132445967849507,0.35155114137593885,
eeg-eye-state,SVM,Random Undersampling,1,1.875,0.375,3.70855712890625,0.9633693695068359,0.3094621968995009,1737,4177,783,2303,0.6904864659853083,0.3014064100740531,174,451,101,274,0.646383281573499,0.22878092744042908,
eeg-eye-state,SVM,Random Undersampling,2,1.875,0.390625,3.708470344543457,0.9706707000732422,0.28535089128147073,1641,4261,699,2399,0.6895994191152987,0.30078722567259697,182,472,80,266,0.6919198046066254,0.29553332730908227,
eeg-eye-state,SVM,Random Undersampling,3,1.96875,0.390625,3.707569122314453,0.9677600860595703,0.29986485421381853,1654,4275,686,2385,0.6882566414667235,0.30754749125080283,197,472,79,252,0.6946551926240607,0.3286638763001729,
eeg-eye-state,SVM,Random Undersampling,4,1.859375,0.375,3.7076568603515625,0.9693965911865234,0.2563631591377502,1746,4187,774,2293,0.6905671117609157,0.30603056331830103,185,454,97,264,0.6788265110206589,0.2608514302971434,
eeg-eye-state,SVM,Random Undersampling,5,1.84375,0.390625,3.7075700759887695,0.9673824310302734,0.3182845080315779,1723,4164,797,2316,0.6878833410131086,0.2945870064536315,194,466,85,255,0.6954757294896099,0.3080855441951376,
eeg-eye-state,SVM,Random Undersampling,6,1.875,0.375,3.7075700759887695,0.9700260162353516,0.34269435595506365,1556,4357,604,2483,0.6884810209907144,0.3068581870732054,173,488,63,276,0.6902857327636733,0.31739964859108377,
eeg-eye-state,SVM,Random Undersampling,7,1.828125,0.375,3.707612991333008,0.9721660614013672,0.33037609174019156,1541,4342,619,2498,0.689278825944122,0.2990120245099671,165,474,77,284,0.6745581024983933,0.2644788839285323,
eeg-eye-state,SVM,Random Undersampling,8,1.84375,0.390625,3.7076568603515625,0.9736766815185547,0.2881916367776141,1638,4259,702,2401,0.6873905644517456,0.29939864903569857,193,476,75,256,0.7133052275878238,0.32985365449048015,
eeg-eye-state,SVM,Random Undersampling,9,1.8125,0.390625,3.707569122314453,0.9677600860595703,0.3410454643307575,1620,4241,720,2419,0.6850613293219172,0.2902312015437063,169,480,71,280,0.6759768632856237,0.2882861611683402,
eeg-eye-state,SVM,Random Undersampling,10,1.84375,0.375,3.707612991333008,0.9712848663330078,0.33610107232169695,1538,4339,622,2501,0.6893105664639748,0.2974427919973195,173,485,66,276,0.693786151116213,0.3096723299785286,
eeg-eye-state,SVM,SMOTE / SMOTENC,1,2.890625,0.453125,3.9361371994018555,1.6262931823730469,0.3076208303281046,1861,4121,839,2179,0.6998363142765889,0.31637599835964686,191,443,109,257,0.6573135028467908,0.2483694856656898,
eeg-eye-state,SVM,SMOTE / SMOTENC,2,2.921875,0.46875,3.936049461364746,1.6348533630371094,0.31391750010061426,1617,4327,633,2423,0.6983512655701054,0.3131529694648928,183,482,70,265,0.6995665113871636,0.3222028844992308,
eeg-eye-state,SVM,SMOTE / SMOTENC,3,2.859375,0.46875,3.936060905456543,1.6331024169921875,0.354704401377129,1614,4325,636,2425,0.6955281150887295,0.31174140107444526,194,475,76,255,0.704432920100728,0.3295414838151875,
eeg-eye-state,SVM,SMOTE / SMOTENC,4,2.90625,0.46875,3.9361047744750977,1.6297035217285156,0.3222218297316395,1716,4247,714,2323,0.6991302149337251,0.31473252923590067,188,465,86,261,0.6874724635103617,0.2928849409192437,
eeg-eye-state,SVM,SMOTE / SMOTENC,5,2.921875,0.46875,3.936276435852051,1.6370048522949219,0.31395907896299685,1830,4091,870,2209,0.6929081248194946,0.3014172193395485,199,457,94,250,0.6967570604569946,0.2979163876409502,
eeg-eye-state,SVM,SMOTE / SMOTENC,6,2.84375,0.453125,3.936367988586426,1.6323471069335938,0.36197453077209385,1623,4334,627,2416,0.6963452338490286,0.3163846325343873,185,483,68,264,0.6991216617690452,0.33021509919261127,
eeg-eye-state,SVM,SMOTE / SMOTENC,7,2.890625,0.453125,3.9361047744750977,1.6308364868164062,0.3756881782325362,1604,4315,646,2435,0.695482201129194,0.3065822550078429,171,473,78,278,0.6822743826773754,0.27522999270968235,
eeg-eye-state,SVM,SMOTE / SMOTENC,8,2.890625,0.46875,3.9361486434936523,1.6393966674804688,0.2864591722782647,1846,4107,854,2193,0.6948032234993236,0.3092171150365124,209,456,95,240,0.7223149648947651,0.31689952297141477,
eeg-eye-state,SVM,SMOTE / SMOTENC,9,2.921875,0.46875,3.9360570907592773,1.6368789672851562,0.3791656159423923,1598,4309,652,2441,0.6955565617810504,0.30348676736788155,164,480,71,285,0.6874603373497872,0.27731979826633574,
eeg-eye-state,SVM,SMOTE / SMOTENC,10,2.921875,0.453125,3.9360132217407227,1.6347389221191406,0.3336008951874198,1698,4229,732,2341,0.6959492758545125,0.30567504362308756,192,477,74,257,0.7005606328238998,0.3301758969098454,
eeg-eye-state,RandomForest,Baseline,1,1.796875,0.015625,2.363414764404297,14.653168678283691,0.30450000000000726,4040,4950,10,0,1.0,0.9977573418730873,437,426,126,11,0.97265625,0.7491039715069672,
eeg-eye-state,RandomForest,Baseline,2,1.8125,0.015625,2.359006881713867,14.701233863830566,0.29,4040,4946,14,0,0.9999999999999999,0.9968619700932727,433,411,141,15,0.973440734989648,0.7151022452710636,
eeg-eye-state,RandomForest,Baseline,3,1.8125,0.015625,2.35469913482666,14.680634498596191,0.3145000000000073,4039,4950,11,0,1.0,0.9975332966871368,443,431,120,6,0.9809619278978493,0.7709856758917707,
eeg-eye-state,RandomForest,Baseline,4,1.796875,0.015625,2.35806941986084,14.570466041564941,0.3145000000000073,4039,4950,11,0,1.0,0.9975332966871368,438,445,106,11,0.9766834142417714,0.7820732305328411,
eeg-eye-state,RandomForest,Baseline,5,1.8125,0.015625,2.360541343688965,14.636841773986816,0.32,4039,4948,13,0,1.0,0.9970855908629221,433,436,115,16,0.9692561408898177,0.7552006529564483,
eeg-eye-state,RandomForest,Baseline,6,1.796875,0.015625,2.3573646545410156,14.713440895080566,0.3,4039,4949,12,0,1.0,0.9973094136390062,437,418,133,12,0.9749554363598882,0.7353191492179486,
eeg-eye-state,RandomForest,Baseline,7,1.8125,0.015625,2.3602046966552734,14.667511940002441,0.3145000000000073,4039,4950,11,0,1.0,0.9975332966871368,438,441,110,11,0.9788843123860645,0.7753988003813057,
eeg-eye-state,RandomForest,Baseline,8,1.8125,0.015625,2.359257698059082,14.722901344299316,0.30450000000000726,4039,4950,11,0,1.0,0.9975332966871368,438,437,114,11,0.9770997457548333,0.7687646089879321,
eeg-eye-state,RandomForest,Baseline,9,1.828125,0.015625,2.3552398681640625,14.745789527893066,0.32,4039,4947,14,0,1.0,0.996861828317642,446,448,103,3,0.984341084644643,0.8060598882585571,
eeg-eye-state,RandomForest,Baseline,10,1.796875,0.015625,2.3585901260375977,14.735260963439941,0.3145000000000073,4039,4950,11,0,1.0,0.9975332966871368,442,441,110,7,0.9867097280102183,0.7849361898072331,
eeg-eye-state,RandomForest,Standard Scaler,1,1.796875,0.015625,2.363893508911133,14.653830528259277,0.30450000000000726,4040,4950,10,0,1.0,0.9977573418730873,436,426,126,12,0.9725349378881987,0.7466764411913508,
eeg-eye-state,RandomForest,Standard Scaler,2,1.8125,0.015625,2.362079620361328,14.701895713806152,0.29,4040,4947,13,0,1.0,0.9970857226923301,433,410,142,15,0.9734104069616977,0.7134978286647935,
eeg-eye-state,RandomForest,Standard Scaler,3,1.8125,0.03125,2.3608617782592773,14.681296348571777,0.3145000000000073,4039,4950,11,0,1.0,0.9975332966871368,444,431,120,5,0.9808750237470645,0.7734186738807979,
eeg-eye-state,RandomForest,Standard Scaler,4,1.796875,0.015625,2.357828140258789,14.571127891540527,0.3145000000000073,4039,4950,11,0,1.0,0.9975332966871368,437,446,105,12,0.9766834142417714,0.781390644808183,
eeg-eye-state,RandomForest,Standard Scaler,5,1.8125,0.015625,2.3610754013061523,14.637503623962402,0.32,4039,4949,12,0,1.0,0.9973094136390062,433,438,113,16,0.9692035941939943,0.7585404306770756,
eeg-eye-state,RandomForest,Standard Scaler,6,1.8125,0.015625,2.355607032775879,14.714102745056152,0.3,4039,4948,13,0,1.0,0.9970855908629221,438,416,135,11,0.9750847820726842,0.7345531218559902,
eeg-eye-state,RandomForest,Standard Scaler,7,1.8125,0.015625,2.3579349517822266,14.668173789978027,0.3145000000000073,4039,4950,11,0,1.0,0.9975332966871368,438,440,111,11,0.9789590903762748,0.7737365226974843,
eeg-eye-state,RandomForest,Standard Scaler,8,1.8125,0.015625,2.363248825073242,14.723563194274902,0.30450000000000726,4039,4950,11,0,1.0,0.9975332966871368,438,435,116,11,0.9774130049030111,0.7654622642242841,
eeg-eye-state,RandomForest,Standard Scaler,9,1.828125,0.015625,2.359494209289551,14.746451377868652,0.32,4039,4947,14,0,0.9999999999999999,0.996861828317642,446,450,101,3,0.9843249164305433,0.8093744332070724,
eeg-eye-state,RandomForest,Standard Scaler,10,1.8125,0.015625,2.3572444915771484,14.735922813415527,0.31,4039,4945,16,0,1.0,0.9964144837546866,442,435,116,7,0.9865783612706598,0.7750796131361825,
eeg-eye-state,RandomForest,MinMax Scaler,1,1.796875,0.015625,2.3572216033935547,14.654122352600098,0.30450000000000726,4040,4950,10,0,1.0,0.9977573418730873,436,423,129,12,0.9725511128364389,0.741803391882084,
eeg-eye-state,RandomForest,MinMax Scaler,2,1.8125,0.015625,2.3610572814941406,14.702187538146973,0.29,4040,4945,15,0,1.0,0.9966382776561413,433,409,143,15,0.9733780570652174,0.7118954147597721,
eeg-eye-state,RandomForest,MinMax Scaler,3,1.8125,0.015625,2.358247756958008,14.681588172912598,0.3145000000000073,4039,4950,11,0,1.0,0.9975332966871368,444,429,122,5,0.9809174653090756,0.7701851677634037,
eeg-eye-state,RandomForest,MinMax Scaler,4,1.8125,0.015625,2.3583669662475586,14.571419715881348,0.31,4039,4947,14,0,1.0,0.996861828317642,438,443,108,11,0.9765500264754505,0.7787309173171179,
eeg-eye-state,RandomForest,MinMax Scaler,5,1.796875,0.015625,2.361863136291504,14.637795448303223,0.32,4039,4948,13,0,1.0,0.9970855908629221,433,438,113,16,0.9694824958872106,0.7585404306770756,
eeg-eye-state,RandomForest,MinMax Scaler,6,1.796875,0.015625,2.357816696166992,14.714394569396973,0.3,4039,4949,12,0,1.0,0.9973094136390062,438,416,135,11,0.9750686138585847,0.7345531218559902,
eeg-eye-state,RandomForest,MinMax Scaler,7,1.796875,0.015625,2.3545026779174805,14.668465614318848,0.3145000000000073,4039,4950,11,0,1.0,0.9975332966871368,438,441,110,11,0.9789974898847611,0.7753988003813057,
eeg-eye-state,RandomForest,MinMax Scaler,8,1.84375,0.015625,2.3583765029907227,14.723855018615723,0.31,4039,4949,12,0,1.0,0.9973094136390062,438,435,116,11,0.9772877012437399,0.7654622642242841,
eeg-eye-state,RandomForest,MinMax Scaler,9,1.828125,0.015625,2.36263370513916,14.746743202209473,0.32,4039,4946,15,0,1.0,0.9966381259619559,446,449,102,3,0.9844178836616154,0.8077158362610776,
eeg-eye-state,RandomForest,MinMax Scaler,10,1.8125,0.015625,2.3610048294067383,14.736214637756348,0.31,4039,4945,16,0,1.0,0.9964144837546866,442,434,117,7,0.986699622876406,0.7734454025405385,
eeg-eye-state,RandomForest,IQR Capping,1,1.78125,0.03125,4.0192975997924805,14.939393997192383,0.29,4025,4930,30,15,0.9998115618013413,0.9899034936717397,440,401,151,8,0.9696032285196687,0.716719923906121,
eeg-eye-state,RandomForest,IQR Capping,2,1.796875,0.015625,4.019207000732422,15.045900344848633,0.29,4024,4930,30,16,0.9998458709278186,0.9896780409008945,433,409,143,15,0.9716311626552795,0.7118954147597721,
eeg-eye-state,RandomForest,IQR Capping,3,1.796875,0.015625,4.019159317016602,15.028657913208008,0.29,4023,4928,33,16,0.999815495751736,0.9890071262201184,444,402,149,5,0.9773543951269003,0.7273927780436626,
eeg-eye-state,RandomForest,IQR Capping,4,1.78125,0.03125,4.019159317016602,15.013704299926758,0.29,4023,4927,34,16,0.9998098064132719,0.9887837630612798,439,412,139,10,0.9739772594068691,0.7306209258118163,
eeg-eye-state,RandomForest,IQR Capping,5,1.796875,0.03125,4.019159317016602,14.951295852661133,0.30450000000000726,4022,4933,28,17,0.9998426199223964,0.9898995142280756,434,431,120,15,0.9666773107409489,0.7492837472212239,
eeg-eye-state,RandomForest,IQR Capping,6,1.796875,0.015625,4.019112586975098,15.024232864379883,0.29,4026,4935,26,13,0.9997769429976695,0.9912482539814413,437,406,145,12,0.9720108003670184,0.7161082280127946,
eeg-eye-state,RandomForest,IQR Capping,7,1.78125,0.03125,4.019160270690918,15.026216506958008,0.29450000000000726,4023,4934,27,16,0.9998141981833144,0.9903485602550792,437,428,123,12,0.9744926212312903,0.7515623957923351,
eeg-eye-state,RandomForest,IQR Capping,8,1.78125,0.03125,4.019207000732422,15.138216018676758,0.29,4025,4930,31,14,0.9997710041268165,0.9899050981494398,441,420,131,8,0.9733204257090773,0.7483499525854741,
eeg-eye-state,RandomForest,IQR Capping,9,1.796875,0.015625,4.019112586975098,15.085115432739258,0.29,4025,4935,26,14,0.999730629786312,0.9910229102137734,443,423,128,6,0.9804061455381793,0.7580796562322156,
eeg-eye-state,RandomForest,IQR Capping,10,1.796875,0.015625,4.019159317016602,15.100374221801758,0.29,4025,4932,29,14,0.9997675605798514,0.9903520434572779,438,426,125,11,0.9791712981863305,0.750719298833111,
eeg-eye-state,RandomForest,IQR Removal,1,1.875,0.015625,3.038328170776367,14.653350830078125,0.30450000000000726,4040,4950,10,0,1.0,0.9977573418730873,437,426,126,11,0.97265625,0.7491039715069672,
eeg-eye-state,RandomForest,IQR Removal,2,1.84375,0.015625,3.038641929626465,14.701416015625,0.29,4040,4946,14,0,0.9999999999999999,0.9968619700932727,433,411,141,15,0.973440734989648,0.7151022452710636,
eeg-eye-state,RandomForest,IQR Removal,3,1.828125,0.015625,3.038641929626465,14.680816650390625,0.3145000000000073,4039,4950,11,0,1.0,0.9975332966871368,443,431,120,6,0.9809619278978493,0.7709856758917707,
eeg-eye-state,RandomForest,IQR Removal,4,1.859375,0.015625,3.038641929626465,14.570648193359375,0.3145000000000073,4039,4950,11,0,1.0,0.9975332966871368,438,445,106,11,0.9766834142417714,0.7820732305328411,
eeg-eye-state,RandomForest,IQR Removal,5,1.84375,0.015625,3.038641929626465,14.63702392578125,0.32,4039,4948,13,0,1.0,0.9970855908629221,433,436,115,16,0.9692561408898177,0.7552006529564483,
eeg-eye-state,RandomForest,IQR Removal,6,1.828125,0.015625,3.0385942459106445,14.713623046875,0.3,4039,4949,12,0,1.0,0.9973094136390062,437,418,133,12,0.9749554363598882,0.7353191492179486,
eeg-eye-state,RandomForest,IQR Removal,7,1.859375,0.015625,3.0385942459106445,14.667694091796875,0.3145000000000073,4039,4950,11,0,1.0,0.9975332966871368,438,441,110,11,0.9788843123860645,0.7753988003813057,
eeg-eye-state,RandomForest,IQR Removal,8,1.84375,0.015625,3.038641929626465,14.72308349609375,0.30450000000000726,4039,4950,11,0,1.0,0.9975332966871368,438,437,114,11,0.9770997457548333,0.7687646089879321,
eeg-eye-state,RandomForest,IQR Removal,9,1.875,0.015625,3.038641929626465,14.7459716796875,0.32,4039,4947,14,0,1.0,0.996861828317642,446,448,103,3,0.984341084644643,0.8060598882585571,
eeg-eye-state,RandomForest,IQR Removal,10,1.859375,0.015625,3.038595199584961,14.735443115234375,0.3145000000000073,4039,4950,11,0,1.0,0.9975332966871368,442,441,110,7,0.9867097280102183,0.7849361898072331,
eeg-eye-state,RandomForest,Yeo-Johnson,1,0.96875,0.0,2.915419578552246,0.03849029541015625,0.4486288888888889,4040,0,4960,0,0.5,0.0,448,0,552,0,0.5,0.0,
eeg-eye-state,RandomForest,Yeo-Johnson,2,1.578125,0.015625,2.915410041809082,20.979690551757812,0.3345000000000073,4040,4950,10,0,1.0,0.9977573418730873,411,407,145,37,0.9354740877329193,0.6553021769071252,
eeg-eye-state,RandomForest,Yeo-Johnson,3,1.546875,0.015625,2.915410041809082,20.976791381835938,0.33,4039,4944,17,0,1.0,0.9961909016546897,425,384,167,24,0.9414144762104941,0.6512254045079822,
eeg-eye-state,RandomForest,Yeo-Johnson,4,1.59375,0.03125,2.9153661727905273,20.935287475585938,0.35,4039,4949,12,0,1.0,0.9973094136390062,408,421,130,41,0.9305211419609618,0.671183687650263,
eeg-eye-state,RandomForest,Yeo-Johnson,5,1.53125,0.015625,2.915410041809082,20.850753784179688,0.34,4039,4948,13,0,1.0,0.9970855908629221,412,403,148,37,0.9303493546861548,0.6503064144665731,
eeg-eye-state,RandomForest,Yeo-Johnson,6,1.5625,0.015625,2.915410041809082,20.957870483398438,0.34,4039,4949,12,0,1.0,0.9973094136390062,424,396,155,25,0.9381525390159217,0.6679459755554086,
eeg-eye-state,RandomForest,Yeo-Johnson,7,1.546875,0.015625,2.915410041809082,20.859909057617188,0.35,4039,4949,12,0,1.0,0.9973094136390062,415,423,128,34,0.9378413008945063,0.6909219942044307,
eeg-eye-state,RandomForest,Yeo-Johnson,8,1.578125,0.015625,2.9153623580932617,20.937271118164062,0.33,4039,4940,21,0,1.0,0.9952971735056838,416,392,159,33,0.9329706263970348,0.6418720141499403,
eeg-eye-state,RandomForest,Yeo-Johnson,9,1.5625,0.03125,2.915410041809082,21.016769409179688,0.3445000000000073,4039,4950,11,0,1.0,0.9975332966871368,423,431,120,26,0.9445187733175963,0.7232093888621295,
eeg-eye-state,RandomForest,Yeo-Johnson,10,1.578125,0.015625,2.915410041809082,21.028213500976562,0.3245000000000073,4039,4950,11,0,1.0,0.9975332966871368,434,386,165,15,0.9474169256949301,0.677061828767796,
eeg-eye-state,RandomForest,Quantile Transform,1,1.84375,0.03125,2.658700942993164,14.767724990844727,0.3,4040,4945,15,0,1.0,0.9966382776561413,438,416,136,10,0.9724399100672878,0.7354352102542042,
eeg-eye-state,RandomForest,Quantile Transform,2,1.859375,0.015625,2.6599512100219727,14.815790176391602,0.29450000000000726,4040,4950,10,0,1.0,0.9977573418730873,431,420,132,17,0.9738612836438924,0.7247792549364072,
eeg-eye-state,RandomForest,Quantile Transform,3,1.859375,0.015625,2.6595964431762695,14.795190811157227,0.3145000000000073,4039,4950,11,0,1.0,0.9975332966871368,442,433,118,7,0.9807517411145559,0.7718135920574875,
eeg-eye-state,RandomForest,Quantile Transform,4,1.828125,0.03125,2.660327911376953,14.685022354125977,0.31,4039,4948,13,0,1.0,0.9970855908629221,438,444,107,11,0.976505563886677,0.7804007907888242,
eeg-eye-state,RandomForest,Quantile Transform,5,1.84375,0.015625,2.660289764404297,14.751398086547852,0.32,4039,4949,12,0,1.0,0.9973094136390062,432,438,113,17,0.9690075545980379,0.7561766528404399,
eeg-eye-state,RandomForest,Quantile Transform,6,1.84375,0.03125,2.659128189086914,14.827997207641602,0.3,4039,4949,12,0,0.9999999999999999,0.9973094136390062,437,420,131,12,0.975389957113812,0.7385501838912467,
eeg-eye-state,RandomForest,Quantile Transform,7,1.828125,0.03125,2.6601181030273438,14.782068252563477,0.3145000000000073,4039,4950,11,0,1.0,0.9975332966871368,438,438,113,11,0.9789227118945509,0.7704194438942761,
eeg-eye-state,RandomForest,Quantile Transform,8,1.84375,0.03125,2.662989616394043,14.837457656860352,0.30450000000000726,4039,4950,11,0,1.0,0.9975332966871368,438,435,116,11,0.9775928762848678,0.7654622642242841,
eeg-eye-state,RandomForest,Quantile Transform,9,1.859375,0.015625,2.659256935119629,14.860345840454102,0.32,4039,4947,14,0,1.0,0.996861828317642,446,450,101,3,0.9840904773261008,0.8093744332070724,
eeg-eye-state,RandomForest,Quantile Transform,10,1.859375,0.03125,2.6588544845581055,14.849817276000977,0.31,4039,4946,15,0,1.0,0.9966381259619559,442,432,119,7,0.9866187818059087,0.7701841655741541,
eeg-eye-state,RandomForest,Uniform Binning,1,0.875,0.015625,2.3666582107543945,20.194037437438965,0.5447867563264621,3117,4550,410,923,0.9384135459916959,0.7018680270637186,323,483,69,125,0.870404292831263,0.6070814602375557,
eeg-eye-state,RandomForest,Uniform Binning,2,0.671875,0.0,2.364786148071289,0.11006546020507812,0.532612857862926,1532,3693,1267,2508,0.5656094298946023,0.13298260919711166,174,417,135,274,0.5735030085403727,0.15478634172423167,
eeg-eye-state,RandomForest,Uniform Binning,3,0.65625,0.015625,2.360295295715332,0.11006546020507812,0.5337718870378914,1543,3698,1263,2496,0.5675131587162238,0.13683465868558028,163,412,139,286,0.5558086330179184,0.11999194948169002,
eeg-eye-state,RandomForest,Uniform Binning,4,0.671875,0.015625,2.3641138076782227,0.11037063598632812,0.5329777323743995,1531,3698,1263,2508,0.5657005304908865,0.13380173443266133,175,410,141,274,0.569052421392164,0.14320801064044464,
eeg-eye-state,RandomForest,Uniform Binning,5,0.6875,0.015625,2.3599796295166016,0.11052322387695312,0.5378363766311947,1539,3713,1248,2500,0.5683444758694445,0.13927740491902213,167,397,154,282,0.548735039349391,0.09849150656124134,
eeg-eye-state,RandomForest,Uniform Binning,6,0.671875,0.015625,2.3588409423828125,0.11021804809570312,0.5578539227023712,1372,3934,1027,2667,0.5692761549494325,0.1492399754986908,163,426,125,286,0.5694546057178889,0.14956845852922093,
eeg-eye-state,RandomForest,Uniform Binning,7,0.640625,0.0,2.360431671142578,0.11067581176757812,0.5358856073462204,1543,3685,1276,2496,0.565607579676066,0.1338521917905641,163,425,126,286,0.5732319047368825,0.14742300446445009,
eeg-eye-state,RandomForest,Uniform Binning,8,0.671875,0.0,2.3621082305908203,0.10960769653320312,0.5330269738071137,1496,3710,1251,2543,0.5621090856788921,0.12768667965816372,175,418,133,274,0.5787493077983339,0.1598576217772671,
eeg-eye-state,RandomForest,Uniform Binning,9,0.65625,0.0,2.365414619445801,0.11067581176757812,0.5355246053193917,1527,3697,1264,2512,0.5649427754858782,0.13255960892469057,179,413,138,270,0.5794829405130983,0.1584296364665871,
eeg-eye-state,RandomForest,Uniform Binning,10,0.65625,0.015625,2.360147476196289,0.10243606567382812,0.537603984989916,1548,3694,1267,2491,0.5674283925637551,0.1371781613901256,158,416,135,291,0.557043480369767,0.11680683004002856,
eeg-eye-state,RandomForest,Quantile Binning,1,1.03125,0.015625,2.363785743713379,26.06014347076416,0.4743699352051767,4020,4805,155,20,0.9991618592302778,0.9612609963312128,399,480,72,49,0.9532543995859214,0.7573428555277055,
eeg-eye-state,RandomForest,Quantile Binning,2,1.046875,0.03125,2.363933563232422,26.263237953186035,0.47343926887746546,4018,4801,159,22,0.9991004521319068,0.9599320447846081,393,496,56,55,0.9544028209109732,0.7756213592553157,
eeg-eye-state,RandomForest,Quantile Binning,3,1.03125,0.015625,2.365340232849121,26.27437686920166,0.48117524785730426,4015,4813,148,24,0.9991086204008,0.9618531832065427,406,489,62,43,0.9593874672088407,0.7891976369011624,
eeg-eye-state,RandomForest,Quantile Binning,4,1.046875,0.015625,2.363224983215332,26.09310245513916,0.65,3867,4955,6,172,0.9991027064831858,0.960544505480552,310,534,17,139,0.948532532467795,0.6993242142142859,
eeg-eye-state,RandomForest,Quantile Binning,5,1.046875,0.015625,2.3617019653320312,25.977593421936035,0.47862593862093333,4022,4806,155,17,0.9991815587180403,0.9619538067749377,393,483,68,56,0.9366084745694202,0.7502306663012513,
eeg-eye-state,RandomForest,Quantile Binning,6,1.03125,0.015625,2.3603105545043945,26.121636390686035,0.47450003864020823,4023,4800,161,16,0.999146674090089,0.9608878771010617,391,478,73,58,0.9483890395676621,0.7363980140367695,
eeg-eye-state,RandomForest,Quantile Binning,7,1.03125,0.015625,2.366757392883301,25.994072914123535,0.64,3869,4954,7,170,0.9990637794305361,0.9607486497832466,304,539,12,145,0.9532091883960728,0.7010602081467062,
eeg-eye-state,RandomForest,Quantile Binning,8,1.0625,0.015625,2.363865852355957,26.06533145904541,0.6547666666666646,3866,4957,4,173,0.9990485080483428,0.9607920057030986,296,534,17,153,0.9412790674174107,0.6740273773626743,
eeg-eye-state,RandomForest,Quantile Binning,9,1.046875,0.015625,2.358920097351074,26.31679630279541,0.66,3868,4958,3,171,0.9991582274396894,0.9614614925151177,320,538,13,129,0.9623502924425725,0.7272723481547962,
eeg-eye-state,RandomForest,Quantile Binning,10,1.046875,0.03125,2.36557674407959,26.13948917388916,0.65,3872,4957,4,167,0.9991400614817861,0.9621021108868556,313,540,11,136,0.9508203347628729,0.7196680313973685,
eeg-eye-state,RandomForest,PCA,1,3.109375,0.09375,1.641709327697754,17.225671768188477,0.34,4040,4949,11,0,1.0,0.9975334085410019,413,420,132,35,0.9406136775362319,0.6818091859680299,
eeg-eye-state,RandomForest,PCA,2,3.234375,0.09375,1.3353023529052734,22.937562942504883,0.37,4040,4946,14,0,1.0,0.9968619700932727,362,350,202,86,0.8114486283643891,0.44334320944053923,
eeg-eye-state,RandomForest,PCA,3,3.265625,0.171875,1.3352584838867188,22.817018508911133,0.37,4039,4947,14,0,1.0,0.996861828317642,379,333,218,70,0.8218727642391441,0.45475439484119884,
eeg-eye-state,RandomForest,PCA,4,3.28125,0.109375,1.3352546691894531,22.834718704223633,0.38,4039,4948,13,0,1.0,0.9970855908629221,359,360,191,90,0.8110885654347835,0.4528196756647811,
eeg-eye-state,RandomForest,PCA,5,3.25,0.09375,1.3352546691894531,22.985170364379883,0.37,4039,4948,13,0,1.0,0.9970855908629221,371,352,199,78,0.8357551970703196,0.46729538024249934,
eeg-eye-state,RandomForest,PCA,6,3.265625,0.09375,1.3351268768310547,22.896974563598633,0.39,4039,4947,14,0,1.0,0.996861828317642,355,351,200,94,0.8199244944401554,0.42803642146713305,
eeg-eye-state,RandomForest,PCA,7,3.25,0.171875,1.3352546691894531,22.677248001098633,0.37,4039,4944,17,0,1.0,0.9961909016546897,359,338,213,90,0.7994737246310616,0.4151576317548979,
eeg-eye-state,RandomForest,PCA,8,3.328125,0.109375,1.3352184295654297,22.952058792114258,0.38,4039,4948,13,0,1.0,0.9970855908629221,357,354,197,92,0.8214726009401817,0.43784729491231705,
eeg-eye-state,RandomForest,PCA,9,3.25,0.09375,1.3353023529052734,22.901704788208008,0.37,4039,4945,16,0,1.0,0.9964144837546866,363,350,201,86,0.8133905149171985,0.4450185953316763,
eeg-eye-state,RandomForest,PCA,10,3.25,0.109375,1.3353023529052734,22.948854446411133,0.39,4039,4948,13,0,1.0,0.9970855908629221,379,369,182,70,0.8357976386323308,0.5149564174103356,
eeg-eye-state,RandomForest,Select Percentile (Mutual Info),1,2.453125,0.015625,4.895445823669434,18.37041664123535,0.35,4040,4948,12,0,1.0,0.9973095354945003,410,415,137,38,0.9351101513975155,0.6663236257186284,
eeg-eye-state,RandomForest,Select Percentile (Mutual Info),2,1.796875,0.015625,4.895384788513184,18.625696182250977,0.34,4040,4944,16,0,1.0,0.9964146453397824,413,430,122,35,0.9422230848861284,0.6987740477405893,
eeg-eye-state,RandomForest,Select Percentile (Mutual Info),3,1.796875,0.015625,4.895380973815918,18.63042640686035,0.3445000000000073,4039,4950,11,0,1.0,0.9975332966871368,421,419,132,28,0.944290397293441,0.6983684072559208,
eeg-eye-state,RandomForest,Select Percentile (Mutual Info),4,1.796875,0.015625,4.895604133605957,18.373926162719727,0.35,4039,4945,16,0,1.0,0.9964144837546866,411,434,117,38,0.9354888257430305,0.7004587624767984,
eeg-eye-state,RandomForest,Select Percentile (Mutual Info),5,1.828125,0.015625,4.895472526550293,18.484094619750977,0.35450000000000725,4039,4950,11,0,1.0,0.9975332966871368,406,429,122,43,0.9332717593846378,0.6803223047909515,
eeg-eye-state,RandomForest,Select Percentile (Mutual Info),6,1.8125,0.015625,4.895428657531738,19.2001895904541,0.36,4039,4945,16,0,1.0,0.9964144837546866,411,420,131,38,0.9175643393869821,0.6764745792593209,
eeg-eye-state,RandomForest,Select Percentile (Mutual Info),7,1.828125,0.015625,4.895581245422363,19.08269691467285,0.35450000000000725,4039,4950,11,0,1.0,0.9975332966871368,402,419,132,47,0.9294803131783071,0.6538517935729651,
eeg-eye-state,RandomForest,Select Percentile (Mutual Info),8,1.78125,0.015625,4.895424842834473,17.452600479125977,0.34,4039,4949,12,0,1.0,0.9973094136390062,417,441,110,32,0.9501291436101197,0.7263506201032739,
eeg-eye-state,RandomForest,Select Percentile (Mutual Info),9,1.8125,0.015625,4.895560264587402,18.861902236938477,0.35,4039,4949,12,0,1.0,0.9973094136390062,412,434,117,37,0.9390983795407419,0.7027581711703377,
eeg-eye-state,RandomForest,Select Percentile (Mutual Info),10,1.8125,0.015625,4.895424842834473,18.647363662719727,0.35,4039,4948,13,0,1.0,0.9970855908629221,414,414,137,35,0.9461537839684073,0.6734101592973294,
eeg-eye-state,RandomForest,Random Undersampling,1,1.65625,0.0,3.7049121856689453,13.547647476196289,0.64,4037,4942,18,3,0.9999600267486426,0.995291320859261,351,534,18,97,0.9697690217391304,0.7738333274914798,
eeg-eye-state,RandomForest,Random Undersampling,2,1.65625,0.015625,3.7048683166503906,13.577859878540039,0.6545000000000073,4040,4950,10,0,0.9998661320265091,0.9977573418730873,354,544,8,94,0.9737177309782609,0.8026565838220824,
eeg-eye-state,RandomForest,Random Undersampling,3,1.671875,0.015625,3.7039642333984375,13.581354141235352,0.66,4033,4941,20,6,0.9999473237127285,0.9941677329653803,362,539,12,87,0.9773867315550993,0.8063905309629192,
eeg-eye-state,RandomForest,Random Undersampling,4,1.6875,0.015625,3.704011917114258,13.555719375610352,0.66,4036,4946,15,3,0.9999036056382142,0.9959623057621706,335,542,9,114,0.975709279342277,0.7641048375965644,
eeg-eye-state,RandomForest,Random Undersampling,5,1.65625,0.015625,3.7040557861328125,13.476678848266602,0.66,4035,4942,19,4,0.9999195757110961,0.9948421023891907,351,537,14,98,0.9710588967619109,0.78140527584009,
eeg-eye-state,RandomForest,Random Undersampling,6,1.671875,0.015625,3.7040557861328125,13.534357070922852,0.66,4033,4942,19,6,0.999868895682935,0.9943914353791617,344,541,10,105,0.9744764530171909,0.778003618687277,
eeg-eye-state,RandomForest,Random Undersampling,7,1.671875,0.015625,3.704011917114258,13.671533584594727,0.66,4033,4942,19,6,0.9998968433104783,0.9943914353791617,330,542,9,119,0.9787974082352799,0.7551015094393075,
eeg-eye-state,RandomForest,Random Undersampling,8,1.671875,0.015625,3.704011917114258,13.587610244750977,0.6445000000000073,4036,4947,14,3,0.9997553833992789,0.996186158606126,344,541,10,105,0.974949373279601,0.778003618687277,
eeg-eye-state,RandomForest,Random Undersampling,9,1.671875,0.015625,3.7040557861328125,13.621637344360352,0.65,4037,4947,14,2,0.9999031065734367,0.9964113417211158,353,542,9,96,0.9811458413332309,0.7967915979989426,
eeg-eye-state,RandomForest,Random Undersampling,10,1.6875,0.015625,3.7040557861328125,13.708002090454102,0.6345000000000073,4036,4947,14,3,0.99998220834068,0.996186158606126,361,544,7,88,0.9824635507823395,0.81613177265642,
eeg-eye-state,RandomForest,SMOTE / SMOTENC,1,2.140625,0.015625,3.9319963455200195,15.86620044708252,0.34,4040,4948,12,0,1.0,0.9973095354945003,438,429,123,10,0.9730646674430642,0.756409446448506,
eeg-eye-state,RandomForest,SMOTE / SMOTENC,2,2.140625,0.015625,3.9317331314086914,15.994832038879395,0.30450000000000726,4040,4950,10,0,1.0,0.9977573418730873,436,421,131,12,0.9748499773550725,0.7385657825322752,
eeg-eye-state,RandomForest,SMOTE / SMOTENC,3,2.15625,0.015625,3.9320077896118164,15.8657808303833,0.31,4039,4947,14,0,1.0,0.996861828317642,445,418,133,4,0.9827343683685059,0.7550457887748029,
eeg-eye-state,RandomForest,SMOTE / SMOTENC,4,2.15625,0.015625,3.932095527648926,15.886380195617676,0.32,4039,4947,14,0,1.0,0.996861828317642,438,435,116,11,0.9777586004793876,0.7654622642242841,
eeg-eye-state,RandomForest,SMOTE / SMOTENC,5,2.21875,0.015625,3.9321393966674805,15.813443183898926,0.33,4039,4949,12,0,1.0,0.9973094136390062,434,428,123,15,0.9690459541065243,0.7443373798452058,
eeg-eye-state,RandomForest,SMOTE / SMOTENC,6,2.15625,0.015625,3.9321794509887695,15.8523530960083,0.31,4039,4949,12,0,1.0,0.9973094136390062,437,419,132,12,0.9763661130400688,0.7369335894414748,
eeg-eye-state,RandomForest,SMOTE / SMOTENC,7,2.140625,0.015625,3.932314872741699,15.935818672180176,0.31,4039,4943,18,0,0.9999999999999999,0.9959673796208538,443,433,118,6,0.9786114737731357,0.7742353996719925,
eeg-eye-state,RandomForest,SMOTE / SMOTENC,8,2.140625,0.015625,3.9319639205932617,15.871121406555176,0.3,4039,4947,14,0,1.0,0.996861828317642,441,426,125,8,0.9778091261484485,0.7580157666948069,
eeg-eye-state,RandomForest,SMOTE / SMOTENC,9,2.15625,0.015625,3.932183265686035,15.901333808898926,0.3145000000000073,4039,4950,11,0,1.0,0.9975332966871368,442,444,107,7,0.9833002558619881,0.7898982054780207,
eeg-eye-state,RandomForest,SMOTE / SMOTENC,10,2.140625,0.015625,3.932095527648926,15.887295722961426,0.31,4039,4946,15,0,1.0,0.9966381259619559,443,417,134,6,0.9845815868293727,0.7484941786661159,
eeg-eye-state,MLP,Baseline,1,5.265625,0.0,1.9437437057495117,0.05745983123779297,1.0,3795,429,4531,245,0.5125287198578728,0.04884459914974562,413,42,510,35,0.4992701054606625,-0.0038016819207363365,
eeg-eye-state,MLP,Baseline,2,4.390625,0.0,1.947657585144043,0.057374000549316406,0.8445037053885225,2935,1955,3005,1105,0.557376686761418,0.12666687647100477,328,206,346,120,0.5441656961697723,0.11174473991777881,
eeg-eye-state,MLP,Baseline,3,3.0,0.015625,1.947657585144043,0.057227134704589844,1.4844074697810965e-17,2997,1838,3123,1042,0.5528522325587965,0.11995602581351562,319,199,352,130,0.5355397556174439,0.07582807772844513,
eeg-eye-state,MLP,Baseline,4,3.796875,0.0,1.947657585144043,0.057312965393066406,6.7021392124895e-15,3228,1529,3432,811,0.5556517364285198,0.12179463295750172,347,176,375,102,0.5351355502649566,0.10241503891615346,
eeg-eye-state,MLP,Baseline,5,3.96875,0.0,1.947657585144043,0.057312965393066406,1.2750770170157061e-06,2951,1882,3079,1088,0.5526266303261005,0.11633748471008674,334,227,324,115,0.5636623430167462,0.16341410106011867,
eeg-eye-state,MLP,Baseline,6,2.953125,0.0,1.9476099014282227,0.05724811553955078,0.999999373182017,2912,1933,3028,1127,0.5509828107617729,0.11613440754506246,336,213,338,113,0.5720172676526583,0.14314314121191352,
eeg-eye-state,MLP,Baseline,7,2.890625,0.0,1.947657585144043,0.057227134704589844,3.459878425286502e-13,3285,1406,3555,754,0.5470106793374555,0.11264997130793247,371,164,387,78,0.5906248610544101,0.14391384089100392,
eeg-eye-state,MLP,Baseline,8,5.53125,0.0,1.9476099014282227,0.05752277374267578,0.007011811938828725,2916,2027,2934,1123,0.5614793158360889,0.1361313297200394,308,230,321,141,0.5536905969708851,0.10645653206484236,
eeg-eye-state,MLP,Baseline,9,3.65625,0.0,1.9476099014282227,0.05729198455810547,1.0,3662,618,4343,377,0.5150580320009319,0.04953649564711508,415,66,485,34,0.5211055824801232,0.07304765410258145,
eeg-eye-state,MLP,Baseline,10,4.40625,0.0,1.947657585144043,0.057374000549316406,0.9998769379614917,2948,1969,2992,1091,0.560106213960349,0.13311174317253852,325,202,349,124,0.5409844017154475,0.09596346381840214,
eeg-eye-state,MLP,Standard Scaler,1,43.859375,0.0,2.080929756164551,0.06093597412109375,0.4372153298699192,3859,4769,191,181,0.9926661310284254,0.9164818788312201,419,522,30,29,0.9855193775879917,0.8807366345807723,
eeg-eye-state,MLP,Standard Scaler,2,43.28125,0.0,2.0807485580444336,0.06093597412109375,0.46342397594904056,3815,4725,235,225,0.9894493073299265,0.8967243077050203,416,512,40,32,0.9798015333850932,0.8547813890774626,
eeg-eye-state,MLP,Standard Scaler,3,43.734375,0.0,2.0807485580444336,0.06093597412109375,0.49927861714005733,3772,4773,188,267,0.9896474501607712,0.8977722476083551,412,525,26,37,0.9854849857921819,0.8726025788844536,
eeg-eye-state,MLP,Standard Scaler,4,43.359375,0.0,2.0807485580444336,0.06093597412109375,0.47754579125234176,3810,4721,240,229,0.9889438187308892,0.8947017565033134,415,516,35,34,0.9796401763952158,0.8605796513415005,
eeg-eye-state,MLP,Standard Scaler,5,43.828125,0.0,2.0807485580444336,0.06093597412109375,0.4449038688661945,3819,4730,231,220,0.9894828086906541,0.8987431707463458,407,514,37,42,0.9776676542750778,0.8402171380067815,
eeg-eye-state,MLP,Standard Scaler,6,43.03125,0.0,2.0807485580444336,0.06093597412109375,0.4318437389611136,3825,4736,225,214,0.9904117179611268,0.9014374469083674,411,513,38,38,0.981636950836503,0.8464019660548345,
eeg-eye-state,MLP,Standard Scaler,7,43.8125,0.0,2.0807485580444336,0.06093597412109375,0.4546651893492345,3824,4735,226,215,0.9903534271951078,0.9009884008813638,411,513,38,38,0.981794590923973,0.8464019660548345,
eeg-eye-state,MLP,Standard Scaler,8,43.90625,0.0,2.0807485580444336,0.06093597412109375,0.4853400161847498,3775,4776,185,264,0.9897254040790262,0.8991223893454492,407,514,37,42,0.9785609481040748,0.8402171380067815,
eeg-eye-state,MLP,Standard Scaler,9,44.375,0.0,2.0807485580444336,0.06093597412109375,0.3756512385363498,3860,4681,280,179,0.9892139624949824,0.897386956767609,421,509,42,28,0.984688701247782,0.8592772910352271,
eeg-eye-state,MLP,Standard Scaler,10,43.578125,0.0,2.0807485580444336,0.06093597412109375,0.47719285587226956,3822,4733,228,217,0.9897155725029083,0.9000903088273566,410,518,33,39,0.9800645920153275,0.8543688414452089,
eeg-eye-state,MLP,MinMax Scaler,1,41.890625,0.0,1.9596405029296875,0.06180000305175781,0.47672457017838366,3364,4274,686,676,0.9255569306930693,0.694209203661473,376,455,97,72,0.9134599831780539,0.6609271173119086,
eeg-eye-state,MLP,MinMax Scaler,2,39.296875,0.0,1.9594898223876953,0.061634063720703125,0.3945760174405955,3666,1246,3714,374,0.6391086613701693,0.2053742523183336,414,153,399,34,0.651757408126294,0.2567115280642109,
eeg-eye-state,MLP,MinMax Scaler,3,32.984375,0.0,1.959442138671875,0.06098365783691406,0.3963775852178315,3597,1358,3603,442,0.6321893587511682,0.20429708487579412,404,146,405,45,0.6364819582940916,0.2084652188301142,
eeg-eye-state,MLP,MinMax Scaler,4,28.28125,0.0,1.9592704772949219,0.06043815612792969,0.314779468393459,3671,1252,3709,368,0.6311318404875184,0.2087631896528546,403,139,412,46,0.6241860314714287,0.1919112198482463,
eeg-eye-state,MLP,MinMax Scaler,5,39.453125,0.0,1.9594459533691406,0.061634063720703125,0.40352306177589364,3744,1145,3816,295,0.6409693554763052,0.21403401285949988,415,128,423,34,0.6419387305526699,0.21137747624319736,
eeg-eye-state,MLP,MinMax Scaler,6,41.203125,0.0,1.9594898223876953,0.06180000305175781,0.3460510256848776,3654,1325,3636,385,0.6439783667396483,0.21776515589451265,402,142,409,47,0.6385555317523515,0.194424853963823,
eeg-eye-state,MLP,MinMax Scaler,7,36.515625,0.0,1.959402084350586,0.06134033203125,0.3507445500385948,3386,1687,3274,653,0.6379388345210493,0.20226444983165606,361,200,351,88,0.6153541445195818,0.18341760148299618,
eeg-eye-state,MLP,MinMax Scaler,8,32.0,0.0,1.95953369140625,0.060794830322265625,0.4250814491175494,3736,1137,3824,303,0.6358776470832483,0.20915907804889744,417,140,411,32,0.6614012182749324,0.2409511601539095,
eeg-eye-state,MLP,MinMax Scaler,9,37.59375,0.0625,1.95953369140625,0.06136131286621094,0.3205384725045689,3750,1151,3810,289,0.6429366189229694,0.2176902139674517,408,113,438,41,0.6296589719441065,0.15677332575416586,
eeg-eye-state,MLP,MinMax Scaler,10,41.640625,0.0,1.9594898223876953,0.061779022216796875,0.35388768962786304,3654,1325,3636,385,0.6425998999175495,0.21776515589451265,407,142,409,42,0.6760334520349718,0.21073864804482703,
eeg-eye-state,MLP,IQR Capping,1,4.125,0.015625,4.022721290588379,0.057720184326171875,8.810801868309566e-15,3230,1530,3430,810,0.552561681571383,0.12243354055484645,341,157,395,107,0.5336034549689441,0.05142230780397468,
eeg-eye-state,MLP,IQR Capping,2,3.9375,0.0,4.022495269775391,0.057720184326171875,5.120906485116963e-14,2989,1829,3131,1051,0.550512391208879,0.11579647263368185,334,191,361,114,0.5377523291925466,0.09888389270117848,
eeg-eye-state,MLP,IQR Capping,3,3.640625,0.015625,4.022495269775391,0.05767631530761719,1.8109285777366566e-12,2991,1832,3129,1048,0.5504930036358366,0.11708259817505709,318,198,353,131,0.5298930068431966,0.07154908231461718,
eeg-eye-state,MLP,IQR Capping,4,4.5,0.015625,4.022495269775391,0.05778312683105469,0.9986777161967456,3075,1736,3225,964,0.5544515105917267,0.12075213525862229,330,194,357,119,0.5325284257414137,0.09337609351588426,
eeg-eye-state,MLP,IQR Capping,5,5.34375,0.015625,4.02235221862793,0.057888031005859375,0.9946656017170264,3113,1684,3277,926,0.5540855463903419,0.12077179997901191,349,195,356,100,0.5644141649723726,0.14307938905474943,
eeg-eye-state,MLP,IQR Capping,6,4.9375,0.015625,4.02244758605957,0.0578460693359375,9.041163247806675e-13,2953,1884,3077,1086,0.5510160983824363,0.11728768264948387,342,210,341,107,0.5735512269653475,0.15266573063719208,
eeg-eye-state,MLP,IQR Capping,7,4.3125,0.09375,4.022495269775391,0.057720184326171875,0.0012261643092511233,2979,1820,3141,1060,0.5454279453019015,0.11133574289814002,340,221,330,109,0.5909906668984111,0.1674789503426072,
eeg-eye-state,MLP,IQR Capping,8,4.40625,0.09375,4.02239990234375,0.05774116516113281,1.0,4039,0,4961,0,0.5,0.0,449,0,551,0,0.5,0.0,
eeg-eye-state,MLP,IQR Capping,9,3.1875,0.015625,4.02239990234375,0.057636260986328125,5.324712312608241e-19,3192,1493,3468,847,0.5449068967208899,0.10345973797351718,374,165,386,75,0.565800589331404,0.1542170907882891,
eeg-eye-state,MLP,IQR Capping,10,4.09375,0.015625,4.02235221862793,0.057720184326171875,0.6116227030780222,2958,1889,3072,1081,0.552190797055857,0.11966317749797668,326,195,356,123,0.5324475846709162,0.08540149636868022,
eeg-eye-state,MLP,IQR Removal,1,5.8125,0.015625,3.0417909622192383,0.05763721466064453,1.0,3795,429,4531,245,0.5125287198578728,0.04884459914974562,413,42,510,35,0.4992701054606625,-0.0038016819207363365,
eeg-eye-state,MLP,IQR Removal,2,4.6875,0.0,3.042257308959961,0.05755138397216797,0.8445037053885225,2935,1955,3005,1105,0.557376686761418,0.12666687647100477,328,206,346,120,0.5441656961697723,0.11174473991777881,
eeg-eye-state,MLP,IQR Removal,3,3.375,0.0,3.042304039001465,0.057404518127441406,1.4844074697810965e-17,2997,1838,3123,1042,0.5528522325587965,0.11995602581351562,319,199,352,130,0.5355397556174439,0.07582807772844513,
eeg-eye-state,MLP,IQR Removal,4,3.96875,0.0,3.042304039001465,0.05749034881591797,6.7021392124895e-15,3228,1529,3432,811,0.5556517364285198,0.12179463295750172,347,176,375,102,0.5351355502649566,0.10241503891615346,
eeg-eye-state,MLP,IQR Removal,5,4.09375,0.0,3.042304039001465,0.05749034881591797,1.2750770170157061e-06,2951,1882,3079,1088,0.5526266303261005,0.11633748471008674,334,227,324,115,0.5636623430167462,0.16341410106011867,
eeg-eye-state,MLP,IQR Removal,6,3.46875,0.0,3.0422563552856445,0.057425498962402344,0.999999373182017,2912,1933,3028,1127,0.5509828107617729,0.11613440754506246,336,213,338,113,0.5720172676526583,0.14314314121191352,
eeg-eye-state,MLP,IQR Removal,7,3.375,0.0,3.042257308959961,0.057404518127441406,3.459878425286502e-13,3285,1406,3555,754,0.5470106793374555,0.11264997130793247,371,164,387,78,0.5906248610544101,0.14391384089100392,
eeg-eye-state,MLP,IQR Removal,8,5.890625,0.0,3.042208671569824,0.057700157165527344,0.007011811938828725,2916,2027,2934,1123,0.5614793158360889,0.1361313297200394,308,230,321,141,0.5536905969708851,0.10645653206484236,
eeg-eye-state,MLP,IQR Removal,9,3.8125,0.0625,3.0422563552856445,0.05746936798095703,1.0,3662,618,4343,377,0.5150580320009319,0.04953649564711508,415,66,485,34,0.5211055824801232,0.07304765410258145,
eeg-eye-state,MLP,IQR Removal,10,4.59375,0.0,3.0422096252441406,0.05755138397216797,0.9998769379614917,2948,1969,2992,1091,0.560106213960349,0.13311174317253852,325,202,349,124,0.5409844017154475,0.09596346381840214,
eeg-eye-state,MLP,Yeo-Johnson,1,5.0,0.0,2.919276237487793,0.0573883056640625,0.46513338427513684,1905,3517,1443,2135,0.5830771169354839,0.18585440600755734,205,389,163,243,0.5680581165890269,0.1673566961396444,
eeg-eye-state,MLP,Yeo-Johnson,2,4.609375,0.0,2.919100761413574,0.05736732482910156,0.0,4040,0,4960,0,0.4996975806451613,0.0,448,0,552,0,0.5,0.0,
eeg-eye-state,MLP,Yeo-Johnson,3,8.09375,0.0,2.9191484451293945,0.0577239990234375,0.0,4039,0,4961,0,0.49118362145257893,0.0,449,0,551,0,0.491913871923492,0.0,
eeg-eye-state,MLP,Yeo-Johnson,4,3.796875,0.015625,2.919100761413574,0.05728340148925781,0.0,4039,0,4961,0,0.5,0.0,449,0,551,0,0.5,0.0,
eeg-eye-state,MLP,Yeo-Johnson,5,3.765625,0.0,2.9191484451293945,0.05730247497558594,0.0,4039,0,4961,0,0.4946905995509715,0.0,449,0,551,0,0.5110913948722509,0.0,
eeg-eye-state,MLP,Yeo-Johnson,6,3.59375,0.0,2.919060707092285,0.05728340148925781,1.0,4039,0,4961,0,0.5,0.0,449,0,551,0,0.5,0.0,
eeg-eye-state,MLP,Yeo-Johnson,7,3.953125,0.0,2.9191484451293945,0.05728340148925781,1.0,4039,1,4960,0,0.5001007861318283,0.009511635238039247,449,0,551,0,0.5,0.0,
eeg-eye-state,MLP,Yeo-Johnson,8,4.78125,0.0,2.9191484451293945,0.0573883056640625,0.0,4039,0,4961,0,0.49858899415440433,0.0,449,0,551,0,0.4954627949183303,0.0,
eeg-eye-state,MLP,Yeo-Johnson,9,3.859375,0.0,2.9191484451293945,0.05728340148925781,1.0,3988,297,4664,51,0.5236200372312305,0.1218664713368892,444,27,524,5,0.5189329787105041,0.10701268092675922,
eeg-eye-state,MLP,Yeo-Johnson,10,3.953125,0.0,2.9191484451293945,0.05730247497558594,0.0,4039,0,4961,0,0.49889135254988914,0.0,449,0,551,0,0.49909255898366606,0.0,
eeg-eye-state,MLP,Quantile Transform,1,44.46875,0.015625,2.6621341705322266,0.17568588256835938,0.4779083987910191,3861,4771,189,179,0.9928581124241456,0.9173799502460473,418,527,25,30,0.9827332427536232,0.8887257025233924,
eeg-eye-state,MLP,Quantile Transform,2,43.34375,0.0,2.6632070541381836,0.17568588256835938,0.4522799546819192,3874,4784,176,166,0.9932771079527307,0.9232174144424246,419,512,40,29,0.9850179541925466,0.8610250074373562,
eeg-eye-state,MLP,Quantile Transform,3,44.171875,0.015625,2.663331985473633,0.17568588256835938,0.4385286339270656,3877,4788,173,162,0.9930639478149921,0.9247878403125543,426,515,36,23,0.9869967138104843,0.8813807492292433,
eeg-eye-state,MLP,Quantile Transform,4,44.359375,0.0,2.6656265258789062,0.17568588256835938,0.48792282556012095,3862,4773,188,177,0.9929016519493296,0.9180521499075004,422,524,27,27,0.9850282337438713,0.8908645548284351,
eeg-eye-state,MLP,Quantile Transform,5,44.25,0.0,2.6624622344970703,0.17568588256835938,0.41944955216526897,3864,4775,186,175,0.9925676778001862,0.9189502419615077,415,517,34,34,0.9819198945832441,0.8625701801543256,
eeg-eye-state,MLP,Quantile Transform,6,44.5,0.015625,2.6633214950561523,0.17568588256835938,0.4127926899869264,3877,4788,173,162,0.993399618784379,0.9247878403125543,410,512,39,39,0.9802990311197701,0.8423599125299617,
eeg-eye-state,MLP,Quantile Transform,7,44.59375,0.015625,2.662965774536133,0.17568588256835938,0.4687824379437056,3863,4774,187,176,0.9923318696927892,0.918501195934504,407,521,30,42,0.9810548951289214,0.854377764212744,
eeg-eye-state,MLP,Quantile Transform,8,44.890625,0.0,2.6628026962280273,0.17568588256835938,0.43470500388976846,3882,4793,168,157,0.9935664561395172,0.9270330704475723,418,506,45,31,0.9779627241823937,0.8471812111475353,
eeg-eye-state,MLP,Quantile Transform,9,44.96875,0.015625,2.66403865814209,0.17568588256835938,0.3991956773754872,3856,4767,194,183,0.9925304974742579,0.9153578737454788,420,522,29,29,0.9874655920193696,0.8827804477786895,
eeg-eye-state,MLP,Quantile Transform,10,44.1875,0.0,2.66361141204834,0.17568588256835938,0.47845473681192796,3876,4787,174,163,0.9934811659690322,0.9243387942855508,414,515,36,35,0.9834882113508946,0.8565384226430197,
eeg-eye-state,MLP,Uniform Binning,1,42.421875,0.0,2.0307321548461914,0.06240272521972656,0.4540478978369523,3124,4034,926,916,0.8808010120568509,0.5864406338822016,326,444,108,122,0.8362508896221532,0.5338123862918714,
eeg-eye-state,MLP,Uniform Binning,2,7.3125,0.0,2.0307321548461914,0.05892181396484375,0.534037019627118,1532,3693,1267,2508,0.5656084817151069,0.13298260919711166,174,417,135,274,0.5735030085403727,0.15478634172423167,
eeg-eye-state,MLP,Uniform Binning,3,7.296875,0.0,2.0307321548461914,0.058940887451171875,0.5242138527839767,1543,3698,1263,2496,0.5674532210364387,0.13683465868558028,163,412,139,286,0.556964660326032,0.11999194948169002,
eeg-eye-state,MLP,Uniform Binning,4,4.859375,0.09375,2.0307321548461914,0.05871009826660156,0.4918568899739687,1531,3698,1263,2508,0.5656998318001979,0.13380173443266133,175,410,141,274,0.569052421392164,0.14320801064044464,
eeg-eye-state,MLP,Uniform Binning,5,4.96875,0.0,2.0307321548461914,0.05871009826660156,0.5245496181152366,1539,3713,1248,2500,0.5683435276463671,0.13927740491902213,167,397,154,282,0.548735039349391,0.09849150656124134,
eeg-eye-state,MLP,Uniform Binning,6,5.90625,0.0,2.0307321548461914,0.058773040771484375,0.5563832176137742,1372,3934,1027,2667,0.5692129733485934,0.1492399754986908,163,426,125,286,0.5706106330260025,0.14956845852922093,
eeg-eye-state,MLP,Uniform Binning,7,5.984375,0.0625,2.0307321548461914,0.05881500244140625,0.5491692642971427,1543,3685,1276,2496,0.5656067312659442,0.1338521917905641,163,425,126,286,0.5732319047368825,0.14742300446445009,
eeg-eye-state,MLP,Uniform Binning,8,7.953125,0.0,2.0307321548461914,0.05898475646972656,0.5434518974502919,1496,3710,1251,2543,0.562108287175248,0.12768667965816372,175,418,133,274,0.5787493077983339,0.1598576217772671,
eeg-eye-state,MLP,Uniform Binning,9,7.6875,0.046875,2.0307321548461914,0.05898475646972656,0.5126676210749048,1527,3697,1264,2512,0.5649418771692786,0.13255960892469057,179,413,138,270,0.5794829405130983,0.1584296364665871,
eeg-eye-state,MLP,Uniform Binning,10,4.5,0.0,2.0307321548461914,0.05864715576171875,0.5065983056300869,1548,3694,1267,2491,0.5674283925637551,0.1371781613901256,158,416,135,291,0.5570353962627173,0.11680683004002856,
eeg-eye-state,MLP,Quantile Binning,1,43.390625,0.0,2.031344413757324,0.062419891357421875,0.6074062106297239,3345,4705,255,695,0.9648268823858193,0.7884203976460519,363,502,50,85,0.9421583850931677,0.7268734726130418,
eeg-eye-state,MLP,Quantile Binning,2,44.0625,0.0,2.0314722061157227,0.062419891357421875,0.4097769873135401,3506,4596,364,534,0.9681680922628552,0.798133524519767,380,505,47,68,0.9503570619824017,0.767151805929558,
eeg-eye-state,MLP,Quantile Binning,3,42.984375,0.0,2.031388282775879,0.062419891357421875,0.43423431312116223,3626,4447,514,413,0.9651256028764896,0.7925007156541457,400,467,84,49,0.9480171706433737,0.7349435971571835,
eeg-eye-state,MLP,Quantile Binning,4,44.171875,0.0,2.0313844680786133,0.062419891357421875,0.49245592793708115,3456,4637,324,583,0.9660922663973848,0.7964503500494264,359,506,45,90,0.9486457099664914,0.7276791986124878,
eeg-eye-state,MLP,Quantile Binning,5,43.078125,0.0,2.0313425064086914,0.062419891357421875,0.4745622012353733,3626,4447,514,413,0.9660171571483618,0.7925007156541457,383,459,92,66,0.9282697181476076,0.6833141134370323,
eeg-eye-state,MLP,Quantile Binning,6,43.5,0.0,2.0314722061157227,0.062419891357421875,0.3834395536316592,3503,4594,367,536,0.9666987299150757,0.7969921822597765,376,495,56,73,0.9402948273841042,0.7388099395173405,
eeg-eye-state,MLP,Quantile Binning,7,34.59375,0.0,2.0312204360961914,0.06155967712402344,0.5364452055319873,3380,4651,310,659,0.9621434163449405,0.783069495440269,347,506,45,102,0.9383991042809389,0.7041772643545414,
eeg-eye-state,MLP,Quantile Binning,8,42.484375,0.0,2.0314722061157227,0.062419891357421875,0.5145848872863681,3452,4633,328,587,0.9668286364766746,0.7946398447129346,353,496,55,96,0.93081823289504,0.6946535220908804,
eeg-eye-state,MLP,Quantile Binning,9,42.734375,0.0,2.0314722061157227,0.062419891357421875,0.4791999615550766,3407,4678,283,632,0.9658535387610389,0.7953332737112113,367,507,44,82,0.9557698293040797,0.7455770348499728,
eeg-eye-state,MLP,Quantile Binning,10,42.703125,0.0,2.0314722061157227,0.062419891357421875,0.45593007390817564,3517,4608,353,522,0.9685567730351708,0.8033095308223289,365,486,65,84,0.9356161504290641,0.6982019181810455,
eeg-eye-state,MLP,PCA,1,43.203125,0.0,1.545431137084961,0.040607452392578125,0.46767684303451457,3483,4393,567,557,0.9484079567230919,0.747644452843695,362,467,85,86,0.9107021545031057,0.6541891036424534,
eeg-eye-state,MLP,PCA,2,27.265625,0.015625,1.3388652801513672,0.029796600341796875,0.5062141358276873,2248,4328,632,1792,0.7935777806611306,0.4574391673271005,246,472,80,202,0.7821396221532091,0.42878955176066597,
eeg-eye-state,MLP,PCA,3,21.578125,0.0,1.339040756225586,0.02928924560546875,0.5223010347105548,2438,4069,892,1601,0.7789461438736879,0.43659770405748577,279,436,115,170,0.7728648862768241,0.4200653184738055,
eeg-eye-state,MLP,PCA,4,23.875,0.0,1.3389530181884766,0.029541015625,0.4835520722553633,2318,4219,742,1721,0.7856054646395387,0.4455324461306031,238,472,79,211,0.76441699440984,0.41335500673218395,
eeg-eye-state,MLP,PCA,5,29.234375,0.0,1.339040756225586,0.029941558837890625,0.5364968500614358,2366,4177,784,1673,0.7902366859623409,0.44605082352960446,270,475,76,179,0.7940897093359309,0.484543769202879,
eeg-eye-state,MLP,PCA,6,29.046875,0.0,1.339040756225586,0.029941558837890625,0.5543051136646383,2185,4356,605,1854,0.7905466550956834,0.45062244119158557,241,479,72,208,0.7845181265890323,0.4355686717224442,
eeg-eye-state,MLP,PCA,7,32.859375,0.0,1.3389091491699219,0.030320167541503906,0.587473835474584,2159,4330,631,1880,0.7915587584645754,0.4380636911824944,232,472,79,217,0.7541178420284641,0.4011435845982201,
eeg-eye-state,MLP,PCA,8,29.046875,0.0,1.339040756225586,0.029941558837890625,0.5670774247199103,2233,4314,647,1806,0.7903694371931718,0.4504193604205035,237,467,84,212,0.7632124624594279,0.3999389928664704,
eeg-eye-state,MLP,PCA,9,20.84375,0.0,1.339040756225586,0.02930736541748047,0.5833028257811408,1858,4479,482,2181,0.7662081143041997,0.41144522949338186,193,477,74,256,0.7407143925399859,0.33228579510018774,
eeg-eye-state,MLP,PCA,10,35.65625,0.0,1.3389930725097656,0.030519485473632812,0.523436427434713,2345,4246,715,1694,0.7978673864112347,0.4582654478512101,257,465,86,192,0.7786814012991161,0.43619330336898804,
eeg-eye-state,MLP,Select Percentile (Mutual Info),1,8.015625,0.015625,4.8995256423950195,0.036667823791503906,0.00010611240377413219,1668,3658,1302,2372,0.5628329108112424,0.1590594796027783,165,412,140,283,0.5186294966356109,0.12386692566278364,
eeg-eye-state,MLP,Select Percentile (Mutual Info),2,7.375,0.0,4.8995866775512695,0.036604881286621094,1.8767004900330747e-09,1565,3735,1225,2475,0.5478560164484191,0.15099134738383932,185,420,132,263,0.5664911684782609,0.1857626076003644,
eeg-eye-state,MLP,Select Percentile (Mutual Info),3,9.765625,0.015625,4.899407386779785,0.03687572479248047,5.398839771426503e-11,3173,1924,3037,866,0.6148652233147693,0.18649260734653855,344,192,359,105,0.6079288921943904,0.12475103596066262,
eeg-eye-state,MLP,Select Percentile (Mutual Info),4,5.96875,0.015625,4.89949893951416,0.036437034606933594,0.9999999999580238,2048,3499,1462,1991,0.6324759217464433,0.21654567846345318,221,397,154,228,0.621269689853233,0.21854329987471985,
eeg-eye-state,MLP,Select Percentile (Mutual Info),5,6.46875,0.0,4.8995866775512695,0.036499977111816406,2.886255272194049e-08,1336,3957,1004,2703,0.548971554754967,0.1455892522256061,140,438,113,309,0.54710002869858,0.12210508331558219,
eeg-eye-state,MLP,Select Percentile (Mutual Info),6,4.0,0.0,4.8995866775512695,0.036246299743652344,2.028048500158137e-20,2753,2584,2377,1286,0.6275815934729114,0.2034050865386951,314,278,273,135,0.631995278881483,0.20594734634353715,
eeg-eye-state,MLP,Select Percentile (Mutual Info),7,7.09375,0.0,4.899367332458496,0.03656291961669922,7.415470033015622e-05,2223,3404,1557,1816,0.6403127858549471,0.23836208007582826,268,381,170,181,0.6638304924433809,0.2890791349992066,
eeg-eye-state,MLP,Select Percentile (Mutual Info),8,5.671875,0.0,4.899542808532715,0.036414146423339844,1.413824046660755e-25,2248,3159,1802,1791,0.6295908282673683,0.1932918623236976,260,362,189,189,0.6524036071285655,0.23605188379904526,
eeg-eye-state,MLP,Select Percentile (Mutual Info),9,4.421875,0.0,4.899542808532715,0.036269187927246094,2.55022778739113e-25,2325,3056,1905,1714,0.6171424059882982,0.19097815964917356,271,323,228,178,0.6248246759283587,0.18878098191805312,
eeg-eye-state,MLP,Select Percentile (Mutual Info),10,7.171875,0.0,4.8995866775512695,0.036583900451660156,2.5529191705789356e-06,1627,3798,1163,2412,0.6077588403211801,0.18109234484262934,195,420,131,254,0.607403425236157,0.20855990844880765,
eeg-eye-state,MLP,Random Undersampling,1,3.65625,0.0,3.70806884765625,0.11934661865234375,2.8936907628624176e-25,3241,1541,3419,799,0.5562148175503034,0.1280357408298186,344,157,395,104,0.5371821622670808,0.05919435935953695,
eeg-eye-state,MLP,Random Undersampling,2,5.4375,0.0,3.7080211639404297,0.11951446533203125,0.9999999999999555,2928,1948,3012,1112,0.5570056741057171,0.12336580374093392,328,209,343,120,0.5484621667960663,0.11723464915560075,
eeg-eye-state,MLP,Random Undersampling,3,3.75,0.0,3.707124710083008,0.11933135986328125,0.9999999999999567,2956,1885,3076,1083,0.5543364512072602,0.11830678101494836,311,204,347,138,0.5320777367733903,0.06593694134273889,
eeg-eye-state,MLP,Random Undersampling,4,4.765625,0.046875,3.7070817947387695,0.11943626403808594,0.9999999771328887,2983,1914,3047,1056,0.5609772566698634,0.13154065174044072,323,217,334,126,0.5404589347572141,0.11861452571976007,
eeg-eye-state,MLP,Random Undersampling,5,4.5,0.046875,3.707124710083008,0.119415283203125,1.1446654486120176e-08,2967,1898,3063,1072,0.5560206201588533,0.12393906822526374,334,229,322,115,0.5675811139091104,0.16698710825178376,
eeg-eye-state,MLP,Random Undersampling,6,6.9375,0.0,3.707080841064453,0.11966514587402344,4.2131278615379565e-09,3068,1819,3142,971,0.5597932254851021,0.13577457846367044,351,209,342,98,0.5809704162102515,0.1736669817207071,
eeg-eye-state,MLP,Random Undersampling,7,2.890625,0.0,3.707124710083008,0.11922645568847656,1.5064774692983925e-20,3206,1417,3544,833,0.5346232427742034,0.09118790672719602,366,172,379,83,0.5799134192134973,0.145276181506102,
eeg-eye-state,MLP,Random Undersampling,8,3.546875,0.0,3.7071685791015625,0.11931037902832031,0.000778677387102146,2924,1945,3016,1115,0.5536873925108043,0.12179351942088781,310,217,334,139,0.5432641199034758,0.08752138102501612,
eeg-eye-state,MLP,Random Undersampling,9,5.265625,0.015625,3.707124710083008,0.11947822570800781,1.0,3975,65,4896,64,0.49859490807201845,-0.011479293274675966,441,7,544,8,0.49735649699473317,-0.02092318575944316,
eeg-eye-state,MLP,Random Undersampling,10,3.375,0.0,3.7071685791015625,0.1192474365234375,0.9570115391677095,2886,1997,2964,1153,0.5544638624449713,0.12208027211948486,320,202,349,129,0.5352426646833657,0.08382061471347509,
eeg-eye-state,MLP,SMOTE / SMOTENC,1,8.125,0.0,3.9360227584838867,0.5831394195556641,0.9996919080633576,3242,1632,3328,798,0.5669548466943469,0.14733171337310047,343,160,392,105,0.5431001714544513,0.06251424047046208,
eeg-eye-state,MLP,SMOTE / SMOTENC,2,4.125,0.0,3.9357595443725586,0.5828332901000977,8.090515252884092e-13,2998,1838,3122,1042,0.5543342033296071,0.12010651503940202,333,195,357,115,0.5407891757246377,0.10382940955078973,
eeg-eye-state,MLP,SMOTE / SMOTENC,3,3.640625,0.0,3.9362974166870117,0.5826988220214844,1.0,3745,462,4499,294,0.5098341463015382,0.03646356537140691,409,56,495,40,0.5065461056835314,0.02118375333818243,
eeg-eye-state,MLP,SMOTE / SMOTENC,4,6.375,0.0,3.9361658096313477,0.5828638076782227,2.0530723792295856e-09,3103,1764,3197,936,0.561567475629045,0.1344019527283091,330,198,353,119,0.5406125327911593,0.10081650278656222,
eeg-eye-state,MLP,SMOTE / SMOTENC,5,12.28125,0.0,3.93581485748291,0.5833511352539062,8.482911370085171e-05,3078,1919,3042,961,0.5733037823770146,0.15874729893270584,346,229,322,103,0.5866474803859353,0.19667226306643337,
eeg-eye-state,MLP,SMOTE / SMOTENC,6,3.75,0.0,3.9358110427856445,0.5826988220214844,2.0805083123480346e-05,2994,1835,3126,1045,0.5523326811721175,0.11851931199428636,342,206,345,107,0.5735512269653474,0.14540344747375264,
eeg-eye-state,MLP,SMOTE / SMOTENC,7,6.9375,0.0,3.935854911804199,0.5829362869262695,1.0,4039,1,4960,0,0.5001007861318283,0.009511635238039247,449,0,551,0,0.5,0.0,
eeg-eye-state,MLP,SMOTE / SMOTENC,8,8.125,0.0,3.9362974166870117,0.5830087661743164,3.465807389952955e-06,3091,1842,3119,948,0.5652041107566476,0.14688424193325106,330,212,339,119,0.5591291799886015,0.12654481814559448,
eeg-eye-state,MLP,SMOTE / SMOTENC,9,5.71875,0.0,3.935990333557129,0.5828456878662109,1.601889763299541e-17,2893,2004,2957,1146,0.5558724727796347,0.1253588522262809,341,214,337,108,0.5749416933779037,0.15739038686401924,
eeg-eye-state,MLP,SMOTE / SMOTENC,10,5.015625,0.0,3.9360780715942383,0.582789421081543,2.281691340361118e-18,2938,1959,3002,1101,0.5570942831680572,0.1283958166093507,321,201,350,128,0.5373586797036366,0.08438606855610103,
eeg-eye-state,XGBoost,Baseline,1,0.953125,0.0,1.9468011856079102,0.30396461486816406,0.4341742143034942,4032,4942,18,8,0.9999691592143085,0.9941650562137782,414,510,42,34,0.9748600866977226,0.8467064439720603,
eeg-eye-state,XGBoost,Baseline,2,0.140625,0.015625,1.9470090866088867,0.3029937744140625,0.4408711999654782,4027,4937,23,13,0.9999244949696582,0.9919198776767101,410,513,39,38,0.9810510481366459,0.8443505777373451,
eeg-eye-state,XGBoost,Baseline,3,0.15625,0.0,1.9470090866088867,0.3087034225463867,0.4526829048991238,4026,4937,24,13,0.9999564316449191,0.9916956983360901,419,511,40,30,0.9828010622516663,0.858993890343545,
eeg-eye-state,XGBoost,Baseline,4,0.140625,0.0,1.9469614028930664,0.3055238723754883,0.45847023427486844,4027,4938,23,12,0.9999356206436947,0.9921447443630936,404,521,30,45,0.9768309491954293,0.8483451743599785,
eeg-eye-state,XGBoost,Baseline,5,0.140625,0.015625,1.9470090866088867,0.2980680465698242,0.4407426282763529,4020,4931,30,19,0.9998098563197496,0.9890014221740685,412,508,43,37,0.9750847820726842,0.8385790954281939,
eeg-eye-state,XGBoost,Baseline,6,0.15625,0.0,1.9469614028930664,0.31038665771484375,0.45420616418123305,4025,4936,25,14,0.9999234933696,0.9912466523090865,416,514,37,33,0.9813459229827122,0.8586726978104622,
eeg-eye-state,XGBoost,Baseline,7,0.140625,0.0,1.9470090866088867,0.3079252243041992,0.45366929471492945,4028,4939,22,11,0.9999405114785147,0.9925937903900972,406,513,38,43,0.9780071867711672,0.8361707069131463,
eeg-eye-state,XGBoost,Baseline,8,0.140625,0.0,1.9469614028930664,0.3085041046142578,0.42377487272024905,4029,4940,21,10,0.9999456019392459,0.9930428364171008,407,503,48,42,0.9751252026079329,0.8183923138045403,
eeg-eye-state,XGBoost,Baseline,9,0.15625,0.0,1.9470090866088867,0.30675697326660156,0.4440807059407256,4024,4935,26,15,0.9998871115473159,0.9907976062820828,420,519,32,29,0.9875060125546182,0.8768096589720298,
eeg-eye-state,XGBoost,Baseline,10,0.15625,0.0,1.9470090866088867,0.3043546676635742,0.45829888135195124,4029,4940,21,10,0.9999103180594724,0.9930428364171008,407,523,28,42,0.9830395434096338,0.858464346126728,
eeg-eye-state,XGBoost,Standard Scaler,1,0.15625,0.015625,2.0803956985473633,0.30442047119140625,0.4341742143034942,4032,4942,18,8,0.9999691592143085,0.9941650562137782,414,510,42,34,0.9748600866977226,0.8467064439720603,
eeg-eye-state,XGBoost,Standard Scaler,2,0.140625,0.0,2.080166816711426,0.3034496307373047,0.4408711999654782,4027,4937,23,13,0.9999244949696582,0.9919198776767101,410,513,39,38,0.9810510481366459,0.8443505777373451,
eeg-eye-state,XGBoost,Standard Scaler,3,0.15625,0.015625,2.080214500427246,0.3091592788696289,0.4526829048991238,4026,4937,24,13,0.9999564316449191,0.9916956983360901,419,511,40,30,0.9828010622516663,0.858993890343545,
eeg-eye-state,XGBoost,Standard Scaler,4,0.15625,0.0,2.080214500427246,0.30597972869873047,0.45847023427486844,4027,4938,23,12,0.9999356206436947,0.9921447443630936,404,521,30,45,0.9768309491954293,0.8483451743599785,
eeg-eye-state,XGBoost,Standard Scaler,5,0.140625,0.0,2.080214500427246,0.2985239028930664,0.4407426282763529,4020,4931,30,19,0.9998098563197496,0.9890014221740685,412,508,43,37,0.9750847820726842,0.8385790954281939,
eeg-eye-state,XGBoost,Standard Scaler,6,0.15625,0.0,2.0801706314086914,0.31084251403808594,0.45420616418123305,4025,4936,25,14,0.9999234933696,0.9912466523090865,416,514,37,33,0.9813459229827122,0.8586726978104622,
eeg-eye-state,XGBoost,Standard Scaler,7,0.15625,0.015625,2.080214500427246,0.3083810806274414,0.45366929471492945,4028,4939,22,11,0.9999405114785147,0.9925937903900972,406,513,38,43,0.9780071867711672,0.8361707069131463,
eeg-eye-state,XGBoost,Standard Scaler,8,0.15625,0.0,2.080214500427246,0.3089599609375,0.42377487272024905,4029,4940,21,10,0.9999456019392459,0.9930428364171008,407,503,48,42,0.9751252026079329,0.8183923138045403,
eeg-eye-state,XGBoost,Standard Scaler,9,0.140625,0.0,2.080214500427246,0.30721282958984375,0.4440807059407256,4024,4935,26,15,0.9998871115473159,0.9907976062820828,420,519,32,29,0.9875060125546182,0.8768096589720298,
eeg-eye-state,XGBoost,Standard Scaler,10,0.15625,0.015625,2.080214500427246,0.3048105239868164,0.45829888135195124,4029,4940,21,10,0.9999103180594724,0.9930428364171008,407,523,28,42,0.9830395434096338,0.858464346126728,
eeg-eye-state,XGBoost,MinMax Scaler,1,0.15625,0.015625,1.9589710235595703,0.3046693801879883,0.4341742143034942,4032,4942,18,8,0.9999691592143085,0.9941650562137782,414,510,42,34,0.9748600866977226,0.8467064439720603,
eeg-eye-state,XGBoost,MinMax Scaler,2,0.15625,0.0,1.9589519500732422,0.3036985397338867,0.4408711999654782,4027,4937,23,13,0.9999244949696582,0.9919198776767101,410,513,39,38,0.9810510481366459,0.8443505777373451,
eeg-eye-state,XGBoost,MinMax Scaler,3,0.15625,0.0,1.9589557647705078,0.30940818786621094,0.4526829048991238,4026,4937,24,13,0.9999564316449191,0.9916956983360901,419,511,40,30,0.9828010622516663,0.858993890343545,
eeg-eye-state,XGBoost,MinMax Scaler,4,0.15625,0.0,1.9589996337890625,0.3062286376953125,0.45847023427486844,4027,4938,23,12,0.9999356206436947,0.9921447443630936,404,521,30,45,0.9768309491954293,0.8483451743599785,
eeg-eye-state,XGBoost,MinMax Scaler,5,0.15625,0.0,1.9589080810546875,0.29877281188964844,0.4407426282763529,4020,4931,30,19,0.9998098563197496,0.9890014221740685,412,508,43,37,0.9750847820726842,0.8385790954281939,
eeg-eye-state,XGBoost,MinMax Scaler,6,0.15625,0.0,1.9589996337890625,0.31109142303466797,0.45420616418123305,4025,4936,25,14,0.9999234933696,0.9912466523090865,416,514,37,33,0.9813459229827122,0.8586726978104622,
eeg-eye-state,XGBoost,MinMax Scaler,7,0.15625,0.0,1.9589557647705078,0.30862998962402344,0.45366929471492945,4028,4939,22,11,0.9999405114785147,0.9925937903900972,406,513,38,43,0.9780071867711672,0.8361707069131463,
eeg-eye-state,XGBoost,MinMax Scaler,8,0.15625,0.0,1.9589557647705078,0.30920886993408203,0.42377487272024905,4029,4940,21,10,0.9999456019392459,0.9930428364171008,407,503,48,42,0.9751252026079329,0.8183923138045403,
eeg-eye-state,XGBoost,MinMax Scaler,9,0.15625,0.015625,1.9589118957519531,0.3074617385864258,0.4440807059407256,4024,4935,26,15,0.9998871115473159,0.9907976062820828,420,519,32,29,0.9875060125546182,0.8768096589720298,
eeg-eye-state,XGBoost,MinMax Scaler,10,0.15625,0.0,1.9589996337890625,0.30505943298339844,0.45829888135195124,4029,4940,21,10,0.9999103180594724,0.9930428364171008,407,523,28,42,0.9830395434096338,0.858464346126728,
eeg-eye-state,XGBoost,IQR Capping,1,0.21875,0.0,4.022602081298828,0.3195047378540039,0.44251790642738387,4022,4932,28,18,0.9997807459677419,0.9896746991396419,405,506,46,43,0.9714997412008282,0.8201822125437932,
eeg-eye-state,XGBoost,IQR Capping,2,0.203125,0.015625,4.022186279296875,0.31801795959472656,0.37780604958534275,4022,4932,28,18,0.9997841644043436,0.9896746991396419,414,493,59,34,0.9789644798136646,0.8139791749967548,
eeg-eye-state,XGBoost,IQR Capping,3,0.234375,0.0,4.022281646728516,0.3202848434448242,0.3706692561507274,4021,4932,29,18,0.9998037677294633,0.9894504682010721,418,502,49,31,0.9833144030493252,0.8394671342826336,
eeg-eye-state,XGBoost,IQR Capping,4,0.21875,0.015625,4.022281646728516,0.31418609619140625,0.3966382458806049,4019,4930,31,20,0.9997702305764112,0.9885523761470649,416,505,46,33,0.9746159038637989,0.8410544002193859,
eeg-eye-state,XGBoost,IQR Capping,5,0.21875,0.015625,4.022281646728516,0.308868408203125,0.43898591101169754,4014,4925,36,25,0.9996689703330444,0.9863071460120469,414,505,46,35,0.973888334229322,0.8368730990859586,
eeg-eye-state,XGBoost,IQR Capping,6,0.234375,0.0,4.022233963012695,0.3243112564086914,0.36487838178873294,4026,4937,24,13,0.999838427778265,0.9916956983360901,421,506,45,28,0.9792541602835905,0.85348064473398,
eeg-eye-state,XGBoost,IQR Capping,7,0.203125,0.015625,4.022233963012695,0.3197011947631836,0.40665182620287155,4014,4925,36,25,0.9997476229419879,0.9863071460120469,413,509,42,36,0.9749635204669381,0.8426164517529245,
eeg-eye-state,XGBoost,IQR Capping,8,0.234375,0.015625,4.022281646728516,0.3204793930053711,0.3921136841177943,4024,4935,26,15,0.9998114283737989,0.9907976062820828,406,499,52,43,0.9704121681979312,0.8084912715861122,
eeg-eye-state,XGBoost,IQR Capping,9,0.21875,0.015625,4.022187232971191,0.32087135314941406,0.39915610104799326,4019,4930,31,20,0.9997539111581851,0.9885523761470649,421,506,45,28,0.9832436671126399,0.85348064473398,
eeg-eye-state,XGBoost,IQR Capping,10,0.21875,0.015625,4.022233963012695,0.3217782974243164,0.40095779299736134,4021,4932,29,18,0.9997669367488795,0.9894504682010721,412,513,38,37,0.9812630608854522,0.8484559652460579,
eeg-eye-state,XGBoost,IQR Removal,1,0.1875,0.0,3.0412960052490234,0.30414676666259766,0.4341742143034942,4032,4942,18,8,0.9999691592143085,0.9941650562137782,414,510,42,34,0.9748600866977226,0.8467064439720603,
eeg-eye-state,XGBoost,IQR Removal,2,0.1875,0.0,3.041867256164551,0.3031759262084961,0.4408711999654782,4027,4937,23,13,0.9999244949696582,0.9919198776767101,410,513,39,38,0.9810510481366459,0.8443505777373451,
eeg-eye-state,XGBoost,IQR Removal,3,0.1875,0.0,3.041867256164551,0.3088855743408203,0.4526829048991238,4026,4937,24,13,0.9999564316449191,0.9916956983360901,419,511,40,30,0.9828010622516663,0.858993890343545,
eeg-eye-state,XGBoost,IQR Removal,4,0.1875,0.0,3.041868209838867,0.3057060241699219,0.45847023427486844,4027,4938,23,12,0.9999356206436947,0.9921447443630936,404,521,30,45,0.9768309491954293,0.8483451743599785,
eeg-eye-state,XGBoost,IQR Removal,5,0.1875,0.015625,3.041820526123047,0.2982501983642578,0.4407426282763529,4020,4931,30,19,0.9998098563197496,0.9890014221740685,412,508,43,37,0.9750847820726842,0.8385790954281939,
eeg-eye-state,XGBoost,IQR Removal,6,0.171875,0.0,3.041914939880371,0.31056880950927734,0.45420616418123305,4025,4936,25,14,0.9999234933696,0.9912466523090865,416,514,37,33,0.9813459229827122,0.8586726978104622,
eeg-eye-state,XGBoost,IQR Removal,7,0.1875,0.015625,3.041914939880371,0.3081073760986328,0.45366929471492945,4028,4939,22,11,0.9999405114785147,0.9925937903900972,406,513,38,43,0.9780071867711672,0.8361707069131463,
eeg-eye-state,XGBoost,IQR Removal,8,0.1875,0.0,3.041914939880371,0.3086862564086914,0.42377487272024905,4029,4940,21,10,0.9999456019392459,0.9930428364171008,407,503,48,42,0.9751252026079329,0.8183923138045403,
eeg-eye-state,XGBoost,IQR Removal,9,0.1875,0.0,3.041914939880371,0.30693912506103516,0.4440807059407256,4024,4935,26,15,0.9998871115473159,0.9907976062820828,420,519,32,29,0.9875060125546182,0.8768096589720298,
eeg-eye-state,XGBoost,IQR Removal,10,0.1875,0.0,3.041914939880371,0.3045368194580078,0.45829888135195124,4029,4940,21,10,0.9999103180594724,0.9930428364171008,407,523,28,42,0.9830395434096338,0.858464346126728,
eeg-eye-state,XGBoost,Yeo-Johnson,1,0.359375,0.0,2.918789863586426,0.07115364074707031,0.4488888680934906,4040,0,4960,0,0.5,0.0,448,0,552,0,0.5,0.0,
eeg-eye-state,XGBoost,Yeo-Johnson,2,0.359375,0.0,2.9185266494750977,0.3034238815307617,0.5194923043251036,3776,4866,94,264,0.9938944726125839,0.919965304042798,358,486,66,90,0.9244791666666667,0.683802418146407,
eeg-eye-state,XGBoost,Yeo-Johnson,3,0.328125,0.0,2.918614387512207,0.30277347564697266,0.4831483602523805,3831,4832,129,208,0.9938261195432819,0.9243250351045417,366,479,72,83,0.9297006050954127,0.6861992565322219,
eeg-eye-state,XGBoost,Yeo-Johnson,4,0.375,0.015625,2.918614387512207,0.3012247085571289,0.44846143275499395,3882,4793,168,157,0.9944058830953735,0.9270330704475723,381,475,76,68,0.9328655330053881,0.7095437490732585,
eeg-eye-state,XGBoost,Yeo-Johnson,5,0.328125,0.0,2.918614387512207,0.3033599853515625,0.48312071204185497,3819,4820,141,220,0.9932928688284588,0.9189244681561647,366,479,72,83,0.9267741583434048,0.6861992565322219,
eeg-eye-state,XGBoost,Yeo-Johnson,6,0.34375,0.015625,2.918614387512207,0.2873420715332031,0.4738315749168397,3787,4788,173,252,0.9906772204227887,0.9045229562938262,376,475,76,73,0.9334273784453454,0.6990659616332846,
eeg-eye-state,XGBoost,Yeo-Johnson,7,0.328125,0.0,2.918614387512207,0.3123817443847656,0.49320749402046227,3846,4847,114,193,0.9947815541066817,0.9310757437900128,370,497,54,79,0.9365316755524477,0.730754037252402,
eeg-eye-state,XGBoost,Yeo-Johnson,8,0.359375,0.015625,2.918614387512207,0.30576419830322266,0.4832359468936924,3832,4833,128,207,0.9939863692433564,0.9247750823502398,356,477,74,93,0.9221419650039006,0.661653222411666,
eeg-eye-state,XGBoost,Yeo-Johnson,9,0.328125,0.015625,2.918614387512207,0.303558349609375,0.4744195079803467,3823,4824,137,216,0.9934111471807406,0.920724657138957,384,474,77,65,0.939747129131484,0.7139313291829559,
eeg-eye-state,XGBoost,Yeo-Johnson,10,0.34375,0.0,2.918614387512207,0.29538536071777344,0.4513655066490174,3864,4775,186,175,0.9933011283505275,0.9189502419615077,385,478,73,64,0.9424371157522867,0.7237513724889544,
eeg-eye-state,XGBoost,Quantile Transform,1,0.203125,0.015625,2.6617650985717773,0.4185457229614258,0.4341742143034942,4032,4942,18,8,0.9999691592143085,0.9941650562137782,414,510,42,34,0.9748600866977226,0.8467064439720603,
eeg-eye-state,XGBoost,Quantile Transform,2,0.203125,0.0,2.6623449325561523,0.4175748825073242,0.4408711999654782,4027,4937,23,13,0.9999244949696582,0.9919198776767101,410,513,39,38,0.9810510481366459,0.8443505777373451,
eeg-eye-state,XGBoost,Quantile Transform,3,0.1875,0.015625,2.6634654998779297,0.42328453063964844,0.4526829048991238,4026,4937,24,13,0.9999564316449191,0.9916956983360901,419,511,40,30,0.9828010622516663,0.858993890343545,
eeg-eye-state,XGBoost,Quantile Transform,4,0.203125,0.015625,2.663203239440918,0.42010498046875,0.45847023427486844,4027,4938,23,12,0.9999356206436947,0.9921447443630936,404,521,30,45,0.9768309491954293,0.8483451743599785,
eeg-eye-state,XGBoost,Quantile Transform,5,0.1875,0.0,2.661910057067871,0.41264915466308594,0.4407426282763529,4020,4931,30,19,0.9998098563197496,0.9890014221740685,412,508,43,37,0.9750847820726842,0.8385790954281939,
eeg-eye-state,XGBoost,Quantile Transform,6,0.203125,0.0,2.6625661849975586,0.42496776580810547,0.45420616418123305,4025,4936,25,14,0.9999234933696,0.9912466523090865,416,514,37,33,0.9813459229827122,0.8586726978104622,
eeg-eye-state,XGBoost,Quantile Transform,7,0.1875,0.0,2.6623802185058594,0.42250633239746094,0.45366929471492945,4028,4939,22,11,0.9999405114785147,0.9925937903900972,406,513,38,43,0.9780071867711672,0.8361707069131463,
eeg-eye-state,XGBoost,Quantile Transform,8,0.203125,0.0,2.6617431640625,0.42308521270751953,0.42377487272024905,4029,4940,21,10,0.9999456019392459,0.9930428364171008,407,503,48,42,0.9751252026079329,0.8183923138045403,
eeg-eye-state,XGBoost,Quantile Transform,9,0.203125,0.015625,2.662586212158203,0.4213380813598633,0.4440807059407256,4024,4935,26,15,0.9998871115473159,0.9907976062820828,420,519,32,29,0.9875060125546182,0.8768096589720298,
eeg-eye-state,XGBoost,Quantile Transform,10,0.1875,0.015625,2.6629209518432617,0.41893577575683594,0.45829888135195124,4029,4940,21,10,0.9999103180594724,0.9930428364171008,407,523,28,42,0.9830395434096338,0.858464346126728,
eeg-eye-state,XGBoost,Uniform Binning,1,0.078125,0.0,2.030289649963379,0.2269115447998047,0.5716599225997925,2642,4631,329,1398,0.9010305713030982,0.6215289014183161,279,496,56,169,0.8636350769927537,0.5492606984288069,
eeg-eye-state,XGBoost,Uniform Binning,2,0.046875,0.0,2.0302019119262695,0.08673954010009766,0.5332885384559631,1532,3693,1267,2508,0.5656093799904183,0.13298260919711166,174,417,135,274,0.5735030085403727,0.15478634172423167,
eeg-eye-state,XGBoost,Uniform Binning,3,0.0625,0.0,2.0302019119262695,0.08648204803466797,0.534380316734314,1543,3698,1263,2496,0.5674539696336051,0.13683465868558028,163,412,139,286,0.556964660326032,0.11999194948169002,
eeg-eye-state,XGBoost,Uniform Binning,4,0.078125,0.0,2.030245780944824,0.08661174774169922,0.5335554480552673,1531,3698,1263,2508,0.5657004805844088,0.13380173443266133,175,410,141,274,0.569052421392164,0.14320801064044464,
eeg-eye-state,XGBoost,Uniform Binning,5,0.0625,0.0,2.030245780944824,0.0868062973022461,0.5386912822723389,1539,3713,1248,2500,0.5683444259629667,0.13927740491902213,167,397,154,282,0.548735039349391,0.09849150656124134,
eeg-eye-state,XGBoost,Uniform Binning,6,0.046875,0.015625,2.030289649963379,0.08661174774169922,0.5582770109176636,1372,3934,1027,2667,0.5692137718522375,0.1492399754986908,163,426,125,286,0.5706106330260025,0.14956845852922093,
eeg-eye-state,XGBoost,Uniform Binning,7,0.0625,0.0,2.030245780944824,0.08667659759521484,0.535761296749115,1543,3685,1276,2496,0.5656075297695883,0.1338521917905641,163,425,126,286,0.5732319047368825,0.14742300446445009,
eeg-eye-state,XGBoost,Uniform Binning,8,0.046875,0.015625,2.030245780944824,0.08674144744873047,0.5335088968276978,1496,3710,1251,2543,0.5621090357724143,0.12768667965816372,175,418,133,274,0.5787493077983339,0.1598576217772671,
eeg-eye-state,XGBoost,Uniform Binning,9,0.046875,0.0,2.030289649963379,0.0868062973022461,0.5351080298423767,1527,3697,1264,2512,0.5649427255794005,0.13255960892469057,179,413,138,270,0.5794829405130983,0.1584296364665871,
eeg-eye-state,XGBoost,Uniform Binning,10,0.046875,0.0,2.0302019119262695,0.0860280990600586,0.5371495485305786,1548,3694,1267,2491,0.5674283925637551,0.1371781613901256,158,416,135,291,0.557043480369767,0.11680683004002856,
eeg-eye-state,XGBoost,Quantile Binning,1,0.09375,0.0,2.030776023864746,0.3922767639160156,0.48409342885017337,3782,4872,88,258,0.9957128812679655,0.9226726769210876,388,506,46,60,0.9598901721014493,0.7853657119492959,
eeg-eye-state,XGBoost,Quantile Binning,2,0.109375,0.0,2.0309438705444336,0.39896202087402344,0.5019670617580405,3795,4885,75,245,0.9959898245368891,0.9285386514907149,385,508,44,63,0.9653876326345755,0.7833751730263402,
eeg-eye-state,XGBoost,Quantile Binning,3,0.09375,0.0,2.0309877395629883,0.3985738754272461,0.49237219274043914,3781,4872,89,258,0.9955001824331294,0.922436675144745,396,501,50,53,0.9646057583094515,0.7917199973202507,
eeg-eye-state,XGBoost,Quantile Binning,4,0.109375,0.0,2.030898094177246,0.3975992202758789,0.4801834514737129,3792,4883,78,247,0.9955963771690043,0.927400306158179,381,507,44,68,0.9580273161977211,0.7734390007347689,
eeg-eye-state,XGBoost,Quantile Binning,5,0.09375,0.015625,2.03102970123291,0.40169620513916016,0.49919589579105306,3794,4885,76,245,0.9962198088891323,0.928302784524258,370,496,55,79,0.9457435155356329,0.7287021583102522,
eeg-eye-state,XGBoost,Quantile Binning,6,0.09375,0.0,2.03102970123291,0.3987102508544922,0.5000046718120569,3793,4884,77,246,0.995906296395869,0.9278515453412185,375,509,42,74,0.9549311031976686,0.7656283260299191,
eeg-eye-state,XGBoost,Quantile Binning,7,0.09375,0.0,2.03102970123291,0.3933115005493164,0.4964135852456086,3786,4877,84,253,0.9957079680532667,0.9246928710599422,376,506,45,73,0.9552665936402329,0.76136858113852,
eeg-eye-state,XGBoost,Quantile Binning,8,0.109375,0.0,2.0309877395629883,0.39838123321533203,0.5047311532497404,3794,4885,76,245,0.995738161472309,0.928302784524258,368,498,53,81,0.9489104644723706,0.728791611185382,
eeg-eye-state,XGBoost,Quantile Binning,9,0.109375,0.0,2.0309038162231445,0.39311981201171875,0.4986148774623871,3790,4880,81,249,0.9954406939116444,0.926265952196827,383,512,39,66,0.9670956632807731,0.7877913883871801,
eeg-eye-state,XGBoost,Quantile Binning,10,0.09375,0.015625,2.03102970123291,0.3972797393798828,0.49438564330339424,3786,4877,84,253,0.9956587852194381,0.9246928710599422,381,508,43,68,0.9579080756187374,0.7755047075958774,
eeg-eye-state,XGBoost,PCA,1,1.046875,0.0,1.5448970794677734,0.29660701751708984,0.5020075654983521,3878,4878,82,162,0.996570085435963,0.9452575112690683,357,483,69,91,0.9307914402173914,0.6756725595757572,
eeg-eye-state,XGBoost,PCA,2,0.65625,0.0,1.3384628295898438,0.30289268493652344,0.45871477127075216,3502,4502,458,538,0.9626188468141169,0.776043635703857,307,417,135,141,0.8144126876293996,0.4412919077694202,
eeg-eye-state,XGBoost,PCA,3,0.75,0.0,1.3385066986083984,0.29880714416503906,0.4507243782281876,3592,4413,548,447,0.9610263596533276,0.7772608344667193,324,388,163,125,0.8060461036625047,0.42370033989101485,
eeg-eye-state,XGBoost,PCA,4,0.75,0.0,1.3384647369384766,0.29517459869384766,0.4542566597461701,3514,4425,536,525,0.9570445962788032,0.7617841325102492,305,419,132,144,0.8072506356129169,0.4409436722160844,
eeg-eye-state,XGBoost,PCA,5,0.75,0.0,1.3383312225341797,0.30698204040527344,0.4875651878118515,3405,4586,375,634,0.9614714755284335,0.7733664070091559,308,445,106,141,0.8385037934672332,0.49844530412724386,
eeg-eye-state,XGBoost,PCA,6,0.75,0.0,1.3385066986083984,0.30367565155029297,0.4423551684617996,3584,4405,556,455,0.959086220377324,0.7736749800696779,310,402,149,139,0.7891543619820615,0.4192269756173173,
eeg-eye-state,XGBoost,PCA,7,0.65625,0.0,1.3383712768554688,0.29420948028564453,0.45582224428653717,3536,4447,514,503,0.9604045249404878,0.7716631451043283,301,410,141,148,0.7826870763422649,0.4151208812909903,
eeg-eye-state,XGBoost,PCA,8,0.8125,0.0,1.3385066986083984,0.29945850372314453,0.44979289889335633,3593,4414,547,446,0.9619848385118709,0.7777090662663495,311,416,135,138,0.8048254034979931,0.44792651100522346,
eeg-eye-state,XGBoost,PCA,9,0.75,0.0,1.3385066986083984,0.29673290252685547,0.4720641115307807,3419,4510,451,620,0.9571252950533347,0.7590880908844623,294,422,129,155,0.7986612718725621,0.4235269137011895,
eeg-eye-state,XGBoost,PCA,10,0.75,0.09375,1.3383312225341797,0.2942037582397461,0.4569499209523201,3520,4431,530,519,0.9573342784289381,0.7644784086722708,315,413,138,134,0.8149386214172248,0.4507483388933412,
eeg-eye-state,XGBoost,Select Percentile (Mutual Info),1,1.1875,0.0,4.8986711502075195,0.2839813232421875,0.45512019246816643,3840,4750,210,200,0.992181661210476,0.9079502003903611,377,468,84,71,0.9244953416149069,0.6877010148418664,
eeg-eye-state,XGBoost,Select Percentile (Mutual Info),2,0.453125,0.0,4.898455619812012,0.2843017578125,0.440878207981587,3847,4757,203,193,0.9918103241775791,0.9110934503422565,376,483,69,72,0.9423605719461697,0.7147497516588732,
eeg-eye-state,XGBoost,Select Percentile (Mutual Info),3,0.453125,0.0,4.898543357849121,0.29436397552490234,0.45764170885086075,3879,4790,171,160,0.9940760012774061,0.9256859323665615,378,486,65,71,0.940998144697432,0.724853400733074,
eeg-eye-state,XGBoost,Select Percentile (Mutual Info),4,0.453125,0.0,4.898894309997559,0.2827491760253906,0.45953306257724835,3853,4764,197,186,0.9921402038649673,0.9140107356644681,369,481,70,80,0.9254119863055226,0.696362577843343,
eeg-eye-state,XGBoost,Select Percentile (Mutual Info),5,0.453125,0.0,4.898890495300293,0.2852821350097656,0.5014151787757879,3802,4803,158,237,0.9918649446869041,0.9112736649792974,367,494,57,82,0.9410062288044818,0.7185493089769087,
eeg-eye-state,XGBoost,Select Percentile (Mutual Info),6,0.453125,0.0,4.898938179016113,0.2835254669189453,0.4601194545626656,3816,4727,234,223,0.9898436824313079,0.8973960326653351,373,460,91,76,0.9144499371460677,0.6638321868750855,
eeg-eye-state,XGBoost,Select Percentile (Mutual Info),7,0.46875,0.0,4.898938179016113,0.2903432846069336,0.4451282873749734,3846,4757,204,193,0.9917939277690571,0.9108674134754429,369,476,75,80,0.923083763475196,0.686452756448645,
eeg-eye-state,XGBoost,Select Percentile (Mutual Info),8,0.453125,0.015625,4.898890495300293,0.31064605712890625,0.45868453383445773,3933,4844,117,106,0.9969362912370364,0.9499344178247556,383,499,52,66,0.9499472512015004,0.7611350865805085,
eeg-eye-state,XGBoost,Select Percentile (Mutual Info),9,0.453125,0.0,4.898894309997559,0.2895641326904297,0.4488958150148392,3855,4766,195,184,0.9927253822698953,0.9149088277184753,380,480,71,69,0.933087845949256,0.7171787138069973,
eeg-eye-state,XGBoost,Select Percentile (Mutual Info),10,0.453125,0.0,4.898758888244629,0.2885904312133789,0.4863070142269139,3795,4796,165,244,0.9928708596525543,0.9081233342594108,369,488,63,80,0.9347289196803544,0.7103991679133292,
eeg-eye-state,XGBoost,Random Undersampling,1,0.140625,0.0,3.7076797485351562,0.3694486618041992,0.64787618815899,4012,4922,38,28,0.9992616675982114,0.9851843420655056,392,520,32,56,0.9719849896480331,0.8221514744694685,
eeg-eye-state,XGBoost,Random Undersampling,2,0.15625,0.015625,3.707548141479492,0.3780069351196289,0.6513552933931369,4005,4915,45,35,0.9993855796870008,0.9820410921136101,395,520,32,53,0.9776260028467909,0.8281323738504466,
eeg-eye-state,XGBoost,Random Undersampling,3,0.15625,0.0,3.706605911254883,0.3669004440307617,0.6274652838706971,3998,4909,52,41,0.9989398366930291,0.9791224095799894,406,529,22,43,0.9820694505636643,0.868851799738542,
eeg-eye-state,XGBoost,Random Undersampling,4,0.15625,0.0,3.706644058227539,0.36197853088378906,0.5939822554588325,4009,4920,41,30,0.9993032556640484,0.984061915877029,396,528,23,53,0.9748826793964406,0.8470239281510389,
eeg-eye-state,XGBoost,Random Undersampling,5,0.15625,0.0,3.7066917419433594,0.3573036193847656,0.6076326876878742,3991,4902,59,48,0.99897072880276,0.9759790873909642,399,519,32,50,0.9745633571679756,0.8342148804919798,
eeg-eye-state,XGBoost,Random Undersampling,6,0.140625,0.015625,3.706735610961914,0.36333751678466797,0.6409478008747104,4000,4911,50,39,0.9988653762282171,0.9800205016339966,394,531,20,55,0.9767379819643571,0.8494803709905271,
eeg-eye-state,XGBoost,Random Undersampling,7,0.15625,0.0,3.7066917419433594,0.3704061508178711,0.646064603328705,4005,4916,45,34,0.9991774913401033,0.9822657317690145,386,527,24,63,0.9746199459173238,0.8253552624371215,
eeg-eye-state,XGBoost,Random Undersampling,8,0.15625,0.0,3.706735610961914,0.3646984100341797,0.5988345861434957,4006,4917,44,33,0.9991131618902758,0.9827147777960181,386,520,31,63,0.971438849793249,0.810481317164299,
eeg-eye-state,XGBoost,Random Undersampling,9,0.140625,0.015625,3.7067794799804688,0.3626260757446289,0.6011389046907449,4002,4913,48,37,0.9992486579773833,0.9809185936880037,407,522,29,42,0.980493049688964,0.8564187529926203,
eeg-eye-state,XGBoost,Random Undersampling,10,0.15625,0.0,3.7067365646362305,0.3688516616821289,0.6096600115299257,4009,4920,41,30,0.999491702524055,0.984061915877029,394,532,19,55,0.982368562524505,0.8516167971022689,
eeg-eye-state,XGBoost,SMOTE / SMOTENC,1,0.265625,0.0,3.9353742599487305,0.8357076644897461,0.4612895712256432,4031,4941,19,9,0.9999464029064197,0.9937160205063645,420,512,40,28,0.9782810882505175,0.8631117884949551,
eeg-eye-state,XGBoost,SMOTE / SMOTENC,2,0.25,0.0,3.935063362121582,0.8436832427978516,0.46114743351936666,4029,4939,21,11,0.9999446063557969,0.9928179490915373,412,511,41,36,0.9809823046066253,0.844522697995887,
eeg-eye-state,XGBoost,SMOTE / SMOTENC,3,0.265625,0.0,3.9356489181518555,0.8371543884277344,0.46286652982235,4027,4938,23,12,0.99994640044289,0.9921447443630936,424,517,34,25,0.9837388186694369,0.8811254708122475,
eeg-eye-state,XGBoost,SMOTE / SMOTENC,4,0.265625,0.0,3.9352540969848633,0.8418865203857422,0.44886016100645126,4032,4943,18,7,0.9999808359125417,0.9943899744981116,415,519,32,34,0.9797331436262879,0.8665643015449763,
eeg-eye-state,XGBoost,SMOTE / SMOTENC,5,0.265625,0.0,3.935605049133301,0.8318948745727539,0.48367306739092375,4028,4939,22,11,0.9999184528153467,0.9925937903900972,407,514,37,42,0.97760298141868,0.8402171380067815,
eeg-eye-state,XGBoost,SMOTE / SMOTENC,6,0.265625,0.0,3.9355173110961914,0.8412399291992188,0.449038250744345,4034,4945,16,5,0.9999779413368318,0.9952880665521188,412,509,42,37,0.9800888443364767,0.8405461112142713,
eeg-eye-state,XGBoost,SMOTE / SMOTENC,7,0.265625,0.0,3.935605049133301,0.842076301574707,0.4685571759939214,4025,4936,25,14,0.9998959449938787,0.9912466523090865,416,510,41,33,0.9800241714800788,0.8508011007006911,
eeg-eye-state,XGBoost,SMOTE / SMOTENC,8,0.265625,0.0,3.9353818893432617,0.8370208740234375,0.47038787752390593,4029,4940,21,10,0.9999327759744626,0.9930428364171008,407,502,49,42,0.9743127498494335,0.8164330421311127,
eeg-eye-state,XGBoost,SMOTE / SMOTENC,9,0.265625,0.0,3.935605049133301,0.844416618347168,0.45593327879905876,4029,4940,21,10,0.9999484965149558,0.9930428364171008,419,517,34,30,0.9869562932752356,0.8707892629268124,
eeg-eye-state,XGBoost,SMOTE / SMOTENC,10,0.25,0.0,3.9355173110961914,0.8355321884155273,0.4598306581377989,4027,4938,23,12,0.9999455520327681,0.9921447443630936,424,512,39,25,0.9841955707177474,0.871373370922919,
