Dataset,Model,Preprocessor,Fold,Fit_Time_sec,Predict_Time_Test_sec,Peak_Memory_MB,Pipeline_Disk_Size_MB,Optimal_Threshold,Train_TP,Train_TN,Train_FP,Train_FN,Train_ROC_AUC,Train_MCC,Test_TP,Test_TN,Test_FP,Test_FN,Test_ROC_AUC,Test_MCC,Error_Log
nomao,GaussianNB,Baseline,1,0.09375,0.015625,37.493475914001465,0.013271331787109375,0.9999999999999147,5651,2089,482,778,0.8586854441347456,0.670457085138452,642,227,58,73,0.8564936817568397,0.6840240027293552,
nomao,GaussianNB,Baseline,2,0.09375,0.015625,36.8211612701416,0.013135910034179688,1.0,5843,1855,716,586,0.8201751846562146,0.640484257513481,634,195,90,81,0.7850766777082566,0.5765404522363636,
nomao,GaussianNB,Baseline,3,0.09375,0.015625,37.65426158905029,0.013309478759765625,0.9999999999999989,5690,2051,520,739,0.8497473736851788,0.6669080040260351,624,233,52,91,0.8627432216905901,0.6658084599111139,
nomao,GaussianNB,Baseline,4,0.109375,0.015625,37.65457248687744,0.013309478759765625,1.0,5743,2002,569,686,0.8430433822238896,0.6632569915509018,631,213,72,84,0.8192369034474298,0.6222737097115938,
nomao,GaussianNB,Baseline,5,0.109375,0.015625,37.49190425872803,0.013271331787109375,1.0,5596,2129,441,834,0.8622002287429426,0.6715625610314748,613,232,54,101,0.8552109655050831,0.6421674480951629,
nomao,GaussianNB,Baseline,6,0.109375,0.015625,37.658576011657715,0.013309478759765625,0.9999999999999716,5736,1992,578,694,0.8416528493019708,0.6585677647000289,645,233,53,69,0.8693536855301561,0.7067301277872066,
nomao,GaussianNB,Baseline,7,0.09375,0.015625,37.657602310180664,0.013309478759765625,1.0,5713,2029,541,717,0.8475276397722253,0.6650638150771856,632,228,58,82,0.849711562946857,0.6667120299281707,
nomao,GaussianNB,Baseline,8,0.09375,0.015625,37.658400535583496,0.013309478759765625,1.0,5740,1977,593,690,0.8378281220688528,0.6547594556987942,637,226,60,77,0.8505171299288946,0.6709840767933588,
nomao,GaussianNB,Baseline,9,0.109375,0.015625,37.65809345245361,0.013309478759765625,0.9999999999999716,5746,2005,565,684,0.8443417891571003,0.66488296984396,636,217,69,78,0.8327432371550019,0.6435822839931298,
nomao,GaussianNB,Baseline,10,0.09375,0.015625,37.32403564453125,0.013233184814453125,1.0,5823,1815,755,607,0.811393274473377,0.6231102039115114,658,197,89,56,0.8080522418757713,0.6344709250252029,
nomao,GaussianNB,Standard Scaler,1,0.109375,0.015625,37.490986824035645,0.014863967895507812,1.0,5570,2149,422,859,0.8656029396648633,0.6724942550229664,632,234,51,83,0.8593399582873268,0.6839200134613402,
nomao,GaussianNB,Standard Scaler,2,0.109375,0.015625,36.82263469696045,0.014728546142578125,1.0,5794,1927,644,635,0.8318303046186999,0.6514287930385195,630,209,76,85,0.8060336155072997,0.608818090882767,
nomao,GaussianNB,Standard Scaler,3,0.109375,0.015625,37.657883644104004,0.014902114868164062,0.9999999999998759,5691,2052,519,738,0.8564112839774121,0.6674398328317083,624,233,52,91,0.8661685682738315,0.6658084599111139,
nomao,GaussianNB,Standard Scaler,4,0.09375,0.015625,37.6567907333374,0.014902114868164062,1.0,5693,2055,516,736,0.8513816871346829,0.668817406325366,626,225,60,89,0.8369377990430621,0.6467985125541634,
nomao,GaussianNB,Standard Scaler,5,0.125,0.015625,37.49253463745117,0.014863967895507812,1.0,5558,2171,399,872,0.8688193112295841,0.6770719614561179,610,240,46,104,0.8668684256919551,0.6597039128397522,
nomao,GaussianNB,Standard Scaler,6,0.109375,0.015625,37.66044330596924,0.014902114868164062,1.0,5666,2057,513,764,0.8498477165039848,0.663624715372212,638,241,45,76,0.8795469236645708,0.7149845593469649,
nomao,GaussianNB,Standard Scaler,7,0.109375,0.015625,37.659820556640625,0.014902114868164062,1.0,5674,2075,495,756,0.8548540402176084,0.6710114923133894,628,231,55,86,0.8537712287712287,0.6674260871478559,
nomao,GaussianNB,Standard Scaler,8,0.109375,0.015625,37.65995693206787,0.014902114868164062,1.0,5688,2042,528,742,0.8481973482762586,0.6636688591224377,633,235,51,81,0.8640330257977317,0.6883933311562663,
nomao,GaussianNB,Standard Scaler,9,0.109375,0.015625,37.6603946685791,0.014902114868164062,1.0,5677,2059,511,753,0.8519007751844165,0.6666278249741803,633,224,62,81,0.8434237331296155,0.6573798720098251,
nomao,GaussianNB,Standard Scaler,10,0.109375,0.015625,37.325684547424316,0.014825820922851562,1.0,5777,1922,648,653,0.8291880835819452,0.6459281143230893,656,207,79,58,0.8237497796321326,0.657912604044391,
nomao,GaussianNB,MinMax Scaler,1,0.109375,0.015625,37.49071788787842,0.01614665985107422,0.9999999999999147,5651,2089,482,778,0.8586853836348678,0.670457085138452,642,227,58,73,0.8565034965034966,0.6840240027293552,
nomao,GaussianNB,MinMax Scaler,2,0.109375,0.015625,36.824347496032715,0.01601123809814453,1.0,5843,1855,716,586,0.8201751846562146,0.640484257513481,634,195,90,81,0.7850766777082566,0.5765404522363636,
nomao,GaussianNB,MinMax Scaler,3,0.109375,0.015625,37.65758991241455,0.01618480682373047,0.9999999999999988,5690,2051,520,739,0.849747948434018,0.6669080040260351,624,233,52,91,0.8627432216905901,0.6658084599111139,
nomao,GaussianNB,MinMax Scaler,4,0.109375,0.015625,37.65816020965576,0.01618480682373047,1.0,5743,2002,569,686,0.843043261224134,0.6632569915509018,631,214,71,84,0.8207925407925407,0.6251340733334908,
nomao,GaussianNB,MinMax Scaler,5,0.109375,0.015625,37.49464702606201,0.01614665985107422,1.0,5596,2130,440,834,0.8623696679596493,0.6718788430727358,613,232,54,101,0.8552109655050831,0.6421674480951629,
nomao,GaussianNB,MinMax Scaler,6,0.09375,0.015625,37.66105842590332,0.01618480682373047,0.9999999999999716,5736,1991,579,694,0.8418255260179968,0.6582541050348153,645,233,53,69,0.8693536855301561,0.7067301277872066,
nomao,GaussianNB,MinMax Scaler,7,0.109375,0.015625,37.66137409210205,0.01618480682373047,1.0,5713,2029,541,717,0.8475265505201179,0.6650638150771856,632,228,58,82,0.849711562946857,0.6667120299281707,
nomao,GaussianNB,MinMax Scaler,8,0.109375,0.015625,37.66176509857178,0.01618480682373047,1.0,5740,1977,593,690,0.8378285154098917,0.6547594556987942,637,226,60,77,0.8505171299288946,0.6709840767933588,
nomao,GaussianNB,MinMax Scaler,9,0.109375,0.015625,37.6616325378418,0.01618480682373047,0.9999999999999716,5746,2005,565,684,0.8443419404421153,0.66488296984396,636,217,69,78,0.8342956063544298,0.6435822839931298,
nomao,GaussianNB,MinMax Scaler,10,0.109375,0.015625,37.327975273132324,0.01610851287841797,1.0,5823,1815,755,607,0.8113936073004098,0.6231102039115114,658,197,89,56,0.8080522418757713,0.6344709250252029,
nomao,GaussianNB,IQR Capping,1,0.28125,0.03125,38.6849250793457,0.014294624328613281,1.0,5525,2218,353,904,0.8781209088848245,0.685299998684596,625,243,42,90,0.8751245245982088,0.696113267856354,
nomao,GaussianNB,IQR Capping,2,0.28125,0.046875,38.13302803039551,0.014159202575683594,0.9999999999999716,5780,1958,613,649,0.8387548786345227,0.6578899857152929,630,208,77,85,0.8074763832658569,0.6059446307416554,
nomao,GaussianNB,IQR Capping,3,0.265625,0.046875,38.81985855102539,0.014332771301269531,1.0,5589,2156,415,840,0.8672006204383471,0.6786088554955266,617,245,40,98,0.8826769721506563,0.6871243840440026,
nomao,GaussianNB,IQR Capping,4,0.265625,0.046875,38.819703102111816,0.014332771301269531,1.0,5632,2111,460,797,0.8612925956196031,0.6733610994555863,622,226,59,93,0.8404220341062446,0.6420410239937744,
nomao,GaussianNB,IQR Capping,5,0.28125,0.046875,38.68249797821045,0.014294624328613281,1.0,5519,2223,347,911,0.8787118383549872,0.6857574572631517,610,248,38,104,0.8791404673757616,0.6826440923301192,
nomao,GaussianNB,IQR Capping,6,0.28125,0.046875,38.81950855255127,0.014332771301269531,0.9999999999999432,5660,2089,481,770,0.8611975116640747,0.6724107009044596,636,241,45,78,0.8819734187381245,0.7110697618672062,
nomao,GaussianNB,IQR Capping,7,0.28125,0.046875,38.819695472717285,0.014332771301269531,1.0,5614,2143,427,816,0.8669681877870633,0.6797230670571128,627,235,51,87,0.8630536130536131,0.676833172759903,
nomao,GaussianNB,IQR Capping,8,0.28125,0.046875,38.819557189941406,0.014332771301269531,0.9999999999999989,5635,2085,485,795,0.8561582078171993,0.6658314293077711,621,240,46,93,0.8703453409335763,0.679731534498998,
nomao,GaussianNB,IQR Capping,9,0.28125,0.046875,38.81942176818848,0.014332771301269531,1.0,5651,2108,462,779,0.8612631088465426,0.6764722032805783,628,235,51,86,0.8599758085052203,0.6787428928455881,
nomao,GaussianNB,IQR Capping,10,0.265625,0.046875,38.54483699798584,0.014256477355957031,1.0,5754,1917,653,676,0.8292202467761163,0.6390780033314595,654,209,77,60,0.8273515699986288,0.6590586633866954,
nomao,GaussianNB,IQR Removal,1,0.34375,0.015625,37.53301429748535,0.013448715209960938,0.9999999999999147,5651,2089,482,778,0.8586854441347456,0.670457085138452,642,227,58,73,0.8564936817568397,0.6840240027293552,
nomao,GaussianNB,IQR Removal,2,0.34375,0.015625,36.86885929107666,0.01331329345703125,1.0,5843,1855,716,586,0.8201751846562146,0.640484257513481,634,195,90,81,0.7850766777082566,0.5765404522363636,
nomao,GaussianNB,IQR Removal,3,0.328125,0.015625,37.702181816101074,0.013486862182617188,0.9999999999999989,5690,2051,520,739,0.8497473736851788,0.6669080040260351,624,233,52,91,0.8627432216905901,0.6658084599111139,
nomao,GaussianNB,IQR Removal,4,0.34375,0.015625,37.70230770111084,0.013486862182617188,1.0,5743,2002,569,686,0.8430433822238896,0.6632569915509018,631,213,72,84,0.8192369034474298,0.6222737097115938,
nomao,GaussianNB,IQR Removal,5,0.359375,0.015625,37.538461685180664,0.013448715209960938,1.0,5596,2129,441,834,0.8622002287429426,0.6715625610314748,613,232,54,101,0.8552109655050831,0.6421674480951629,
nomao,GaussianNB,IQR Removal,6,0.34375,0.015625,37.70567512512207,0.013486862182617188,0.9999999999999716,5736,1992,578,694,0.8416528493019708,0.6585677647000289,645,233,53,69,0.8693536855301561,0.7067301277872066,
nomao,GaussianNB,IQR Removal,7,0.34375,0.015625,37.70552062988281,0.013486862182617188,1.0,5713,2029,541,717,0.8475276397722253,0.6650638150771856,632,228,58,82,0.849711562946857,0.6667120299281707,
nomao,GaussianNB,IQR Removal,8,0.359375,0.015625,37.70566272735596,0.013486862182617188,1.0,5740,1977,593,690,0.8378281220688528,0.6547594556987942,637,226,60,77,0.8505171299288946,0.6709840767933588,
nomao,GaussianNB,IQR Removal,9,0.34375,0.015625,37.70542049407959,0.013486862182617188,0.9999999999999716,5746,2005,565,684,0.8443417891571003,0.66488296984396,636,217,69,78,0.8327432371550019,0.6435822839931298,
nomao,GaussianNB,IQR Removal,10,0.34375,0.015625,37.3715181350708,0.013410568237304688,1.0,5823,1815,755,607,0.811393274473377,0.6231102039115114,658,197,89,56,0.8080522418757713,0.6344709250252029,
nomao,GaussianNB,Yeo-Johnson,1,0.921875,0.015625,37.49331569671631,0.013739585876464844,0.9357357356881952,4860,1581,990,1569,0.6662858199357867,0.3512604952040258,568,173,112,147,0.6792418108207582,0.3884618796481627,
nomao,GaussianNB,Yeo-Johnson,2,0.9375,0.015625,36.82615089416504,0.013604164123535156,0.9581167938233062,4888,1594,977,1541,0.6687824986437441,0.36057280802330666,529,165,120,186,0.6337578211262422,0.3015283042084638,
nomao,GaussianNB,Yeo-Johnson,3,0.96875,0.03125,37.66061496734619,0.013777732849121094,0.953842352938831,4916,1547,1024,1513,0.6626644182492074,0.3493739610533749,538,190,95,177,0.686728008833272,0.3925300946197509,
nomao,GaussianNB,Yeo-Johnson,4,0.953125,0.015625,37.66175174713135,0.013777732849121094,0.9568980377131155,4889,1609,962,1540,0.6710526658091414,0.3658738729037752,549,143,142,166,0.6138682370261318,0.26336339652693636,
nomao,GaussianNB,Yeo-Johnson,5,0.953125,0.015625,37.4970178604126,0.013739585876464844,0.951895770184635,4865,1581,989,1565,0.663381794966445,0.35217448607743945,530,182,104,184,0.6740220563749976,0.3552196794799965,
nomao,GaussianNB,Yeo-Johnson,6,0.9375,0.03125,37.66421127319336,0.013777732849121094,0.9536687119443747,4854,1571,999,1576,0.6608927631300263,0.34684268793182854,541,192,94,173,0.7024617539323421,0.40270615087381834,
nomao,GaussianNB,Yeo-Johnson,7,0.9375,0.015625,37.663079261779785,0.013777732849121094,0.9542491139827302,4860,1580,990,1570,0.6641492033331113,0.35096627064107117,535,180,106,179,0.6677023956435721,0.35671155984653985,
nomao,GaussianNB,Yeo-Johnson,8,0.890625,0.015625,37.666022300720215,0.013777732849121094,0.9531759953620631,4915,1545,1025,1515,0.6609142153451416,0.3485527177626679,542,188,98,172,0.6965461009578657,0.39205761322989896,
nomao,GaussianNB,Yeo-Johnson,9,0.90625,0.03125,37.66500186920166,0.013777732849121094,0.948384184191298,4927,1556,1014,1503,0.6654876823740855,0.354441373500759,540,173,113,174,0.6602564102564102,0.342890680522057,
nomao,GaussianNB,Yeo-Johnson,10,0.921875,0.015625,37.329224586486816,0.013701438903808594,0.9492435300816399,4877,1593,977,1553,0.6678386515058911,0.35836527489090014,551,162,124,163,0.639713227948522,0.3262405897813086,
nomao,GaussianNB,Quantile Transform,1,0.28125,0.046875,38.05669593811035,0.5779142379760742,0.9999999950375063,5509,2230,341,920,0.8903906773560271,0.6859416394269029,629,250,35,86,0.8876407802723593,0.7233823153340355,
nomao,GaussianNB,Quantile Transform,2,0.265625,0.03125,37.389020919799805,0.5777788162231445,0.9999999999997116,5521,2242,329,908,0.8881894195514672,0.6921298886267095,600,241,44,115,0.8601226843332106,0.6455878302707061,
nomao,GaussianNB,Quantile Transform,3,0.265625,0.046875,38.222535133361816,0.5779523849487305,0.9999999976958858,5506,2227,344,923,0.8917012862092524,0.6843945771269512,619,254,31,96,0.9210060115323273,0.716405681357731,
nomao,GaussianNB,Quantile Transform,4,0.28125,0.03125,38.22080612182617,0.5779523849487305,0.9999999999487722,5518,2239,332,911,0.8896342776335763,0.6905828263267578,611,233,52,104,0.861786283891547,0.6418458340222862,
nomao,GaussianNB,Quantile Transform,5,0.265625,0.03125,38.060622215270996,0.5779142379760742,0.9999999680486882,5506,2226,344,924,0.8888367997773085,0.6841392476199573,611,245,41,103,0.8893630878924997,0.6758243998506758,
nomao,GaussianNB,Quantile Transform,6,0.265625,0.03125,38.22990798950195,0.5779523849487305,0.9999999997856545,5509,2229,341,921,0.8861387525642811,0.6856864905471037,618,256,30,96,0.9185299994123524,0.7197120817051257,
nomao,GaussianNB,Quantile Transform,7,0.28125,0.03125,38.232035636901855,0.5779523849487305,0.9999999998094236,5524,2244,326,906,0.8900078970777786,0.6934227051828364,600,245,41,114,0.8750220367867427,0.6565622102102608,
nomao,GaussianNB,Quantile Transform,8,0.265625,0.03125,38.22701835632324,0.5779523849487305,0.9999999999679069,5501,2221,349,929,0.8861779656401474,0.6815605094080464,612,255,31,102,0.8988780827016121,0.7062038610081905,
nomao,GaussianNB,Quantile Transform,9,0.265625,0.046875,38.2266731262207,0.5779523849487305,0.9999999999472635,5517,2237,333,913,0.8892493540129863,0.6898124716861612,602,246,40,112,0.8773383479265833,0.6629023835767219,
nomao,GaussianNB,Quantile Transform,10,0.265625,0.03125,37.892011642456055,0.577876091003418,0.9999999999990141,5509,2228,342,921,0.8850587590997936,0.6853682480743728,617,248,38,97,0.8843509431744727,0.6951599528847637,
nomao,GaussianNB,Uniform Binning,1,0.125,0.015625,37.5075044631958,0.019304275512695312,0.999999999999801,5655,2093,478,774,0.8647977165410115,0.6725687715278754,639,231,54,76,0.85841001104159,0.6892166762495732,
nomao,GaussianNB,Uniform Binning,2,0.125,0.03125,36.84102153778076,0.019168853759765625,1.0,5793,1936,635,636,0.833990331756525,0.6540113513911218,631,208,77,84,0.8057269046742731,0.6079410592139037,
nomao,GaussianNB,Uniform Binning,3,0.109375,0.03125,37.67626667022705,0.019342422485351562,0.9999999999999836,5643,2094,477,786,0.8573898090012808,0.6703305582116066,622,236,49,93,0.8693289166973376,0.6706127669198486,
nomao,GaussianNB,Uniform Binning,4,0.109375,0.015625,37.676788330078125,0.019342422485351562,1.0,5702,2050,521,727,0.8510882324773145,0.6692136644388516,627,221,64,88,0.8309189056557478,0.6373025050934429,
nomao,GaussianNB,Uniform Binning,5,0.109375,0.015625,37.510966300964355,0.019304275512695312,0.9999999999999716,5605,2137,433,825,0.8669085814911861,0.6759579265485421,614,236,50,100,0.8647724824195413,0.6554571884480127,
nomao,GaussianNB,Uniform Binning,6,0.109375,0.015625,37.67847442626953,0.019342422485351562,1.0,5683,2055,515,747,0.8505070468559949,0.6666693674061416,639,238,48,75,0.8744001096942273,0.7085836856270749,
nomao,GaussianNB,Uniform Binning,7,0.109375,0.015625,37.67904567718506,0.019342422485351562,1.0,5687,2081,489,743,0.8566868279163212,0.6757022372555014,625,229,57,89,0.850404497463321,0.656001500867,
nomao,GaussianNB,Uniform Binning,8,0.109375,0.015625,37.677812576293945,0.019342422485351562,1.0,5698,2039,531,732,0.8481704498006064,0.6649088343269035,632,235,51,82,0.8651544533897474,0.6864494760274995,
nomao,GaussianNB,Uniform Binning,9,0.109375,0.015625,37.67869472503662,0.019342422485351562,1.0,5687,2066,504,743,0.8537767698833896,0.6709932050205876,633,227,59,81,0.8491459520871285,0.6658543421937727,
nomao,GaussianNB,Uniform Binning,10,0.109375,0.015625,37.34384822845459,0.019266128540039062,1.0,5766,1943,627,664,0.8333082099351896,0.6499892371166418,654,209,77,60,0.8270161211337681,0.6590586633866954,
nomao,GaussianNB,Quantile Binning,1,0.125,0.015625,37.50049304962158,0.017986297607421875,0.9999999999999858,5471,2190,381,958,0.875274419883309,0.6657063903210875,624,240,45,91,0.8717237148816096,0.6857293000071552,
nomao,GaussianNB,Quantile Binning,2,0.125,0.015625,36.83421611785889,0.017850875854492188,1.0,5699,2025,546,730,0.8510925582185787,0.6607075768756099,626,219,66,89,0.8289755858176912,0.6296456060986382,
nomao,GaussianNB,Quantile Binning,3,0.140625,0.015625,37.66682720184326,0.018024444580078125,1.0,5529,2129,442,900,0.8641350008793658,0.6578031602101035,615,244,41,100,0.8849687154950313,0.6806553505657342,
nomao,GaussianNB,Quantile Binning,4,0.140625,0.015625,37.66865253448486,0.018024444580078125,1.0,5608,2105,466,821,0.8633058803037746,0.666429951740692,613,222,63,102,0.8325211630474789,0.6137404017636501,
nomao,GaussianNB,Quantile Binning,5,0.140625,0.015625,37.50499439239502,0.017986297607421875,0.9999999999999933,5474,2194,376,956,0.8755621751154304,0.6676353230637276,599,242,44,115,0.8727008285831815,0.646159581860612,
nomao,GaussianNB,Quantile Binning,6,0.140625,0.03125,37.670902252197266,0.018024444580078125,1.0,5574,2100,470,856,0.8602246279901484,0.6578249033658704,625,245,41,89,0.8872891814068284,0.7013406267210844,
nomao,GaussianNB,Quantile Binning,7,0.140625,0.015625,37.67185592651367,0.018024444580078125,0.9999999999999716,5596,2104,466,834,0.8641327132664856,0.6636515217934604,620,233,53,94,0.8627230612524731,0.6579489231003847,
nomao,GaussianNB,Quantile Binning,8,0.140625,0.015625,37.67070484161377,0.018024444580078125,1.0,5595,2088,482,835,0.8587927153239618,0.6583756960399525,621,239,47,93,0.8736533074768369,0.6768895934258582,
nomao,GaussianNB,Quantile Binning,9,0.125,0.03125,37.67294979095459,0.018024444580078125,1.0,5602,2100,470,828,0.8619701242352542,0.6636352814347085,620,234,52,94,0.8575444163679458,0.6607992641042092,
nomao,GaussianNB,Quantile Binning,10,0.140625,0.015625,37.33736515045166,0.017948150634765625,0.9999999999999999,5670,2030,540,760,0.850671977779257,0.6559810461354705,640,214,72,74,0.8339185324479442,0.6432697319161823,
nomao,GaussianNB,PCA,1,0.71875,0.09375,31.072433471679688,0.0211181640625,0.9999999999886566,5323,2224,347,1106,0.8789843328911398,0.6483990848105737,606,245,40,109,0.8717114464482885,0.6675760957330845,
nomao,GaussianNB,PCA,2,0.84375,0.140625,30.60955810546875,0.020982742309570312,1.0,5534,2012,559,895,0.8368703981902309,0.6214983877294882,602,208,77,113,0.7938559685928106,0.5528648576190691,
nomao,GaussianNB,PCA,3,0.75,0.09375,31.140304565429688,0.02115631103515625,0.9999999999999716,5206,2261,310,1223,0.8725408236538066,0.6391637649450944,589,262,23,126,0.9009201324990799,0.6883609369918612,
nomao,GaussianNB,PCA,4,0.75,0.09375,31.14138412475586,0.02115631103515625,1.0,5287,2237,334,1142,0.8702267335771116,0.6459733226521241,582,238,47,133,0.8400539811066126,0.6065368728647803,
nomao,GaussianNB,PCA,5,0.828125,0.1875,31.07101821899414,0.0211181640625,0.9999999999941127,5262,2252,318,1168,0.8778827662162407,0.646378230712366,581,252,34,133,0.8793853205617912,0.6452852582349305,
nomao,GaussianNB,PCA,6,0.75,0.09375,31.14166259765625,0.02115631103515625,0.9999999999999432,5347,2203,367,1083,0.8690347108338226,0.6461626819423346,599,257,29,115,0.8978252140016846,0.6895481967590501,
nomao,GaussianNB,PCA,7,0.84375,0.09375,31.140323638916016,0.02115631103515625,0.9999999999998579,5345,2228,342,1085,0.8761327011636844,0.6538689604071117,587,243,43,127,0.8666358151652269,0.6287638134936355,
nomao,GaussianNB,PCA,8,0.8125,0.09375,31.140932083129883,0.02115631103515625,1.0,5299,2204,366,1131,0.8629429473951746,0.6375484574823131,585,253,33,129,0.8781243266537384,0.6547021536015935,
nomao,GaussianNB,PCA,9,0.75,0.09375,31.141858100891113,0.02115631103515625,0.9999999999999716,5346,2213,357,1084,0.8698478375319968,0.6492076610649804,585,245,41,129,0.8616212219153396,0.6313021605998759,
nomao,GaussianNB,PCA,10,0.84375,0.1875,31.003259658813477,0.02108001708984375,1.0,5538,2003,567,892,0.8342950420874911,0.6194804333903764,613,209,77,101,0.8137744608332843,0.5758011029249035,
nomao,GaussianNB,Select Percentile (Mutual Info),1,6.5625,0.015625,77.03422355651855,0.011857986450195312,0.9999999999999661,5275,2356,215,1154,0.8956549229748831,0.6824601837398895,598,259,26,117,0.8983265856950068,0.6944236878592871,
nomao,GaussianNB,Select Percentile (Mutual Info),2,5.765625,0.015625,75.66131496429443,0.011753082275390625,0.9999999999995158,5348,2339,232,1081,0.9039972813774904,0.6901970370510973,576,255,30,139,0.8818746166114588,0.64698547721973,
nomao,GaussianNB,Select Percentile (Mutual Info),3,5.859375,0.0,77.37785148620605,0.011873245239257812,0.9999999999608498,5413,2314,257,1016,0.9089875835495751,0.6942500646986502,597,260,25,118,0.9205079131394921,0.6956612368335978,
nomao,GaussianNB,Select Percentile (Mutual Info),4,5.890625,0.015625,77.37795543670654,0.011873245239257812,0.9999999999975874,5387,2288,283,1042,0.8967825196977015,0.6810042260643171,590,254,31,125,0.8906710833026623,0.6666031755603602,
nomao,GaussianNB,Select Percentile (Mutual Info),5,5.875,0.015625,77.03367519378662,0.011857986450195312,0.9999999999983644,5350,2340,230,1080,0.9068520916666163,0.6909770109402853,590,258,28,124,0.9020562770562771,0.6774747192582146,
nomao,GaussianNB,Select Percentile (Mutual Info),6,5.84375,0.015625,77.3768949508667,0.011873245239257812,0.9999999999999929,5237,2383,187,1193,0.8964960575125112,0.6846083691635251,586,265,21,128,0.9018554974437327,0.6914129067311096,
nomao,GaussianNB,Select Percentile (Mutual Info),7,5.90625,0.015625,77.37759685516357,0.011873245239257812,0.9999999999990976,5371,2348,222,1059,0.9058694652377293,0.6974292008811765,594,257,29,120,0.8951195862960568,0.6811738378533004,
nomao,GaussianNB,Select Percentile (Mutual Info),8,5.890625,0.015625,77.3770341873169,0.011873245239257812,0.9999999999999929,5241,2390,180,1189,0.8985547742525009,0.6875985428055919,582,269,17,132,0.9135080605668842,0.6967670565820726,
nomao,GaussianNB,Select Percentile (Mutual Info),9,5.96875,0.015625,77.37702560424805,0.011873245239257812,0.9999999999996535,5356,2346,224,1074,0.9008853501642955,0.6940178368649161,604,253,33,110,0.8937386143268496,0.686532773137598,
nomao,GaussianNB,Select Percentile (Mutual Info),10,5.84375,0.015625,76.69008827209473,0.011812210083007812,0.999999999999642,5272,2352,218,1158,0.9026408312203861,0.6807191662765865,603,264,22,111,0.9118259191788604,0.7165059224529471,
nomao,GaussianNB,Random Undersampling,1,0.109375,0.015625,24.8886661529541,0.05244922637939453,1.0,5972,1532,1039,457,0.7658000422168147,0.571351485039471,666,155,130,49,0.7405692553060974,0.532472761207746,
nomao,GaussianNB,Random Undersampling,2,0.109375,0.015625,24.731773376464844,0.05237293243408203,1.0,6084,1298,1273,345,0.7272412013363939,0.5276203752911384,665,125,160,50,0.6848460311618206,0.43798883063117117,
nomao,GaussianNB,Random Undersampling,3,0.109375,0.015625,25.437966346740723,0.052681922912597656,1.0,5896,1652,919,533,0.7833938906860378,0.589627142709,660,192,93,55,0.8034891424365109,0.6246403233088236,
nomao,GaussianNB,Random Undersampling,4,0.109375,0.015625,25.43809700012207,0.052681922912597656,1.0,5926,1595,976,503,0.7747401394122884,0.5792226580127591,653,173,112,62,0.7618966997914365,0.5539469576548898,
nomao,GaussianNB,Random Undersampling,5,0.109375,0.015625,25.506638526916504,0.052704811096191406,1.0,5799,1915,655,631,0.8277127218594744,0.6488350248908903,640,208,78,74,0.8213379757497404,0.6262867591630751,
nomao,GaussianNB,Random Undersampling,6,0.109375,0.015625,24.957735061645508,0.05247211456298828,1.0,6082,1207,1363,348,0.7089514435616124,0.4964497721198885,673,151,135,41,0.7378112083994437,0.5398594858790081,
nomao,GaussianNB,Random Undersampling,7,0.109375,0.015625,24.72218608856201,0.05235767364501953,1.0,6088,1220,1350,342,0.7117271907583009,0.5027147436528057,680,129,157,34,0.7013525689996278,0.49356422990464355,
nomao,GaussianNB,Random Undersampling,8,0.109375,0.03125,25.42828369140625,0.052666664123535156,1.0,5974,1511,1059,456,0.7616157239593103,0.565076237787189,664,185,101,50,0.7914536443948208,0.61476856220993,
nomao,GaussianNB,Random Undersampling,9,0.109375,0.015625,24.800771713256836,0.05239582061767578,1.0,6066,1244,1326,364,0.7151138571022262,0.5039880174141205,677,137,149,37,0.7135952283011107,0.5092124032897393,
nomao,GaussianNB,Random Undersampling,10,0.109375,0.015625,25.428503036499023,0.052666664123535156,1.0,5865,1741,829,565,0.7996941924708474,0.6099994269419701,660,184,102,54,0.7878004348592583,0.6024281282446986,
nomao,GaussianNB,SMOTE / SMOTENC,1,16.984375,0.015625,171.23882961273193,3.395008087158203,0.9999942685002509,5705,2156,415,724,0.8948989770015159,0.7030224078506473,641,230,55,74,0.88525334314808,0.6904164490242951,
nomao,GaussianNB,SMOTE / SMOTENC,2,16.921875,0.015625,171.24224948883057,3.395212173461914,0.9999999999997442,5701,2151,420,728,0.8770854232259879,0.7006010132510232,624,232,53,91,0.8494049809839284,0.6629584951836459,
nomao,GaussianNB,SMOTE / SMOTENC,3,17.171875,0.015625,171.24216556549072,3.3956832885742188,0.9999999968157454,5636,2174,397,793,0.8879863517115627,0.6940290929151584,620,250,35,95,0.9170065022696601,0.7068192277182721,
nomao,GaussianNB,SMOTE / SMOTENC,4,17.234375,0.015625,171.23935413360596,3.394664764404297,0.9999999999115713,5650,2191,380,779,0.8901222091481986,0.7022953874656703,621,235,50,94,0.8679401300453932,0.6658979444997702,
nomao,GaussianNB,SMOTE / SMOTENC,5,16.625,0.015625,171.14572429656982,3.395050048828125,0.9999996375806488,5646,2186,384,784,0.8931114183877857,0.6999342320818248,618,238,48,96,0.8888709329885801,0.6684966625592953,
nomao,GaussianNB,SMOTE / SMOTENC,6,17.09375,0.015625,171.13756942749023,3.3938026428222656,0.9999999994603445,5641,2181,389,789,0.889186268161766,0.6973184378069095,633,251,35,81,0.9127122877122876,0.7332782633213812,
nomao,GaussianNB,SMOTE / SMOTENC,7,16.703125,0.015625,171.1410732269287,3.3943634033203125,0.9999999950892402,5644,2184,386,786,0.8921878233717193,0.6988879143718587,626,234,52,88,0.8711019372784078,0.6720970266186099,
nomao,GaussianNB,SMOTE / SMOTENC,8,17.15625,0.015625,171.14267921447754,3.394512176513672,0.9999999998288422,5630,2170,400,800,0.8873903637496898,0.691563690402096,628,254,32,86,0.9042183306889189,0.7323045053677715,
nomao,GaussianNB,SMOTE / SMOTENC,9,17.28125,0.015625,171.13719844818115,3.3937454223632812,0.999999999858062,5645,2183,387,785,0.8880082420076126,0.6987830216675422,625,241,45,89,0.8821325733090439,0.6900280119230708,
nomao,GaussianNB,SMOTE / SMOTENC,10,17.015625,0.015625,171.13778114318848,3.3937110900878906,0.9999999999999147,5641,2177,393,789,0.8766385982535657,0.6960615798908459,642,241,45,72,0.8783275547981432,0.7229002428992104,
nomao,LogisticRegression,Baseline,1,0.234375,0.015625,30.827592849731445,0.008243560791015625,0.5499806047900986,6174,2355,216,255,0.9875930178059006,0.8724002291040589,685,253,32,30,0.9860238007606429,0.8475599796253088,
nomao,LogisticRegression,Baseline,2,0.21875,0.015625,30.27656841278076,0.008199691772460938,0.5546129222244343,6179,2360,211,250,0.9880052034734916,0.875110539805198,675,253,32,40,0.9823236412710097,0.8249695585168632,
nomao,LogisticRegression,Baseline,3,0.21875,0.0,30.96529483795166,0.008258819580078125,0.6109113106672948,6127,2398,173,302,0.9874194739063725,0.8731222751311862,678,267,18,37,0.9882321187584345,0.8686070783065142,
nomao,LogisticRegression,Baseline,4,0.234375,0.0,30.96467685699463,0.008258819580078125,0.6806603149874474,6075,2436,135,354,0.9877813539255559,0.8716620942101861,669,266,19,46,0.9842620537357378,0.8466863266058321,
nomao,LogisticRegression,Baseline,5,0.21875,0.015625,30.827033042907715,0.008243560791015625,0.6114203113466673,6129,2399,171,301,0.9873737829120549,0.8739220658017615,681,265,21,33,0.9884478266831208,0.869787655258577,
nomao,LogisticRegression,Baseline,6,0.234375,0.015625,30.962574005126953,0.008258819580078125,0.6133890761783785,6124,2394,176,306,0.9873280040665413,0.8712380299731319,685,262,24,29,0.9881980764333705,0.8709688500919381,
nomao,LogisticRegression,Baseline,7,0.234375,0.015625,30.963802337646484,0.008258819580078125,0.5506268772497136,6180,2360,210,250,0.9881083019164786,0.8753699296744039,676,256,30,38,0.9811218193571135,0.8350416922114677,
nomao,LogisticRegression,Baseline,8,0.234375,0.0,30.963313102722168,0.008258819580078125,0.4872694186053753,6213,2303,267,217,0.9869602907092846,0.8675076806451688,696,258,28,18,0.9927572427572428,0.8864461030201732,
nomao,LogisticRegression,Baseline,9,0.21875,0.0,30.96436882019043,0.008258819580078125,0.613599299126684,6128,2398,172,302,0.987846094728625,0.8733852586360356,677,262,24,37,0.9836438071732189,0.8530677708075622,
nomao,LogisticRegression,Baseline,10,0.234375,0.015625,30.68974781036377,0.008228302001953125,0.6209089494529397,6123,2393,177,307,0.9876435543506544,0.870701222807406,685,268,18,29,0.9856222209163386,0.8865448341699136,
nomao,LogisticRegression,Standard Scaler,1,0.234375,0.015625,35.045992851257324,0.009854316711425781,0.629121336116336,6142,2413,158,287,0.988645715679977,0.8811734426033494,683,261,24,32,0.9876481413323519,0.8639073234546779,
nomao,LogisticRegression,Standard Scaler,2,0.234375,0.015625,34.58627986907959,0.009810447692871094,0.6232205805523872,6146,2417,154,283,0.9891537936539136,0.8833204205959262,675,262,23,40,0.9824463256042203,0.848854526766681,
nomao,LogisticRegression,Standard Scaler,3,0.21875,0.015625,35.116150856018066,0.009869575500488281,0.5493557539951064,6188,2369,202,241,0.9886364894486095,0.8799890990672484,687,264,21,28,0.9884333210649,0.880778848250437,
nomao,LogisticRegression,Standard Scaler,4,0.234375,0.015625,35.11634922027588,0.009869575500488281,0.5509647485870779,6186,2367,204,243,0.9889944369757345,0.8789049747867927,686,260,25,29,0.9842227947491106,0.868099223347163,
nomao,LogisticRegression,Standard Scaler,5,0.21875,0.015625,35.046427726745605,0.009854316711425781,0.555351735807122,6191,2371,199,239,0.9885788588268756,0.8813333093897803,687,263,23,27,0.9886535033593857,0.8781262302845767,
nomao,LogisticRegression,Standard Scaler,6,0.234375,0.015625,35.115403175354004,0.009869575500488281,0.6238595264673465,6140,2410,160,290,0.988541733484215,0.8798269446247463,684,264,22,30,0.9890452684570331,0.8738998179105983,
nomao,LogisticRegression,Standard Scaler,7,0.234375,0.0,35.114895820617676,0.009869575500488281,0.6198918003095087,6145,2415,155,285,0.9892894142849362,0.8825109804533758,673,261,25,41,0.9816604963663788,0.8416869135173658,
nomao,LogisticRegression,Standard Scaler,8,0.234375,0.015625,35.11536693572998,0.009869575500488281,0.547561295449636,6180,2360,210,250,0.988067697018475,0.8753699296744039,696,266,20,18,0.9937415525650819,0.906771282855101,
nomao,LogisticRegression,Standard Scaler,9,0.234375,0.015625,35.11762523651123,0.009869575500488281,0.5525749821573784,6198,2378,192,232,0.9890561327919348,0.8851281873904745,677,262,24,37,0.9844126461773519,0.8530677708075622,
nomao,LogisticRegression,Standard Scaler,10,0.234375,0.015625,34.979201316833496,0.009839057922363281,0.5520108679182409,6184,2364,206,246,0.988817526066408,0.8775384313890862,691,263,23,23,0.9862588392000157,0.887367534426358,
nomao,LogisticRegression,MinMax Scaler,1,0.25,0.015625,35.05082607269287,0.011124610900878906,0.6141464210095036,6126,2397,174,303,0.9876414177081569,0.872585530633042,682,262,23,33,0.9861072261072261,0.8642829728817911,
nomao,LogisticRegression,MinMax Scaler,2,0.234375,0.015625,34.587172508239746,0.011080741882324219,0.5513181489559928,6179,2360,211,250,0.9880467063896765,0.875110539805198,675,251,34,40,0.9823776223776223,0.8196571220480574,
nomao,LogisticRegression,MinMax Scaler,3,0.234375,0.015625,35.11519718170166,0.011139869689941406,0.611381118466773,6128,2399,172,301,0.9874603718237791,0.8736590196293305,679,267,18,36,0.9882566556250767,0.8707887130841414,
nomao,LogisticRegression,MinMax Scaler,4,0.21875,0.015625,35.116456031799316,0.011139869689941406,0.679991772242273,6075,2436,135,354,0.9877730049424166,0.8716620942101861,669,266,19,46,0.9842718684823948,0.8466863266058321,
nomao,LogisticRegression,MinMax Scaler,5,0.21875,0.015625,35.04784679412842,0.011124610900878906,0.5516912929471119,6177,2357,213,253,0.9874208022946911,0.873743553388392,685,261,25,29,0.9885065914477679,0.8683725234059299,
nomao,LogisticRegression,MinMax Scaler,6,0.234375,0.015625,35.11665439605713,0.011139869689941406,0.6146466329835264,6124,2394,176,306,0.9873711505527956,0.8712380299731319,685,262,24,29,0.9881588999236058,0.8709688500919381,
nomao,LogisticRegression,MinMax Scaler,7,0.234375,0.015625,35.11829662322998,0.011139869689941406,0.5500578176474611,6182,2362,208,248,0.9881534453649297,0.876454180531745,677,257,29,37,0.981224657695246,0.839898957923859,
nomao,LogisticRegression,MinMax Scaler,8,0.25,0.015625,35.117934226989746,0.011139869689941406,0.48486215303653935,6215,2305,265,215,0.9869408051993633,0.8686034336837505,696,258,28,18,0.992874772286537,0.8864461030201732,
nomao,LogisticRegression,MinMax Scaler,9,0.234375,0.015625,35.116456031799316,0.011139869689941406,0.5455233193660477,6175,2355,215,255,0.9878594683239436,0.8726593025310508,680,261,25,34,0.9837172631290279,0.857090694576691,
nomao,LogisticRegression,MinMax Scaler,10,0.234375,0.015625,34.978726387023926,0.011109352111816406,0.6207229003683093,6123,2393,177,307,0.9876633424306056,0.870701222807406,685,268,18,29,0.9856516032986622,0.8865448341699136,
nomao,LogisticRegression,IQR Capping,1,0.390625,0.03125,38.684285163879395,0.009266853332519531,0.5464589339265495,6172,2353,218,257,0.9873735242491677,0.8713161048236033,687,256,29,28,0.985518341307815,0.8599947342178529,
nomao,LogisticRegression,IQR Capping,2,0.390625,0.03125,38.13350200653076,0.009222984313964844,0.5479337049559871,6177,2358,213,252,0.9877323490245212,0.8740264155247424,674,255,30,41,0.9820733652312599,0.8280817367584287,
nomao,LogisticRegression,IQR Capping,3,0.40625,0.03125,38.821044921875,0.009282112121582031,0.5484630201937706,6168,2349,222,261,0.987098461554657,0.869147856262692,682,264,21,33,0.9881437860385229,0.8695251544959128,
nomao,LogisticRegression,IQR Capping,4,0.390625,0.046875,38.8197717666626,0.009282112121582031,0.6242111635129048,6120,2391,180,309,0.9874491490964433,0.8693650636441768,676,267,18,39,0.9844927002821738,0.8642703875434696,
nomao,LogisticRegression,IQR Capping,5,0.421875,0.03125,38.682135581970215,0.009266853332519531,0.6764346592661271,6069,2429,141,361,0.9870401691971609,0.8682055149654816,674,270,16,40,0.9880560615854733,0.8676730264617085,
nomao,LogisticRegression,IQR Capping,6,0.421875,0.03125,38.81928253173828,0.009282112121582031,0.5433749367662553,6169,2349,221,261,0.987046977022832,0.8694065499590273,689,258,28,25,0.9884380325556795,0.8698421478974766,
nomao,LogisticRegression,IQR Capping,7,0.40625,0.046875,38.819560050964355,0.009282112121582031,0.5433229991369434,6179,2359,211,251,0.9878100283810689,0.8748278042457333,682,255,31,32,0.9812540400775696,0.8459065114909425,
nomao,LogisticRegression,IQR Capping,8,0.421875,0.046875,38.81923484802246,0.009282112121582031,0.5338578702509861,6165,2345,225,265,0.9865636214001731,0.8672380482443449,694,261,25,20,0.9921549039196098,0.8893030290201485,
nomao,LogisticRegression,IQR Capping,9,0.421875,0.03125,38.82029151916504,0.009282112121582031,0.5469623628135718,6171,2351,219,259,0.9874481546253879,0.8704908008163685,681,261,25,33,0.9839082486141311,0.8593280207734244,
nomao,LogisticRegression,IQR Capping,10,0.421875,0.03125,38.54526233673096,0.009251594543457031,0.6184485221542632,6117,2387,183,313,0.987391755571827,0.8674803798130507,684,268,18,30,0.9851569998628822,0.8843025016516513,
nomao,LogisticRegression,IQR Removal,1,0.46875,0.015625,30.871496200561523,0.008420944213867188,0.5499806047900986,6174,2355,216,255,0.9875930178059006,0.8724002291040589,685,253,32,30,0.9860238007606429,0.8475599796253088,
nomao,LogisticRegression,IQR Removal,2,0.453125,0.015625,30.326594352722168,0.0083770751953125,0.5546129222244343,6179,2360,211,250,0.9880052034734916,0.875110539805198,675,253,32,40,0.9823236412710097,0.8249695585168632,
nomao,LogisticRegression,IQR Removal,3,0.484375,0.015625,31.01402759552002,0.008436203002929688,0.6109113106672948,6127,2398,173,302,0.9874194739063725,0.8731222751311862,678,267,18,37,0.9882321187584345,0.8686070783065142,
nomao,LogisticRegression,IQR Removal,4,0.484375,0.015625,31.01274299621582,0.008436203002929688,0.6806603149874474,6075,2436,135,354,0.9877813539255559,0.8716620942101861,669,266,19,46,0.9842620537357378,0.8466863266058321,
nomao,LogisticRegression,IQR Removal,5,0.484375,0.015625,30.874008178710938,0.008420944213867188,0.6114203113466673,6129,2399,171,301,0.9873737829120549,0.8739220658017615,681,265,21,33,0.9884478266831208,0.869787655258577,
nomao,LogisticRegression,IQR Removal,6,0.484375,0.015625,31.011598587036133,0.008436203002929688,0.6133890761783785,6124,2394,176,306,0.9873280040665413,0.8712380299731319,685,262,24,29,0.9881980764333705,0.8709688500919381,
nomao,LogisticRegression,IQR Removal,7,0.46875,0.015625,31.01138687133789,0.008436203002929688,0.5506268772497136,6180,2360,210,250,0.9881083019164786,0.8753699296744039,676,256,30,38,0.9811218193571135,0.8350416922114677,
nomao,LogisticRegression,IQR Removal,8,0.46875,0.0,31.012182235717773,0.008436203002929688,0.4872694186053753,6213,2303,267,217,0.9869602907092846,0.8675076806451688,696,258,28,18,0.9927572427572428,0.8864461030201732,
nomao,LogisticRegression,IQR Removal,9,0.484375,0.015625,31.011300086975098,0.008436203002929688,0.613599299126684,6128,2398,172,302,0.987846094728625,0.8733852586360356,677,262,24,37,0.9836438071732189,0.8530677708075622,
nomao,LogisticRegression,IQR Removal,10,0.484375,0.015625,30.73776626586914,0.008405685424804688,0.6209089494529397,6123,2393,177,307,0.9876435543506544,0.870701222807406,685,268,18,29,0.9856222209163386,0.8865448341699136,
nomao,LogisticRegression,Yeo-Johnson,1,0.984375,0.015625,35.050339698791504,0.008717536926269531,0.7599446737682055,4905,1536,1035,1524,0.6651980018826352,0.3436623515482964,570,167,118,145,0.6661440314071894,0.3733299547175478,
nomao,LogisticRegression,Yeo-Johnson,2,0.984375,0.015625,34.589234352111816,0.008673667907714844,0.7624954325921868,4920,1549,1022,1509,0.6689376203304758,0.35076471374326756,539,161,124,176,0.628192859771807,0.30441456061419886,
nomao,LogisticRegression,Yeo-Johnson,3,0.984375,0.015625,35.117873191833496,0.008732795715332031,0.7605356567059092,4839,1559,1012,1590,0.663551981706773,0.3400876113655825,520,194,91,195,0.6895448411237884,0.37775745550902945,
nomao,LogisticRegression,Yeo-Johnson,4,1.03125,0.015625,35.11904430389404,0.008732795715332031,0.76035769037153,4981,1522,1049,1448,0.6721662870601832,0.3523429721617879,557,134,151,158,0.6134511102932156,0.24740540941562777,
nomao,LogisticRegression,Yeo-Johnson,5,1.015625,0.015625,35.048935890197754,0.008717536926269531,0.75981737075918,4923,1547,1023,1507,0.6650855970614399,0.3506481084784652,531,177,109,183,0.676279602750191,0.3413446105778659,
nomao,LogisticRegression,Yeo-Johnson,6,1.0,0.015625,35.12042713165283,0.008732795715332031,0.7602869391851471,4841,1561,1009,1589,0.662691420929374,0.3411670654358098,543,183,103,171,0.6992345889404713,0.378328991324384,
nomao,LogisticRegression,Yeo-Johnson,7,1.0,0.015625,35.117682456970215,0.008732795715332031,0.7578926504510011,5023,1473,1097,1407,0.665394097463858,0.34309355924887996,556,169,117,158,0.6730034671211143,0.35604660819463163,
nomao,LogisticRegression,Yeo-Johnson,8,0.984375,0.015625,35.11863994598389,0.008732795715332031,0.7607070362185695,4845,1565,1005,1585,0.6629226146891698,0.3432300560053385,527,184,102,187,0.6928145384027737,0.35682855909816985,
nomao,LogisticRegression,Yeo-Johnson,9,0.9375,0.015625,35.12033176422119,0.008732795715332031,0.7608413394082268,4913,1534,1036,1517,0.6650350376094547,0.3444214692700552,546,176,110,168,0.6651142974672387,0.3615663406604494,
nomao,LogisticRegression,Yeo-Johnson,10,0.96875,0.015625,34.98034954071045,0.008702278137207031,0.7611402241600338,4914,1540,1030,1516,0.6672808333988902,0.3466594065243171,560,162,124,154,0.644228320698909,0.34092186601626573,
nomao,LogisticRegression,Quantile Transform,1,0.390625,0.03125,35.61415767669678,0.5728797912597656,0.429673360728341,6256,2257,314,173,0.9869950370135228,0.865856010407729,695,243,42,20,0.985493804441173,0.8455485048850122,
nomao,LogisticRegression,Quantile Transform,2,0.390625,0.03125,35.1508731842041,0.5728359222412109,0.5967497555474898,6118,2389,182,311,0.9874659680624776,0.8682915746478883,675,258,27,40,0.9807532818059135,0.838242458137656,
nomao,LogisticRegression,Quantile Transform,3,0.40625,0.03125,35.679362297058105,0.5728950500488281,0.609527975274609,6116,2387,184,313,0.9867780542017196,0.8672180856516,667,269,16,48,0.9862544473070789,0.8505497894604137,
nomao,LogisticRegression,Quantile Transform,4,0.390625,0.046875,35.68117713928223,0.5728950500488281,0.6022391930534121,6117,2388,183,312,0.9873049173877194,0.8677548301497441,671,262,23,44,0.9814746656851919,0.8402348353007567,
nomao,LogisticRegression,Quantile Transform,5,0.421875,0.03125,35.61215114593506,0.5728797912597656,0.49141598224549565,6213,2303,267,217,0.9868318194746175,0.8675076806451688,689,252,34,25,0.9859111476758535,0.8543725506669172,
nomao,LogisticRegression,Quantile Transform,6,0.390625,0.046875,35.682003021240234,0.5728950500488281,0.49176875514385354,6209,2299,271,221,0.9866344530441571,0.8653161745680052,692,251,35,22,0.9883498854087088,0.8589533909072351,
nomao,LogisticRegression,Quantile Transform,7,0.421875,0.03125,35.68215560913086,0.5728950500488281,0.5335377011582775,6164,2344,226,266,0.9875144779759275,0.8666959228156743,679,258,28,35,0.9810434663375839,0.8469884679062223,
nomao,LogisticRegression,Quantile Transform,8,0.390625,0.046875,35.68422603607178,0.5728950500488281,0.5967749322678351,6110,2380,190,320,0.9864425933882397,0.8637227296529694,679,265,21,35,0.9907641378229615,0.8653588419358258,
nomao,LogisticRegression,Quantile Transform,9,0.40625,0.03125,35.68149280548096,0.5728950500488281,0.60157448861466,6119,2389,181,311,0.9872897894717733,0.8685539941445024,672,263,23,42,0.9830953360365126,0.8448319083363819,
nomao,LogisticRegression,Quantile Transform,10,0.390625,0.046875,35.542856216430664,0.5728645324707031,0.6647831182160591,6057,2417,153,373,0.9871277329637944,0.8618228241736016,676,269,17,38,0.9850345732698673,0.8693316117402896,
nomao,LogisticRegression,Uniform Binning,1,0.25,0.015625,35.06399631500244,0.014269828796386719,0.5683858175099008,6171,2352,219,258,0.9873076701321604,0.8707740426833754,688,256,29,27,0.9849932523616733,0.8623134098894647,
nomao,LogisticRegression,Uniform Binning,2,0.25,0.015625,34.601712226867676,0.014225959777832031,0.5079955237460057,6222,2313,258,207,0.9875040527355654,0.8727311447239591,674,256,29,41,0.9824316034842351,0.8307406141375883,
nomao,LogisticRegression,Uniform Binning,3,0.25,0.015625,35.13321590423584,0.014285087585449219,0.579235137886933,6168,2349,222,261,0.9871304659900239,0.869147856262692,680,260,25,35,0.9869856459330144,0.8545678347856068,
nomao,LogisticRegression,Uniform Binning,4,0.25,0.015625,35.133771896362305,0.014285087585449219,0.6289349638148733,6123,2394,177,306,0.987698680842514,0.8709752971386094,677,259,26,38,0.9843184885290148,0.84528481677196,
nomao,LogisticRegression,Uniform Binning,5,0.265625,0.015625,35.06357192993164,0.014269828796386719,0.5062281723944977,6220,2310,260,210,0.9873990475095461,0.8713428162802048,693,254,32,21,0.9876496052966641,0.8690370605507131,
nomao,LogisticRegression,Uniform Binning,6,0.265625,0.015625,35.135634422302246,0.014285087585449219,0.6269292015696221,6122,2391,179,308,0.986972544795493,0.8698729772379442,681,259,27,33,0.9868856633562516,0.854097100293783,
nomao,LogisticRegression,Uniform Binning,7,0.25,0.015625,35.13263416290283,0.014285087585449219,0.5733282230025206,6180,2360,210,250,0.987644492317747,0.8753699296744039,681,258,28,33,0.9809357309357309,0.8514812545782295,
nomao,LogisticRegression,Uniform Binning,8,0.25,0.015625,35.132710456848145,0.014285087585449219,0.5704486355943159,6164,2344,226,266,0.9869405328863365,0.8666959228156743,686,266,20,28,0.9919565728389259,0.883614349335381,
nomao,LogisticRegression,Uniform Binning,9,0.265625,0.015625,35.1337251663208,0.014285087585449219,0.5776315577138191,6183,2363,207,247,0.9876103926753848,0.8769963059604156,678,255,31,36,0.9835115864527628,0.836865557942948,
nomao,LogisticRegression,Uniform Binning,10,0.265625,0.015625,34.99521732330322,0.014254570007324219,0.5700179553447898,6169,2349,221,261,0.9874554768201099,0.8694065499590273,687,260,26,27,0.9841947268417857,0.8703662702057942,
nomao,LogisticRegression,Quantile Binning,1,0.3125,0.015625,35.05725383758545,0.012951850891113281,0.6199750585245991,6118,2389,182,311,0.9871372722262789,0.8682915746478883,683,263,22,32,0.9864703717335296,0.8691405419298832,
nomao,LogisticRegression,Quantile Binning,2,0.265625,0.015625,34.59489727020264,0.012907981872558594,0.4794898646848414,6222,2313,258,207,0.9876907553585196,0.8727311447239591,685,248,37,30,0.9827383143172617,0.8345047302412307,
nomao,LogisticRegression,Quantile Binning,3,0.34375,0.015625,35.12735080718994,0.012967109680175781,0.5496418375845619,6172,2353,218,257,0.98709032432109,0.8713161048236033,683,264,21,32,0.9892872040240461,0.8717569338448438,
nomao,LogisticRegression,Quantile Binning,4,0.28125,0.0,35.12503147125244,0.012967109680175781,0.6243100626484097,6116,2387,184,313,0.9869432793680475,0.8672180856516,675,261,24,40,0.9829984051036683,0.8462019005515984,
nomao,LogisticRegression,Quantile Binning,5,0.28125,0.015625,35.056922912597656,0.012951850891113281,0.4784367810358293,6222,2312,258,208,0.9873286092066008,0.8724385693187866,687,251,35,27,0.9862294568176921,0.8470728186429964,
nomao,LogisticRegression,Quantile Binning,6,0.28125,0.015625,35.126736640930176,0.012967109680175781,0.562990365371224,6164,2344,226,266,0.9871078238558313,0.8666959228156743,690,258,28,24,0.9865893910011557,0.8721825561771919,
nomao,LogisticRegression,Quantile Binning,7,0.265625,0.0,35.12607288360596,0.012967109680175781,0.48541343376567814,6221,2311,259,209,0.9879972889725327,0.8718906927994957,684,255,31,30,0.9798338915985975,0.8504854216241123,
nomao,LogisticRegression,Quantile Binning,8,0.265625,0.015625,35.12606334686279,0.012967109680175781,0.5468858492666239,6166,2345,225,264,0.9868046789429412,0.8674911939956803,691,262,24,23,0.9916456092926682,0.884800932324261,
nomao,LogisticRegression,Quantile Binning,9,0.265625,0.015625,35.12749481201172,0.012967109680175781,0.4774585015035008,6216,2306,264,214,0.9872479742936503,0.8691513102030414,679,254,32,35,0.9811242678889738,0.836484939802371,
nomao,LogisticRegression,Quantile Binning,10,0.265625,0.015625,34.987141609191895,0.012936592102050781,0.4174508446291197,6256,2256,314,174,0.9871729671832546,0.8655526136599502,702,247,39,12,0.9856883312765665,0.8735126270896599,
nomao,LogisticRegression,PCA,1,1.234375,0.09375,31.074180603027344,0.01741504669189453,0.6202288654527502,6106,2377,194,323,0.9852432630512302,0.8618506406701578,681,259,26,34,0.9834915961231752,0.8541728822202241,
nomao,LogisticRegression,PCA,2,1.359375,0.09375,30.609843254089355,0.017371177673339844,0.6709682587845438,6055,2416,155,374,0.985423945936341,0.8610255180967238,666,261,24,49,0.9807974481658692,0.8269623539643979,
nomao,LogisticRegression,PCA,3,1.234375,0.09375,31.141605377197266,0.01743030548095703,0.6681501341183164,6052,2413,158,377,0.9848035196892919,0.8594300316797044,666,269,16,49,0.9871132376395533,0.8484780547366941,
nomao,LogisticRegression,PCA,4,1.21875,0.09375,31.141139030456543,0.01743030548095703,0.6124441887557577,6101,2372,199,328,0.9851990376405433,0.8591669181794368,682,262,23,33,0.9830891915102441,0.8642829728817911,
nomao,LogisticRegression,PCA,5,1.3125,0.09375,31.07183074951172,0.01741504669189453,0.616856433397262,6103,2373,197,327,0.9850753399374284,0.8599650794928881,678,267,19,36,0.986195177371648,0.8684144793175633,
nomao,LogisticRegression,PCA,6,1.21875,0.09375,31.140769958496094,0.01743030548095703,0.6658402012880477,6054,2414,156,376,0.9850628437951965,0.8602271514756316,676,263,23,38,0.9855634561516915,0.853509272858859,
nomao,LogisticRegression,PCA,7,1.34375,0.09375,31.1412296295166,0.01743030548095703,0.5664534255593288,6157,2337,233,273,0.9857198141009736,0.8629010448149802,673,257,29,41,0.978732052261464,0.8310813982103793,
nomao,LogisticRegression,PCA,8,1.34375,0.09375,31.143064498901367,0.01743030548095703,0.6085169017690955,6100,2370,200,330,0.9845376124804087,0.8583546579957104,682,267,19,32,0.989853283970931,0.8772359136293034,
nomao,LogisticRegression,PCA,9,1.3125,0.09375,31.141977310180664,0.01743030548095703,0.6188370205232037,6105,2375,195,325,0.9853217529697249,0.8610386938243398,672,259,27,42,0.981729055258467,0.8342115514154717,
nomao,LogisticRegression,PCA,10,1.3125,0.09375,31.003549575805664,0.01739978790283203,0.6162343734695749,6098,2368,202,332,0.9852168821973846,0.8572810436642586,683,262,24,31,0.9824538206891149,0.866436889116225,
nomao,LogisticRegression,Select Percentile (Mutual Info),1,6.6875,0.015625,77.03337287902832,0.0093841552734375,0.4892959457042984,6206,2297,274,223,0.9861340632522593,0.8639661437726288,692,250,35,23,0.9862250030671084,0.8562420592725344,
nomao,LogisticRegression,Select Percentile (Mutual Info),2,5.828125,0.015625,75.6611099243164,0.009325027465820312,0.6108679032724708,6112,2383,188,317,0.9862087201014899,0.8650711076590231,673,259,26,42,0.9819065145380935,0.8365428884744178,
nomao,LogisticRegression,Select Percentile (Mutual Info),3,5.984375,0.015625,77.38108539581299,0.0093994140625,0.6186096097728914,6114,2385,186,315,0.9862351887980363,0.8661445966553115,673,266,19,42,0.9866666666666668,0.8551702478196869,
nomao,LogisticRegression,Select Percentile (Mutual Info),4,5.96875,0.015625,77.37771511077881,0.0093994140625,0.618388596605074,6115,2386,185,314,0.9865614948890611,0.8666813411534557,681,258,27,34,0.9831529873635136,0.8515462279965227,
nomao,LogisticRegression,Select Percentile (Mutual Info),5,5.953125,0.015625,77.03641319274902,0.0093841552734375,0.6101624918497118,6111,2381,189,319,0.9857207823250691,0.8642595368186953,681,266,20,33,0.9888102093984447,0.8724022850649551,
nomao,LogisticRegression,Select Percentile (Mutual Info),6,5.984375,0.015625,77.37771034240723,0.0093994140625,0.6114287903401983,6108,2378,192,322,0.9859363634713254,0.8626491153215176,679,259,27,35,0.9852598382010147,0.8496134893486417,
nomao,LogisticRegression,Select Percentile (Mutual Info),7,5.984375,0.015625,77.38082599639893,0.0093994140625,0.4945377740440079,6208,2298,272,222,0.9865421389280551,0.8647682980487144,684,252,34,30,0.9794127441186266,0.8426750605354979,
nomao,LogisticRegression,Select Percentile (Mutual Info),8,6.0,0.015625,77.37920188903809,0.0093994140625,0.48590685635147807,6196,2286,284,234,0.9851819051019358,0.8581937798172239,696,258,28,18,0.9921451097921686,0.8864461030201732,
nomao,LogisticRegression,Select Percentile (Mutual Info),9,6.0,0.015625,77.38052272796631,0.0093994140625,0.4941190302697033,6213,2303,267,217,0.9863758464396584,0.8675076806451688,682,253,33,32,0.981826996532879,0.8406809899954985,
nomao,LogisticRegression,Select Percentile (Mutual Info),10,5.90625,0.015625,76.69050884246826,0.00936126708984375,0.4832763556056667,6201,2291,279,229,0.9860836848188511,0.8609331624136782,695,255,31,19,0.9846721905545435,0.8764022970137608,
nomao,LogisticRegression,Random Undersampling,1,0.1875,0.015625,24.88900375366211,0.04759979248046875,0.38772188192874685,6121,2392,179,308,0.9867672549735286,0.869901808142321,683,263,22,32,0.9847282542019384,0.8691405419298832,
nomao,LogisticRegression,Random Undersampling,2,0.171875,0.015625,24.731847763061523,0.04756927490234375,0.4088095917592008,6123,2394,177,306,0.9873341388287066,0.8709752971386094,670,260,25,45,0.981832903938167,0.8327536931604579,
nomao,LogisticRegression,Random Undersampling,3,0.171875,0.015625,25.43812370300293,0.047672271728515625,0.4604423060676659,6066,2427,144,363,0.9867032763527332,0.8668756349591281,669,270,15,46,0.986808980493191,0.8573944601021152,
nomao,LogisticRegression,Random Undersampling,4,0.1875,0.015625,25.438294410705566,0.047672271728515625,0.2671418234814984,6211,2302,269,218,0.9869264301520742,0.8667052065699195,692,251,34,23,0.9846202919887131,0.8588178613265732,
nomao,LogisticRegression,Random Undersampling,5,0.203125,0.015625,25.5068359375,0.047672271728515625,0.4552866279179202,6072,2432,138,358,0.986668915770555,0.8698011876634516,676,269,17,38,0.987904252610135,0.8693316117402896,
nomao,LogisticRegression,Random Undersampling,6,0.1875,0.015625,24.957622528076172,0.04759979248046875,0.4410708424622537,6069,2429,141,361,0.986365710343659,0.8682055149654816,678,263,23,36,0.986880766292531,0.8579013993719105,
nomao,LogisticRegression,Random Undersampling,7,0.203125,0.015625,24.722579956054688,0.04755401611328125,0.39455803176487836,6119,2389,181,311,0.987001561261354,0.8685539941445024,674,260,26,40,0.9807986131515543,0.84121378496217,
nomao,LogisticRegression,Random Undersampling,8,0.203125,0.015625,25.428354263305664,0.047657012939453125,0.39502895108847336,6119,2389,181,311,0.9862953628117228,0.8685539941445024,688,271,15,26,0.9928943605414193,0.9010737512481606,
nomao,LogisticRegression,Random Undersampling,9,0.1875,0.0,24.801105499267578,0.04756927490234375,0.39454100199121156,6123,2393,177,307,0.9870800479270928,0.870701222807406,673,264,22,41,0.9827819239583946,0.8496383708062936,
nomao,LogisticRegression,Random Undersampling,10,0.1875,0.015625,25.428577423095703,0.047657012939453125,0.4639771228122208,6066,2426,144,364,0.9868284306902831,0.8666098422675116,677,271,15,37,0.984089439971793,0.8767619027826778,
nomao,LogisticRegression,SMOTE / SMOTENC,1,17.15625,0.015625,171.23809051513672,3.3899574279785156,0.43016249232788045,6125,2396,175,304,0.9871406602194368,0.8720487861348978,684,262,23,31,0.9851453809348546,0.8687745440719047,
nomao,LogisticRegression,SMOTE / SMOTENC,2,16.984375,0.015625,171.24374675750732,3.3902530670166016,0.43068621864504464,6130,2401,170,299,0.9874889580160494,0.8747325086256189,670,257,28,45,0.9813667034719665,0.8247297462640185,
nomao,LogisticRegression,SMOTE / SMOTENC,3,16.515625,0.015625,171.2424087524414,3.3906097412109375,0.35752148164099035,6173,2354,217,256,0.987027979196996,0.8718581669638311,680,264,21,35,0.9876334192123666,0.8650894680657255,
nomao,LogisticRegression,SMOTE / SMOTENC,4,17.296875,0.015625,171.23902797698975,3.3895912170410156,0.42952379334021085,6123,2394,177,306,0.9874181731589993,0.8709752971386094,679,264,21,36,0.9842767758557233,0.8628854027363244,
nomao,LogisticRegression,SMOTE / SMOTENC,5,16.890625,0.0,171.1458797454834,3.3899993896484375,0.35140659484777276,6172,2352,218,258,0.9869808049573072,0.871032926245039,686,258,28,28,0.9877867230808407,0.8628822158233923,
nomao,LogisticRegression,SMOTE / SMOTENC,6,17.40625,0.015625,171.1378116607666,3.3887290954589844,0.36197500787108766,6174,2354,216,256,0.9870454036586769,0.8721171771023802,689,258,28,25,0.9887514446337976,0.8698421478974766,
nomao,LogisticRegression,SMOTE / SMOTENC,7,17.328125,0.015625,171.14232921600342,3.3892898559570312,0.4321602218735418,6127,2397,173,303,0.9877765036217633,0.8728484514703096,674,260,26,40,0.979755538579068,0.84121378496217,
nomao,LogisticRegression,SMOTE / SMOTENC,8,17.21875,0.015625,171.1425266265869,3.3894386291503906,0.43508409122995917,6119,2389,181,311,0.9864388415198698,0.8685539941445024,686,274,12,28,0.9925270807623748,0.9043454211777968,
nomao,LogisticRegression,SMOTE / SMOTENC,9,17.234375,0.015625,171.13846397399902,3.388671875,0.35019196213508547,6171,2351,219,259,0.9874979576522988,0.8704908008163685,679,261,25,35,0.98299249769838,0.8548627237234843,
nomao,LogisticRegression,SMOTE / SMOTENC,10,17.328125,0.015625,171.13886165618896,3.388683319091797,0.5115882816374668,6075,2435,135,355,0.987195690192495,0.8713968603614216,675,271,15,39,0.9848288965936024,0.8724578120934594,
nomao,KNN,Baseline,1,0.078125,0.390625,30.827717781066895,15.456037521362305,0.6,6226,2371,200,203,0.9923739299008486,0.8903221680378262,689,257,28,26,0.9679842964053489,0.8672312199775166,
nomao,KNN,Baseline,2,0.625,0.5625,30.275277137756348,15.181365966796875,0.6,6235,2371,200,194,0.9923870583743356,0.8926597460144551,680,251,34,35,0.9689363268310638,0.8308765583668846,
nomao,KNN,Baseline,3,0.6875,0.546875,30.962870597839355,15.524709701538086,0.6,6231,2375,196,198,0.9925088446283882,0.8927588799275848,679,257,28,36,0.9789498221077171,0.8444384409857705,
nomao,KNN,Baseline,4,0.796875,0.5625,30.962428092956543,15.524709701538086,0.6,6225,2383,188,204,0.9929344612688555,0.893485567573437,681,252,33,34,0.9618598944914735,0.8357787741811915,
nomao,KNN,Baseline,5,0.59375,0.5625,30.824345588684082,15.456037521362305,0.6,6238,2373,197,192,0.9923530871220144,0.8940091673002908,686,251,35,28,0.9725862372921197,0.8447284558209864,
nomao,KNN,Baseline,6,0.609375,0.5625,30.961949348449707,15.524709701538086,0.6,6234,2363,207,196,0.9924031927189549,0.8901206853975265,682,261,25,32,0.9730637010048775,0.8615747838137243,
nomao,KNN,Baseline,7,0.796875,0.5625,30.962735176086426,15.524709701538086,0.6,6249,2371,199,181,0.9928865180846107,0.8963138651153426,678,250,36,36,0.9659825468648997,0.8237057060586472,
nomao,KNN,Baseline,8,0.609375,0.5625,30.962300300598145,15.524709701538086,0.6,6237,2365,205,193,0.9921912726700595,0.8914720793230805,687,254,32,27,0.9776204187968894,0.8548404073479214,
nomao,KNN,Baseline,9,0.625,0.5625,30.96264362335205,15.524709701538086,0.6,6245,2365,205,185,0.992266521836479,0.8935625821266358,680,255,31,34,0.9688693659281895,0.8413667867074776,
nomao,KNN,Baseline,10,0.609375,0.5625,30.687451362609863,15.387365341186523,0.6,6233,2372,198,197,0.9924944175829495,0.8924238234464574,676,249,37,38,0.9615237703472999,0.8165548010331206,
nomao,KNN,Standard Scaler,1,0.625,0.5625,35.044968605041504,15.457651138305664,0.6,6260,2359,212,169,0.993155739571984,0.8958118097060734,685,248,37,30,0.9676285118390382,0.8345047302412307,
nomao,KNN,Standard Scaler,2,0.796875,0.5625,34.58345699310303,15.182979583740234,0.6,6267,2365,206,162,0.9935377055506036,0.8993602812654886,685,254,31,30,0.9624610477242056,0.8501695915899784,
nomao,KNN,Standard Scaler,3,0.5625,0.5625,35.11464786529541,15.526323318481445,0.6,6264,2358,213,165,0.9933664606464327,0.8965874012209253,683,252,33,32,0.9774358974358974,0.8403444489621039,
nomao,KNN,Standard Scaler,4,0.625,0.5625,35.11435890197754,15.526323318481445,0.6,6257,2363,208,172,0.9934092643099908,0.8961521317988268,683,254,31,32,0.9717139001349527,0.8455832058098054,
nomao,KNN,Standard Scaler,5,0.625,0.546875,35.04443359375,15.457651138305664,0.6,6262,2364,206,168,0.9933440947407278,0.8977494104993422,687,247,39,27,0.9679193355663945,0.8367092651510031,
nomao,KNN,Standard Scaler,6,0.625,0.609375,35.114291191101074,15.526323318481445,0.6,6253,2357,213,177,0.9930395277486975,0.8933927998063641,681,261,25,33,0.978384360737302,0.8593280207734244,
nomao,KNN,Standard Scaler,7,0.625,0.5625,35.11369609832764,15.526323318481445,0.6,6272,2359,211,158,0.9934954100126474,0.8989854324982249,687,251,35,27,0.9677259015494308,0.8470728186429964,
nomao,KNN,Standard Scaler,8,0.625,0.578125,35.11360454559326,15.526323318481445,0.6,6267,2355,215,163,0.9930342025161724,0.896527706136375,696,255,31,18,0.9753775636128577,0.8788225432627997,
nomao,KNN,Standard Scaler,9,0.625,0.609375,35.1138334274292,15.526323318481445,0.6,6268,2340,230,162,0.9931235514459822,0.8925542368312747,684,260,26,30,0.9782496914849856,0.8634956699666064,
nomao,KNN,Standard Scaler,10,0.625,0.5625,34.97633075714111,15.388978958129883,0.6,6255,2366,204,175,0.9931485739874495,0.8964707616305065,692,256,30,22,0.9695990284225577,0.8717699712402894,
nomao,KNN,MinMax Scaler,1,0.609375,0.546875,35.04698657989502,15.458924293518066,0.6,6227,2373,198,202,0.992426685794308,0.8911515604005061,688,256,29,27,0.9677413814255919,0.8623134098894647,
nomao,KNN,MinMax Scaler,2,0.6875,0.5625,34.583603858947754,15.184252738952637,0.6,6236,2370,201,193,0.992304022292027,0.8926355967177554,681,250,35,34,0.9685780885780886,0.8305193063342294,
nomao,KNN,MinMax Scaler,3,0.625,0.5625,35.114874839782715,15.527596473693848,0.6,6230,2376,195,199,0.9925032786396288,0.8927842958805797,679,257,28,36,0.9789694516010308,0.8444384409857705,
nomao,KNN,MinMax Scaler,4,0.625,0.5625,35.116225242614746,15.527596473693848,0.6,6227,2382,189,202,0.9929125905630234,0.8937173013456529,681,252,33,34,0.9620169304379831,0.8357787741811915,
nomao,KNN,MinMax Scaler,5,0.578125,0.546875,35.04590129852295,15.458924293518066,0.6,6238,2374,196,192,0.9923277620105174,0.8942936937396728,686,252,34,28,0.9726156196744433,0.8473230408783856,
nomao,KNN,MinMax Scaler,6,0.71875,0.609375,35.11544227600098,15.527596473693848,0.6,6233,2365,205,197,0.9923657950632674,0.8904299028078794,682,260,26,32,0.9728335390100097,0.8589640832230647,
nomao,KNN,MinMax Scaler,7,0.625,0.5625,35.11682987213135,15.527596473693848,0.6,6250,2373,197,180,0.9929125088501733,0.8971434030968926,678,250,36,36,0.9659311276958336,0.8237057060586472,
nomao,KNN,MinMax Scaler,8,0.625,0.5625,35.11533451080322,15.527596473693848,0.6,6238,2366,204,192,0.9922365371465226,0.8920174726639484,687,254,32,27,0.9777452939217646,0.8548404073479214,
nomao,KNN,MinMax Scaler,9,0.796875,0.5625,35.11551570892334,15.527596473693848,0.6,6247,2369,201,183,0.9922688516257088,0.8952223051281653,679,256,30,35,0.9688546747370277,0.8417374568213752,
nomao,KNN,MinMax Scaler,10,0.765625,0.5625,34.97879886627197,15.390252113342285,0.6,6234,2373,197,196,0.9924701817235599,0.8929685131357707,676,249,37,38,0.9615874321756674,0.8165548010331206,
nomao,KNN,IQR Capping,1,0.859375,0.9375,38.684125900268555,15.457060813903809,0.6,6226,2367,204,203,0.9921895565231906,0.8891815737456622,686,257,28,29,0.9696822475769844,0.8602898532527263,
nomao,KNN,IQR Capping,2,0.78125,0.90625,38.13281536102295,15.182389259338379,0.6,6224,2377,194,205,0.9922882318239159,0.8915157283804204,678,254,31,37,0.9659968102073365,0.834288195538339,
nomao,KNN,IQR Capping,3,0.96875,0.9375,38.819440841674805,15.52573299407959,0.6,6222,2367,204,207,0.9921718603089281,0.8881449339878441,678,256,29,37,0.9786357502146976,0.8395712203685437,
nomao,KNN,IQR Capping,4,0.78125,0.96875,38.81949424743652,15.52573299407959,0.6,6215,2383,188,214,0.9927652431105916,0.8909089892998218,678,251,34,37,0.959710464973623,0.8263601791972589,
nomao,KNN,IQR Capping,5,0.78125,0.9375,38.6821985244751,15.457060813903809,0.6,6229,2364,206,201,0.9920412887062711,0.8891046642338176,685,250,36,29,0.969476601829543,0.839794467200138,
nomao,KNN,IQR Capping,6,0.96875,0.9375,38.81920909881592,15.52573299407959,0.6,6223,2363,207,207,0.9920762960587228,0.8872624068840733,680,260,26,34,0.9718149497561263,0.8544707550610331,
nomao,KNN,IQR Capping,7,0.96875,0.9375,38.81935214996338,15.52573299407959,0.6,6235,2366,204,195,0.9925210134885719,0.8912354562242317,677,251,35,37,0.9640482066952655,0.8240842761067951,
nomao,KNN,IQR Capping,8,0.953125,0.921875,38.81938648223877,15.52573299407959,0.6,6229,2360,210,201,0.9918045276579265,0.8879642516117353,689,253,33,25,0.9800444653385829,0.8569516796819137,
nomao,KNN,IQR Capping,9,0.953125,0.984375,38.81925678253174,15.52573299407959,0.6,6227,2360,210,203,0.9919160852279261,0.8874443142744605,681,258,28,33,0.9680931813284754,0.8514812545782295,
nomao,KNN,IQR Capping,10,0.796875,0.96875,38.54457759857178,15.388388633728027,0.6,6234,2367,203,196,0.992212210516124,0.8912598229350427,673,251,35,41,0.9619253295723884,0.8151612368595297,
nomao,KNN,IQR Removal,1,0.84375,0.546875,30.871264457702637,15.456214904785156,0.6,6226,2371,200,203,0.9923739299008486,0.8903221680378262,689,257,28,26,0.9679842964053489,0.8672312199775166,
nomao,KNN,IQR Removal,2,0.828125,0.5625,30.32426643371582,15.181543350219727,0.6,6235,2371,200,194,0.9923870583743356,0.8926597460144551,680,251,34,35,0.9689363268310638,0.8308765583668846,
nomao,KNN,IQR Removal,3,1.03125,0.5625,31.011333465576172,15.524887084960938,0.6,6231,2375,196,198,0.9925088446283882,0.8927588799275848,679,257,28,36,0.9789498221077171,0.8444384409857705,
nomao,KNN,IQR Removal,4,1.03125,0.5625,31.010984420776367,15.524887084960938,0.6,6225,2383,188,204,0.9929344612688555,0.893485567573437,681,252,33,34,0.9618598944914735,0.8357787741811915,
nomao,KNN,IQR Removal,5,0.859375,0.546875,30.87360191345215,15.456214904785156,0.6,6238,2373,197,192,0.9923530871220144,0.8940091673002908,686,251,35,28,0.9725862372921197,0.8447284558209864,
nomao,KNN,IQR Removal,6,0.859375,0.5625,31.01165008544922,15.524887084960938,0.6,6234,2363,207,196,0.9924031927189549,0.8901206853975265,682,261,25,32,0.9730637010048775,0.8615747838137243,
nomao,KNN,IQR Removal,7,1.046875,0.5625,31.01112174987793,15.524887084960938,0.6,6249,2371,199,181,0.9928865180846107,0.8963138651153426,678,250,36,36,0.9659825468648997,0.8237057060586472,
nomao,KNN,IQR Removal,8,1.0,0.546875,31.011035919189453,15.524887084960938,0.6,6237,2365,205,193,0.9921912726700595,0.8914720793230805,687,254,32,27,0.9776204187968894,0.8548404073479214,
nomao,KNN,IQR Removal,9,0.859375,0.5625,31.011159896850586,15.524887084960938,0.6,6245,2365,205,185,0.992266521836479,0.8935625821266358,680,255,31,34,0.9688693659281895,0.8413667867074776,
nomao,KNN,IQR Removal,10,1.03125,0.5625,30.73648738861084,15.387542724609375,0.6,6233,2372,198,197,0.9924944175829495,0.8924238234464574,676,249,37,38,0.9615237703472999,0.8165548010331206,
nomao,KNN,Yeo-Johnson,1,1.53125,0.5625,35.050082206726074,15.456517219543457,0.8,5852,1544,1027,577,0.7921934164153956,0.5436712507279603,654,141,144,61,0.7213225371120109,0.4603304061889599,
nomao,KNN,Yeo-Johnson,2,1.34375,0.578125,34.58592414855957,15.181845664978027,0.8,5854,1553,1018,575,0.7960213344349151,0.5471050794365258,627,149,136,88,0.7250496871549502,0.424332069204626,
nomao,KNN,Yeo-Johnson,3,1.453125,0.5625,35.116936683654785,15.525189399719238,0.8,5855,1541,1030,574,0.7927054268813905,0.5434585628704609,637,168,117,78,0.7732989817200343,0.5035117979626722,
nomao,KNN,Yeo-Johnson,4,1.625,0.59375,35.118414878845215,15.525189399719238,0.8,5876,1562,1009,553,0.8004212787992274,0.5556409359326767,643,132,153,72,0.7051748251748252,0.4060338441338439,
nomao,KNN,Yeo-Johnson,5,1.453125,0.71875,35.048691749572754,15.456517219543457,0.8,5874,1530,1040,556,0.7934292076901199,0.5446900372116503,629,154,132,85,0.7495568157332863,0.44440985721645115,
nomao,KNN,Yeo-Johnson,6,1.421875,0.640625,35.11812686920166,15.525189399719238,0.8,5856,1525,1045,574,0.8339543482338988,0.5384438698350021,634,166,120,80,0.7871931989579048,0.4914421268483531,
nomao,KNN,Yeo-Johnson,7,1.421875,0.5625,35.118197441101074,15.525189399719238,0.8,5894,1548,1022,536,0.7953339767989301,0.5557026290394322,630,148,138,84,0.7324489236253943,0.4280444063265278,
nomao,KNN,Yeo-Johnson,8,1.40625,0.6875,35.117703437805176,15.525189399719238,0.8,5875,1528,1042,555,0.7923651596662048,0.5442970500769817,630,156,130,84,0.7595345830639948,0.4526557962875874,
nomao,KNN,Yeo-Johnson,9,1.421875,0.75,35.11792469024658,15.525189399719238,0.8,5883,1545,1025,547,0.7937543494441789,0.5518825425883565,629,141,145,85,0.721697420226832,0.4040469628510033,
nomao,KNN,Yeo-Johnson,10,1.4375,0.5625,34.98007106781006,15.387845039367676,0.8,5866,1543,1027,564,0.797786155605715,0.5468623249988164,631,143,143,83,0.7172386437092318,0.4146290948202821,
nomao,KNN,Quantile Transform,1,0.78125,0.9375,35.61135673522949,16.020691871643066,0.6,6234,2355,216,195,0.9923135207728447,0.887845154231117,688,251,34,27,0.9789007483744325,0.8493386118002975,
nomao,KNN,Quantile Transform,2,0.9375,0.9375,35.147491455078125,15.746020317077637,0.6,6247,2361,210,182,0.9926797567832312,0.8929544508901515,686,255,30,29,0.9670641639062693,0.8550821629039157,
nomao,KNN,Quantile Transform,3,0.953125,0.9375,35.6809139251709,16.089364051818848,0.6,6237,2367,204,192,0.9925157718643988,0.8920427961161947,682,258,27,33,0.9791363022941972,0.8537962935253811,
nomao,KNN,Quantile Transform,4,0.78125,0.9375,35.681275367736816,16.089364051818848,0.6,6241,2368,203,188,0.9928883603619563,0.8933712670044104,681,240,45,34,0.967292356766041,0.8041825222797148,
nomao,KNN,Quantile Transform,5,0.78125,0.9375,35.61056900024414,16.020691871643066,0.6,6247,2366,204,183,0.9930027049760667,0.8943704480841812,688,250,36,26,0.968205813794049,0.8468425600178869,
nomao,KNN,Quantile Transform,6,0.78125,0.9375,35.67844486236572,16.089364051818848,0.6,6247,2368,202,183,0.9928532353813291,0.8949383531137065,678,258,28,36,0.9680564533505711,0.8447562236362504,
nomao,KNN,Quantile Transform,7,0.78125,0.9375,35.67984485626221,16.089364051818848,0.6,6248,2375,195,182,0.9929857610543961,0.897187519441497,683,247,39,31,0.959981195275313,0.827315096565162,
nomao,KNN,Quantile Transform,8,0.78125,0.921875,35.67808246612549,16.089364051818848,0.6,6254,2356,214,176,0.9926883649720728,0.8933727426168692,693,253,33,21,0.9735313705901942,0.8664790390480714,
nomao,KNN,Quantile Transform,9,0.765625,0.953125,35.679216384887695,16.089364051818848,0.6,6242,2367,203,188,0.9927126613454684,0.8933462275738563,682,254,32,32,0.9718467806703102,0.8432939609410197,
nomao,KNN,Quantile Transform,10,0.78125,0.9375,35.543182373046875,15.952019691467285,0.6,6236,2368,202,194,0.9927488487210365,0.8920653128762581,681,252,34,33,0.9668370844841433,0.8357787741811915,
nomao,KNN,Uniform Binning,1,0.625,0.5625,35.06280040740967,15.462074279785156,0.6,6251,2375,196,178,0.9936512335713339,0.8979751895919802,691,253,32,24,0.9775757575757575,0.8615927175202481,
nomao,KNN,Uniform Binning,2,0.75,0.46875,34.60057735443115,15.187402725219727,0.6,6274,2375,196,155,0.994063025989719,0.9040378681942614,691,256,29,24,0.9678886026254447,0.8693310452657158,
nomao,KNN,Uniform Binning,3,0.65625,0.5625,35.13198375701904,15.530746459960938,0.6,6260,2366,205,169,0.993699330974201,0.8977925998114068,682,260,25,33,0.9802257391731075,0.859040102837451,
nomao,KNN,Uniform Binning,4,0.625,0.5625,35.132493019104004,15.530746459960938,0.6,6263,2385,186,166,0.9941342343459136,0.9039574537111089,681,249,36,34,0.9655207949944792,0.8278887392731011,
nomao,KNN,Uniform Binning,5,0.625,0.5625,35.06396770477295,15.462074279785156,0.6,6257,2368,202,173,0.9935083902669273,0.8975637498528712,691,247,39,23,0.9732693776811423,0.8462741877764128,
nomao,KNN,Uniform Binning,6,0.8125,0.546875,35.13343334197998,15.530746459960938,0.6,6265,2366,204,165,0.9939836067557837,0.8991078787743498,682,254,32,32,0.9746576952459306,0.8432939609410197,
nomao,KNN,Uniform Binning,7,0.625,0.546875,35.13261890411377,15.530746459960938,0.6,6272,2366,204,158,0.9940499603633262,0.9009616773578907,682,252,34,32,0.9720647000058764,0.838067566138799,
nomao,KNN,Uniform Binning,8,0.8125,0.5625,35.13155460357666,15.530746459960938,0.6,6267,2371,199,163,0.9937170123024974,0.9010501294139318,699,256,30,15,0.9820277761454231,0.8886752601852682,
nomao,KNN,Uniform Binning,9,0.625,0.5625,35.132182121276855,15.530746459960938,0.6,6276,2367,203,154,0.9938465122752661,0.9023059563661904,685,262,24,29,0.9824048500519089,0.8709688500919381,
nomao,KNN,Uniform Binning,10,0.625,0.5625,34.99441623687744,15.393402099609375,0.6,6268,2377,193,162,0.993988326848249,0.903010010883498,693,260,26,21,0.9744740553564083,0.8843797973526875,
nomao,KNN,Quantile Binning,1,0.828125,0.5625,35.05491352081299,15.460763931274414,0.6,6242,2353,218,187,0.9919693067179851,0.8893705238989559,695,247,38,20,0.9704919641761747,0.8557988523093965,
nomao,KNN,Quantile Binning,2,0.78125,0.546875,34.59325408935547,15.186092376708984,0.6,6247,2359,212,182,0.9922139682238912,0.8923868187620465,678,251,34,37,0.9630450251502883,0.8263601791972589,
nomao,KNN,Quantile Binning,3,0.65625,0.5625,35.12394428253174,15.529436111450195,0.6,6245,2348,223,184,0.9916977832663267,0.8887383972990329,680,256,29,35,0.9740031897926635,0.84404224453186,
nomao,KNN,Quantile Binning,4,0.65625,0.5625,35.12601375579834,15.529436111450195,0.6,6251,2370,201,178,0.9922630336248035,0.896557422207571,680,243,42,35,0.9635284014231382,0.8097815943094528,
nomao,KNN,Quantile Binning,5,0.65625,0.5625,35.056944847106934,15.460763931274414,0.6,6245,2350,220,185,0.9920024084574375,0.8893012770091415,684,247,39,30,0.9694668077021018,0.8296479748914447,
nomao,KNN,Quantile Binning,6,0.828125,0.5625,35.12428665161133,15.529436111450195,0.6,6249,2351,219,181,0.9918516983255774,0.8906373251903236,682,258,28,32,0.9719275822216998,0.8537419630879595,
nomao,KNN,Quantile Binning,7,0.8125,0.5625,35.12463092803955,15.529436111450195,0.6,6263,2361,209,167,0.9923452203012386,0.8971648376667164,682,249,37,32,0.9600105776576365,0.8302242490106165,
nomao,KNN,Quantile Binning,8,0.65625,0.546875,35.12443447113037,15.529436111450195,0.6,6249,2351,219,181,0.9915287955897392,0.8906373251903236,688,264,22,26,0.974429981782923,0.8830030837239001,
nomao,KNN,Quantile Binning,9,0.625,0.5625,35.12484264373779,15.529436111450195,0.6,6253,2358,212,177,0.9920485201299841,0.8936763691300881,685,250,36,29,0.9728580243286125,0.839794467200138,
nomao,KNN,Quantile Binning,10,0.828125,0.5625,34.98582935333252,15.392091751098633,0.6,6253,2346,224,177,0.9916792939225784,0.8902734846799691,688,254,32,26,0.976180682063035,0.8571802191110331,
nomao,KNN,PCA,1,1.03125,0.5,31.071413040161133,11.483129501342773,0.6,6222,2366,205,207,0.992200537251015,0.887859532647457,688,254,31,27,0.9701778922831555,0.8571246498307533,
nomao,KNN,PCA,2,0.90625,0.515625,30.60957908630371,11.208457946777344,0.6,6230,2369,202,199,0.9922546241417867,0.8907900318832255,682,251,34,33,0.9691620660041711,0.8354318776481667,
nomao,KNN,PCA,3,0.90625,0.5625,31.139707565307617,11.551801681518555,0.6,6228,2366,205,201,0.992301662796792,0.8894156281835918,678,255,30,37,0.9790381548276286,0.8369299178695656,
nomao,KNN,PCA,4,0.9375,0.53125,31.142066955566406,11.551801681518555,0.6,6223,2379,192,206,0.992881705375396,0.8918279242785522,679,251,34,36,0.9596466691203532,0.8286135446678201,
nomao,KNN,PCA,5,0.953125,0.5625,31.07107925415039,11.483129501342773,0.6,6235,2370,200,195,0.9923423761429584,0.8923743329447997,685,252,34,29,0.9705490587843528,0.8449939440129995,
nomao,KNN,PCA,6,0.984375,0.53125,31.14085578918457,11.551801681518555,0.6,6232,2358,212,198,0.9923313928508755,0.8881752807650692,680,259,27,34,0.9708526767350296,0.851850573208723,
nomao,KNN,PCA,7,0.953125,0.34375,31.140483856201172,11.551801681518555,0.6,6247,2369,201,183,0.9928579554737944,0.8952223051281653,679,250,36,35,0.9635021840904194,0.8259743425525776,
nomao,KNN,PCA,8,0.9375,0.359375,31.14020538330078,11.551801681518555,0.6,6237,2360,210,193,0.992255841114426,0.890049102747784,686,253,33,28,0.9767046678811384,0.8499171756804604,
nomao,KNN,PCA,9,0.859375,0.375,31.140703201293945,11.551801681518555,0.6,6238,2363,207,192,0.9922244343453293,0.8911638819123485,679,253,33,35,0.9678556737380266,0.8338580352522337,
nomao,KNN,PCA,10,0.90625,0.359375,31.00369644165039,11.414457321166992,0.6,6237,2364,206,193,0.9925319665236519,0.8911874853668277,676,246,40,38,0.9633846545611251,0.8086231161175267,
nomao,KNN,Select Percentile (Mutual Info),1,6.65625,0.375,77.03345012664795,7.767612457275391,0.6,6217,2397,174,212,0.9931692612946769,0.8954231932738573,693,257,28,22,0.9778971905287694,0.876630284640171,
nomao,KNN,Select Percentile (Mutual Info),2,6.453125,0.375,75.66048908233643,7.630239486694336,0.6,6224,2386,185,205,0.9932476691363321,0.8940831564514671,681,264,21,34,0.9743957796589375,0.867302692429133,
nomao,KNN,Select Percentile (Mutual Info),3,6.40625,0.359375,77.37660312652588,7.767627716064453,0.6,6222,2397,174,207,0.9934506159764811,0.8967068177517807,678,257,28,37,0.9753649858913017,0.8422121357863116,
nomao,KNN,Select Percentile (Mutual Info),4,6.59375,0.390625,77.37690162658691,7.767627716064453,0.6,6226,2401,170,203,0.9937561101095356,0.8988765444456084,679,251,34,36,0.9681388786651945,0.8286135446678201,
nomao,KNN,Select Percentile (Mutual Info),5,6.375,0.375,77.03315258026123,7.767612457275391,0.6,6214,2391,179,216,0.9930636123230722,0.8929441063579144,684,249,37,30,0.9659849953967601,0.8348604785792895,
nomao,KNN,Select Percentile (Mutual Info),6,6.5625,0.375,77.37755966186523,7.767627716064453,0.6,6228,2387,183,202,0.992993143763124,0.8954035476741571,678,261,25,36,0.978829993535876,0.8526440276540039,
nomao,KNN,Select Percentile (Mutual Info),7,6.421875,0.5,77.37726497650146,7.767627716064453,0.6,6232,2393,177,198,0.9935192525309983,0.8981470725768838,678,255,31,36,0.969963859669742,0.836865557942948,
nomao,KNN,Select Percentile (Mutual Info),8,6.53125,0.375,77.3775634765625,7.767627716064453,0.6,6223,2387,183,207,0.9927060048048121,0.8941137615174312,690,257,29,24,0.9803652230122818,0.8696101023503044,
nomao,KNN,Select Percentile (Mutual Info),9,6.421875,0.375,77.37712478637695,7.767627716064453,0.6,6238,2390,180,192,0.9932366521231338,0.8988461139656051,679,258,28,35,0.9726939726939727,0.8469884679062223,
nomao,KNN,Select Percentile (Mutual Info),10,6.359375,0.375,76.68975734710693,7.698932647705078,0.6,6226,2388,182,204,0.9933227635536244,0.8951725410649553,683,251,35,31,0.971474603827545,0.8377571445952156,
nomao,KNN,Random Undersampling,1,0.625,0.5625,24.88854694366455,8.558928489685059,0.4,6155,2358,213,274,0.9829078770175423,0.8684697993697651,677,249,36,38,0.9673806894859526,0.8188193477508517,
nomao,KNN,Random Undersampling,2,0.640625,0.375,24.731518745422363,8.480452537536621,0.4,6205,2312,259,224,0.9836740777202,0.8680039263693924,681,252,33,34,0.968698319224635,0.8357787741811915,
nomao,KNN,Random Undersampling,3,0.609375,0.40625,25.437801361083984,8.8335599899292,0.4,6132,2355,216,297,0.9830785774228129,0.8618495950880445,674,258,27,41,0.9770457612562877,0.8360571845498022,
nomao,KNN,Random Undersampling,4,0.8125,0.5625,25.437753677368164,8.8335599899292,0.4,6142,2347,224,287,0.9830224032862567,0.862020883196709,673,252,33,42,0.9651404735615262,0.817900256108859,
nomao,KNN,Random Undersampling,5,0.625,0.5625,25.506824493408203,8.869349479675293,0.4,6162,2341,229,268,0.9820553582126583,0.8653224464317201,680,252,34,34,0.9717659791189204,0.8334998334998335,
nomao,KNN,Random Undersampling,6,0.609375,0.359375,24.95752716064453,8.59482479095459,0.4,6147,2354,216,283,0.9839318672806822,0.8653126526954158,680,257,29,34,0.9699001978413744,0.8466093556998023,
nomao,KNN,Random Undersampling,7,0.8125,0.5625,24.722163200378418,8.477156639099121,0.4,6137,2368,202,293,0.9831010099787595,0.8668832317761159,671,250,36,43,0.9609459168282699,0.8080916254862169,
nomao,KNN,Random Undersampling,8,0.640625,0.40625,25.42816734313965,8.830126762390137,0.4,6155,2334,236,275,0.9826268827420107,0.8615271381947895,683,255,31,31,0.9738815106462166,0.8481910246616129,
nomao,KNN,Random Undersampling,9,0.625,0.34375,24.800607681274414,8.516379356384277,0.4,6156,2339,231,274,0.9830880599814827,0.8632276853346118,680,255,31,34,0.969625962273021,0.8413667867074776,
nomao,KNN,Random Undersampling,10,0.625,0.375,25.42807960510254,8.830126762390137,0.4,6150,2357,213,280,0.9829171684286329,0.8669341106421151,671,252,34,43,0.9685779906368143,0.8134185196845989,
nomao,KNN,SMOTE / SMOTENC,1,17.453125,0.5625,171.23745346069336,25.460326194763184,0.4,6290,2300,271,139,0.9929716989436539,0.8872224565500716,691,247,38,24,0.9663795853269538,0.8461050697500534,
nomao,KNN,SMOTE / SMOTENC,2,17.640625,0.75,171.24129009246826,25.068257331848145,0.4,6292,2313,258,137,0.9930051251261498,0.8914189134831801,688,246,39,27,0.9680947123052386,0.8363520030160221,
nomao,KNN,SMOTE / SMOTENC,3,17.171875,0.75,171.24110794067383,25.559069633483887,0.4,6313,2305,266,116,0.9932320299179156,0.8949210883053408,688,249,36,27,0.9761820635504846,0.8441456131506119,
nomao,KNN,SMOTE / SMOTENC,4,16.9375,0.75,171.238751411438,25.558051109313965,0.4,6295,2324,247,134,0.9933932015924294,0.8953219577392623,684,242,43,31,0.960542264752791,0.8164619467595098,
nomao,KNN,SMOTE / SMOTENC,5,17.171875,0.5625,171.14428424835205,25.463801383972168,0.4,6290,2316,254,140,0.9931306920986862,0.8917023379569278,684,243,43,30,0.9687028657616893,0.819215086196106,
nomao,KNN,SMOTE / SMOTENC,6,17.3125,0.5625,171.1374807357788,25.56063747406006,0.4,6316,2302,268,114,0.9931930215248319,0.8948875468928541,693,251,35,21,0.9716068245480011,0.8613619493191768,
nomao,KNN,SMOTE / SMOTENC,7,17.078125,0.5625,171.14002990722656,25.561198234558105,0.4,6310,2324,246,120,0.9936374666416541,0.8993903663559057,681,242,44,33,0.9624297271356095,0.809564892164009,
nomao,KNN,SMOTE / SMOTENC,8,17.09375,0.5625,171.14000988006592,25.561347007751465,0.4,6299,2322,248,131,0.9932177112392663,0.895831026595139,691,242,44,23,0.9748290924761512,0.8334094498759106,
nomao,KNN,SMOTE / SMOTENC,9,17.796875,0.5625,171.1373872756958,25.560580253601074,0.4,6305,2314,256,125,0.9931710246836629,0.8952243500447561,690,250,36,24,0.9668762609939081,0.8515941520995373,
nomao,KNN,SMOTE / SMOTENC,10,17.421875,0.75,171.13834857940674,25.364378929138184,0.4,6303,2299,271,127,0.9931824315737877,0.8904740152166793,690,241,45,24,0.9640212728448023,0.8283952542807242,
nomao,SVM,Baseline,1,2.015625,0.171875,30.890713691711426,2.713252067565918,0.01885107576665523,6246,2337,234,183,0.9891529466556241,0.8858786461509546,690,253,32,25,0.9866225003067108,0.8592278661730086,
nomao,SVM,Baseline,2,1.328125,0.1875,30.341904640197754,2.6569604873657227,0.291586127698261,6151,2422,149,278,0.9896567291382355,0.8860041430866473,675,263,22,40,0.9829812292970188,0.8515069457928433,
nomao,SVM,Baseline,3,1.46875,0.203125,31.028843879699707,2.740828514099121,0.29948736465721326,6149,2420,151,280,0.9892206157689665,0.8849306540903589,671,270,15,44,0.9873242546926757,0.861586595093735,
nomao,SVM,Baseline,4,1.375,0.1875,31.029988288879395,2.7252073287963867,-0.03487440609776067,6249,2340,231,180,0.9892902813782768,0.887522083829329,693,252,33,22,0.985459452827874,0.863784710330833,
nomao,SVM,Baseline,5,1.46875,0.171875,30.891072273254395,2.740900993347168,-0.014429142738738387,6241,2331,239,189,0.9891130159575433,0.8828482231853132,696,259,27,18,0.9892950187067835,0.8889869567525787,
nomao,SVM,Baseline,6,1.453125,0.1875,31.03164768218994,2.7755422592163086,-0.01808295171025328,6240,2330,240,190,0.9890520480965319,0.8823003466660223,691,254,32,23,0.9892607392607393,0.8642623809771062,
nomao,SVM,Baseline,7,1.515625,0.1875,31.029154777526855,2.71652889251709,0.0070021297990586215,6247,2337,233,183,0.9896364015951491,0.8861354823010584,687,257,29,27,0.9833401892225422,0.8626046078231926,
nomao,SVM,Baseline,8,1.453125,0.203125,31.028141975402832,2.791163444519043,-0.005562121992666709,6240,2330,240,190,0.9887262104314043,0.8823003466660223,698,257,29,16,0.9926984779925956,0.888757119440582,
nomao,SVM,Baseline,9,1.484375,0.1875,31.028751373291016,2.746035575866699,0.026280234024482547,6247,2337,233,183,0.9891310491313214,0.8861354823010584,688,260,26,26,0.9869101486748545,0.8726763432645785,
nomao,SVM,Baseline,10,1.453125,0.1875,30.755183219909668,2.715060234069824,-0.028356360507280038,6243,2333,237,187,0.9893185215218062,0.883943976223895,698,253,33,16,0.985749544573074,0.8786350962991376,
nomao,SVM,Standard Scaler,1,1.359375,0.203125,35.04848003387451,2.896275520324707,0.18798071806422575,6243,2424,147,186,0.9917929193241996,0.9098025167797786,691,262,23,24,0.9892332229174334,0.884800932324261,
nomao,SVM,Standard Scaler,2,1.4375,0.1875,34.58539295196533,2.799433708190918,0.18961994739525587,6253,2434,137,176,0.9924014270953181,0.9152231381820569,682,258,27,33,0.9828879892037786,0.8537962935253811,
nomao,SVM,Standard Scaler,3,1.40625,0.203125,35.11522388458252,2.895146369934082,0.19205389010113774,6254,2435,136,175,0.9919461957646577,0.9157652003222847,683,263,22,32,0.9866519445466814,0.8691405419298832,
nomao,SVM,Standard Scaler,4,1.5,0.203125,35.115601539611816,2.8691110610961914,0.3567626904045597,6197,2468,103,232,0.9921171381694395,0.9106943900012809,673,267,18,42,0.9860336155072997,0.8578306973249724,
nomao,SVM,Standard Scaler,5,1.359375,0.21875,35.04751110076904,2.8720827102661133,0.18709871843973797,6249,2429,141,181,0.9923251599082609,0.9127765842526746,686,267,19,28,0.9873459873459873,0.8862054778380857,
nomao,SVM,Standard Scaler,6,1.546875,0.203125,35.11465549468994,2.912503242492676,0.13255475402246877,6243,2423,147,187,0.9916989912315206,0.9095238316806511,698,261,25,16,0.9907249613131968,0.8988767870627677,
nomao,SVM,Standard Scaler,7,1.453125,0.203125,35.115200996398926,2.876053810119629,0.36290403900440293,6204,2474,96,226,0.9922996835117487,0.9141826032312037,676,265,21,38,0.9853626765391472,0.8587837279749192,
nomao,SVM,Standard Scaler,8,1.609375,0.203125,35.11457920074463,2.9437456130981445,-0.002316532315133862,6286,2376,194,144,0.9916154516462836,0.9075026665534025,701,265,21,13,0.9942851266380679,0.916224845915417,
nomao,SVM,Standard Scaler,9,1.5625,0.1875,35.1152868270874,2.9055604934692383,0.1936544071281004,6242,2422,148,188,0.9917478562913388,0.9089817062519805,683,268,18,31,0.9896671955495485,0.8820695421936516,
nomao,SVM,Standard Scaler,10,1.5625,0.203125,34.97756099700928,2.885239601135254,0.1757631409554387,6244,2424,146,186,0.9921480959268022,0.9100659571093217,690,266,20,24,0.9879042526101349,0.892756790602547,
nomao,SVM,MinMax Scaler,1,1.3125,0.1875,35.04743480682373,2.709197998046875,0.022048425615745833,6248,2339,232,181,0.989216048028191,0.8869742712698708,690,253,32,25,0.9867010182799657,0.8592278661730086,
nomao,SVM,MinMax Scaler,2,1.4375,0.171875,34.5844030380249,2.6530284881591797,0.28966728612943515,6152,2423,148,277,0.9896996235516102,0.8865408875847914,675,263,22,40,0.983005766163661,0.8515069457928433,
nomao,SVM,MinMax Scaler,3,1.40625,0.203125,35.115323066711426,2.736743927001953,0.2968419513022608,6149,2420,151,280,0.9892720406651139,0.8849306540903589,671,270,15,44,0.9874174947859159,0.861586595093735,
nomao,SVM,MinMax Scaler,4,1.5,0.203125,35.11784267425537,2.7332725524902344,-0.032384956635756426,6251,2342,229,178,0.9893319657940951,0.8886177089482453,693,253,32,22,0.9854545454545456,0.8663544650430357,
nomao,SVM,MinMax Scaler,5,1.296875,0.1875,35.046820640563965,2.7333908081054688,0.2681046625038758,6146,2416,154,284,0.9891633030965017,0.8830477876191017,686,266,20,28,0.9892705333881804,0.883614349335381,
nomao,SVM,MinMax Scaler,6,1.5,0.203125,35.11594295501709,2.767986297607422,-0.015762643756194104,6242,2332,238,188,0.989101064441365,0.8833960997046041,691,255,31,23,0.9892950187067834,0.8668305407208309,
nomao,SVM,MinMax Scaler,7,1.390625,0.1875,35.11837863922119,2.722858428955078,0.008917851960904801,6248,2338,232,182,0.989684026117845,0.8866833588203493,687,257,29,27,0.9833499833499834,0.8626046078231926,
nomao,SVM,MinMax Scaler,8,1.5,0.1875,35.11498546600342,2.787078857421875,-0.003244592272552943,6241,2331,239,189,0.9887683281795571,0.8828482231853132,698,258,28,16,0.9927474486298016,0.891287183962295,
nomao,SVM,MinMax Scaler,9,1.421875,0.203125,35.116753578186035,2.7471580505371094,0.024856771647687195,6249,2339,231,181,0.9891747402436295,0.8872312353396402,688,260,26,26,0.987012987012987,0.8726763432645785,
nomao,SVM,MinMax Scaler,10,1.5,0.1875,34.97859287261963,2.7196388244628906,-0.024695362629872705,6244,2334,236,186,0.9893634834282394,0.8844918527431859,698,253,33,16,0.9857691328279563,0.8786350962991376,
nomao,SVM,IQR Capping,1,1.546875,0.21875,38.68414115905762,2.755748748779297,0.016645164010907588,6241,2332,239,188,0.9887638719413607,0.8831395833536638,692,256,29,23,0.9865096307201571,0.8716911050777282,
nomao,SVM,IQR Capping,2,1.703125,0.21875,38.13292598724365,2.690237045288086,0.14415069682797624,6199,2380,191,230,0.9892121760360105,0.8859517826097545,678,259,26,37,0.9822549380444118,0.847492935463502,
nomao,SVM,IQR Capping,3,1.71875,0.21875,38.81978702545166,2.7678871154785156,0.33159790551952273,6149,2420,151,280,0.9888058286066291,0.8849306540903589,669,269,16,46,0.9871524966261809,0.8547174595676879,
nomao,SVM,IQR Capping,4,1.765625,0.21875,38.819512367248535,2.7678871154785156,0.13397984592960738,6197,2378,193,232,0.9889305491047561,0.8848676583292988,686,258,27,29,0.9852975095080359,0.8628932338772096,
nomao,SVM,IQR Capping,5,1.53125,0.21875,38.68203353881836,2.7626609802246094,-0.017513861183200204,6240,2330,240,190,0.9887171938445153,0.8823003466660223,696,258,28,18,0.9891285185402833,0.8864461030201732,
nomao,SVM,IQR Capping,6,1.75,0.21875,38.819918632507324,2.797393798828125,-0.017480507386664883,6240,2330,240,190,0.9886394030898453,0.8823003466660223,692,257,29,22,0.9893439893439894,0.8743323875460773,
nomao,SVM,IQR Capping,7,1.59375,0.21875,38.820003509521484,2.7557373046875,0.011292075924530087,6243,2333,237,187,0.9892632722343586,0.883943976223895,687,258,28,27,0.9829484241248947,0.8651920690670333,
nomao,SVM,IQR Capping,8,1.8125,0.21875,38.819780349731445,2.8216934204101562,-0.017996737511497548,6239,2329,241,191,0.9883477558380886,0.8817524701467315,700,256,30,14,0.9923752717870366,0.8911349940550541,
nomao,SVM,IQR Capping,9,1.6875,0.21875,38.8194694519043,2.7765655517578125,0.0059697054611309594,6241,2331,239,189,0.9886900835698422,0.8828482231853132,690,261,25,24,0.9865036923860454,0.8798987165099541,
nomao,SVM,IQR Capping,10,1.75,0.21875,38.54500770568848,2.7418899536132812,0.29404982950119074,6149,2419,151,281,0.9890194007903129,0.8846582091162793,684,260,26,30,0.9849904996963821,0.8634956699666064,
nomao,SVM,IQR Removal,1,1.6875,0.1875,30.93631076812744,2.7134294509887695,0.01885107576665523,6246,2337,234,183,0.9891529466556241,0.8858786461509546,690,253,32,25,0.9866225003067108,0.8592278661730086,
nomao,SVM,IQR Removal,2,1.640625,0.1875,30.38988971710205,2.657137870788574,0.291586127698261,6151,2422,149,278,0.9896567291382355,0.8860041430866473,675,263,22,40,0.9829812292970188,0.8515069457928433,
nomao,SVM,IQR Removal,3,1.78125,0.203125,31.076982498168945,2.7410058975219727,0.29948736465721326,6149,2420,151,280,0.9892206157689665,0.8849306540903589,671,270,15,44,0.9873242546926757,0.861586595093735,
nomao,SVM,IQR Removal,4,1.796875,0.1875,31.076324462890625,2.7253847122192383,-0.03487440609776067,6249,2340,231,180,0.9892902813782768,0.887522083829329,693,252,33,22,0.985459452827874,0.863784710330833,
nomao,SVM,IQR Removal,5,1.734375,0.1875,30.938772201538086,2.7410783767700195,-0.014429142738738387,6241,2331,239,189,0.9891130159575433,0.8828482231853132,696,259,27,18,0.9892950187067835,0.8889869567525787,
nomao,SVM,IQR Removal,6,1.75,0.1875,31.076757431030273,2.77571964263916,-0.01808295171025328,6240,2330,240,190,0.9890520480965319,0.8823003466660223,691,254,32,23,0.9892607392607393,0.8642623809771062,
nomao,SVM,IQR Removal,7,1.8125,0.1875,31.07655620574951,2.7167062759399414,0.0070021297990586215,6247,2337,233,183,0.9896364015951491,0.8861354823010584,687,257,29,27,0.9833401892225422,0.8626046078231926,
nomao,SVM,IQR Removal,8,1.703125,0.1875,31.076672554016113,2.7913408279418945,-0.005562121992666709,6240,2330,240,190,0.9887262104314043,0.8823003466660223,698,257,29,16,0.9926984779925956,0.888757119440582,
nomao,SVM,IQR Removal,9,1.75,0.1875,31.07603359222412,2.746212959289551,0.026280234024482547,6247,2337,233,183,0.9891310491313214,0.8861354823010584,688,260,26,26,0.9869101486748545,0.8726763432645785,
nomao,SVM,IQR Removal,10,1.8125,0.1875,30.801660537719727,2.715237617492676,-0.028356360507280038,6243,2333,237,187,0.9893185215218062,0.883943976223895,698,253,33,16,0.985749544573074,0.8786350962991376,
nomao,SVM,Yeo-Johnson,1,6.3125,0.59375,35.04929828643799,8.538994789123535,0.9989620007442516,5146,1417,1154,1283,0.6584219853168007,0.3465759224517163,593,149,136,122,0.6388884799411116,0.35767520001538944,
nomao,SVM,Yeo-Johnson,2,5.5,0.59375,34.586280822753906,8.37134075164795,0.9995510755639336,5137,1407,1164,1292,0.6439214048507229,0.34139794619665076,561,141,144,154,0.5813372592319961,0.2765171180626441,
nomao,SVM,Yeo-Johnson,3,6.28125,0.59375,35.12137699127197,8.583611488342285,0.9993402195527797,5147,1418,1153,1282,0.6560075561927402,0.34711266694986054,554,173,112,161,0.6678002699055332,0.3654682186580473,
nomao,SVM,Yeo-Johnson,4,6.203125,0.609375,35.11978054046631,8.559311866760254,0.9994289338768341,5103,1464,1107,1326,0.6616720387533177,0.35472449509591397,566,135,150,149,0.6066838424733162,0.2655736052314471,
nomao,SVM,Yeo-Johnson,5,5.703125,0.59375,35.04857921600342,8.564915657043457,0.9992212727570446,5145,1415,1155,1285,0.6523754470472191,0.34570381472747813,564,167,119,150,0.6755597343832638,0.3630518650735583,
nomao,SVM,Yeo-Johnson,6,6.296875,0.609375,35.11887073516846,8.574933052062988,0.9992616358553706,5138,1408,1162,1292,0.6539026692728032,0.34194616456739685,580,164,122,134,0.6756258447434917,0.38112116002507973,
nomao,SVM,Yeo-Johnson,7,6.09375,0.59375,35.117939949035645,8.590554237365723,0.9990584533994676,5147,1417,1153,1283,0.6541538629115708,0.3467774290589299,570,162,124,144,0.6510499304616952,0.35767651100912706,
nomao,SVM,Yeo-Johnson,8,6.40625,0.609375,35.11727046966553,8.581875801086426,0.9982647716787763,5255,1345,1225,1175,0.6523511809308264,0.34264197516451217,586,156,130,128,0.6836374409903823,0.3669563657984426,
nomao,SVM,Yeo-Johnson,9,6.796875,0.609375,35.117886543273926,8.56799030303955,0.9987464413175462,5190,1367,1203,1240,0.6565054069264331,0.33761869094929137,582,160,126,132,0.6799230181583122,0.372265790294897,
nomao,SVM,Yeo-Johnson,10,5.875,0.609375,34.980040550231934,8.501320838928223,0.9992947867351001,5094,1442,1128,1336,0.6572700013918221,0.3454626401258858,580,156,130,134,0.6521321815439463,0.35630291227696975,
nomao,SVM,Quantile Transform,1,1.515625,0.203125,35.612149238586426,3.194918632507324,-0.0019646589091280205,6230,2321,250,199,0.9885371788991671,0.8771136451996242,693,255,30,22,0.9868825910931175,0.8714929527047616,
nomao,SVM,Quantile Transform,2,1.40625,0.203125,35.14884567260742,3.126511573791504,-0.002817308588895437,6233,2324,247,196,0.988893765179041,0.8787570828779987,685,254,31,30,0.9802625444730708,0.8501695915899784,
nomao,SVM,Quantile Transform,3,1.390625,0.203125,35.68278789520264,3.2047719955444336,0.1787581103616427,6191,2372,199,238,0.9885718150792195,0.8816152854879319,674,269,16,41,0.9860581523739418,0.8652809107655284,
nomao,SVM,Quantile Transform,4,1.5625,0.21875,35.682607650756836,3.2099790573120117,0.1465809261263366,6190,2371,200,239,0.9888258238162487,0.8810732233477041,682,251,34,33,0.9824512329775488,0.8354318776481667,
nomao,SVM,Quantile Transform,5,1.359375,0.203125,35.6119966506958,3.193190574645996,0.022887254034707087,6234,2324,246,196,0.9889195526804679,0.8790130875502771,691,253,33,23,0.9854459266223972,0.8616938886437443,
nomao,SVM,Quantile Transform,6,1.484375,0.203125,35.67985153198242,3.2360143661499023,0.14060253275573684,6183,2363,207,247,0.9882941706858052,0.8769963059604156,680,260,26,34,0.9892460480695775,0.8544707550610331,
nomao,SVM,Quantile Transform,7,1.453125,0.203125,35.68282127380371,3.2047719955444336,-0.00903099728935877,6236,2326,244,194,0.9891392790361329,0.8801088405888589,690,252,34,24,0.9814842020724375,0.8567434457684585,
nomao,SVM,Quantile Transform,8,1.515625,0.203125,35.68751335144043,3.239485740661621,0.34110610737563224,6133,2403,167,297,0.9882561981470612,0.876069294464665,682,269,17,32,0.9913370942782708,0.8824558550239401,
nomao,SVM,Quantile Transform,9,1.390625,0.203125,35.67918300628662,3.211714744567871,0.005854265993977844,6236,2326,244,194,0.9886830639451502,0.8801088405888589,682,257,29,32,0.9854410295586766,0.8511304805176905,
nomao,SVM,Quantile Transform,10,1.546875,0.203125,35.544036865234375,3.1833295822143555,0.1219089242509973,6186,2366,204,244,0.988832170455852,0.8786226822464274,688,251,35,26,0.9821942763119234,0.8494276355118228,
nomao,SVM,Uniform Binning,1,1.390625,0.21875,35.063021659851074,3.075235366821289,0.1238512618085735,6166,2347,224,263,0.9860962810785604,0.8680637319822364,684,256,29,31,0.9846104772420562,0.8530990369602411,
nomao,SVM,Uniform Binning,2,1.515625,0.21875,34.602681159973145,3.0092620849609375,0.10003987339665235,6168,2349,222,261,0.9866831903932971,0.869147856262692,674,256,29,41,0.981705312231628,0.8307406141375883,
nomao,SVM,Uniform Binning,3,1.65625,0.21875,35.13233661651611,3.092233657836914,0.11311878883643206,6168,2349,222,261,0.9862580577518524,0.869147856262692,673,259,26,42,0.9832167832167832,0.8365428884744178,
nomao,SVM,Uniform Binning,4,1.59375,0.203125,35.134544372558594,3.095705032348633,0.0801135255504358,6165,2346,225,264,0.9861429869842377,0.8675216698420085,685,260,25,30,0.9855600539811067,0.8658199103274227,
nomao,SVM,Uniform Binning,5,1.484375,0.21875,35.06343460083008,3.0804195404052734,0.22753273618830505,6113,2383,187,317,0.9859775735093886,0.8653331511501471,680,261,25,34,0.98629311864606,0.857090694576691,
nomao,SVM,Uniform Binning,6,1.59375,0.21875,35.132601737976074,3.1130619049072266,0.09195353741265647,6164,2344,226,266,0.9861199024514224,0.8666959228156743,685,253,33,29,0.9852500440735735,0.8475929764757802,
nomao,SVM,Uniform Binning,7,1.53125,0.234375,35.13353443145752,3.092233657836914,0.1059644302219827,6168,2348,222,262,0.9866215030468801,0.8688644245303567,686,255,31,28,0.9810630545924665,0.855104223081918,
nomao,SVM,Uniform Binning,8,1.59375,0.203125,35.133267402648926,3.139097213745117,-0.02718237410711595,6206,2296,274,224,0.9855516154213892,0.8636725450101327,698,261,25,16,0.9923091614268085,0.8988767870627677,
nomao,SVM,Uniform Binning,9,1.4375,0.21875,35.1343297958374,3.1078548431396484,0.013738361651284788,6210,2300,270,220,0.9863012931843076,0.8658640510872961,681,261,25,33,0.9840796458443518,0.8593280207734244,
nomao,SVM,Uniform Binning,10,1.59375,0.21875,34.99485683441162,3.061708450317383,0.092836160735088,6166,2346,224,264,0.9862146371277632,0.8677801736730155,688,254,32,26,0.9841849327143445,0.8571802191110331,
nomao,SVM,Quantile Binning,1,1.390625,0.203125,35.05878925323486,2.8233489990234375,-0.0018726248729921554,6259,2350,221,170,0.9906574576172642,0.8930002094239105,692,256,29,23,0.9883744325849589,0.8716911050777282,
nomao,SVM,Quantile Binning,2,1.421875,0.171875,34.59460926055908,2.7567081451416016,-0.040843657007454126,6260,2351,220,169,0.9911157139418157,0.8935480219833686,688,253,32,27,0.9837394184762606,0.8545297221340634,
nomao,SVM,Quantile Binning,3,1.453125,0.203125,35.12614917755127,2.834033966064453,-0.05156408926282109,6259,2350,221,170,0.9906742765832984,0.8930002094239105,688,262,23,27,0.9888210035578456,0.8778731893262456,
nomao,SVM,Quantile Binning,4,1.4375,0.203125,35.126715660095215,2.8322982788085938,-0.029727440689687662,6262,2353,218,167,0.9904815542225013,0.8946436471022848,691,254,31,24,0.9855551466077782,0.8641724933593642,
nomao,SVM,Quantile Binning,5,1.3125,0.1875,35.056796073913574,2.8077964782714844,0.09104881747706443,6212,2392,178,218,0.9907052907395416,0.8927179433918627,686,263,23,28,0.987747546571076,0.8758407489703653,
nomao,SVM,Quantile Binning,6,1.46875,0.21875,35.1263952255249,2.8826332092285156,-0.0443437934867949,6260,2349,221,170,0.9907116144531651,0.8929747587851576,693,256,30,21,0.9897088205911735,0.8741522112872953,
nomao,SVM,Quantile Binning,7,1.453125,0.203125,35.12666416168213,2.8270912170410156,0.130717286668454,6217,2397,173,213,0.9911505527954445,0.8954285705352157,683,264,22,31,0.9847456465103525,0.8716480862073883,
nomao,SVM,Quantile Binning,8,1.515625,0.203125,35.12349224090576,2.8947830200195312,0.24942563485644292,6159,2429,141,271,0.9902935534429445,0.8900262807735384,689,274,12,25,0.9937611408199644,0.911071313579741,
nomao,SVM,Quantile Binning,9,1.5,0.203125,35.12602138519287,2.837505340576172,-0.14554485221132013,6303,2303,267,127,0.9903710416275847,0.8915951031561525,693,259,27,21,0.9874757595345831,0.8818231646926521,
nomao,SVM,Quantile Binning,10,1.375,0.203125,34.98731708526611,2.8212509155273438,-0.055522769695414705,6259,2349,221,171,0.9907580589527446,0.8927100005325489,697,256,30,17,0.9893317466846878,0.8837898313516909,
nomao,SVM,PCA,1,2.171875,1.265625,31.07294273376465,1.9990196228027344,-0.00013808016373631726,6251,2342,229,178,0.9892147170308789,0.8886177089482453,690,253,32,25,0.98622009569378,0.8592278661730086,
nomao,SVM,PCA,2,2.0625,1.234375,30.609350204467773,1.9431629180908203,0.131473045246605,6204,2385,186,225,0.989712147026319,0.8886620933108936,680,260,25,35,0.9826671574039996,0.8545678347856068,
nomao,SVM,PCA,3,2.3125,1.25,31.142239570617676,2.0288963317871094,0.16132654742142014,6203,2384,187,226,0.9892276337547935,0.8881200311706657,674,266,19,41,0.9874174947859159,0.8573124476076099,
nomao,SVM,PCA,4,2.15625,1.234375,31.14187526702881,2.0120849609375,-0.03644790409663604,6250,2341,230,179,0.9893395282788228,0.8880698963887871,693,251,34,22,0.9852827873880505,0.8612145733366625,
nomao,SVM,PCA,5,2.21875,1.25,31.07352638244629,2.014446258544922,-0.018560663799487547,6245,2335,235,185,0.9893373413776618,0.8850397292624768,696,258,28,18,0.989143209731445,0.8864461030201732,
nomao,SVM,PCA,6,2.171875,1.265625,31.144527435302734,2.0250167846679688,-0.015115053299871978,6244,2334,236,186,0.9892233632474237,0.8844918527431859,691,253,33,23,0.9886094297859003,0.8616938886437443,
nomao,SVM,PCA,7,2.203125,1.171875,31.142276763916016,2.0094985961914062,0.007207647341986418,6251,2341,229,179,0.9897315901265348,0.888326988378222,685,257,29,29,0.9831198213551156,0.8579851521027991,
nomao,SVM,PCA,8,2.25,1.25,31.14274787902832,2.0508804321289062,0.11908256205561274,6198,2378,192,232,0.9889004302545823,0.8851281873904745,694,261,25,20,0.9919737125619479,0.8893030290201485,
nomao,SVM,PCA,9,2.234375,1.234375,31.141477584838867,2.0172576904296875,0.004959399034665126,6246,2336,234,184,0.989182788606423,0.8855876057817675,691,260,26,23,0.9872578401990165,0.879667431107849,
nomao,SVM,PCA,10,2.109375,1.265625,31.002843856811523,1.9923591613769531,0.1264417108071212,6202,2382,188,228,0.9896008798736468,0.8872966891051568,691,256,30,23,0.9853137059019412,0.8693983989252289,
nomao,SVM,Select Percentile (Mutual Info),1,6.578125,0.125,77.03380298614502,1.3177099227905273,0.19337570395502204,6209,2390,181,220,0.9895278038986,0.8913724040120327,689,261,24,26,0.9876285118390381,0.8775845292526622,
nomao,SVM,Select Percentile (Mutual Info),2,6.546875,0.125,75.66049098968506,1.2819337844848633,0.1888040380739429,6209,2390,181,220,0.9901314111796151,0.8913724040120327,677,263,22,38,0.9842424242424244,0.855860912628779,
nomao,SVM,Select Percentile (Mutual Info),3,6.65625,0.125,77.37718296051025,1.2897710800170898,0.2327264216386652,6211,2392,179,218,0.9897809656373399,0.8924565282924883,672,265,20,43,0.9867206477732794,0.8503718511873241,
nomao,SVM,Select Percentile (Mutual Info),4,6.5625,0.125,77.37655258178711,1.3020009994506836,0.21663494182021595,6212,2393,178,217,0.9901408491605551,0.8929985904327161,685,259,26,30,0.9847037173352963,0.8632122403576218,
nomao,SVM,Select Percentile (Mutual Info),5,6.609375,0.140625,77.03425407409668,1.3107213973999023,0.160318335542423,6206,2386,184,224,0.9896372487912327,0.8894651908198392,691,262,24,23,0.9895447689565338,0.884800932324261,
nomao,SVM,Select Percentile (Mutual Info),6,6.53125,0.125,77.37971878051758,1.318598747253418,0.1555466893753744,6204,2384,186,226,0.9895592764945447,0.888380939962498,689,263,23,25,0.9878601790366497,0.8827268309794263,
nomao,SVM,Select Percentile (Mutual Info),7,6.59375,0.125,77.37669277191162,1.2880239486694336,0.1845085038123548,6210,2390,180,220,0.9901239024272167,0.8916336925345215,684,262,24,30,0.9836487042369396,0.8686980490816282,
nomao,SVM,Select Percentile (Mutual Info),8,6.609375,0.140625,77.37827587127686,1.339564323425293,0.32588824359565394,6157,2427,143,273,0.9891849671106376,0.8889526664420866,689,270,16,25,0.9927964192670076,0.900762869468783,
nomao,SVM,Select Percentile (Mutual Info),9,6.765625,0.140625,77.37739372253418,1.3028745651245117,0.3509655118616206,6160,2430,140,270,0.9900427531452154,0.8905630879392643,676,273,13,38,0.9882421500068559,0.8798797695278889,
nomao,SVM,Select Percentile (Mutual Info),10,6.5625,0.125,76.6908597946167,1.2924108505249023,0.16591401662390626,6207,2387,183,223,0.9900116489461486,0.8900073162485098,689,260,26,25,0.9855046913870443,0.8749965006956472,
nomao,SVM,Random Undersampling,1,0.484375,0.125,24.888946533203125,1.7918901443481445,-0.41097809351323394,6191,2372,199,238,0.9879203221449095,0.8816152854879319,687,258,27,28,0.9855674150410992,0.8651920690670333,
nomao,SVM,Random Undersampling,2,0.46875,0.140625,24.732017517089844,1.8568353652954102,-0.3630595094751216,6202,2383,188,227,0.9887146855406925,0.887577969030438,679,255,30,36,0.9820144767513189,0.8391652200350995,
nomao,SVM,Random Undersampling,3,0.5,0.140625,25.43806743621826,1.8994379043579102,-0.5341355914402421,6244,2335,236,185,0.9878706214952799,0.8847830210320382,685,261,24,30,0.9859845417740155,0.8684273670156627,
nomao,SVM,Random Undersampling,4,0.5625,0.125,25.438289642333984,1.8667497634887695,-0.5445501262704834,6243,2334,237,186,0.9880915972990193,0.8842352084725801,694,251,34,21,0.9854349159612317,0.8636222462452331,
nomao,SVM,Random Undersampling,5,0.5,0.125,25.506694793701172,1.8834543228149414,-0.5745735035976645,6240,2330,240,190,0.9875355973640099,0.8823003466660223,698,254,32,16,0.9881099292864,0.8811659259931338,
nomao,SVM,Random Undersampling,6,0.46875,0.125,24.957924842834473,1.8166170120239258,-0.27540822675038495,6144,2414,156,286,0.9877152937047281,0.8819741732876499,685,263,23,29,0.9884282384282385,0.8735650320109098,
nomao,SVM,Random Undersampling,7,0.5,0.140625,24.72278118133545,1.8039636611938477,-0.5011744839252572,6240,2330,240,190,0.9880373189874797,0.8823003466660223,687,256,30,27,0.9815723492194081,0.8600168646871043,
nomao,SVM,Random Undersampling,8,0.515625,0.140625,25.428348541259766,1.9114656448364258,-0.5758079638770252,6238,2328,242,192,0.9873627088489632,0.8812045936274406,700,256,30,14,0.9930755518990813,0.8911349940550541,
nomao,SVM,Random Undersampling,9,0.5,0.140625,24.801227569580078,1.836979866027832,-0.3737373165784873,6197,2377,193,233,0.9878410115521237,0.8845860619618039,684,263,23,30,0.985328397093103,0.8712989944187257,
nomao,SVM,Random Undersampling,10,0.515625,0.125,25.428340911865234,1.9114656448364258,-0.3963441100349672,6195,2375,195,235,0.9881231883619465,0.8835018111044627,688,253,33,26,0.984750543574073,0.8545964330626834,
nomao,SVM,SMOTE / SMOTENC,1,19.78125,0.234375,171.23926067352295,6.900201797485352,-0.13736819210133555,6158,2429,142,271,0.9891223337174472,0.8897613545736568,680,263,22,35,0.9871132376395534,0.8624593200472201,
nomao,SVM,SMOTE / SMOTENC,2,19.5,0.234375,171.24441623687744,6.809658050537109,-0.4568013452119093,6257,2348,223,172,0.9896403941712241,0.8919045843049941,684,251,34,31,0.9816169795117163,0.8400268419497899,
nomao,SVM,SMOTE / SMOTENC,3,20.03125,0.25,171.24262142181396,6.968420028686523,-0.33787464671142337,6208,2389,182,221,0.9893399820279064,0.8908303418718049,677,267,18,38,0.9879180468654154,0.8664343278686665,
nomao,SVM,SMOTE / SMOTENC,4,19.953125,0.25,171.2396354675293,6.904916763305664,-0.3406899292665066,6210,2391,180,219,0.9895268964004328,0.8919144661522606,686,259,26,29,0.985356397987977,0.8654963468125683,
nomao,SVM,SMOTE / SMOTENC,5,19.328125,0.265625,171.14537048339844,6.95899772644043,-0.4984085357398499,6254,2344,226,176,0.9891163442278716,0.8899706179360946,697,254,32,17,0.9884772090654445,0.8787177797076581,
nomao,SVM,SMOTE / SMOTENC,6,19.8125,0.265625,171.13916492462158,6.916204452514648,-0.3328811945649721,6207,2387,183,223,0.9892510786621564,0.8900073162485098,692,256,30,22,0.9896818867407102,0.8717699712402894,
nomao,SVM,SMOTE / SMOTENC,7,19.96875,0.265625,171.14091968536377,6.899408340454102,-0.3083332301181013,6207,2387,183,223,0.9897668092780073,0.8900073162485098,681,257,29,33,0.9829778065072181,0.848865109648636,
nomao,SVM,SMOTE / SMOTENC,8,19.921875,0.25,171.14019584655762,6.982870101928711,-0.34189885788547997,6198,2378,192,232,0.9888720491857842,0.8851281873904745,694,263,23,20,0.9922773305126247,0.8944053559234075,
nomao,SVM,SMOTE / SMOTENC,9,19.40625,0.25,171.13729190826416,6.964746475219727,-0.4566527459931687,6252,2342,228,178,0.9894161911274366,0.8888748648975128,689,259,27,25,0.9867338543809132,0.87241942449695,
nomao,SVM,SMOTE / SMOTENC,10,20.046875,0.265625,171.14016819000244,6.895475387573242,-0.3289259396647481,6202,2382,188,228,0.9894075981385893,0.8872966891051568,688,257,29,26,0.9854214413037943,0.8649295062922905,
nomao,RandomForest,Baseline,1,1.5,0.03125,30.827237129211426,7.522812843322754,0.71,6394,2571,0,35,0.9999992437515273,0.9905546378564947,682,276,9,33,0.9918684823947982,0.9009775175441848,
nomao,RandomForest,Baseline,2,1.46875,0.03125,30.27265453338623,7.460391044616699,0.7071000000000003,6390,2571,0,39,0.9999999092501832,0.9894856513932685,668,278,7,47,0.9871549503128451,0.8767628631738366,
nomao,RandomForest,Baseline,3,1.546875,0.015625,30.958672523498535,7.37374210357666,0.72,6393,2571,0,36,1.0,0.990287191972015,660,280,5,55,0.9917261685682738,0.8660571209368711,
nomao,RandomForest,Baseline,4,1.53125,0.03125,30.959940910339355,7.37770938873291,0.7071000000000003,6390,2571,0,39,0.999999969750061,0.9894856513932685,678,275,10,37,0.9896577107103423,0.8897187240502216,
nomao,RandomForest,Baseline,5,1.46875,0.03125,30.820849418640137,7.481308937072754,0.7,6396,2570,0,34,0.999999969742997,0.9908201104800383,671,274,12,43,0.9907029245264539,0.8719275176040245,
nomao,RandomForest,Baseline,6,1.5,0.015625,30.95906352996826,7.37587833404541,0.71,6391,2570,0,39,1.0,0.9894832444684452,678,275,11,36,0.9924560733384263,0.8894408740898967,
nomao,RandomForest,Baseline,7,1.5,0.015625,30.95858097076416,7.30904483795166,0.69,6395,2570,0,35,0.999999969742997,0.9905524712305306,673,271,15,41,0.9887587902293785,0.8681880226527106,
nomao,RandomForest,Baseline,8,1.515625,0.015625,30.958577156066895,7.465142250061035,0.7071000000000003,6390,2570,0,40,0.999999848714985,0.989216269695228,691,281,5,23,0.9959427827074886,0.9335843032769103,
nomao,RandomForest,Baseline,9,1.53125,0.015625,30.959330558776855,7.389153480529785,0.71,6397,2570,0,33,0.999999969742997,0.9910878830104092,673,281,5,41,0.9919394331159037,0.894695895259382,
nomao,RandomForest,Baseline,10,1.5,0.015625,30.68645191192627,7.596199989318848,0.7171000000000003,6390,2570,0,40,0.999999909228991,0.989216269695228,675,272,14,39,0.9903772697890344,0.875099217246885,
nomao,RandomForest,Standard Scaler,1,1.546875,0.015625,35.042954444885254,7.522974014282227,0.71,6394,2571,0,35,0.9999992437515273,0.9905546378564947,682,276,9,33,0.9918733897681266,0.9009775175441848,
nomao,RandomForest,Standard Scaler,2,1.53125,0.015625,34.58012104034424,7.460552215576172,0.7071000000000003,6390,2571,0,39,0.9999999092501832,0.9894856513932685,668,278,7,47,0.9871451355661882,0.8767628631738366,
nomao,RandomForest,Standard Scaler,3,1.59375,0.015625,35.11156368255615,7.373903274536133,0.72,6393,2571,0,36,0.9999999999999999,0.990287191972015,660,280,5,55,0.991728622254938,0.8660571209368711,
nomao,RandomForest,Standard Scaler,4,1.609375,0.03125,35.11119079589844,7.377870559692383,0.7071000000000003,6390,2571,0,39,0.9999999697500611,0.9894856513932685,678,275,10,37,0.9896650717703349,0.8897187240502216,
nomao,RandomForest,Standard Scaler,5,1.546875,0.03125,35.04105091094971,7.481470108032227,0.7,6396,2570,0,34,0.999999969742997,0.9908201104800383,671,274,12,43,0.9907151671857554,0.8719275176040245,
nomao,RandomForest,Standard Scaler,6,1.5625,0.03125,35.11164855957031,7.376039505004883,0.71,6391,2570,0,39,1.0,0.9894832444684452,678,275,11,36,0.992453624806566,0.8894408740898967,
nomao,RandomForest,Standard Scaler,7,1.609375,0.015625,35.110671043395996,7.309206008911133,0.69,6395,2570,0,35,0.9999999697429971,0.9905524712305306,672,271,15,42,0.988763687293099,0.8660658156205655,
nomao,RandomForest,Standard Scaler,8,1.578125,0.03125,35.111708641052246,7.465303421020508,0.7071000000000003,6390,2570,0,40,0.999999848714985,0.989216269695228,691,281,5,23,0.995937885643768,0.9335843032769103,
nomao,RandomForest,Standard Scaler,9,1.546875,0.015625,35.111945152282715,7.389314651489258,0.71,6398,2570,0,32,0.999999969742997,0.9913557889505761,673,281,5,41,0.9919271904566022,0.894695895259382,
nomao,RandomForest,Standard Scaler,10,1.53125,0.03125,34.972819328308105,7.59636116027832,0.7171000000000003,6390,2570,0,40,0.999999909228991,0.989216269695228,675,272,14,39,0.9903601300660123,0.875099217246885,
nomao,RandomForest,MinMax Scaler,1,1.515625,0.015625,35.043829917907715,7.525121688842773,0.71,6394,2571,0,35,0.9999992437515273,0.9905546378564947,682,276,9,33,0.9918684823947982,0.9009775175441848,
nomao,RandomForest,MinMax Scaler,2,1.53125,0.03125,34.580838203430176,7.462699890136719,0.7071000000000003,6390,2571,0,39,0.9999999092501832,0.9894856513932685,668,278,7,47,0.9871549503128451,0.8767628631738366,
nomao,RandomForest,MinMax Scaler,3,1.546875,0.03125,35.11408710479736,7.37605094909668,0.72,6393,2571,0,36,1.0,0.990287191972015,660,280,5,55,0.9917384370015949,0.8660571209368711,
nomao,RandomForest,MinMax Scaler,4,1.609375,0.03125,35.11389446258545,7.38001823425293,0.7071000000000003,6390,2571,0,39,0.999999969750061,0.9894856513932685,678,275,10,37,0.9896503496503497,0.8897187240502216,
nomao,RandomForest,MinMax Scaler,5,1.5,0.015625,35.042640686035156,7.483617782592773,0.7,6396,2570,0,34,0.999999969742997,0.9908201104800383,671,274,12,43,0.9907053730583143,0.8719275176040245,
nomao,RandomForest,MinMax Scaler,6,1.5625,0.03125,35.1138219833374,7.37818717956543,0.71,6391,2570,0,39,1.0,0.9894832444684452,678,275,11,36,0.9924511762747057,0.8894408740898967,
nomao,RandomForest,MinMax Scaler,7,1.53125,0.03125,35.112765312194824,7.31135368347168,0.69,6395,2570,0,35,0.999999969742997,0.9905524712305306,673,271,15,41,0.9887587902293785,0.8681880226527106,
nomao,RandomForest,MinMax Scaler,8,1.59375,0.015625,35.11159610748291,7.467451095581055,0.7071000000000003,6390,2570,0,40,0.999999848714985,0.989216269695228,691,281,5,23,0.995937885643768,0.9335843032769103,
nomao,RandomForest,MinMax Scaler,9,1.53125,0.03125,35.11182117462158,7.391462326049805,0.71,6397,2570,0,33,0.999999969742997,0.9910878830104092,673,281,5,41,0.9919320875203228,0.894695895259382,
nomao,RandomForest,MinMax Scaler,10,1.53125,0.015625,34.97564220428467,7.598508834838867,0.7171000000000003,6390,2570,0,40,0.999999909228991,0.989216269695228,675,272,14,39,0.9903723727253139,0.875099217246885,
nomao,RandomForest,IQR Capping,1,1.609375,0.0625,38.68055820465088,7.738222122192383,0.71,6392,2571,0,37,0.9999993647512829,0.9900198790188133,677,273,12,38,0.9915004293951662,0.8822937877418295,
nomao,RandomForest,IQR Capping,2,1.625,0.0625,38.12981033325195,7.623004913330078,0.7,6396,2571,0,33,0.9999997882504277,0.9910899289332831,669,277,8,46,0.9867574530732425,0.8761360455303111,
nomao,RandomForest,IQR Capping,3,1.65625,0.046875,38.81634712219238,7.577554702758789,0.72,6399,2571,0,30,1.0,0.9918938657499976,662,280,5,53,0.9921801006011532,0.8700299491128791,
nomao,RandomForest,IQR Capping,4,1.6875,0.046875,38.81623649597168,7.639505386352539,0.71,6395,2571,0,34,0.999999969750061,0.9908222168007086,679,274,11,36,0.9892185007974482,0.8892300087662349,
nomao,RandomForest,IQR Capping,5,1.640625,0.046875,38.67877960205078,7.727235794067383,0.71,6395,2570,0,35,0.999999969742997,0.9905524712305306,671,278,8,43,0.9916015357191827,0.882563893672161,
nomao,RandomForest,IQR Capping,6,1.65625,0.046875,38.81602382659912,7.549631118774414,0.7,6397,2570,0,33,1.0,0.9910878830104092,682,274,12,32,0.9915060429766313,0.8955070414991951,
nomao,RandomForest,IQR Capping,7,1.671875,0.0625,38.81625843048096,7.511636734008789,0.69,6395,2570,0,35,0.9999998487149852,0.9905524712305306,674,272,14,40,0.9887661358249593,0.8729643750505622,
nomao,RandomForest,IQR Capping,8,1.6875,0.046875,38.81616020202637,7.719766616821289,0.7,6394,2570,0,36,0.999999969742997,0.9902849651331238,687,278,8,27,0.9949609214315097,0.9169288453850575,
nomao,RandomForest,IQR Capping,9,1.65625,0.046875,38.816298484802246,7.576486587524414,0.72,6397,2570,0,33,0.9999999697429971,0.9910878830104092,675,281,5,39,0.9917362049714991,0.8988801874544912,
nomao,RandomForest,IQR Capping,10,1.640625,0.046875,38.542537689208984,7.750268936157227,0.71,6394,2570,0,36,0.999999909228991,0.9902849651331238,680,273,13,34,0.9902107696225343,0.888522366864304,
nomao,RandomForest,IQR Removal,1,1.71875,0.03125,30.868656158447266,7.5229902267456055,0.71,6394,2571,0,35,0.9999992437515273,0.9905546378564947,682,276,9,33,0.9918684823947982,0.9009775175441848,
nomao,RandomForest,IQR Removal,2,1.78125,0.015625,30.322714805603027,7.460568428039551,0.7071000000000003,6390,2571,0,39,0.9999999092501832,0.9894856513932685,668,278,7,47,0.9871549503128451,0.8767628631738366,
nomao,RandomForest,IQR Removal,3,1.765625,0.015625,31.008082389831543,7.373919486999512,0.72,6393,2571,0,36,1.0,0.990287191972015,660,280,5,55,0.9917261685682738,0.8660571209368711,
nomao,RandomForest,IQR Removal,4,1.828125,0.015625,31.0097017288208,7.377886772155762,0.7071000000000003,6390,2571,0,39,0.999999969750061,0.9894856513932685,678,275,10,37,0.9896577107103423,0.8897187240502216,
nomao,RandomForest,IQR Removal,5,1.734375,0.015625,30.870344161987305,7.4814863204956055,0.7,6396,2570,0,34,0.999999969742997,0.9908201104800383,671,274,12,43,0.9907029245264539,0.8719275176040245,
nomao,RandomForest,IQR Removal,6,1.78125,0.015625,31.008596420288086,7.376055717468262,0.71,6391,2570,0,39,1.0,0.9894832444684452,678,275,11,36,0.9924560733384263,0.8894408740898967,
nomao,RandomForest,IQR Removal,7,1.75,0.015625,31.008809089660645,7.309222221374512,0.69,6395,2570,0,35,0.999999969742997,0.9905524712305306,673,271,15,41,0.9887587902293785,0.8681880226527106,
nomao,RandomForest,IQR Removal,8,1.8125,0.015625,31.007529258728027,7.465319633483887,0.7071000000000003,6390,2570,0,40,0.999999848714985,0.989216269695228,691,281,5,23,0.9959427827074886,0.9335843032769103,
nomao,RandomForest,IQR Removal,9,1.8125,0.015625,31.00754451751709,7.389330863952637,0.71,6397,2570,0,33,0.999999969742997,0.9910878830104092,673,281,5,41,0.9919394331159037,0.894695895259382,
nomao,RandomForest,IQR Removal,10,1.765625,0.03125,30.733047485351562,7.596377372741699,0.7171000000000003,6390,2570,0,40,0.999999909228991,0.989216269695228,675,272,14,39,0.9903772697890344,0.875099217246885,
nomao,RandomForest,Yeo-Johnson,1,2.3125,0.03125,35.046475410461426,7.522714614868164,0.71,6394,2571,0,35,0.9999992437515273,0.9905546378564947,681,276,9,34,0.9918218623481782,0.8988096479665176,
nomao,RandomForest,Yeo-Johnson,2,2.359375,0.03125,34.58236026763916,7.460292816162109,0.7071000000000003,6390,2571,0,39,0.9999999092501833,0.9894856513932685,668,278,7,47,0.9871672187461661,0.8767628631738366,
nomao,RandomForest,Yeo-Johnson,3,2.421875,0.03125,35.11424922943115,7.37364387512207,0.72,6393,2571,0,36,1.0,0.990287191972015,661,279,6,54,0.9917433443749234,0.8653294982681081,
nomao,RandomForest,Yeo-Johnson,4,2.4375,0.03125,35.11497783660889,7.37761116027832,0.7,6399,2571,0,30,0.9999999697500611,0.9918938657499976,682,274,11,33,0.9896994233836339,0.8957343382037326,
nomao,RandomForest,Yeo-Johnson,5,2.34375,0.03125,35.04460620880127,7.481210708618164,0.7,6394,2570,0,36,0.999999969742997,0.9902849651331238,672,274,12,42,0.9906784392078509,0.8740287714365406,
nomao,RandomForest,Yeo-Johnson,6,2.359375,0.015625,35.11616802215576,7.37578010559082,0.71,6391,2570,0,39,1.0,0.9894832444684452,678,275,11,36,0.992411999764941,0.8894408740898967,
nomao,RandomForest,Yeo-Johnson,7,2.375,0.03125,35.114277839660645,7.30894660949707,0.69,6395,2570,0,35,0.999999969742997,0.9905524712305306,673,271,15,41,0.9887514446337975,0.8681880226527106,
nomao,RandomForest,Yeo-Johnson,8,2.390625,0.03125,35.11373996734619,7.465044021606445,0.7071000000000003,6390,2570,0,40,0.999999848714985,0.989216269695228,691,281,5,23,0.995945231239349,0.9335843032769103,
nomao,RandomForest,Yeo-Johnson,9,2.375,0.03125,35.11436367034912,7.389055252075195,0.71,6398,2570,0,32,0.999999969742997,0.9913557889505761,673,281,5,41,0.9919100507335802,0.894695895259382,
nomao,RandomForest,Yeo-Johnson,10,2.359375,0.015625,34.97824764251709,7.596101760864258,0.7171000000000003,6390,2570,0,40,0.999999909228991,0.989216269695228,675,272,14,39,0.9903625785978727,0.875099217246885,
nomao,RandomForest,Quantile Transform,1,1.703125,0.0625,35.6095085144043,8.08658504486084,0.71,6394,2571,0,35,0.999999304251405,0.9905546378564947,683,277,8,32,0.9917605201815728,0.9057716086796528,
nomao,RandomForest,Quantile Transform,2,1.734375,0.046875,35.14606761932373,8.024163246154785,0.71,6391,2571,0,38,0.9999999092501833,0.9897526988686034,667,278,7,48,0.9871500429395166,0.8747193951010409,
nomao,RandomForest,Quantile Transform,3,1.84375,0.046875,35.68064022064209,7.937514305114746,0.72,6394,2571,0,35,1.0,0.9905546378564947,661,279,6,54,0.9916280211017052,0.8653294982681081,
nomao,RandomForest,Quantile Transform,4,1.765625,0.046875,35.6799201965332,7.941481590270996,0.71,6391,2571,0,38,0.9999999697500611,0.9897526988686034,679,275,10,36,0.9895890074837442,0.8918649513329866,
nomao,RandomForest,Quantile Transform,5,1.6875,0.046875,35.61061096191406,8.04508113861084,0.7,6397,2570,0,33,0.999999969742997,0.9910878830104092,671,274,12,43,0.9905902920608802,0.8719275176040245,
nomao,RandomForest,Quantile Transform,6,1.75,0.046875,35.682172775268555,7.939650535583496,0.71,6393,2570,0,37,1.0,0.9900175920592265,676,275,11,38,0.9924854557207499,0.8851545586500795,
nomao,RandomForest,Quantile Transform,7,1.78125,0.046875,35.67777442932129,7.872817039489746,0.69,6394,2570,0,36,0.999999969742997,0.9902849651331238,675,271,15,39,0.9891089302854008,0.8724578120934594,
nomao,RandomForest,Quantile Transform,8,1.734375,0.046875,35.68217849731445,8.028914451599121,0.7071000000000003,6390,2570,0,40,0.9999998487149852,0.989216269695228,690,279,7,24,0.9958374958374958,0.926198987373428,
nomao,RandomForest,Quantile Transform,9,1.765625,0.046875,35.67904853820801,7.952925682067871,0.72,6391,2570,0,39,0.9999999697429969,0.9894832444684452,673,281,5,41,0.9920324773265949,0.894695895259382,
nomao,RandomForest,Quantile Transform,10,1.703125,0.046875,35.54484844207764,8.159972190856934,0.7171000000000003,6390,2570,0,40,0.9999999092289911,0.989216269695228,675,272,14,39,0.9903307476836888,0.875099217246885,
nomao,RandomForest,Uniform Binning,1,1.28125,0.015625,35.060641288757324,10.449880599975586,0.6820285714285715,6388,2569,2,41,0.9999588600830821,0.9884015271128128,682,274,11,33,0.9903324745430009,0.8957343382037326,
nomao,RandomForest,Uniform Binning,2,1.265625,0.03125,34.59687900543213,10.198249816894531,0.6972738095238096,6387,2567,4,42,0.9999659990686649,0.9875842044871149,671,278,7,44,0.9859403754140597,0.8829404419633123,
nomao,RandomForest,Uniform Binning,3,1.328125,0.03125,35.12802600860596,10.151578903198242,0.7,6388,2567,4,41,0.9999652730701309,0.9878511386030249,662,280,5,53,0.9902269660164397,0.8700299491128791,
nomao,RandomForest,Uniform Binning,4,1.265625,0.015625,35.129149436950684,10.180570602416992,0.69,6394,2568,3,35,0.9999719885565692,0.9897302940334265,680,273,12,35,0.9898957183167709,0.888759024246226,
nomao,RandomForest,Uniform Binning,5,1.265625,0.03125,35.05934810638428,10.345205307006836,0.6934795634920637,6387,2567,3,43,0.9999638126244319,0.9875898934092162,672,276,10,42,0.9880683042447749,0.8793381460496051,
nomao,RandomForest,Uniform Binning,6,1.25,0.03125,35.12943172454834,10.168516159057617,0.69,6388,2567,3,42,0.9999627838863304,0.987856683795475,681,272,14,33,0.9902230122818358,0.8880900705655873,
nomao,RandomForest,Uniform Binning,7,1.328125,0.03125,35.129055976867676,9.940244674682617,0.69,6388,2567,3,42,0.9999670198667482,0.987856683795475,672,271,15,42,0.9875100389806273,0.8660658156205655,
nomao,RandomForest,Uniform Binning,8,1.25,0.015625,35.128478050231934,10.220548629760742,0.6838333333333333,6389,2567,3,41,0.9999678670628317,0.988123606660178,689,277,9,25,0.9949070537305832,0.9188050767917424,
nomao,RandomForest,Uniform Binning,9,1.3125,0.015625,35.12997531890869,10.124265670776367,0.7,6390,2566,4,40,0.9999627536293275,0.9881154787381211,674,279,7,40,0.9903307476836889,0.891488888711442,
nomao,RandomForest,Uniform Binning,10,1.203125,0.015625,34.99120044708252,10.36945915222168,0.6843680486180485,6389,2566,4,41,0.9999840545594278,0.9878483521552865,680,269,17,34,0.9893684746625923,0.8780452306602075,
nomao,RandomForest,Quantile Binning,1,1.296875,0.03125,35.05327320098877,11.630966186523438,0.6908928571428572,6389,2568,3,40,0.9999672393161602,0.988393323706972,676,273,12,39,0.9877217519322783,0.8801559690625794,
nomao,RandomForest,Quantile Binning,2,1.25,0.03125,34.59068584442139,11.583345413208008,0.6922738095238096,6388,2567,4,41,0.9999575895856478,0.9878511386030249,668,270,15,47,0.986013986013986,0.8553106402032444,
nomao,RandomForest,Quantile Binning,3,1.3125,0.03125,35.120909690856934,11.451225280761719,0.71,6391,2568,3,38,0.999956530837786,0.9889277130117856,655,275,10,60,0.9897632192369035,0.8425899180934389,
nomao,RandomForest,Quantile Binning,4,1.296875,0.015625,35.12265872955322,11.526451110839844,0.6928014285714287,6388,2569,2,41,0.9999732590540035,0.9884015271128128,673,276,9,42,0.988408784198258,0.8817759545133206,
nomao,RandomForest,Quantile Binning,5,1.265625,0.03125,35.05382823944092,11.772720336914062,0.6971000000000003,6389,2569,1,41,0.9999593951019964,0.9886741442665574,664,278,8,50,0.9874733110027228,0.8681946049266898,
nomao,RandomForest,Quantile Binning,6,1.3125,0.03125,35.12403964996338,11.505699157714844,0.69,6396,2567,3,34,0.9999465358757285,0.9899957868784278,669,274,12,45,0.9884772090654443,0.8677495299161478,
nomao,RandomForest,Quantile Binning,7,1.3125,0.03125,35.12563991546631,11.268730163574219,0.6971000000000003,6388,2568,2,42,0.9999618156622351,0.9881320188378868,665,270,16,49,0.985370022134728,0.8487580428799125,
nomao,RandomForest,Quantile Binning,8,1.328125,0.03125,35.1215295791626,11.636161804199219,0.6698853793428794,6389,2569,1,41,0.9999511651971849,0.9886741442665574,685,274,12,29,0.9946377152259505,0.9021221090168178,
nomao,RandomForest,Quantile Binning,9,1.3125,0.03125,35.120665550231934,11.561851501464844,0.71,6388,2566,4,42,0.9999529503603609,0.9875813582534314,664,277,9,50,0.989919394331159,0.8655067645980898,
nomao,RandomForest,Quantile Binning,10,1.25,0.03125,34.984620094299316,11.822303771972656,0.69,6391,2570,0,39,0.9999890469649201,0.9894832444684452,667,273,13,47,0.9894590703414232,0.8609287334771007,
nomao,RandomForest,PCA,1,2.703125,0.1875,31.067752838134766,9.183475494384766,0.71,6391,2571,0,38,0.9999997882504276,0.9897526988686034,678,270,15,37,0.9903889093362778,0.8765233929056713,
nomao,RandomForest,PCA,2,2.828125,0.09375,30.6058292388916,8.986318588256836,0.71,6391,2571,0,38,0.9999998487503055,0.9897526988686034,661,273,12,54,0.9835185866764816,0.8490727541204992,
nomao,RandomForest,PCA,3,2.84375,0.1875,31.13718605041504,9.289989471435547,0.7171000000000003,6390,2571,0,39,1.0,0.9894856513932685,659,278,7,56,0.9910514047356153,0.8586459973381009,
nomao,RandomForest,PCA,4,2.828125,0.1875,31.138662338256836,9.072399139404297,0.71,6397,2571,0,32,0.9999999697500611,0.9913577743830155,662,276,9,53,0.9856189424610476,0.8592056637229838,
nomao,RandomForest,PCA,5,2.78125,0.1875,31.068605422973633,9.034854888916016,0.7,6402,2570,0,28,0.999999969742997,0.9924287493938575,671,273,13,43,0.9876642964878259,0.869268888352431,
nomao,RandomForest,PCA,6,2.796875,0.1875,31.13771152496338,9.244976043701172,0.71,6396,2570,0,34,1.0,0.9908201104800383,672,276,10,42,0.9900467179878945,0.8793381460496051,
nomao,RandomForest,PCA,7,2.8125,0.1875,31.137041091918945,9.014720916748047,0.7,6395,2570,0,35,0.999999909228991,0.9905524712305306,664,269,17,50,0.981711915535445,0.8440101711208536,
nomao,RandomForest,PCA,8,2.78125,0.1875,31.136414527893066,9.318523406982422,0.7,6395,2570,0,35,0.9999998487149852,0.9905524712305306,684,273,13,30,0.9934477287418464,0.8973067333454957,
nomao,RandomForest,PCA,9,2.84375,0.21875,31.137283325195312,9.288921356201172,0.73,6391,2570,0,39,0.999999969742997,0.9894832444684452,665,279,7,49,0.9905315272962331,0.872908135399928,
nomao,RandomForest,PCA,10,2.859375,0.09375,30.999670028686523,9.09664535522461,0.71,6395,2570,0,35,0.999999969742997,0.9905524712305306,664,274,12,50,0.9865134865134865,0.857444573324854,
nomao,RandomForest,Select Percentile (Mutual Info),1,7.96875,0.015625,77.03109836578369,6.780017852783203,0.72,6391,2571,0,38,0.9999992437515273,0.9897526988686034,685,277,8,30,0.991623113728377,0.9101425471772786,
nomao,RandomForest,Select Percentile (Mutual Info),2,7.234375,0.015625,75.65688610076904,6.605073928833008,0.7,6396,2571,0,33,0.999999667250672,0.9910899289332831,664,274,11,51,0.9874248558459086,0.8578441769826277,
nomao,RandomForest,Select Percentile (Mutual Info),3,7.375,0.015625,77.37378597259521,6.795902252197266,0.73,6391,2571,0,38,1.0,0.9897526988686034,660,279,6,55,0.9916770948349896,0.8633429285636253,
nomao,RandomForest,Select Percentile (Mutual Info),4,7.375,0.015625,77.37338352203369,6.778964996337891,0.72,6392,2571,0,37,0.9999999697500611,0.9900198790188133,667,276,9,48,0.9883449883449883,0.8693472326693813,
nomao,RandomForest,Select Percentile (Mutual Info),5,7.28125,0.015625,77.0299882888794,6.7325544357299805,0.71,6391,2570,0,39,0.999999969742997,0.9894832444684452,676,276,10,38,0.9902866741102035,0.8877922357814031,
nomao,RandomForest,Select Percentile (Mutual Info),6,7.34375,0.015625,77.37579917907715,6.765681266784668,0.7,6391,2570,0,39,0.9999999999999999,0.9894832444684452,677,274,12,37,0.9903282991518286,0.8846603218088929,
nomao,RandomForest,Select Percentile (Mutual Info),7,7.390625,0.015625,77.37422466278076,6.626961708068848,0.6971000000000003,6390,2570,0,40,0.9999999697429971,0.989216269695228,671,273,13,43,0.9893954085130555,0.869268888352431,
nomao,RandomForest,Select Percentile (Mutual Info),8,7.375,0.03125,77.37531757354736,6.841678619384766,0.7,6392,2570,0,38,0.9999999092289911,0.9897503518804174,693,280,6,21,0.9960970402146873,0.9355245889932554,
nomao,RandomForest,Select Percentile (Mutual Info),9,7.3125,0.03125,77.37325096130371,6.761264801025391,0.73,6395,2570,0,35,0.9999999697429971,0.9905524712305306,671,280,6,43,0.9911142778789839,0.887883618186726,
nomao,RandomForest,Select Percentile (Mutual Info),10,7.3125,0.03125,76.68613910675049,6.733912467956543,0.7,6399,2570,0,31,0.9999997882009791,0.9916238284296429,678,271,15,36,0.9896402616990853,0.8789269893022968,
nomao,RandomForest,Random Undersampling,1,1.140625,0.015625,24.88706111907959,4.955078125,0.35,6294,2561,10,135,0.9982527332786053,0.9616325272395495,695,255,30,20,0.9883204514783462,0.876276921335583,
nomao,RandomForest,Random Undersampling,2,1.15625,0.03125,24.729290008544922,5.01900577545166,0.26,6354,2526,45,75,0.9986544222173943,0.967476093377774,700,248,37,15,0.9836363636363636,0.8707069001031089,
nomao,RandomForest,Random Undersampling,3,1.171875,0.03125,25.435426712036133,5.152275085449219,0.37,6299,2565,6,130,0.9985887496000202,0.9640361722481918,681,267,18,34,0.9913679303152987,0.8751789367831402,
nomao,RandomForest,Random Undersampling,4,1.1875,0.03125,25.435606002807617,5.211648941040039,0.27,6350,2526,45,79,0.9986762324233487,0.9664155690188677,702,251,34,13,0.9896601643970065,0.8832908312793023,
nomao,RandomForest,Random Undersampling,5,1.15625,0.03125,25.504186630249023,5.116705894470215,0.27,6353,2531,39,77,0.9985099636310825,0.9686026640173039,704,253,33,10,0.9896329161035043,0.8936018247827836,
nomao,RandomForest,Random Undersampling,6,1.15625,0.03125,24.955148696899414,4.993683815002441,0.25,6349,2518,52,81,0.998597920738755,0.9639344765664942,703,251,35,11,0.9909796086266675,0.8860729568230548,
nomao,RandomForest,Random Undersampling,7,1.15625,0.03125,24.71953296661377,5.123547554016113,0.2771000000000004,6359,2539,31,71,0.9989916248615742,0.9724103814064397,698,249,37,16,0.9876765391471274,0.8685088190422144,
nomao,RandomForest,Random Undersampling,8,1.140625,0.03125,25.425704956054688,5.291606903076172,0.26,6351,2525,45,79,0.9987379198915589,0.9664078352530351,706,254,32,8,0.9948556345615168,0.9011706399367901,
nomao,RandomForest,Random Undersampling,9,1.15625,0.03125,24.79915428161621,5.047845840454102,0.27,6356,2529,41,74,0.9987416717599287,0.968843054675213,696,257,29,18,0.9901103798162623,0.8839051026473891,
nomao,RandomForest,Random Undersampling,10,1.15625,0.015625,25.42587661743164,5.166459083557129,0.39,6304,2567,3,126,0.9985748043884758,0.9658958233395353,689,268,18,25,0.9890452684570332,0.895609520931229,
nomao,RandomForest,SMOTE / SMOTENC,1,19.0625,0.015625,171.23521327972412,12.152509689331055,0.6971000000000003,6390,2571,0,39,0.9999988807522604,0.9894856513932685,674,277,8,41,0.9923346828609987,0.886532797338553,
nomao,RandomForest,SMOTE / SMOTENC,2,18.6875,0.015625,171.2382640838623,11.926700592041016,0.68,6396,2571,0,33,0.9999999092501833,0.9910899289332831,668,274,11,47,0.9869095816464237,0.866035527514435,
nomao,RandomForest,SMOTE / SMOTENC,3,18.921875,0.015625,171.23777866363525,12.017656326293945,0.7,6394,2571,0,35,1.0,0.9905546378564947,666,280,5,49,0.9924107471475891,0.8780649534032974,
nomao,RandomForest,SMOTE / SMOTENC,4,18.875,0.03125,171.235933303833,11.859930038452148,0.69,6396,2571,0,33,0.9999999697500611,0.9910899289332831,672,280,5,43,0.9886786897313213,0.8903478822200888,
nomao,RandomForest,SMOTE / SMOTENC,5,18.875,0.015625,171.14448928833008,12.155145645141602,0.69,6392,2570,0,38,0.999999969742997,0.9897503518804174,672,277,9,42,0.9911265205382852,0.8819931451933244,
nomao,RandomForest,SMOTE / SMOTENC,6,18.984375,0.03125,171.13383960723877,11.892332077026367,0.69,6392,2570,0,38,1.0,0.9897503518804174,676,276,10,38,0.991924741924742,0.8877922357814031,
nomao,RandomForest,SMOTE / SMOTENC,7,19.0625,0.03125,171.13661098480225,11.843759536743164,0.6771000000000004,6390,2570,0,40,0.9999996671729672,0.989216269695228,668,273,13,46,0.9897014749955926,0.8630016581570891,
nomao,RandomForest,SMOTE / SMOTENC,8,19.078125,0.015625,171.136625289917,12.160375595092773,0.67,6397,2570,0,33,0.999999848714985,0.9910878830104092,684,281,5,30,0.9954236939531057,0.91812418777592,
nomao,RandomForest,SMOTE / SMOTENC,9,18.765625,0.03125,171.13335418701172,11.928285598754883,0.69,6399,2570,0,31,0.9999999697429969,0.9916238284296429,674,279,7,40,0.9912073220896751,0.891488888711442,
nomao,RandomForest,SMOTE / SMOTENC,10,19.046875,0.03125,171.13502502441406,12.144529342651367,0.69,6393,2570,0,37,0.9999996671729672,0.9900175920592265,677,273,13,37,0.989216665687254,0.8820273833569612,
nomao,MLP,Baseline,1,57.25,0.015625,30.82231903076172,0.7070064544677734,0.395255132939533,6303,2484,87,126,0.9969873178341118,0.942326245193448,686,264,21,29,0.9881683229051651,0.8785089853063583,
nomao,MLP,Baseline,2,47.671875,0.015625,30.277365684509277,0.6940212249755859,0.5054518941076871,6299,2480,91,130,0.9969615448861601,0.9401579966325366,686,264,21,29,0.9839676113360324,0.8785089853063583,
nomao,MLP,Baseline,3,45.234375,0.015625,30.96232318878174,0.7090625762939453,0.5937216933878794,6290,2471,100,139,0.996312471946963,0.9352794373704862,684,266,19,31,0.9899840510366826,0.8792212895854941,
nomao,MLP,Baseline,4,59.296875,0.015625,30.964333534240723,0.7101593017578125,0.4852725153386515,6311,2492,79,118,0.9973821400367682,0.9466627423152706,691,261,24,24,0.9864850938535149,0.882223040117777,
nomao,MLP,Baseline,5,63.46875,0.015625,30.82664966583252,0.7074117660522461,0.666466366238451,6322,2502,68,108,0.9979050353704364,0.9523517405456278,688,265,21,26,0.9876055317231787,0.8855845467272196,
nomao,MLP,Baseline,6,44.15625,0.015625,30.96275806427002,0.709014892578125,0.5416607933887329,6335,2425,145,95,0.99637484795856,0.9343486159986553,699,256,30,15,0.9915525650819769,0.8886752601852682,
nomao,MLP,Baseline,7,64.296875,0.015625,30.96324062347412,0.7104711532592773,0.6209220632675656,6313,2493,77,117,0.9975544172198655,0.9474726116875924,683,258,28,31,0.9851423086717205,0.8560123274227969,
nomao,MLP,Baseline,8,64.5,0.015625,30.963156700134277,0.7104711532592773,0.4698403016377661,6310,2490,80,120,0.9971640413673746,0.9458462354015806,699,266,20,15,0.9928209045856105,0.9139191873574534,
nomao,MLP,Baseline,9,64.25,0.015625,30.964823722839355,0.7104711532592773,0.5710987130414626,6308,2488,82,122,0.9974946898959764,0.9447619845442395,684,273,13,30,0.9913321972145501,0.8973067333454957,
nomao,MLP,Baseline,10,63.109375,0.015625,30.68751335144043,0.7043523788452148,0.41937397137859667,6310,2490,80,120,0.9971593212749089,0.9458462354015806,692,264,22,22,0.9898826663532546,0.8922645981469511,
nomao,MLP,Standard Scaler,1,37.953125,0.015625,35.045470237731934,0.7063751220703125,0.5803039187443572,6355,2536,35,74,0.9990383846919821,0.9705134764852947,694,264,21,21,0.9911667280088332,0.8969451601030548,
nomao,MLP,Standard Scaler,2,63.515625,0.015625,34.583436012268066,0.6956024169921875,0.6011149407764178,6371,2552,19,58,0.9997102358351787,0.9791864707289398,685,263,22,30,0.9776223776223776,0.8736417646891316,
nomao,MLP,Standard Scaler,3,64.078125,0.015625,35.11334705352783,0.7108840942382812,0.632886303694239,6373,2554,17,56,0.999713835577909,0.9802705950093955,679,267,18,36,0.987800269905533,0.8707887130841414,
nomao,MLP,Standard Scaler,4,63.390625,0.015625,35.116488456726074,0.7108840942382812,0.4999329437437138,6365,2546,25,64,0.9995756841069059,0.9759340978875729,683,265,20,32,0.9812194822721139,0.8743732220407034,
nomao,MLP,Standard Scaler,5,63.625,0.015625,35.04516315460205,0.70782470703125,0.7098627054200483,6374,2554,16,56,0.999663874953858,0.9805422628364985,687,267,19,27,0.986518383577207,0.8884716150477724,
nomao,MLP,Standard Scaler,6,64.65625,0.015625,35.115721702575684,0.7108840942382812,0.7648651607629091,6367,2547,23,63,0.9995869313952713,0.9767473848358044,691,262,24,23,0.9887024739965917,0.884800932324261,
nomao,MLP,Standard Scaler,7,62.015625,0.015625,35.114169120788574,0.7107734680175781,0.3268677596619477,6416,2506,64,14,0.9996655088320193,0.9787266140612161,693,252,34,21,0.9791727879963174,0.8639206789961262,
nomao,MLP,Standard Scaler,8,63.53125,0.0,35.11380672454834,0.7108840942382812,0.6626889665730794,6368,2548,22,62,0.9995387319895189,0.977289510264475,699,263,23,15,0.990612328847623,0.9063459848764998,
nomao,MLP,Standard Scaler,9,63.578125,0.015625,35.11446666717529,0.7108840942382812,0.17061359718749125,6415,2505,65,15,0.9996754331289976,0.9781787375419252,689,267,19,25,0.9897553426965192,0.8930329637280365,
nomao,MLP,Standard Scaler,10,59.765625,0.015625,34.97648525238037,0.7045297622680664,0.5127284247235325,6375,2555,15,55,0.9997455688619131,0.9810843882651691,692,268,18,22,0.9869248398660164,0.9025104974811938,
nomao,MLP,MinMax Scaler,1,63.296875,0.015625,35.04657459259033,0.7096776962280273,0.3826489455675465,6364,2455,116,65,0.9976064130838487,0.9505205281670156,696,254,31,19,0.9895472948104526,0.8761321155290467,
nomao,MLP,MinMax Scaler,2,47.859375,0.015625,34.584025382995605,0.6964273452758789,0.5119911032237261,6295,2476,95,134,0.9969610003872598,0.9379897480716254,690,263,22,25,0.9843651085756349,0.885064430620223,
nomao,MLP,MinMax Scaler,3,45.0625,0.015625,35.11722660064697,0.7114973068237305,0.604261079360746,6292,2473,98,137,0.9962636485455617,0.9363635616509419,681,266,19,34,0.9902097902097903,0.8725535865204849,
nomao,MLP,MinMax Scaler,4,64.1875,0.015625,35.11921977996826,0.7127370834350586,0.5967420436893837,6308,2489,82,121,0.9975715046543463,0.9450365558945871,691,262,23,24,0.9876432339590234,0.884800932324261,
nomao,MLP,MinMax Scaler,5,49.125,0.015625,35.04662227630615,0.7087316513061523,0.5889893123603809,6304,2484,86,126,0.9971579899667778,0.9425934828295571,689,267,19,25,0.9885555620849737,0.8930329637280365,
nomao,MLP,MinMax Scaler,6,43.484375,0.015625,35.11550998687744,0.7114553451538086,0.6095743878097243,6297,2477,93,133,0.9965100967618956,0.938798604828863,695,261,25,19,0.9909894027541086,0.8916803429252997,
nomao,MLP,MinMax Scaler,7,49.453125,0.0,35.11808490753174,0.7118558883666992,0.6040529916433347,6301,2481,89,129,0.9968940278727512,0.9409671065435453,682,262,24,32,0.9843196019666608,0.8641852864858157,
nomao,MLP,MinMax Scaler,8,62.859375,0.015625,35.115357398986816,0.7127370834350586,0.4604165894084833,6312,2492,78,118,0.9973345698361886,0.9469304862589218,695,266,20,19,0.9932175667469785,0.9044097955814888,
nomao,MLP,MinMax Scaler,9,58.71875,0.015625,35.11514377593994,0.712336540222168,0.7179893308438952,6303,2483,87,127,0.997063346061446,0.9420513574008865,686,273,13,28,0.991131417602006,0.9017535764673275,
nomao,MLP,MinMax Scaler,10,62.46875,0.015625,34.97939586639404,0.7066183090209961,0.42895252202276357,6310,2490,80,120,0.9972018626211036,0.9458462354015806,696,262,24,18,0.9890746508393566,0.8966089320416235,
nomao,MLP,IQR Capping,1,62.984375,0.046875,38.68464756011963,0.70843505859375,0.5333015825903652,6311,2492,79,118,0.9972685212662212,0.9466627423152706,689,265,20,26,0.9904551588762116,0.8879354650027047,
nomao,MLP,IQR Capping,2,47.6875,0.03125,38.13277244567871,0.6950445175170898,0.49101706984768073,6298,2479,92,131,0.9968638980833578,0.9396159344923088,689,261,24,26,0.9839577965893755,0.8775845292526622,
nomao,MLP,IQR Capping,3,45.046875,0.03125,38.819576263427734,0.7100858688354492,0.5435309687893803,6290,2471,100,139,0.9960355640061783,0.9352794373704862,683,263,22,32,0.9906318243160349,0.8691405419298832,
nomao,MLP,IQR Capping,4,45.46875,0.03125,38.81935691833496,0.7101573944091797,0.661566338481037,6288,2469,102,141,0.996272995776685,0.9341953130900307,687,264,21,28,0.9884136915715863,0.880778848250437,
nomao,MLP,IQR Capping,5,63.546875,0.046875,38.68170166015625,0.70843505859375,0.6081457505387495,6315,2495,75,115,0.9973043128332052,0.9485568625449337,691,265,21,23,0.9883694736635913,0.8925005901248648,
nomao,MLP,IQR Capping,6,64.546875,0.125,38.819952964782715,0.7114944458007812,0.364428182449171,6316,2496,74,114,0.9975004084695402,0.9490989879736043,694,256,30,20,0.9908963585434173,0.8765452172696017,
nomao,MLP,IQR Capping,7,50.90625,0.03125,38.81930923461914,0.710515022277832,0.7094796888671512,6345,2435,135,85,0.9967608970596245,0.9398273811915641,691,254,32,23,0.9853528824117059,0.8642623809771062,
nomao,MLP,IQR Capping,8,64.546875,0.046875,38.81924629211426,0.7114944458007812,0.44946663965924405,6303,2483,87,127,0.9968867661920352,0.9420513574008865,695,264,22,19,0.9933889639771992,0.8993179975285938,
nomao,MLP,IQR Capping,9,63.375,0.03125,38.81956481933594,0.7114944458007812,0.5583439238948854,6304,2484,86,126,0.9971779595887468,0.9425934828295571,682,273,13,32,0.9908963585434174,0.892896533035499,
nomao,MLP,IQR Capping,10,63.421875,0.046875,38.54468631744385,0.7053756713867188,0.3900930463673197,6300,2480,90,130,0.9967340893549812,0.9404249811148748,692,265,21,22,0.9896818867407103,0.8948260289206458,
nomao,MLP,IQR Removal,1,57.796875,0.09375,30.87131977081299,0.707183837890625,0.395255132939533,6303,2484,87,126,0.9969873178341118,0.942326245193448,686,264,21,29,0.9881683229051651,0.8785089853063583,
nomao,MLP,IQR Removal,2,49.125,0.0,30.324892044067383,0.6941986083984375,0.5054518941076871,6299,2480,91,130,0.9969615448861601,0.9401579966325366,686,264,21,29,0.9839676113360324,0.8785089853063583,
nomao,MLP,IQR Removal,3,45.703125,0.015625,31.01098346710205,0.7092399597167969,0.5937216933878794,6290,2471,100,139,0.996312471946963,0.9352794373704862,684,266,19,31,0.9899840510366826,0.8792212895854941,
nomao,MLP,IQR Removal,4,59.8125,0.015625,31.012036323547363,0.7103366851806641,0.4852725153386515,6311,2492,79,118,0.9973821400367682,0.9466627423152706,691,261,24,24,0.9864850938535149,0.882223040117777,
nomao,MLP,IQR Removal,5,64.34375,0.015625,30.87391948699951,0.7075891494750977,0.666466366238451,6322,2502,68,108,0.9979050353704364,0.9523517405456278,688,265,21,26,0.9876055317231787,0.8855845467272196,
nomao,MLP,IQR Removal,6,45.4375,0.015625,31.010807037353516,0.7091922760009766,0.5416607933887329,6335,2425,145,95,0.99637484795856,0.9343486159986553,699,256,30,15,0.9915525650819769,0.8886752601852682,
nomao,MLP,IQR Removal,7,63.78125,0.015625,31.01108455657959,0.7106485366821289,0.6209220632675656,6313,2493,77,117,0.9975544172198655,0.9474726116875924,683,258,28,31,0.9851423086717205,0.8560123274227969,
nomao,MLP,IQR Removal,8,63.9375,0.015625,31.01116180419922,0.7106485366821289,0.4698403016377661,6310,2490,80,120,0.9971640413673746,0.9458462354015806,699,266,20,15,0.9928209045856105,0.9139191873574534,
nomao,MLP,IQR Removal,9,63.984375,0.015625,31.011032104492188,0.7106485366821289,0.5710987130414626,6308,2488,82,122,0.9974946898959764,0.9447619845442395,684,273,13,30,0.9913321972145501,0.8973067333454957,
nomao,MLP,IQR Removal,10,63.046875,0.015625,30.736231803894043,0.7045297622680664,0.41937397137859667,6310,2490,80,120,0.9971593212749089,0.9458462354015806,692,264,22,22,0.9898826663532546,0.8922645981469511,
nomao,MLP,Yeo-Johnson,1,10.671875,0.09375,35.04867458343506,0.7036619186401367,1.0,6328,136,2435,101,0.5185938206997791,0.10491094686995882,705,16,269,10,0.5210771684455895,0.11957807575736173,
nomao,MLP,Yeo-Johnson,2,8.421875,0.09375,34.58702564239502,0.6912946701049805,1.0,6127,417,2154,302,0.5576095264075613,0.19197346971895035,663,45,240,52,0.5425837320574163,0.12990307297152556,
nomao,MLP,Yeo-Johnson,3,6.0,0.15625,35.11745357513428,0.706425666809082,1.0,6228,292,2279,201,0.5411549511375762,0.16340417973959104,691,41,244,24,0.5551466077781868,0.20195832762821986,
nomao,MLP,Yeo-Johnson,4,12.703125,0.09375,35.119072914123535,0.7068662643432617,1.0,6374,112,2459,55,0.517503915400843,0.11718596527721165,704,7,278,11,0.5045883940620782,0.031158329034389004,
nomao,MLP,Yeo-Johnson,5,7.65625,0.09375,35.0482702255249,0.7034711837768555,1.0,4363,1452,1118,2067,0.6217593236954694,0.22540561817005905,460,162,124,254,0.6053456347573994,0.19316372577573848,
nomao,MLP,Yeo-Johnson,6,7.625,0.09375,35.11838626861572,0.7065305709838867,1.0,6420,21,2549,10,0.5033079981361686,0.05100519837995427,713,2,284,1,0.5027962233844586,0.0462089153910736,
nomao,MLP,Yeo-Johnson,7,5.84375,0.09375,35.117180824279785,0.7064065933227539,1.0,6069,480,2090,361,0.5653136743499283,0.20271677846454486,674,55,231,40,0.5681426416720534,0.21003660588656098,
nomao,MLP,Yeo-Johnson,8,5.578125,0.1875,35.11791801452637,0.7063837051391602,1.0,5130,1329,1241,1300,0.657471664316706,0.3128278182299495,572,153,133,142,0.6680427415721534,0.33302459587158634,
nomao,MLP,Yeo-Johnson,9,5.328125,0.09375,35.11753749847412,0.7063837051391602,1.0,5516,1054,1516,914,0.6339852708909477,0.2928243071361674,620,107,179,94,0.6212366065307242,0.2734163438076732,
nomao,MLP,Yeo-Johnson,10,8.453125,0.15625,34.98007869720459,0.7004556655883789,0.0,6430,0,2570,0,0.48334382242770085,0.0,714,0,286,0,0.4863665746018687,0.0,
nomao,MLP,Quantile Transform,1,54.75,0.03125,35.61246871948242,1.2708244323730469,0.5941927182888517,6366,2547,24,63,0.9995124617345835,0.9764761600278008,688,257,28,27,0.9861513924671819,0.8649073055317902,
nomao,MLP,Quantile Transform,2,55.6875,0.03125,35.15278434753418,1.258646011352539,0.5459723898089412,6415,2506,65,14,0.9995975850626769,0.978458968699381,695,255,30,20,0.9809348546190653,0.876276921335583,
nomao,MLP,Quantile Transform,3,63.09375,0.03125,35.680410385131836,1.2743244171142578,0.30740390125428435,6411,2502,69,18,0.9996182457709526,0.9762677184615484,689,257,28,26,0.9853858422279475,0.8672312199775166,
nomao,MLP,Quantile Transform,4,64.921875,0.046875,35.685495376586914,1.2744922637939453,0.6645517776384338,6369,2550,21,60,0.9996881533797742,0.9781023464484843,680,267,18,35,0.9801104158998897,0.8729793072693435,
nomao,MLP,Quantile Transform,5,63.46875,0.046875,35.61182880401611,1.2713680267333984,0.6552075797054832,6371,2551,19,59,0.9997081712062257,0.9789158865504868,685,263,23,29,0.9837711308299544,0.8735650320109098,
nomao,MLP,Quantile Transform,6,64.78125,0.046875,35.683143615722656,1.2744922637939453,0.6072666371548524,6375,2555,15,55,0.9996796993664184,0.9810843882651691,685,263,23,29,0.9822873205226147,0.8735650320109098,
nomao,MLP,Quantile Transform,7,61.8125,0.046875,35.68098831176758,1.2743644714355469,0.6586997011659214,6368,2548,22,62,0.9996771275211648,0.977289510264475,676,259,27,38,0.9786536992419346,0.8429580829351726,
nomao,MLP,Quantile Transform,8,43.890625,0.28125,35.68365287780762,1.2730846405029297,0.4758843628914719,6404,2494,76,26,0.9993706240809436,0.9721520958297256,697,251,35,17,0.988060958649194,0.8711077419863128,
nomao,MLP,Quantile Transform,9,65.734375,0.03125,35.68168544769287,1.2744922637939453,0.4688256327239359,6370,2550,20,60,0.9997062347580348,0.9783737611218162,681,268,18,33,0.9836340130457778,0.8776314246630932,
nomao,MLP,Quantile Transform,10,64.828125,0.03125,35.54726982116699,1.2683734893798828,0.5542896743142781,6375,2555,15,55,0.999667505794216,0.9810843882651691,687,263,23,27,0.9832177626295273,0.8781262302845767,
nomao,MLP,Uniform Binning,1,63.84375,0.015625,35.063170433044434,0.7128229141235352,0.41379577941455187,6322,2503,68,107,0.9980954638462108,0.9526254258577765,686,268,17,29,0.9901607164765059,0.8889174246750752,
nomao,MLP,Uniform Binning,2,47.203125,0.015625,34.60226345062256,0.6994905471801758,0.4120884813593735,6309,2490,81,120,0.9974031637443107,0.9455786180348149,686,268,17,29,0.9865734265734265,0.8889174246750752,
nomao,MLP,Uniform Binning,3,62.921875,0.015625,35.13204288482666,0.7158823013305664,0.6056316809104028,6328,2509,62,101,0.9982746644843151,0.9558777986991435,682,266,19,33,0.9894442399705558,0.8747668959043666,
nomao,MLP,Uniform Binning,4,59.109375,0.015625,35.133564949035645,0.7155885696411133,0.5112418738358967,6318,2499,72,111,0.997632276781617,0.9504571772968653,687,260,25,28,0.9879548521653786,0.870388367764482,
nomao,MLP,Uniform Binning,5,54.15625,0.015625,35.064820289611816,0.7122354507446289,0.5354453550913949,6356,2446,124,74,0.9975034946838446,0.9458540229037636,691,260,26,23,0.9886045327221799,0.879667431107849,
nomao,MLP,Uniform Binning,6,43.65625,0.015625,35.13362407684326,0.7146005630493164,0.8353947565723578,6347,2437,133,83,0.9966371761744256,0.9409231342301458,694,253,33,20,0.9906319171025053,0.8688879670850175,
nomao,MLP,Uniform Binning,7,27.609375,0.015625,35.13289737701416,0.7134695053100586,0.46826407727914066,6275,2455,115,155,0.9953774561122173,0.92687184539811,688,260,26,26,0.9853626765391471,0.8726763432645785,
nomao,MLP,Uniform Binning,8,55.15625,0.015625,35.13227558135986,0.7153139114379883,0.32797548311653313,6354,2444,126,76,0.9972679136586162,0.9447582698651819,695,254,32,19,0.9917019255254551,0.8738552551739086,
nomao,MLP,Uniform Binning,9,31.5,0.015625,35.13369274139404,0.7137842178344727,0.603420898201968,6287,2467,103,143,0.9958700098637829,0.9333773505421571,681,273,13,33,0.9913224030871091,0.890704983191248,
nomao,MLP,Uniform Binning,10,40.046875,0.015625,34.99693202972412,0.7081880569458008,0.5512050311941653,6302,2482,88,128,0.996770700328591,0.9415092319722159,690,264,22,24,0.9885971871265988,0.8876137105521456,
nomao,MLP,Quantile Binning,1,60.15625,0.109375,35.05677127838135,0.7112722396850586,0.6283361195924244,6361,2542,29,68,0.9990375981935705,0.9737658493266617,691,262,23,24,0.9856213961477119,0.884800932324261,
nomao,MLP,Quantile Binning,2,63.546875,0.09375,34.59414196014404,0.6992826461791992,0.7060523192432305,6358,2539,32,71,0.9992176760799032,0.9721396629059782,686,263,22,29,0.9827284995706048,0.8759067448747846,
nomao,MLP,Quantile Binning,3,64.234375,0.015625,35.12280750274658,0.714564323425293,0.7843457449093362,6363,2544,27,66,0.9992926051785839,0.9748499736071173,674,268,17,41,0.9880799901852533,0.8626247884604404,
nomao,MLP,Quantile Binning,4,63.546875,0.015625,35.12659740447998,0.714564323425293,0.30069907750355185,6409,2499,72,20,0.9993305688519162,0.9748990182478935,697,255,30,18,0.9846963562753035,0.8811046295931748,
nomao,MLP,Quantile Binning,5,63.8125,0.0,35.057376861572266,0.7115049362182617,0.7488341651247212,6369,2549,21,61,0.9992928938402794,0.9778316356931456,684,261,25,30,0.9865673542144131,0.866096951213511,
nomao,MLP,Quantile Binning,6,63.765625,0.015625,35.12774181365967,0.714564323425293,0.18274528481437796,6406,2496,74,24,0.9992213360282238,0.9732478488683073,699,256,30,15,0.9892680848563201,0.8886752601852682,
nomao,MLP,Quantile Binning,7,63.953125,0.015625,35.12588405609131,0.714564323425293,0.6563496756871084,6368,2548,22,62,0.9994292924097282,0.977289510264475,685,262,24,29,0.983668292491822,0.8709688500919381,
nomao,MLP,Quantile Binning,8,64.90625,0.015625,35.12526607513428,0.714564323425293,0.2997390101083418,6411,2501,69,19,0.9993331356542471,0.9759872314647616,700,256,30,14,0.9921842863019333,0.8911349940550541,
nomao,MLP,Quantile Binning,9,62.9375,0.015625,35.125657081604004,0.714564323425293,0.40938860312017306,6410,2500,70,20,0.9992546792455114,0.9754393549454708,689,261,25,25,0.9859184932714343,0.8775734069851717,
nomao,MLP,Quantile Binning,10,63.875,0.015625,34.989033699035645,0.7084455490112305,0.19230817929896268,6406,2496,74,24,0.9992156174546599,0.9732478488683073,698,256,30,16,0.9870154355448473,0.8862269079042068,
nomao,MLP,PCA,1,57.546875,0.09375,31.07278060913086,0.5394010543823242,0.424251813642998,6372,2463,108,57,0.9982215153416497,0.9549030286426807,695,254,31,20,0.9878689731321311,0.8737184083393528,
nomao,MLP,PCA,2,49.21875,0.09375,30.608936309814453,0.5265703201293945,0.5925996719656623,6312,2493,78,117,0.997764771514044,0.9472048044554984,686,267,18,29,0.9845761256287572,0.8863153328736487,
nomao,MLP,PCA,3,58.171875,0.09375,31.14082145690918,0.5424604415893555,0.6005159166909914,6326,2507,64,103,0.9981182118002713,0.9547936744186879,677,268,17,38,0.9898368298368299,0.8690774979920122,
nomao,MLP,PCA,4,58.15625,0.09375,31.14225196838379,0.5424604415893555,0.5019775181359294,6322,2503,68,107,0.9981219325427573,0.9526254258577765,690,260,25,25,0.9846055698687277,0.877315666789351,
nomao,MLP,PCA,5,56.96875,0.015625,31.072052001953125,0.5394010543823242,0.6771274565714436,6332,2512,58,98,0.9984496009101306,0.9577729948323337,685,262,24,29,0.9868415897827663,0.8709688500919381,
nomao,MLP,PCA,6,58.234375,0.09375,31.142488479614258,0.5424604415893555,0.5178288514504842,6321,2501,69,109,0.9981813120646775,0.9518096151169572,693,259,27,21,0.9905143875732111,0.8818231646926521,
nomao,MLP,PCA,7,58.0,0.09375,31.141284942626953,0.5424604415893555,0.5193317158458862,6327,2507,63,103,0.9982224010747288,0.9550623676889808,678,262,24,36,0.9826741885565414,0.8552728088655029,
nomao,MLP,PCA,8,56.75,0.09375,31.140396118164062,0.5423555374145508,0.5924586790465326,6371,2461,109,59,0.9981808582096326,0.9540721706931268,696,254,32,18,0.9891774891774892,0.8762809244701948,
nomao,MLP,PCA,9,59.03125,0.015625,31.14057731628418,0.5424604415893555,0.6315870841071441,6319,2499,71,111,0.9979953222673388,0.950725364259616,688,269,17,26,0.9901569019216079,0.8959104055918838,
nomao,MLP,PCA,10,58.15625,0.09375,31.003637313842773,0.536341667175293,0.6388487733024304,6326,2506,64,104,0.9979534465752099,0.9545202422603102,688,259,27,26,0.9879581203110614,0.8700942848813402,
nomao,MLP,Select Percentile (Mutual Info),1,60.46875,0.015625,77.03429698944092,0.36760807037353516,0.558546203506392,6277,2458,113,152,0.9953850995697914,0.9282326295475246,693,264,21,22,0.9912059869954607,0.8946053639528749,
nomao,MLP,Select Percentile (Mutual Info),2,62.59375,0.015625,75.66158962249756,0.36146068572998047,0.5202146555483098,6272,2453,118,157,0.9952949547518388,0.9255223188463855,683,266,19,32,0.9853514906146486,0.8769894371929587,
nomao,MLP,Select Percentile (Mutual Info),3,45.734375,0.015625,77.3776388168335,0.3661928176879883,0.8363200836918955,6220,2491,80,209,0.9948189114632082,0.9230395134585978,671,268,17,44,0.9883253588516746,0.8562490815934742,
nomao,MLP,Select Percentile (Mutual Info),4,62.46875,0.015625,77.37762641906738,0.36762332916259766,0.39198872927658446,6337,2428,143,92,0.9961404405443804,0.9357295890616457,697,257,28,18,0.986912035333088,0.8861993776281303,
nomao,MLP,Select Percentile (Mutual Info),5,51.0625,0.015625,77.03343868255615,0.3667259216308594,0.6739060582625992,6270,2450,120,160,0.9952506490127141,0.924161218254757,691,269,17,23,0.9892852245793422,0.9027669295865999,
nomao,MLP,Select Percentile (Mutual Info),6,63.984375,0.015625,77.37794589996338,0.36762332916259766,0.542956248814591,6323,2413,157,107,0.9958749417552692,0.9277740977671648,696,250,36,18,0.9890256802021509,0.8661114830275036,
nomao,MLP,Select Percentile (Mutual Info),7,62.375,0.015625,77.37762260437012,0.36762332916259766,0.5459204373309421,6280,2460,110,150,0.9959195103206635,0.929582472541463,688,259,27,26,0.9847407494466318,0.8700942848813402,
nomao,MLP,Select Percentile (Mutual Info),8,63.21875,0.015625,77.37745952606201,0.36762332916259766,0.47480122028896143,6327,2417,153,103,0.9955994517431059,0.9299656038443284,699,257,29,15,0.9941969794910971,0.8911998996212128,
nomao,MLP,Select Percentile (Mutual Info),9,58.9375,0.015625,77.37684917449951,0.36724376678466797,0.4287622529906431,6332,2422,148,98,0.9958579675765955,0.9327049864407827,687,264,22,27,0.9899218428630193,0.8807126478487926,
nomao,MLP,Select Percentile (Mutual Info),10,61.890625,0.09375,76.6902551651001,0.36454105377197266,0.3437773426439084,6324,2414,156,106,0.9955852914657097,0.9283219742864557,703,255,31,11,0.9886388121682239,0.896081740778758,
nomao,MLP,Random Undersampling,1,36.71875,0.015625,24.889080047607422,0.7218303680419922,0.4609042128086157,6212,2483,88,217,0.9935930326888706,0.9187455574734441,684,266,19,31,0.9897779413568887,0.8792212895854941,
nomao,MLP,Random Undersampling,2,35.84375,0.015625,24.73236656188965,0.7157115936279297,0.4425215138159593,6212,2483,88,217,0.9941360795921874,0.9187455574734441,680,268,17,35,0.9844338118022329,0.875609154906966,
nomao,MLP,Random Undersampling,3,36.453125,0.015625,25.438243865966797,0.7432136535644531,0.4475818627112418,6214,2485,86,215,0.9939768136638247,0.9198190464697324,673,268,17,42,0.9871917556128083,0.8604910911653871,
nomao,MLP,Random Undersampling,4,36.75,0.0,25.43836784362793,0.7432136535644531,0.34538952441590326,6213,2484,87,216,0.99437916810127,0.9192823019715883,684,264,21,31,0.987039627039627,0.8739981109779753,
nomao,MLP,Random Undersampling,5,36.78125,0.015625,25.508758544921875,0.7462577819824219,0.47420998056125274,6209,2479,91,221,0.9939091140144385,0.9168666390598332,684,268,18,30,0.989059959648195,0.8843025016516513,
nomao,MLP,Random Undersampling,6,35.78125,0.015625,24.958181381225586,0.7248744964599609,0.1742339232773396,6219,2489,81,211,0.9936880260936393,0.9222347107170922,694,259,27,20,0.9890060919472685,0.8842003647877743,
nomao,MLP,Random Undersampling,7,29.109375,0.015625,24.722390174865723,0.7148380279541016,0.2886507304549436,6204,2474,96,226,0.9938596135575579,0.9141826032312037,679,265,21,35,0.983932733932734,0.8653588419358258,
nomao,MLP,Random Undersampling,8,36.53125,0.015625,25.428434371948242,0.7431964874267578,0.3145962713906482,6255,2435,135,175,0.9932654265329709,0.9160293368246981,696,259,27,18,0.9921989774930952,0.8889869567525787,
nomao,MLP,Random Undersampling,9,36.859375,0.015625,24.80156898498535,0.7187557220458984,0.3792867954953905,6219,2489,81,211,0.9943234534132926,0.9222347107170922,673,271,15,41,0.9901862843039314,0.8681880226527106,
nomao,MLP,Random Undersampling,10,37.015625,0.09375,25.428211212158203,0.7431964874267578,0.16278519391471366,6213,2483,87,217,0.9939658761520354,0.9190138677227369,689,263,23,25,0.9868513839102075,0.8827268309794263,
nomao,MLP,SMOTE / SMOTENC,1,98.046875,0.015625,171.2384386062622,4.087507247924805,0.4026429496949637,6318,2499,72,111,0.997595583605719,0.9504571772968653,694,262,23,21,0.989032020610968,0.8918202704177762,
nomao,MLP,SMOTE / SMOTENC,2,109.296875,0.015625,171.24153423309326,4.076079368591309,0.6640293292528323,6314,2495,76,115,0.9977121668702791,0.948288928735954,691,262,23,24,0.9826769721506563,0.884800932324261,
nomao,MLP,SMOTE / SMOTENC,3,100.53125,0.015625,171.2415428161621,4.091274261474609,0.33585041343029687,6305,2486,85,124,0.9968361588893772,0.9434103694739037,682,264,21,33,0.9895472948104527,0.8695251544959128,
nomao,MLP,SMOTE / SMOTENC,4,89.1875,0.015625,171.23973655700684,4.089820861816406,0.5100891985031515,6297,2478,93,132,0.996650515014285,0.9390738723520811,688,255,30,27,0.9862495399337505,0.859719201838433,
nomao,MLP,SMOTE / SMOTENC,5,93.375,0.015625,171.14435482025146,4.087347984313965,0.4796078175104801,6312,2492,78,118,0.9972393813048028,0.9469304862589218,686,261,25,28,0.9873166049636637,0.8706578681381163,
nomao,MLP,SMOTE / SMOTENC,6,110.234375,0.015625,171.1396598815918,4.089776039123535,0.3996100203399793,6311,2491,79,119,0.9973395017276749,0.9463883608302512,696,257,29,18,0.9901960784313726,0.8839051026473891,
nomao,MLP,SMOTE / SMOTENC,7,91.734375,0.015625,171.14067840576172,4.089630126953125,0.4625116054281318,6305,2485,85,125,0.9968965089469958,0.9431356082582277,688,262,24,26,0.9844420285596757,0.8778399514067071,
nomao,MLP,SMOTE / SMOTENC,8,110.703125,0.03125,171.1426601409912,4.090485572814941,0.4920670129857325,6302,2482,88,128,0.9970715759662574,0.9415092319722159,699,262,24,15,0.9934330375506846,0.9038217022178622,
nomao,MLP,SMOTE / SMOTENC,9,108.9375,0.015625,171.13758850097656,4.089718818664551,0.4797105807702708,6300,2480,90,130,0.9969930287865126,0.9404249811148748,688,268,18,26,0.9915035944447709,0.8933288807601637,
nomao,MLP,SMOTE / SMOTENC,10,96.78125,0.015625,171.1387815475464,4.083098411560059,0.6724365383668047,6255,2525,45,175,0.9965914578429178,0.9415597686832246,683,269,17,31,0.987590840532017,0.8846748875147505,
nomao,XGBoost,Baseline,1,1.375,0.015625,30.82568645477295,0.24724578857421875,0.833817725777626,6389,2570,1,40,0.9999904107693655,0.9889435892530407,687,268,17,28,0.994101337259232,0.8911681325499171,
nomao,XGBoost,Baseline,2,0.625,0.015625,30.275506019592285,0.2481403350830078,0.8267770648002626,6390,2571,0,39,0.9999996067507941,0.9894856513932685,676,276,9,39,0.9897779413568888,0.8881002031412619,
nomao,XGBoost,Baseline,3,0.625,0.015625,30.961289405822754,0.24550151824951172,0.8269184541702271,6389,2570,1,40,0.9999890495221144,0.9889435892530407,675,278,7,40,0.9936007851797326,0.8912896401637853,
nomao,XGBoost,Baseline,4,0.625,0.015625,30.96151638031006,0.2464752197265625,0.8362297081947327,6389,2570,1,40,0.9999928307644782,0.9889435892530407,678,276,9,37,0.9912305238621029,0.8923582825106865,
nomao,XGBoost,Baseline,5,0.671875,0.015625,30.8239164352417,0.2482166290283203,0.8431412786245346,6390,2570,0,40,0.9999982148368239,0.989216269695228,680,273,13,34,0.989035474329592,0.888522366864304,
nomao,XGBoost,Baseline,6,0.640625,0.015625,30.961955070495605,0.2508840560913086,0.8429656797647477,6389,2569,1,41,0.9999968532716896,0.9886741442665574,677,275,11,37,0.9917362049714992,0.8872934322441174,
nomao,XGBoost,Baseline,7,0.640625,0.015625,30.96406078338623,0.25159740447998047,0.8444016486406328,6389,2569,1,41,0.9999969440426987,0.9886741442665574,671,275,11,43,0.9908767702885349,0.8745863025350816,
nomao,XGBoost,Baseline,8,0.609375,0.015625,30.961819648742676,0.24653911590576172,0.8322618079185488,6389,2569,1,41,0.9999895613339708,0.9886741442665574,685,276,10,29,0.9955779514603044,0.9073159204452341,
nomao,XGBoost,Baseline,9,0.609375,0.015625,30.961735725402832,0.24135112762451172,0.8202373999357224,6389,2569,1,41,0.9999896823619827,0.9886741442665574,677,277,9,37,0.9912685353861824,0.8925602879188357,
nomao,XGBoost,Baseline,10,0.609375,0.015625,30.68706226348877,0.24885940551757812,0.8321341776847839,6389,2569,1,41,0.9999897428759886,0.9886741442665574,682,274,12,32,0.9906245715069245,0.8955070414991951,
nomao,XGBoost,Standard Scaler,1,0.640625,0.015625,35.04444408416748,0.24886798858642578,0.833817725777626,6389,2570,1,40,0.9999904107693655,0.9889435892530407,687,268,17,28,0.994101337259232,0.8911681325499171,
nomao,XGBoost,Standard Scaler,2,0.625,0.015625,34.586318016052246,0.24976253509521484,0.8267770648002626,6390,2571,0,39,0.9999996067507941,0.9894856513932685,676,276,9,39,0.9897779413568888,0.8881002031412619,
nomao,XGBoost,Standard Scaler,3,0.671875,0.015625,35.11263179779053,0.24712371826171875,0.8269184541702271,6389,2570,1,40,0.9999890495221144,0.9889435892530407,675,278,7,40,0.9936007851797326,0.8912896401637853,
nomao,XGBoost,Standard Scaler,4,0.65625,0.03125,35.116299629211426,0.24809741973876953,0.8362297081947327,6389,2570,1,40,0.9999928307644782,0.9889435892530407,678,276,9,37,0.9912305238621029,0.8923582825106865,
nomao,XGBoost,Standard Scaler,5,0.640625,0.015625,35.04676532745361,0.24983882904052734,0.8431412786245346,6390,2570,0,40,0.9999982148368239,0.989216269695228,680,273,13,34,0.989035474329592,0.888522366864304,
nomao,XGBoost,Standard Scaler,6,0.65625,0.015625,35.11381435394287,0.2525062561035156,0.8429656797647477,6389,2569,1,41,0.9999968532716896,0.9886741442665574,677,275,11,37,0.9917362049714992,0.8872934322441174,
nomao,XGBoost,Standard Scaler,7,0.625,0.015625,35.11441135406494,0.2532196044921875,0.8444016486406328,6389,2569,1,41,0.9999969440426987,0.9886741442665574,671,275,11,43,0.9908767702885349,0.8745863025350816,
nomao,XGBoost,Standard Scaler,8,0.640625,0.015625,35.11414051055908,0.24816131591796875,0.8322618079185488,6389,2569,1,41,0.9999895613339708,0.9886741442665574,685,276,10,29,0.9955779514603044,0.9073159204452341,
nomao,XGBoost,Standard Scaler,9,0.625,0.015625,35.1137113571167,0.24297332763671875,0.8202373999357224,6389,2569,1,41,0.9999896823619827,0.9886741442665574,677,277,9,37,0.9912685353861824,0.8925602879188357,
nomao,XGBoost,Standard Scaler,10,0.625,0.015625,34.97734069824219,0.25048160552978516,0.8321341776847839,6389,2569,1,41,0.9999897428759886,0.9886741442665574,682,274,12,32,0.9906245715069245,0.8955070414991951,
nomao,XGBoost,MinMax Scaler,1,0.625,0.0,35.04629421234131,0.2501354217529297,0.833817725777626,6389,2570,1,40,0.9999904107693655,0.9889435892530407,687,268,17,28,0.994101337259232,0.8911681325499171,
nomao,XGBoost,MinMax Scaler,2,0.625,0.015625,34.58531665802002,0.25102996826171875,0.8267770648002626,6390,2571,0,39,0.9999996067507941,0.9894856513932685,676,276,9,39,0.9897779413568888,0.8881002031412619,
nomao,XGBoost,MinMax Scaler,3,0.640625,0.015625,35.11479663848877,0.24839115142822266,0.8269184541702271,6389,2570,1,40,0.9999890495221144,0.9889435892530407,675,278,7,40,0.9936007851797326,0.8912896401637853,
nomao,XGBoost,MinMax Scaler,4,0.703125,0.015625,35.116888999938965,0.24936485290527344,0.8362297081947327,6389,2570,1,40,0.9999928307644782,0.9889435892530407,678,276,9,37,0.9912305238621029,0.8923582825106865,
nomao,XGBoost,MinMax Scaler,5,0.625,0.015625,35.04739475250244,0.25110626220703125,0.8431412786245346,6390,2570,0,40,0.9999982148368239,0.989216269695228,680,273,13,34,0.989035474329592,0.888522366864304,
nomao,XGBoost,MinMax Scaler,6,0.640625,0.015625,35.11457920074463,0.25377368927001953,0.8429656797647477,6389,2569,1,41,0.9999968532716896,0.9886741442665574,677,275,11,37,0.9917362049714992,0.8872934322441174,
nomao,XGBoost,MinMax Scaler,7,0.640625,0.015625,35.11772060394287,0.2544870376586914,0.8444016486406328,6389,2569,1,41,0.9999969440426987,0.9886741442665574,671,275,11,43,0.9908767702885349,0.8745863025350816,
nomao,XGBoost,MinMax Scaler,8,0.625,0.015625,35.116700172424316,0.24942874908447266,0.8322618079185488,6389,2569,1,41,0.9999895613339708,0.9886741442665574,685,276,10,29,0.9955779514603044,0.9073159204452341,
nomao,XGBoost,MinMax Scaler,9,0.625,0.015625,35.11806583404541,0.24424076080322266,0.8202373999357224,6389,2569,1,41,0.9999896823619827,0.9886741442665574,677,277,9,37,0.9912685353861824,0.8925602879188357,
nomao,XGBoost,MinMax Scaler,10,0.640625,0.015625,34.97718048095703,0.25174903869628906,0.8321341776847839,6389,2569,1,41,0.9999897428759886,0.9886741442665574,682,274,12,32,0.9906245715069245,0.8955070414991951,
nomao,XGBoost,IQR Capping,1,0.78125,0.046875,38.683465003967285,0.2535228729248047,0.8246894669532777,6389,2570,1,40,0.9999824247854932,0.9889435892530407,687,272,13,28,0.9935468040731199,0.9015581378729663,
nomao,XGBoost,IQR Capping,2,0.78125,0.046875,38.132259368896484,0.2490997314453125,0.8281714481115342,6390,2571,0,39,0.9999992437515273,0.9894856513932685,678,271,14,37,0.9895178505704821,0.8791622309815005,
nomao,XGBoost,IQR Capping,3,0.8125,0.046875,38.81974506378174,0.25787353515625,0.838228908777237,6390,2571,0,39,0.9999992740014662,0.9894856513932685,678,278,7,37,0.9936400441663599,0.8976381298765688,
nomao,XGBoost,IQR Capping,4,0.78125,0.046875,38.818787574768066,0.24872970581054688,0.8142921006679535,6389,2570,1,40,0.999987567275108,0.9889435892530407,682,271,14,33,0.9912403386087596,0.8878709301208081,
nomao,XGBoost,IQR Capping,5,0.78125,0.03125,38.681660652160645,0.25215816497802734,0.8403821158409118,6390,2570,0,40,0.9999978517527881,0.989216269695228,678,274,12,36,0.9898973575444163,0.8868121689887122,
nomao,XGBoost,IQR Capping,6,0.796875,0.046875,38.81884002685547,0.25463104248046875,0.8302295452356341,6389,2569,1,41,0.999992859347296,0.9886741442665574,680,274,12,34,0.9923507864684336,0.8911419637319214,
nomao,XGBoost,IQR Capping,7,0.78125,0.046875,38.81883239746094,0.25359344482421875,0.8304609084129334,6389,2569,1,41,0.9999929501183049,0.9886741442665574,675,274,12,39,0.9911020352196822,0.880382372892701,
nomao,XGBoost,IQR Capping,8,0.796875,0.03125,38.81923294067383,0.25644779205322266,0.8175737458467486,6390,2570,0,40,0.9999976702107702,0.989216269695228,683,272,14,31,0.9952498481910247,0.8924913576741736,
nomao,XGBoost,IQR Capping,9,0.78125,0.046875,38.81878852844238,0.25404834747314453,0.8388230079412461,6389,2569,1,41,0.9999870802597262,0.9886741442665574,677,278,8,37,0.9914448296801237,0.8951940922759775,
nomao,XGBoost,IQR Capping,10,0.796875,0.046875,38.544344902038574,0.25273609161376953,0.8301359206438066,6389,2569,1,41,0.9999908926421021,0.9886741442665574,684,271,15,30,0.9897798280151221,0.8921047157456338,
nomao,XGBoost,IQR Removal,1,0.859375,0.015625,30.87079620361328,0.2474231719970703,0.833817725777626,6389,2570,1,40,0.9999904107693655,0.9889435892530407,687,268,17,28,0.994101337259232,0.8911681325499171,
nomao,XGBoost,IQR Removal,2,0.890625,0.015625,30.32602024078369,0.24831771850585938,0.8267770648002626,6390,2571,0,39,0.9999996067507941,0.9894856513932685,676,276,9,39,0.9897779413568888,0.8881002031412619,
nomao,XGBoost,IQR Removal,3,0.859375,0.015625,31.010801315307617,0.24567890167236328,0.8269184541702271,6389,2570,1,40,0.9999890495221144,0.9889435892530407,675,278,7,40,0.9936007851797326,0.8912896401637853,
nomao,XGBoost,IQR Removal,4,0.890625,0.015625,31.01305103302002,0.24665260314941406,0.8362297081947327,6389,2570,1,40,0.9999928307644782,0.9889435892530407,678,276,9,37,0.9912305238621029,0.8923582825106865,
nomao,XGBoost,IQR Removal,5,0.859375,0.015625,30.873689651489258,0.24839401245117188,0.8431412786245346,6390,2570,0,40,0.9999982148368239,0.989216269695228,680,273,13,34,0.989035474329592,0.888522366864304,
nomao,XGBoost,IQR Removal,6,0.875,0.015625,31.010448455810547,0.25106143951416016,0.8429656797647477,6389,2569,1,41,0.9999968532716896,0.9886741442665574,677,275,11,37,0.9917362049714992,0.8872934322441174,
nomao,XGBoost,IQR Removal,7,0.875,0.015625,31.010448455810547,0.25177478790283203,0.8444016486406328,6389,2569,1,41,0.9999969440426987,0.9886741442665574,671,275,11,43,0.9908767702885349,0.8745863025350816,
nomao,XGBoost,IQR Removal,8,0.875,0.015625,31.010751724243164,0.24671649932861328,0.8322618079185488,6389,2569,1,41,0.9999895613339708,0.9886741442665574,685,276,10,29,0.9955779514603044,0.9073159204452341,
nomao,XGBoost,IQR Removal,9,0.859375,0.015625,31.01184368133545,0.24152851104736328,0.8202373999357224,6389,2569,1,41,0.9999896823619827,0.9886741442665574,677,277,9,37,0.9912685353861824,0.8925602879188357,
nomao,XGBoost,IQR Removal,10,0.875,0.015625,30.736120223999023,0.2490367889404297,0.8321341776847839,6389,2569,1,41,0.9999897428759886,0.9886741442665574,682,274,12,32,0.9906245715069245,0.8955070414991951,
nomao,XGBoost,Yeo-Johnson,1,1.453125,0.015625,35.0499963760376,0.2477283477783203,0.833817725777626,6389,2570,1,40,0.9999904107693655,0.9889435892530407,687,268,17,28,0.994101337259232,0.8911681325499171,
nomao,XGBoost,Yeo-Johnson,2,1.453125,0.03125,34.58767604827881,0.24862289428710938,0.8267770648002626,6390,2571,0,39,0.9999996067507941,0.9894856513932685,676,276,9,39,0.9897779413568888,0.8881002031412619,
nomao,XGBoost,Yeo-Johnson,3,1.4375,0.03125,35.11730098724365,0.24598407745361328,0.8269184541702271,6389,2570,1,40,0.9999890495221144,0.9889435892530407,675,278,7,40,0.9936007851797326,0.8912896401637853,
nomao,XGBoost,Yeo-Johnson,4,1.484375,0.015625,35.120482444763184,0.24695777893066406,0.8362297081947327,6389,2570,1,40,0.9999928307644782,0.9889435892530407,678,276,9,37,0.9912305238621029,0.8923582825106865,
nomao,XGBoost,Yeo-Johnson,5,1.453125,0.015625,35.047614097595215,0.24869918823242188,0.8431412786245346,6390,2570,0,40,0.9999982148368239,0.989216269695228,680,273,13,34,0.989035474329592,0.888522366864304,
nomao,XGBoost,Yeo-Johnson,6,1.453125,0.015625,35.11887454986572,0.25136661529541016,0.8429656797647477,6389,2569,1,41,0.9999968532716896,0.9886741442665574,677,275,11,37,0.9917362049714992,0.8872934322441174,
nomao,XGBoost,Yeo-Johnson,7,1.453125,0.015625,35.11886119842529,0.25207996368408203,0.8444016486406328,6389,2569,1,41,0.9999969440426987,0.9886741442665574,671,275,11,43,0.9908767702885349,0.8745863025350816,
nomao,XGBoost,Yeo-Johnson,8,1.4375,0.015625,35.117003440856934,0.24702167510986328,0.8322618079185488,6389,2569,1,41,0.9999895613339708,0.9886741442665574,685,276,10,29,0.9955779514603044,0.9073159204452341,
nomao,XGBoost,Yeo-Johnson,9,1.453125,0.015625,35.118943214416504,0.24183368682861328,0.8202373999357224,6389,2569,1,41,0.9999896823619827,0.9886741442665574,677,277,9,37,0.9912685353861824,0.8925602879188357,
nomao,XGBoost,Yeo-Johnson,10,1.453125,0.03125,34.979506492614746,0.2493419647216797,0.8321341776847839,6389,2569,1,41,0.9999897428759886,0.9886741442665574,682,274,12,32,0.9906245715069245,0.8955070414991951,
nomao,XGBoost,Quantile Transform,1,0.796875,0.03125,35.611680030822754,0.8118810653686523,0.833817725777626,6389,2570,1,40,0.9999904107693655,0.9889435892530407,687,268,17,28,0.994101337259232,0.8911681325499171,
nomao,XGBoost,Quantile Transform,2,0.78125,0.046875,35.14887523651123,0.8127756118774414,0.8267770648002626,6390,2571,0,39,0.9999996067507941,0.9894856513932685,676,276,9,39,0.9897779413568888,0.8881002031412619,
nomao,XGBoost,Quantile Transform,3,0.8125,0.046875,35.68129920959473,0.8101367950439453,0.8269184541702271,6389,2570,1,40,0.9999890495221144,0.9889435892530407,675,278,7,40,0.9936007851797326,0.8912896401637853,
nomao,XGBoost,Quantile Transform,4,0.8125,0.046875,35.68264579772949,0.8111104965209961,0.8362297081947327,6389,2570,1,40,0.9999928307644782,0.9889435892530407,678,276,9,37,0.9912305238621029,0.8923582825106865,
nomao,XGBoost,Quantile Transform,5,0.796875,0.046875,35.61009502410889,0.8128519058227539,0.8431412786245346,6390,2570,0,40,0.9999982148368239,0.989216269695228,680,273,13,34,0.989035474329592,0.888522366864304,
nomao,XGBoost,Quantile Transform,6,0.8125,0.03125,35.68337154388428,0.8155193328857422,0.8429656797647477,6389,2569,1,41,0.9999968532716896,0.9886741442665574,677,275,11,37,0.9917362049714992,0.8872934322441174,
nomao,XGBoost,Quantile Transform,7,0.796875,0.03125,35.684075355529785,0.8162326812744141,0.8444016486406328,6389,2569,1,41,0.9999969440426987,0.9886741442665574,671,275,11,43,0.9908767702885349,0.8745863025350816,
nomao,XGBoost,Quantile Transform,8,0.78125,0.046875,35.68565082550049,0.8111743927001953,0.8322618079185488,6389,2569,1,41,0.9999895613339708,0.9886741442665574,685,276,10,29,0.9955779514603044,0.9073159204452341,
nomao,XGBoost,Quantile Transform,9,0.78125,0.03125,35.68096923828125,0.8059864044189453,0.8202373999357224,6389,2569,1,41,0.9999896823619827,0.9886741442665574,677,277,9,37,0.9912685353861824,0.8925602879188357,
nomao,XGBoost,Quantile Transform,10,0.78125,0.03125,35.54283809661865,0.8134946823120117,0.8321341776847839,6389,2569,1,41,0.9999897428759886,0.9886741442665574,682,274,12,32,0.9906245715069245,0.8955070414991951,
nomao,XGBoost,Uniform Binning,1,0.5,0.015625,35.06236743927002,0.2615079879760742,0.638060246706009,6372,2553,18,57,0.9996901498757423,0.9797285328691677,691,263,22,24,0.9926242178873758,0.8873787261696306,
nomao,XGBoost,Uniform Binning,2,0.46875,0.03125,34.6002721786499,0.25539684295654297,0.6135462313890458,6370,2551,20,59,0.9997499540049679,0.978644408588712,691,272,13,24,0.9894442399705558,0.9105793312549905,
nomao,XGBoost,Uniform Binning,3,0.46875,0.015625,35.1308012008667,0.2561311721801758,0.63753175675869,6373,2554,17,56,0.9996623501818839,0.9802705950093955,685,272,13,30,0.9920304257146362,0.8971040877720059,
nomao,XGBoost,Uniform Binning,4,0.5,0.015625,35.13196849822998,0.2596311569213867,0.6365912425518041,6375,2556,15,54,0.9997002231053994,0.9813547192898512,693,266,19,22,0.9899914120966753,0.8997404934759641,
nomao,XGBoost,Uniform Binning,5,0.5,0.015625,35.06260967254639,0.2568378448486328,0.639105778336525,6373,2553,17,57,0.9996637236688432,0.980000137407828,688,274,12,26,0.9914938003173297,0.9088199444884064,
nomao,XGBoost,Uniform Binning,6,0.484375,0.015625,35.13132190704346,0.2698802947998047,0.647579120397568,6376,2556,14,54,0.9997756745798815,0.9816265136938397,692,269,17,22,0.9895545630839748,0.9050721422409284,
nomao,XGBoost,Uniform Binning,7,0.453125,0.015625,35.132405281066895,0.25470542907714844,0.6171202296018601,6368,2548,22,62,0.999636764679185,0.977289510264475,689,265,21,25,0.9892852245793422,0.8878799371632236,
nomao,XGBoost,Uniform Binning,8,0.453125,0.015625,35.13204288482666,0.25626087188720703,0.3623211920261399,6414,2504,66,16,0.9995998813925483,0.9776308610226343,703,265,21,11,0.9950417229828994,0.9210992031471736,
nomao,XGBoost,Uniform Binning,9,0.5,0.015625,35.132447242736816,0.2527589797973633,0.6552977323532104,6376,2556,14,54,0.9996953422369608,0.9816265136938397,680,267,19,34,0.9897357544416368,0.8728069943022464,
nomao,XGBoost,Uniform Binning,10,0.515625,0.015625,34.995299339294434,0.2620811462402344,0.6452064484357835,6372,2552,18,58,0.9996665375701206,0.9794580119791574,693,271,15,21,0.9911779397073515,0.9125008954451632,
nomao,XGBoost,Quantile Binning,1,0.515625,0.015625,35.0548620223999,0.27724170684814453,0.6625869488716126,6378,2559,12,51,0.9997969321600955,0.9829809057105346,691,264,21,24,0.992211998527788,0.8899564515721368,
nomao,XGBoost,Quantile Binning,2,0.515625,0.015625,34.59412670135498,0.27327442169189453,0.6402007925510408,6378,2559,12,51,0.9998447573135125,0.9829809057105346,691,267,18,24,0.9872530977794136,0.8976895139962258,
nomao,XGBoost,Quantile Binning,3,0.515625,0.015625,35.12546443939209,0.2788734436035156,0.6382275819778442,6378,2558,13,51,0.9998257301019381,0.982705092128766,687,269,16,28,0.9914415409152251,0.8937654922198658,
nomao,XGBoost,Quantile Binning,4,0.515625,0.015625,35.127060890197754,0.27297019958496094,0.6358035987615586,6377,2558,13,52,0.9997903679233521,0.9824388435703068,692,265,20,23,0.9897754876702245,0.8948484725240504,
nomao,XGBoost,Quantile Binning,5,0.53125,0.015625,35.05831241607666,0.2737407684326172,0.6344015324115754,6381,2561,9,49,0.9998282612510666,0.9843371408371927,688,266,20,26,0.9904654169360051,0.8881659807987549,
nomao,XGBoost,Quantile Binning,6,0.53125,0.015625,35.12392520904541,0.2803621292114258,0.6322080373764042,6379,2559,11,51,0.9998253868357831,0.9832528899798515,688,272,14,26,0.9913787193198959,0.9036556301757501,
nomao,XGBoost,Quantile Binning,7,0.546875,0.015625,35.12504482269287,0.2652559280395508,0.6587512511014939,6375,2555,15,55,0.9997496535573158,0.9810843882651691,682,269,17,32,0.9886926798691504,0.8824558550239401,
nomao,XGBoost,Quantile Binning,8,0.515625,0.015625,35.12341594696045,0.28017139434814453,0.6418102979660034,6380,2559,11,50,0.9997773084580427,0.9835191886675544,696,272,14,18,0.9958081134551723,0.9220179112384875,
nomao,XGBoost,Quantile Binning,9,0.53125,0.015625,35.12426471710205,0.2801694869995117,0.6497198146581651,6378,2558,12,52,0.9997730422206219,0.9827107645511809,676,272,14,38,0.9893807173218938,0.8772425977252103,
nomao,XGBoost,Quantile Binning,10,0.5,0.015625,34.98666477203369,0.2769756317138672,0.6268999236822129,6381,2561,9,49,0.9998149481697538,0.9843371408371927,689,267,19,25,0.9903160564925271,0.8930329637280365,
nomao,XGBoost,PCA,1,1.59375,0.1875,31.072138786315918,0.2800874710083008,0.8233027762174607,6390,2571,0,39,0.9999999092501832,0.9894856513932685,681,272,13,34,0.9929431971537235,0.8883059397861826,
nomao,XGBoost,PCA,2,1.671875,0.09375,30.611591339111328,0.2756643295288086,0.8252912098169328,6390,2571,0,39,0.9999998487503055,0.9894856513932685,673,268,17,42,0.9841982578824684,0.8604910911653871,
nomao,XGBoost,PCA,3,1.59375,0.09375,31.141108512878418,0.2765331268310547,0.8050125831365585,6390,2571,0,39,1.0,0.9894856513932685,667,274,11,48,0.9892479450374188,0.8639759262147582,
nomao,XGBoost,PCA,4,1.6875,0.09375,31.141664505004883,0.2796440124511719,0.8291377401351929,6390,2571,0,39,0.9999999697500611,0.9894856513932685,680,273,12,35,0.9877364740522636,0.888759024246226,
nomao,XGBoost,PCA,5,1.6875,0.109375,31.072782516479492,0.2802858352661133,0.8369690001010895,6390,2570,0,40,0.9999996671729672,0.989216269695228,675,272,14,39,0.9882666353254589,0.875099217246885,
nomao,XGBoost,PCA,6,1.6875,0.09375,31.139265060424805,0.27672576904296875,0.8298154193162919,6390,2570,0,40,0.999999939485994,0.989216269695228,673,272,14,41,0.9903380932792698,0.870838001377944,
nomao,XGBoost,PCA,7,1.671875,0.09375,31.140779495239258,0.2726402282714844,0.8212883001565934,6390,2570,0,40,0.9999996671729672,0.989216269695228,674,265,21,40,0.9852010734363676,0.8544448332762052,
nomao,XGBoost,PCA,8,1.6875,0.09375,31.138887405395508,0.28009891510009766,0.8283880150318146,6390,2570,0,40,0.9999991528039165,0.989216269695228,682,275,11,32,0.9927278603749192,0.8981177444263112,
nomao,XGBoost,PCA,9,1.65625,0.09375,31.14227294921875,0.27471351623535156,0.807442017197609,6390,2570,0,40,0.9999997276869731,0.989216269695228,679,275,11,35,0.9902254608136961,0.8915969546204631,
nomao,XGBoost,PCA,10,1.671875,0.109375,31.00315284729004,0.27671146392822266,0.8226751089096069,6390,2570,0,40,0.999999969742997,0.989216269695228,676,270,16,38,0.9888591800356505,0.8719685491329301,
nomao,XGBoost,Select Percentile (Mutual Info),1,6.96875,0.015625,77.03279304504395,0.2452840805053711,0.8255098944902421,6389,2570,1,40,0.999989866270465,0.9889435892530407,682,271,14,33,0.994135688872531,0.8878709301208081,
nomao,XGBoost,Select Percentile (Mutual Info),2,6.171875,0.015625,75.66097736358643,0.24673175811767578,0.8037774688005449,6390,2571,0,39,0.9999995462509164,0.9894856513932685,678,274,11,37,0.9889976689976689,0.8870793695374081,
nomao,XGBoost,Select Percentile (Mutual Info),3,6.34375,0.015625,77.37648105621338,0.25191497802734375,0.8411617308855057,6390,2571,0,39,0.9999975800048873,0.9894856513932685,674,277,8,41,0.9937529137529137,0.886532797338553,
nomao,XGBoost,Select Percentile (Mutual Info),4,6.515625,0.015625,77.37608623504639,0.25431346893310547,0.8353467077016831,6389,2570,1,40,0.9999913182675327,0.9889435892530407,676,274,11,39,0.9918439455281561,0.8828038695712537,
nomao,XGBoost,Select Percentile (Mutual Info),5,6.296875,0.015625,77.03311729431152,0.2499523162841797,0.8210410928726196,6389,2569,1,41,0.9999939183424003,0.9886741442665574,681,273,13,33,0.9896035337211808,0.890704983191248,
nomao,XGBoost,Select Percentile (Mutual Info),6,6.3125,0.015625,77.37730693817139,0.25275611877441406,0.8342756021022797,6389,2569,1,41,0.9999877156567888,0.9886741442665574,686,275,11,28,0.9920128890717126,0.9069374846881398,
nomao,XGBoost,Select Percentile (Mutual Info),7,6.3125,0.015625,77.3762092590332,0.25191497802734375,0.8238817244768143,6390,2570,0,40,0.9999975491827583,0.989216269695228,671,271,15,43,0.9904213433625199,0.86395197509424,
nomao,XGBoost,Select Percentile (Mutual Info),8,6.328125,0.015625,77.37656879425049,0.2534055709838867,0.8264010560512544,6389,2569,1,41,0.9999873223157499,0.9886741442665574,687,280,6,27,0.9964104522928052,0.9221061883313292,
nomao,XGBoost,Select Percentile (Mutual Info),9,6.328125,0.015625,77.37814807891846,0.25165557861328125,0.8355838841199875,6389,2569,1,41,0.9999930106323108,0.9886741442665574,676,277,9,38,0.9913762707880355,0.8904301409573889,
nomao,XGBoost,Select Percentile (Mutual Info),10,6.25,0.015625,76.69037246704102,0.2562284469604492,0.838823522925377,6389,2569,1,41,0.9999949470805017,0.9886741442665574,683,273,13,31,0.9914350355526826,0.8950970912029972,
nomao,XGBoost,Random Undersampling,1,0.46875,0.015625,24.888410568237305,0.26349925994873047,0.23500978946685783,6297,2568,3,132,0.9978852570207234,0.9643688398157019,693,261,24,22,0.9919322782480677,0.8869024603297243,
nomao,XGBoost,Random Undersampling,2,0.46875,0.015625,24.731952667236328,0.26238346099853516,0.11050041913986207,6353,2534,37,76,0.9978626905662964,0.9694293522048391,693,252,33,22,0.9846546436020122,0.863784710330833,
nomao,XGBoost,Random Undersampling,3,0.484375,0.015625,25.437987327575684,0.2643623352050781,0.09775016926229001,6347,2528,43,82,0.9979670226055978,0.9661769793634721,690,260,25,25,0.9910047846889951,0.877315666789351,
nomao,XGBoost,Random Undersampling,4,0.484375,0.015625,25.43756675720215,0.26786327362060547,0.203486293554306,6294,2565,6,135,0.9974683523626624,0.9627586063212693,695,261,24,20,0.9903128450496872,0.8916235288740518,
nomao,XGBoost,Random Undersampling,5,0.484375,0.015625,25.50601577758789,0.26072216033935547,0.08314919233322143,6345,2525,45,85,0.9976396209402666,0.9648206254050514,700,251,35,14,0.9888444888444888,0.878537210232587,
nomao,XGBoost,Random Undersampling,6,0.484375,0.015625,24.959043502807617,0.2676429748535156,0.2061204701662063,6295,2565,5,135,0.9977381679989833,0.9630320553122604,697,269,17,17,0.9922038745568156,0.9167499167499168,
nomao,XGBoost,Random Undersampling,7,0.484375,0.015625,24.721891403198242,0.2700185775756836,0.10595413550734521,6352,2532,38,78,0.9984132319925447,0.9686155034057455,699,257,29,15,0.9890648567119155,0.8911998996212128,
nomao,XGBoost,Random Undersampling,8,0.484375,0.015625,25.42775821685791,0.26726531982421875,0.2201010406017302,6296,2566,4,134,0.9981132640649679,0.9635688624779863,697,275,11,17,0.9958228046463341,0.9319688271622899,
nomao,XGBoost,Random Undersampling,9,0.46875,0.015625,24.80024528503418,0.2672386169433594,0.09142447978258134,6355,2535,35,75,0.9984157735807953,0.9702418796917573,694,261,25,20,0.9900638577109164,0.8893030290201485,
nomao,XGBoost,Random Undersampling,10,0.484375,0.015625,25.427980422973633,0.2638282775878906,0.08844373777508738,6347,2527,43,83,0.9982026432517808,0.9659048762623925,700,250,36,14,0.9899659164365047,0.876016896673649,
nomao,XGBoost,SMOTE / SMOTENC,1,17.375,0.015625,171.2383852005005,3.6367645263671875,0.7991091471910478,6389,2570,1,40,0.9999940407620348,0.9889435892530407,687,271,14,28,0.9934879155931788,0.8989604655009694,
nomao,XGBoost,SMOTE / SMOTENC,2,17.78125,0.015625,171.24038124084473,3.6380653381347656,0.8018817961215974,6390,2571,0,39,0.9999994857510386,0.9894856513932685,679,277,8,36,0.9897926634768741,0.897135488980403,
nomao,XGBoost,SMOTE / SMOTENC,3,17.703125,0.015625,171.24201202392578,3.6346216201782227,0.7795817750692368,6389,2570,1,40,0.9999776150452063,0.9889435892530407,681,277,8,34,0.9939492086860509,0.9014361149241436,
nomao,XGBoost,SMOTE / SMOTENC,4,17.6875,0.015625,171.23904705047607,3.6308155059814453,0.7837127935886383,6389,2570,1,40,0.9999853892795063,0.9889435892530407,677,277,8,38,0.992521163047479,0.8928691665089153,
nomao,XGBoost,SMOTE / SMOTENC,5,17.625,0.015625,171.14495372772217,3.636159896850586,0.7813534528017044,6389,2569,1,41,0.9999872012877381,0.9886741442665574,681,275,11,33,0.9907249613131965,0.8959353173816693,
nomao,XGBoost,SMOTE / SMOTENC,6,17.6875,0.015625,171.1371431350708,3.6381235122680664,0.7943343055248261,6389,2569,1,41,0.9999911044411229,0.9886741442665574,681,276,10,33,0.9927474486298016,0.8985507977271012,
nomao,XGBoost,SMOTE / SMOTENC,7,17.859375,0.015625,171.14060878753662,3.637256622314453,0.7736804950237275,6389,2569,1,41,0.999980000121028,0.9886741442665574,678,271,15,36,0.9904213433625199,0.8789269893022968,
nomao,XGBoost,SMOTE / SMOTENC,8,17.640625,0.015625,171.1410207748413,3.6373424530029297,0.7784032779932022,6389,2569,1,41,0.9999864146056605,0.9886741442665574,688,279,7,26,0.9962978198272316,0.9217353078549693,
nomao,XGBoost,SMOTE / SMOTENC,9,17.390625,0.015625,171.13796424865723,3.6358633041381836,0.7971498632431032,6390,2570,0,40,0.9999980332948061,0.989216269695228,678,280,6,36,0.992502595443772,0.9025880699411981,
nomao,XGBoost,SMOTE / SMOTENC,10,17.734375,0.015625,171.13832569122314,3.63095760345459,0.7831936252117159,6389,2569,1,41,0.9999688655439302,0.9886741442665574,689,273,13,25,0.9919296389884626,0.9084939123067749,
