Dataset,Model,Preprocessor,Fold,Fit_Time_sec,Predict_Time_Test_sec,Peak_Memory_MB,Pipeline_Disk_Size_MB,Optimal_Threshold,Train_TP,Train_TN,Train_FP,Train_FN,Train_ROC_AUC,Train_MCC,Test_TP,Test_TN,Test_FP,Test_FN,Test_ROC_AUC,Test_MCC,Error_Log
saheart,GaussianNB,Baseline,1,0.015625,0.0,0.11854267120361328,0.0024499893188476562,0.4096380570523125,101,198,73,43,0.7756252562525624,0.41675687584268295,12,19,12,4,0.719758064516129,0.34400291919567666,
saheart,GaussianNB,Baseline,2,0.0,0.0,0.11651134490966797,0.0024499893188476562,0.2275022511269265,116,171,100,28,0.7740364903649036,0.41595689353955617,12,16,15,4,0.6733870967741936,0.2550563926680926,
saheart,GaussianNB,Baseline,3,0.015625,0.0,0.11664676666259766,0.0024499893188476562,0.4824539773923519,98,208,64,46,0.7705524918300654,0.43441660472039345,7,24,6,9,0.6875,0.25122079554027393,
saheart,GaussianNB,Baseline,4,0.015625,0.0,0.11651897430419922,0.0024499893188476562,0.4741868883722157,93,203,69,51,0.7647824754901962,0.3826054500289704,11,24,6,5,0.7166666666666666,0.48102957532012225,
saheart,GaussianNB,Baseline,5,0.0,0.0,0.1166543960571289,0.0024499893188476562,0.4214027381219703,93,203,69,51,0.7594720179738563,0.3826054500289704,13,23,7,3,0.7958333333333333,0.5564453344726779,
saheart,GaussianNB,Baseline,6,0.015625,0.0,0.11652278900146484,0.0024499893188476562,0.430549284089482,99,200,72,45,0.7673866421568627,0.40880249433032534,9,23,7,7,0.7395833333333334,0.32916666666666666,
saheart,GaussianNB,Baseline,7,0.0,0.0,0.11646652221679688,0.0024499893188476562,0.24710277770287653,114,170,102,30,0.7613357843137255,0.39674602380793605,12,19,11,4,0.8145833333333333,0.36514837167011077,
saheart,GaussianNB,Baseline,8,0.0,0.0,0.1165628433227539,0.0024499893188476562,0.1981372667206983,118,161,111,26,0.7626633986928104,0.393409833094954,12,22,8,4,0.8104166666666667,0.4643716460347527,
saheart,GaussianNB,Baseline,9,0.015625,0.0,0.11664676666259766,0.0024499893188476562,0.3484058002733032,103,196,76,41,0.7720843545751632,0.41881093798571567,11,17,13,5,0.7229166666666667,0.24233840809992135,
saheart,GaussianNB,Baseline,10,0.015625,0.0,0.11668968200683594,0.0024499893188476562,0.4458796921495362,95,205,67,49,0.7612081290849673,0.4033299119055396,12,22,8,4,0.80625,0.4643716460347527,
saheart,GaussianNB,Standard Scaler,1,0.015625,0.0,0.15043926239013672,0.0026865005493164062,0.4096384030052996,101,198,73,43,0.7756252562525624,0.41675687584268295,12,19,12,4,0.719758064516129,0.34400291919567666,
saheart,GaussianNB,Standard Scaler,2,0.015625,0.0,0.15025806427001953,0.0026865005493164062,0.2275020256591696,116,171,100,28,0.7740364903649036,0.41595689353955617,12,16,15,4,0.6733870967741936,0.2550563926680926,
saheart,GaussianNB,Standard Scaler,3,0.015625,0.0,0.15051746368408203,0.0026865005493164062,0.4824545525631434,98,208,64,46,0.7705524918300654,0.43441660472039345,7,24,6,9,0.6875,0.25122079554027393,
saheart,GaussianNB,Standard Scaler,4,0.015625,0.0,0.15046977996826172,0.0026865005493164062,0.47418734293567394,93,203,69,51,0.7647824754901962,0.3826054500289704,11,24,6,5,0.7166666666666666,0.48102957532012225,
saheart,GaussianNB,Standard Scaler,5,0.015625,0.0,0.15051746368408203,0.0026865005493164062,0.4214025422053737,93,203,69,51,0.7594720179738563,0.3826054500289704,13,23,7,3,0.7958333333333333,0.5564453344726779,
saheart,GaussianNB,Standard Scaler,6,0.015625,0.0,0.15046977996826172,0.0026865005493164062,0.4305490910490585,99,200,72,45,0.7673866421568627,0.40880249433032534,9,23,7,7,0.7395833333333334,0.32916666666666666,
saheart,GaussianNB,Standard Scaler,7,0.015625,0.0,0.15046977996826172,0.0026865005493164062,0.24710249235463405,114,170,102,30,0.7613357843137255,0.39674602380793605,12,19,11,4,0.8145833333333333,0.36514837167011077,
saheart,GaussianNB,Standard Scaler,8,0.015625,0.0,0.15046977996826172,0.0026865005493164062,0.1981370419953727,118,161,111,26,0.7626633986928104,0.393409833094954,12,22,8,4,0.8104166666666667,0.4643716460347527,
saheart,GaussianNB,Standard Scaler,9,0.015625,0.0,0.15051746368408203,0.0026865005493164062,0.34840597839481807,103,196,76,41,0.7720843545751632,0.41881093798571567,11,17,13,5,0.7229166666666667,0.24233840809992135,
saheart,GaussianNB,Standard Scaler,10,0.015625,0.0,0.15051746368408203,0.0026865005493164062,0.4458794616895166,95,205,67,49,0.7612081290849673,0.4033299119055396,12,22,8,4,0.80625,0.4643716460347527,
saheart,GaussianNB,MinMax Scaler,1,0.015625,0.0,0.12548065185546875,0.00289154052734375,0.4096384026001797,101,198,73,43,0.7756252562525624,0.41675687584268295,12,19,12,4,0.719758064516129,0.34400291919567666,
saheart,GaussianNB,MinMax Scaler,2,0.015625,0.0,0.1252422332763672,0.00289154052734375,0.2275020255241819,116,171,100,28,0.7740364903649036,0.41595689353955617,12,16,15,4,0.6733870967741936,0.2550563926680926,
saheart,GaussianNB,MinMax Scaler,3,0.015625,0.0,0.12543296813964844,0.00289154052734375,0.4824545504108874,98,208,64,46,0.7705524918300654,0.43441660472039345,7,24,6,9,0.6875,0.25122079554027393,
saheart,GaussianNB,MinMax Scaler,4,0.015625,0.0,0.1254253387451172,0.00289154052734375,0.47418733987190415,93,203,69,51,0.7647824754901962,0.3826054500289704,11,24,6,5,0.7166666666666666,0.48102957532012225,
saheart,GaussianNB,MinMax Scaler,5,0.015625,0.0,0.1254730224609375,0.00289154052734375,0.4214025412748417,93,203,69,51,0.7594720179738563,0.3826054500289704,13,23,7,3,0.7958333333333333,0.5564453344726779,
saheart,GaussianNB,MinMax Scaler,6,0.015625,0.0,0.12543296813964844,0.00289154052734375,0.4305490897492346,99,200,72,45,0.7673866421568627,0.40880249433032534,9,23,7,7,0.7395833333333334,0.32916666666666666,
saheart,GaussianNB,MinMax Scaler,7,0.015625,0.0,0.12547683715820312,0.00289154052734375,0.2471024924009293,114,170,102,30,0.7613357843137255,0.39674602380793605,12,19,11,4,0.8145833333333333,0.36514837167011077,
saheart,GaussianNB,MinMax Scaler,8,0.0,0.0,0.12547683715820312,0.00289154052734375,0.19813704277590194,118,161,111,26,0.7626633986928104,0.393409833094954,12,22,8,4,0.8104166666666667,0.4643716460347527,
saheart,GaussianNB,MinMax Scaler,9,0.015625,0.015625,0.1254730224609375,0.00289154052734375,0.3484059750253711,103,196,76,41,0.7720843545751632,0.41881093798571567,11,17,13,5,0.7229166666666667,0.24233840809992135,
saheart,GaussianNB,MinMax Scaler,10,0.015625,0.0,0.1255168914794922,0.00289154052734375,0.44587946055248223,95,205,67,49,0.7612081290849673,0.4033299119055396,12,22,8,4,0.80625,0.4643716460347527,
saheart,GaussianNB,IQR Capping,1,0.046875,0.015625,0.15680885314941406,0.0027408599853515625,0.4878029484667906,99,200,71,45,0.7757021320213202,0.4118750508710416,12,19,12,4,0.7137096774193548,0.34400291919567666,
saheart,GaussianNB,IQR Capping,2,0.03125,0.0,0.15648841857910156,0.0027408599853515625,0.7594804438135292,81,227,44,63,0.7762658876588767,0.4151662981216903,6,24,7,10,0.6612903225806451,0.15804463099414362,
saheart,GaussianNB,IQR Capping,3,0.046875,0.015625,0.1567697525024414,0.0027408599853515625,0.574760759445187,95,209,63,49,0.7730545343137255,0.4196402825560151,7,24,6,9,0.6791666666666667,0.25122079554027393,
saheart,GaussianNB,IQR Capping,4,0.046875,0.015625,0.1567220687866211,0.0027408599853515625,0.5900663270750665,90,208,64,54,0.7669015522875817,0.3839650130726582,11,25,5,5,0.7395833333333333,0.5208333333333334,
saheart,GaussianNB,IQR Capping,5,0.046875,0.015625,0.1567697525024414,0.0027408599853515625,0.5282863621145599,91,205,67,53,0.7604932598039216,0.3779965903939678,12,23,7,4,0.825,0.4997725278535636,
saheart,GaussianNB,IQR Capping,6,0.03125,0.0,0.1567220687866211,0.0027408599853515625,0.4227393785359634,104,193,79,40,0.7668760212418301,0.41383361667372687,9,22,8,7,0.7416666666666667,0.29190683630537334,
saheart,GaussianNB,IQR Capping,7,0.03125,0.0,0.15667438507080078,0.0027408599853515625,0.2964725842534189,112,176,96,32,0.7650888480392156,0.40422604172722165,12,19,11,4,0.8,0.36514837167011077,
saheart,GaussianNB,IQR Capping,8,0.03125,0.0,0.15662670135498047,0.0027408599853515625,0.5918848208500418,88,210,62,56,0.7633782679738562,0.37963887269519353,9,26,4,7,0.825,0.45396038492365287,
saheart,GaussianNB,IQR Capping,9,0.046875,0.015625,0.1567220687866211,0.0027408599853515625,0.41722394760599596,102,195,77,42,0.7699908088235294,0.40860561053714156,11,17,13,5,0.7416666666666667,0.24233840809992135,
saheart,GaussianNB,IQR Capping,10,0.046875,0.015625,0.1567220687866211,0.0027408599853515625,0.4126900587920612,102,191,81,42,0.762408088235294,0.39347472540879425,12,22,8,4,0.8020833333333333,0.4643716460347527,
saheart,GaussianNB,IQR Removal,1,0.03125,0.0,0.17137622833251953,0.0026273727416992188,0.5288920253517401,98,207,64,46,0.7664514145141451,0.43362620783009137,11,21,10,5,0.7217741935483871,0.3478094801460981,
saheart,GaussianNB,IQR Removal,2,0.046875,0.0,0.1706094741821289,0.0026273727416992188,0.8712980754286057,77,232,39,67,0.776829643296433,0.4145413341714399,5,24,7,11,0.6754032258064516,0.09421129470055671,
saheart,GaussianNB,IQR Removal,3,0.03125,0.0,0.1705951690673828,0.0026273727416992188,0.6898059238743162,95,209,63,49,0.7657781862745098,0.4196402825560151,7,22,8,9,0.70625,0.17356684023359367,
saheart,GaussianNB,IQR Removal,4,0.03125,0.0,0.17280292510986328,0.0026273727416992188,0.8663521585197568,69,237,35,75,0.7615910947712418,0.3850770231077027,7,26,4,9,0.75,0.33962673679544186,
saheart,GaussianNB,IQR Removal,5,0.03125,0.0,0.1723918914794922,0.0026273727416992188,0.7029708396128291,82,221,51,62,0.7594720179738562,0.3896250376200915,11,25,5,5,0.8375,0.5208333333333334,
saheart,GaussianNB,IQR Removal,6,0.03125,0.0,0.17065143585205078,0.0026273727416992188,0.48686818646947494,105,190,82,39,0.764859068627451,0.40903683738869595,9,23,7,7,0.7395833333333334,0.32916666666666666,
saheart,GaussianNB,IQR Removal,7,0.03125,0.015625,0.1717205047607422,0.0026273727416992188,0.3642464479689949,110,178,94,34,0.7618208741830066,0.3980807959683233,11,19,11,5,0.8083333333333333,0.30590258071629417,
saheart,GaussianNB,IQR Removal,8,0.03125,0.0,0.17024707794189453,0.0026273727416992188,0.8747965571851051,67,243,29,77,0.7631995506535948,0.40498430703343946,5,28,2,11,0.8,0.32597182586479967,
saheart,GaussianNB,IQR Removal,9,0.03125,0.0,0.17045307159423828,0.0026273727416992188,0.5451851923497947,97,202,70,47,0.7722886029411765,0.40398994824418094,11,18,12,5,0.7145833333333333,0.2738612787525831,
saheart,GaussianNB,IQR Removal,10,0.03125,0.0,0.1711750030517578,0.0026273727416992188,0.5970125499017099,91,209,63,53,0.7581188725490196,0.3944294683555608,11,20,10,5,0.8270833333333334,0.3386481059780782,
saheart,GaussianNB,Yeo-Johnson,1,0.0625,0.0,0.14626598358154297,0.00247955322265625,0.6451694346267476,87,221,50,57,0.7825184501845018,0.42480124021265053,9,21,10,7,0.6875,0.23165960260062565,
saheart,GaussianNB,Yeo-Johnson,2,0.078125,0.0,0.14609432220458984,0.00247955322265625,0.44442700397937884,105,189,82,39,0.7773677736777368,0.408114345959655,11,21,10,5,0.6915322580645161,0.3478094801460981,
saheart,GaussianNB,Yeo-Johnson,3,0.078125,0.0,0.14638996124267578,0.00247955322265625,0.42533752595750257,106,191,81,38,0.7784160539215685,0.41919439017962823,8,20,10,8,0.7020833333333334,0.16265001215808886,
saheart,GaussianNB,Yeo-Johnson,4,0.078125,0.0,0.14638996124267578,0.00247955322265625,0.4214447429039461,103,188,84,41,0.766390931372549,0.3887217318068314,12,22,8,4,0.7791666666666668,0.4643716460347527,
saheart,GaussianNB,Yeo-Johnson,5,0.078125,0.0,0.14638996124267578,0.00247955322265625,0.6896422960075256,77,228,44,67,0.7681781045751634,0.3906801708574231,10,22,8,6,0.8125,0.349697526139891,
saheart,GaussianNB,Yeo-Johnson,6,0.0625,0.0,0.14638996124267578,0.00247955322265625,0.5817731564272244,92,210,62,52,0.7697865604575165,0.40489392363846344,9,23,7,7,0.7520833333333333,0.32916666666666666,
saheart,GaussianNB,Yeo-Johnson,7,0.0625,0.0,0.14638996124267578,0.00247955322265625,0.5122973877720465,100,197,75,44,0.7733864379084968,0.40350656436947646,9,23,7,7,0.7458333333333333,0.32916666666666666,
saheart,GaussianNB,Yeo-Johnson,8,0.078125,0.0,0.14634227752685547,0.00247955322265625,0.3483199692917464,110,178,94,34,0.7682546977124184,0.3980807959683233,12,22,8,4,0.81875,0.4643716460347527,
saheart,GaussianNB,Yeo-Johnson,9,0.0625,0.0,0.14634227752685547,0.00247955322265625,0.593177876887225,92,214,58,52,0.7680759803921569,0.42173102915606786,11,22,8,5,0.7916666666666667,0.407072784783951,
saheart,GaussianNB,Yeo-Johnson,10,0.0625,0.0,0.14638996124267578,0.00247955322265625,0.4118053407770837,105,186,86,39,0.7687142565359477,0.39427341770160124,12,23,7,4,0.7916666666666667,0.4997725278535636,
saheart,GaussianNB,Quantile Transform,1,0.03125,0.0,0.17464637756347656,0.031064987182617188,0.5427148496827039,88,218,53,56,0.7827747027470275,0.41763126769039977,9,21,10,7,0.6733870967741936,0.23165960260062565,
saheart,GaussianNB,Quantile Transform,2,0.03125,0.0,0.17459869384765625,0.031064987182617188,0.3453414878035226,114,177,94,30,0.771448339483395,0.4234644454417695,11,17,14,5,0.6733870967741935,0.22400807746223897,
saheart,GaussianNB,Quantile Transform,3,0.015625,0.015625,0.17486000061035156,0.031133651733398438,0.5329266622456265,94,212,60,50,0.7772416258169934,0.4258228342042687,7,23,7,9,0.6791666666666667,0.211332577548596,
saheart,GaussianNB,Quantile Transform,4,0.015625,0.015625,0.17490386962890625,0.031133651733398438,0.25026164211682483,119,158,114,25,0.7692248774509804,0.3903425882911123,14,17,13,2,0.7895833333333333,0.4272249028425624,
saheart,GaussianNB,Quantile Transform,5,0.015625,0.0,0.17495155334472656,0.031133651733398438,0.4885061708554828,95,209,63,49,0.768892973856209,0.4196402825560151,11,20,10,5,0.7958333333333334,0.3386481059780782,
saheart,GaussianNB,Quantile Transform,6,0.03125,0.0,0.17480850219726562,0.031133651733398438,0.5169417248336904,91,209,63,53,0.7668249591503268,0.3944294683555608,8,23,7,8,0.7645833333333334,0.2709336042670731,
saheart,GaussianNB,Quantile Transform,7,0.015625,0.015625,0.17490386962890625,0.031133651733398438,0.4257393770642768,106,187,85,38,0.7693270016339869,0.4044129912527799,10,21,9,6,0.7479166666666667,0.3143730417143384,
saheart,GaussianNB,Quantile Transform,8,0.015625,0.0,0.17490386962890625,0.031133651733398438,0.49996783119915666,94,212,60,50,0.7726460375816994,0.4258228342042687,10,24,6,6,0.7791666666666667,0.425,
saheart,GaussianNB,Quantile Transform,9,0.03125,0.0,0.17490386962890625,0.031133651733398438,0.4979186273989137,90,216,56,54,0.7754289215686274,0.4177758537549301,10,18,12,6,0.7020833333333334,0.21452908258025827,
saheart,GaussianNB,Quantile Transform,10,0.015625,0.015625,0.17495155334472656,0.031133651733398438,0.42063118246307624,104,185,87,40,0.7644250408496732,0.38413384415042257,11,23,7,5,0.8041666666666667,0.4432212831307921,
saheart,GaussianNB,Uniform Binning,1,0.015625,0.0,0.12607383728027344,0.0032062530517578125,0.3102695882411641,106,190,81,38,0.7684501845018449,0.4182883985561142,11,20,11,5,0.717741935483871,0.31590882719033697,
saheart,GaussianNB,Uniform Binning,2,0.015625,0.0,0.12607383728027344,0.0032062530517578125,0.26262578079133764,111,183,88,33,0.7709870848708487,0.4250641911029662,9,19,12,7,0.6491935483870968,0.16717914239066592,
saheart,GaussianNB,Uniform Binning,3,0.0,0.015625,0.126220703125,0.0032062530517578125,0.2503071732187513,111,179,93,33,0.7642590890522876,0.4081883161784565,10,19,11,6,0.7010416666666668,0.2470139125957747,
saheart,GaussianNB,Uniform Binning,4,0.015625,0.0,0.12621688842773438,0.0032062530517578125,0.6615733797375256,73,232,40,71,0.7570082720588236,0.3849192731266284,8,25,5,8,0.7208333333333333,0.3525905902319634,
saheart,GaussianNB,Uniform Binning,5,0.015625,0.0,0.126220703125,0.0032062530517578125,0.24508748992029858,107,179,93,37,0.7523743872549021,0.3819652895876404,14,20,10,2,0.8,0.5164589025080292,
saheart,GaussianNB,Uniform Binning,6,0.015625,0.0,0.1262645721435547,0.0032062530517578125,0.6222058908270949,78,229,43,66,0.7649994893790849,0.4018057836091131,7,27,3,9,0.7395833333333333,0.3897114317029974,
saheart,GaussianNB,Uniform Binning,7,0.0,0.0,0.12621688842773438,0.0032062530517578125,0.6861881420016648,77,228,44,67,0.7526169321895426,0.3906801708574231,8,28,2,8,0.8166666666666667,0.5003702332976756,
saheart,GaussianNB,Uniform Binning,8,0.0,0.0,0.1261768341064453,0.0032062530517578125,0.6442724597369027,73,232,40,71,0.758438010620915,0.3849192731266284,6,28,2,10,0.8083333333333333,0.3874398651698183,
saheart,GaussianNB,Uniform Binning,9,0.0,0.0,0.1262645721435547,0.0032062530517578125,0.3673601332336591,101,202,70,43,0.773858762254902,0.4293413636106895,12,17,13,4,0.69375,0.3027912476980464,
saheart,GaussianNB,Uniform Binning,10,0.0,0.015625,0.12621688842773438,0.0032062530517578125,0.24395868348245647,108,176,96,36,0.7533573325163399,0.3778657555480569,13,22,8,3,0.81875,0.5219164927426853,
saheart,GaussianNB,Quantile Binning,1,0.015625,0.0,0.12628173828125,0.003208160400390625,0.5886654956918059,90,211,60,54,0.7700645756457565,0.39989511609673345,10,21,10,6,0.657258064516129,0.2898368098501052,
saheart,GaussianNB,Quantile Binning,2,0.015625,0.0,0.1264209747314453,0.003208160400390625,0.23462135292045896,120,159,112,24,0.7702823903239032,0.40271380421340885,12,14,17,4,0.655241935483871,0.19652776276524092,
saheart,GaussianNB,Quantile Binning,3,0.015625,0.0,0.126617431640625,0.003208160400390625,0.6139621863014797,90,216,56,54,0.7674887663398693,0.4177758537549301,7,23,7,9,0.69375,0.211332577548596,
saheart,GaussianNB,Quantile Binning,4,0.015625,0.0,0.1266193389892578,0.003208160400390625,0.6102503673838149,86,212,60,58,0.7608506944444444,0.37542820386164283,10,25,5,6,0.7520833333333333,0.46566713233403184,
saheart,GaussianNB,Quantile Binning,5,0.015625,0.0,0.12665939331054688,0.003208160400390625,0.5835111477738436,87,213,59,57,0.758923100490196,0.38601511633496466,12,23,7,4,0.8083333333333333,0.4997725278535636,
saheart,GaussianNB,Quantile Binning,6,0.015625,0.0,0.12665939331054688,0.003208160400390625,0.5948924693235124,91,209,63,53,0.7579529207516341,0.3944294683555608,7,25,5,9,0.7479166666666667,0.29375999496276356,
saheart,GaussianNB,Quantile Binning,7,0.015625,0.0,0.1266155242919922,0.003208160400390625,0.25450201608790607,116,163,109,28,0.7593826593137255,0.3864737457391561,11,18,12,5,0.7583333333333333,0.2738612787525831,
saheart,GaussianNB,Quantile Binning,8,0.015625,0.0,0.1266632080078125,0.003208160400390625,0.6265018941797635,86,216,56,58,0.759969873366013,0.392645242854667,11,26,4,5,0.8041666666666667,0.5630338963675112,
saheart,GaussianNB,Quantile Binning,9,0.015625,0.0,0.1266632080078125,0.003208160400390625,0.6355693807801255,84,219,53,60,0.7548381331699345,0.393253336767217,10,21,9,6,0.7833333333333333,0.3143730417143384,
saheart,GaussianNB,Quantile Binning,10,0.015625,0.0,0.12662124633789062,0.003208160400390625,0.6626815755013745,83,218,54,61,0.7544806985294117,0.38250193113530573,7,25,5,9,0.8166666666666667,0.29375999496276356,
saheart,GaussianNB,PCA,1,0.09375,0.0,0.12449836730957031,0.00313568115234375,0.4907309147503173,82,228,43,62,0.7793665436654368,0.42620017668208104,3,26,5,13,0.6814516129032259,0.033046480788022164,
saheart,GaussianNB,PCA,2,0.09375,0.0,0.12467384338378906,0.00313568115234375,0.33615422680845186,106,182,89,38,0.7679376793767937,0.38884421492214755,12,20,11,4,0.7379032258064516,0.3745809564575146,
saheart,GaussianNB,PCA,3,0.0,0.0,0.12491226196289062,0.00313568115234375,0.563844951163176,69,245,27,75,0.777701184640523,0.4289697101834837,5,23,7,11,0.6395833333333334,0.08586830621988474,
saheart,GaussianNB,PCA,4,0.03125,0.09375,0.12491226196289062,0.00313568115234375,0.4464060206350474,85,215,57,59,0.7658547794117647,0.38198890014671155,10,23,7,6,0.71875,0.3864682058127478,
saheart,GaussianNB,PCA,5,0.09375,0.0,0.12477302551269531,0.00313568115234375,0.5144883856058343,68,236,36,76,0.7533956290849675,0.3734080224074693,8,26,4,8,0.8333333333333334,0.397705839334203,
saheart,GaussianNB,PCA,6,0.09375,0.0,0.12486457824707031,0.00313568115234375,0.3489500165301007,103,184,88,41,0.7563572303921569,0.3739942705992439,12,21,9,4,0.8375,0.43028229936038176,
saheart,GaussianNB,PCA,7,0.09375,0.0,0.12491226196289062,0.00313568115234375,0.3662511791234667,100,197,75,44,0.7655484068627452,0.40350656436947646,13,17,13,3,0.7645833333333334,0.36429154990657325,
saheart,GaussianNB,PCA,8,0.015625,0.0,0.12491226196289062,0.00313568115234375,0.37197990863096814,101,194,78,43,0.7663654003267973,0.3984002830885674,9,23,7,7,0.7625000000000001,0.32916666666666666,
saheart,GaussianNB,PCA,9,0.078125,0.046875,0.12486839294433594,0.00313568115234375,0.3892350416385272,98,203,69,46,0.766390931372549,0.41429783701194217,10,19,11,6,0.75625,0.2470139125957747,
saheart,GaussianNB,PCA,10,0.09375,0.09375,0.12486457824707031,0.00313568115234375,0.3837401400021228,99,192,80,45,0.7608251633986927,0.3779896281914191,9,29,1,7,0.7791666666666667,0.6110290348923539,
saheart,GaussianNB,Select Percentile (Mutual Info),1,0.46875,0.0,0.30420875549316406,0.0026531219482421875,0.5263207097860317,81,219,52,63,0.7547534850348503,0.3780438001230091,10,26,5,6,0.7580645161290323,0.47137481946971616,
saheart,GaussianNB,Select Percentile (Mutual Info),2,0.046875,0.0,0.30542755126953125,0.0026531219482421875,0.19582169181944173,122,157,114,22,0.7758686961869619,0.40997887731493,11,14,17,5,0.5947580645161291,0.1343236351213712,
saheart,GaussianNB,Select Percentile (Mutual Info),3,0.0625,0.0,0.3046245574951172,0.0026531219482421875,0.4216858437736766,94,208,64,50,0.7690844566993464,0.40922935951550327,8,22,8,8,0.7083333333333333,0.23333333333333334,
saheart,GaussianNB,Select Percentile (Mutual Info),4,0.046875,0.015625,0.30405712127685547,0.0026531219482421875,0.050225229989659594,139,99,173,5,0.7356387867647058,0.3617390217072359,14,5,25,2,0.6708333333333334,0.05524946201098299,
saheart,GaussianNB,Select Percentile (Mutual Info),5,0.046875,0.0,0.30405235290527344,0.0026531219482421875,0.458522300532,82,217,55,62,0.7424938725490196,0.37175052550339444,13,22,8,3,0.8166666666666667,0.5219164927426853,
saheart,GaussianNB,Select Percentile (Mutual Info),6,0.046875,0.0,0.3033781051635742,0.0026531219482421875,0.5182447932011768,81,224,48,63,0.7663654003267975,0.3970546528091653,9,26,4,7,0.81875,0.45396038492365287,
saheart,GaussianNB,Select Percentile (Mutual Info),7,0.0625,0.0,0.30460166931152344,0.0026531219482421875,0.5019141912923576,84,219,53,60,0.7588848039215687,0.393253336767217,10,22,8,6,0.7666666666666666,0.349697526139891,
saheart,GaussianNB,Select Percentile (Mutual Info),8,0.046875,0.015625,0.30624961853027344,0.0026531219482421875,0.48284028850006744,84,219,53,60,0.7510084763071895,0.393253336767217,9,24,6,7,0.8145833333333333,0.36830036830055246,
saheart,GaussianNB,Select Percentile (Mutual Info),9,0.046875,0.0,0.3044719696044922,0.0026531219482421875,0.4617621471339593,82,221,51,62,0.7629697712418302,0.3896250376200915,11,18,12,5,0.7374999999999999,0.2738612787525831,
saheart,GaussianNB,Select Percentile (Mutual Info),10,0.0625,0.0,0.30553722381591797,0.0026531219482421875,0.08496899559775876,134,115,157,10,0.7544424019607843,0.36666452272253613,14,10,20,2,0.76875,0.22596922689443352,
saheart,GaussianNB,Random Undersampling,1,0.015625,0.0,0.1459798812866211,0.00495147705078125,0.48460958244808805,107,187,84,37,0.7689370643706438,0.4136240831267112,12,19,12,4,0.7278225806451613,0.34400291919567666,
saheart,GaussianNB,Random Undersampling,2,0.0,0.0,0.14581775665283203,0.00495147705078125,0.30111816890141535,117,168,103,27,0.7693470684706848,0.41242904631120303,12,14,17,4,0.6512096774193549,0.19652776276524092,
saheart,GaussianNB,Random Undersampling,3,0.015625,0.0,0.1458606719970703,0.00495147705078125,0.6149241270418505,100,201,71,44,0.7637867647058824,0.4190719289705074,7,22,8,9,0.68125,0.17356684023359367,
saheart,GaussianNB,Random Undersampling,4,0.015625,0.0,0.1458139419555664,0.00495147705078125,0.7334058789780648,90,208,64,54,0.7641441993464053,0.3839650130726582,11,25,5,5,0.7458333333333333,0.5208333333333334,
saheart,GaussianNB,Random Undersampling,5,0.015625,0.0,0.14580821990966797,0.00495147705078125,0.36380354874249304,110,174,98,34,0.7608762254901961,0.3840147396408606,14,20,10,2,0.8041666666666667,0.5164589025080292,
saheart,GaussianNB,Random Undersampling,6,0.015625,0.0,0.1458568572998047,0.00495147705078125,0.4893280027519866,108,184,88,36,0.7619229983660131,0.40645774853280275,9,21,9,7,0.7375,0.25617376914899,
saheart,GaussianNB,Random Undersampling,7,0.015625,0.0,0.14585590362548828,0.00495147705078125,0.38627420477696384,112,176,96,32,0.7640676062091505,0.40422604172722165,12,19,11,4,0.8145833333333333,0.36514837167011077,
saheart,GaussianNB,Random Undersampling,8,0.015625,0.0,0.14563751220703125,0.00495147705078125,0.819183371209951,70,238,34,74,0.7664419934640523,0.3967460238079361,6,28,2,10,0.8145833333333333,0.3874398651698183,
saheart,GaussianNB,Random Undersampling,9,0.015625,0.0,0.14581298828125,0.00495147705078125,0.5866341954657082,96,206,66,48,0.771139705882353,0.4136921428438242,11,19,11,5,0.7125,0.30590258071629417,
saheart,GaussianNB,Random Undersampling,10,0.015625,0.0,0.145904541015625,0.00495147705078125,0.42283881468159,105,186,86,39,0.7521956699346405,0.39427341770160124,12,19,11,4,0.8104166666666667,0.36514837167011077,
saheart,GaussianNB,SMOTE / SMOTENC,1,0.046875,0.0,0.5912132263183594,0.018456459045410156,0.45651997490954904,111,179,92,33,0.7783159081590816,0.41075199600302614,12,19,12,4,0.7258064516129032,0.34400291919567666,
saheart,GaussianNB,SMOTE / SMOTENC,2,0.046875,0.0,0.5912675857543945,0.01853656768798828,0.7619870343844283,86,220,51,58,0.7786746617466176,0.41403659988241603,7,23,8,9,0.6794354838709677,0.18240156057741191,
saheart,GaussianNB,SMOTE / SMOTENC,3,0.046875,0.0,0.591461181640625,0.018479347229003906,0.6417630246764259,99,204,68,45,0.771063112745098,0.42460572577970346,7,22,8,9,0.6770833333333334,0.17356684023359367,
saheart,GaussianNB,SMOTE / SMOTENC,4,0.046875,0.0,0.5911235809326172,0.018456459045410156,0.6722532906990214,95,205,67,49,0.7666717728758169,0.4033299119055396,10,24,6,6,0.7166666666666667,0.425,
saheart,GaussianNB,SMOTE / SMOTENC,5,0.046875,0.0,0.5913734436035156,0.018479347229003906,0.6405498237456675,93,207,65,51,0.7597528594771242,0.3988184364749915,12,22,8,4,0.7979166666666667,0.4643716460347527,
saheart,GaussianNB,SMOTE / SMOTENC,6,0.046875,0.0,0.5911931991577148,0.018456459045410156,0.6669690251552489,94,208,64,50,0.7710886437908496,0.40922935951550327,8,23,7,8,0.7458333333333333,0.2709336042670731,
saheart,GaussianNB,SMOTE / SMOTENC,7,0.046875,0.0,0.5912761688232422,0.01846790313720703,0.48345912212464576,107,183,89,37,0.7617953431372549,0.39633523755401645,11,19,11,5,0.80625,0.30590258071629417,
saheart,GaussianNB,SMOTE / SMOTENC,8,0.046875,0.0,0.5910186767578125,0.01844501495361328,0.6690854366565271,91,209,63,53,0.7623314950980391,0.3944294683555608,10,25,5,6,0.8041666666666667,0.46566713233403184,
saheart,GaussianNB,SMOTE / SMOTENC,9,0.046875,0.0,0.5913019180297852,0.018433570861816406,0.7068818163057319,89,215,57,55,0.7712928921568628,0.40718894128160826,12,20,10,4,0.725,0.39727607885233013,
saheart,GaussianNB,SMOTE / SMOTENC,10,0.03125,0.015625,0.5911073684692383,0.01849079132080078,0.6664236412601022,91,209,63,53,0.7587060866013072,0.3944294683555608,12,23,7,4,0.81875,0.4997725278535636,
saheart,LogisticRegression,Baseline,1,0.03125,0.0,0.14377403259277344,0.0023517608642578125,0.4688353735827019,80,226,45,64,0.7736521115211152,0.4041324195612996,9,21,10,7,0.7298387096774194,0.23165960260062565,
saheart,LogisticRegression,Baseline,2,0.03125,0.0,0.14215660095214844,0.0023517608642578125,0.4994902146200803,78,233,38,66,0.7810321853218533,0.42582155538192756,3,25,6,13,0.6411290322580645,-0.007283956834350812,
saheart,LogisticRegression,Baseline,3,0.03125,0.0,0.14236927032470703,0.0023517608642578125,0.2898785686536772,118,170,102,26,0.7862285539215687,0.42358815172767184,11,17,13,5,0.61875,0.24233840809992135,
saheart,LogisticRegression,Baseline,4,0.03125,0.0,0.14311885833740234,0.0023517608642578125,0.2937674889050315,120,172,100,24,0.799172794117647,0.44383317368524433,11,17,13,5,0.7500000000000001,0.24233840809992135,
saheart,LogisticRegression,Baseline,5,0.03125,0.015625,0.1421976089477539,0.0023517608642578125,0.3432911907488464,105,186,86,39,0.7615910947712417,0.39427341770160124,14,19,11,2,0.83125,0.48605963446265343,
saheart,LogisticRegression,Baseline,6,0.03125,0.0,0.14372539520263672,0.0023517608642578125,0.37146345185802515,101,198,74,43,0.7692248774509802,0.4137418528315315,11,27,3,5,0.86875,0.6081202741704497,
saheart,LogisticRegression,Baseline,7,0.03125,0.0,0.1420135498046875,0.0023517608642578125,0.3818996943982159,97,202,70,47,0.7724673202614379,0.40398994824418094,11,18,12,5,0.75625,0.2738612787525831,
saheart,LogisticRegression,Baseline,8,0.03125,0.0,0.1420135498046875,0.0023517608642578125,0.36637126654298263,102,199,73,42,0.7782883986928105,0.4239771412935865,9,24,6,7,0.7625000000000001,0.36830036830055246,
saheart,LogisticRegression,Baseline,9,0.03125,0.0,0.14219284057617188,0.0023517608642578125,0.32821836919027936,110,182,90,34,0.766390931372549,0.41230469140824727,14,20,10,2,0.8166666666666667,0.5164589025080292,
saheart,LogisticRegression,Baseline,10,0.03125,0.0,0.1446981430053711,0.0023517608642578125,0.29031652574671196,116,163,109,28,0.765905841503268,0.3864737457391561,11,22,8,5,0.7895833333333334,0.407072784783951,
saheart,LogisticRegression,Standard Scaler,1,0.015625,0.0,0.15043926239013672,0.0026035308837890625,0.4304235113315595,93,219,52,51,0.8068880688806888,0.45322032928149314,8,22,9,8,0.6794354838709677,0.20677946769588745,
saheart,LogisticRegression,Standard Scaler,2,0.015625,0.0,0.15021038055419922,0.0026035308837890625,0.4569139143008431,90,224,47,54,0.803710537105371,0.4570951612033539,9,22,9,7,0.6754032258064516,0.2653124797330752,
saheart,LogisticRegression,Standard Scaler,3,0.015625,0.0,0.15046977996826172,0.0026035308837890625,0.30731488426721454,115,183,89,29,0.8032832924836601,0.44861839701898937,12,18,12,4,0.6791666666666667,0.3337119062359573,
saheart,LogisticRegression,Standard Scaler,4,0.015625,0.0,0.15046977996826172,0.0026035308837890625,0.31520492507842585,116,180,92,28,0.798968545751634,0.4446486458999438,11,18,12,5,0.7541666666666667,0.2738612787525831,
saheart,LogisticRegression,Standard Scaler,5,0.015625,0.0,0.15046977996826172,0.0026035308837890625,0.44812473442333883,87,222,50,57,0.788424223856209,0.4255075536629509,12,25,5,4,0.8479166666666667,0.5755909448274967,
saheart,LogisticRegression,Standard Scaler,6,0.015625,0.0,0.15047359466552734,0.0026035308837890625,0.4976601066965162,79,234,38,65,0.7876838235294117,0.43267304201845963,6,29,1,10,0.8416666666666667,0.45304558849006055,
saheart,LogisticRegression,Standard Scaler,7,0.015625,0.0,0.15051746368408203,0.0026035308837890625,0.31921987475801666,115,183,89,29,0.7930964052287581,0.44861839701898937,12,18,12,4,0.8229166666666666,0.3337119062359573,
saheart,LogisticRegression,Standard Scaler,8,0.015625,0.0,0.15051746368408203,0.0026035308837890625,0.4389283112736645,92,218,54,52,0.7939899918300654,0.4389496787015737,8,24,6,8,0.8,0.3105295017040594,
saheart,LogisticRegression,Standard Scaler,9,0.015625,0.0,0.15051746368408203,0.0026035308837890625,0.5557994906867626,69,249,23,75,0.7936070261437909,0.4523399984738442,7,24,6,9,0.7895833333333333,0.25122079554027393,
saheart,LogisticRegression,Standard Scaler,10,0.015625,0.015625,0.15042591094970703,0.0026035308837890625,0.2829622465225457,121,164,108,23,0.788577410130719,0.4238824914677508,13,22,8,3,0.8479166666666667,0.5219164927426853,
saheart,LogisticRegression,MinMax Scaler,1,0.015625,0.0,0.13953208923339844,0.0027933120727539062,0.4358507193939802,91,221,50,53,0.8026086510865109,0.44969533578823817,8,21,10,8,0.6995967741935484,0.172944431233412,
saheart,LogisticRegression,MinMax Scaler,2,0.015625,0.015625,0.13937759399414062,0.0027933120727539062,0.40023362743179774,102,203,68,42,0.80019987699877,0.44275637808178814,10,21,10,6,0.7016129032258065,0.2898368098501052,
saheart,LogisticRegression,MinMax Scaler,3,0.015625,0.0,0.13934326171875,0.0027933120727539062,0.4213927938215905,96,214,58,48,0.8001429738562091,0.44675174477007396,7,21,9,9,0.6875,0.1375,
saheart,LogisticRegression,MinMax Scaler,4,0.015625,0.0,0.13997268676757812,0.0027933120727539062,0.2942033188688102,121,164,108,23,0.7960069444444444,0.4238824914677508,11,17,13,5,0.7458333333333333,0.24233840809992135,
saheart,LogisticRegression,MinMax Scaler,5,0.015625,0.015625,0.1396646499633789,0.0027933120727539062,0.31322564009065157,118,170,102,26,0.784875408496732,0.42358815172767184,14,20,10,2,0.8541666666666667,0.5164589025080292,
saheart,LogisticRegression,MinMax Scaler,6,0.015625,0.0,0.13907146453857422,0.0027933120727539062,0.45118197746918226,86,225,47,58,0.7854626225490197,0.43296300971901075,10,26,4,6,0.8333333333333333,0.5089233500149862,
saheart,LogisticRegression,MinMax Scaler,7,0.015625,0.0,0.13930988311767578,0.0027933120727539062,0.31421552618288856,118,174,98,26,0.7892412173202614,0.43719855956874526,14,17,13,2,0.8,0.4272249028425624,
saheart,LogisticRegression,MinMax Scaler,8,0.015625,0.0,0.1396198272705078,0.0027933120727539062,0.40382187202531733,96,210,62,48,0.7913602941176471,0.43005120559652693,10,24,6,6,0.7958333333333334,0.425,
saheart,LogisticRegression,MinMax Scaler,9,0.015625,0.015625,0.1396198272705078,0.0027933120727539062,0.4471410354763388,89,224,48,55,0.7918198529411764,0.4470103649267735,9,22,8,7,0.7791666666666667,0.29190683630537334,
saheart,LogisticRegression,MinMax Scaler,10,0.015625,0.0,0.13954639434814453,0.0027933120727539062,0.3198317578814384,117,169,103,27,0.7858200571895426,0.41346564074888553,12,24,6,4,0.8312499999999999,0.5367450401216932,
saheart,LogisticRegression,IQR Capping,1,0.0625,0.0,0.15685653686523438,0.0026426315307617188,0.45956579298117656,84,222,49,60,0.7815446904469044,0.41058646285917355,8,21,10,8,0.6915322580645162,0.172944431233412,
saheart,LogisticRegression,IQR Capping,2,0.0625,0.0,0.15648841857910156,0.0026426315307617188,0.5450210385482879,69,244,27,75,0.7853884788847889,0.42843755518201876,3,26,5,13,0.6391129032258065,0.033046480788022164,
saheart,LogisticRegression,IQR Capping,3,0.078125,0.015625,0.1567220687866211,0.0026426315307617188,0.32758884788002196,113,181,91,31,0.7900582107843137,0.428403356598723,10,18,12,6,0.5854166666666667,0.21452908258025827,
saheart,LogisticRegression,IQR Capping,4,0.0625,0.015625,0.1567220687866211,0.0026426315307617188,0.3211266725848507,112,176,96,32,0.7756842320261438,0.40422604172722165,9,21,9,7,0.7374999999999999,0.25617376914899,
saheart,LogisticRegression,IQR Capping,5,0.0625,0.0,0.15662765502929688,0.0026426315307617188,0.3546888911597501,102,191,81,42,0.7660334967320261,0.39347472540879425,14,21,9,2,0.8375,0.5477225575051662,
saheart,LogisticRegression,IQR Capping,6,0.0625,0.0,0.1566753387451172,0.0026426315307617188,0.39338485955823826,97,198,74,47,0.7700674019607843,0.38826362504996115,11,28,2,5,0.85625,0.6566999743070319,
saheart,LogisticRegression,IQR Capping,7,0.0625,0.0,0.1567697525024414,0.0026426315307617188,0.38058347240531337,99,200,72,45,0.7761693218954248,0.40880249433032534,11,19,11,5,0.7479166666666667,0.30590258071629417,
saheart,LogisticRegression,IQR Capping,8,0.0625,0.0,0.1567220687866211,0.0026426315307617188,0.5949587574106755,57,254,18,87,0.7754799836601306,0.4079622685754409,6,28,2,10,0.7645833333333334,0.3874398651698183,
saheart,LogisticRegression,IQR Capping,9,0.078125,0.0,0.15667438507080078,0.0026426315307617188,0.36796775417130534,98,195,77,46,0.7672845179738561,0.3830359874453665,14,20,10,2,0.8145833333333333,0.5164589025080292,
saheart,LogisticRegression,IQR Capping,10,0.0625,0.0,0.15667438507080078,0.0026426315307617188,0.2912440318111009,119,171,101,25,0.7889859068627451,0.4337106627064581,11,23,7,5,0.8291666666666666,0.4432212831307921,
saheart,LogisticRegression,IQR Removal,1,0.046875,0.0,0.17153549194335938,0.002529144287109375,0.3677590818457926,96,205,66,48,0.7701670766707668,0.41287256047113763,11,17,14,5,0.6733870967741935,0.22400807746223897,
saheart,LogisticRegression,IQR Removal,2,0.0625,0.0,0.17100238800048828,0.002529144287109375,0.5263034210834732,77,236,35,67,0.7744208692086921,0.4349129959115224,6,27,4,10,0.657258064516129,0.28478566865384747,
saheart,LogisticRegression,IQR Removal,3,0.0625,0.0,0.17061424255371094,0.002529144287109375,0.5013679555739885,74,238,34,70,0.7761182598039216,0.4219917854247353,4,22,8,12,0.6020833333333333,-0.018077538151554683,
saheart,LogisticRegression,IQR Removal,4,0.0625,0.0,0.17269325256347656,0.002529144287109375,0.29704441109461177,110,182,90,34,0.7656505310457516,0.41230469140824727,9,23,7,7,0.6958333333333333,0.32916666666666666,
saheart,LogisticRegression,IQR Removal,5,0.046875,0.0,0.17226123809814453,0.002529144287109375,0.2729290847290353,114,170,102,30,0.7566125408496732,0.39674602380793605,13,18,12,3,0.8333333333333334,0.39442544108034994,
saheart,LogisticRegression,IQR Removal,6,0.0625,0.0,0.17092132568359375,0.002529144287109375,0.399078912681661,87,209,63,57,0.7472426470588235,0.36911583357997496,9,29,1,7,0.8520833333333334,0.6110290348923539,
saheart,LogisticRegression,IQR Removal,7,0.0625,0.0,0.1719655990600586,0.002529144287109375,0.2995647479379332,113,177,95,31,0.7669015522875817,0.4143316927704022,13,15,15,3,0.7520833333333333,0.3049687727964166,
saheart,LogisticRegression,IQR Removal,8,0.046875,0.015625,0.17008399963378906,0.002529144287109375,0.3483517596740081,99,196,76,45,0.76953125,0.39327127590742145,9,24,6,7,0.7354166666666667,0.36830036830055246,
saheart,LogisticRegression,IQR Removal,9,0.046875,0.0,0.17071056365966797,0.002529144287109375,0.23951275713330078,120,151,121,24,0.7501787173202614,0.3743753587467045,15,16,14,1,0.8500000000000001,0.46458411975362235,
saheart,LogisticRegression,IQR Removal,10,0.0625,0.0,0.1717824935913086,0.002529144287109375,0.4854693068903402,79,230,42,65,0.7597273284313726,0.41293139636080317,7,26,4,9,0.7791666666666667,0.33962673679544186,
saheart,LogisticRegression,Yeo-Johnson,1,0.078125,0.0,0.14631366729736328,0.0023813247680664062,0.381928599357455,106,198,73,38,0.8025061500615006,0.4485975772806762,10,20,11,6,0.6451612903225806,0.257494311268382,
saheart,LogisticRegression,Yeo-Johnson,2,0.09375,0.0,0.1460428237915039,0.0023813247680664062,0.4707421578763154,89,223,48,55,0.7977911029110291,0.4463305208731195,9,21,10,7,0.6713709677419355,0.23165960260062565,
saheart,LogisticRegression,Yeo-Johnson,3,0.09375,0.015625,0.14629840850830078,0.0023813247680664062,0.5213084496623546,77,241,31,67,0.8011642156862746,0.4565667426339048,4,26,4,12,0.675,0.14659886790209342,
saheart,LogisticRegression,Yeo-Johnson,4,0.09375,0.0,0.1463460922241211,0.0023813247680664062,0.37038272679272305,104,197,75,40,0.7955218545751634,0.42901626543428983,11,20,10,5,0.7791666666666666,0.3386481059780782,
saheart,LogisticRegression,Yeo-Johnson,5,0.09375,0.0,0.1463460922241211,0.0023813247680664062,0.3111253147499646,118,170,102,26,0.7823988970588236,0.42358815172767184,14,19,11,2,0.8458333333333333,0.48605963446265343,
saheart,LogisticRegression,Yeo-Johnson,6,0.09375,0.0,0.14629840850830078,0.0023813247680664062,0.42624756814367476,96,206,66,48,0.7838796977124184,0.4136921428438242,11,27,3,5,0.8708333333333333,0.6081202741704497,
saheart,LogisticRegression,Yeo-Johnson,7,0.09375,0.0,0.14852046966552734,0.0023813247680664062,0.3749056240732334,106,195,77,38,0.7913092320261438,0.4341925079386595,11,21,9,5,0.8,0.3722979575968276,
saheart,LogisticRegression,Yeo-Johnson,8,0.09375,0.0,0.14624691009521484,0.0023813247680664062,0.3847955212513294,96,210,62,48,0.7851051879084967,0.43005120559652693,10,23,7,6,0.7937500000000001,0.3864682058127478,
saheart,LogisticRegression,Yeo-Johnson,9,0.09375,0.015625,0.14634227752685547,0.0023813247680664062,0.5100640665208527,76,240,32,68,0.7919475081699346,0.44504175689751496,8,24,6,8,0.8145833333333333,0.3105295017040594,
saheart,LogisticRegression,Yeo-Johnson,10,0.078125,0.0,0.1482524871826172,0.0023813247680664062,0.3090545371079105,120,163,109,24,0.7839307598039217,0.41372493867681853,11,22,8,5,0.8229166666666667,0.407072784783951,
saheart,LogisticRegression,Quantile Transform,1,0.03125,0.0,0.17459869384765625,0.030954360961914062,0.3533211324406726,110,198,73,34,0.8111418614186142,0.4741075520809153,9,18,13,7,0.627016129032258,0.13593652563947833,
saheart,LogisticRegression,Quantile Transform,2,0.015625,0.0,0.17464637756347656,0.030954360961914062,0.5413623430031781,73,244,27,71,0.802711152111521,0.45335599586552816,4,25,6,12,0.6673387096774194,0.06536064526481745,
saheart,LogisticRegression,Quantile Transform,3,0.03125,0.0,0.17476654052734375,0.031023025512695312,0.3213736992467514,118,182,90,26,0.8074193218954249,0.4648599479863049,11,17,13,5,0.6687500000000001,0.24233840809992135,
saheart,LogisticRegression,Quantile Transform,4,0.015625,0.015625,0.17485618591308594,0.031023025512695312,0.3171329507512936,115,179,93,29,0.7914624183006537,0.4345429948567633,12,19,11,4,0.7833333333333333,0.36514837167011077,
saheart,LogisticRegression,Quantile Transform,5,0.03125,0.0,0.17495155334472656,0.031023025512695312,0.356735665811513,107,192,80,37,0.7905433006535947,0.4293519429705605,14,21,9,2,0.83125,0.5477225575051662,
saheart,LogisticRegression,Quantile Transform,6,0.03125,0.0,0.17485618591308594,0.031023025512695312,0.47988234050428275,82,233,39,62,0.7839562908496732,0.44630823461587327,6,29,1,10,0.9,0.45304558849006055,
saheart,LogisticRegression,Quantile Transform,7,0.03125,0.015625,0.17495155334472656,0.031023025512695312,0.3713589396117281,105,202,70,39,0.7925602532679739,0.45468300667975153,11,19,11,5,0.80625,0.30590258071629417,
saheart,LogisticRegression,Quantile Transform,8,0.015625,0.0,0.17495155334472656,0.031023025512695312,0.36974699876245487,105,198,74,39,0.7955984477124183,0.439221592882864,10,22,8,6,0.8041666666666667,0.349697526139891,
saheart,LogisticRegression,Quantile Transform,9,0.015625,0.0,0.17495155334472656,0.031023025512695312,0.3944792816895125,98,212,60,46,0.7949346405228757,0.4508730516775506,12,21,9,4,0.7958333333333334,0.43028229936038176,
saheart,LogisticRegression,Quantile Transform,10,0.03125,0.015625,0.17485618591308594,0.031023025512695312,0.40524620585266535,97,207,65,47,0.7890114379084967,0.4240543737821088,8,26,4,8,0.8229166666666667,0.397705839334203,
saheart,LogisticRegression,Uniform Binning,1,0.015625,0.0,0.1421499252319336,0.0030956268310546875,0.43366400356094165,95,215,56,49,0.7984829848298483,0.4482811687875905,10,21,10,6,0.6774193548387097,0.2898368098501052,
saheart,LogisticRegression,Uniform Binning,2,0.03125,0.0,0.14300918579101562,0.0030956268310546875,0.3341290390659233,111,191,80,33,0.7970479704797049,0.45424984361368476,11,17,14,5,0.655241935483871,0.22400807746223897,
saheart,LogisticRegression,Uniform Binning,3,0.015625,0.0,0.14333629608154297,0.0030956268310546875,0.3544045487809554,108,197,75,36,0.7945644403594772,0.4545513992035921,8,20,10,8,0.703125,0.16265001215808886,
saheart,LogisticRegression,Uniform Binning,4,0.015625,0.015625,0.14398765563964844,0.0030956268310546875,0.4128629520223723,94,212,60,50,0.7922155841503269,0.4258228342042687,10,21,9,6,0.7374999999999999,0.3143730417143384,
saheart,LogisticRegression,Uniform Binning,5,0.015625,0.0,0.1432180404663086,0.0030956268310546875,0.31941737726882236,113,181,91,31,0.7808159722222222,0.428403356598723,13,19,11,3,0.8395833333333333,0.4250854043719932,
saheart,LogisticRegression,Uniform Binning,6,0.03125,0.0,0.1428079605102539,0.0030956268310546875,0.44484855478480245,89,224,48,55,0.7866753472222221,0.4470103649267735,8,25,5,8,0.81875,0.3525905902319634,
saheart,LogisticRegression,Uniform Binning,7,0.015625,0.0,0.1417388916015625,0.0030956268310546875,0.2996432443369322,116,172,100,28,0.7810329861111113,0.41697229168834066,13,15,15,3,0.8,0.3049687727964166,
saheart,LogisticRegression,Uniform Binning,8,0.015625,0.0,0.14194488525390625,0.0030956268310546875,0.5122708372092806,76,234,38,68,0.7854753880718954,0.41392531955111267,7,27,3,9,0.8062499999999999,0.3897114317029974,
saheart,LogisticRegression,Uniform Binning,9,0.015625,0.0,0.14232730865478516,0.0030956268310546875,0.5248649318722407,73,245,27,71,0.7918836805555556,0.4538802491289421,9,23,7,7,0.7833333333333333,0.32916666666666666,
saheart,LogisticRegression,Uniform Binning,10,0.015625,0.0,0.1425333023071289,0.0030956268310546875,0.30531870748396894,116,172,100,28,0.78070108251634,0.41697229168834066,11,23,7,5,0.8,0.4432212831307921,
saheart,LogisticRegression,Quantile Binning,1,0.015625,0.015625,0.14306926727294922,0.0030975341796875,0.4472513171455615,93,219,52,51,0.7956642066420665,0.45322032928149314,7,23,8,9,0.6592741935483871,0.18240156057741191,
saheart,LogisticRegression,Quantile Binning,2,0.015625,0.0,0.1432628631591797,0.0030975341796875,0.304057905103333,118,173,98,26,0.7957795202952029,0.4362224618441952,11,16,15,5,0.6431451612903226,0.19408153312019838,
saheart,LogisticRegression,Quantile Binning,3,0.03125,0.0,0.1435384750366211,0.0030975341796875,0.4420692407429879,93,219,53,51,0.7941942401960785,0.44953659117489553,5,22,8,11,0.6979166666666666,0.04848120615689497,
saheart,LogisticRegression,Quantile Binning,4,0.015625,0.0,0.1424579620361328,0.0030975341796875,0.26028961351041763,125,164,108,19,0.7870200163398693,0.4514192620859102,12,16,14,4,0.7791666666666667,0.2722178614686481,
saheart,LogisticRegression,Quantile Binning,5,0.015625,0.0,0.14264488220214844,0.0030975341796875,0.44772676515119236,89,219,53,55,0.7806500204248366,0.42461427097853344,12,24,6,4,0.8229166666666667,0.5367450401216932,
saheart,LogisticRegression,Quantile Binning,6,0.015625,0.0,0.1430215835571289,0.0030975341796875,0.40859114104045174,98,208,64,46,0.7769224877450981,0.43441660472039345,10,25,5,6,0.85,0.46566713233403184,
saheart,LogisticRegression,Quantile Binning,7,0.03125,0.0,0.1438760757446289,0.0030975341796875,0.24318497865344826,125,156,116,19,0.7831265318627451,0.4255518010569796,14,15,15,2,0.7708333333333333,0.3700227502462479,
saheart,LogisticRegression,Quantile Binning,8,0.015625,0.0,0.14321041107177734,0.0030975341796875,0.43067436341545495,93,215,57,51,0.7845562704248366,0.4322540682712865,11,22,8,5,0.8,0.407072784783951,
saheart,LogisticRegression,Quantile Binning,9,0.015625,0.0,0.1423940658569336,0.0030975341796875,0.2974109204361346,118,170,102,26,0.7778926674836603,0.42358815172767184,14,18,12,2,0.8104166666666667,0.4563652383444983,
saheart,LogisticRegression,Quantile Binning,10,0.015625,0.015625,0.14270877838134766,0.0030975341796875,0.2516093157190015,126,153,119,18,0.7831265318627452,0.4230217115244236,13,22,8,3,0.7916666666666666,0.5219164927426853,
saheart,LogisticRegression,PCA,1,0.09375,0.0625,0.124542236328125,0.0031232833862304688,0.4965487385829924,78,233,38,66,0.7841328413284133,0.42582155538192756,4,24,7,12,0.6310483870967742,0.027076518053694116,
saheart,LogisticRegression,PCA,2,0.1875,0.0,0.12467765808105469,0.0031232833862304688,0.4325233388019305,91,208,63,53,0.7770090200902009,0.3936151007618192,10,23,8,6,0.7036290322580645,0.35768052823273844,
saheart,LogisticRegression,PCA,3,0.09375,0.0,0.12477874755859375,0.0031232833862304688,0.43440055667078237,92,214,58,52,0.7828329248366014,0.42173102915606786,8,21,9,8,0.6666666666666666,0.1973454667979989,
saheart,LogisticRegression,PCA,4,0.1875,0.0625,0.12464523315429688,0.0031232833862304688,0.44801616464616995,85,215,57,59,0.7729013480392157,0.38198890014671155,11,22,8,5,0.7437499999999999,0.407072784783951,
saheart,LogisticRegression,PCA,5,0.109375,0.03125,0.12491226196289062,0.0031232833862304688,0.4608482248688603,80,223,49,64,0.7594464869281046,0.3861303978112412,10,25,5,6,0.8770833333333333,0.46566713233403184,
saheart,LogisticRegression,PCA,6,0.1875,0.0,0.12486457824707031,0.0031232833862304688,0.4437779462518668,85,215,57,59,0.7622549019607843,0.38198890014671155,11,24,6,5,0.8291666666666667,0.48102957532012225,
saheart,LogisticRegression,PCA,7,0.09375,0.015625,0.12481689453125,0.0031232833862304688,0.459206882605975,83,222,50,61,0.7703993055555556,0.4004595306448213,10,24,6,6,0.7791666666666667,0.425,
saheart,LogisticRegression,PCA,8,0.1875,0.09375,0.12486839294433594,0.0031232833862304688,0.4491579710708811,85,220,52,59,0.7687142565359477,0.4040047423991283,9,23,7,7,0.7937500000000001,0.32916666666666666,
saheart,LogisticRegression,PCA,9,0.1875,0.0,0.12478065490722656,0.0031232833862304688,0.46132793192589766,84,223,49,60,0.7712928921568627,0.41129402366955115,7,23,7,9,0.7375,0.211332577548596,
saheart,LogisticRegression,PCA,10,0.09375,0.0,0.12491226196289062,0.0031232833862304688,0.35796368338724516,105,181,91,39,0.7639399509803921,0.3760902155964439,11,23,7,5,0.8229166666666666,0.4432212831307921,
saheart,LogisticRegression,Select Percentile (Mutual Info),1,0.46875,0.0,0.30709171295166016,0.0026569366455078125,0.5286614970719367,68,239,32,76,0.7699236367363673,0.394173001752853,8,28,3,8,0.7701612903225806,0.451275300894902,
saheart,LogisticRegression,Select Percentile (Mutual Info),2,0.0625,0.0,0.3058490753173828,0.0026569366455078125,0.4627189829055159,82,224,47,62,0.7807631201312013,0.4072838081114505,7,23,8,9,0.625,0.18240156057741191,
saheart,LogisticRegression,Select Percentile (Mutual Info),3,0.0625,0.0,0.3064460754394531,0.0026569366455078125,0.4386961661503725,88,223,49,56,0.7828712214052289,0.4362589592948622,4,22,8,12,0.6520833333333333,-0.018077538151554683,
saheart,LogisticRegression,Select Percentile (Mutual Info),4,0.0625,0.015625,0.3043861389160156,0.0026569366455078125,0.493599024386712,71,230,42,73,0.746515012254902,0.36219986086489775,5,23,7,11,0.6958333333333334,0.08586830621988474,
saheart,LogisticRegression,Select Percentile (Mutual Info),5,0.0625,0.0,0.3065347671508789,0.0026569366455078125,0.3996191551606817,91,205,67,53,0.7574550653594772,0.3779965903939678,14,23,7,2,0.8541666666666667,0.6135506861249888,
saheart,LogisticRegression,Select Percentile (Mutual Info),6,0.0625,0.015625,0.30393123626708984,0.0026569366455078125,0.37638546159853264,100,197,75,44,0.7708843954248367,0.40350656436947646,12,24,6,4,0.8625,0.5367450401216932,
saheart,LogisticRegression,Select Percentile (Mutual Info),7,0.0625,0.0,0.3034486770629883,0.0026569366455078125,0.44335318283682856,83,222,50,61,0.7709354575163399,0.4004595306448213,8,22,8,8,0.7666666666666666,0.23333333333333334,
saheart,LogisticRegression,Select Percentile (Mutual Info),8,0.0625,0.0,0.3064088821411133,0.0026569366455078125,0.5276567949130841,67,243,29,77,0.7681908700980393,0.40498430703343946,6,25,5,10,0.7708333333333334,0.2326210525996177,
saheart,LogisticRegression,Select Percentile (Mutual Info),9,0.078125,0.0,0.30599498748779297,0.0026569366455078125,0.4336393292057198,83,218,54,61,0.7682546977124182,0.38250193113530573,11,20,10,5,0.7875,0.3386481059780782,
saheart,LogisticRegression,Select Percentile (Mutual Info),10,0.0625,0.0,0.3046531677246094,0.0026569366455078125,0.35824549515622844,105,181,91,39,0.758093341503268,0.3760902155964439,12,21,9,4,0.7833333333333333,0.43028229936038176,
saheart,LogisticRegression,Random Undersampling,1,0.03125,0.0,0.14588356018066406,0.004851341247558594,0.580728054988611,98,211,60,46,0.7824928249282492,0.4501202336433631,10,18,13,6,0.7298387096774194,0.1949349875442168,
saheart,LogisticRegression,Random Undersampling,2,0.03125,0.0,0.14606285095214844,0.004851341247558594,0.6068920675534025,94,215,56,50,0.7836459614596146,0.4420427918250241,6,22,9,10,0.6451612903225806,0.08607714094664383,
saheart,LogisticRegression,Random Undersampling,3,0.046875,0.0,0.14597129821777344,0.004851341247558594,0.6538466107036548,77,236,36,67,0.7869944852941176,0.43035809765008964,4,22,8,12,0.6000000000000001,-0.018077538151554683,
saheart,LogisticRegression,Random Undersampling,4,0.03125,0.0,0.14601516723632812,0.004851341247558594,0.5039996142891907,109,185,87,35,0.7742289624183006,0.416580259511589,10,20,10,6,0.7333333333333333,0.2802242691589025,
saheart,LogisticRegression,Random Undersampling,5,0.046875,0.0,0.14601516723632812,0.004851341247558594,0.4703920369086413,114,174,98,30,0.7669781454248367,0.41052082084233343,14,18,12,2,0.8333333333333334,0.4563652383444983,
saheart,LogisticRegression,Random Undersampling,6,0.03125,0.0,0.1460590362548828,0.004851341247558594,0.6600294758972278,74,229,43,70,0.7554636437908496,0.3764817378602181,5,30,0,11,0.8208333333333333,0.4781825347975037,
saheart,LogisticRegression,Random Undersampling,7,0.03125,0.0,0.1459188461303711,0.004851341247558594,0.47204878149521573,110,186,86,34,0.7797181372549019,0.4267027704903753,14,17,13,2,0.7645833333333334,0.4272249028425624,
saheart,LogisticRegression,Random Undersampling,8,0.03125,0.0,0.14601421356201172,0.004851341247558594,0.48912519847767244,107,188,84,37,0.7748417075163399,0.4145525648039586,9,22,8,7,0.73125,0.29190683630537334,
saheart,LogisticRegression,Random Undersampling,9,0.03125,0.0,0.1457958221435547,0.004851341247558594,0.5106215112131683,101,194,78,43,0.7675142973856209,0.3984002830885674,12,22,8,4,0.7979166666666666,0.4643716460347527,
saheart,LogisticRegression,Random Undersampling,10,0.046875,0.0,0.1459665298461914,0.004851341247558594,0.5172491347202267,105,194,78,39,0.7830371732026143,0.4240130623061932,11,23,7,5,0.8395833333333333,0.4432212831307921,
saheart,LogisticRegression,SMOTE / SMOTENC,1,0.078125,0.0,0.5910882949829102,0.018323898315429688,0.45768771380633927,111,183,88,33,0.7777777777777778,0.4250641911029662,11,17,14,5,0.7116935483870968,0.22400807746223897,
saheart,LogisticRegression,SMOTE / SMOTENC,2,0.0625,0.0,0.5912008285522461,0.018404006958007812,0.5098095558280261,102,199,72,42,0.7834153341533414,0.42701573481858385,11,21,10,5,0.6693548387096774,0.3478094801460981,
saheart,LogisticRegression,SMOTE / SMOTENC,3,0.0625,0.015625,0.5914897918701172,0.018346786499023438,0.4494295974201787,116,176,96,28,0.7876582924836601,0.43073586126259983,10,17,13,6,0.5958333333333333,0.18257418583505539,
saheart,LogisticRegression,SMOTE / SMOTENC,4,0.0625,0.0,0.5912866592407227,0.018323898315429688,0.4598259822742706,112,180,92,32,0.7787224264705883,0.41829583638858975,10,19,11,6,0.7208333333333333,0.2470139125957747,
saheart,LogisticRegression,SMOTE / SMOTENC,5,0.0625,0.0,0.5915746688842773,0.018346786499023438,0.4750408369134945,104,185,87,40,0.7614889705882353,0.38413384415042257,13,19,11,3,0.81875,0.4250854043719932,
saheart,LogisticRegression,SMOTE / SMOTENC,6,0.078125,0.0,0.5912618637084961,0.018323898315429688,0.738777273752312,58,251,21,86,0.7593188316993463,0.39489725046850105,4,30,0,12,0.8854166666666667,0.4225771273642583,
saheart,LogisticRegression,SMOTE / SMOTENC,7,0.0625,0.0,0.5914373397827148,0.018335342407226562,0.4444667023203386,112,180,92,32,0.7745353349673203,0.41829583638858975,13,16,14,3,0.7541666666666667,0.33452515977294983,
saheart,LogisticRegression,SMOTE / SMOTENC,8,0.0625,0.0,0.5914421081542969,0.018312454223632812,0.5064506788893418,102,195,77,42,0.775607638888889,0.40860561053714156,10,24,6,6,0.7708333333333333,0.425,
saheart,LogisticRegression,SMOTE / SMOTENC,9,0.078125,0.0,0.5913705825805664,0.018301010131835938,0.7136985548084706,64,248,24,80,0.7658803104575164,0.41494688777018107,8,25,5,8,0.79375,0.3525905902319634,
saheart,LogisticRegression,SMOTE / SMOTENC,10,0.0625,0.015625,0.591578483581543,0.018358230590820312,0.4615940976723246,114,170,102,30,0.770578022875817,0.39674602380793605,11,23,7,5,0.8041666666666666,0.4432212831307921,
saheart,KNN,Baseline,1,0.0,0.015625,0.11578845977783203,0.040024757385253906,0.2879999999999996,125,172,99,19,0.81094967199672,0.48014264758670766,11,15,16,5,0.5897177419354839,0.1642408589150596,
saheart,KNN,Baseline,2,0.015625,0.0,0.11562252044677734,0.040024757385253906,0.4,127,168,103,17,0.8158184706847068,0.48062670987144124,9,14,17,7,0.5171370967741935,0.013451195364766223,
saheart,KNN,Baseline,3,0.0,0.0,0.11582469940185547,0.040108680725097656,0.4,123,171,101,21,0.7978068831699345,0.4607837317104018,8,14,16,8,0.51875,-0.03178208630818641,
saheart,KNN,Baseline,4,0.0,0.0,0.11582088470458984,0.040108680725097656,0.4,125,174,98,19,0.8238740808823529,0.4843890613713154,10,14,16,6,0.5770833333333334,0.08807048459279793,
saheart,KNN,Baseline,5,0.015625,0.0,0.11573314666748047,0.040108680725097656,0.4,123,167,105,21,0.7855775122549019,0.4474994996744706,12,18,12,4,0.71875,0.3337119062359573,
saheart,KNN,Baseline,6,0.015625,0.0,0.11578083038330078,0.040108680725097656,0.4,125,161,111,19,0.7927517361111112,0.4416725626360024,9,19,11,7,0.6552083333333334,0.1881505807209774,
saheart,KNN,Baseline,7,0.015625,0.0,0.11573314666748047,0.040108680725097656,0.4,124,164,108,20,0.7970281862745098,0.44450813352448254,12,18,12,4,0.7114583333333333,0.3337119062359573,
saheart,KNN,Baseline,8,0.0,0.0,0.11591243743896484,0.040108680725097656,0.4,125,167,105,19,0.8018024918300654,0.4612282521475001,10,18,12,6,0.6625000000000001,0.21452908258025827,
saheart,KNN,Baseline,9,0.0,0.0,0.11582469940185547,0.040108680725097656,0.2099999999999966,121,173,99,23,0.804266237745098,0.45395568466403063,8,17,13,8,0.553125,0.06374552583116766,
saheart,KNN,Baseline,10,0.015625,0.0,0.11578083038330078,0.040108680725097656,0.4,118,173,99,26,0.8010365604575164,0.4337832186218894,10,15,15,6,0.590625,0.11952286093343938,
saheart,KNN,Standard Scaler,1,0.015625,0.0,0.15023517608642578,0.04028797149658203,0.4,117,191,80,27,0.8407262197621976,0.493110819530088,11,16,15,5,0.5907258064516129,0.19408153312019838,
saheart,KNN,Standard Scaler,2,0.0,0.015625,0.14995861053466797,0.04028797149658203,0.22800000000000298,117,185,86,27,0.8338714637146372,0.4715119597675087,9,21,10,7,0.6048387096774194,0.23165960260062565,
saheart,KNN,Standard Scaler,3,0.015625,0.0,0.15021800994873047,0.04037189483642578,0.4,118,196,76,26,0.8546262254901961,0.515001373798328,10,16,14,6,0.5552083333333333,0.15096490996388545,
saheart,KNN,Standard Scaler,4,0.015625,0.0,0.15026569366455078,0.04037189483642578,0.4,118,189,83,26,0.841937295751634,0.48962406591923885,9,13,17,7,0.5177083333333334,-0.004003203845127179,
saheart,KNN,Standard Scaler,5,0.015625,0.0,0.15021800994873047,0.04037189483642578,0.4,120,183,89,24,0.831686580882353,0.48157870571064665,11,19,11,5,0.6989583333333333,0.30590258071629417,
saheart,KNN,Standard Scaler,6,0.015625,0.0,0.15021800994873047,0.04037189483642578,0.4,119,184,88,25,0.8368055555555556,0.47846923868426633,10,20,10,6,0.66875,0.2802242691589025,
saheart,KNN,Standard Scaler,7,0.015625,0.0,0.15026569366455078,0.04037189483642578,0.6,80,243,29,64,0.8265037785947712,0.48570160690694947,7,24,6,9,0.7635416666666667,0.25122079554027393,
saheart,KNN,Standard Scaler,8,0.015625,0.0,0.15026569366455078,0.04037189483642578,0.6,75,245,27,69,0.8230187908496732,0.46619656790861014,3,26,4,13,0.64375,0.07182430061427789,
saheart,KNN,Standard Scaler,9,0.015625,0.0,0.15026569366455078,0.04037189483642578,0.6,83,241,31,61,0.8359502655228758,0.4932246965598522,7,22,8,9,0.6729166666666667,0.17356684023359367,
saheart,KNN,Standard Scaler,10,0.015625,0.0,0.15021800994873047,0.04037189483642578,0.6,83,243,29,61,0.8418734681372548,0.5038558691642361,5,24,6,11,0.653125,0.12561536840379356,
saheart,KNN,MinMax Scaler,1,0.015625,0.0,0.12505340576171875,0.04048633575439453,0.6,88,244,27,56,0.8639811398113981,0.5439827120929199,4,22,9,12,0.6179435483870968,-0.04271476513355233,
saheart,KNN,MinMax Scaler,2,0.015625,0.0,0.12485504150390625,0.04048633575439453,0.22800000000000298,122,190,81,22,0.8547944854448545,0.5221452629045775,12,20,11,4,0.7268145161290323,0.3745809564575146,
saheart,KNN,MinMax Scaler,3,0.015625,0.015625,0.12499809265136719,0.04057025909423828,0.3600000000000023,124,196,76,20,0.8743106617647058,0.5538885665710794,10,17,13,6,0.596875,0.18257418583505539,
saheart,KNN,MinMax Scaler,4,0.015625,0.0,0.1251811981201172,0.04057025909423828,0.4,125,195,77,19,0.870046977124183,0.5568198784348669,9,16,14,7,0.5510416666666667,0.09128709291752769,
saheart,KNN,MinMax Scaler,5,0.015625,0.0,0.1251811981201172,0.04057025909423828,0.6,86,239,33,58,0.8448478349673202,0.5009893625020463,9,26,4,7,0.7864583333333333,0.45396038492365287,
saheart,KNN,MinMax Scaler,6,0.0,0.0,0.1250934600830078,0.04057025909423828,0.4,123,192,80,21,0.8619281045751634,0.5330327812045484,10,18,12,6,0.6291666666666667,0.21452908258025827,
saheart,KNN,MinMax Scaler,7,0.015625,0.0,0.12526893615722656,0.04057025909423828,0.4,121,183,89,23,0.8426649305555556,0.488203250251959,13,15,15,3,0.78125,0.3049687727964166,
saheart,KNN,MinMax Scaler,8,0.015625,0.0,0.12526893615722656,0.04057025909423828,0.6,84,246,26,60,0.8552900326797386,0.5261402848242556,5,25,5,11,0.6822916666666667,0.16839382851364085,
saheart,KNN,MinMax Scaler,9,0.0,0.0,0.12517738342285156,0.04057025909423828,0.6,87,240,32,57,0.8454733455882353,0.5121702409784868,6,25,5,10,0.715625,0.2326210525996177,
saheart,KNN,MinMax Scaler,10,0.015625,0.0,0.12513351440429688,0.04057025909423828,0.6,89,245,27,55,0.8635365604575164,0.5503872739293971,4,25,5,12,0.7145833333333333,0.10005003753127736,
saheart,KNN,IQR Capping,1,0.046875,0.015625,0.1565093994140625,0.04032707214355469,0.2879999999999996,127,174,97,17,0.8162669126691267,0.5004555278301944,11,15,16,5,0.5735887096774194,0.1642408589150596,
saheart,KNN,IQR Capping,2,0.03125,0.015625,0.1561422348022461,0.04032707214355469,0.4,127,171,100,17,0.8107831078310783,0.4905025217081344,11,15,16,5,0.5866935483870968,0.1642408589150596,
saheart,KNN,IQR Capping,3,0.046875,0.0,0.15647029876708984,0.04041099548339844,0.4,123,171,101,21,0.7998876633986928,0.4607837317104018,8,14,16,8,0.559375,-0.03178208630818641,
saheart,KNN,IQR Capping,4,0.046875,0.0,0.15642261505126953,0.04041099548339844,0.4,126,174,98,18,0.8198657066993464,0.4911907799958598,10,15,15,6,0.6197916666666667,0.11952286093343938,
saheart,KNN,IQR Capping,5,0.046875,0.015625,0.15637588500976562,0.04041099548339844,0.4,123,172,100,21,0.7878114787581699,0.4641249976614937,12,19,11,4,0.6802083333333333,0.36514837167011077,
saheart,KNN,IQR Capping,6,0.046875,0.015625,0.15637588500976562,0.04041099548339844,0.4,125,166,106,19,0.7955218545751634,0.45795133091206036,9,17,13,7,0.6364583333333333,0.12315558444422234,
saheart,KNN,IQR Capping,7,0.046875,0.015625,0.15647125244140625,0.04041099548339844,0.4,123,167,105,21,0.7951516544117647,0.4474994996744706,14,18,12,2,0.7208333333333333,0.4563652383444983,
saheart,KNN,IQR Capping,8,0.03125,0.0,0.15647029876708984,0.04041099548339844,0.35000000000000003,126,169,103,18,0.7999131944444444,0.4746702554224122,10,17,13,6,0.6416666666666667,0.18257418583505539,
saheart,KNN,IQR Capping,9,0.046875,0.015625,0.15651798248291016,0.04041099548339844,0.4,121,174,98,23,0.8047130310457515,0.45733767617720655,8,17,13,8,0.5625,0.06374552583116766,
saheart,KNN,IQR Capping,10,0.03125,0.0,0.15651798248291016,0.04041099548339844,0.4,120,174,98,24,0.8053768382352942,0.45061122083622224,9,16,14,7,0.5645833333333333,0.09128709291752769,
saheart,KNN,IQR Removal,1,0.046875,0.0,0.1710805892944336,0.034338951110839844,0.4,111,177,94,33,0.772870541205412,0.40365868597181265,9,18,13,7,0.6068548387096775,0.13593652563947833,
saheart,KNN,IQR Removal,2,0.046875,0.0,0.17016220092773438,0.033835411071777344,0.4,121,171,100,23,0.7806862443624436,0.4496167179599204,9,15,16,7,0.5463709677419355,0.04403577591138031,
saheart,KNN,IQR Removal,3,0.03125,0.0,0.170166015625,0.033835411071777344,0.4,119,167,105,25,0.7614123774509803,0.42024100066312453,8,15,15,8,0.5489583333333333,0.0,
saheart,KNN,IQR Removal,4,0.03125,0.0,0.17237472534179688,0.034422874450683594,0.4,112,178,94,32,0.7778799019607843,0.41124127290332213,9,17,13,7,0.5614583333333334,0.12315558444422234,
saheart,KNN,IQR Removal,5,0.03125,0.0,0.17199230194091797,0.034338951110839844,0.11999999999999887,144,100,172,0,0.7537913602941176,0.4093108459078636,15,8,22,1,0.6927083333333333,0.24512259195162955,
saheart,KNN,IQR Removal,6,0.03125,0.0,0.17069339752197266,0.033835411071777344,0.4,113,168,104,31,0.7576848447712419,0.3832075967197857,8,17,13,8,0.6354166666666667,0.06374552583116766,
saheart,KNN,IQR Removal,7,0.03125,0.0,0.17145633697509766,0.034171104431152344,0.2,144,93,179,0,0.7575571895424836,0.3904244499749295,16,13,17,0,0.7375,0.45836776730155243,
saheart,KNN,IQR Removal,8,0.03125,0.0,0.1696310043334961,0.033667564392089844,0.4,114,171,101,30,0.7679610906862745,0.4001772548299418,8,21,9,8,0.63125,0.1973454667979989,
saheart,KNN,IQR Removal,9,0.03125,0.0,0.170440673828125,0.033835411071777344,0.2,142,107,165,2,0.7508042279411765,0.41057033013335403,16,8,22,0,0.5635416666666666,0.3350831266333564,
saheart,KNN,IQR Removal,10,0.03125,0.015625,0.1707897186279297,0.034003257751464844,0.2,139,104,168,5,0.7554508782679739,0.3760983325548808,15,8,22,1,0.553125,0.24512259195162955,
saheart,KNN,Yeo-Johnson,1,0.0625,0.0,0.14601802825927734,0.04006004333496094,0.6,85,238,33,59,0.8418921689216892,0.49438164638593435,5,20,11,11,0.4314516129032258,-0.04233870967741935,
saheart,KNN,Yeo-Johnson,2,0.0625,0.0,0.14579105377197266,0.04006004333496094,0.4,118,182,89,26,0.8278495284952849,0.46747469198958325,7,16,15,9,0.5483870967741935,-0.04403577591138031,
saheart,KNN,Yeo-Johnson,3,0.0625,0.0,0.14613819122314453,0.04014396667480469,0.4,116,182,90,28,0.8086958741830066,0.45166574585412134,10,18,12,6,0.7239583333333333,0.21452908258025827,
saheart,KNN,Yeo-Johnson,4,0.078125,0.015625,0.14613819122314453,0.04014396667480469,0.6,77,244,28,67,0.8330907883986929,0.47288379084431514,7,25,5,9,0.5895833333333333,0.29375999496276356,
saheart,KNN,Yeo-Johnson,5,0.0625,0.0,0.14609050750732422,0.04014396667480469,0.45,76,244,28,68,0.8217167075163399,0.46676002800933664,9,27,3,7,0.771875,0.5016516837056424,
saheart,KNN,Yeo-Johnson,6,0.0625,0.0,0.14613819122314453,0.04014396667480469,0.6,78,240,32,66,0.818844464869281,0.4573983380632976,3,25,5,13,0.640625,0.02617836926823097,
saheart,KNN,Yeo-Johnson,7,0.0625,0.0,0.1460428237915039,0.04014396667480469,0.4,115,192,80,29,0.8307419321895425,0.4809587161956923,11,17,13,5,0.6364583333333333,0.24233840809992135,
saheart,KNN,Yeo-Johnson,8,0.078125,0.0,0.14613819122314453,0.04014396667480469,0.4,119,181,91,25,0.8221762663398693,0.46799101377655944,10,17,13,6,0.6197916666666667,0.18257418583505539,
saheart,KNN,Yeo-Johnson,9,0.0625,0.0,0.1460428237915039,0.04014396667480469,0.4,112,173,99,32,0.793109170751634,0.3937726712371163,12,17,13,4,0.75,0.3027912476980464,
saheart,KNN,Yeo-Johnson,10,0.0625,0.0,0.1460428237915039,0.04014396667480469,0.5600000000000023,84,239,33,60,0.8284824346405228,0.48886434617670116,4,27,3,12,0.6020833333333333,0.19889806323953876,
saheart,KNN,Quantile Transform,1,0.015625,0.015625,0.1742992401123047,0.06865978240966797,0.4,124,172,99,20,0.8329233292332923,0.4733333896723163,11,15,16,5,0.5423387096774194,0.1642408589150596,
saheart,KNN,Quantile Transform,2,0.015625,0.0,0.174346923828125,0.06865978240966797,0.47200000000000275,80,243,28,64,0.8305529930299302,0.49062371670094285,6,24,7,10,0.5443548387096775,0.15804463099414362,
saheart,KNN,Quantile Transform,3,0.03125,0.0,0.174560546875,0.06881237030029297,0.23999999999999774,125,181,91,19,0.8395501429738562,0.5079904971501613,9,13,17,7,0.5895833333333333,-0.004003203845127179,
saheart,KNN,Quantile Transform,4,0.03125,0.0,0.174652099609375,0.06881237030029297,0.4,123,180,92,21,0.8328354779411764,0.4911796626338353,12,18,12,4,0.7239583333333333,0.3337119062359573,
saheart,KNN,Quantile Transform,5,0.015625,0.0,0.17456626892089844,0.06881237030029297,0.6,84,244,28,60,0.8444393382352942,0.5152473931627318,8,24,6,8,0.6458333333333333,0.3105295017040594,
saheart,KNN,Quantile Transform,6,0.015625,0.015625,0.174560546875,0.06881237030029297,0.4,126,175,97,18,0.8384523080065359,0.4945210932262263,8,21,9,8,0.6427083333333333,0.1973454667979989,
saheart,KNN,Quantile Transform,7,0.03125,0.0,0.17465591430664062,0.06881237030029297,0.4,126,166,106,18,0.8195593341503268,0.4648553368196173,11,17,13,5,0.6833333333333333,0.24233840809992135,
saheart,KNN,Quantile Transform,8,0.03125,0.0,0.1746997833251953,0.06881237030029297,0.6,78,244,28,66,0.8315206290849674,0.478988168917094,3,24,6,13,0.6052083333333333,-0.015007505629691605,
saheart,KNN,Quantile Transform,9,0.015625,0.015625,0.174652099609375,0.06881237030029297,0.4,119,182,90,25,0.8260569852941176,0.47147293787491074,12,14,16,4,0.6114583333333334,0.21144501580551553,
saheart,KNN,Quantile Transform,10,0.03125,0.0,0.1746044158935547,0.06881237030029297,0.4,127,172,100,17,0.8241549223856208,0.4914011675543547,12,15,15,4,0.6666666666666667,0.2418254167033372,
saheart,KNN,Uniform Binning,1,0.0,0.0,0.1257305145263672,0.040793418884277344,0.4,120,190,81,24,0.8408543460434605,0.5090497298339788,9,15,16,7,0.530241935483871,0.04403577591138031,
saheart,KNN,Uniform Binning,2,0.0,0.0,0.1258697509765625,0.040793418884277344,0.47200000000000275,82,245,26,62,0.8344992824928249,0.5136981548730747,6,23,8,10,0.6300403225806451,0.12116192578882784,
saheart,KNN,Uniform Binning,3,0.015625,0.0,0.12605667114257812,0.040877342224121094,0.6,84,242,30,60,0.8434946895424837,0.5045531789896721,7,22,8,9,0.5989583333333334,0.17356684023359367,
saheart,KNN,Uniform Binning,4,0.015625,0.0,0.1260089874267578,0.040877342224121094,0.5,89,236,36,55,0.8278186274509803,0.5040047601353704,5,24,6,11,0.6197916666666667,0.12561536840379356,
saheart,KNN,Uniform Binning,5,0.015625,0.0,0.12596893310546875,0.040877342224121094,0.4,125,175,97,19,0.8250740400326797,0.48773201209947553,11,19,11,5,0.6583333333333333,0.30590258071629417,
saheart,KNN,Uniform Binning,6,0.015625,0.0,0.12605667114257812,0.040877342224121094,0.3600000000000023,122,194,78,22,0.8402905433006536,0.5336622986906748,10,20,10,6,0.6208333333333333,0.2802242691589025,
saheart,KNN,Uniform Binning,7,0.015625,0.0,0.12596893310546875,0.040877342224121094,0.4,122,201,71,22,0.8636003880718954,0.5592102196845032,13,18,12,3,0.7822916666666666,0.39442544108034994,
saheart,KNN,Uniform Binning,8,0.015625,0.0,0.12596893310546875,0.040877342224121094,0.4,120,189,83,24,0.8337928921568628,0.5027070649872218,9,19,11,7,0.696875,0.1881505807209774,
saheart,KNN,Uniform Binning,9,0.0,0.0,0.12601280212402344,0.040877342224121094,0.4,118,191,81,26,0.8278952205882353,0.4968082243768186,9,18,12,7,0.5989583333333333,0.15537971921347118,
saheart,KNN,Uniform Binning,10,0.015625,0.0,0.12606048583984375,0.040877342224121094,0.4,124,181,91,20,0.8316738153594772,0.5012910412787124,13,14,16,3,0.68125,0.27546138073887344,
saheart,KNN,Quantile Binning,1,0.015625,0.0,0.1262664794921875,0.040802955627441406,0.4,123,187,84,21,0.8405852808528085,0.518096233889092,11,19,12,5,0.685483870967742,0.28475797200086567,
saheart,KNN,Quantile Binning,2,0.015625,0.0,0.1263141632080078,0.040802955627441406,0.4,127,177,94,17,0.8289770397703977,0.5104913646740851,9,17,14,7,0.5715725806451614,0.10511200308756787,
saheart,KNN,Quantile Binning,3,0.015625,0.0,0.1264171600341797,0.040886878967285156,0.4,125,187,85,19,0.8373289419934641,0.5286277232027582,10,17,13,6,0.546875,0.18257418583505539,
saheart,KNN,Quantile Binning,4,0.015625,0.015625,0.1264190673828125,0.040886878967285156,0.4,124,177,95,20,0.8286994485294118,0.4876971134042892,10,19,11,6,0.6104166666666666,0.2470139125957747,
saheart,KNN,Quantile Binning,5,0.015625,0.015625,0.12650299072265625,0.040886878967285156,0.4,128,176,96,16,0.8238230187908496,0.5114621455194985,12,17,13,4,0.7416666666666667,0.3027912476980464,
saheart,KNN,Quantile Binning,6,0.015625,0.0,0.12650299072265625,0.040886878967285156,0.4,129,182,90,15,0.8391416462418301,0.5382961754494269,11,18,12,5,0.6197916666666667,0.2738612787525831,
saheart,KNN,Quantile Binning,7,0.015625,0.0,0.12636566162109375,0.040886878967285156,0.4,126,188,84,18,0.8498902165032679,0.538733841440458,11,19,11,5,0.659375,0.30590258071629417,
saheart,KNN,Quantile Binning,8,0.015625,0.015625,0.12640380859375,0.040886878967285156,0.4,124,181,91,20,0.8377119076797386,0.5012910412787124,11,20,10,5,0.68125,0.3386481059780782,
saheart,KNN,Quantile Binning,9,0.015625,0.0,0.1264629364013672,0.040886878967285156,0.4,128,186,86,16,0.838171466503268,0.5451546575179352,12,17,13,4,0.7145833333333333,0.3027912476980464,
saheart,KNN,Quantile Binning,10,0.015625,0.0,0.12650299072265625,0.040886878967285156,0.6,85,235,37,59,0.8246527777777777,0.47468498144315524,8,24,6,8,0.7135416666666666,0.3105295017040594,
saheart,KNN,PCA,1,0.015625,0.0,0.12434577941894531,0.02728271484375,0.6,76,237,34,68,0.8010070725707257,0.43389785050224217,6,22,9,10,0.5554435483870968,0.08607714094664383,
saheart,KNN,PCA,2,0.09375,0.0,0.12456893920898438,0.02728271484375,0.4,127,160,111,17,0.7998026855268553,0.45462678568897213,10,13,18,6,0.5776209677419355,0.04282782569087197,
saheart,KNN,PCA,3,0.09375,0.0,0.12458419799804688,0.02733612060546875,0.4,127,161,111,17,0.7951644199346405,0.45563155541637473,8,16,14,8,0.534375,0.03178208630818641,
saheart,KNN,PCA,4,0.09375,0.0,0.12453651428222656,0.02733612060546875,0.4,120,168,104,24,0.8059640522875817,0.43037668342494384,8,15,15,8,0.5770833333333334,0.0,
saheart,KNN,PCA,5,0.0,0.0,0.12453651428222656,0.02733612060546875,0.4,124,158,114,20,0.7849009395424836,0.4249942611728599,11,16,14,5,0.6791666666666667,0.2111570543157429,
saheart,KNN,PCA,6,0.09375,0.0,0.124664306640625,0.02733612060546875,0.22999999999999546,125,152,120,19,0.7931347017973857,0.4127522768842415,8,19,11,8,0.6052083333333333,0.12897355557511317,
saheart,KNN,PCA,7,0.09375,0.0,0.12453651428222656,0.02733612060546875,0.35000000000000003,120,163,109,24,0.7846456290849674,0.41372493867681853,11,18,12,5,0.6499999999999999,0.2738612787525831,
saheart,KNN,PCA,8,0.015625,0.046875,0.12462425231933594,0.02733612060546875,0.4,123,161,111,21,0.7790670955882353,0.42779263194649864,12,17,13,4,0.6895833333333333,0.3027912476980464,
saheart,KNN,PCA,9,0.09375,0.0,0.12471199035644531,0.02733612060546875,0.38000000000000117,119,166,106,25,0.7826669730392157,0.4168924663926921,11,12,18,5,0.55,0.0863386417241245,
saheart,KNN,PCA,10,0.046875,0.03125,0.12471580505371094,0.02733612060546875,0.4,125,162,110,19,0.8013046364379085,0.44491487667452406,10,12,18,6,0.5177083333333333,0.02439750182371333,
saheart,KNN,Select Percentile (Mutual Info),1,0.375,0.0,0.30373477935791016,0.023416519165039062,0.4,129,166,105,15,0.8359086715867159,0.4879852215986642,12,14,17,4,0.5564516129032258,0.19652776276524092,
saheart,KNN,Select Percentile (Mutual Info),2,0.265625,0.015625,0.30368518829345703,0.023416519165039062,0.6,89,236,35,55,0.8457487699876999,0.5084314179442903,5,23,8,11,0.5362903225806451,0.05766493293029565,
saheart,KNN,Select Percentile (Mutual Info),3,0.046875,0.0,0.3039865493774414,0.023462295532226562,0.5600000000000023,84,239,33,60,0.8290951797385621,0.48886434617670116,1,24,6,15,0.56875,-0.18232322463624387,
saheart,KNN,Select Percentile (Mutual Info),4,0.046875,0.0,0.30350208282470703,0.023462295532226562,0.4,126,155,117,18,0.8094618055555556,0.429394004267412,9,14,16,7,0.49166666666666664,0.027888667551135855,
saheart,KNN,Select Percentile (Mutual Info),5,0.046875,0.015625,0.30236148834228516,0.023462295532226562,0.4,127,164,108,17,0.8177593954248366,0.46529864194948023,12,15,15,4,0.6385416666666667,0.2418254167033372,
saheart,KNN,Select Percentile (Mutual Info),6,0.0625,0.0,0.3042593002319336,0.023462295532226562,0.6,81,243,29,63,0.8407373366013071,0.4917693114437766,6,27,3,10,0.7322916666666666,0.33016512385321534,
saheart,KNN,Select Percentile (Mutual Info),7,0.046875,0.0,0.3035125732421875,0.023462295532226562,0.4,124,165,107,20,0.8133552900326797,0.44778332527268067,10,14,16,6,0.6312500000000001,0.08807048459279793,
saheart,KNN,Select Percentile (Mutual Info),8,0.0625,0.015625,0.3031425476074219,0.023462295532226562,0.28999999999999776,129,164,108,15,0.8212699142156863,0.47925787748880866,10,18,12,6,0.6135416666666667,0.21452908258025827,
saheart,KNN,Select Percentile (Mutual Info),9,0.046875,0.0,0.30324268341064453,0.023462295532226562,0.4,121,178,94,23,0.8262995302287581,0.4709569053440812,14,17,13,2,0.71875,0.4272249028425624,
saheart,KNN,Select Percentile (Mutual Info),10,0.046875,0.0,0.30344581604003906,0.023462295532226562,0.4,130,184,88,14,0.8516646241830065,0.5517847246509181,12,15,15,4,0.6083333333333334,0.2418254167033372,
saheart,KNN,Random Undersampling,1,0.015625,0.0,0.1454334259033203,0.03189563751220703,0.4,136,128,143,8,0.7889247642476425,0.4226588025846792,15,11,20,1,0.5856854838709677,0.31768924957164474,
saheart,KNN,Random Undersampling,2,0.015625,0.0,0.14538955688476562,0.03189563751220703,0.23999999999999774,140,121,150,4,0.7789821648216482,0.434442351028397,13,10,21,3,0.5977822580645161,0.1430944631974003,
saheart,KNN,Random Undersampling,3,0.015625,0.0,0.14565372467041016,0.03189563751220703,0.4,135,123,149,9,0.7740374795751634,0.39834238901199553,14,9,21,2,0.6333333333333334,0.1954016841836789,
saheart,KNN,Random Undersampling,4,0.015625,0.0,0.1453857421875,0.03189563751220703,0.5600000000000023,110,182,90,34,0.7823988970588235,0.41230469140824727,10,17,13,6,0.5614583333333333,0.18257418583505539,
saheart,KNN,Random Undersampling,5,0.015625,0.0,0.14539051055908203,0.03189563751220703,0.4,140,112,160,4,0.7623825571895425,0.40737325786900264,16,10,20,0,0.6958333333333333,0.3849001794597505,
saheart,KNN,Random Undersampling,6,0.015625,0.0,0.1454334259033203,0.03189563751220703,0.4,138,113,159,6,0.7520169526143791,0.39348091561319515,13,15,15,3,0.7010416666666667,0.3049687727964166,
saheart,KNN,Random Undersampling,7,0.015625,0.0,0.14547348022460938,0.03189563751220703,0.2699999999999989,137,114,158,7,0.7669015522875816,0.38811272176087924,15,15,15,1,0.7072916666666667,0.4375,
saheart,KNN,Random Undersampling,8,0.015625,0.0,0.1453847885131836,0.03189563751220703,0.6,103,183,89,41,0.7523488562091503,0.3703422547587832,10,20,10,6,0.7427083333333333,0.2802242691589025,
saheart,KNN,Random Undersampling,9,0.015625,0.0,0.14560890197753906,0.03189563751220703,0.6,106,192,80,38,0.7819776348039216,0.4229228549352501,9,19,11,7,0.5822916666666667,0.1881505807209774,
saheart,KNN,Random Undersampling,10,0.015625,0.0,0.1455211639404297,0.03189563751220703,0.6,106,189,83,38,0.7722120098039216,0.4117777853612742,8,16,14,8,0.5510416666666667,0.03178208630818641,
saheart,KNN,SMOTE / SMOTENC,1,0.046875,0.015625,0.5906276702880859,0.06925678253173828,0.6,120,190,81,24,0.8455181426814268,0.5090497298339788,9,15,16,7,0.5493951612903226,0.04403577591138031,
saheart,KNN,SMOTE / SMOTENC,2,0.046875,0.0,0.5908803939819336,0.0693368911743164,0.8,83,240,31,61,0.8510660106601066,0.4926858322086694,4,23,8,12,0.534274193548387,-0.008763841367493648,
saheart,KNN,SMOTE / SMOTENC,3,0.03125,0.0,0.5910749435424805,0.06944751739501953,0.6,122,184,88,22,0.8489328022875817,0.4983093684896588,7,16,14,9,0.5791666666666667,-0.027888667551135855,
saheart,KNN,SMOTE / SMOTENC,4,0.046875,0.0,0.5910491943359375,0.06942462921142578,0.6,121,191,81,23,0.8565665849673203,0.5163804459228374,9,16,14,7,0.5916666666666666,0.09128709291752769,
saheart,KNN,SMOTE / SMOTENC,5,0.046875,0.0,0.5911674499511719,0.06944751739501953,0.22000000000000455,141,139,133,3,0.8530560661764706,0.4918312019056372,14,13,17,2,0.6749999999999999,0.3132669799338032,
saheart,KNN,SMOTE / SMOTENC,6,0.03125,0.0,0.5910778045654297,0.06942462921142578,0.5600000000000023,119,191,81,25,0.842920241013072,0.5033228968700679,6,23,7,10,0.6520833333333333,0.14985100084858444,
saheart,KNN,SMOTE / SMOTENC,7,0.046875,0.0,0.5908565521240234,0.06943607330322266,0.6,128,183,89,16,0.8548560049019608,0.5349344624260968,11,20,10,5,0.7083333333333333,0.3386481059780782,
saheart,KNN,SMOTE / SMOTENC,8,0.046875,0.0,0.5908164978027344,0.0694131851196289,0.8,82,244,28,62,0.8546262254901961,0.503226302570603,4,25,5,12,0.703125,0.10005003753127736,
saheart,KNN,SMOTE / SMOTENC,9,0.046875,0.0,0.5906944274902344,0.06940174102783203,0.5600000000000023,118,190,82,26,0.8370991625816994,0.4932097629298656,4,18,12,12,0.5229166666666667,-0.15,
saheart,KNN,SMOTE / SMOTENC,10,0.046875,0.0,0.5913028717041016,0.0694589614868164,0.46999999999999886,126,186,86,18,0.8582388684640522,0.5318110633639319,8,17,13,8,0.5635416666666667,0.06374552583116766,
saheart,SVM,Baseline,1,0.015625,0.0,0.12429141998291016,0.0282745361328125,-0.532132080382899,88,214,57,56,0.769680196801968,0.4001335563060995,6,21,10,10,0.592741935483871,0.05241935483870968,
saheart,SVM,Baseline,2,0.015625,0.0,0.12455081939697266,0.0282745361328125,-0.7686792837014373,107,187,84,37,0.7643757687576875,0.4136240831267112,9,17,14,7,0.5786290322580645,0.10511200308756787,
saheart,SVM,Baseline,3,0.015625,0.0,0.1248636245727539,0.02845001220703125,-0.9482834599686913,122,157,115,22,0.7668249591503268,0.4078205853487897,12,17,13,4,0.7520833333333333,0.3027912476980464,
saheart,SVM,Baseline,4,0.015625,0.015625,0.12461185455322266,0.0282745361328125,-0.9853412614914797,127,137,135,17,0.7592933006535947,0.3799402225792341,13,11,19,3,0.6479166666666667,0.1854551190732577,
saheart,SVM,Baseline,5,0.0,0.0,0.12457561492919922,0.0282745361328125,-0.9884348301475094,126,140,132,18,0.7489787581699346,0.38200079156339545,15,13,17,1,0.7854166666666667,0.38384896738418456,
saheart,SVM,Baseline,6,0.015625,0.0,0.12460041046142578,0.02845001220703125,-0.845992049203769,100,189,83,44,0.7534977532679739,0.37311583414386157,11,23,7,5,0.7979166666666667,0.4432212831307921,
saheart,SVM,Baseline,7,0.015625,0.0,0.12494373321533203,0.028537750244140625,-0.8790817204268707,104,189,83,40,0.7567912581699345,0.3988792845977637,13,21,9,3,0.8270833333333334,0.48864957698836603,
saheart,SVM,Baseline,8,0.015625,0.0,0.1247711181640625,0.02845001220703125,-0.9863566725897276,127,141,131,17,0.7598549836601307,0.3924117146039073,13,16,14,3,0.7145833333333333,0.33452515977294983,
saheart,SVM,Baseline,9,0.015625,0.0,0.1245107650756836,0.028362274169921875,-0.9775491549045967,123,145,127,21,0.759344362745098,0.3762171365126946,14,16,14,2,0.71875,0.3984925297873177,
saheart,SVM,Baseline,10,0.015625,0.0,0.12442874908447266,0.028362274169921875,-0.869665374678674,105,181,91,39,0.7586294934640523,0.3760902155964439,13,20,10,3,0.7979166666666666,0.45643546458763845,
saheart,SVM,Standard Scaler,1,0.015625,0.0,0.15043354034423828,0.027378082275390625,-0.06764751484609416,92,247,24,52,0.8575748257482574,0.583744652328755,10,22,9,6,0.6108870967741935,0.32315541203112486,
saheart,SVM,Standard Scaler,2,0.015625,0.0,0.15020465850830078,0.027729034423828125,-0.12334197582840278,96,242,29,48,0.8399446494464944,0.5806744765275514,6,26,5,10,0.6955645161290323,0.23917590947429804,
saheart,SVM,Standard Scaler,3,0.015625,0.015625,0.15046405792236328,0.0278167724609375,-0.6004539411942944,117,218,54,27,0.8519454656862745,0.5936523178536028,10,20,10,6,0.68125,0.2802242691589025,
saheart,SVM,Standard Scaler,4,0.015625,0.0,0.15036869049072266,0.02799224853515625,-0.23958419021577357,95,242,30,49,0.8489072712418301,0.5701315411119203,9,24,6,7,0.75,0.36830036830055246,
saheart,SVM,Standard Scaler,5,0.03125,0.0,0.15041637420654297,0.028167724609375,-0.6636400051036863,115,216,56,29,0.8402267156862745,0.5731134485732386,13,23,7,3,0.7916666666666667,0.5564453344726779,
saheart,SVM,Standard Scaler,6,0.015625,0.0,0.1504201889038086,0.0278167724609375,-0.06731162250713192,97,244,28,47,0.8395118464052288,0.5921738014374369,6,26,4,10,0.6979166666666666,0.2790526301083191,
saheart,SVM,Standard Scaler,7,0.015625,0.0,0.15046405792236328,0.028255462646484375,-0.17493129872284197,97,240,32,47,0.8416053921568627,0.5718427327759513,11,24,6,5,0.8291666666666666,0.48102957532012225,
saheart,SVM,Standard Scaler,8,0.015625,0.0,0.15041637420654297,0.027729034423828125,-0.20230939583293936,97,244,28,47,0.8454095179738563,0.5921738014374369,6,27,3,10,0.725,0.33016512385321534,
saheart,SVM,Standard Scaler,9,0.015625,0.0,0.15041637420654297,0.028079986572265625,-0.13295224101612907,92,247,25,52,0.8412479575163397,0.5787704328298876,10,21,9,6,0.7,0.3143730417143384,
saheart,SVM,Standard Scaler,10,0.015625,0.0,0.15046405792236328,0.02799224853515625,-0.3937284182509179,104,230,42,40,0.8409415849673203,0.5659926283814355,11,23,7,5,0.7770833333333332,0.4432212831307921,
saheart,SVM,MinMax Scaler,1,0.015625,0.015625,0.1253795623779297,0.025823593139648438,-0.8438699675072905,116,200,71,28,0.823160106601066,0.5200289245207065,11,21,10,5,0.7157258064516129,0.3478094801460981,
saheart,SVM,MinMax Scaler,2,0.015625,0.0,0.12523269653320312,0.026086807250976562,-0.9248304790712379,119,187,84,25,0.8149856498564987,0.49176528102233624,13,19,12,3,0.7379032258064516,0.40398037901309763,
saheart,SVM,MinMax Scaler,3,0.015625,0.0,0.12537574768066406,0.025911331176757812,-0.9233952978395998,119,195,77,25,0.8260314542483661,0.5178053692994518,11,19,11,5,0.63125,0.30590258071629417,
saheart,SVM,MinMax Scaler,4,0.015625,0.0,0.12544727325439453,0.026700973510742188,-0.8401529101656171,112,201,71,32,0.8122446895424836,0.4952691817334574,12,21,9,4,0.7354166666666666,0.43028229936038176,
saheart,SVM,MinMax Scaler,5,0.015625,0.0,0.12551116943359375,0.026262283325195312,-0.905362818943836,114,199,73,30,0.8073427287581699,0.5004548125070865,14,20,10,2,0.7854166666666668,0.5164589025080292,
saheart,SVM,MinMax Scaler,6,0.015625,0.0,0.12559795379638672,0.026525497436523438,-0.8551629523021479,113,202,70,31,0.8075725081699346,0.5054486273659238,11,22,8,5,0.7791666666666667,0.407072784783951,
saheart,SVM,MinMax Scaler,7,0.015625,0.015625,0.12546730041503906,0.026525497436523438,-0.9086798726358423,118,203,69,26,0.8152573529411764,0.5410850236708156,13,17,13,3,0.7958333333333334,0.36429154990657325,
saheart,SVM,MinMax Scaler,8,0.015625,0.0,0.12546348571777344,0.026086807250976562,-0.9159845081457828,117,193,79,27,0.8211550245098039,0.4975603473418792,12,20,10,4,0.7270833333333333,0.39727607885233013,
saheart,SVM,MinMax Scaler,9,0.015625,0.0,0.125335693359375,0.025999069213867188,-0.3369285803255993,92,235,37,52,0.8115298202614378,0.5172214577863307,9,23,7,7,0.78125,0.32916666666666666,
saheart,SVM,MinMax Scaler,10,0.015625,0.0,0.1257162094116211,0.027227401733398438,-0.9620230757467304,126,178,94,18,0.8149509803921567,0.504568239557962,14,19,11,2,0.8270833333333333,0.48605963446265343,
saheart,SVM,IQR Capping,1,0.046875,0.0,0.1566600799560547,0.02865314483642578,-0.7346477277214185,107,183,88,37,0.7655545305453054,0.3989869144314305,7,18,13,9,0.5887096774193549,0.01739020859100631,
saheart,SVM,IQR Capping,2,0.046875,0.0,0.1563396453857422,0.02865314483642578,-0.6817691601630298,102,194,77,42,0.7611726117261173,0.40771298420469493,8,17,14,8,0.5705645161290324,0.045950374864049015,
saheart,SVM,IQR Capping,3,0.046875,0.015625,0.15657329559326172,0.028565406799316406,-0.9451176945629597,120,159,113,24,0.7699908088235294,0.4005220339235786,11,16,14,5,0.7395833333333334,0.2111570543157429,
saheart,SVM,IQR Capping,4,0.046875,0.0,0.15666866302490234,0.028565406799316406,-0.9431209075170829,121,148,124,23,0.7552593954248366,0.37167453832351316,13,13,17,3,0.6833333333333333,0.24583333333333332,
saheart,SVM,IQR Capping,5,0.046875,0.015625,0.15662097930908203,0.02865314483642578,-0.9504162317032645,116,163,109,28,0.7534722222222222,0.3864737457391561,13,17,13,3,0.8124999999999999,0.36429154990657325,
saheart,SVM,IQR Capping,6,0.046875,0.0,0.15662097930908203,0.028565406799316406,-0.9814005997545922,123,145,127,21,0.7554125816993463,0.3762171365126946,13,21,9,3,0.7937500000000001,0.48864957698836603,
saheart,SVM,IQR Capping,7,0.046875,0.015625,0.15666866302490234,0.02882862091064453,-0.9894537696428037,127,137,135,17,0.7589869281045751,0.3799402225792341,14,17,13,2,0.8458333333333333,0.4272249028425624,
saheart,SVM,IQR Capping,8,0.046875,0.0,0.15671634674072266,0.02865314483642578,-0.9961436275254342,129,135,137,15,0.7578380310457516,0.3885429827157631,13,15,15,3,0.7083333333333334,0.3049687727964166,
saheart,SVM,IQR Capping,9,0.046875,0.0,0.15666866302490234,0.028565406799316406,-0.7697261156387634,92,202,70,52,0.7601613562091503,0.37224321909068575,9,20,10,7,0.73125,0.2216732986447258,
saheart,SVM,IQR Capping,10,0.046875,0.015625,0.15666866302490234,0.028565406799316406,-0.9465472176596521,119,154,118,25,0.7586805555555556,0.3772046030030673,15,17,13,1,0.8062499999999999,0.4920162867782188,
saheart,SVM,IQR Removal,1,0.046875,0.0,0.1715383529663086,0.022394180297851562,-0.8349160527319158,75,234,37,69,0.7787771627716278,0.412105275774632,4,23,8,12,0.592741935483871,-0.008763841367493648,
saheart,SVM,IQR Removal,2,0.046875,0.0,0.1711902618408203,0.021692276000976562,-0.9405921917265022,106,190,81,38,0.7769065190651907,0.4182883985561142,9,18,13,7,0.6129032258064516,0.13593652563947833,
saheart,SVM,IQR Removal,3,0.03125,0.0,0.1705179214477539,0.021955490112304688,-0.911315848152658,76,235,37,68,0.7782118055555555,0.4189983915192243,7,23,7,9,0.7,0.211332577548596,
saheart,SVM,IQR Removal,4,0.03125,0.0,0.17260074615478516,0.022218704223632812,-0.9786290926149027,110,174,98,34,0.7586550245098038,0.3840147396408606,14,15,15,2,0.74375,0.3700227502462479,
saheart,SVM,IQR Removal,5,0.03125,0.0,0.1723003387451172,0.021955490112304688,-0.9632162259734964,66,242,30,78,0.7641952614379085,0.3929916054584173,8,28,2,8,0.8333333333333333,0.5003702332976756,
saheart,SVM,IQR Removal,6,0.046875,0.0,0.1706104278564453,0.021604537963867188,-0.9629208007070892,91,217,55,53,0.7783649918300652,0.42836276622825187,9,25,5,7,0.8041666666666667,0.40972642585952285,
saheart,SVM,IQR Removal,7,0.03125,0.0,0.17182064056396484,0.022394180297851562,-0.96893449712627,106,187,85,38,0.769888684640523,0.4044129912527799,12,21,9,4,0.8604166666666667,0.43028229936038176,
saheart,SVM,IQR Removal,8,0.03125,0.0,0.17059612274169922,0.021516799926757812,-0.9663019120495122,98,195,77,46,0.7626633986928104,0.3830359874453665,9,22,8,7,0.7020833333333334,0.29190683630537334,
saheart,SVM,IQR Removal,9,0.03125,0.0,0.17052173614501953,0.021780014038085938,-0.9492971140663791,93,215,57,51,0.7741268382352942,0.4322540682712865,10,19,11,6,0.6937500000000001,0.2470139125957747,
saheart,SVM,IQR Removal,10,0.03125,0.0,0.17115020751953125,0.021692276000976562,-0.915857000776463,68,236,36,76,0.7565359477124184,0.3734080224074693,7,27,3,9,0.7979166666666666,0.3897114317029974,
saheart,SVM,Yeo-Johnson,1,0.0625,0.0,0.14626026153564453,0.02786540985107422,-0.9330223037251791,120,150,121,24,0.7526906519065191,0.37317526530168704,9,18,13,7,0.5887096774193549,0.13593652563947833,
saheart,SVM,Yeo-Johnson,2,0.078125,0.015625,0.14608478546142578,0.028304100036621094,-0.9961870430107971,128,129,142,16,0.7401855268552686,0.3643159745395688,13,8,23,3,0.5987903225806451,0.07897317765660784,
saheart,SVM,Yeo-Johnson,3,0.078125,0.0,0.14628887176513672,0.02821636199951172,-0.9426727970968323,116,151,121,28,0.733966503267974,0.34658862065734486,13,16,14,3,0.6979166666666667,0.33452515977294983,
saheart,SVM,Yeo-Johnson,4,0.078125,0.0,0.14628887176513672,0.02804088592529297,-0.8894114896617071,108,168,104,36,0.7342728758169935,0.3498756995815342,13,15,15,3,0.7416666666666666,0.3049687727964166,
saheart,SVM,Yeo-Johnson,5,0.078125,0.0,0.14633655548095703,0.028304100036621094,-0.9961830652558313,120,134,138,24,0.7069035947712419,0.3195352533203245,13,15,15,3,0.73125,0.3049687727964166,
saheart,SVM,Yeo-Johnson,6,0.0625,0.0,0.1461935043334961,0.02804088592529297,-0.9775208955924821,119,141,131,25,0.7210733251633986,0.33494437048176606,14,17,13,2,0.8104166666666667,0.4272249028425624,
saheart,SVM,Yeo-Johnson,7,0.078125,0.0,0.14633655548095703,0.028479576110839844,-0.9942747949675228,122,132,140,22,0.7168862336601307,0.3276179461647209,13,16,14,3,0.7604166666666667,0.33452515977294983,
saheart,SVM,Yeo-Johnson,8,0.078125,0.0,0.14628887176513672,0.028304100036621094,-0.9374555233256803,114,157,115,30,0.719796772875817,0.35277962193122486,12,15,15,4,0.7354166666666667,0.2418254167033372,
saheart,SVM,Yeo-Johnson,9,0.078125,0.015625,0.14628887176513672,0.02839183807373047,-0.4277423383410162,34,264,8,110,0.7206137663398692,0.3263956447545521,3,29,1,13,0.7833333333333333,0.2605892285412926,
saheart,SVM,Yeo-Johnson,10,0.0625,0.0,0.14633655548095703,0.028304100036621094,-0.9874559442544899,119,141,131,25,0.7202818627450981,0.33494437048176606,14,16,14,2,0.7520833333333333,0.3984925297873177,
saheart,SVM,Quantile Transform,1,0.015625,0.0,0.1744976043701172,0.055912017822265625,-0.38476005882832137,104,225,46,40,0.8359471094710946,0.5474119811457507,9,21,10,7,0.6391129032258065,0.23165960260062565,
saheart,SVM,Quantile Transform,2,0.03125,0.0,0.1745452880859375,0.05670166015625,-0.7386622840427921,121,189,82,23,0.8285157851578516,0.5120186022771638,12,14,17,4,0.6209677419354839,0.19652776276524092,
saheart,SVM,Quantile Transform,3,0.03125,0.0,0.1748504638671875,0.05677032470703125,-0.17894546406912182,95,238,34,49,0.8333333333333334,0.549994222780103,6,22,8,10,0.6520833333333333,0.11213565339313257,
saheart,SVM,Quantile Transform,4,0.03125,0.0,0.1748981475830078,0.05641937255859375,-0.2202235414766904,94,233,39,50,0.8265931372549019,0.5196389539168493,11,26,4,5,0.7645833333333334,0.5630338963675112,
saheart,SVM,Quantile Transform,5,0.03125,0.0,0.1748504638671875,0.05712127685546875,-0.11141205700130984,88,239,33,56,0.8274611928104576,0.5130619111260135,12,25,5,4,0.7791666666666667,0.5755909448274967,
saheart,SVM,Quantile Transform,6,0.015625,0.0,0.1748981475830078,0.05694580078125,-0.24841218533227977,96,235,37,48,0.8199550653594772,0.541307939966309,5,26,4,11,0.7270833333333333,0.21510758069224634,
saheart,SVM,Quantile Transform,7,0.03125,0.0,0.1748981475830078,0.0572967529296875,-0.7381845299944111,119,191,81,25,0.8271292892156863,0.5033228968700679,14,17,13,2,0.7958333333333333,0.4272249028425624,
saheart,SVM,Quantile Transform,8,0.03125,0.0,0.1748504638671875,0.05677032470703125,-0.35399874166462736,102,224,48,42,0.8341503267973855,0.5269614203082538,11,21,9,5,0.6937500000000001,0.3722979575968276,
saheart,SVM,Quantile Transform,9,0.03125,0.015625,0.1748504638671875,0.056156158447265625,-0.05432260494353066,85,249,23,59,0.8283037173202614,0.5487666285250234,7,21,9,9,0.7041666666666667,0.1375,
saheart,SVM,Quantile Transform,10,0.03125,0.015625,0.1748065948486328,0.057209014892578125,-0.22568560421477785,91,238,34,53,0.8228656045751632,0.5260470204608871,11,27,3,5,0.83125,0.6081202741704497,
saheart,SVM,Uniform Binning,1,0.015625,0.0,0.1272897720336914,0.027266502380371094,-0.19214960950734672,93,235,36,51,0.8223913489134892,0.5275925038555149,10,21,10,6,0.6028225806451613,0.2898368098501052,
saheart,SVM,Uniform Binning,2,0.015625,0.0,0.12801361083984375,0.027968406677246094,-0.25786608378817977,98,228,43,46,0.8149087740877409,0.5245114946831945,6,21,10,10,0.6814516129032258,0.05241935483870968,
saheart,SVM,Uniform Binning,3,0.015625,0.015625,0.1280689239501953,0.027617454528808594,-0.3352585332264393,100,226,46,44,0.8097554125816993,0.5236449784881483,8,24,6,8,0.7385416666666667,0.3105295017040594,
saheart,SVM,Uniform Binning,4,0.015625,0.0,0.12825870513916016,0.027968406677246094,-0.33031703849731303,94,229,43,50,0.8055427900326797,0.50076739308633,9,24,6,7,0.7604166666666666,0.36830036830055246,
saheart,SVM,Uniform Binning,5,0.015625,0.0,0.12868785858154297,0.02858257293701172,-0.2769611851704151,90,233,39,54,0.8061938316993464,0.4953729477904824,12,27,3,4,0.83125,0.6604006604009905,
saheart,SVM,Uniform Binning,6,0.015625,0.015625,0.12821483612060547,0.027968406677246094,-0.30673104847709387,96,235,37,48,0.806640625,0.541307939966309,6,24,6,10,0.8,0.18981415059132414,
saheart,SVM,Uniform Binning,7,0.015625,0.0,0.1283712387084961,0.028143882751464844,-0.4671123514635262,103,217,55,41,0.8069469975490197,0.5029276668801097,11,21,9,5,0.7854166666666667,0.3722979575968276,
saheart,SVM,Uniform Binning,8,0.015625,0.0,0.12829017639160156,0.02805614471435547,-0.23369110540104385,92,231,41,52,0.8151935253267975,0.4979699678673897,8,27,3,8,0.7000000000000001,0.44663242099126604,
saheart,SVM,Uniform Binning,9,0.015625,0.0,0.12767887115478516,0.027441978454589844,-0.2089804782400353,90,237,35,54,0.8052619485294118,0.5150258902981288,10,22,8,6,0.74375,0.349697526139891,
saheart,SVM,Uniform Binning,10,0.015625,0.015625,0.12889957427978516,0.028670310974121094,-0.28739536510758,94,224,48,50,0.8065385008169934,0.47789598451831083,11,27,3,5,0.8166666666666667,0.6081202741704497,
saheart,SVM,Quantile Binning,1,0.015625,0.0,0.12816429138183594,0.02788257598876953,-0.8589094177489283,130,181,90,14,0.8412515375153751,0.544284139931881,11,18,13,5,0.6370967741935484,0.2541799347390278,
saheart,SVM,Quantile Binning,2,0.015625,0.0,0.1290597915649414,0.02875995635986328,-0.8318694719035682,129,184,87,15,0.8357549200492004,0.5476830875197103,11,15,16,5,0.6391129032258064,0.1642408589150596,
saheart,SVM,Quantile Binning,3,0.015625,0.0,0.12834644317626953,0.028145790100097656,-0.7794290338689845,124,200,72,20,0.8312908496732025,0.5684179241933831,11,17,13,5,0.66875,0.24233840809992135,
saheart,SVM,Quantile Binning,4,0.015625,0.0,0.12897396087646484,0.02840900421142578,-0.8345793187878653,127,187,85,17,0.8342779820261439,0.5419185835740652,12,18,12,4,0.7229166666666667,0.3337119062359573,
saheart,SVM,Quantile Binning,5,0.015625,0.0,0.1296548843383789,0.029023170471191406,-0.9444467845239741,135,170,102,9,0.8417713439542484,0.5404898421802535,14,16,14,2,0.7854166666666668,0.3984925297873177,
saheart,SVM,Quantile Binning,6,0.015625,0.0,0.1291341781616211,0.02858448028564453,-0.40177156777483614,101,227,45,43,0.8242825776143791,0.5342318909614701,7,23,7,9,0.6958333333333333,0.211332577548596,
saheart,SVM,Quantile Binning,7,0.015625,0.0,0.12916088104248047,0.02875995635986328,-0.8311170702417655,128,184,88,16,0.8338822508169934,0.5383298989707682,14,17,13,2,0.7729166666666667,0.4272249028425624,
saheart,SVM,Quantile Binning,8,0.015625,0.0,0.12908458709716797,0.028145790100097656,-0.8546200156640112,124,192,80,20,0.8308951184640523,0.5395860789101883,12,18,12,4,0.74375,0.3337119062359573,
saheart,SVM,Quantile Binning,9,0.03125,0.0,0.1294088363647461,0.02893543243408203,-0.936375325847171,133,176,96,11,0.8417968749999999,0.5457731249589381,14,15,15,2,0.7395833333333334,0.3700227502462479,
saheart,SVM,Quantile Binning,10,0.015625,0.0,0.12963485717773438,0.028847694396972656,-0.6599187725020274,114,207,65,30,0.8327333537581698,0.5310695399200313,10,22,8,6,0.7375,0.349697526139891,
saheart,SVM,PCA,1,0.109375,0.0,0.12466812133789062,0.01981830596923828,-0.6897414452851942,111,199,72,33,0.7730114801148011,0.48430314924712836,6,18,13,10,0.5443548387096774,-0.04282782569087197,
saheart,SVM,PCA,2,0.09375,0.03125,0.12457275390625,0.020218849182128906,-0.7906161319390477,110,190,81,34,0.758430709307093,0.4440934034919414,9,20,11,7,0.6048387096774194,0.19902127609707224,
saheart,SVM,PCA,3,0.09375,0.03125,0.12472343444824219,0.02016162872314453,-0.6544532077107984,99,209,63,45,0.755795547385621,0.44477883565867804,10,21,9,6,0.6979166666666667,0.3143730417143384,
saheart,SVM,PCA,4,0.09375,0.0,0.12468338012695312,0.019761085510253906,-0.8845010021622722,111,183,89,33,0.7520169526143791,0.42241782534844957,13,14,16,3,0.7041666666666667,0.27546138073887344,
saheart,SVM,PCA,5,0.140625,0.09375,0.12481117248535156,0.02039051055908203,-0.7195917222886964,93,207,65,51,0.7581188725490196,0.3988184364749915,11,23,7,5,0.7583333333333333,0.4432212831307921,
saheart,SVM,PCA,6,0.09375,0.09375,0.12481498718261719,0.020104408264160156,-0.9749240299560755,123,158,114,21,0.7674377042483661,0.41802591279736384,13,17,13,3,0.7333333333333334,0.36429154990657325,
saheart,SVM,PCA,7,0.1875,0.0,0.1246795654296875,0.02039051055908203,-0.834133363126421,109,190,82,35,0.7440257352941178,0.4348317119063159,13,21,9,3,0.7458333333333333,0.48864957698836603,
saheart,SVM,PCA,8,0.09375,0.0,0.12481117248535156,0.019989967346191406,-0.6223240338173811,98,216,56,46,0.7626378676470588,0.4676806553358792,8,21,9,8,0.6395833333333334,0.1973454667979989,
saheart,SVM,PCA,9,0.09375,0.0,0.12471961975097656,0.01993274688720703,-0.5334902610400207,87,222,50,57,0.7651909722222222,0.4255075536629509,8,22,8,8,0.6625000000000001,0.23333333333333334,
saheart,SVM,PCA,10,0.09375,0.0,0.12481117248535156,0.020104408264160156,-0.7809805921339031,103,196,76,41,0.759267769607843,0.41881093798571567,10,20,10,6,0.7020833333333334,0.2802242691589025,
saheart,SVM,Select Percentile (Mutual Info),1,0.46875,0.0,0.30466175079345703,0.017508506774902344,-0.19106436057360995,75,221,50,69,0.7293076055760559,0.3489630267593458,5,22,9,11,0.6391129032258065,0.02297898592546735,
saheart,SVM,Select Percentile (Mutual Info),2,0.0625,0.0,0.30492210388183594,0.017310142517089844,-0.9908544933712022,129,135,136,15,0.7493465559655597,0.390373803808716,10,10,21,6,0.5362903225806452,-0.05241935483870968,
saheart,SVM,Select Percentile (Mutual Info),3,0.0625,0.0,0.30403614044189453,0.017508506774902344,-1.0240623664747286,133,114,158,11,0.7335963031045751,0.35564339255977784,12,12,18,4,0.7645833333333334,0.15,
saheart,SVM,Select Percentile (Mutual Info),4,0.0625,0.0,0.3033761978149414,0.01745891571044922,-0.9826515500138311,125,139,133,19,0.733034620098039,0.3715898685228836,13,12,18,3,0.6145833333333333,0.21590021590032385,
saheart,SVM,Select Percentile (Mutual Info),5,0.0625,0.0,0.3056497573852539,0.01775646209716797,-0.8179991144349886,91,192,80,53,0.7089205473856208,0.32664701720886863,12,20,10,4,0.7854166666666667,0.39727607885233013,
saheart,SVM,Select Percentile (Mutual Info),6,0.0625,0.0,0.30483341217041016,0.017310142517089844,-0.4646138919944943,74,225,47,70,0.7346813725490196,0.357303332602353,8,26,4,8,0.8270833333333334,0.397705839334203,
saheart,SVM,Select Percentile (Mutual Info),7,0.046875,0.0,0.3058958053588867,0.01765727996826172,-0.9808638336403048,119,141,131,25,0.7126225490196079,0.33494437048176606,13,18,12,3,0.7208333333333333,0.39442544108034994,
saheart,SVM,Select Percentile (Mutual Info),8,0.0625,0.015625,0.3063507080078125,0.017508506774902344,-0.8672670426784752,110,170,102,34,0.7220562704248366,0.3700907400018006,12,18,12,4,0.6333333333333333,0.3337119062359573,
saheart,SVM,Select Percentile (Mutual Info),9,0.046875,0.0,0.30541133880615234,0.017409324645996094,-1.0179828125220023,128,121,151,16,0.7307751225490196,0.3378422462027511,15,14,16,1,0.7250000000000001,0.4106337439672826,
saheart,SVM,Select Percentile (Mutual Info),10,0.0625,0.0,0.3058767318725586,0.01755809783935547,-1.0450596765676445,138,102,170,6,0.7376429738562092,0.3617072446497731,15,9,21,1,0.75625,0.27424137786507224,
saheart,SVM,Random Undersampling,1,0.03125,0.0,0.14586257934570312,0.02470874786376953,0.35889895852526726,100,197,74,44,0.7683733087330873,0.40649801686678205,5,19,12,11,0.6169354838709677,-0.07356577216103688,
saheart,SVM,Random Undersampling,2,0.015625,0.0,0.14595794677734375,0.02523517608642578,-0.2072050293489898,127,137,134,17,0.7599169741697418,0.38179831539030523,11,11,20,5,0.5866935483870968,0.04233870967741935,
saheart,SVM,Random Undersampling,3,0.015625,0.015625,0.14605331420898438,0.025322914123535156,0.06395460701750831,120,147,125,24,0.7523233251633987,0.36140510368333106,12,14,16,4,0.7354166666666667,0.21144501580551553,
saheart,SVM,Random Undersampling,4,0.03125,0.0,0.14600467681884766,0.025673866271972656,0.6510798020184575,79,222,50,65,0.7577869689542485,0.37520614281331705,7,22,8,9,0.68125,0.17356684023359367,
saheart,SVM,Random Undersampling,5,0.015625,0.0,0.14587020874023438,0.02628803253173828,0.10200796788450288,113,160,112,31,0.7422385620915033,0.35605502508562015,14,19,11,2,0.8625,0.48605963446265343,
saheart,SVM,Random Undersampling,6,0.015625,0.015625,0.145965576171875,0.02541065216064453,0.6985618470479311,75,222,50,69,0.7456852532679739,0.3497089378567541,7,25,5,9,0.7333333333333334,0.29375999496276356,
saheart,SVM,Random Undersampling,7,0.015625,0.0,0.14578628540039062,0.026200294494628906,0.13617095155382516,112,168,104,32,0.7476000816993464,0.3765197559275315,12,19,11,4,0.8270833333333334,0.36514837167011077,
saheart,SVM,Random Undersampling,8,0.015625,0.0,0.1459178924560547,0.02593708038330078,0.003541266336707798,112,168,104,32,0.7505616830065358,0.3765197559275315,12,18,12,4,0.7104166666666667,0.3337119062359573,
saheart,SVM,Random Undersampling,9,0.015625,0.0,0.14574623107910156,0.026375770568847656,0.8704444025894097,47,260,12,97,0.7486213235294117,0.3849215430406383,4,25,5,12,0.7083333333333334,0.10005003753127736,
saheart,SVM,Random Undersampling,10,0.015625,0.015625,0.14574623107910156,0.025673866271972656,0.5879987555536516,82,212,60,62,0.7407322303921567,0.3500198720228451,7,26,4,9,0.7729166666666667,0.33962673679544186,
saheart,SVM,SMOTE / SMOTENC,1,0.046875,0.0,0.5909900665283203,0.054062843322753906,0.11090400505342957,112,175,96,32,0.7717814678146782,0.403215828681966,9,18,13,7,0.6290322580645162,0.13593652563947833,
saheart,SVM,SMOTE / SMOTENC,2,0.046875,0.0,0.5910263061523438,0.05466938018798828,0.026510288807446977,118,157,114,26,0.7714483394833948,0.3823226098809827,10,15,16,6,0.6008064516129032,0.1037663642424823,
saheart,SVM,SMOTE / SMOTENC,3,0.046875,0.0,0.5914287567138672,0.05522632598876953,0.5849489182789477,90,212,60,54,0.7599571078431372,0.4006849509256307,8,24,6,8,0.7000000000000001,0.3105295017040594,
saheart,SVM,SMOTE / SMOTENC,4,0.046875,0.0,0.5913171768188477,0.054940223693847656,0.5072175294372262,86,208,64,58,0.7623825571895425,0.3585927944647564,9,20,10,7,0.6833333333333333,0.2216732986447258,
saheart,SVM,SMOTE / SMOTENC,5,0.046875,0.0,0.5913820266723633,0.05592823028564453,0.06447095088353474,115,162,110,29,0.7501531862745099,0.37633417218797743,14,16,14,2,0.8354166666666667,0.3984925297873177,
saheart,SVM,SMOTE / SMOTENC,6,0.046875,0.0,0.591334342956543,0.054940223693847656,0.9629721089566472,43,261,11,101,0.752170138888889,0.3654434630026501,1,30,0,15,0.7479166666666667,0.20412414523193148,
saheart,SVM,SMOTE / SMOTENC,7,0.0625,0.0,0.5915679931640625,0.055741310119628906,0.5071413243507946,91,205,67,53,0.748672385620915,0.3779965903939678,11,23,7,5,0.8270833333333334,0.4432212831307921,
saheart,SVM,SMOTE / SMOTENC,8,0.046875,0.0,0.5914783477783203,0.05598163604736328,0.6419314736055451,77,224,48,67,0.76046772875817,0.37175119818227076,7,22,8,9,0.7375,0.17356684023359367,
saheart,SVM,SMOTE / SMOTENC,9,0.046875,0.0,0.5912714004516602,0.05605792999267578,0.9646462332043177,45,263,9,99,0.7601358251633987,0.39551159603451375,5,26,4,11,0.7541666666666667,0.21510758069224634,
saheart,SVM,SMOTE / SMOTENC,10,0.046875,0.0,0.591435432434082,0.05602741241455078,0.6049389511941905,85,211,61,59,0.7505106209150326,0.364841291388321,8,26,4,8,0.78125,0.397705839334203,
saheart,RandomForest,Baseline,1,0.640625,0.015625,0.2721223831176758,1.0971403121948242,0.3230000000000007,144,270,1,0,1.0,0.9947054136305081,9,16,15,7,0.5897177419354839,0.07453396582572995,
saheart,RandomForest,Baseline,2,0.625,0.0,0.2682971954345703,1.1142301559448242,0.34600000000000136,144,270,1,0,1.0,0.9947054136305081,11,18,13,5,0.6844758064516129,0.2541799347390278,
saheart,RandomForest,Baseline,3,0.625,0.0,0.2660951614379883,1.1050748825073242,0.355,144,270,2,0,1.0,0.989469127314308,10,21,9,6,0.6416666666666667,0.3143730417143384,
saheart,RandomForest,Baseline,4,0.640625,0.0,0.2688417434692383,1.1046171188354492,0.3525,144,270,2,0,1.0,0.989469127314308,12,18,12,4,0.7354166666666666,0.3337119062359573,
saheart,RandomForest,Baseline,5,0.625,0.0,0.26835155487060547,1.1154508590698242,0.6160000000000013,142,272,0,2,1.0,0.9894004345001736,6,28,2,10,0.8187500000000001,0.3874398651698183,
saheart,RandomForest,Baseline,6,0.640625,0.0,0.26660633087158203,1.1146879196166992,0.62,143,272,0,1,1.0,0.9946949227868761,3,29,1,13,0.759375,0.2605892285412926,
saheart,RandomForest,Baseline,7,0.625,0.015625,0.2699117660522461,1.1145353317260742,0.3275,144,270,2,0,1.0,0.989469127314308,12,19,11,4,0.7885416666666666,0.36514837167011077,
saheart,RandomForest,Baseline,8,0.640625,0.015625,0.27018070220947266,1.1067533493041992,0.63,143,272,0,1,1.0,0.9946949227868761,4,27,3,12,0.7229166666666667,0.19889806323953876,
saheart,RandomForest,Baseline,9,0.640625,0.0,0.26418399810791016,1.1037015914916992,0.3275,144,270,2,0,1.0,0.989469127314308,14,17,13,2,0.7572916666666667,0.4272249028425624,
saheart,RandomForest,Baseline,10,0.625,0.0,0.2681465148925781,1.1110258102416992,0.325,144,270,2,0,1.0,0.989469127314308,11,18,12,5,0.7135416666666666,0.2738612787525831,
saheart,RandomForest,Standard Scaler,1,0.625,0.015625,0.2713794708251953,1.098231315612793,0.3230000000000007,144,270,1,0,1.0,0.9947054136305081,9,16,15,7,0.5897177419354839,0.07453396582572995,
saheart,RandomForest,Standard Scaler,2,0.640625,0.0,0.2702674865722656,1.115321159362793,0.34600000000000136,144,270,1,0,1.0,0.9947054136305081,11,18,13,5,0.6824596774193549,0.2541799347390278,
saheart,RandomForest,Standard Scaler,3,0.625,0.015625,0.27048778533935547,1.106165885925293,0.355,144,270,2,0,1.0,0.989469127314308,11,21,9,5,0.6520833333333333,0.3722979575968276,
saheart,RandomForest,Standard Scaler,4,0.640625,0.0,0.2694225311279297,1.105708122253418,0.3525,144,270,2,0,1.0,0.989469127314308,12,18,12,4,0.734375,0.3337119062359573,
saheart,RandomForest,Standard Scaler,5,0.640625,0.015625,0.2726554870605469,1.116541862487793,0.6160000000000013,142,272,0,2,1.0,0.9894004345001736,6,28,2,10,0.8197916666666667,0.3874398651698183,
saheart,RandomForest,Standard Scaler,6,0.625,0.0,0.270294189453125,1.115778923034668,0.62,143,272,0,1,1.0,0.9946949227868761,3,29,1,13,0.759375,0.2605892285412926,
saheart,RandomForest,Standard Scaler,7,0.640625,0.015625,0.2709064483642578,1.115626335144043,0.3275,144,270,2,0,1.0,0.989469127314308,12,19,11,4,0.7854166666666667,0.36514837167011077,
saheart,RandomForest,Standard Scaler,8,0.640625,0.015625,0.2682943344116211,1.107844352722168,0.2975,144,270,2,0,1.0,0.989469127314308,12,17,13,4,0.7229166666666667,0.3027912476980464,
saheart,RandomForest,Standard Scaler,9,0.671875,0.0,0.26961517333984375,1.104792594909668,0.5890000000000003,142,272,0,2,1.0,0.9894004345001736,7,24,6,9,0.759375,0.25122079554027393,
saheart,RandomForest,Standard Scaler,10,0.640625,0.0,0.2692747116088867,1.112116813659668,0.3275,144,270,2,0,1.0,0.989469127314308,11,17,13,5,0.7135416666666666,0.24233840809992135,
saheart,RandomForest,MinMax Scaler,1,0.640625,0.0,0.2721405029296875,1.0990009307861328,0.3230000000000007,144,270,1,0,1.0,0.9947054136305081,9,16,15,7,0.5856854838709677,0.07453396582572995,
saheart,RandomForest,MinMax Scaler,2,0.640625,0.015625,0.27295589447021484,1.1160907745361328,0.34600000000000136,144,270,1,0,1.0,0.9947054136305081,11,18,13,5,0.6844758064516129,0.2541799347390278,
saheart,RandomForest,MinMax Scaler,3,0.625,0.015625,0.27098560333251953,1.1069355010986328,0.355,144,270,2,0,1.0,0.989469127314308,10,21,9,6,0.640625,0.3143730417143384,
saheart,RandomForest,MinMax Scaler,4,0.640625,0.0,0.26514720916748047,1.1064777374267578,0.355,144,270,2,0,1.0,0.989469127314308,12,18,12,4,0.7343749999999999,0.3337119062359573,
saheart,RandomForest,MinMax Scaler,5,0.625,0.0,0.2706880569458008,1.1173114776611328,0.6160000000000013,142,272,0,2,1.0,0.9894004345001736,6,28,2,10,0.8208333333333334,0.3874398651698183,
saheart,RandomForest,MinMax Scaler,6,0.640625,0.015625,0.27111339569091797,1.1165485382080078,0.62,143,272,0,1,1.0,0.9946949227868761,3,29,1,13,0.7583333333333334,0.2605892285412926,
saheart,RandomForest,MinMax Scaler,7,0.640625,0.0,0.2718057632446289,1.1163959503173828,0.3275,144,270,2,0,1.0,0.989469127314308,12,19,11,4,0.7875,0.36514837167011077,
saheart,RandomForest,MinMax Scaler,8,0.625,0.015625,0.2686347961425781,1.1086139678955078,0.6290000000000003,142,272,0,2,1.0,0.9894004345001736,4,27,3,12,0.7239583333333333,0.19889806323953876,
saheart,RandomForest,MinMax Scaler,9,0.640625,0.0,0.26601314544677734,1.1055622100830078,0.3275,144,270,2,0,1.0,0.989469127314308,14,17,13,2,0.759375,0.4272249028425624,
saheart,RandomForest,MinMax Scaler,10,0.640625,0.015625,0.26957225799560547,1.1128864288330078,0.64,143,272,0,1,1.0,0.9946949227868761,2,29,1,14,0.7114583333333333,0.17682236812915111,
saheart,RandomForest,IQR Capping,1,0.65625,0.015625,0.2807035446166992,1.101485252380371,0.33200000000000046,144,270,1,0,1.0,0.9947054136305081,12,16,15,4,0.6098790322580645,0.2550563926680926,
saheart,RandomForest,IQR Capping,2,0.65625,0.015625,0.27838134765625,1.120863914489746,0.33800000000000185,144,270,1,0,1.0,0.9947054136305081,11,19,12,5,0.689516129032258,0.28475797200086567,
saheart,RandomForest,IQR Capping,3,0.671875,0.015625,0.2805490493774414,1.110640525817871,0.34249999999999997,144,270,2,0,1.0,0.989469127314308,11,21,9,5,0.6333333333333333,0.3722979575968276,
saheart,RandomForest,IQR Capping,4,0.65625,0.015625,0.2761697769165039,1.109114646911621,0.3475,144,270,2,0,1.0,0.989469127314308,12,18,12,4,0.7416666666666667,0.3337119062359573,
saheart,RandomForest,IQR Capping,5,0.65625,0.0,0.2771787643432617,1.118269920349121,0.61,143,272,0,1,1.0,0.9946949227868761,6,29,1,10,0.825,0.45304558849006055,
saheart,RandomForest,IQR Capping,6,0.640625,0.0,0.27910709381103516,1.122847557067871,0.6180000000000007,142,272,0,2,1.0,0.9894004345001736,2,29,1,14,0.7375,0.17682236812915111,
saheart,RandomForest,IQR Capping,7,0.65625,0.015625,0.27535152435302734,1.116286277770996,0.62,143,272,0,1,0.9999999999999999,0.9946949227868761,5,27,3,11,0.7875,0.26701936653595587,
saheart,RandomForest,IQR Capping,8,0.65625,0.015625,0.2769460678100586,1.114607810974121,0.6280000000000007,142,272,0,2,1.0,0.9894004345001736,4,26,4,12,0.715625,0.14659886790209342,
saheart,RandomForest,IQR Capping,9,0.671875,0.015625,0.2785806655883789,1.103926658630371,0.6,143,272,0,1,1.0,0.9946949227868761,7,25,5,9,0.7520833333333334,0.29375999496276356,
saheart,RandomForest,IQR Capping,10,0.671875,0.015625,0.2801952362060547,1.114760398864746,0.6380000000000007,142,272,0,2,1.0,0.9894004345001736,3,28,2,13,0.7229166666666668,0.1848972467883681,
saheart,RandomForest,IQR Removal,1,0.65625,0.015625,0.29164791107177734,0.8962678909301758,0.48200000000000043,133,259,12,11,0.9904033415334152,0.8779145130846422,6,23,8,10,0.5927419354838709,0.12116192578882784,
saheart,RandomForest,IQR Removal,2,0.65625,0.015625,0.29155921936035156,0.8904695510864258,0.34539999999999993,140,249,22,4,0.9873283107831079,0.8694528023681201,13,20,11,3,0.7439516129032259,0.4338259036523256,
saheart,RandomForest,IQR Removal,3,0.640625,0.0,0.29264068603515625,0.8643770217895508,0.40349999999999964,137,255,17,7,0.9872983047385622,0.875794411369082,7,20,10,9,0.6375000000000001,0.10278409729062442,
saheart,RandomForest,IQR Removal,4,0.65625,0.0,0.2929496765136719,0.8906221389770508,0.35150000000000003,139,249,23,5,0.9838516135620915,0.8592680731900626,9,21,9,7,0.7083333333333334,0.25617376914899,
saheart,RandomForest,IQR Removal,5,0.65625,0.0,0.2922096252441406,0.9155025482177734,0.42200000000000043,136,258,14,8,0.9873493668300654,0.8847447502256856,12,27,3,4,0.8479166666666665,0.6604006604009905,
saheart,RandomForest,IQR Removal,6,0.640625,0.015625,0.28482532501220703,0.8861970901489258,0.35,140,249,23,4,0.9860217524509804,0.8650873234269171,8,21,9,8,0.7166666666666668,0.1973454667979989,
saheart,RandomForest,IQR Removal,7,0.65625,0.015625,0.2884197235107422,0.9051265716552734,0.48,132,261,11,12,0.9888301674836601,0.8776719906943024,8,27,3,8,0.7666666666666667,0.44663242099126604,
saheart,RandomForest,IQR Removal,8,0.65625,0.0,0.2893028259277344,0.9008455276489258,0.42,133,254,18,11,0.9855111315359478,0.8483114181034727,9,22,8,7,0.7406250000000001,0.29190683630537334,
saheart,RandomForest,IQR Removal,9,0.65625,0.015625,0.2856016159057617,0.8858919143676758,0.40600000000000025,134,256,16,10,0.9873110702614378,0.8636986719952484,13,19,11,3,0.7322916666666668,0.4250854043719932,
saheart,RandomForest,IQR Removal,10,0.640625,0.0,0.2902412414550781,0.8860445022583008,0.43,132,257,15,12,0.9821155024509803,0.8574248318729693,10,22,8,6,0.73125,0.349697526139891,
saheart,RandomForest,Yeo-Johnson,1,0.6875,0.0,0.26660633087158203,1.0971698760986328,0.33200000000000046,144,270,1,0,1.0,0.9947054136305081,9,16,15,7,0.5846774193548387,0.07453396582572995,
saheart,RandomForest,Yeo-Johnson,2,0.671875,0.015625,0.2715301513671875,1.1142597198486328,0.33700000000000163,144,270,1,0,1.0,0.9947054136305081,11,16,15,5,0.6854838709677419,0.19408153312019838,
saheart,RandomForest,Yeo-Johnson,3,0.6875,0.0,0.27094268798828125,1.1051044464111328,0.3575,144,270,2,0,1.0,0.989469127314308,10,20,10,6,0.6510416666666666,0.2802242691589025,
saheart,RandomForest,Yeo-Johnson,4,0.703125,0.0,0.27353763580322266,1.1046466827392578,0.3575,144,270,2,0,1.0,0.989469127314308,12,18,12,4,0.7406250000000001,0.3337119062359573,
saheart,RandomForest,Yeo-Johnson,5,0.6875,0.0,0.271942138671875,1.1154804229736328,0.6160000000000013,142,272,0,2,1.0,0.9894004345001736,5,29,1,11,0.8218749999999999,0.394801286162489,
saheart,RandomForest,Yeo-Johnson,6,0.671875,0.015625,0.27271270751953125,1.1147174835205078,0.62,143,272,0,1,1.0,0.9946949227868761,3,29,1,13,0.7572916666666666,0.2605892285412926,
saheart,RandomForest,Yeo-Johnson,7,0.671875,0.0,0.2722740173339844,1.1145648956298828,0.3275,144,270,2,0,1.0,0.989469127314308,12,19,11,4,0.7875,0.36514837167011077,
saheart,RandomForest,Yeo-Johnson,8,0.6875,0.0,0.26901912689208984,1.1067829132080078,0.62,143,272,0,1,1.0,0.9946949227868761,4,27,3,12,0.7260416666666667,0.19889806323953876,
saheart,RandomForest,Yeo-Johnson,9,0.6875,0.0,0.2691202163696289,1.1037311553955078,0.3275,144,270,2,0,1.0,0.989469127314308,15,17,13,1,0.7541666666666665,0.4920162867782188,
saheart,RandomForest,Yeo-Johnson,10,0.6875,0.0,0.27065563201904297,1.1110553741455078,0.325,144,270,2,0,1.0,0.989469127314308,11,18,12,5,0.7125,0.2738612787525831,
saheart,RandomForest,Quantile Transform,1,0.65625,0.0,0.3009481430053711,1.1268844604492188,0.3240000000000009,144,270,1,0,1.0,0.9947054136305081,9,16,15,7,0.6098790322580645,0.07453396582572995,
saheart,RandomForest,Quantile Transform,2,0.65625,0.015625,0.3027305603027344,1.1439743041992188,0.33700000000000163,144,270,1,0,1.0,0.9947054136305081,11,16,15,5,0.6844758064516129,0.19408153312019838,
saheart,RandomForest,Quantile Transform,3,0.65625,0.0,0.29854393005371094,1.1348876953125,0.3575,144,270,2,0,1.0,0.989469127314308,10,20,10,6,0.6666666666666666,0.2802242691589025,
saheart,RandomForest,Quantile Transform,4,0.640625,0.0,0.3024015426635742,1.134429931640625,0.355,144,270,2,0,1.0,0.989469127314308,12,18,12,4,0.7385416666666667,0.3337119062359573,
saheart,RandomForest,Quantile Transform,5,0.640625,0.015625,0.29775142669677734,1.145263671875,0.607000000000001,142,272,0,2,1.0,0.9894004345001736,6,28,2,10,0.8229166666666666,0.3874398651698183,
saheart,RandomForest,Quantile Transform,6,0.65625,0.015625,0.30150508880615234,1.144500732421875,0.62,143,272,0,1,1.0,0.9946949227868761,3,29,1,13,0.759375,0.2605892285412926,
saheart,RandomForest,Quantile Transform,7,0.65625,0.015625,0.3038959503173828,1.14434814453125,0.3275,144,270,2,0,1.0,0.989469127314308,12,20,10,4,0.7854166666666667,0.39727607885233013,
saheart,RandomForest,Quantile Transform,8,0.65625,0.0,0.30475711822509766,1.136566162109375,0.62,143,272,0,1,1.0,0.9946949227868761,4,27,3,12,0.7291666666666666,0.19889806323953876,
saheart,RandomForest,Quantile Transform,9,0.65625,0.015625,0.30228233337402344,1.133514404296875,0.335,144,270,2,0,1.0,0.989469127314308,14,17,13,2,0.7552083333333333,0.4272249028425624,
saheart,RandomForest,Quantile Transform,10,0.640625,0.015625,0.3001737594604492,1.140838623046875,0.64,143,272,0,1,1.0,0.9946949227868761,3,29,1,13,0.7093750000000001,0.2605892285412926,
saheart,RandomForest,Uniform Binning,1,0.609375,0.0,0.27321815490722656,1.9401073455810547,0.576528571428574,133,271,0,11,0.9974630996309963,0.9421166208831928,7,24,7,9,0.658266129032258,0.21934486565218833,
saheart,RandomForest,Uniform Binning,2,0.625,0.0,0.2725362777709961,1.9585790634155273,0.4177857142857143,141,266,5,3,0.9983856088560886,0.9576538636509534,8,18,13,8,0.5826612903225807,0.07686397351294985,
saheart,RandomForest,Uniform Binning,3,0.609375,0.015625,0.27447986602783203,1.9659175872802734,0.5443333333333334,136,270,2,8,0.997766033496732,0.9468599711806293,5,26,4,11,0.5979166666666668,0.21510758069224634,
saheart,RandomForest,Uniform Binning,4,0.609375,0.0,0.2720804214477539,1.961501121520996,0.5480000000000012,133,272,0,11,0.9978170955882353,0.9421841818813121,5,28,2,11,0.7447916666666666,0.32597182586479967,
saheart,RandomForest,Uniform Binning,5,0.625,0.015625,0.2717552185058594,1.9937286376953125,0.529,133,271,1,11,0.9973447712418301,0.9365818070509548,7,25,5,9,0.7302083333333333,0.29375999496276356,
saheart,RandomForest,Uniform Binning,6,0.609375,0.015625,0.27304649353027344,1.966536521911621,0.43383333333333335,142,263,9,2,0.9980979370915033,0.9428825814365897,7,23,7,9,0.6833333333333333,0.211332577548596,
saheart,RandomForest,Uniform Binning,7,0.609375,0.0,0.27127647399902344,2.0204458236694336,0.39470714285714287,142,260,12,2,0.9955958946078433,0.9281166877835951,10,23,7,6,0.7604166666666667,0.3864682058127478,
saheart,RandomForest,Uniform Binning,8,0.625,0.0,0.27394676208496094,1.9813518524169922,0.5290666666666671,132,271,1,12,0.997485191993464,0.9313496888565824,5,27,3,11,0.7104166666666667,0.26701936653595587,
saheart,RandomForest,Uniform Binning,9,0.59375,0.015625,0.27219200134277344,2.0114402770996094,0.405,140,257,15,4,0.9940129697712419,0.9023697480862841,13,19,11,3,0.7375,0.4250854043719932,
saheart,RandomForest,Uniform Binning,10,0.59375,0.0,0.2706279754638672,2.008538246154785,0.40950847763347764,140,266,6,4,0.9984298406862745,0.9471214774210208,11,21,9,5,0.678125,0.3722979575968276,
saheart,RandomForest,Quantile Binning,1,0.609375,0.015625,0.26744651794433594,1.679530143737793,0.6124,141,271,0,3,0.9997437474374744,0.9840964707522117,2,27,4,14,0.6280241935483871,-0.005725607905748963,
saheart,RandomForest,Quantile Binning,2,0.625,0.015625,0.27240657806396484,1.7164592742919922,0.6054400000000001,141,271,0,3,0.99944905699057,0.9840964707522117,6,26,5,10,0.6068548387096775,0.23917590947429804,
saheart,RandomForest,Quantile Binning,3,0.625,0.0,0.27021312713623047,1.6986064910888672,0.597000000000001,142,272,0,2,0.9985447303921569,0.9894004345001736,4,27,3,12,0.64375,0.19889806323953876,
saheart,RandomForest,Quantile Binning,4,0.609375,0.0,0.2729835510253906,1.665186882019043,0.35,144,270,2,0,1.0,0.989469127314308,14,20,10,2,0.7489583333333334,0.5164589025080292,
saheart,RandomForest,Quantile Binning,5,0.625,0.0,0.27230358123779297,1.7381267547607422,0.5768785714285759,142,272,0,2,0.999859579248366,0.9894004345001736,10,29,1,6,0.8583333333333334,0.6606437893829143,
saheart,RandomForest,Quantile Binning,6,0.609375,0.0,0.2714700698852539,1.7030344009399414,0.59,143,272,0,1,0.9978936887254902,0.9946949227868761,4,28,2,12,0.7197916666666667,0.2592724864350674,
saheart,RandomForest,Quantile Binning,7,0.625,0.015625,0.27256011962890625,1.7031841278076172,0.6160000000000013,142,272,0,2,0.9993234272875817,0.9894004345001736,6,28,2,10,0.7552083333333333,0.3874398651698183,
saheart,RandomForest,Quantile Binning,8,0.609375,0.015625,0.26825523376464844,1.694025993347168,0.6250000000000017,142,272,0,2,0.9992723651960784,0.9894004345001736,3,26,4,13,0.7114583333333333,0.07182430061427789,
saheart,RandomForest,Quantile Binning,9,0.625,0.015625,0.26771068572998047,1.709284782409668,0.5890000000000003,142,272,0,2,0.9987362132352942,0.9894004345001736,6,25,5,10,0.7510416666666667,0.2326210525996177,
saheart,RandomForest,Quantile Binning,10,0.625,0.0,0.27393627166748047,1.6998271942138672,0.617000000000001,142,272,0,2,0.999655330882353,0.9894004345001736,3,28,2,13,0.6333333333333333,0.1848972467883681,
saheart,RandomForest,PCA,1,1.6875,0.0,0.25131797790527344,1.2143316268920898,0.33100000000000024,144,270,1,0,1.0,0.9947054136305081,9,19,12,7,0.6280241935483871,0.16717914239066592,
saheart,RandomForest,PCA,2,1.6875,0.09375,0.2501096725463867,1.2512664794921875,0.3550000000000011,144,270,1,0,1.0,0.9947054136305081,12,19,12,4,0.7741935483870968,0.34400291919567666,
saheart,RandomForest,PCA,3,1.71875,0.03125,0.2551107406616211,1.2211980819702148,0.61,143,272,0,1,1.0,0.9946949227868761,4,24,6,12,0.628125,0.057735026918962574,
saheart,RandomForest,PCA,4,1.6875,0.0,0.25359630584716797,1.2376775741577148,0.64,143,272,0,1,1.0,0.9946949227868761,5,27,3,11,0.6572916666666666,0.26701936653595587,
saheart,RandomForest,PCA,5,1.796875,0.0,0.25329017639160156,1.2712554931640625,0.3375,144,270,2,0,1.0,0.989469127314308,14,22,8,2,0.8489583333333334,0.580023075124402,
saheart,RandomForest,PCA,6,1.78125,0.09375,0.24869441986083984,1.2393560409545898,0.3275,144,270,2,0,1.0,0.989469127314308,12,22,8,4,0.7604166666666666,0.4643716460347527,
saheart,RandomForest,PCA,7,1.6875,0.09375,0.25249195098876953,1.2495880126953125,0.3175,144,270,2,0,0.9999999999999999,0.989469127314308,13,16,14,3,0.7739583333333333,0.33452515977294983,
saheart,RandomForest,PCA,8,1.703125,0.0,0.24916744232177734,1.2437896728515625,0.3375,144,270,2,0,1.0,0.989469127314308,9,20,10,7,0.671875,0.2216732986447258,
saheart,RandomForest,PCA,9,1.796875,0.09375,0.2557382583618164,1.2364568710327148,0.3175,144,270,2,0,1.0,0.989469127314308,14,15,15,2,0.6895833333333333,0.3700227502462479,
saheart,RandomForest,PCA,10,1.6875,0.0,0.25273799896240234,1.2547760009765625,0.62,143,272,0,1,0.9999999999999999,0.9946949227868761,3,28,2,13,0.7760416666666666,0.1848972467883681,
saheart,RandomForest,Select Percentile (Mutual Info),1,1.46875,0.0,0.3867778778076172,1.4424314498901367,0.3794166666666667,144,268,3,0,0.9999359368593685,0.984249788752906,9,20,11,7,0.6582661290322581,0.19902127609707224,
saheart,RandomForest,Select Percentile (Mutual Info),2,0.65625,0.0,0.3851499557495117,1.4477720260620117,0.40427142857142956,144,270,1,0,0.9999871873718738,0.9947054136305081,7,21,10,9,0.6209677419354839,0.113331054410246,
saheart,RandomForest,Select Percentile (Mutual Info),3,0.640625,0.0,0.3859977722167969,1.4024534225463867,0.4175,144,270,2,0,0.9999872344771241,0.989469127314308,4,20,10,12,0.5697916666666667,-0.08625819491779428,
saheart,RandomForest,Select Percentile (Mutual Info),4,0.65625,0.015625,0.38668251037597656,1.3350095748901367,0.42400000000000004,144,270,2,0,0.9999617034313726,0.989469127314308,10,18,12,6,0.690625,0.21452908258025827,
saheart,RandomForest,Select Percentile (Mutual Info),5,0.640625,0.0,0.3839540481567383,1.4439659118652344,0.57,143,272,0,1,0.9995659722222222,0.9946949227868761,9,24,6,7,0.73125,0.36830036830055246,
saheart,RandomForest,Select Percentile (Mutual Info),6,0.65625,0.015625,0.3859548568725586,1.501194953918457,0.3375,144,270,2,0,1.0,0.989469127314308,11,26,4,5,0.8645833333333334,0.5630338963675112,
saheart,RandomForest,Select Percentile (Mutual Info),7,0.65625,0.0,0.38734912872314453,1.4125242233276367,0.5890000000000003,142,272,0,2,0.9996170343137256,0.9894004345001736,5,24,6,11,0.6229166666666667,0.12561536840379356,
saheart,RandomForest,Select Percentile (Mutual Info),8,0.65625,0.0,0.3896455764770508,1.4413633346557617,0.5445555555555557,142,271,1,2,0.9996808619281046,0.9840564744148239,7,24,6,9,0.73125,0.25122079554027393,
saheart,RandomForest,Select Percentile (Mutual Info),9,0.640625,0.0,0.38471508026123047,1.4492979049682617,0.355,144,270,2,0,1.0,0.989469127314308,13,18,12,3,0.8010416666666667,0.39442544108034994,
saheart,RandomForest,Select Percentile (Mutual Info),10,0.65625,0.0,0.38695621490478516,1.286478042602539,0.3575,144,270,2,0,1.0,0.989469127314308,11,18,12,5,0.6177083333333333,0.2738612787525831,
saheart,RandomForest,Random Undersampling,1,0.65625,0.0,0.2619590759277344,0.7985935211181641,0.6754,143,252,19,1,0.981690754407544,0.9005832734065506,5,22,9,11,0.5715725806451613,0.02297898592546735,
saheart,RandomForest,Random Undersampling,2,0.640625,0.015625,0.2626819610595703,0.8196506500244141,0.67,141,249,22,3,0.9790513530135302,0.8752685315005215,4,25,6,12,0.6834677419354839,0.06536064526481745,
saheart,RandomForest,Random Undersampling,3,0.640625,0.0,0.25885677337646484,0.8481845855712891,0.72,135,263,9,9,0.9903875612745098,0.9044117647058824,5,27,3,11,0.6666666666666666,0.26701936653595587,
saheart,RandomForest,Random Undersampling,4,0.625,0.0,0.2557706832885742,0.8066806793212891,0.69,138,250,22,6,0.9704350490196079,0.8580420812729957,5,28,2,11,0.7541666666666667,0.32597182586479967,
saheart,RandomForest,Random Undersampling,5,0.625,0.015625,0.2584543228149414,0.8533725738525391,0.7360000000000002,136,258,14,8,0.9860855800653595,0.8847447502256856,7,29,1,9,0.84375,0.5078603638036807,
saheart,RandomForest,Random Undersampling,6,0.625,0.015625,0.2600259780883789,0.8344516754150391,0.74,137,258,14,7,0.9840047998366013,0.8903430462515247,2,29,1,14,0.7708333333333334,0.17682236812915111,
saheart,RandomForest,Random Undersampling,7,0.640625,0.0,0.2605094909667969,0.8391819000244141,0.67,143,251,21,1,0.9804559844771241,0.891595152150826,8,25,5,8,0.7875,0.3525905902319634,
saheart,RandomForest,Random Undersampling,8,0.625,0.0,0.2625303268432617,0.8491086959838867,0.7,136,257,15,8,0.9850515727124183,0.8798351392145117,7,25,5,9,0.7364583333333333,0.29375999496276356,
saheart,RandomForest,Random Undersampling,9,0.625,0.015625,0.26364994049072266,0.8526096343994141,0.6215,143,253,19,1,0.9872727736928105,0.9007169969432011,8,23,7,8,0.6875,0.2709336042670731,
saheart,RandomForest,Random Undersampling,10,0.609375,0.015625,0.25871849060058594,0.8393344879150391,0.6715000000000001,142,252,20,2,0.9873110702614379,0.8903547660049165,7,26,4,9,0.7072916666666667,0.33962673679544186,
saheart,RandomForest,SMOTE / SMOTENC,1,0.6875,0.0,0.5872135162353516,1.3483829498291016,0.3740000000000009,144,270,1,0,1.0,0.9947054136305081,10,14,17,6,0.5272177419354839,0.07342532516202666,
saheart,RandomForest,SMOTE / SMOTENC,2,0.671875,0.015625,0.5875577926635742,1.3718090057373047,0.4250000000000011,144,270,1,0,1.0,0.9947054136305081,11,17,14,5,0.6693548387096775,0.22400807746223897,
saheart,RandomForest,SMOTE / SMOTENC,3,0.6875,0.0,0.5877475738525391,1.3548145294189453,0.3525,144,270,2,0,1.0,0.989469127314308,12,17,13,4,0.6614583333333333,0.3027912476980464,
saheart,RandomForest,SMOTE / SMOTENC,4,0.6875,0.0,0.5876350402832031,1.3557071685791016,0.3775,144,270,2,0,1.0,0.989469127314308,12,18,12,4,0.73125,0.3337119062359573,
saheart,RandomForest,SMOTE / SMOTENC,5,0.6875,0.015625,0.5874824523925781,1.3831958770751953,0.385,144,270,2,0,1.0,0.989469127314308,13,17,13,3,0.784375,0.36429154990657325,
saheart,RandomForest,SMOTE / SMOTENC,6,0.6875,0.0,0.587742805480957,1.3692874908447266,0.6280000000000007,142,272,0,2,1.0,0.9894004345001736,4,28,2,12,0.7541666666666667,0.2592724864350674,
saheart,RandomForest,SMOTE / SMOTENC,7,0.6875,0.015625,0.5876178741455078,1.3694515228271484,0.65,143,272,0,1,1.0,0.9946949227868761,4,27,3,12,0.7552083333333334,0.19889806323953876,
saheart,RandomForest,SMOTE / SMOTENC,8,0.703125,0.0,0.5874729156494141,1.3810253143310547,0.68,143,272,0,1,1.0,0.9946949227868761,4,27,3,12,0.7395833333333334,0.19889806323953876,
saheart,RandomForest,SMOTE / SMOTENC,9,0.703125,0.0,0.5874366760253906,1.3689594268798828,0.657000000000001,142,272,0,2,1.0,0.9894004345001736,6,27,3,10,0.76875,0.33016512385321534,
saheart,RandomForest,SMOTE / SMOTENC,10,0.6875,0.0,0.5876216888427734,1.3825969696044922,0.6780000000000007,142,272,0,2,0.9999999999999999,0.9894004345001736,5,27,3,11,0.6979166666666667,0.26701936653595587,
saheart,MLP,Baseline,1,1.390625,0.0,0.6086587905883789,0.04462909698486328,0.10809532059865534,97,198,73,47,0.780109676096761,0.3912874993972105,11,20,11,5,0.7338709677419356,0.31590882719033697,
saheart,MLP,Baseline,2,1.5,0.0,0.6115922927856445,0.04458141326904297,0.8262840580866446,72,247,24,72,0.8080155801558015,0.464451649855006,4,28,3,12,0.594758064516129,0.20393592560201862,
saheart,MLP,Baseline,3,1.59375,0.0,0.6135988235473633,0.04481983184814453,0.38018633014521386,100,210,62,44,0.8131127450980391,0.4551410665969627,6,22,8,10,0.6333333333333333,0.11213565339313257,
saheart,MLP,Baseline,4,1.21875,0.0,0.6097278594970703,0.04422283172607422,0.1570660197466609,123,150,122,21,0.7719056372549019,0.39221340760387735,13,16,14,3,0.7458333333333332,0.33452515977294983,
saheart,MLP,Baseline,5,1.6875,0.09375,0.6144924163818359,0.044940948486328125,0.3183365125468311,127,154,118,17,0.7969515931372549,0.4332911461646057,14,16,14,2,0.8,0.3984925297873177,
saheart,MLP,Baseline,6,1.40625,0.0,0.6109476089477539,0.04441642761230469,0.1879943089426942,124,159,113,20,0.7766288807189543,0.428231240245938,12,20,10,4,0.7979166666666667,0.39727607885233013,
saheart,MLP,Baseline,7,1.96875,0.0,0.6182823181152344,0.04548931121826172,0.282235798031486,79,234,38,65,0.7951644199346406,0.43267304201845963,10,24,6,6,0.7770833333333333,0.425,
saheart,MLP,Baseline,8,0.9375,0.0,0.6076536178588867,0.043914794921875,0.2546026655276706,123,154,118,21,0.7675653594771242,0.40508122413286957,13,19,11,3,0.6916666666666667,0.4250854043719932,
saheart,MLP,Baseline,9,1.5,0.0,0.6119146347045898,0.044533729553222656,0.27781740727751153,131,149,123,13,0.8071640114379085,0.4463730250337988,13,15,15,3,0.6604166666666667,0.3049687727964166,
saheart,MLP,Baseline,10,2.234375,0.0,0.6214809417724609,0.04591655731201172,0.2161413774923097,126,161,111,18,0.8036662581699346,0.4486418951430863,12,18,12,4,0.7645833333333334,0.3337119062359573,
saheart,MLP,Standard Scaler,1,2.8125,0.09375,0.6300516128540039,0.046034812927246094,0.4786729189323274,102,232,39,42,0.8652880278802787,0.5672635854803124,8,22,9,8,0.655241935483871,0.20677946769588745,
saheart,MLP,Standard Scaler,2,2.921875,0.0,0.6300687789916992,0.046034812927246094,0.6120666916363754,78,257,14,66,0.8549354243542434,0.561529074147609,5,28,3,11,0.7036290322580645,0.2719979572552594,
saheart,MLP,Standard Scaler,3,2.90625,0.0,0.6300544738769531,0.04603290557861328,0.36667462546483887,115,216,56,29,0.8579452614379085,0.5731134485732386,8,20,10,8,0.6958333333333333,0.16265001215808886,
saheart,MLP,Standard Scaler,4,2.609375,0.03125,0.6298341751098633,0.04603290557861328,0.43981918928324715,108,226,46,36,0.8583792892156863,0.5723252081649056,11,23,7,5,0.7416666666666667,0.4432212831307921,
saheart,MLP,Standard Scaler,5,3.09375,0.0,0.6297473907470703,0.04603290557861328,0.4269858706774361,105,223,49,39,0.8531964869281046,0.5409318423161976,12,25,5,4,0.8125000000000001,0.5755909448274967,
saheart,MLP,Standard Scaler,6,2.625,0.0,0.6300621032714844,0.04603290557861328,0.4132477597470068,110,228,44,34,0.8610600490196079,0.5932541187307109,7,24,6,9,0.7520833333333333,0.25122079554027393,
saheart,MLP,Standard Scaler,7,2.8125,0.0,0.629857063293457,0.04603290557861328,0.44030544563425394,106,224,48,38,0.8484477124183007,0.5513962975991002,11,22,8,5,0.8541666666666667,0.407072784783951,
saheart,MLP,Standard Scaler,8,3.09375,0.0,0.6298341751098633,0.04603290557861328,0.4399966415358889,103,229,43,41,0.8562091503267973,0.5554057159081137,8,26,4,8,0.7958333333333334,0.397705839334203,
saheart,MLP,Standard Scaler,9,3.0,0.0,0.6298789978027344,0.04603290557861328,0.48051138478782907,99,238,34,45,0.8544985702614379,0.5738114190404984,11,22,8,5,0.7770833333333333,0.407072784783951,
saheart,MLP,Standard Scaler,10,2.90625,0.09375,0.6302814483642578,0.04603290557861328,0.49967174398812225,93,240,32,51,0.856796364379085,0.5480892807864037,8,27,3,8,0.7999999999999999,0.44663242099126604,
saheart,MLP,MinMax Scaler,1,3.0,0.0,0.6308450698852539,0.046813011169433594,0.4609005558191394,96,209,62,48,0.7979192291922919,0.429269703789362,10,21,10,6,0.7580645161290324,0.2898368098501052,
saheart,MLP,MinMax Scaler,2,2.71875,0.0,0.6308259963989258,0.046813011169433594,0.633555775951108,58,258,13,86,0.7972273472734727,0.44848718711481783,4,28,3,12,0.657258064516129,0.20393592560201862,
saheart,MLP,MinMax Scaler,3,2.78125,0.0,0.630859375,0.04681110382080078,0.384248699878814,97,219,53,47,0.7979728349673202,0.4743462247321608,6,21,9,10,0.6520833333333333,0.07620007620011429,
saheart,MLP,MinMax Scaler,4,2.90625,0.0,0.6303768157958984,0.04681110382080078,0.4412062858388351,88,223,49,56,0.7953941993464052,0.4362589592948622,10,26,4,6,0.7312500000000001,0.5089233500149862,
saheart,MLP,MinMax Scaler,5,2.875,0.0,0.630157470703125,0.04681110382080078,0.2555096975384383,124,155,117,20,0.786764705882353,0.4153165125949246,14,18,12,2,0.8624999999999999,0.4563652383444983,
saheart,MLP,MinMax Scaler,6,2.90625,0.0,0.6304645538330078,0.04681110382080078,0.5059026606585268,69,245,27,75,0.7920751633986928,0.4289697101834837,6,28,2,10,0.8083333333333333,0.3874398651698183,
saheart,MLP,MinMax Scaler,7,2.703125,0.0,0.6306877136230469,0.04681110382080078,0.5458404436193225,69,245,27,75,0.7899050245098038,0.4289697101834837,7,25,5,9,0.7791666666666667,0.29375999496276356,
saheart,MLP,MinMax Scaler,8,2.78125,0.0,0.6307668685913086,0.04681110382080078,0.4556824043885899,88,223,49,56,0.7912071078431373,0.4362589592948622,7,24,6,9,0.7854166666666667,0.25122079554027393,
saheart,MLP,MinMax Scaler,9,2.90625,0.0,0.6308155059814453,0.04681110382080078,0.47702432862446736,82,233,39,62,0.7913858251633987,0.44630823461587327,10,21,9,6,0.7895833333333333,0.3143730417143384,
saheart,MLP,MinMax Scaler,10,2.71875,0.09375,0.6308107376098633,0.04681110382080078,0.34208356549963365,109,185,87,35,0.7855136846405228,0.416580259511589,11,23,7,5,0.79375,0.4432212831307921,
saheart,MLP,IQR Capping,1,1.59375,0.046875,0.6230554580688477,0.044928550720214844,0.06512136910941876,120,155,116,24,0.7777265272652727,0.38953658077693937,14,18,13,2,0.7298387096774194,0.4366874601741585,
saheart,MLP,IQR Capping,2,1.78125,0.09375,0.6221103668212891,0.044857025146484375,0.42285911509734486,109,193,78,35,0.8045305453054531,0.44881055634549194,9,21,10,7,0.655241935483871,0.23165960260062565,
saheart,MLP,IQR Capping,3,1.671875,0.0,0.6238651275634766,0.045119285583496094,0.345061682782064,103,204,68,41,0.8109936683006536,0.44988023289105367,5,20,10,11,0.5625,-0.021166687833365082,
saheart,MLP,IQR Capping,4,1.296875,0.0,0.6197118759155273,0.04452228546142578,0.14760041814666008,128,142,130,16,0.7679993872549019,0.4028226376444191,14,15,15,2,0.7625,0.3700227502462479,
saheart,MLP,IQR Capping,5,1.875,0.09375,0.6248111724853516,0.04524040222167969,0.6354243918294349,74,242,30,70,0.8019301470588236,0.4434220266088698,9,25,5,7,0.8291666666666666,0.40972642585952285,
saheart,MLP,IQR Capping,6,1.59375,0.0,0.6213369369506836,0.04471588134765625,0.16682246375710574,122,153,119,22,0.7727992238562091,0.39484593567081455,12,20,10,4,0.8291666666666666,0.39727607885233013,
saheart,MLP,IQR Capping,7,2.25,0.09375,0.6287021636962891,0.04578876495361328,0.21297106431905283,105,194,78,39,0.7913602941176471,0.4240130623061932,13,19,11,3,0.7875,0.4250854043719932,
saheart,MLP,IQR Capping,8,1.3125,0.0,0.617161750793457,0.04421424865722656,0.21753928007830298,126,148,124,18,0.7704248366013071,0.407171711035891,13,17,13,3,0.7229166666666667,0.36429154990657325,
saheart,MLP,IQR Capping,9,1.6875,0.0,0.6216049194335938,0.04483318328857422,0.3240288349248082,113,181,91,31,0.7975132761437909,0.428403356598723,11,17,13,5,0.6958333333333333,0.24233840809992135,
saheart,MLP,IQR Capping,10,2.4375,0.0,0.6302585601806641,0.04604911804199219,0.6620468111278978,49,267,5,95,0.8158700980392157,0.455647862098241,3,30,0,13,0.7895833333333334,0.3616821166278091,
saheart,MLP,IQR Removal,1,2.25,0.0,0.6065158843994141,0.047158241271972656,0.4317136534729878,88,226,45,56,0.8090918409184091,0.45397667984072615,7,24,7,9,0.7016129032258065,0.21934486565218833,
saheart,MLP,IQR Removal,2,2.0625,0.015625,0.6022548675537109,0.047156333923339844,0.6315591237505597,66,250,21,78,0.794049815498155,0.4453637009913082,6,27,4,10,0.6915322580645161,0.28478566865384747,
saheart,MLP,IQR Removal,3,2.0625,0.0,0.6023035049438477,0.047156333923339844,0.38330570625028837,93,219,53,51,0.7881433823529411,0.44953659117489553,7,21,9,9,0.5645833333333334,0.1375,
saheart,MLP,IQR Removal,4,2.140625,0.0,0.60931396484375,0.047158241271972656,0.3680750310269202,102,203,69,42,0.800091911764706,0.43961079825087157,10,20,10,6,0.70625,0.2802242691589025,
saheart,MLP,IQR Removal,5,2.0625,0.0,0.6072149276733398,0.047158241271972656,0.5651574071453769,69,249,23,75,0.7972834967320261,0.4523399984738442,9,26,4,7,0.83125,0.45396038492365287,
saheart,MLP,IQR Removal,6,1.96875,0.015625,0.6020793914794922,0.047156333923339844,0.5005885221221257,73,241,31,71,0.782577614379085,0.4317530259086364,8,28,2,8,0.7916666666666666,0.5003702332976756,
saheart,MLP,IQR Removal,7,2.09375,0.0,0.6055908203125,0.047158241271972656,0.5596696523690914,71,247,25,73,0.7905688316993464,0.45295511333352795,10,25,5,6,0.8166666666666667,0.46566713233403184,
saheart,MLP,IQR Removal,8,1.96875,0.0,0.6005516052246094,0.047158241271972656,0.27826492122670393,132,154,118,12,0.810406454248366,0.4690808600822838,11,20,10,5,0.7375,0.3386481059780782,
saheart,MLP,IQR Removal,9,1.90625,0.0,0.6020641326904297,0.047156333923339844,0.4566407472691947,85,224,48,59,0.7745863970588235,0.422128516694281,9,21,9,7,0.7145833333333333,0.25617376914899,
saheart,MLP,IQR Removal,10,2.15625,0.0,0.6037969589233398,0.047156333923339844,0.48083845940560044,88,227,45,56,0.7984323937908496,0.4546319957684704,9,25,5,7,0.7625000000000001,0.40972642585952285,
saheart,MLP,Yeo-Johnson,1,1.296875,0.0,0.6045017242431641,0.043152809143066406,0.6138849279751257,96,188,83,48,0.7304991799917999,0.34638609459072306,11,17,14,5,0.6713709677419355,0.22400807746223897,
saheart,MLP,Yeo-Johnson,2,1.125,0.0,0.6054620742797852,0.04325580596923828,0.6062996450058492,103,171,100,41,0.7246822468224683,0.32973871098371604,14,13,18,2,0.6088709677419355,0.2992205375764285,
saheart,MLP,Yeo-Johnson,3,1.40625,0.0,0.6064777374267578,0.043425559997558594,0.4189920435316347,101,186,86,43,0.7392514297385622,0.36840662622496684,6,20,10,10,0.5854166666666667,0.041666666666666664,
saheart,MLP,Yeo-Johnson,4,1.390625,0.0,0.6059303283691406,0.043381690979003906,0.3657983865553701,93,190,82,51,0.7318218954248366,0.3318595451350914,9,22,8,7,0.64375,0.29190683630537334,
saheart,MLP,Yeo-Johnson,5,1.78125,0.0,0.6103038787841797,0.043885231018066406,0.31254084723713266,131,116,156,13,0.7295751633986928,0.3457946870496752,14,11,19,2,0.7312500000000001,0.25562817791817344,
saheart,MLP,Yeo-Johnson,6,2.25,0.0,0.617711067199707,0.04485130310058594,0.3616652199837329,101,190,82,43,0.7572508169934641,0.3832952797763279,11,23,7,5,0.73125,0.4432212831307921,
saheart,MLP,Yeo-Johnson,7,1.296875,0.09375,0.6049365997314453,0.043234825134277344,0.4457752707266283,105,161,111,39,0.7067248774509803,0.30572781834611545,13,17,13,3,0.7479166666666666,0.36429154990657325,
saheart,MLP,Yeo-Johnson,8,1.6875,0.09375,0.6092710494995117,0.043740272521972656,0.378962507826752,47,248,24,97,0.6956954656862746,0.3011508667441774,4,25,5,12,0.7229166666666667,0.10005003753127736,
saheart,MLP,Yeo-Johnson,9,1.5,0.0,0.6089553833007812,0.04369831085205078,0.3408832088237129,106,174,98,38,0.7304942810457516,0.3576507151277905,10,19,11,6,0.6333333333333333,0.2470139125957747,
saheart,MLP,Yeo-Johnson,10,1.59375,0.0,0.6093616485595703,0.043801307678222656,0.32848349602778054,107,167,105,37,0.7227839052287581,0.33976817937140097,10,17,13,6,0.6479166666666667,0.18257418583505539,
saheart,MLP,Quantile Transform,1,2.8125,0.03125,0.6601047515869141,0.07497406005859375,0.6189854391999108,83,254,17,61,0.8652367773677737,0.5717219840908784,4,27,4,12,0.6290322580645161,0.15252221902164076,
saheart,MLP,Quantile Transform,2,2.921875,0.0,0.6604709625244141,0.07497406005859375,0.5455558246733633,91,246,25,53,0.8608548585485856,0.5724644311182674,7,24,7,9,0.6834677419354839,0.21934486565218833,
saheart,MLP,Quantile Transform,3,3.09375,0.0,0.6604328155517578,0.07504081726074219,0.47067421217999045,97,240,32,47,0.8625919117647058,0.5718427327759513,7,22,8,9,0.6833333333333333,0.17356684023359367,
saheart,MLP,Quantile Transform,4,3.03125,0.0,0.6598930358886719,0.07504081726074219,0.6678788701399359,60,269,3,84,0.8573835784313725,0.538326681555512,4,28,2,12,0.7375,0.2592724864350674,
saheart,MLP,Quantile Transform,5,2.9375,0.0,0.6602210998535156,0.07504081726074219,0.5471285929159071,84,248,24,60,0.8527113970588235,0.5372416427886336,12,26,4,4,0.8208333333333333,0.6166666666666667,
saheart,MLP,Quantile Transform,6,3.0,0.09375,0.6604442596435547,0.07504081726074219,0.4654291256078992,99,238,34,45,0.8600898692810458,0.5738114190404984,6,27,3,10,0.7937500000000001,0.33016512385321534,
saheart,MLP,Quantile Transform,7,2.828125,0.078125,0.6601266860961914,0.07504081726074219,0.5340106012553798,90,241,31,54,0.849826388888889,0.5353131366293935,11,22,8,5,0.8270833333333334,0.407072784783951,
saheart,MLP,Quantile Transform,8,2.84375,0.09375,0.660181999206543,0.07504081726074219,0.5814464631252071,81,257,15,63,0.8636131535947712,0.5728821290837492,6,27,3,10,0.7645833333333334,0.33016512385321534,
saheart,MLP,Quantile Transform,9,3.046875,0.0,0.6609973907470703,0.07504081726074219,0.6225417669241475,76,256,16,68,0.856515522875817,0.5375634764471772,5,26,4,11,0.7583333333333333,0.21510758069224634,
saheart,MLP,Quantile Transform,10,3.0,0.0,0.6597938537597656,0.07504081726074219,0.5834248322183979,73,257,15,71,0.8574346405228759,0.526297314075482,6,30,0,10,0.7979166666666666,0.5303300858899106,
saheart,MLP,Uniform Binning,1,2.890625,0.046875,0.6315488815307617,0.04712963104248047,0.34717761913214146,124,183,88,20,0.8396115211152111,0.5107741210916261,11,19,12,5,0.7116935483870969,0.28475797200086567,
saheart,MLP,Uniform Binning,2,2.609375,0.0,0.6320352554321289,0.04712963104248047,0.39693692966441896,110,206,65,34,0.8348452234522346,0.5051295502844101,8,20,11,8,0.6532258064516129,0.14016379317012645,
saheart,MLP,Uniform Binning,3,2.90625,0.0,0.6318016052246094,0.047127723693847656,0.44275063873787524,86,237,35,58,0.8354907066993464,0.4908106856226334,6,22,8,10,0.6927083333333333,0.11213565339313257,
saheart,MLP,Uniform Binning,4,3.0,0.0625,0.6319370269775391,0.047127723693847656,0.32323952805331385,116,192,80,28,0.8291590073529411,0.4874378363630929,10,18,12,6,0.7208333333333334,0.21452908258025827,
saheart,MLP,Uniform Binning,5,2.796875,0.0,0.6322832107543945,0.047127723693847656,0.23378211795856557,128,171,101,16,0.8275377859477123,0.49498536100427676,15,16,14,1,0.8291666666666667,0.46458411975362235,
saheart,MLP,Uniform Binning,6,2.90625,0.03125,0.6321916580200195,0.047127723693847656,0.5476250582766082,72,256,16,72,0.8403671364379085,0.5139250444860041,5,29,1,11,0.7770833333333333,0.394801286162489,
saheart,MLP,Uniform Binning,7,2.984375,0.0,0.6323757171630859,0.047127723693847656,0.49343254711511764,86,241,31,58,0.8244102328431372,0.5113408678399978,10,23,7,6,0.8541666666666667,0.3864682058127478,
saheart,MLP,Uniform Binning,8,3.09375,0.0,0.6317539215087891,0.047127723693847656,0.5246627700939028,71,255,17,73,0.8312780841503268,0.5015527748965263,4,27,3,12,0.8041666666666667,0.19889806323953876,
saheart,MLP,Uniform Binning,9,2.8125,0.09375,0.6317138671875,0.047127723693847656,0.43091358147287095,108,209,63,36,0.8294909109477125,0.501227406091964,13,20,10,3,0.7687499999999999,0.45643546458763845,
saheart,MLP,Uniform Binning,10,2.8125,0.0,0.631800651550293,0.047127723693847656,0.33717733322258636,116,192,80,28,0.8265037785947711,0.4874378363630929,12,22,8,4,0.80625,0.4643716460347527,
saheart,MLP,Quantile Binning,1,3.0,0.09375,0.6310758590698242,0.04713153839111328,0.4185532932529198,112,213,58,32,0.8503228782287822,0.5456941354509434,10,21,10,6,0.594758064516129,0.2898368098501052,
saheart,MLP,Quantile Binning,2,2.8125,0.0,0.6314239501953125,0.04713153839111328,0.3551399439333841,117,201,70,27,0.836190549405494,0.5302029771171658,11,18,13,5,0.6612903225806452,0.2541799347390278,
saheart,MLP,Quantile Binning,3,2.71875,0.0,0.6312503814697266,0.04712963104248047,0.2786191631450014,126,194,78,18,0.8431117238562091,0.5598011193304546,12,20,10,4,0.6979166666666666,0.39727607885233013,
saheart,MLP,Quantile Binning,4,2.703125,0.0,0.6312360763549805,0.04712963104248047,0.3150984961942989,120,201,71,24,0.8436223447712418,0.5463670209692812,11,20,10,5,0.7645833333333334,0.3386481059780782,
saheart,MLP,Quantile Binning,5,2.890625,0.0,0.6315727233886719,0.04712963104248047,0.2678705373079606,125,189,83,19,0.8480009191176471,0.5355995052885687,13,18,12,3,0.7333333333333333,0.39442544108034994,
saheart,MLP,Quantile Binning,6,3.09375,0.0,0.6316795349121094,0.04712963104248047,0.4037340402011064,107,221,51,37,0.8375076593137255,0.544571359042157,9,27,3,7,0.7895833333333333,0.5016516837056424,
saheart,MLP,Quantile Binning,7,3.0,0.0,0.6311473846435547,0.04712963104248047,0.4282148868555326,97,227,45,47,0.8308695874183007,0.5098650126421772,9,23,7,7,0.7833333333333333,0.32916666666666666,
saheart,MLP,Quantile Binning,8,2.703125,0.09375,0.6312427520751953,0.04712963104248047,0.35660990976113754,115,208,64,29,0.8427925857843136,0.5412748673686054,11,20,10,5,0.7729166666666667,0.3386481059780782,
saheart,MLP,Quantile Binning,9,2.90625,0.078125,0.6311588287353516,0.04712963104248047,0.48927571383907326,100,226,46,44,0.8344949959150327,0.5236449784881483,7,23,7,9,0.7541666666666667,0.211332577548596,
saheart,MLP,Quantile Binning,10,2.90625,0.015625,0.6312007904052734,0.04712963104248047,0.3684854313578974,114,215,57,30,0.8492008782679739,0.5628440139330566,8,25,5,8,0.7374999999999999,0.3525905902319634,
saheart,MLP,PCA,1,1.03125,0.0,0.5751190185546875,0.03197765350341797,0.49049004660230033,91,225,46,53,0.7967660926609266,0.4678598015335884,7,22,9,9,0.6028225806451614,0.14717741935483872,
saheart,MLP,PCA,2,1.125,0.0,0.5767078399658203,0.03214263916015625,0.5078525048092064,94,211,60,50,0.7937935629356293,0.42505077979501343,8,23,8,8,0.6189516129032258,0.24193548387096775,
saheart,MLP,PCA,3,1.609375,0.0,0.5858125686645508,0.03312206268310547,0.5540054109665938,80,244,28,64,0.8134701797385622,0.49114169984307426,6,22,8,10,0.6625,0.11213565339313257,
saheart,MLP,PCA,4,1.6875,0.0,0.583613395690918,0.03288459777832031,0.5314173913379284,68,256,16,76,0.8141850490196079,0.4899210640016266,6,25,5,10,0.6979166666666666,0.2326210525996177,
saheart,MLP,PCA,5,1.21875,0.0,0.5776786804199219,0.03226947784423828,0.34109193746861566,116,172,100,28,0.7784926470588236,0.41697229168834066,12,16,14,4,0.7479166666666667,0.2722178614686481,
saheart,MLP,PCA,6,1.40625,0.0,0.5800580978393555,0.032558441162109375,0.3585873884926427,108,197,75,36,0.80078125,0.4545513992035921,9,20,10,7,0.68125,0.2216732986447258,
saheart,MLP,PCA,7,0.9375,0.0,0.5753993988037109,0.032013893127441406,0.3757163608024604,112,184,88,32,0.794015522875817,0.4325309592886519,10,20,10,6,0.6729166666666666,0.2802242691589025,
saheart,MLP,PCA,8,1.5,0.09375,0.5805959701538086,0.032540321350097656,0.400703702757732,98,208,64,46,0.7886795343137255,0.43441660472039345,10,22,8,6,0.7916666666666666,0.349697526139891,
saheart,MLP,PCA,9,2.0625,0.0,0.586695671081543,0.03321266174316406,0.5357918462590958,82,241,31,62,0.8178870506535948,0.48715662830441614,6,22,8,10,0.6833333333333333,0.11213565339313257,
saheart,MLP,PCA,10,1.3125,0.09375,0.5782985687255859,0.032324790954589844,0.47346921599786057,94,216,56,50,0.791156045751634,0.44277710738650505,4,25,5,12,0.66875,0.10005003753127736,
saheart,MLP,Select Percentile (Mutual Info),1,2.796875,0.015625,0.7265911102294922,0.03145027160644531,0.31003909414790704,112,180,91,32,0.7626460639606396,0.4208786566304399,11,18,13,5,0.7358870967741936,0.2541799347390278,
saheart,MLP,Select Percentile (Mutual Info),2,0.796875,0.0,0.7017173767089844,0.02819538116455078,0.5700153451852821,96,193,78,48,0.7477065395653957,0.3654625809631784,8,21,10,8,0.6451612903225806,0.172944431233412,
saheart,MLP,Select Percentile (Mutual Info),3,0.796875,0.0,0.7029523849487305,0.02830028533935547,0.5504710284507347,58,246,26,86,0.7519531249999999,0.3640520159379676,0,27,3,16,0.5708333333333333,-0.19289712886816485,
saheart,MLP,Select Percentile (Mutual Info),4,1.53125,0.0,0.7100610733032227,0.029224395751953125,0.327706196526978,126,124,148,18,0.7289496527777778,0.3319860612863051,15,13,17,1,0.7458333333333333,0.38384896738418456,
saheart,MLP,Select Percentile (Mutual Info),5,2.171875,0.0,0.7198123931884766,0.030252456665039062,0.3494414345825624,76,223,49,68,0.7124183006535948,0.3607300680195124,10,23,7,6,0.7083333333333334,0.3864682058127478,
saheart,MLP,Select Percentile (Mutual Info),6,1.34375,0.0,0.7087392807006836,0.029119491577148438,0.46895359228655953,103,171,101,41,0.7226307189542485,0.32732815449739083,9,21,9,7,0.6958333333333333,0.25617376914899,
saheart,MLP,Select Percentile (Mutual Info),7,2.0,0.0,0.7145347595214844,0.029998779296875,0.3102982276125604,93,194,78,51,0.6973294526143791,0.3471858864892328,12,16,14,4,0.64375,0.2722178614686481,
saheart,MLP,Select Percentile (Mutual Info),8,2.828125,0.0,0.7284879684448242,0.0314483642578125,0.39953872445280514,80,223,49,64,0.7467703227124183,0.3861303978112412,10,24,6,6,0.7833333333333333,0.425,
saheart,MLP,Select Percentile (Mutual Info),9,0.703125,0.09375,0.7032995223999023,0.028237342834472656,0.3349667336217069,45,254,18,99,0.7085886437908496,0.32689928396573387,5,24,6,11,0.7645833333333334,0.12561536840379356,
saheart,MLP,Select Percentile (Mutual Info),10,1.546875,0.0,0.7129001617431641,0.02941131591796875,0.4401842154158576,115,158,114,29,0.7499489379084967,0.36293717472215714,11,17,13,5,0.6541666666666667,0.24233840809992135,
saheart,MLP,Random Undersampling,1,1.875,0.0,0.5391683578491211,0.04889869689941406,0.7000062313455965,80,243,28,64,0.8214944649446495,0.49062371670094285,9,25,6,7,0.6794354838709677,0.3750503998389481,
saheart,MLP,Random Undersampling,2,2.0625,0.0,0.5393829345703125,0.04889869689941406,0.7253482996058326,86,241,30,58,0.8305658056580566,0.516063325065829,7,25,6,9,0.7016129032258065,0.2584243290579916,
saheart,MLP,Random Undersampling,3,2.0625,0.0,0.5390768051147461,0.04889869689941406,0.7086816959418573,77,245,27,67,0.8220741421568627,0.47842902870957005,6,24,6,10,0.6416666666666666,0.18981415059132414,
saheart,MLP,Random Undersampling,4,2.15625,0.0,0.5396509170532227,0.04889869689941406,0.6200633778147009,96,222,50,48,0.821844362745098,0.48129732859486096,10,27,3,6,0.7895833333333334,0.5553301796153424,
saheart,MLP,Random Undersampling,5,1.96875,0.0,0.5397748947143555,0.04889869689941406,0.44014945205987327,123,175,97,21,0.8242953431372549,0.4742007066216032,13,18,12,3,0.7854166666666668,0.39442544108034994,
saheart,MLP,Random Undersampling,6,1.78125,0.078125,0.5397300720214844,0.04889869689941406,0.4098130736192341,135,141,131,9,0.806781045751634,0.4516812174070746,13,17,13,3,0.74375,0.36429154990657325,
saheart,MLP,Random Undersampling,7,1.984375,0.015625,0.5396814346313477,0.04889869689941406,0.3882033602785689,134,148,124,10,0.8076491013071896,0.46528817588749005,14,15,15,2,0.79375,0.3700227502462479,
saheart,MLP,Random Undersampling,8,2.0625,0.0,0.5392961502075195,0.04889869689941406,0.7549351638067776,62,259,13,82,0.8291207107843137,0.4736810974661563,6,27,3,10,0.75625,0.33016512385321534,
saheart,MLP,Random Undersampling,9,1.953125,0.0,0.5395193099975586,0.04889869689941406,0.5496853039884717,103,208,64,41,0.8237591911764706,0.4658372808507484,8,20,10,8,0.6479166666666667,0.16265001215808886,
saheart,MLP,Random Undersampling,10,2.046875,0.0,0.5392522811889648,0.04889869689941406,0.4455842589960797,125,172,100,19,0.8140063316993464,0.47772990769976414,13,17,13,3,0.7625000000000001,0.36429154990657325,
saheart,MLP,SMOTE / SMOTENC,1,2.796875,0.0,0.6702747344970703,0.06118965148925781,0.6590668848496946,93,231,40,51,0.8322570725707257,0.5082144510676668,7,19,12,9,0.657258064516129,0.04866798373962724,
saheart,MLP,SMOTE / SMOTENC,2,2.9375,0.0,0.6722240447998047,0.061432838439941406,0.6657763989279032,85,240,31,59,0.836741492414924,0.5047831038553413,7,26,5,9,0.7036290322580645,0.30016156683665746,
saheart,MLP,SMOTE / SMOTENC,3,2.453125,0.0,0.6669635772705078,0.06087017059326172,0.6812920671666861,99,225,47,45,0.8334865196078431,0.5130580660148264,8,20,10,8,0.6604166666666667,0.16265001215808886,
saheart,MLP,SMOTE / SMOTENC,4,2.625,0.0,0.6688623428344727,0.06099224090576172,0.5912954950558578,109,206,66,35,0.8278186274509804,0.4956241605279716,11,24,6,5,0.7916666666666666,0.48102957532012225,
saheart,MLP,SMOTE / SMOTENC,5,2.515625,0.0,0.666132926940918,0.06072521209716797,0.6167342306695767,79,238,34,65,0.8191380718954249,0.4530775099118202,10,22,8,6,0.7416666666666666,0.349697526139891,
saheart,MLP,SMOTE / SMOTENC,6,3.28125,0.0,0.6759786605834961,0.06180763244628906,0.6681748293117366,81,245,27,63,0.8353758169934641,0.5026666855794641,5,28,2,11,0.7791666666666667,0.32597182586479967,
saheart,MLP,SMOTE / SMOTENC,7,3.28125,0.046875,0.6763200759887695,0.06181907653808594,0.6744736850684144,71,255,17,73,0.8313929738562091,0.5015527748965263,8,24,6,8,0.7979166666666666,0.3105295017040594,
saheart,MLP,SMOTE / SMOTENC,8,2.90625,0.0,0.6726474761962891,0.061397552490234375,0.49434810277570174,99,225,47,45,0.836780024509804,0.5130580660148264,8,23,7,8,0.7583333333333333,0.2709336042670731,
saheart,MLP,SMOTE / SMOTENC,9,2.8125,0.0,0.6727104187011719,0.06140422821044922,0.709320422892602,90,233,39,54,0.8380565767973857,0.4953729477904824,7,23,7,9,0.6625,0.211332577548596,
saheart,MLP,SMOTE / SMOTENC,10,3.0,0.0,0.6761236190795898,0.06184196472167969,0.5680209927996072,99,229,43,45,0.845281862745098,0.5311776980580882,8,26,4,8,0.7666666666666666,0.397705839334203,
saheart,XGBoost,Baseline,1,0.375,0.0,0.11505603790283203,0.15231037139892578,0.08717450127005638,144,270,1,0,1.0,0.9947054136305081,10,15,16,6,0.5584677419354839,0.1037663642424823,
saheart,XGBoost,Baseline,2,0.03125,0.0,0.11521625518798828,0.15386676788330078,0.09872301220893924,144,270,1,0,1.0,0.9947054136305081,10,15,16,6,0.655241935483871,0.1037663642424823,
saheart,XGBoost,Baseline,3,0.046875,0.0,0.1154184341430664,0.1557474136352539,0.10894905962049961,144,270,2,0,1.0,0.989469127314308,10,16,14,6,0.6124999999999999,0.15096490996388545,
saheart,XGBoost,Baseline,4,0.046875,0.0,0.1154623031616211,0.15432071685791016,0.10266455821692944,144,270,2,0,1.0,0.989469127314308,13,16,14,3,0.7520833333333333,0.33452515977294983,
saheart,XGBoost,Baseline,5,0.03125,0.0,0.11536598205566406,0.15555286407470703,0.10171761177480221,144,270,2,0,1.0,0.989469127314308,13,19,11,3,0.7729166666666667,0.4250854043719932,
saheart,XGBoost,Baseline,6,0.046875,0.0,0.1154623031616211,0.15458011627197266,0.1022460050880909,144,270,2,0,1.0,0.989469127314308,10,22,8,6,0.7458333333333332,0.349697526139891,
saheart,XGBoost,Baseline,7,0.046875,0.0,0.11541461944580078,0.15710926055908203,0.10635950230062008,144,270,2,0,1.0,0.989469127314308,12,20,10,4,0.7166666666666667,0.39727607885233013,
saheart,XGBoost,Baseline,8,0.046875,0.0,0.1154623031616211,0.15458011627197266,0.09322188794612885,144,270,2,0,1.0,0.989469127314308,11,16,14,5,0.6875,0.2111570543157429,
saheart,XGBoost,Baseline,9,0.046875,0.0,0.1154623031616211,0.15490436553955078,0.09987097606062889,144,270,2,0,1.0,0.989469127314308,14,13,17,2,0.7416666666666667,0.3132669799338032,
saheart,XGBoost,Baseline,10,0.046875,0.0,0.1154184341430664,0.15620136260986328,0.09949114918708801,144,270,2,0,1.0,0.989469127314308,13,13,17,3,0.68125,0.24583333333333332,
saheart,XGBoost,Standard Scaler,1,0.0625,0.0,0.14973735809326172,0.15259456634521484,0.08717450127005638,144,270,1,0,1.0,0.9947054136305081,10,15,16,6,0.5584677419354839,0.1037663642424823,
saheart,XGBoost,Standard Scaler,2,0.046875,0.015625,0.14955615997314453,0.15415096282958984,0.09872301220893924,144,270,1,0,1.0,0.9947054136305081,10,15,16,6,0.655241935483871,0.1037663642424823,
saheart,XGBoost,Standard Scaler,3,0.046875,0.0,0.1497201919555664,0.15603160858154297,0.10894905962049961,144,270,2,0,1.0,0.989469127314308,10,16,14,6,0.6124999999999999,0.15096490996388545,
saheart,XGBoost,Standard Scaler,4,0.046875,0.0,0.14981555938720703,0.15460491180419922,0.10266455821692944,144,270,2,0,1.0,0.989469127314308,13,16,14,3,0.7520833333333333,0.33452515977294983,
saheart,XGBoost,Standard Scaler,5,0.046875,0.0,0.14981555938720703,0.1558370590209961,0.10171761177480221,144,270,2,0,1.0,0.989469127314308,13,19,11,3,0.7729166666666667,0.4250854043719932,
saheart,XGBoost,Standard Scaler,6,0.046875,0.0,0.14981555938720703,0.15486431121826172,0.1022460050880909,144,270,2,0,1.0,0.989469127314308,10,22,8,6,0.7458333333333332,0.349697526139891,
saheart,XGBoost,Standard Scaler,7,0.046875,0.0,0.14976787567138672,0.1573934555053711,0.10635950230062008,144,270,2,0,1.0,0.989469127314308,12,20,10,4,0.7166666666666667,0.39727607885233013,
saheart,XGBoost,Standard Scaler,8,0.046875,0.0,0.1497201919555664,0.15486431121826172,0.09322188794612885,144,270,2,0,1.0,0.989469127314308,11,16,14,5,0.6875,0.2111570543157429,
saheart,XGBoost,Standard Scaler,9,0.0625,0.0,0.14981555938720703,0.15518856048583984,0.09987097606062889,144,270,2,0,1.0,0.989469127314308,14,13,17,2,0.7416666666666667,0.3132669799338032,
saheart,XGBoost,Standard Scaler,10,0.046875,0.0,0.14976787567138672,0.15648555755615234,0.09949114918708801,144,270,2,0,1.0,0.989469127314308,13,13,17,3,0.68125,0.24583333333333332,
saheart,XGBoost,MinMax Scaler,1,0.0625,0.0,0.12473487854003906,0.1527843475341797,0.08717450127005638,144,270,1,0,1.0,0.9947054136305081,10,15,16,6,0.5584677419354839,0.1037663642424823,
saheart,XGBoost,MinMax Scaler,2,0.046875,0.0,0.12467193603515625,0.1543407440185547,0.09872301220893924,144,270,1,0,1.0,0.9947054136305081,10,15,16,6,0.655241935483871,0.1037663642424823,
saheart,XGBoost,MinMax Scaler,3,0.046875,0.015625,0.12473106384277344,0.1562213897705078,0.10894905962049961,144,270,2,0,1.0,0.989469127314308,10,16,14,6,0.6124999999999999,0.15096490996388545,
saheart,XGBoost,MinMax Scaler,4,0.046875,0.0,0.12463569641113281,0.15479469299316406,0.10266455821692944,144,270,2,0,1.0,0.989469127314308,13,16,14,3,0.7520833333333333,0.33452515977294983,
saheart,XGBoost,MinMax Scaler,5,0.046875,0.0,0.12481498718261719,0.15602684020996094,0.10171761177480221,144,270,2,0,1.0,0.989469127314308,13,19,11,3,0.7729166666666667,0.4250854043719932,
saheart,XGBoost,MinMax Scaler,6,0.0625,0.0,0.12481880187988281,0.15505409240722656,0.1022460050880909,144,270,2,0,1.0,0.989469127314308,10,22,8,6,0.7458333333333332,0.349697526139891,
saheart,XGBoost,MinMax Scaler,7,0.046875,0.0,0.12481498718261719,0.15758323669433594,0.10635950230062008,144,270,2,0,1.0,0.989469127314308,12,20,10,4,0.7166666666666667,0.39727607885233013,
saheart,XGBoost,MinMax Scaler,8,0.046875,0.0,0.12481880187988281,0.15505409240722656,0.09322188794612885,144,270,2,0,1.0,0.989469127314308,11,16,14,5,0.6875,0.2111570543157429,
saheart,XGBoost,MinMax Scaler,9,0.046875,0.0,0.12476730346679688,0.1553783416748047,0.09987097606062889,144,270,2,0,1.0,0.989469127314308,14,13,17,2,0.7416666666666667,0.3132669799338032,
saheart,XGBoost,MinMax Scaler,10,0.046875,0.0,0.12477493286132812,0.1566753387451172,0.09949114918708801,144,270,2,0,1.0,0.989469127314308,13,13,17,3,0.68125,0.24583333333333332,
saheart,XGBoost,IQR Capping,1,0.078125,0.015625,0.15610694885253906,0.1539630889892578,0.08163600042462378,144,270,1,0,1.0,0.9947054136305081,10,14,17,6,0.5524193548387097,0.07342532516202666,
saheart,XGBoost,IQR Capping,2,0.078125,0.0,0.15583419799804688,0.1554546356201172,0.10736453235149393,144,270,1,0,1.0,0.9947054136305081,10,16,15,6,0.6189516129032258,0.13402192668680962,
saheart,XGBoost,IQR Capping,3,0.078125,0.015625,0.1560678482055664,0.1568164825439453,0.09766079671680927,144,270,2,0,1.0,0.989469127314308,11,17,13,5,0.6354166666666667,0.24233840809992135,
saheart,XGBoost,IQR Capping,4,0.078125,0.0,0.15592479705810547,0.1557788848876953,0.1141945831477642,144,270,2,0,1.0,0.989469127314308,12,15,15,4,0.7124999999999999,0.2418254167033372,
saheart,XGBoost,IQR Capping,5,0.078125,0.015625,0.15592479705810547,0.1573352813720703,0.08958347141742706,144,270,2,0,1.0,0.989469127314308,12,18,12,4,0.7375,0.3337119062359573,
saheart,XGBoost,IQR Capping,6,0.078125,0.0,0.1560678482055664,0.15610313415527344,0.10077902115881443,144,270,2,0,1.0,0.989469127314308,9,19,11,7,0.70625,0.1881505807209774,
saheart,XGBoost,IQR Capping,7,0.078125,0.015625,0.15592479705810547,0.1559734344482422,0.09549862518906593,144,270,2,0,1.0,0.989469127314308,12,17,13,4,0.7270833333333333,0.3027912476980464,
saheart,XGBoost,IQR Capping,8,0.078125,0.0,0.15597248077392578,0.1555194854736328,0.09291939996182919,144,270,2,0,1.0,0.989469127314308,11,16,14,5,0.6479166666666667,0.2111570543157429,
saheart,XGBoost,IQR Capping,9,0.078125,0.015625,0.15592479705810547,0.1546764373779297,0.09348637238144875,144,270,2,0,1.0,0.989469127314308,13,13,17,3,0.7125,0.24583333333333332,
saheart,XGBoost,IQR Capping,10,0.078125,0.015625,0.15592479705810547,0.1557140350341797,0.10847134701907635,144,270,2,0,1.0,0.989469127314308,12,16,14,4,0.6375,0.2722178614686481,
saheart,XGBoost,IQR Removal,1,0.078125,0.0,0.1707439422607422,0.1417226791381836,0.25555695712566356,137,258,13,7,0.9789872898728988,0.8951303059041484,5,19,12,11,0.5060483870967742,-0.07356577216103688,
saheart,XGBoost,IQR Removal,2,0.078125,0.0,0.1698760986328125,0.14159297943115234,0.3786750352382639,134,255,16,10,0.9757072570725707,0.8635195491079305,10,22,9,6,0.7681451612903226,0.32315541203112486,
saheart,XGBoost,IQR Removal,3,0.0625,0.0,0.16982650756835938,0.14107418060302734,0.1779448628425599,136,258,14,8,0.9738051470588235,0.8847447502256856,9,18,12,7,0.59375,0.15537971921347118,
saheart,XGBoost,IQR Removal,4,0.0625,0.015625,0.17275238037109375,0.14049053192138672,0.7128739356994629,121,268,4,23,0.9732945261437909,0.8566809253436365,4,28,2,12,0.6,0.2592724864350674,
saheart,XGBoost,IQR Removal,5,0.0625,0.0,0.17142391204833984,0.14171981811523438,0.11701365150511259,138,256,16,6,0.9799070669934641,0.8862588666519846,10,20,10,6,0.7229166666666668,0.2802242691589025,
saheart,XGBoost,IQR Removal,6,0.0625,0.0,0.16982746124267578,0.1415262222290039,0.06852208822965622,140,245,27,4,0.9689287173202614,0.8472291652579144,11,20,10,5,0.7687499999999999,0.3386481059780782,
saheart,XGBoost,IQR Removal,7,0.0625,0.0,0.17094135284423828,0.14496326446533203,0.11196717433631406,137,255,17,7,0.9807240604575164,0.875794411369082,11,20,10,5,0.7770833333333333,0.3386481059780782,
saheart,XGBoost,IQR Removal,8,0.0625,0.0,0.16924762725830078,0.14288616180419922,0.46679381132126013,125,264,8,19,0.9630821078431373,0.8555082376834736,6,23,7,10,0.6770833333333334,0.14985100084858444,
saheart,XGBoost,IQR Removal,9,0.078125,0.0,0.16954994201660156,0.1422414779663086,0.08188271448016175,139,253,19,5,0.9763071895424836,0.8777208963385355,15,15,15,1,0.73125,0.4375,
saheart,XGBoost,IQR Removal,10,0.0625,0.0,0.1704549789428711,0.14172077178955078,0.12152311988174913,135,253,19,9,0.9583843954248367,0.8548655008032767,13,16,14,3,0.7020833333333333,0.33452515977294983,
saheart,XGBoost,Yeo-Johnson,1,0.109375,0.0,0.14556407928466797,0.1523723602294922,0.08717450127005638,144,270,1,0,1.0,0.9947054136305081,10,15,16,6,0.5584677419354839,0.1037663642424823,
saheart,XGBoost,Yeo-Johnson,2,0.09375,0.0,0.14538860321044922,0.1539287567138672,0.09872301220893924,144,270,1,0,1.0,0.9947054136305081,10,15,16,6,0.655241935483871,0.1037663642424823,
saheart,XGBoost,Yeo-Johnson,3,0.109375,0.0,0.14568805694580078,0.1558094024658203,0.10894905962049961,144,270,2,0,1.0,0.989469127314308,10,16,14,6,0.6124999999999999,0.15096490996388545,
saheart,XGBoost,Yeo-Johnson,4,0.125,0.0,0.14568805694580078,0.15438270568847656,0.10266455821692944,144,270,2,0,1.0,0.989469127314308,13,16,14,3,0.7520833333333333,0.33452515977294983,
saheart,XGBoost,Yeo-Johnson,5,0.109375,0.015625,0.14564037322998047,0.15561485290527344,0.10171761177480221,144,270,2,0,1.0,0.989469127314308,13,19,11,3,0.7729166666666667,0.4250854043719932,
saheart,XGBoost,Yeo-Johnson,6,0.09375,0.0,0.14568805694580078,0.15464210510253906,0.1022460050880909,144,270,2,0,1.0,0.989469127314308,10,22,8,6,0.7458333333333332,0.349697526139891,
saheart,XGBoost,Yeo-Johnson,7,0.109375,0.0,0.14564037322998047,0.15717124938964844,0.10635950230062008,144,270,2,0,1.0,0.989469127314308,12,20,10,4,0.7166666666666667,0.39727607885233013,
saheart,XGBoost,Yeo-Johnson,8,0.109375,0.0,0.14564037322998047,0.15464210510253906,0.09322188794612885,144,270,2,0,1.0,0.989469127314308,11,16,14,5,0.6875,0.2111570543157429,
saheart,XGBoost,Yeo-Johnson,9,0.109375,0.0,0.14568805694580078,0.1549663543701172,0.09987097606062889,144,270,2,0,1.0,0.989469127314308,14,13,17,2,0.7416666666666667,0.3132669799338032,
saheart,XGBoost,Yeo-Johnson,10,0.09375,0.0,0.14564037322998047,0.1562633514404297,0.09949114918708801,144,270,2,0,1.0,0.989469127314308,13,13,17,3,0.68125,0.24583333333333332,
saheart,XGBoost,Quantile Transform,1,0.0625,0.0,0.17372703552246094,0.18093585968017578,0.08717450127005638,144,270,1,0,1.0,0.9947054136305081,10,15,16,6,0.5584677419354839,0.1037663642424823,
saheart,XGBoost,Quantile Transform,2,0.0625,0.015625,0.1738605499267578,0.18249225616455078,0.09872301220893924,144,270,1,0,1.0,0.9947054136305081,10,15,16,6,0.655241935483871,0.1037663642424823,
saheart,XGBoost,Quantile Transform,3,0.0625,0.015625,0.17424964904785156,0.18444156646728516,0.10894905962049961,144,270,2,0,1.0,0.989469127314308,10,16,14,6,0.6124999999999999,0.15096490996388545,
saheart,XGBoost,Quantile Transform,4,0.0625,0.015625,0.17424964904785156,0.1830148696899414,0.10266455821692944,144,270,2,0,1.0,0.989469127314308,13,16,14,3,0.7520833333333333,0.33452515977294983,
saheart,XGBoost,Quantile Transform,5,0.0625,0.015625,0.17420578002929688,0.18424701690673828,0.10171761177480221,144,270,2,0,1.0,0.989469127314308,13,19,11,3,0.7729166666666667,0.4250854043719932,
saheart,XGBoost,Quantile Transform,6,0.0625,0.015625,0.17415428161621094,0.1832742691040039,0.1022460050880909,144,270,2,0,1.0,0.989469127314308,10,22,8,6,0.7458333333333332,0.349697526139891,
saheart,XGBoost,Quantile Transform,7,0.046875,0.015625,0.17420196533203125,0.18580341339111328,0.10635950230062008,144,270,2,0,1.0,0.989469127314308,12,20,10,4,0.7166666666666667,0.39727607885233013,
saheart,XGBoost,Quantile Transform,8,0.0625,0.015625,0.17420196533203125,0.1832742691040039,0.09322188794612885,144,270,2,0,1.0,0.989469127314308,11,16,14,5,0.6875,0.2111570543157429,
saheart,XGBoost,Quantile Transform,9,0.0625,0.0,0.17424964904785156,0.18359851837158203,0.09987097606062889,144,270,2,0,1.0,0.989469127314308,14,13,17,2,0.7416666666666667,0.3132669799338032,
saheart,XGBoost,Quantile Transform,10,0.0625,0.0,0.17415428161621094,0.18489551544189453,0.09949114918708801,144,270,2,0,1.0,0.989469127314308,13,13,17,3,0.68125,0.24583333333333332,
saheart,XGBoost,Uniform Binning,1,0.03125,0.015625,0.12537193298339844,0.17499637603759766,0.45847925543785095,132,265,6,12,0.9909286592865929,0.9038152150479758,7,19,12,9,0.5685483870967742,0.04866798373962724,
saheart,XGBoost,Uniform Binning,2,0.03125,0.0,0.12541580200195312,0.1733102798461914,0.512145807743073,130,268,3,14,0.9905442804428044,0.9095739581470283,6,22,9,10,0.6330645161290323,0.08607714094664383,
saheart,XGBoost,Uniform Binning,3,0.046875,0.0,0.1256542205810547,0.1800546646118164,0.5141857981681824,131,266,6,13,0.9906173406862745,0.8985694014670479,9,20,10,7,0.6614583333333334,0.2216732986447258,
saheart,XGBoost,Uniform Binning,4,0.03125,0.0,0.12560653686523438,0.18018436431884766,0.4935055375099191,130,269,3,14,0.9938342524509803,0.9096807028071228,5,25,5,11,0.6687500000000001,0.16839382851364085,
saheart,XGBoost,Uniform Binning,5,0.03125,0.0,0.1256542205810547,0.18076801300048828,0.49739562273025584,129,268,4,15,0.9928513071895424,0.8988462097823929,11,26,4,5,0.79375,0.5630338963675112,
saheart,XGBoost,Uniform Binning,6,0.03125,0.0,0.12560653686523438,0.18414020538330078,0.46881867349147804,133,268,4,11,0.9920215482026143,0.9200722127308705,7,25,5,9,0.6770833333333333,0.29375999496276356,
saheart,XGBoost,Uniform Binning,7,0.046875,0.0,0.1256542205810547,0.18718814849853516,0.49376004934310913,133,267,5,11,0.9914088031045752,0.9146650811404857,8,25,5,8,0.8041666666666667,0.3525905902319634,
saheart,XGBoost,Uniform Binning,8,0.03125,0.0,0.12560653686523438,0.17856311798095703,0.4428512334823616,129,268,4,15,0.9915109272875816,0.8988462097823929,7,23,7,9,0.6666666666666666,0.211332577548596,
saheart,XGBoost,Uniform Binning,9,0.03125,0.0,0.1256542205810547,0.17674732208251953,0.47346763163805017,128,263,9,16,0.9824474060457516,0.8663151845713141,13,21,9,3,0.7937500000000001,0.48864957698836603,
saheart,XGBoost,Uniform Binning,10,0.03125,0.0,0.1256542205810547,0.18206501007080078,0.49863767772913004,133,268,4,11,0.9934257557189543,0.9200722127308705,9,24,6,7,0.6604166666666667,0.36830036830055246,
saheart,XGBoost,Quantile Binning,1,0.03125,0.0,0.12590599060058594,0.19361019134521484,0.7760612058639528,141,271,0,3,0.9998462484624846,0.9840964707522117,3,27,4,13,0.6149193548387097,0.0778176558218229,
saheart,XGBoost,Quantile Binning,2,0.03125,0.0,0.12573814392089844,0.1968526840209961,0.6679043006896982,141,271,0,3,0.9998078105781057,0.9840964707522117,5,23,8,11,0.5786290322580645,0.05766493293029565,
saheart,XGBoost,Quantile Binning,3,0.03125,0.0,0.12595748901367188,0.1976308822631836,0.7234810829162599,142,272,0,2,0.9994383169934641,0.9894004345001736,7,26,4,9,0.7020833333333334,0.33962673679544186,
saheart,XGBoost,Quantile Binning,4,0.046875,0.0,0.1260967254638672,0.19315624237060547,0.2096119113266468,144,270,2,0,1.0,0.989469127314308,11,21,9,5,0.7479166666666667,0.3722979575968276,
saheart,XGBoost,Quantile Binning,5,0.046875,0.0,0.1260528564453125,0.20067882537841797,0.7125641494989489,142,272,0,2,0.9998851102941175,0.9894004345001736,10,26,4,6,0.7770833333333333,0.5089233500149862,
saheart,XGBoost,Quantile Binning,6,0.03125,0.0,0.126007080078125,0.19743633270263672,0.7353208959102647,142,272,0,2,0.9995787377450981,0.9894004345001736,4,29,1,12,0.6833333333333333,0.33153989079293594,
saheart,XGBoost,Quantile Binning,7,0.046875,0.0,0.12592315673828125,0.19626903533935547,0.7559997439384494,142,272,0,2,0.9998340482026143,0.9894004345001736,6,25,5,10,0.7229166666666667,0.2326210525996177,
saheart,XGBoost,Quantile Binning,8,0.046875,0.0,0.12592315673828125,0.19484233856201172,0.7476113379001619,142,272,0,2,0.9999106413398693,0.9894004345001736,3,26,4,13,0.6708333333333334,0.07182430061427789,
saheart,XGBoost,Quantile Binning,9,0.046875,0.0,0.1258678436279297,0.19776058197021484,0.7799789130687729,142,272,0,2,0.9998085171568627,0.9894004345001736,6,25,5,10,0.6770833333333334,0.2326210525996177,
saheart,XGBoost,Quantile Binning,10,0.046875,0.0,0.12604904174804688,0.19853878021240234,0.7607043266296413,142,272,0,2,0.9997319240196079,0.9894004345001736,2,25,5,14,0.6125,-0.05524946201098299,
saheart,XGBoost,PCA,1,0.3125,0.0,0.12401962280273438,0.1609954833984375,0.15917879343032845,144,270,1,0,1.0,0.9947054136305081,7,18,13,9,0.594758064516129,0.01739020859100631,
saheart,XGBoost,PCA,2,0.359375,0.046875,0.12379646301269531,0.16631317138671875,0.16445674002170585,144,270,1,0,1.0,0.9947054136305081,15,17,14,1,0.8387096774193549,0.47363190826423057,
saheart,XGBoost,PCA,3,0.28125,0.0,0.12416267395019531,0.16345977783203125,0.17036576569080353,144,270,2,0,1.0,0.989469127314308,9,19,11,7,0.6645833333333333,0.1881505807209774,
saheart,XGBoost,PCA,4,0.375,0.09375,0.12421035766601562,0.16119003295898438,0.13870369270443916,144,270,2,0,1.0,0.989469127314308,11,17,13,5,0.6583333333333334,0.24233840809992135,
saheart,XGBoost,PCA,5,0.375,0.0,0.12416267395019531,0.16242218017578125,0.1576782912015915,144,270,2,0,1.0,0.989469127314308,12,19,11,4,0.8041666666666667,0.36514837167011077,
saheart,XGBoost,PCA,6,0.28125,0.0,0.12421035766601562,0.16404342651367188,0.16130193695425987,144,270,2,0,1.0,0.989469127314308,11,22,8,5,0.73125,0.407072784783951,
saheart,XGBoost,PCA,7,0.46875,0.0,0.12416267395019531,0.16508102416992188,0.14637064188718796,144,270,2,0,1.0,0.989469127314308,12,19,11,4,0.7854166666666667,0.36514837167011077,
saheart,XGBoost,PCA,8,0.296875,0.0,0.12416267395019531,0.16183853149414062,0.159971185028553,144,270,2,0,1.0,0.989469127314308,9,18,12,7,0.625,0.15537971921347118,
saheart,XGBoost,PCA,9,0.375,0.0,0.12421035766601562,0.16339492797851562,0.16116216778755188,144,270,2,0,1.0,0.989469127314308,13,12,18,3,0.7104166666666667,0.21590021590032385,
saheart,XGBoost,PCA,10,0.28125,0.0,0.12421035766601562,0.16449737548828125,0.1454627700150013,144,270,2,0,1.0,0.989469127314308,10,19,11,6,0.6020833333333333,0.2470139125957747,
saheart,XGBoost,Select Percentile (Mutual Info),1,0.5625,0.0,0.30382442474365234,0.1777181625366211,0.32950347661972046,144,268,3,0,0.9999359368593687,0.984249788752906,11,18,13,5,0.6330645161290323,0.2541799347390278,
saheart,XGBoost,Select Percentile (Mutual Info),2,0.078125,0.0,0.30548858642578125,0.1779775619506836,0.5801498031616226,141,271,0,3,0.9987571750717507,0.9840964707522117,6,23,8,10,0.5846774193548389,0.12116192578882784,
saheart,XGBoost,Select Percentile (Mutual Info),3,0.078125,0.0,0.30336570739746094,0.17603206634521484,0.6958336651325305,142,272,0,2,0.9985830269607843,0.9894004345001736,3,26,4,13,0.5895833333333333,0.07182430061427789,
saheart,XGBoost,Select Percentile (Mutual Info),4,0.078125,0.015625,0.3029289245605469,0.17039012908935547,0.2315985970199108,144,270,2,0,0.9999872344771242,0.989469127314308,10,15,15,6,0.61875,0.11952286093343938,
saheart,XGBoost,Select Percentile (Mutual Info),5,0.078125,0.0,0.3041095733642578,0.17817211151123047,0.617831504344941,142,272,0,2,0.9999489379084968,0.9894004345001736,6,24,6,10,0.6645833333333333,0.18981415059132414,
saheart,XGBoost,Select Percentile (Mutual Info),6,0.078125,0.0,0.30496978759765625,0.1701955795288086,0.5828808844089561,142,272,0,2,0.9992723651960784,0.9894004345001736,8,27,3,8,0.85,0.44663242099126604,
saheart,XGBoost,Select Percentile (Mutual Info),7,0.078125,0.015625,0.30410099029541016,0.17648601531982422,0.6894611895084433,142,272,0,2,0.9999489379084967,0.9894004345001736,5,20,10,11,0.5875,-0.021166687833365082,
saheart,XGBoost,Select Percentile (Mutual Info),8,0.078125,0.0,0.30385398864746094,0.1800527572631836,0.3179495632648468,144,269,3,0,0.9999106413398693,0.9842700417090842,8,22,8,8,0.7104166666666667,0.23333333333333334,
saheart,XGBoost,Select Percentile (Mutual Info),9,0.078125,0.0,0.3042745590209961,0.17765331268310547,0.7206118881702468,142,272,0,2,0.9992085375816994,0.9894004345001736,5,24,6,11,0.7229166666666667,0.12561536840379356,
saheart,XGBoost,Select Percentile (Mutual Info),10,0.09375,0.0,0.3053855895996094,0.1660451889038086,0.19014883041381836,144,270,2,0,1.0,0.989469127314308,11,17,13,5,0.6458333333333334,0.24233840809992135,
saheart,XGBoost,Random Undersampling,1,0.046875,0.015625,0.14508438110351562,0.13644123077392578,0.9054378664493561,142,251,20,2,0.9609471094710947,0.8902064497270737,4,25,6,12,0.560483870967742,0.06536064526481745,
saheart,XGBoost,Random Undersampling,2,0.046875,0.0,0.14499759674072266,0.13994312286376953,0.851283609867096,143,248,23,1,0.9649958999589996,0.8824423821864588,5,25,6,11,0.6633064516129032,0.13312621376399608,
saheart,XGBoost,Random Undersampling,3,0.03125,0.0,0.14504432678222656,0.14110946655273438,0.8652372241020204,143,253,19,1,0.9721966911764706,0.9007169969432011,9,23,7,7,0.6458333333333334,0.32916666666666666,
saheart,XGBoost,Random Undersampling,4,0.046875,0.0,0.14478111267089844,0.13968467712402344,0.9043133854866028,143,248,24,1,0.9556525735294118,0.878152831561198,5,29,1,11,0.7520833333333333,0.394801286162489,
saheart,XGBoost,Random Undersampling,5,0.046875,0.0,0.14517593383789062,0.1393604278564453,0.9081103473901748,142,252,20,2,0.9649969362745099,0.8903547660049165,7,25,5,9,0.8,0.29375999496276356,
saheart,XGBoost,Random Undersampling,6,0.046875,0.0,0.14517593383789062,0.1388416290283203,0.8998252153396606,142,247,25,2,0.9602736928104575,0.8678449427934368,5,29,1,11,0.6833333333333333,0.394801286162489,
saheart,XGBoost,Random Undersampling,7,0.046875,0.0,0.14504432678222656,0.1429920196533203,0.9000558853149414,142,247,25,2,0.9647416258169935,0.8678449427934368,7,24,6,9,0.7166666666666667,0.25122079554027393,
saheart,XGBoost,Random Undersampling,8,0.046875,0.0,0.14508819580078125,0.1422138214111328,0.9213081657886505,142,252,20,2,0.9637714460784313,0.8903547660049165,7,26,4,9,0.70625,0.33962673679544186,
saheart,XGBoost,Random Undersampling,9,0.046875,0.0,0.14517593383789062,0.1422138214111328,0.9006551504135133,142,256,16,2,0.9730902777777778,0.908953665460071,9,26,4,7,0.7583333333333334,0.45396038492365287,
saheart,XGBoost,Random Undersampling,10,0.03125,0.0,0.14500141143798828,0.1385812759399414,0.8961222767829895,143,248,24,1,0.9581290849673203,0.878152831561198,6,25,5,10,0.7208333333333333,0.2326210525996177,
saheart,XGBoost,SMOTE / SMOTENC,1,0.09375,0.0,0.5899724960327148,0.17910003662109375,0.09481799378991142,144,270,1,0,1.0,0.9947054136305081,11,15,16,5,0.5483870967741935,0.1642408589150596,
saheart,XGBoost,SMOTE / SMOTENC,2,0.078125,0.0,0.5902366638183594,0.18015289306640625,0.09437873661518106,144,270,1,0,1.0,0.9947054136305081,15,16,15,1,0.6633064516129032,0.4473594253036027,
saheart,XGBoost,SMOTE / SMOTENC,3,0.078125,0.0,0.5905523300170898,0.18204116821289062,0.09873107448220253,144,270,2,0,1.0,0.989469127314308,11,15,15,5,0.65625,0.18014417303072303,
saheart,XGBoost,SMOTE / SMOTENC,4,0.09375,0.0,0.5901832580566406,0.17864608764648438,0.10121772065758705,144,270,2,0,1.0,0.989469127314308,13,16,14,3,0.7291666666666666,0.33452515977294983,
saheart,XGBoost,SMOTE / SMOTENC,5,0.09375,0.0,0.5905990600585938,0.18281936645507812,0.10905244573950768,144,270,2,0,1.0,0.989469127314308,13,15,15,3,0.7625,0.3049687727964166,
saheart,XGBoost,SMOTE / SMOTENC,6,0.078125,0.0,0.5904693603515625,0.18149948120117188,0.09241042286157608,144,270,2,0,1.0,0.989469127314308,13,19,11,3,0.75,0.4250854043719932,
saheart,XGBoost,SMOTE / SMOTENC,7,0.09375,0.0,0.5906000137329102,0.1839752197265625,0.09123826213181019,144,270,2,0,1.0,0.989469127314308,13,18,12,3,0.7041666666666666,0.39442544108034994,
saheart,XGBoost,SMOTE / SMOTENC,8,0.09375,0.0,0.5905981063842773,0.18239593505859375,0.09481722302734852,144,270,2,0,1.0,0.989469127314308,13,16,14,3,0.6770833333333334,0.33452515977294983,
saheart,XGBoost,SMOTE / SMOTENC,9,0.09375,0.015625,0.5901308059692383,0.18206024169921875,0.10268561728298664,144,270,2,0,1.0,0.989469127314308,15,14,16,1,0.7645833333333334,0.4106337439672826,
saheart,XGBoost,SMOTE / SMOTENC,10,0.09375,0.0,0.5904674530029297,0.18030166625976562,0.10455955937504768,144,270,2,0,1.0,0.989469127314308,12,14,16,4,0.6687500000000001,0.21144501580551553,
