Dataset,Model,Preprocessor,Fold,Fit_Time_sec,Predict_Time_Test_sec,Peak_Memory_MB,Pipeline_Disk_Size_MB,Optimal_Threshold,Train_TP,Train_TN,Train_FP,Train_FN,Train_ROC_AUC,Train_MCC,Test_TP,Test_TN,Test_FP,Test_FN,Test_ROC_AUC,Test_MCC,Error_Log
spambase,GaussianNB,Baseline,1,0.0,0.0,5.43295955657959,0.0040416717529296875,0.9999999999999898,1363,2380,129,268,0.9489485919359832,0.798176257056129,156,262,17,26,0.942356926227894,0.803797498446397,
spambase,GaussianNB,Baseline,2,0.0,0.0,5.432677268981934,0.0040416717529296875,0.9999999999997484,1423,2318,192,208,0.9488205363707646,0.7973726649908683,154,256,22,28,0.9368329512214404,0.7716985171491897,
spambase,GaussianNB,Baseline,3,0.0,0.0,5.432677268981934,0.0040416717529296875,0.9999999999999811,1366,2385,125,265,0.9489695418204557,0.8018168250281201,153,260,18,29,0.9406870108308957,0.785096610090337,
spambase,GaussianNB,Baseline,4,0.015625,0.0,5.432677268981934,0.0040416717529296875,0.9999999999998966,1382,2359,150,250,0.9460816062176165,0.7965897130478747,154,265,14,27,0.9571080615457731,0.8123398696159246,
spambase,GaussianNB,Baseline,5,0.015625,0.0,5.432677268981934,0.0040416717529296875,0.9999999999999591,1391,2367,142,241,0.9501162237513578,0.8052902804663549,152,260,19,29,0.9463949781183786,0.7800651855188833,
spambase,GaussianNB,Baseline,6,0.015625,0.0,5.432677268981934,0.0040416717529296875,0.9999999999999769,1383,2359,150,249,0.9476541314014646,0.7971026178500044,159,256,23,22,0.9362660646745481,0.7952523567676387,
spambase,GaussianNB,Baseline,7,0.015625,0.0,5.432677268981934,0.0040416717529296875,0.9999999999999378,1389,2365,144,243,0.9485970603865301,0.8032433648122672,149,263,16,32,0.9473553931761025,0.7800742697349259,
spambase,GaussianNB,Baseline,8,0.015625,0.0,5.432677268981934,0.0040416717529296875,0.9999999999997725,1422,2316,193,210,0.9483689599793684,0.7958788326672969,155,258,21,26,0.9463949781183787,0.7850983364430659,
spambase,GaussianNB,Baseline,9,0.015625,0.0,5.432677268981934,0.0040416717529296875,0.9999999999999261,1385,2362,147,247,0.9483351356684563,0.7996604997776264,152,272,7,29,0.9652765401295075,0.8368577544130782,
spambase,GaussianNB,Baseline,10,0.015625,0.0,5.432677268981934,0.0040416717529296875,0.9999999999999222,1396,2373,136,236,0.9502669067826413,0.8109200511200496,150,260,19,31,0.9341670132081823,0.7707692462630307,
spambase,GaussianNB,Standard Scaler,1,0.015625,0.0,5.674277305603027,0.005408287048339844,1.0,1410,2311,198,221,0.9336629702659636,0.7875811100239457,161,256,23,21,0.9292410098861712,0.8006815210727554,
spambase,GaussianNB,Standard Scaler,2,0.015625,0.0,5.675407409667969,0.005408287048339844,1.0,1364,2371,139,267,0.942212022541349,0.7935102403441727,152,261,17,30,0.9361510791366907,0.7850854421907,
spambase,GaussianNB,Standard Scaler,3,0.015625,0.0,5.675407409667969,0.005408287048339844,0.9999999999999971,1417,2312,198,214,0.9372897130057329,0.7912928592491113,157,251,27,25,0.9243121985927741,0.764096796145544,
spambase,GaussianNB,Standard Scaler,4,0.015625,0.0,5.675407409667969,0.005408287048339844,1.0,1467,2085,424,165,0.8944527641666472,0.7160444421168174,167,231,48,14,0.8961068536010615,0.7349416156682238,
spambase,GaussianNB,Standard Scaler,5,0.015625,0.0,5.675407409667969,0.005408287048339844,1.0,1391,2352,157,241,0.9399696631342851,0.7976554571920221,152,258,21,29,0.9362858670468723,0.771011164090116,
spambase,GaussianNB,Standard Scaler,6,0.015625,0.0,5.675407409667969,0.005408287048339844,1.0,1395,2326,183,237,0.9351458523824039,0.7866863135436469,161,253,26,20,0.9234143250361393,0.7919959449854227,
spambase,GaussianNB,Standard Scaler,7,0.015625,0.0,5.675407409667969,0.005408287048339844,1.0,1386,2352,157,246,0.9394349459592525,0.7950812050769231,149,262,17,32,0.937721539040377,0.7753966916304957,
spambase,GaussianNB,Standard Scaler,8,0.015625,0.0,5.675407409667969,0.005408287048339844,0.9999999999999982,1414,2315,194,218,0.9382296038184107,0.7911918294770174,155,258,21,26,0.9369096417750846,0.7850983364430659,
spambase,GaussianNB,Standard Scaler,9,0.015625,0.0,5.675407409667969,0.005408287048339844,0.9999999999999929,1429,2303,206,203,0.9407562920544862,0.793254384688236,154,267,12,27,0.9611972514307215,0.8217263115907529,
spambase,GaussianNB,Standard Scaler,10,0.015625,0.0,5.675407409667969,0.005408287048339844,1.0,1396,2363,146,236,0.9425644884298878,0.8058111384459837,150,259,20,31,0.9263747796986079,0.7661952394970066,
spambase,GaussianNB,MinMax Scaler,1,0.015625,0.0,5.448827743530273,0.006366729736328125,1.0,1465,2087,422,166,0.8959043580449438,0.7162257908974311,164,236,43,18,0.8980365512623577,0.7340793647076941,
spambase,GaussianNB,MinMax Scaler,2,0.015625,0.0,5.449718475341797,0.006366729736328125,1.0,1429,2286,224,202,0.929097222391855,0.785100763594149,156,250,28,26,0.9205371966163332,0.7550220123433404,
spambase,GaussianNB,MinMax Scaler,3,0.015625,0.0,5.449850082397461,0.006366729736328125,1.0,1451,2218,292,180,0.9178409598882215,0.7653156402867849,159,243,35,23,0.9071764566368883,0.7403882634945468,
spambase,GaussianNB,MinMax Scaler,4,0.015625,0.0,5.449977874755859,0.006366729736328125,1.0,1476,2046,463,156,0.8879522688908166,0.7049699367527277,168,227,52,13,0.8899483158082339,0.7254532366950719,
spambase,GaussianNB,MinMax Scaler,5,0.015625,0.0,5.449806213378906,0.006366729736328125,1.0,1448,2234,275,184,0.9207216764744958,0.7709451979075237,164,251,28,17,0.9278500564367611,0.79819121283737,
spambase,GaussianNB,MinMax Scaler,6,0.015625,0.0,5.449981689453125,0.006366729736328125,1.0,1446,2217,292,186,0.9176425651966647,0.7620807611787668,165,243,36,16,0.9081367947880155,0.7707555252883247,
spambase,GaussianNB,MinMax Scaler,7,0.015625,0.015625,5.449934005737305,0.006366729736328125,1.0,1445,2240,269,187,0.9212922938206769,0.7720809004465955,154,248,31,27,0.9174340085942296,0.7369790468621249,
spambase,GaussianNB,MinMax Scaler,8,0.015625,0.0,5.449977874755859,0.006366729736328125,1.0,1445,2225,284,187,0.918591599653014,0.7651871078558695,160,247,32,21,0.9138497792035486,0.7620952673099232,
spambase,GaussianNB,MinMax Scaler,9,0.015625,0.0,5.449934005737305,0.006366729736328125,1.0,1436,2284,225,196,0.9293069459748826,0.7878624562304705,154,267,12,27,0.9541872116279531,0.8217263115907529,
spambase,GaussianNB,MinMax Scaler,10,0.0,0.0,5.449981689453125,0.006366729736328125,1.0,1447,2251,258,185,0.9240727254433061,0.7782545583381612,158,241,38,23,0.901007940751302,0.7278103839128487,
spambase,GaussianNB,IQR Capping,1,0.09375,0.0,5.876910209655762,0.004469871520996094,1.0,1477,2256,253,154,0.9291977452599215,0.7972648713228435,168,248,31,14,0.9204576785221947,0.8013059274040386,
spambase,GaussianNB,IQR Capping,2,0.109375,0.015625,5.877169609069824,0.004469871520996094,1.0,1468,2293,217,163,0.9346204391508155,0.80921598413048,160,254,24,22,0.9313878567475691,0.7913211475521549,
spambase,GaussianNB,IQR Capping,3,0.109375,0.015625,5.877001762390137,0.004469871520996094,1.0,1465,2271,239,166,0.9306761916161229,0.7972937419152463,165,247,31,17,0.9195094473871452,0.7862132349916754,
spambase,GaussianNB,IQR Capping,4,0.109375,0.015625,5.877214431762695,0.004469871520996094,1.0,1457,2294,215,175,0.9341643368188248,0.8037986784289367,162,254,25,19,0.9357413018079567,0.801055655394825,
spambase,GaussianNB,IQR Capping,5,0.109375,0.015625,5.877121925354004,0.004469871520996094,1.0,1460,2294,215,172,0.9347525379223032,0.8053971162297181,164,253,26,17,0.9341670132081823,0.8065161899841709,
spambase,GaussianNB,IQR Capping,6,0.09375,0.015625,5.877127647399902,0.004469871520996094,1.0,1462,2267,242,170,0.9291983906954572,0.7937823397077662,169,249,30,12,0.922117269648904,0.8146414962492438,
spambase,GaussianNB,IQR Capping,7,0.109375,0.015625,5.8770294189453125,0.004469871520996094,1.0,1473,2276,233,159,0.9318004204471746,0.8038957990896172,160,261,18,21,0.9440979029287708,0.8219313242976591,
spambase,GaussianNB,IQR Capping,8,0.109375,0.0,5.877213478088379,0.004469871520996094,1.0,1478,2273,236,154,0.9314284751365671,0.8051916083144293,160,254,25,21,0.9259391275074755,0.7914312532425148,
spambase,GaussianNB,IQR Capping,9,0.09375,0.0,5.876987457275391,0.004469871520996094,1.0,1481,2270,239,151,0.9308377097351497,0.8054185388744972,160,265,14,21,0.9524644052357472,0.8399336030724496,
spambase,GaussianNB,IQR Capping,10,0.109375,0.015625,5.877124786376953,0.004469871520996094,0.9999999999999982,1476,2286,223,156,0.9344621617080471,0.8101804382919248,162,244,35,19,0.9105823877700547,0.759773157792213,
spambase,GaussianNB,IQR Removal,1,0.09375,0.0,5.481658935546875,0.004223823547363281,0.9999999999999898,1363,2380,129,268,0.9489485919359832,0.798176257056129,156,262,17,26,0.942356926227894,0.803797498446397,
spambase,GaussianNB,IQR Removal,2,0.09375,0.0,5.484027862548828,0.004223823547363281,0.9999999999997484,1423,2318,192,208,0.9488205363707646,0.7973726649908683,154,256,22,28,0.9368329512214404,0.7716985171491897,
spambase,GaussianNB,IQR Removal,3,0.078125,0.0,5.484062194824219,0.004223823547363281,0.9999999999999811,1366,2385,125,265,0.9489695418204557,0.8018168250281201,153,260,18,29,0.9406870108308957,0.785096610090337,
spambase,GaussianNB,IQR Removal,4,0.09375,0.0,5.484088897705078,0.004223823547363281,0.9999999999998966,1382,2359,150,250,0.9460816062176165,0.7965897130478747,154,265,14,27,0.9571080615457731,0.8123398696159246,
spambase,GaussianNB,IQR Removal,5,0.09375,0.0,5.484061241149902,0.004223823547363281,0.9999999999999591,1391,2367,142,241,0.9501162237513578,0.8052902804663549,152,260,19,29,0.9463949781183786,0.7800651855188833,
spambase,GaussianNB,IQR Removal,6,0.09375,0.0,5.484062194824219,0.004223823547363281,0.9999999999999769,1383,2359,150,249,0.9476541314014646,0.7971026178500044,159,256,23,22,0.9362660646745481,0.7952523567676387,
spambase,GaussianNB,IQR Removal,7,0.09375,0.0,5.483966827392578,0.004223823547363281,0.9999999999999378,1389,2365,144,243,0.9485970603865301,0.8032433648122672,149,263,16,32,0.9473553931761025,0.7800742697349259,
spambase,GaussianNB,IQR Removal,8,0.09375,0.0,5.484216690063477,0.004223823547363281,0.9999999999997725,1422,2316,193,210,0.9483689599793684,0.7958788326672969,155,258,21,26,0.9463949781183787,0.7850983364430659,
spambase,GaussianNB,IQR Removal,9,0.09375,0.0,5.484109878540039,0.004223823547363281,0.9999999999999261,1385,2362,147,247,0.9483351356684563,0.7996604997776264,152,272,7,29,0.9652765401295075,0.8368577544130782,
spambase,GaussianNB,IQR Removal,10,0.09375,0.0,5.484013557434082,0.004223823547363281,0.9999999999999222,1396,2373,136,236,0.9502669067826413,0.8109200511200496,150,260,19,31,0.9341670132081823,0.7707692462630307,
spambase,GaussianNB,Yeo-Johnson,1,0.453125,0.0,5.445623397827148,0.00444793701171875,0.9999991011605857,1440,2376,133,191,0.9585487340607537,0.8354448889066167,160,260,19,22,0.9562015045886013,0.8134269722531977,
spambase,GaussianNB,Yeo-Johnson,2,0.46875,0.0,5.446800231933594,0.00444793701171875,0.9999992404914039,1438,2374,136,193,0.9584912343269474,0.8329297406611615,153,265,13,29,0.9556486678788838,0.8083406275737605,
spambase,GaussianNB,Yeo-Johnson,3,0.453125,0.0,5.446752548217773,0.00444793701171875,0.9999193485265137,1477,2330,180,154,0.9583080309051959,0.8316166745962253,163,256,22,19,0.9550952644477825,0.8142258606629891,
spambase,GaussianNB,Yeo-Johnson,4,0.46875,0.0,5.446800231933594,0.00444793701171875,0.9999999009924174,1440,2375,134,192,0.9592313260497503,0.8344896130447853,160,261,18,21,0.9488405711004179,0.8219313242976591,
spambase,GaussianNB,Yeo-Johnson,5,0.46875,0.0,5.446800231933594,0.00444793701171875,0.9999979509472574,1440,2375,134,192,0.9589138415429943,0.8344896130447853,161,258,21,20,0.9560189310679419,0.81345306745539,
spambase,GaussianNB,Yeo-Johnson,6,0.453125,0.0,5.446800231933594,0.00444793701171875,0.9999991692452779,1435,2370,139,197,0.9586497188552583,0.8293992409596689,164,265,14,17,0.9611873502445593,0.8584774950169982,
spambase,GaussianNB,Yeo-Johnson,7,0.484375,0.0,5.446752548217773,0.00444793701171875,0.9999992588699815,1441,2376,133,191,0.9578009362373885,0.8355076874618086,156,263,16,25,0.9590387928473831,0.8123133437343444,
spambase,GaussianNB,Yeo-Johnson,8,0.46875,0.0,5.446664810180664,0.00444793701171875,0.9999993933176847,1433,2368,141,199,0.9572884429778289,0.8273630921256223,164,268,11,17,0.9716033980870907,0.8720554274767265,
spambase,GaussianNB,Yeo-Johnson,9,0.453125,0.0,5.446800231933594,0.00444793701171875,0.9999934737326498,1455,2349,160,177,0.9587676765604607,0.8293141789974938,159,273,6,22,0.9655636745282086,0.8728562126122539,
spambase,GaussianNB,Yeo-Johnson,10,0.484375,0.0,5.446756362915039,0.00444793701171875,0.9999990090558267,1440,2375,134,192,0.960096349221235,0.8344896130447853,159,261,18,22,0.942177072813323,0.817245016626478,
spambase,GaussianNB,Quantile Transform,1,0.125,0.03125,5.890810966491699,0.4466743469238281,0.9986369525959992,1480,2292,217,151,0.9547723841014775,0.815606817139188,169,252,27,13,0.9561621174524401,0.8224401343907559,
spambase,GaussianNB,Quantile Transform,2,0.109375,0.03125,5.892117500305176,0.4466743469238281,0.9990279936821247,1485,2297,213,146,0.9550940322096042,0.8201918935516357,159,253,25,23,0.9480393707012411,0.7822463637499513,
spambase,GaussianNB,Quantile Transform,3,0.109375,0.015625,5.892203330993652,0.4466743469238281,0.9992574411890376,1481,2293,217,150,0.9547508311328566,0.8161724049251012,164,255,23,18,0.9512609692465808,0.8147100225912436,
spambase,GaussianNB,Quantile Transform,4,0.109375,0.015625,5.890734672546387,0.4466743469238281,0.9999989788034711,1482,2293,216,150,0.9542178793597951,0.8166776616006356,163,254,25,18,0.9397017762727975,0.8058799500074603,
spambase,GaussianNB,Quantile Transform,5,0.125,0.015625,5.890898704528809,0.4466743469238281,0.9982909555962763,1483,2294,215,149,0.9555246944333732,0.8176824260170636,164,252,27,17,0.9540485950216836,0.8023425023977152,
spambase,GaussianNB,Quantile Transform,6,0.109375,0.015625,5.892075538635254,0.4466743469238281,0.9998257920303077,1461,2313,196,171,0.9544058057659095,0.8149848461299936,168,252,27,13,0.9591477058951663,0.8218877847062135,
spambase,GaussianNB,Quantile Transform,7,0.109375,0.015625,5.8908586502075195,0.4466743469238281,0.9997713568985253,1460,2312,197,172,0.9543054318180042,0.8139761559967825,164,255,24,17,0.956226855977346,0.8149321276057078,
spambase,GaussianNB,Quantile Transform,8,0.109375,0.015625,5.891570091247559,0.4466743469238281,0.999820461342713,1459,2311,198,173,0.9535385846247626,0.8129674658635715,169,257,22,12,0.9658409077407474,0.8474962315203937,
spambase,GaussianNB,Quantile Transform,9,0.125,0.015625,5.892203330993652,0.4466743469238281,0.9991555990356932,1477,2288,221,155,0.9542771024312473,0.8116538395184956,161,269,10,20,0.9625339115626051,0.8629379784580958,
spambase,GaussianNB,Quantile Transform,10,0.125,0.015625,5.890978813171387,0.4466743469238281,0.9997686690242721,1465,2317,192,167,0.956596204643675,0.8190196066628376,157,254,25,24,0.9357214994356324,0.7770516460798874,
spambase,GaussianNB,Uniform Binning,1,0.015625,0.0,5.461009979248047,0.008831024169921875,1.0,1617,748,1761,14,0.64579555293158,0.3650758893633439,181,77,202,1,0.6357674583481034,0.35265023679507657,
spambase,GaussianNB,Uniform Binning,2,0.015625,0.0,5.462182998657227,0.008831024169921875,3.24975698238775e-64,1623,731,1779,8,0.645070362327514,0.36537721610851753,180,90,188,2,0.6588169025219385,0.38233174527333,
spambase,GaussianNB,Uniform Binning,3,0.03125,0.0,5.462314605712891,0.008831024169921875,1.0,1619,708,1802,12,0.6382514088343133,0.35416224784744005,180,82,196,2,0.6425310301209582,0.35942200446214756,
spambase,GaussianNB,Uniform Binning,4,0.015625,0.0,5.462226867675781,0.008831024169921875,1.0,1616,770,1739,16,0.6497554880860275,0.370205393875009,180,96,183,1,0.6691023584625438,0.40545190284901217,
spambase,GaussianNB,Uniform Binning,5,0.015625,0.0,5.46226692199707,0.008831024169921875,1.0,1615,741,1768,17,0.6437538098140811,0.36003765642728247,179,85,194,2,0.6484682865007227,0.36626705481956884,
spambase,GaussianNB,Uniform Binning,6,0.015625,0.015625,5.462314605712891,0.008831024169921875,1.0,1621,756,1753,11,0.6480971199759298,0.3705409194262189,176,68,211,5,0.609556624883661,0.2889254867237654,
spambase,GaussianNB,Uniform Binning,7,0.015625,0.0,5.462247848510742,0.008831024169921875,1.5367766586197202e-13,1621,734,1775,11,0.6444901296509038,0.3635973739621272,180,79,200,1,0.6411810134854156,0.3578243019770278,
spambase,GaussianNB,Uniform Binning,8,0.015625,0.0,5.462314605712891,0.008831024169921875,1.0,1618,749,1760,14,0.6460515428770153,0.36545739346171635,179,89,190,2,0.6556367452820848,0.377644403503266,
spambase,GaussianNB,Uniform Binning,9,0.015625,0.0,5.462270736694336,0.008831024169921875,1.0,1619,744,1765,13,0.6452630823154292,0.3648326095192448,179,72,207,2,0.624754945642488,0.32843908869506094,
spambase,GaussianNB,Uniform Binning,10,0.015625,0.0,5.462270736694336,0.008831024169921875,1.0,1621,767,1742,11,0.6503566327886277,0.3739979511413917,180,85,194,1,0.6501514881482802,0.3748202660264834,
spambase,GaussianNB,Quantile Binning,1,0.03125,0.0,5.461725234985352,0.0073757171630859375,0.9024600076559123,1371,2348,161,260,0.9534089295702852,0.7857612861274323,146,258,21,36,0.9417759659695143,0.7392611452656145,
spambase,GaussianNB,Quantile Binning,2,0.046875,0.0,5.462945938110352,0.0073757171630859375,0.884566709143474,1364,2342,168,267,0.9519033614163823,0.7786271637210176,150,261,17,32,0.9480097240888609,0.7758980647289115,
spambase,GaussianNB,Quantile Binning,3,0.03125,0.015625,5.461519241333008,0.0073757171630859375,0.885775539368999,1359,2337,173,272,0.9496923403870721,0.7735086370408074,157,260,18,25,0.9613506996600522,0.803635666494984,
spambase,GaussianNB,Quantile Binning,4,0.03125,0.0,5.463619232177734,0.0073757171630859375,0.8944854293940281,1365,2342,167,267,0.9517622588094624,0.779188588245948,151,261,18,30,0.9546129626329235,0.7799997753635747,
spambase,GaussianNB,Quantile Binning,5,0.03125,0.0,5.463493347167969,0.0073757171630859375,0.8193817898072989,1388,2323,186,244,0.9523066226291235,0.7815497433595745,152,248,31,29,0.9493455315946852,0.7272866140637586,
spambase,GaussianNB,Quantile Binning,6,0.03125,0.0,5.463493347167969,0.0073757171630859375,0.888205752399109,1365,2342,167,267,0.9525941903265891,0.779188588245948,154,264,15,27,0.9466722113309175,0.8076913626652066,
spambase,GaussianNB,Quantile Binning,7,0.046875,0.0,5.4625701904296875,0.0073757171630859375,0.9013161415714388,1369,2346,163,263,0.9529235194476355,0.7832829705522838,144,261,18,37,0.9448800966355769,0.7477064672832869,
spambase,GaussianNB,Quantile Binning,8,0.03125,0.0,5.4635772705078125,0.0073757171630859375,0.885682655438642,1363,2340,169,269,0.9506714553099039,0.7771413970927802,156,264,15,25,0.9640388918592446,0.816897537936311,
spambase,GaussianNB,Quantile Binning,9,0.03125,0.0,5.463493347167969,0.0073757171630859375,0.9448614512823402,1341,2359,150,291,0.9512357229659499,0.7756222727433815,153,265,14,28,0.9586823501455476,0.8077641304184879,
spambase,GaussianNB,Quantile Binning,10,0.03125,0.0,5.462947845458984,0.0073757171630859375,0.8270224942383108,1383,2318,191,249,0.9523780566431433,0.7764593712744581,155,255,24,26,0.9449494049387117,0.7718620721683562,
spambase,GaussianNB,PCA,1,0.0625,0.0,3.796358108520508,0.004126548767089844,0.05794166041375841,1071,1841,668,560,0.6972511466385024,0.38650338041135024,124,206,73,58,0.7054236086494151,0.41467760117795727,
spambase,GaussianNB,PCA,2,0.0,0.0,3.797067642211914,0.004126548767089844,0.049885834405207705,1068,1839,671,563,0.6899223461763003,0.38360074420691087,128,207,71,54,0.7139101905288957,0.44207234913805604,
spambase,GaussianNB,PCA,3,0.09375,0.046875,3.797243118286133,0.004126548767089844,0.05166472583174347,1053,1865,645,578,0.6882277145251001,0.3860871218859132,104,217,61,78,0.6769211004822515,0.35888296758741134,
spambase,GaussianNB,PCA,4,0.09375,0.0,3.797199249267578,0.004126548767089844,0.05957581007399153,1075,1845,664,557,0.6939981751967427,0.39014813630458645,129,199,80,52,0.7255193172142023,0.4179354472054761,
spambase,GaussianNB,PCA,5,0.078125,0.0625,3.7706193923950195,0.0036382675170898438,0.21107810686052267,875,2017,492,757,0.624148653084191,0.3533668377016536,94,216,63,87,0.606645676152003,0.3024291014181745,
spambase,GaussianNB,PCA,6,0.015625,0.0,3.797199249267578,0.004126548767089844,0.0728428275291737,1089,1817,692,543,0.6974420273290662,0.3863878871573192,115,208,71,66,0.6930038218578586,0.3791372617269393,
spambase,GaussianNB,PCA,7,0.09375,0.0,3.797199249267578,0.004126548767089844,0.053481781502823136,1102,1830,679,530,0.7016141400761181,0.3993641673253711,115,190,89,66,0.667082516485475,0.31109397233061103,
spambase,GaussianNB,PCA,8,0.09375,0.0,3.797243118286133,0.004126548767089844,0.051632285525276586,1068,1838,671,564,0.6897389984291844,0.38313912807165257,123,204,75,58,0.6940533475910413,0.4052527774895251,
spambase,GaussianNB,PCA,9,0.09375,0.0,3.797243118286133,0.004126548767089844,0.048901154003380985,1055,1866,643,577,0.6994392490954134,0.3876432557858742,117,210,69,64,0.7051624784649201,0.39727214166812597,
spambase,GaussianNB,PCA,10,0.09375,0.0,3.7971115112304688,0.004126548767089844,0.054020843044342653,1075,1845,664,557,0.6940140494220804,0.39014813630458645,120,200,79,61,0.7101625774767818,0.37452694181723223,
spambase,GaussianNB,Select Percentile (Mutual Info),1,1.546875,0.0,9.09694766998291,0.0038814544677734375,0.5141567498154035,1423,2317,192,208,0.9489766943234887,0.7973411172068169,156,249,30,26,0.9429280397022333,0.7468851249048217,
spambase,GaussianNB,Select Percentile (Mutual Info),2,0.75,0.0,9.099095344543457,0.0038814544677734375,0.7596063192200961,1400,2336,174,231,0.9501116319516538,0.7942387644520157,153,259,19,29,0.9405585421772472,0.7805334895859661,
spambase,GaussianNB,Select Percentile (Mutual Info),3,0.75,0.0,9.099183082580566,0.0038814544677734375,0.015360087160475855,1409,2304,206,222,0.9470997676980611,0.7831864515934353,156,257,21,26,0.9408451260969246,0.7855333342441841,
spambase,GaussianNB,Select Percentile (Mutual Info),4,0.75,0.0,9.099139213562012,0.0038814544677734375,0.13718397634076412,1430,2282,227,202,0.9466939849873788,0.7837154520004525,155,264,15,26,0.9536624487613616,0.8122912125768684,
spambase,GaussianNB,Select Percentile (Mutual Info),5,0.75,0.0,9.099226951599121,0.0038814544677734375,0.12192620676523054,1476,2246,263,156,0.9477452250330184,0.7916641793626538,165,248,31,16,0.9548901958454623,0.7908022513518168,
spambase,GaussianNB,Select Percentile (Mutual Info),6,0.75,0.0,9.09926700592041,0.0038814544677734375,0.2553439239736114,1417,2311,198,215,0.9477195820536266,0.7908128711021155,161,253,26,20,0.9529990692885008,0.7919959449854227,
spambase,GaussianNB,Select Percentile (Mutual Info),7,0.765625,0.0,9.099394798278809,0.0038814544677734375,0.05449697479946072,1426,2320,189,206,0.952576118131589,0.7999316019194419,155,261,18,26,0.9545931602605993,0.7985708140614778,
spambase,GaussianNB,Select Percentile (Mutual Info),8,0.765625,0.0,9.099183082580566,0.0038814544677734375,0.013322283132983292,1412,2306,203,220,0.9476786753960252,0.7857469095369342,157,255,24,24,0.9391869145923681,0.781381809540783,
spambase,GaussianNB,Select Percentile (Mutual Info),9,0.734375,0.0,9.09926700592041,0.0038814544677734375,0.4911613592862784,1421,2315,194,211,0.9495752789956158,0.7948656403542605,159,264,15,22,0.956018931067942,0.8307574890408785,
spambase,GaussianNB,Select Percentile (Mutual Info),10,0.75,0.0,9.099183082580566,0.0038814544677734375,0.022288006636406697,1479,2290,219,153,0.9534495668534452,0.8136633683513516,159,249,30,22,0.9373749975247035,0.7654884156050438,
spambase,GaussianNB,Random Undersampling,1,0.03125,0.0,5.941936492919922,0.029237747192382812,0.999999999999961,1402,2338,171,229,0.9460029729882296,0.7967432522864065,162,258,21,20,0.9457540667218086,0.8140719012199189,
spambase,GaussianNB,Random Undersampling,2,0.015625,0.0,5.941905975341797,0.029237747192382812,0.9999999999996744,1406,2342,168,225,0.9490572351916674,0.8003478659587229,155,259,19,27,0.9395110285398055,0.7898238732171872,
spambase,GaussianNB,Random Undersampling,3,0.03125,0.0,5.941815376281738,0.029237747192382812,0.9999999999999558,1379,2357,153,252,0.9483620392739281,0.793982743761648,153,257,21,29,0.9361411969325638,0.7714892455587341,
spambase,GaussianNB,Random Undersampling,4,0.0,0.0,5.945207595825195,0.029253005981445312,0.9999999999998497,1402,2337,172,230,0.9453710514696113,0.7958027851979005,159,262,17,22,0.9574149983167983,0.8217219278398624,
spambase,GaussianNB,Random Undersampling,5,0.03125,0.0,5.945387840270996,0.029253005981445312,0.9999999999997105,1424,2317,192,208,0.9463992128337984,0.7974169766111338,160,257,22,21,0.948375215350799,0.8043527121115144,
spambase,GaussianNB,Random Undersampling,6,0.015625,0.0,5.945211410522461,0.029253005981445312,0.999999999999806,1401,2336,173,231,0.9457103935635633,0.7947847107808772,159,253,26,22,0.9319689498801956,0.7823558855124498,
spambase,GaussianNB,Random Undersampling,7,0.03125,0.0,5.945387840270996,0.029253005981445312,0.999999999999781,1423,2317,192,209,0.9470725242069726,0.7968920249803331,155,260,19,26,0.948078179765936,0.7940530329145947,
spambase,GaussianNB,Random Undersampling,8,0.03125,0.0,5.94538688659668,0.029253005981445312,0.9999999999989214,1411,2346,163,221,0.9496686927062574,0.80496545495111,155,262,17,26,0.9475237133408583,0.8031161364359837,
spambase,GaussianNB,Random Undersampling,9,0.03125,0.0,5.945430755615234,0.029253005981445312,0.9999999999992527,1428,2322,187,204,0.9489784081229145,0.8019579865455145,156,270,9,25,0.9656428840175053,0.8450216297490555,
spambase,GaussianNB,Random Undersampling,10,0.03125,0.0,5.945430755615234,0.029253005981445312,0.999999999999963,1386,2363,146,246,0.9479694179385585,0.8006840953542104,149,260,19,32,0.9346818748886117,0.7661294001828858,
spambase,GaussianNB,SMOTE / SMOTENC,1,0.234375,0.09375,7.030385971069336,0.7138748168945312,0.9999999999999982,1375,2375,134,256,0.948168445221971,0.8016739062550212,157,260,19,25,0.9381129623065108,0.7994165964237779,
spambase,GaussianNB,SMOTE / SMOTENC,2,0.234375,0.015625,7.032632827758789,0.7138748168945312,0.9999999999999976,1365,2384,126,266,0.9469655406577248,0.800787198720493,148,261,17,34,0.935824966400506,0.7667319998147671,
spambase,GaussianNB,SMOTE / SMOTENC,3,0.21875,0.0,7.032365798950195,0.7138748168945312,0.9999999999999947,1410,2336,174,221,0.9464462200248667,0.7994384360132561,157,254,24,25,0.9350640366827417,0.7770516460798874,
spambase,GaussianNB,SMOTE / SMOTENC,4,0.171875,0.0,7.031366348266602,0.7143096923828125,0.9999999999999964,1365,2373,136,267,0.9438886430419119,0.7951179852497531,153,267,12,28,0.9571971722212321,0.8171870468858571,
spambase,GaussianNB,SMOTE / SMOTENC,5,0.21875,0.0,7.031278610229492,0.7143096923828125,1.0,1354,2395,114,278,0.9469660447877835,0.8010987515450573,151,262,17,30,0.9421968751856472,0.7846135879561014,
spambase,GaussianNB,SMOTE / SMOTENC,6,0.1875,0.0,7.031278610229492,0.7143096923828125,0.9999999999999991,1364,2370,139,268,0.9436258635578583,0.7930521422733492,157,257,22,24,0.9296619735044258,0.7901164385444105,
spambase,GaussianNB,SMOTE / SMOTENC,7,0.25,0.0,7.031278610229492,0.7143096923828125,0.9999999999999982,1376,2382,127,256,0.9468466217694731,0.8053848711140076,149,265,14,32,0.9449593061248738,0.7895197868944648,
spambase,GaussianNB,SMOTE / SMOTENC,8,0.21875,0.0,7.031278610229492,0.7143096923828125,0.9999999999999976,1359,2377,132,273,0.9469324646957228,0.794153559183418,150,266,13,31,0.9469791481019426,0.7988232452025175,
spambase,GaussianNB,SMOTE / SMOTENC,9,0.234375,0.0,7.031322479248047,0.7143096923828125,0.9999999999999982,1371,2377,132,261,0.9459608399956236,0.8002462340970666,150,273,6,31,0.9636824491574091,0.8329833350790729,
spambase,GaussianNB,SMOTE / SMOTENC,10,0.234375,0.0,7.031278610229492,0.7143096923828125,0.9999999999999929,1397,2368,141,235,0.9481094774498081,0.8088732493642712,151,260,19,30,0.9323649973266798,0.7754144341129791,
spambase,LogisticRegression,Baseline,1,0.046875,0.0,5.43143367767334,0.002841949462890625,0.5015905808812939,1467,2361,148,164,0.9672024366480547,0.8419333020768627,162,257,22,20,0.9560242624758754,0.8097433181712882,
spambase,LogisticRegression,Baseline,2,0.046875,0.0,5.432791709899902,0.002841949462890625,0.48363033586554877,1462,2357,153,169,0.9657256931806801,0.836891402312289,159,257,21,23,0.9642066566526999,0.7996371349333772,
spambase,LogisticRegression,Baseline,3,0.046875,0.0,5.432791709899902,0.002841949462890625,0.46850786954224827,1475,2370,140,156,0.969621452876416,0.8500643147527625,169,263,15,13,0.9735156929401534,0.8729942017719874,
spambase,LogisticRegression,Baseline,4,0.046875,0.0,5.432791709899902,0.002841949462890625,0.5222751988466193,1464,2358,151,168,0.9658447725443305,0.8384329098148203,164,266,13,17,0.9635438325511395,0.8629755846687351,
spambase,LogisticRegression,Baseline,5,0.046875,0.0,5.432791709899902,0.002841949462890625,0.49795413115489545,1464,2358,151,168,0.9649512978766637,0.8384329098148203,165,263,16,16,0.9673458880373869,0.8542545396938553,
spambase,LogisticRegression,Baseline,6,0.046875,0.0,5.432791709899902,0.002841949462890625,0.4966764280928133,1464,2358,151,168,0.9666237085707142,0.8384329098148203,165,260,19,16,0.9626725281688746,0.8411316536634225,
spambase,LogisticRegression,Baseline,7,0.046875,0.0,5.432791709899902,0.002841949462890625,0.5068774552308721,1466,2360,149,166,0.9660997370251407,0.8404592944408928,163,262,17,18,0.9694647418760768,0.8404448093543503,
spambase,LogisticRegression,Baseline,8,0.046875,0.0,5.432791709899902,0.002841949462890625,0.4815147912764826,1461,2355,154,171,0.9648063539883869,0.8353933328757115,164,263,16,17,0.9702766391413691,0.8495628426633833,
spambase,LogisticRegression,Baseline,9,0.046875,0.0,5.432791709899902,0.002841949462890625,0.5109132478290344,1466,2360,149,166,0.9672701558702397,0.8404592944408928,157,272,7,24,0.967365690409711,0.8591074371789124,
spambase,LogisticRegression,Baseline,10,0.046875,0.015625,5.432791709899902,0.002841949462890625,0.44205167387548183,1493,2345,164,139,0.9685215332645613,0.8472629303927456,158,253,26,23,0.9484742272124201,0.7775471874037685,
spambase,LogisticRegression,Standard Scaler,1,0.03125,0.0,5.674277305603027,0.004223823547363281,0.44663545435941937,1487,2381,128,144,0.9763594163402921,0.8622024770177925,162,255,24,20,0.9643940289101579,0.801159091263763,
spambase,LogisticRegression,Standard Scaler,2,0.03125,0.0,5.675363540649414,0.004223823547363281,0.4488223690569808,1485,2380,130,146,0.9754992293242725,0.8601973243223575,162,263,15,20,0.9704522096608429,0.8403573873093221,
spambase,LogisticRegression,Standard Scaler,3,0.03125,0.0,5.675407409667969,0.004223823547363281,0.44157135608115283,1483,2378,132,148,0.9754150778858814,0.8581707224084385,167,264,14,15,0.9738121590639577,0.8680551995186441,
spambase,LogisticRegression,Standard Scaler,4,0.03125,0.015625,5.675359725952148,0.004223823547363281,0.44291904586403746,1483,2377,132,149,0.97544110808931,0.8576835637625095,168,263,16,13,0.9698013822055882,0.8683821392032741,
spambase,LogisticRegression,Standard Scaler,5,0.03125,0.0,5.675407409667969,0.004223823547363281,0.47910736834096956,1465,2400,109,167,0.9760654535827882,0.8599414734703674,161,256,23,20,0.9701380225350997,0.8047976729436201,
spambase,LogisticRegression,Standard Scaler,6,0.03125,0.0,5.675407409667969,0.004223823547363281,0.44335433822670145,1483,2375,134,149,0.9752534259020468,0.8566940809706036,168,262,17,13,0.9707716984494743,0.8640341950830347,
spambase,LogisticRegression,Standard Scaler,7,0.03125,0.015625,5.675407409667969,0.004223823547363281,0.40403804330241677,1504,2356,153,128,0.975214961432959,0.8583585218580666,168,268,11,13,0.9762371532109546,0.8905154536127091,
spambase,LogisticRegression,Standard Scaler,8,0.03125,0.0,5.675407409667969,0.004223823547363281,0.4372370113694167,1485,2379,130,147,0.9755439242257286,0.8597099483885821,163,263,16,18,0.9730885760114061,0.8448795376725734,
spambase,LogisticRegression,Standard Scaler,9,0.03125,0.0,5.675407409667969,0.004223823547363281,0.36916059521777267,1522,2333,176,110,0.9754448934815058,0.8568682382577562,168,270,9,13,0.9789302758470465,0.8995600391025409,
spambase,LogisticRegression,Standard Scaler,10,0.03125,0.015625,5.675407409667969,0.004223823547363281,0.4493547604124329,1494,2388,121,138,0.9764530288998821,0.8688286792059086,158,260,19,23,0.9636824491574091,0.8080989030180264,
spambase,LogisticRegression,MinMax Scaler,1,0.03125,0.015625,5.448783874511719,0.0051670074462890625,0.41534929729659736,1438,2332,177,193,0.9535915950890712,0.8125429984125143,160,254,25,22,0.9455866713931229,0.7873319135227721,
spambase,LogisticRegression,MinMax Scaler,2,0.015625,0.0,5.44993782043457,0.0051670074462890625,0.3997130334718462,1450,2303,207,181,0.9533494470920731,0.8043791206482745,158,252,26,24,0.941655466835323,0.7731715799477477,
spambase,LogisticRegression,MinMax Scaler,3,0.03125,0.0,5.45002555847168,0.0051670074462890625,0.3978107885280585,1446,2299,211,185,0.9518670871388756,0.8003439274708003,161,261,17,21,0.9563997153925211,0.8267387907429161,
spambase,LogisticRegression,MinMax Scaler,4,0.03125,0.0,5.449977874755859,0.0051670074462890625,0.41752487793779997,1431,2325,184,201,0.9529402484389531,0.8049975634846233,156,258,21,25,0.9479989702766392,0.7898066758011236,
spambase,LogisticRegression,MinMax Scaler,5,0.015625,0.0,5.449934005737305,0.0051670074462890625,0.4108318319699055,1432,2326,183,200,0.9545729735696591,0.8060107557976596,160,257,22,21,0.949246519733064,0.8043527121115144,
spambase,LogisticRegression,MinMax Scaler,6,0.015625,0.0,5.449850082397461,0.0051670074462890625,0.4142476098068008,1431,2325,184,201,0.9524328837752719,0.8049975634846233,164,251,28,17,0.9542367175587635,0.79819121283737,
spambase,LogisticRegression,MinMax Scaler,7,0.03125,0.0,5.44993782043457,0.0051670074462890625,0.416601533442813,1433,2327,182,199,0.9526103087707782,0.8070239481106959,158,256,23,23,0.9533852155488228,0.790490900809917,
spambase,LogisticRegression,MinMax Scaler,8,0.03125,0.0,5.449934005737305,0.0051670074462890625,0.39688716841924465,1451,2303,206,181,0.952441065106792,0.8048979447978835,161,257,22,20,0.9578011445771203,0.8091130287775657,
spambase,LogisticRegression,MinMax Scaler,9,0.015625,0.0,5.449762344360352,0.0051670074462890625,0.3998068954229851,1452,2304,205,180,0.952514452871623,0.8059066349310945,157,258,21,24,0.9514247806887265,0.7945216962581547,
spambase,LogisticRegression,MinMax Scaler,10,0.015625,0.0,5.44993782043457,0.0051670074462890625,0.3982460316046342,1461,2313,196,171,0.9556367908861434,0.8149848461299936,157,259,20,24,0.9469296421711321,0.798952789409575,
spambase,LogisticRegression,IQR Capping,1,0.140625,0.015625,5.876459121704102,0.0032701492309570312,0.44583167547429275,1498,2351,158,133,0.9748515399741801,0.8532612877852136,165,259,20,17,0.9681358068454844,0.8326000617061093,
spambase,LogisticRegression,IQR Capping,2,0.140625,0.015625,5.876891136169434,0.0032701492309570312,0.5262728497355472,1462,2398,112,169,0.9767485545250023,0.8573661466879905,161,262,16,21,0.9783975017787968,0.8312200451317991,
spambase,LogisticRegression,IQR Capping,3,0.15625,0.015625,5.877007484436035,0.0032701492309570312,0.5713056851327987,1431,2409,101,200,0.9747002181342075,0.8472154212358337,160,269,9,22,0.9807692307692308,0.8588588558892285,
spambase,LogisticRegression,IQR Capping,4,0.15625,0.015625,5.876936912536621,0.0032701492309570312,0.5630011426643323,1469,2404,105,163,0.977885983010183,0.8640137711384606,160,269,10,21,0.9761579437216579,0.8583871856567302,
spambase,LogisticRegression,IQR Capping,5,0.140625,0.015625,5.87684440612793,0.0032701492309570312,0.537393660189562,1435,2412,97,197,0.9765781910611994,0.8508402786068224,163,262,17,18,0.9710093269173647,0.8404448093543503,
spambase,LogisticRegression,IQR Capping,6,0.15625,0.015625,5.876986503601074,0.0032701492309570312,0.4937965784558808,1475,2369,140,157,0.9745709563219469,0.8495780252582193,170,263,16,11,0.9749499990098814,0.8778464601095723,
spambase,LogisticRegression,IQR Capping,7,0.15625,0.015625,5.876791954040527,0.0032701492309570312,0.448033678253444,1488,2382,127,144,0.9782201965082566,0.8627495253276909,163,267,12,18,0.9754846630626348,0.8628895301469128,
spambase,LogisticRegression,IQR Capping,8,0.140625,0.0,5.876935005187988,0.0032701492309570312,0.5316994735031257,1459,2393,116,173,0.9753362160926548,0.8533270493970487,161,263,16,20,0.9725341095863284,0.8355372438433808,
spambase,LogisticRegression,IQR Capping,9,0.140625,0.0,5.8771257400512695,0.0032701492309570312,0.5320018154487494,1459,2394,115,173,0.9745350561507984,0.8538330269682277,157,271,8,24,0.9777025287629458,0.8542998240367883,
spambase,LogisticRegression,IQR Capping,10,0.140625,0.015625,5.8771257400512695,0.0032701492309570312,0.460238417008158,1493,2387,122,139,0.9783791829804858,0.8678154868928722,156,262,17,25,0.9692469157805105,0.8077573640519317,
spambase,LogisticRegression,IQR Removal,1,0.140625,0.0,5.481773376464844,0.0030241012573242188,0.5015905808812939,1467,2361,148,164,0.9672024366480547,0.8419333020768627,162,257,22,20,0.9560242624758754,0.8097433181712882,
spambase,LogisticRegression,IQR Removal,2,0.125,0.0,5.484419822692871,0.0030241012573242188,0.48363033586554877,1462,2357,153,169,0.9657256931806801,0.836891402312289,159,257,21,23,0.9642066566526999,0.7996371349333772,
spambase,LogisticRegression,IQR Removal,3,0.125,0.0,5.484177589416504,0.0030241012573242188,0.46850786954224827,1475,2370,140,156,0.969621452876416,0.8500643147527625,169,263,15,13,0.9735156929401534,0.8729942017719874,
spambase,LogisticRegression,IQR Removal,4,0.140625,0.0,5.484175682067871,0.0030241012573242188,0.5222751988466193,1464,2358,151,168,0.9658447725443305,0.8384329098148203,164,266,13,17,0.9635438325511395,0.8629755846687351,
spambase,LogisticRegression,IQR Removal,5,0.125,0.0,5.484081268310547,0.0030241012573242188,0.49795413115489545,1464,2358,151,168,0.9649512978766637,0.8384329098148203,165,263,16,16,0.9673458880373869,0.8542545396938553,
spambase,LogisticRegression,IQR Removal,6,0.125,0.0,5.484576225280762,0.0030241012573242188,0.4966764280928133,1464,2358,151,168,0.9666237085707142,0.8384329098148203,165,260,19,16,0.9626725281688746,0.8411316536634225,
spambase,LogisticRegression,IQR Removal,7,0.140625,0.0,5.484175682067871,0.0030241012573242188,0.5068774552308721,1466,2360,149,166,0.9660997370251407,0.8404592944408928,163,262,17,18,0.9694647418760768,0.8404448093543503,
spambase,LogisticRegression,IQR Removal,8,0.125,0.0,5.483986854553223,0.0030241012573242188,0.4815147912764826,1461,2355,154,171,0.9648063539883869,0.8353933328757115,164,263,16,17,0.9702766391413691,0.8495628426633833,
spambase,LogisticRegression,IQR Removal,9,0.140625,0.0,5.4841766357421875,0.0030241012573242188,0.5109132478290344,1466,2360,149,166,0.9672701558702397,0.8404592944408928,157,272,7,24,0.967365690409711,0.8591074371789124,
spambase,LogisticRegression,IQR Removal,10,0.125,0.0,5.4844770431518555,0.0030241012573242188,0.44205167387548183,1493,2345,164,139,0.9685215332645613,0.8472629303927456,158,253,26,23,0.9484742272124201,0.7775471874037685,
spambase,LogisticRegression,Yeo-Johnson,1,0.484375,0.0,5.445671081542969,0.0032482147216796875,0.5097502064691292,1417,2394,115,214,0.9719434316045316,0.8328587677625165,153,265,14,29,0.9661073693331758,0.8038904180162685,
spambase,LogisticRegression,Yeo-Johnson,2,0.484375,0.0,5.446756362915039,0.0032482147216796875,0.47777955084029067,1435,2371,139,196,0.971593820914991,0.829875189907808,155,264,14,27,0.9667167365009091,0.8127504723276482,
spambase,LogisticRegression,Yeo-Johnson,3,0.484375,0.015625,5.446800231933594,0.0032482147216796875,0.5054906515139408,1416,2393,117,215,0.9709796009096662,0.831344745649164,164,266,12,18,0.9806111155032019,0.863169687497733,
spambase,LogisticRegression,Yeo-Johnson,4,0.5,0.0,5.446752548217773,0.0032482147216796875,0.48219465709770765,1437,2372,137,195,0.9713377429489134,0.8314353897937155,158,262,17,23,0.973643042436484,0.8170600434978446,
spambase,LogisticRegression,Yeo-Johnson,5,0.484375,0.0,5.446800231933594,0.0032482147216796875,0.5040850964514153,1418,2395,114,214,0.9715581504622574,0.8334391538048959,157,260,19,24,0.9679795639517614,0.8034101321414642,
spambase,LogisticRegression,Yeo-Johnson,6,0.46875,0.0,5.446800231933594,0.0032482147216796875,0.5087689806904254,1413,2390,119,219,0.9716577917536087,0.8283211759219762,160,269,10,21,0.9693261252698073,0.8583871856567302,
spambase,LogisticRegression,Yeo-Johnson,7,0.515625,0.0,5.446800231933594,0.0032482147216796875,0.4797745752138812,1434,2369,140,198,0.9713001332458053,0.8283811665426456,161,264,15,20,0.9706726865878532,0.8400337235382607,
spambase,LogisticRegression,Yeo-Johnson,8,0.484375,0.015625,5.446800231933594,0.0032482147216796875,0.5086484679342296,1417,2394,115,215,0.9708444208691847,0.8324155582283119,160,266,13,21,0.9792471138042338,0.8445035640137473,
spambase,LogisticRegression,Yeo-Johnson,9,0.5,0.0,5.446800231933594,0.0032482147216796875,0.5101917381954729,1414,2391,118,218,0.971472185426582,0.8293447714985601,155,270,9,26,0.9709301174280679,0.840526027497593,
spambase,LogisticRegression,Yeo-Johnson,10,0.5,0.0,5.446800231933594,0.0032482147216796875,0.5148568297315406,1420,2397,112,212,0.9726100010550255,0.8354863449580636,154,263,16,27,0.9606922909364543,0.8030720179608961,
spambase,LogisticRegression,Quantile Transform,1,0.15625,0.03125,5.890728950500488,0.4454622268676758,0.4744226310812584,1506,2400,109,125,0.9839050295698208,0.8814581932116758,170,266,13,12,0.9791838985387372,0.8866332211082373,
spambase,LogisticRegression,Quantile Transform,2,0.15625,0.03125,5.892119407653809,0.4454622268676758,0.48057094762966485,1507,2402,108,124,0.9842671008180643,0.8824899453754667,159,265,13,23,0.9796426594987746,0.835663810787145,
spambase,LogisticRegression,Quantile Transform,3,0.15625,0.015625,5.8921613693237305,0.4454622268676758,0.5843411130942271,1483,2419,91,148,0.9841555910020251,0.8787480019614659,163,265,13,19,0.9821329749387304,0.8540225704628787,
spambase,LogisticRegression,Quantile Transform,4,0.15625,0.03125,5.890896797180176,0.4454622268676758,0.5554985126461512,1484,2419,90,148,0.9841536156112505,0.8792848873938098,163,269,10,18,0.9839402760450702,0.8720632139851089,
spambase,LogisticRegression,Quantile Transform,5,0.171875,0.015625,5.891909599304199,0.4454622268676758,0.4294661276802931,1528,2380,129,104,0.9841488533436491,0.8825670850551306,170,261,18,11,0.98120754866433,0.8692451931951928,
spambase,LogisticRegression,Quantile Transform,6,0.15625,0.015625,5.892203330993652,0.4454622268676758,0.5441698067051486,1482,2417,92,150,0.9845259272501348,0.8772487385597633,169,270,9,12,0.9821976672805403,0.9041602084161722,
spambase,LogisticRegression,Quantile Transform,7,0.140625,0.015625,5.892157554626465,0.4454622268676758,0.4857522308179125,1507,2401,108,125,0.9844132202502364,0.8820001792753801,165,267,12,16,0.9834650191092893,0.8721216982771866,
spambase,LogisticRegression,Quantile Transform,8,0.140625,0.015625,5.892031669616699,0.4454622268676758,0.40647463363576103,1524,2376,133,108,0.9839001164435484,0.8785323245222866,172,264,15,9,0.9872472722232124,0.8916527594888479,
spambase,LogisticRegression,Quantile Transform,9,0.140625,0.015625,5.892329216003418,0.4454622268676758,0.47235587232780396,1503,2397,112,129,0.9835554015348666,0.877947410023235,163,268,11,18,0.9853858492247372,0.8674619451671625,
spambase,LogisticRegression,Quantile Transform,10,0.15625,0.015625,5.892203330993652,0.4454622268676758,0.3495150588212388,1548,2359,150,84,0.9860718325791855,0.8829921130848845,162,258,21,19,0.9678013426008436,0.8182048526346554,
spambase,LogisticRegression,Uniform Binning,1,0.03125,0.0,5.461009979248047,0.007618904113769531,0.4962620756040058,801,2334,175,830,0.8129051783902904,0.4850520460656133,96,253,26,86,0.8097896726928986,0.48120532406727695,
spambase,LogisticRegression,Uniform Binning,2,0.03125,0.0,5.462314605712891,0.007618904113769531,0.3736281600443142,1011,2100,410,620,0.8132425540022618,0.4698299864816216,110,220,58,72,0.8006265317416397,0.40192653408041107,
spambase,LogisticRegression,Uniform Binning,3,0.03125,0.0,5.462270736694336,0.007618904113769531,0.4489951313314546,870,2257,253,761,0.8114063671738552,0.4754657100990227,92,248,30,90,0.8010712309273461,0.4403979305360257,
spambase,LogisticRegression,Uniform Binning,4,0.03125,0.0,5.462270736694336,0.007618904113769531,0.5438364119831198,808,2342,167,824,0.8226935727459577,0.49356190879899164,77,259,20,104,0.8195211786372008,0.4236174381816637,
spambase,LogisticRegression,Uniform Binning,5,0.03125,0.0,5.462270736694336,0.007618904113769531,0.38351153228785995,942,2164,345,690,0.8072089985854843,0.4642495643417849,107,244,35,74,0.8192340442384998,0.4924943638716272,
spambase,LogisticRegression,Uniform Binning,6,0.03125,0.0,5.46226692199707,0.007618904113769531,0.5008993330861979,777,2319,190,855,0.8096842787533507,0.46244625679077156,102,257,22,79,0.821570724172756,0.5336033828401927,
spambase,LogisticRegression,Uniform Binning,7,0.03125,0.015625,5.462314605712891,0.007618904113769531,0.46613064840990076,800,2307,202,832,0.8105182861307137,0.4674465108543145,80,256,23,101,0.7751044575140101,0.4213567776741249,
spambase,LogisticRegression,Uniform Binning,8,0.03125,0.015625,5.462270736694336,0.007618904113769531,0.5411721674380338,747,2345,164,885,0.8058146310536969,0.46283921367233116,82,259,20,99,0.8183330362977486,0.44846462770544343,
spambase,LogisticRegression,Uniform Binning,9,0.03125,0.015625,5.462314605712891,0.007618904113769531,0.35016874905132517,1129,2012,497,503,0.8202005867113685,0.49402203243540666,121,226,53,60,0.8108180360007129,0.48206515584118215,
spambase,LogisticRegression,Uniform Binning,10,0.03125,0.0,5.462314605712891,0.007618904113769531,0.45551048710403114,816,2288,221,816,0.808282462546597,0.4645901448142633,85,256,23,96,0.7991544387017565,0.44623804064011086,
spambase,LogisticRegression,Quantile Binning,1,0.046875,0.0,5.462230682373047,0.006163597106933594,0.5208097222998851,1400,2377,132,231,0.9639844689100845,0.8154531767234637,144,257,22,38,0.9460100831068572,0.7253868436820075,
spambase,LogisticRegression,Quantile Binning,2,0.046875,0.0,5.463619232177734,0.006163597106933594,0.5153743732035857,1391,2369,141,240,0.9618625436940161,0.8062672077941524,150,264,14,32,0.9590184994861254,0.7900017994211342,
spambase,LogisticRegression,Quantile Binning,3,0.03125,0.0,5.463659286499023,0.006163597106933594,0.47341401659262594,1403,2339,171,228,0.959574699363185,0.7972933152053693,165,262,16,17,0.9727745276306428,0.8498544888308927,
spambase,LogisticRegression,Quantile Binning,4,0.046875,0.0,5.463451385498047,0.006163597106933594,0.5266325538010482,1394,2371,138,238,0.9614543281441712,0.8088728599668817,148,264,15,33,0.9627517376581713,0.7802163285864121,
spambase,LogisticRegression,Quantile Binning,5,0.046875,0.0,5.463535308837891,0.006163597106933594,0.5568391662789929,1376,2392,117,256,0.9623421857782571,0.8106065173720852,156,255,24,25,0.9568110259609102,0.776618576191119,
spambase,LogisticRegression,Quantile Binning,6,0.03125,0.0,5.463703155517578,0.006163597106933594,0.4820629525189253,1413,2348,161,219,0.9628421017669722,0.8070016037851566,156,263,16,25,0.9550684171963802,0.8123133437343444,
spambase,LogisticRegression,Quantile Binning,7,0.046875,0.0,5.463535308837891,0.006163597106933594,0.556425179164426,1374,2392,117,258,0.9628870380356208,0.8095962978834484,149,263,16,32,0.9566823105408028,0.7800742697349259,
spambase,LogisticRegression,Quantile Binning,8,0.03125,0.0,5.463619232177734,0.006163597106933594,0.5560956610486479,1368,2386,123,264,0.9609683326299832,0.8034192024034362,157,267,12,24,0.970642983029367,0.8353829499668384,
spambase,LogisticRegression,Quantile Binning,9,0.046875,0.0,5.462526321411133,0.006163597106933594,0.5419648122779065,1370,2388,121,262,0.9616594719793058,0.805478234230107,154,268,11,27,0.9657121923206401,0.8264652411735899,
spambase,LogisticRegression,Quantile Binning,10,0.046875,0.0,5.463571548461914,0.006163597106933594,0.5112141571755436,1389,2362,147,243,0.9617541067842044,0.8017109279315525,152,261,18,29,0.960197231628349,0.7846336287289514,
spambase,LogisticRegression,PCA,1,0.109375,0.09375,3.796358108520508,0.0041828155517578125,0.3099919354405506,1169,1856,653,462,0.8040264123343579,0.4493280632342776,132,203,76,50,0.8088739217771477,0.4448591997581852,
spambase,LogisticRegression,PCA,2,0.1875,0.0,3.797243118286133,0.0041828155517578125,0.30852584530958665,1166,1854,656,465,0.8031596483471387,0.44643573373028617,136,203,75,46,0.8151830184204285,0.46855651814907334,
spambase,LogisticRegression,PCA,3,0.1875,0.0,3.797243118286133,0.0041828155517578125,0.3094257682621586,1167,1855,655,464,0.8023509884435281,0.4474314069554812,124,223,55,58,0.828622816032888,0.48490224458167885,
spambase,LogisticRegression,PCA,4,0.1875,0.0,3.797243118286133,0.0041828155517578125,0.3165698712190175,1148,1876,633,484,0.803855751647012,0.445280235612324,134,212,67,47,0.8115804273351946,0.4926368028861508,
spambase,LogisticRegression,PCA,5,0.1875,0.0,3.7706193923950195,0.0037174224853515625,0.32389755395574776,1350,1456,1053,282,0.7654938544768246,0.4035098257206935,147,152,127,34,0.7461731915483474,0.3553253758911203,
spambase,LogisticRegression,PCA,6,0.015625,0.0,3.7971115112304688,0.0041828155517578125,0.313458811238081,1162,1890,619,470,0.8041937505372815,0.45925469117791834,120,214,65,61,0.802114893364225,0.42841654403991547,
spambase,LogisticRegression,PCA,7,0.09375,0.0,3.797243118286133,0.0041828155517578125,0.31399843832482593,1159,1887,622,473,0.8080136997006853,0.456260164985291,127,197,82,54,0.7768272639062159,0.40006084298303,
spambase,LogisticRegression,PCA,8,0.15625,0.0,3.797199249267578,0.0041828155517578125,0.3103079983355483,1163,1850,659,469,0.8019907743886713,0.44296312881802746,135,208,71,46,0.82352125784669,0.48273070111665883,
spambase,LogisticRegression,PCA,9,0.1875,0.0,3.7970237731933594,0.0041828155517578125,0.30763257578942405,1155,1883,626,477,0.8048748769136989,0.45226746339512114,130,208,71,51,0.7982237272025189,0.45675051612458,
spambase,LogisticRegression,PCA,10,0.1875,0.0,3.797067642211914,0.0041828155517578125,0.31134694890004466,1152,1880,629,480,0.8060274677826491,0.4492729372024938,137,200,79,44,0.7940751302005981,0.4637357910070279,
spambase,LogisticRegression,Select Percentile (Mutual Info),1,1.609375,0.0,9.097193717956543,0.003330230712890625,0.39352355501867914,1468,2280,229,163,0.958946566120397,0.8035453088025705,158,251,28,24,0.9507266926621765,0.7649764470244689,
spambase,LogisticRegression,Select Percentile (Mutual Info),2,0.78125,0.0,9.09934139251709,0.003330230712890625,0.4169472078310779,1476,2288,222,155,0.9582304747899878,0.8111480441419331,163,251,27,19,0.9531978812554351,0.7929843029847325,
spambase,LogisticRegression,Select Percentile (Mutual Info),3,0.78125,0.0,9.0994291305542,0.003330230712890625,0.42557124080104797,1440,2293,217,191,0.9572925954062352,0.794291137704589,169,258,20,13,0.9662423907028224,0.851403259171375,
spambase,LogisticRegression,Select Percentile (Mutual Info),4,0.796875,0.015625,9.099385261535645,0.003330230712890625,0.3814963660592412,1466,2277,232,166,0.9590877253651561,0.8006014309377875,163,257,22,18,0.9639596823699479,0.8186573564327098,
spambase,LogisticRegression,Select Percentile (Mutual Info),5,0.78125,0.0,9.0994291305542,0.003330230712890625,0.3986105249638241,1460,2271,238,172,0.9558475517548591,0.7945728444392194,163,253,26,18,0.9685340303768392,0.801667776132985,
spambase,LogisticRegression,Select Percentile (Mutual Info),6,0.78125,0.0,9.09920597076416,0.003330230712890625,0.4463474080640868,1442,2294,215,190,0.9570262740409039,0.7958197335989845,161,253,26,20,0.9530683775916354,0.7919959449854227,
spambase,LogisticRegression,Select Percentile (Mutual Info),7,0.78125,0.0,9.099385261535645,0.003330230712890625,0.46720875030232595,1458,2310,199,174,0.9624376753491353,0.8119587757303605,164,264,15,17,0.964256717954811,0.8540067208606005,
spambase,LogisticRegression,Select Percentile (Mutual Info),8,0.796875,0.015625,9.0994291305542,0.003330230712890625,0.38188780055595434,1453,2305,204,179,0.9601378664259645,0.8069153250643055,165,258,21,16,0.9615833976910434,0.8325092602566058,
spambase,LogisticRegression,Select Percentile (Mutual Info),9,0.78125,0.0,9.0994291305542,0.003330230712890625,0.40622263787745383,1481,2251,258,151,0.9580112086684016,0.7966706138147494,160,256,23,21,0.9530683775916354,0.800021204920476,
spambase,LogisticRegression,Select Percentile (Mutual Info),10,0.78125,0.0,9.099297523498535,0.003330230712890625,0.4519567989255101,1469,2321,188,163,0.9630375989574788,0.8230543671956815,151,250,29,30,0.9418404324838116,0.7310284096459537,
spambase,LogisticRegression,Random Undersampling,1,0.078125,0.0,5.941976547241211,0.028036117553710938,0.6019035335251005,1472,2366,143,159,0.9711133115144768,0.8470005958120951,163,257,22,19,0.9615581551065422,0.8144928024327744,
spambase,LogisticRegression,Random Undersampling,2,0.078125,0.0,5.941976547241211,0.028036117553710938,0.6578661091101401,1450,2386,124,181,0.9680611704011666,0.845147943674576,156,263,15,26,0.9686931773262709,0.8126943818037373,
spambase,LogisticRegression,Random Undersampling,3,0.0625,0.0,5.941928863525391,0.028036117553710938,0.6018130119212445,1458,2353,157,173,0.966457896189613,0.832838198484451,168,258,20,14,0.9708474978259152,0.8466285276745951,
spambase,LogisticRegression,Random Undersampling,4,0.0625,0.0,5.945413589477539,0.028051376342773438,0.57225954291679,1462,2356,153,170,0.9651323861549402,0.8364065251887478,162,263,16,19,0.9654844650389117,0.8402044096573287,
spambase,LogisticRegression,Random Undersampling,5,0.0625,0.0,5.945545196533203,0.028051376342773438,0.6074887575996863,1461,2355,154,171,0.9658632110676076,0.8353933328757115,165,262,17,16,0.9688706707063507,0.8498544888308927,
spambase,LogisticRegression,Random Undersampling,6,0.0625,0.0,5.945501327514648,0.028051376342773438,0.631709576993009,1454,2348,161,178,0.9650143063403122,0.8283009866844576,163,259,20,18,0.9652864413156697,0.8272966764917451,
spambase,LogisticRegression,Random Undersampling,7,0.0625,0.015625,5.945501327514648,0.028051376342773438,0.5533083057857997,1471,2323,186,161,0.9635762236341329,0.8250717474621035,163,260,19,18,0.9686726469831086,0.8316537781431413,
spambase,LogisticRegression,Random Undersampling,8,0.0625,0.0,5.9454145431518555,0.028051376342773438,0.5420921161642356,1490,2342,167,142,0.9721976375245197,0.8442368599931126,166,262,17,15,0.9710489316620131,0.8545721480630142,
spambase,LogisticRegression,Random Undersampling,9,0.0625,0.0,5.945457458496094,0.028051376342773438,0.49182169017565364,1519,2289,220,113,0.9657218083526755,0.8347195156506759,162,265,14,19,0.9687617576585675,0.8491896213874598,
spambase,LogisticRegression,Random Undersampling,10,0.0625,0.0,5.94545841217041,0.028051376342773438,0.5797649192416745,1482,2334,175,150,0.9677765436585156,0.8361673389274246,156,250,29,25,0.9491871126160915,0.7551297823222549,
spambase,LogisticRegression,SMOTE / SMOTENC,1,0.1875,0.0,7.030557632446289,0.7126731872558594,0.5599921649012506,1471,2359,150,160,0.9671450100301088,0.8430310821724811,161,258,21,21,0.9552956004568908,0.8093465674110836,
spambase,LogisticRegression,SMOTE / SMOTENC,2,0.234375,0.0,7.032655715942383,0.7126731872558594,0.6048938752870554,1464,2359,151,167,0.9669414310874223,0.838918004226208,161,261,17,21,0.9671515534824888,0.8267387907429161,
spambase,LogisticRegression,SMOTE / SMOTENC,3,0.25,0.0,7.032747268676758,0.7126731872558594,0.605141378693519,1440,2376,134,191,0.9659791245807694,0.834966107830064,162,264,14,20,0.9679223654043798,0.8448754534280244,
spambase,LogisticRegression,SMOTE / SMOTENC,4,0.328125,0.0,7.03148078918457,0.7131080627441406,0.599134047567121,1462,2356,153,170,0.9667224950960854,0.8364065251887478,164,265,14,17,0.9647715796352403,0.8584774950169982,
spambase,LogisticRegression,SMOTE / SMOTENC,5,0.359375,0.0,7.031349182128906,0.7131080627441406,0.5603080385318704,1463,2357,152,169,0.9676345303964551,0.837419717501784,165,260,19,16,0.9689300778233232,0.8411316536634225,
spambase,LogisticRegression,SMOTE / SMOTENC,6,0.25,0.0,7.0311737060546875,0.7131080627441406,0.5969889250014797,1463,2357,152,169,0.9672489088301721,0.837419717501784,165,261,18,16,0.9654052555496148,0.8454803242059244,
spambase,LogisticRegression,SMOTE / SMOTENC,7,0.296875,0.0,7.031436920166016,0.7131080627441406,0.596241032126159,1466,2360,149,166,0.9690276768339859,0.8404592944408928,164,263,16,17,0.9708311055664468,0.8495628426633833,
spambase,LogisticRegression,SMOTE / SMOTENC,8,0.203125,0.0,7.031389236450195,0.7131080627441406,0.5851073955101865,1470,2364,145,162,0.9669173817394633,0.844512063693038,165,265,14,16,0.9727717380542189,0.8631339040486277,
spambase,LogisticRegression,SMOTE / SMOTENC,9,0.34375,0.015625,7.03143310546875,0.7131080627441406,0.48279951598507037,1505,2316,193,127,0.9682536251846294,0.8397872431784799,160,270,9,21,0.9699102952533714,0.8630745372684703,
spambase,LogisticRegression,SMOTE / SMOTENC,10,0.21875,0.0,7.031345367431641,0.7131080627441406,0.542387594513609,1494,2346,163,138,0.9696747346806398,0.8482716205259565,157,256,23,24,0.9494049387116575,0.785736609500152,
spambase,KNN,Baseline,1,0.0,0.0,5.431242942810059,1.834355354309082,0.6,1359,2245,264,272,0.9480149817493321,0.7286412504813757,136,234,45,46,0.8680826342116664,0.5865286893134899,
spambase,KNN,Baseline,2,0.171875,0.0,5.432425498962402,1.8347978591918945,0.6,1355,2245,265,276,0.9477932537171974,0.7260696608717393,136,234,44,46,0.8706913590007115,0.5901234923480595,
spambase,KNN,Baseline,3,0.1875,0.1875,5.432377815246582,1.8347978591918945,0.6,1350,2260,250,281,0.9479597245597621,0.7306331744804241,132,246,32,50,0.8831725828128705,0.6229294940674616,
spambase,KNN,Baseline,4,0.1875,0.0,5.432425498962402,1.8347978591918945,0.6,1347,2256,253,285,0.9472399362295736,0.7271179272444931,140,239,40,41,0.8812748767302323,0.6307300432465902,
spambase,KNN,Baseline,5,0.1875,0.1875,5.432377815246582,1.8347978591918945,0.6,1352,2253,256,280,0.9475244511913973,0.7283243722428376,146,235,44,35,0.8820471692508763,0.643837650323539,
spambase,KNN,Baseline,6,0.0,0.0,5.432425498962402,1.8347978591918945,0.6,1358,2255,254,274,0.9481770039622066,0.7324786518395092,129,242,37,52,0.8707994217707281,0.590078211789467,
spambase,KNN,Baseline,7,0.0,0.0,5.432377815246582,1.8347978591918945,0.6,1352,2252,257,280,0.9474596110863637,0.727842197389816,125,238,41,56,0.8556110021980634,0.5530145158212613,
spambase,KNN,Baseline,8,0.1875,0.1875,5.432425498962402,1.8347978591918945,0.6,1343,2247,262,289,0.9457919626599145,0.7206436437542538,135,247,32,46,0.8990574070773679,0.6411940858423646,
spambase,KNN,Baseline,9,0.0,0.0,5.432425498962402,1.8347978591918945,0.6,1328,2270,239,304,0.9475113854828501,0.723901238036209,136,231,48,45,0.8759381373888592,0.577710293444856,
spambase,KNN,Baseline,10,0.1875,0.171875,5.432377815246582,1.8347978591918945,0.6,1357,2272,237,275,0.9507185895482146,0.7401844881165691,135,229,50,46,0.8490564169587516,0.5645470599908903,
spambase,KNN,Standard Scaler,1,0.1875,0.0,5.674080848693848,1.8357372283935547,0.6,1491,2386,123,140,0.9868148485195785,0.8667523975250535,159,254,25,23,0.9453601953601954,0.7825579268756896,
spambase,KNN,Standard Scaler,2,0.1875,0.1875,5.675210952758789,1.8361797332763672,0.6,1482,2390,120,149,0.9863445054851105,0.8636181796463875,158,261,17,24,0.935824966400506,0.8127927734206142,
spambase,KNN,Standard Scaler,3,0.375,0.1875,5.675210952758789,1.8361797332763672,0.6,1489,2395,115,142,0.986210522716003,0.869722462433773,160,258,20,22,0.9566566526998181,0.8087464237414345,
spambase,KNN,Standard Scaler,4,0.1875,0.171875,5.675210952758789,1.8361797332763672,0.6,1466,2395,114,166,0.985314387811721,0.8579236734477876,161,260,19,20,0.9696627655993189,0.8222087427362842,
spambase,KNN,Standard Scaler,5,0.1875,0.0,5.675210952758789,1.8361797332763672,0.6,1464,2396,113,168,0.9854770375667206,0.8574046398806082,165,263,16,16,0.9727618368680567,0.8542545396938553,
spambase,KNN,Standard Scaler,6,0.1875,0.0,5.675210952758789,1.8361797332763672,0.6,1489,2382,127,143,0.9863438923795903,0.8632671328663603,157,258,21,24,0.9482167963722055,0.7945216962581547,
spambase,KNN,Standard Scaler,7,0.265625,0.0,5.675210952758789,1.8361797332763672,0.6,1484,2388,121,148,0.9864589194585766,0.8636652964714256,155,260,19,26,0.9401968355809026,0.7940530329145947,
spambase,KNN,Standard Scaler,8,0.1875,0.0,5.675210952758789,1.8361797332763672,0.6,1485,2392,117,147,0.9857335894700646,0.8661771011829928,160,268,11,21,0.9700885166042892,0.8537298903537389,
spambase,KNN,Standard Scaler,9,0.1875,0.0,5.675210952758789,1.8361797332763672,0.6,1479,2383,126,153,0.9856760759305715,0.85859360665876,157,260,19,24,0.9395433572942038,0.8034101321414642,
spambase,KNN,Standard Scaler,10,0.375,0.1875,5.675210952758789,1.8361797332763672,0.6,1483,2396,113,149,0.986759308645738,0.8671504307960485,152,260,19,29,0.9514049783164023,0.7800651855188833,
spambase,KNN,MinMax Scaler,1,0.15625,0.0,5.448320388793945,1.8366804122924805,0.6,1466,2388,121,165,0.983913338101779,0.8548565690769943,159,252,27,23,0.934420418291386,0.7740221080842924,
spambase,KNN,MinMax Scaler,2,0.1875,0.0,5.449565887451172,1.837122917175293,0.6,1467,2383,127,164,0.9838607556286197,0.8523862999607588,157,261,17,25,0.9505889793659579,0.8081585008756402,
spambase,KNN,MinMax Scaler,3,0.1875,0.171875,5.449785232543945,1.837122917175293,0.6,1465,2394,116,166,0.9839736089364186,0.856881940545301,157,262,16,25,0.9592457901810421,0.8127088090983042,
spambase,KNN,MinMax Scaler,4,0.265625,0.1875,5.449522018432617,1.837122917175293,0.6,1454,2395,114,178,0.9828614536687532,0.8517820825107624,156,255,24,25,0.9592170141983009,0.776618576191119,
spambase,KNN,MinMax Scaler,5,0.234375,0.03125,5.449785232543945,1.837122917175293,0.6,1451,2394,115,181,0.9838606750990552,0.8497407704072713,166,256,23,15,0.9645141487950256,0.8288022965289409,
spambase,KNN,MinMax Scaler,6,0.1875,0.0,5.449522018432617,1.837122917175293,0.6,1473,2385,124,159,0.9840863333177033,0.8564963745389421,155,256,23,26,0.9359888314620091,0.7762486108984852,
spambase,KNN,MinMax Scaler,7,0.1875,0.0,5.449522018432617,1.837122917175293,0.6,1480,2392,117,152,0.9844369094788175,0.8636033014825949,151,259,20,30,0.937612625992594,0.7708570974145262,
spambase,KNN,MinMax Scaler,8,0.1875,0.0,5.449872970581055,1.837122917175293,0.6,1467,2382,127,165,0.983340855273955,0.8519039607025638,153,265,14,28,0.9602170340006733,0.8077641304184879,
spambase,KNN,MinMax Scaler,9,0.1875,0.0,5.449609756469727,1.837122917175293,0.5600000000000364,1452,2387,122,180,0.9832986054126713,0.8467065060490647,152,266,13,29,0.9415532980851106,0.8079088525981243,
spambase,KNN,MinMax Scaler,10,0.1875,0.0,5.449522018432617,1.837122917175293,0.6,1462,2402,107,170,0.9845167690432092,0.8594242671672292,152,260,19,29,0.9502762430939227,0.7800651855188833,
spambase,KNN,IQR Capping,1,0.609375,0.1875,5.876215934753418,1.8347835540771484,0.6,1374,2250,259,257,0.9507385918357922,0.7390413931106834,135,225,54,47,0.8709972822876049,0.5448403706533532,
spambase,KNN,IQR Capping,2,0.765625,0.1875,5.87673282623291,1.835226058959961,0.4800000000000182,1359,2254,256,272,0.9510026112594381,0.73252140374546,136,236,42,46,0.883982923551269,0.5985442800491869,
spambase,KNN,IQR Capping,3,0.625,0.265625,5.876891136169434,1.835226058959961,0.6,1360,2260,250,271,0.9494971676750997,0.7359434637323032,138,240,38,44,0.8844770337576092,0.6253446445915202,
spambase,KNN,IQR Capping,4,0.625,0.1875,5.8766937255859375,1.835226058959961,0.6,1358,2260,249,274,0.9503482316601412,0.734891484014883,141,235,44,40,0.8881562011128934,0.6189992663712801,
spambase,KNN,IQR Capping,5,0.71875,0.1875,5.876824378967285,1.835226058959961,0.6,1374,2258,251,258,0.9520879246477387,0.7424331125012218,146,229,50,35,0.879700588130458,0.619824325446046,
spambase,KNN,IQR Capping,6,0.8125,0.359375,5.876965522766113,1.835226058959961,0.6,1377,2257,252,255,0.9522158953258466,0.7435513147734512,128,236,43,53,0.8626210420008318,0.5590710710143162,
spambase,KNN,IQR Capping,7,0.625,0.1875,5.8767290115356445,1.835226058959961,0.6,1367,2268,241,265,0.9518724015114216,0.7435342409285263,128,240,39,53,0.8723539079981782,0.5764168462849834,
spambase,KNN,IQR Capping,8,0.8125,0.1875,5.8768310546875,1.835226058959961,0.6,1350,2264,245,282,0.9495258246782172,0.732588912473834,141,251,28,40,0.9131170914275529,0.6876944843581351,
spambase,KNN,IQR Capping,9,0.8125,0.28125,5.876919746398926,1.835226058959961,0.6,1361,2266,243,271,0.9506041730163568,0.7393861414956578,138,231,48,43,0.8865324065823086,0.5876883810505859,
spambase,KNN,IQR Capping,10,0.625,0.1875,5.876734733581543,1.835226058959961,0.4800000000000182,1376,2270,239,256,0.9536395691197961,0.7492719862676283,136,232,47,45,0.8710667537971049,0.5818174323503237,
spambase,KNN,IQR Removal,1,0.625,0.09375,5.481263160705566,1.8345327377319336,0.6,1359,2245,264,272,0.9480149817493321,0.7286412504813757,136,234,45,46,0.8680826342116664,0.5865286893134899,
spambase,KNN,IQR Removal,2,0.609375,0.0,5.483857154846191,1.834975242614746,0.6,1355,2245,265,276,0.9477932537171974,0.7260696608717393,136,234,44,46,0.8706913590007115,0.5901234923480595,
spambase,KNN,IQR Removal,3,0.609375,0.0,5.483763694763184,1.834975242614746,0.6,1350,2260,250,281,0.9479597245597621,0.7306331744804241,132,246,32,50,0.8831725828128705,0.6229294940674616,
spambase,KNN,IQR Removal,4,0.78125,0.0,5.4838104248046875,1.834975242614746,0.6,1347,2256,253,285,0.9472399362295736,0.7271179272444931,140,239,40,41,0.8812748767302323,0.6307300432465902,
spambase,KNN,IQR Removal,5,0.796875,0.0,5.483809471130371,1.834975242614746,0.6,1352,2253,256,280,0.9475244511913973,0.7283243722428376,146,235,44,35,0.8820471692508763,0.643837650323539,
spambase,KNN,IQR Removal,6,0.78125,0.0,5.484297752380371,1.834975242614746,0.6,1358,2255,254,274,0.9481770039622066,0.7324786518395092,129,242,37,52,0.8707994217707281,0.590078211789467,
spambase,KNN,IQR Removal,7,0.609375,0.0,5.483762741088867,1.834975242614746,0.6,1352,2252,257,280,0.9474596110863637,0.727842197389816,125,238,41,56,0.8556110021980634,0.5530145158212613,
spambase,KNN,IQR Removal,8,0.796875,0.0,5.483761787414551,1.834975242614746,0.6,1343,2247,262,289,0.9457919626599145,0.7206436437542538,135,247,32,46,0.8990574070773679,0.6411940858423646,
spambase,KNN,IQR Removal,9,0.796875,0.015625,5.483761787414551,1.834975242614746,0.6,1328,2270,239,304,0.9475113854828501,0.723901238036209,136,231,48,45,0.8759381373888592,0.577710293444856,
spambase,KNN,IQR Removal,10,0.609375,0.0,5.483619689941406,1.834975242614746,0.6,1357,2272,237,275,0.9507185895482146,0.7401844881165691,135,229,50,46,0.8490564169587516,0.5645470599908903,
spambase,KNN,Yeo-Johnson,1,0.984375,0.171875,5.445518493652344,1.834761619567871,0.6,1453,2375,134,178,0.9811561273346059,0.8416389719179945,157,252,27,25,0.935838355193194,0.7644343326786238,
spambase,KNN,Yeo-Johnson,2,0.984375,0.0,5.446647644042969,1.8352041244506836,0.6,1464,2368,142,167,0.981290411621448,0.8433662597633268,155,261,17,27,0.9530101193770258,0.7989102633196924,
spambase,KNN,Yeo-Johnson,3,1.15625,0.0,5.446647644042969,1.8352041244506836,0.6,1469,2371,139,162,0.9814915689785311,0.8474459542725867,157,257,21,25,0.9440370780298838,0.7902276690319194,
spambase,KNN,Yeo-Johnson,4,1.171875,0.0625,5.446624755859375,1.8352041244506836,0.6,1466,2367,142,166,0.9815086033416953,0.8439193742540714,154,263,16,27,0.9512564605239708,0.8030720179608961,
spambase,KNN,Yeo-Johnson,5,1.15625,0.0,5.446603775024414,1.8352041244506836,0.6,1483,2372,137,149,0.9823737486226056,0.855212333062424,151,255,24,30,0.9317313214123053,0.7528987621891491,
spambase,KNN,Yeo-Johnson,6,1.15625,0.1875,5.446647644042969,1.8352041244506836,0.6,1471,2374,135,161,0.9820450300486875,0.8499820458092104,148,260,19,33,0.9321174676726272,0.761494673591787,
spambase,KNN,Yeo-Johnson,7,1.1875,0.0,5.446647644042969,1.8352041244506836,0.6,1461,2377,132,171,0.9813479073375064,0.8463098783522853,144,257,22,37,0.9341670132081823,0.7290670716702385,
spambase,KNN,Yeo-Johnson,8,1.171875,0.171875,5.446599960327148,1.8352041244506836,0.6,1460,2386,123,172,0.9813243402183511,0.8503086663841178,155,257,22,26,0.9498009861581418,0.7806605621926721,
spambase,KNN,Yeo-Johnson,9,1.0,0.1875,5.446647644042969,1.8352041244506836,0.6,1467,2370,139,165,0.9809033069186224,0.8459251574027143,162,258,21,19,0.9539693855323867,0.8182048526346554,
spambase,KNN,Yeo-Johnson,10,0.984375,0.1875,5.446647644042969,1.8352041244506836,0.6,1455,2369,140,177,0.9809609425675411,0.839217726386078,158,253,26,23,0.9530089704746628,0.7775471874037685,
spambase,KNN,Quantile Transform,1,0.828125,0.375,5.889151573181152,2.2769880294799805,0.6,1537,2420,89,94,0.9935926556487387,0.9073839611249058,162,252,27,20,0.9618634054117925,0.7884595858533492,
spambase,KNN,Quantile Transform,2,0.828125,0.375,5.891715049743652,2.277430534362793,0.6,1544,2418,92,87,0.9931654131481431,0.9095197943505205,166,266,12,16,0.9638113684876276,0.872377692881662,
spambase,KNN,Quantile Transform,3,0.640625,0.28125,5.891085624694824,2.277430534362793,0.6,1533,2411,99,98,0.9928995239153746,0.9003753853736916,169,267,11,13,0.9754328405407542,0.8907300230139501,
spambase,KNN,Quantile Transform,4,0.828125,0.359375,5.890959739685059,2.277430534362793,0.6,1530,2416,93,102,0.9923972229385976,0.9013114747853982,168,263,16,13,0.9772470741994891,0.8683821392032741,
spambase,KNN,Quantile Transform,5,0.78125,0.375,5.890748023986816,2.277430534362793,0.6,1537,2412,97,95,0.9927876067724818,0.9029354656240006,170,255,24,11,0.9767916196360324,0.8440207130762876,
spambase,KNN,Quantile Transform,6,0.828125,0.375,5.89016056060791,2.277430534362793,0.6,1534,2419,90,98,0.992674655553732,0.9048627392221675,166,269,10,15,0.9738014614150776,0.8858132127842563,
spambase,KNN,Quantile Transform,7,0.828125,0.375,5.8901567459106445,2.277430534362793,0.6,1532,2416,93,100,0.9930290171070421,0.9023410083147045,164,270,9,17,0.9719895443474127,0.8812497639755628,
spambase,KNN,Quantile Transform,8,0.828125,0.375,5.8913373947143555,2.277430534362793,0.6,1545,2411,98,87,0.9930691911080893,0.9065778584694533,169,262,17,12,0.9755143666211212,0.8687790201389791,
spambase,KNN,Quantile Transform,9,0.640625,0.328125,5.890622138977051,2.277430534362793,0.6,1538,2404,105,94,0.9921806008174494,0.8995069068797982,167,267,12,14,0.9802669359789302,0.8813882704246819,
spambase,KNN,Quantile Transform,10,0.765625,0.375,5.89016056060791,2.277430534362793,0.6,1533,2413,96,99,0.9926150661540025,0.9013665988104972,163,269,10,18,0.9775540109705143,0.8720632139851089,
spambase,KNN,Uniform Binning,1,0.1875,0.0,5.460905075073242,1.8391399383544922,0.8,1594,901,1608,37,0.6755948359052719,0.39268949852703905,175,91,188,7,0.6460671944542913,0.34372913336422933,
spambase,KNN,Uniform Binning,2,0.359375,0.0,5.462209701538086,1.8395824432373047,0.6400000000000091,1581,903,1607,50,0.6709936465053337,0.38202572221487463,172,111,167,10,0.6744604316546763,0.3824259755212733,
spambase,KNN,Uniform Binning,3,0.1875,0.171875,5.462253570556641,1.8395824432373047,0.8,1581,888,1622,50,0.6753979788998512,0.3771895474155062,175,100,178,7,0.6568898727172108,0.37181158878752363,
spambase,KNN,Uniform Binning,4,0.375,0.0,5.462209701538086,1.8395824432373047,0.8,1580,949,1560,52,0.6827691145210575,0.39534461920210173,175,105,174,6,0.6829145131586765,0.3918393346275146,
spambase,KNN,Uniform Binning,5,0.375,0.125,5.462253570556641,1.8395824432373047,0.8,1587,907,1602,45,0.6790367178158628,0.38780527044244684,174,94,185,7,0.6538545317729064,0.3519690761828437,
spambase,KNN,Uniform Binning,6,0.1875,0.15625,5.462253570556641,1.8395824432373047,0.8,1588,919,1590,44,0.6742093658906368,0.3924917636279018,175,86,193,6,0.6392304798114815,0.33597391690583117,
spambase,KNN,Uniform Binning,7,0.1875,0.0,5.462165832519531,1.8395824432373047,0.8,1588,884,1625,44,0.6720137163075672,0.3812937278568636,174,86,193,7,0.6324778708489276,0.3278973818917541,
spambase,KNN,Uniform Binning,8,0.375,0.15625,5.462253570556641,1.8395824432373047,0.8,1580,888,1621,52,0.6735454569432398,0.3757029821146954,176,94,185,5,0.6492009742767183,0.3676551362609,
spambase,KNN,Uniform Binning,9,0.21875,0.1875,5.462165832519531,1.8395824432373047,0.8,1580,892,1617,52,0.6747531191631695,0.37699762135753784,174,81,198,7,0.633765025050001,0.3125525244998147,
spambase,KNN,Uniform Binning,10,0.1875,0.0,5.462253570556641,1.8395824432373047,0.8,1577,926,1583,55,0.6765277354465102,0.3854402315197665,170,94,185,11,0.6429335234361078,0.3214166005395121,
spambase,KNN,Quantile Binning,1,0.546875,0.0,5.462169647216797,1.8376922607421875,1.0,1195,2509,0,436,0.9668678960524454,0.7900683296865102,121,273,6,61,0.9289751467170821,0.7038763333198593,
spambase,KNN,Quantile Binning,2,0.5625,0.0,5.4635162353515625,1.838134765625,0.8,1379,2443,67,252,0.9729202136884711,0.8392248242001766,148,266,12,34,0.9329690094078584,0.7905698317122963,
spambase,KNN,Quantile Binning,3,0.5625,0.0625,5.463300704956055,1.838134765625,1.0,1181,2510,0,450,0.9640010161683127,0.7835901596943147,119,275,3,63,0.9437307297019527,0.7123079671863259,
spambase,KNN,Quantile Binning,4,0.515625,0.03125,5.462671279907227,1.838134765625,1.0,1185,2509,0,447,0.965609467681054,0.7850498116919326,132,273,6,49,0.9355729816432008,0.7545186557988831,
spambase,KNN,Quantile Binning,5,0.5625,0.0,5.4635162353515625,1.838134765625,1.0,1199,2509,0,433,0.9664986685188224,0.7915502871875328,134,270,9,47,0.9247113804233748,0.7473465526983416,
spambase,KNN,Quantile Binning,6,0.546875,0.0,5.4620819091796875,1.838134765625,0.8,1389,2445,64,243,0.9734258141279628,0.84533704611761,141,265,14,40,0.9183548189073051,0.7532682530938732,
spambase,KNN,Quantile Binning,7,0.703125,0.171875,5.462547302246094,1.838134765625,0.8,1384,2433,76,248,0.9717284931110746,0.8363830123515792,144,256,23,37,0.9281866967662726,0.7244791081304263,
spambase,KNN,Quantile Binning,8,0.5,0.0,5.463470458984375,1.838134765625,1.0,1200,2509,0,432,0.9647565333427113,0.7920149223709333,125,275,4,56,0.9420186538347294,0.7354500536517402,
spambase,KNN,Quantile Binning,9,0.5625,0.0,5.463390350341797,1.838134765625,1.0,1186,2509,0,446,0.9670391248368617,0.7855138654277662,127,270,9,54,0.930939226519337,0.716613102769464,
spambase,KNN,Quantile Binning,10,0.5625,0.0,5.463472366333008,1.838134765625,0.8,1389,2432,77,243,0.9719639200837769,0.8383286087709284,143,267,12,38,0.9412265589417613,0.7720974011130652,
spambase,KNN,PCA,1,0.171875,0.15625,3.796205520629883,0.146514892578125,0.6,1257,2188,321,374,0.9182698264176616,0.646663930064481,128,217,62,54,0.8044231753909175,0.4777367709204733,
spambase,KNN,PCA,2,0.09375,0.0,3.797048568725586,0.14654541015625,0.6,1262,2182,328,369,0.9178029757121117,0.6460644173331416,122,223,55,60,0.8068819669539093,0.474863700208402,
spambase,KNN,PCA,3,0.015625,0.0,3.797046661376953,0.14654541015625,0.6,1244,2210,300,387,0.9158902098534129,0.6499059101765853,117,232,46,65,0.828573405012254,0.48804396091058605,
spambase,KNN,PCA,4,0.09375,0.0,3.797090530395508,0.14654541015625,0.6,1239,2200,309,393,0.9178610189591978,0.6423982842013752,131,219,60,50,0.823818293431553,0.5043278901880376,
spambase,KNN,PCA,5,0.09375,0.0,3.7704668045043945,0.11060333251953125,0.6,1160,2079,430,472,0.8663656425104916,0.5419617035785521,112,206,73,69,0.7595793976118339,0.3558136021993956,
spambase,KNN,PCA,6,0.09375,0.09375,3.7968711853027344,0.14654541015625,0.6,1259,2187,322,373,0.918537749396291,0.64685727453826,111,231,48,70,0.7956890235450207,0.45322251831695376,
spambase,KNN,PCA,7,0.09375,0.0,3.796915054321289,0.14654541015625,0.6,1238,2194,315,394,0.9145361014074821,0.6389503517540613,118,229,50,63,0.8287589853264421,0.47962448969804494,
spambase,KNN,PCA,8,0.09375,0.0,3.797090530395508,0.14654541015625,0.6,1241,2174,335,391,0.9131578523198837,0.6309356120009975,130,240,39,51,0.8534624448008872,0.5861586642521515,
spambase,KNN,PCA,9,0.09375,0.03125,3.796915054321289,0.14654541015625,0.6,1247,2192,317,385,0.9166722837002477,0.6428119115511155,120,217,62,61,0.8130953088179964,0.440338498356488,
spambase,KNN,PCA,10,0.015625,0.0,3.797046661376953,0.14654541015625,0.6,1257,2190,319,375,0.9178954538172384,0.6472208089054697,120,220,59,61,0.8050951503990178,0.45241066058740625,
spambase,KNN,Select Percentile (Mutual Info),1,1.59375,0.125,9.096739768981934,0.9190950393676758,0.6,1310,2263,246,321,0.9463195524926941,0.7113811431030223,128,234,45,54,0.8556658395368072,0.5471707828899762,
spambase,KNN,Select Percentile (Mutual Info),2,1.453125,0.0,9.098711967468262,0.919316291809082,0.6,1302,2258,252,329,0.945684582332839,0.7042451967809621,130,236,42,52,0.8600086963396316,0.5692005916481137,
spambase,KNN,Select Percentile (Mutual Info),3,1.453125,0.078125,9.098843574523926,0.919316291809082,0.6,1286,2281,229,345,0.9455225083723964,0.7072800044317846,126,246,32,56,0.872984030358131,0.5943636387932129,
spambase,KNN,Select Percentile (Mutual Info),4,1.28125,0.0,9.09897518157959,0.919316291809082,0.6,1293,2272,237,339,0.9452709217405575,0.7064872648360693,135,243,36,46,0.867205291193885,0.6235276877448149,
spambase,KNN,Select Percentile (Mutual Info),5,1.28125,0.1875,9.09888744354248,0.919316291809082,0.4,1507,1998,511,125,0.9445059061887011,0.7036399798975409,158,200,79,23,0.8773045010792293,0.5765015083259235,
spambase,KNN,Select Percentile (Mutual Info),6,1.265625,0.0,9.09888744354248,0.919316291809082,0.6,1301,2271,238,331,0.9458040514930565,0.7101895184768515,124,245,34,57,0.860621002396087,0.5794109894884252,
spambase,KNN,Select Percentile (Mutual Info),7,1.421875,0.0,9.098843574523926,0.919316291809082,0.4,1510,2011,498,122,0.9462175140083933,0.710597917518964,148,201,78,33,0.8462642824610388,0.5258356586579016,
spambase,KNN,Select Percentile (Mutual Info),8,1.4375,0.0,9.098883628845215,0.919316291809082,0.4,1497,2011,498,135,0.9446369296024507,0.7029566079707293,156,225,54,25,0.8990079011465574,0.6554698747287595,
spambase,KNN,Select Percentile (Mutual Info),9,1.453125,0.0,9.0990629196167,0.919316291809082,0.6,1280,2289,220,352,0.9453190328542737,0.708243129252504,129,236,43,52,0.8765817144893959,0.5639887466786055,
spambase,KNN,Select Percentile (Mutual Info),10,1.4375,0.1875,9.09897518157959,0.919316291809082,0.6,1312,2288,221,320,0.9494775914550755,0.7244371121298937,130,232,47,51,0.8466306263490366,0.5520077219813859,
spambase,KNN,Random Undersampling,1,0.375,0.0,5.941566467285156,1.4710378646850586,0.6,1440,2083,426,191,0.9300987322402074,0.7002930982373174,149,217,62,33,0.8673736657607625,0.5852039245082366,
spambase,KNN,Random Undersampling,2,0.375,0.15625,5.941523551940918,1.4710378646850586,0.6,1424,2089,421,207,0.9314787447390084,0.6934057047977539,145,219,59,37,0.8650189738319235,0.5752909461403749,
spambase,KNN,Random Undersampling,3,0.375,0.015625,5.941479682922363,1.4710378646850586,0.6,1428,2070,440,203,0.9294211260415114,0.6875767161721463,145,221,57,37,0.8705727725511898,0.5829752810910759,
spambase,KNN,Random Undersampling,4,0.375,0.0,5.94495964050293,1.471938133239746,0.6,1446,2064,445,186,0.9309943761282911,0.6952102294044422,158,218,61,23,0.8769282560050693,0.6400018290918742,
spambase,KNN,Random Undersampling,5,0.375,0.078125,5.94495964050293,1.471938133239746,0.6,1434,2089,420,198,0.9315007639165671,0.6989763942578104,151,213,66,30,0.8690964177508465,0.5849086054099448,
spambase,KNN,Random Undersampling,6,0.375,0.0625,5.945091247558594,1.471938133239746,0.6,1431,2090,419,201,0.9339906972155143,0.697705456495925,139,224,55,42,0.8669577615398325,0.5646785748302712,
spambase,KNN,Random Undersampling,7,0.265625,0.0,5.945003509521484,1.471938133239746,0.6,1434,2066,443,198,0.9330643751123406,0.6892019845676428,138,218,61,43,0.845501891126557,0.5362016760983793,
spambase,KNN,Random Undersampling,8,0.375,0.0,5.945178985595703,1.471938133239746,0.6,1431,2072,437,201,0.9289059386209645,0.6900343892826458,142,234,45,39,0.8854333749183152,0.6198614472067792,
spambase,KNN,Random Undersampling,9,0.375,0.078125,5.945047378540039,1.471938133239746,0.6,1423,2062,447,209,0.9287898125571472,0.6812418814104774,147,207,72,34,0.8627893621655875,0.5419899875857187,
spambase,KNN,Random Undersampling,10,0.375,0.0,5.945250511169434,1.471938133239746,0.6,1438,2081,428,194,0.9317225146335936,0.6978360045511112,144,206,73,37,0.8439474048991069,0.5225090523694909,
spambase,KNN,SMOTE / SMOTENC,1,0.0625,0.1875,7.029880523681641,2.9325504302978516,0.8,1276,2373,136,355,0.9578112296651735,0.7505005837284388,126,244,35,56,0.8624108866044349,0.5812189760288312,
spambase,KNN,SMOTE / SMOTENC,2,0.34375,0.0,7.032073974609375,2.9334354400634766,0.8,1284,2383,127,347,0.9584004875653731,0.7594162682347467,121,245,33,61,0.8685568029093209,0.5658914791117088,
spambase,KNN,SMOTE / SMOTENC,3,0.359375,0.015625,7.032381057739258,2.9334354400634766,0.8,1286,2381,129,345,0.9585629279326593,0.7593407006994662,120,256,22,62,0.8896750731283106,0.6141593315197619,
spambase,KNN,SMOTE / SMOTENC,4,0.25,0.15625,7.031070709228516,2.932985305786133,0.8,1277,2373,136,355,0.9574565876569839,0.7506023823225954,125,242,37,56,0.877561931919444,0.5706937763451015,
spambase,KNN,SMOTE / SMOTENC,5,0.390625,0.0,7.031070709228516,2.932985305786133,0.8,1299,2356,153,333,0.9583350428652928,0.7526698314346622,134,242,37,47,0.8778094615734965,0.614319599640458,
spambase,KNN,SMOTE / SMOTENC,6,0.375,0.0,7.031070709228516,2.932985305786133,0.8,1300,2367,142,332,0.958244315562016,0.7590001147135911,113,252,27,68,0.8598883146200915,0.5600848487581025,
spambase,KNN,SMOTE / SMOTENC,7,0.3125,0.1875,7.030851364135742,2.932985305786133,0.8,1283,2375,134,349,0.9590534126165413,0.7546999784198076,120,247,32,61,0.8559476425275748,0.5694466534224744,
spambase,KNN,SMOTE / SMOTENC,8,0.46875,0.0,7.030979156494141,2.932985305786133,0.8,1267,2376,133,365,0.9568366381028298,0.7471945180806899,130,250,29,51,0.892789956236757,0.6310047008980846,
spambase,KNN,SMOTE / SMOTENC,9,0.296875,0.09375,7.030939102172852,2.932985305786133,0.8,1272,2378,131,360,0.9578540538375573,0.7507901361560169,121,241,38,60,0.8740668132042217,0.5467920880964964,
spambase,KNN,SMOTE / SMOTENC,10,0.34375,0.0,7.03111457824707,2.932985305786133,0.8,1299,2379,130,333,0.9616726597972789,0.7649014916112796,122,245,34,59,0.8593635517535001,0.5697896996208632,
spambase,SVM,Baseline,1,1.109375,0.078125,5.461207389831543,1.1805009841918945,-0.881327255489997,1350,1623,886,281,0.8064262340430367,0.4652874380464995,157,177,102,25,0.808795147504825,0.4896759575412043,
spambase,SVM,Baseline,2,0.421875,0.078125,5.462691307067871,1.1782312393188477,-0.8974485460085864,1365,1597,913,266,0.8077774737958039,0.4647217831531689,153,179,99,29,0.8070400822199383,0.4760576877297199,
spambase,SVM,Baseline,3,0.40625,0.078125,5.462695121765137,1.184586524963379,-0.89948530404395,1364,1596,914,267,0.8066302539687968,0.46372830550185884,150,192,86,32,0.833109336706459,0.5036586309082748,
spambase,SVM,Baseline,4,0.390625,0.078125,5.462826728820801,1.1832246780395508,-0.8811410335607652,1350,1622,887,282,0.8062160047358921,0.4644379404591174,154,180,99,27,0.8170062773520268,0.4870447803556106,
spambase,SVM,Baseline,5,0.40625,0.078125,5.462738990783691,1.173691749572754,-0.8861524619422954,1374,1605,904,258,0.8099475466751068,0.47306583481811115,151,168,111,30,0.7874215330996653,0.4305737494125038,
spambase,SVM,Baseline,6,0.40625,0.078125,5.462826728820801,1.1818628311157227,-0.9366898255391197,1446,1470,1039,186,0.8116565901968599,0.47074489265777125,162,170,109,19,0.8222737083902651,0.5007892028728997,
spambase,SVM,Baseline,7,0.421875,0.078125,5.462782859802246,1.173691749572754,-0.8929196103648593,1372,1603,906,260,0.8089319625817645,0.47107909255251407,150,167,112,31,0.779243153329769,0.4215863674028046,
spambase,SVM,Baseline,8,0.40625,0.078125,5.4627790451049805,1.182316780090332,-0.8921964569371248,1367,1598,911,265,0.8035977344305598,0.46611223688852127,148,181,98,33,0.818867700350502,0.45682392553619583,
spambase,SVM,Baseline,9,0.421875,0.078125,5.462826728820801,1.1723299026489258,-0.9004725767295159,1369,1600,909,263,0.8103756623215249,0.4680989791541184,151,185,94,30,0.79950098021743,0.48695577568941933,
spambase,SVM,Baseline,10,0.390625,0.078125,5.462826728820801,1.1759614944458008,-0.8892398764230379,1368,1598,911,264,0.8093545833040271,0.4667369887810284,154,168,111,27,0.794649398998,0.44779523818398553,
spambase,SVM,Standard Scaler,1,0.1875,0.046875,5.674223899841309,0.5340900421142578,0.017134371402605746,1498,2434,75,133,0.9822897532097205,0.8945158079585166,160,265,14,22,0.9668754184883216,0.8358843489234199,
spambase,SVM,Standard Scaler,2,0.203125,0.03125,5.67530632019043,0.5349979400634766,-0.17419855640115361,1516,2411,99,115,0.9818712886040145,0.8916096539881021,165,262,16,17,0.9759071863388409,0.8498544888308927,
spambase,SVM,Standard Scaler,3,0.1875,0.03125,5.67535400390625,0.5427150726318359,-0.19184202163927433,1514,2409,101,117,0.9811588715646304,0.8895830520741831,170,264,14,12,0.9813621630168393,0.882068985574191,
spambase,SVM,Standard Scaler,4,0.1875,0.03125,5.67535400390625,0.5359058380126953,0.01726521842788011,1497,2432,77,135,0.9814642776201751,0.8925198548151125,160,265,14,21,0.9729103546604884,0.8399336030724496,
spambase,SVM,Standard Scaler,5,0.203125,0.03125,5.67535400390625,0.5381755828857422,-0.0321973980729533,1498,2433,76,134,0.9820705509186537,0.8935379292321358,165,266,13,16,0.9723162834907622,0.8676140376968331,
spambase,SVM,Standard Scaler,6,0.203125,0.03125,5.67535400390625,0.5331821441650391,-0.030934879156592078,1494,2429,80,138,0.9817125260825732,0.8894656315640427,166,270,9,15,0.9765935959127904,0.8903872221363538,
spambase,SVM,Standard Scaler,7,0.203125,0.03125,5.67535400390625,0.5418071746826172,-0.1414979784098795,1519,2413,96,113,0.981554638595175,0.8941584870318153,162,265,14,19,0.9770292481039229,0.8491896213874598,
spambase,SVM,Standard Scaler,8,0.203125,0.046875,5.67535400390625,0.5458927154541016,0.018246369263317692,1493,2428,81,139,0.9819143729632148,0.8884475571470194,163,269,10,18,0.9768312243806808,0.8720632139851089,
spambase,SVM,Standard Scaler,9,0.1875,0.03125,5.67535400390625,0.5368137359619141,-0.13985537056777936,1515,2409,100,117,0.9812245768175744,0.8901057177796703,163,271,8,18,0.9778411453692151,0.8813541546668098,
spambase,SVM,Standard Scaler,10,0.1875,0.03125,5.67535400390625,0.5318202972412109,-0.15403598442600527,1516,2410,99,116,0.9822121978524371,0.8911189100927065,164,269,10,17,0.9717816194380086,0.8766380591987334,
spambase,SVM,MinMax Scaler,1,0.21875,0.046875,5.467865943908691,0.5536584854125977,-0.15505434986956293,1515,2409,100,116,0.9815324549585931,0.8905793219350944,165,261,18,17,0.9636653668911733,0.8412823961780383,
spambase,SVM,MinMax Scaler,2,0.21875,0.046875,5.469246864318848,0.5631914138793945,-0.008946301640587493,1493,2429,81,138,0.9810876665013765,0.8889298378059779,162,266,12,20,0.9748003794766383,0.853995070021773,
spambase,SVM,MinMax Scaler,3,0.203125,0.03125,5.469202995300293,0.5704545974731445,0.0034627932952118173,1492,2428,82,139,0.9805430637963168,0.8879116542215267,167,265,13,15,0.978693967902601,0.8725114453978355,
spambase,SVM,MinMax Scaler,4,0.203125,0.03125,5.469246864318848,0.5740861892700195,-0.1680752044584704,1514,2408,101,118,0.9802255996061238,0.889092525466634,162,261,18,19,0.9712073506406067,0.8313267760453172,
spambase,SVM,MinMax Scaler,5,0.203125,0.046875,5.469023704528809,0.5591058731079102,-0.17436435938825476,1516,2410,99,116,0.9816939654498706,0.8911189100927065,169,262,17,12,0.9719004336719539,0.8687790201389791,
spambase,SVM,MinMax Scaler,6,0.203125,0.03125,5.469202995300293,0.561375617980957,-0.16465407777251098,1515,2409,100,117,0.9813901571987903,0.8901057177796703,165,268,11,16,0.9742965207231826,0.8766573149350572,
spambase,SVM,MinMax Scaler,7,0.203125,0.046875,5.469246864318848,0.5663690567016602,-0.32105686861317956,1534,2386,123,98,0.980199956626732,0.8886192258543966,164,264,15,17,0.9756628844135528,0.8540067208606005,
spambase,SVM,MinMax Scaler,8,0.203125,0.03125,5.469202995300293,0.5645532608032227,0.0157728712519611,1491,2426,83,141,0.9808161207886901,0.8864114083129728,161,270,9,20,0.9769698409869502,0.8676063802727025,
spambase,SVM,MinMax Scaler,9,0.203125,0.03125,5.468939781188965,0.5609216690063477,-0.13227736113657632,1510,2404,105,122,0.9795094278245374,0.8850397562144889,161,270,9,20,0.9769104338699777,0.8676063802727025,
spambase,SVM,MinMax Scaler,10,0.1875,0.03125,5.468939781188965,0.5459413528442383,-0.15258768636023248,1515,2409,100,117,0.9824085498089231,0.8901057177796703,163,269,10,18,0.97423711360621,0.8720632139851089,
spambase,SVM,IQR Capping,1,0.484375,0.078125,5.876311302185059,1.101944923400879,-0.8997209483190712,1442,1633,876,189,0.8406902532855969,0.5266008921142924,165,180,99,17,0.8491866556382685,0.5451911005257076,
spambase,SVM,IQR Capping,2,0.484375,0.078125,5.877032279968262,1.0978593826293945,-0.8873773310351938,1413,1687,823,218,0.8427139999169478,0.5278698034922604,155,184,94,27,0.8385050201596963,0.503933912349914,
spambase,SVM,IQR Capping,3,0.484375,0.078125,5.8770036697387695,1.1023988723754883,-0.8628111578674308,1380,1737,773,251,0.8378394454066017,0.5262931833439927,152,209,69,30,0.8688829156455056,0.574478822620379,
spambase,SVM,IQR Capping,4,0.484375,0.078125,5.877270698547363,1.1014909744262695,-0.8689195553837786,1386,1742,767,246,0.8415024539110183,0.5316574045057981,155,191,88,26,0.8463137883918493,0.5293691274553047,
spambase,SVM,IQR Capping,5,0.5,0.078125,5.876982688903809,1.0978593826293945,-0.848164948955229,1398,1754,755,234,0.8429394376323666,0.5435272718053817,152,188,91,29,0.8244321669736036,0.5026264618665387,
spambase,SVM,IQR Capping,6,0.484375,0.078125,5.877078056335449,1.0992212295532227,-0.8480290511402155,1367,1764,745,265,0.841800156690815,0.5285328317980338,150,200,79,31,0.8439771084575931,0.5330552764572599,
spambase,SVM,IQR Capping,7,0.46875,0.078125,5.8772172927856445,1.091050148010254,-0.8572121601851291,1398,1754,755,234,0.8441643172813167,0.5435272718053817,153,180,99,28,0.8155409018000357,0.4814127764642372,
spambase,SVM,IQR Capping,8,0.5,0.078125,5.87712287902832,1.1042146682739258,-0.8543325365079923,1362,1759,750,270,0.8391365837885573,0.5235899884522424,152,202,77,29,0.8617398364324046,0.5508553873185963,
spambase,SVM,IQR Capping,9,0.5,0.078125,5.877169609069824,1.092411994934082,-0.8511265373593322,1371,1768,741,261,0.8440652865370939,0.5324871064746669,148,198,81,33,0.8313233925424266,0.5152551655959235,
spambase,SVM,IQR Capping,10,0.46875,0.078125,5.8770751953125,1.0928659439086914,-0.8581013548678214,1375,1772,737,257,0.8429180684828733,0.5364413811512999,152,184,95,29,0.8238380958038772,0.489153152026745,
spambase,SVM,IQR Removal,1,0.46875,0.078125,5.509516716003418,1.1806859970092773,-0.881327255489997,1350,1623,886,281,0.8064262340430367,0.4652874380464995,157,177,102,25,0.808795147504825,0.4896759575412043,
spambase,SVM,IQR Removal,2,0.515625,0.078125,5.512353897094727,1.1784162521362305,-0.8974485460085864,1365,1597,913,266,0.8077774737958039,0.4647217831531689,153,179,99,29,0.8070400822199383,0.4760576877297199,
spambase,SVM,IQR Removal,3,0.515625,0.078125,5.512055397033691,1.1847715377807617,-0.89948530404395,1364,1596,914,267,0.8066302539687968,0.46372830550185884,150,192,86,32,0.833109336706459,0.5036586309082748,
spambase,SVM,IQR Removal,4,0.484375,0.078125,5.512011528015137,1.1834096908569336,-0.8811410335607652,1350,1622,887,282,0.8062160047358921,0.4644379404591174,154,180,99,27,0.8170062773520268,0.4870447803556106,
spambase,SVM,IQR Removal,5,0.5,0.078125,5.512012481689453,1.1738767623901367,-0.8861524619422954,1374,1605,904,258,0.8099475466751068,0.47306583481811115,151,168,111,30,0.7874215330996653,0.4305737494125038,
spambase,SVM,IQR Removal,6,0.515625,0.078125,5.511968612670898,1.1820478439331055,-0.9366898255391197,1446,1470,1039,186,0.8116565901968599,0.47074489265777125,162,170,109,19,0.8222737083902651,0.5007892028728997,
spambase,SVM,IQR Removal,7,0.5,0.078125,5.511924743652344,1.1738767623901367,-0.8929196103648593,1372,1603,906,260,0.8089319625817645,0.47107909255251407,150,167,112,31,0.779243153329769,0.4215863674028046,
spambase,SVM,IQR Removal,8,0.5,0.078125,5.5125274658203125,1.1825017929077148,-0.8921964569371248,1367,1598,911,265,0.8035977344305598,0.46611223688852127,148,181,98,33,0.818867700350502,0.45682392553619583,
spambase,SVM,IQR Removal,9,0.5,0.078125,5.512103080749512,1.1725149154663086,-0.9004725767295159,1369,1600,909,263,0.8103756623215249,0.4680989791541184,151,185,94,30,0.79950098021743,0.48695577568941933,
spambase,SVM,IQR Removal,10,0.46875,0.078125,5.511741638183594,1.1761465072631836,-0.8892398764230379,1368,1598,911,264,0.8093545833040271,0.4667369887810284,154,168,111,27,0.794649398998,0.44779523818398553,
spambase,SVM,Yeo-Johnson,1,0.75,0.046875,5.4777326583862305,0.7510204315185547,-0.07777323724228444,1360,2337,172,271,0.9571408044467262,0.7744988448668687,147,253,26,35,0.949229981488046,0.7213103398746904,
spambase,SVM,Yeo-Johnson,2,0.703125,0.046875,5.478898048400879,0.7464809417724609,0.198609541427498,1269,2412,98,362,0.9573445030423982,0.7678468115489394,133,270,8,49,0.9461617519171476,0.744535676630242,
spambase,SVM,Yeo-Johnson,3,0.6875,0.046875,5.478898048400879,0.7614612579345703,-0.014920990684655104,1333,2352,158,298,0.9556906646864411,0.7678391568764239,153,261,17,29,0.9692861095738794,0.7896876656109807,
spambase,SVM,Yeo-Johnson,4,0.71875,0.046875,5.478850364685059,0.7541980743408203,0.15235484376990677,1291,2392,117,341,0.9565866801084723,0.7679065035385447,139,267,12,42,0.9576427255985267,0.7541865161995024,
spambase,SVM,Yeo-Johnson,5,0.703125,0.046875,5.4788103103637695,0.7492046356201172,-0.07138794907739127,1355,2332,177,277,0.9570139409889103,0.7689526324801089,147,257,22,34,0.9495831600625756,0.7430776589613988,
spambase,SVM,Yeo-Johnson,6,0.6875,0.0625,5.478854179382324,0.7591915130615234,0.1440516586657305,1288,2389,120,344,0.9563960672949928,0.7647768595733986,149,270,9,32,0.9602764411176459,0.8136851748170549,
spambase,SVM,Yeo-Johnson,7,0.734375,0.046875,5.478850364685059,0.7523822784423828,-0.07406397295552092,1356,2333,176,276,0.95707438515462,0.7699762280566927,150,257,22,31,0.9546525673775718,0.7571300999441802,
spambase,SVM,Yeo-Johnson,8,0.71875,0.046875,5.478854179382324,0.7632770538330078,-0.010024817175311776,1331,2349,160,301,0.9557573128892848,0.7653271136100279,153,263,16,28,0.9687518564724054,0.7984608335646626,
spambase,SVM,Yeo-Johnson,9,0.6875,0.046875,5.478898048400879,0.7510204315185547,-0.08166072269403132,1353,2330,179,279,0.9566165969177628,0.766905441326941,148,260,19,33,0.9542763223034121,0.761494673591787,
spambase,SVM,Yeo-Johnson,10,0.703125,0.046875,5.478806495666504,0.7473888397216797,0.13853729696032202,1296,2397,112,336,0.9581349055166108,0.7731225768137883,145,259,20,36,0.9450484168003327,0.7429614925839947,
spambase,SVM,Quantile Transform,1,0.25,0.046875,5.91732120513916,0.8486871719360352,-0.031978462444279,1549,2443,66,82,0.9900386811036369,0.9250369193346751,167,266,13,15,0.9825514986805308,0.8726905500604503,
spambase,SVM,Quantile Transform,2,0.265625,0.046875,5.919096946716309,0.8505029678344727,-0.05574071514118799,1546,2441,69,85,0.9904051482604225,0.9220086826968873,166,270,8,16,0.9813819274250929,0.8906643253386791,
spambase,SVM,Quantile Transform,3,0.25,0.046875,5.919045448303223,0.8527727127075195,-0.06409857227608196,1548,2443,67,83,0.9893551483825581,0.9240352846108063,171,266,12,11,0.9896829788916119,0.8955546111388242,
spambase,SVM,Quantile Transform,4,0.265625,0.046875,5.9182634353637695,0.8523187637329102,-0.09850446286685716,1544,2438,71,88,0.989320065411577,0.9194882948577222,170,268,11,11,0.9888710667537972,0.8997999960395255,
spambase,SVM,Quantile Transform,5,0.265625,0.046875,5.91929817199707,0.8550424575805664,-0.06042357167320062,1547,2441,68,85,0.9895734424698537,0.922527871796831,171,265,14,10,0.9810689320580606,0.8912602982732296,
spambase,SVM,Quantile Transform,6,0.25,0.03125,5.922074317932129,0.8568582534790039,-0.04019949008566133,1548,2442,67,84,0.9899158372994475,0.9235410641098672,168,271,8,13,0.9823362838868097,0.9041250084826545,
spambase,SVM,Quantile Transform,7,0.265625,0.046875,5.919556617736816,0.8518648147583008,-0.06802958953418094,1548,2442,67,84,0.9902974292546831,0.9235410641098672,168,270,9,13,0.983821461811125,0.8995600391025409,
spambase,SVM,Quantile Transform,8,0.265625,0.046875,5.924276351928711,0.8568582534790039,-0.0805136110305096,1546,2440,69,86,0.9900795860392783,0.9215146794837947,173,268,11,8,0.9868908295213766,0.913799615103027,
spambase,SVM,Quantile Transform,9,0.25,0.046875,5.927732467651367,0.8550424575805664,-0.06961732411687586,1547,2441,68,85,0.9897324289420831,0.922527871796831,168,271,8,13,0.9892275094556329,0.9041250084826545,
spambase,SVM,Quantile Transform,10,0.265625,0.03125,5.919826507568359,0.8459634780883789,-0.24515641987539158,1567,2419,90,65,0.9910795401261341,0.9219060002503596,167,264,15,14,0.9695043466207252,0.8680551995186441,
spambase,SVM,Uniform Binning,1,0.390625,0.0625,5.486685752868652,1.081329345703125,-0.17360708507903097,874,2348,161,757,0.8289020348327871,0.5322809184801331,100,252,27,82,0.8018531647563907,0.49527968278967416,
spambase,SVM,Uniform Binning,2,0.390625,0.0625,5.4882917404174805,1.0972175598144531,-0.24797361010116492,1029,2179,331,602,0.8284760406565034,0.5191818283793639,111,230,48,71,0.7961993042928295,0.4495567118969174,
spambase,SVM,Uniform Binning,3,0.390625,0.0625,5.488177299499512,1.0967636108398438,-0.004056649237182242,881,2344,166,750,0.8302130533659355,0.5328814883037658,93,260,18,89,0.8140564471499723,0.5099800343723424,
spambase,SVM,Uniform Binning,4,0.390625,0.078125,5.488221168518066,1.0690727233886719,0.3665465111225815,893,2366,143,739,0.8334023251588402,0.5530458299572791,78,263,16,103,0.7850650507930851,0.45262024100213405,
spambase,SVM,Uniform Binning,5,0.375,0.078125,5.488085746765137,1.095855712890625,0.08501551056340284,867,2339,170,765,0.8267452855992936,0.5227622477918837,101,255,24,80,0.7956692211726965,0.518318078784178,
spambase,SVM,Uniform Binning,6,0.390625,0.078125,5.488177299499512,1.103118896484375,0.3868469702742282,839,2352,157,793,0.8253462779093304,0.5162331304157218,103,259,20,78,0.819550882195687,0.5489829674103279,
spambase,SVM,Uniform Binning,7,0.375,0.0625,5.488177299499512,1.0940399169921875,0.1057533297890334,868,2338,171,764,0.8315916865949249,0.522668613411427,84,258,21,97,0.772272718271649,0.452564715065853,
spambase,SVM,Uniform Binning,8,0.390625,0.078125,5.488089561462402,1.1121978759765625,0.16290003635207437,833,2348,161,799,0.8295908015458077,0.5105576767698735,91,256,23,90,0.8220162775500506,0.4755939219743155,
spambase,SVM,Uniform Binning,9,0.390625,0.078125,5.488001823425293,1.0867767333984375,0.050767271156637095,1063,2163,346,569,0.8394789786181511,0.5295513299600042,115,244,35,66,0.8206004079288698,0.5313850941292468,
spambase,SVM,Uniform Binning,10,0.390625,0.078125,5.488133430480957,1.1035728454589844,0.0033824907963854733,865,2335,174,767,0.8208611987042724,0.5192489181480364,83,256,23,98,0.7701835679914453,0.43633543226609406,
spambase,SVM,Quantile Binning,1,0.203125,0.03125,5.482121467590332,0.4979114532470703,-0.16802602213400733,1448,2384,125,183,0.9695514296906367,0.8435926018792926,152,260,19,30,0.9499881838591515,0.7761981659623086,
spambase,SVM,Quantile Binning,2,0.203125,0.03125,5.483475685119629,0.5119838714599609,-0.06554643843543446,1419,2397,113,212,0.9684840038985687,0.8349309572033293,156,266,12,26,0.9622796268479722,0.8266551328189996,
spambase,SVM,Quantile Binning,3,0.21875,0.046875,5.483389854431152,0.5224246978759766,-0.15857247589146337,1436,2372,138,195,0.9666685801246271,0.8308933734922591,167,261,17,15,0.9755613091944028,0.8548446341675802,
spambase,SVM,Quantile Binning,4,0.203125,0.03125,5.482888221740723,0.5047206878662109,0.0036727821951486796,1424,2401,108,208,0.9682638823763862,0.8395807272643994,153,265,14,28,0.9648111843798887,0.8077641304184879,
spambase,SVM,Quantile Binning,5,0.203125,0.03125,5.483555793762207,0.5047206878662109,-0.0435456765186098,1424,2401,108,208,0.9689771235317564,0.8395807272643994,157,258,21,24,0.9571080615457731,0.7945216962581547,
spambase,SVM,Quantile Binning,6,0.203125,0.03125,5.4828901290893555,0.5060825347900391,-0.11991315991059694,1447,2382,127,185,0.9691666373604044,0.8416161339639483,155,264,15,26,0.9586130418424126,0.8122912125768684,
spambase,SVM,Quantile Binning,7,0.203125,0.03125,5.48330020904541,0.49927330017089844,-0.17260626652207506,1449,2384,125,183,0.969704407271079,0.8436522827979949,157,259,20,24,0.9586823501455474,0.798952789409575,
spambase,SVM,Quantile Binning,8,0.203125,0.03125,5.48276424407959,0.5137996673583984,-0.2522943497002822,1459,2353,156,173,0.9675334237919959,0.833366948249639,165,260,19,16,0.9730390700805956,0.8411316536634225,
spambase,SVM,Quantile Binning,9,0.21875,0.046875,5.483302116394043,0.5156154632568359,-0.04511017901072118,1423,2400,109,209,0.9677449173172656,0.8385571316878154,159,264,15,22,0.9745638527495595,0.8307574890408785,
spambase,SVM,Quantile Binning,10,0.203125,0.03125,5.483391761779785,0.5083522796630859,-0.11227854878475396,1443,2377,132,189,0.9678962108956775,0.8370398579908856,156,265,14,25,0.9627913424028198,0.8215104071928407,
spambase,SVM,PCA,1,1.390625,0.65625,3.7962169647216797,0.09360218048095703,-0.8111165614552545,1234,1756,753,397,0.795191876992673,0.44644710382634273,138,192,87,44,0.79768797510733,0.43654412492812683,
spambase,SVM,PCA,2,1.359375,0.640625,3.797189712524414,0.09346485137939453,-0.8191534461854149,1233,1755,755,398,0.7975828140534122,0.44516178129227046,143,189,89,39,0.7993121985927741,0.45533605208664263,
spambase,SVM,PCA,3,1.375,0.65625,3.797189712524414,0.0938425064086914,-0.8418387944053225,1248,1729,781,383,0.7956573460908053,0.4437621263563752,135,205,73,47,0.8183255593327535,0.47077592516394723,
spambase,SVM,PCA,4,1.40625,0.578125,3.797189712524414,0.09373950958251953,-0.8177407362021104,1231,1752,757,401,0.7957241186630093,0.44266086966835255,145,198,81,36,0.8064120081585774,0.49913170602126716,
spambase,SVM,PCA,5,1.390625,0.046875,3.770565986633301,0.07534122467041016,-0.8392009322475726,1351,1458,1051,281,0.763666853249869,0.4048736546881953,148,151,128,33,0.7421335075942097,0.3578897100900523,
spambase,SVM,PCA,6,1.375,0.5625,3.7970142364501953,0.09360218048095703,-0.824639715553036,1243,1764,745,389,0.7987882104814825,0.4545307369679361,130,201,78,51,0.808313035901701,0.4305658843764447,
spambase,SVM,PCA,7,1.375,0.5625,3.79705810546875,0.0930185317993164,-0.7935641413196156,1222,1785,724,410,0.7992938656132041,0.4505893487436143,130,189,90,51,0.768411255668429,0.38693421433976344,
spambase,SVM,PCA,8,1.46875,0.5625,3.797189712524414,0.09367084503173828,-0.7981821566419961,1213,1776,733,419,0.7925360857774755,0.4416778930576372,135,196,83,46,0.8072635101685183,0.4386695278295665,
spambase,SVM,PCA,9,1.390625,0.5625,3.796926498413086,0.09298419952392578,-0.8467518823420256,1249,1729,780,383,0.7990749234129683,0.444218738653707,138,199,80,43,0.7877185686845284,0.4654058562636625,
spambase,SVM,PCA,10,1.46875,0.5625,3.7971458435058594,0.0932931900024414,-0.799770578048038,1220,1783,726,412,0.8002405799904656,0.44860902525784163,144,185,94,37,0.7827877779758015,0.44840423166626886,
spambase,SVM,Select Percentile (Mutual Info),1,1.421875,0.078125,9.096833229064941,0.6075201034545898,-0.8809889060728276,1345,1618,891,286,0.8051395112481639,0.4603281005680163,155,175,104,27,0.8073181298987749,0.471787719780081,
spambase,SVM,Select Percentile (Mutual Info),2,1.109375,0.0625,9.099196434020996,0.605891227722168,-0.905077262547216,1376,1567,943,255,0.8067493361929352,0.4606225744224343,153,173,105,29,0.8062495058897936,0.45616024132407,
spambase,SVM,Select Percentile (Mutual Info),3,1.109375,0.0625,9.099156379699707,0.609614372253418,-0.9129751000886516,1390,1540,970,241,0.8052735715629206,0.4596848317575597,152,185,93,30,0.8314293620049016,0.4906534147422938,
spambase,SVM,Select Percentile (Mutual Info),4,1.109375,0.0625,9.09932804107666,0.6084508895874023,-0.882624029564261,1344,1617,892,288,0.804931657796638,0.4588613587742776,153,180,99,28,0.815877542129547,0.4814127764642372,
spambase,SVM,Select Percentile (Mutual Info),5,1.078125,0.078125,9.099331855773926,0.6037969589233398,-0.8842726525062603,1367,1598,911,265,0.8087074033479473,0.46611223688852127,151,167,112,30,0.7862531931325373,0.427305197999753,
spambase,SVM,Select Percentile (Mutual Info),6,1.09375,0.0625,9.09937572479248,0.6079854965209961,-0.9303009650922937,1424,1490,1019,208,0.8101176451050728,0.46339220492865246,158,171,108,23,0.8202736687855205,0.48060168441288675,
spambase,SVM,Select Percentile (Mutual Info),7,1.109375,0.078125,9.099287986755371,0.6035642623901367,-0.892682971370644,1367,1598,911,265,0.8079809743746043,0.46611223688852127,150,165,114,31,0.7785104655537733,0.41504206819414574,
spambase,SVM,Select Percentile (Mutual Info),8,1.109375,0.0625,9.09937572479248,0.607752799987793,-0.8916306765151222,1360,1591,918,272,0.8023539278206301,0.4591586389589314,148,181,98,33,0.8175013366601319,0.45682392553619583,
spambase,SVM,Select Percentile (Mutual Info),9,1.140625,0.0625,9.099287986755371,0.6033315658569336,-0.9007748978517313,1362,1593,916,270,0.8091253839120343,0.46114538122452847,150,182,97,31,0.7981148141547358,0.47130438750587855,
spambase,SVM,Select Percentile (Mutual Info),10,1.15625,0.0625,9.099287986755371,0.6047277450561523,-0.8884841041990625,1363,1594,915,269,0.8084597654326776,0.46213875235732704,153,168,111,28,0.7935404661478445,0.44203858281084635,
spambase,SVM,Random Undersampling,1,0.296875,0.0625,5.941836357116699,1.047713279724121,-0.421956404408864,1294,1609,900,337,0.7902566090095277,0.4255463753458003,146,170,109,36,0.7961912639331994,0.4045960733362277,
spambase,SVM,Random Undersampling,2,0.28125,0.0625,5.941967010498047,1.0372724533081055,-0.45073680259937576,1308,1582,928,323,0.7907346701483459,0.4237466533702715,140,178,100,42,0.7853782907739741,0.40088028441371515,
spambase,SVM,Random Undersampling,3,0.296875,0.0625,5.941923141479492,1.0272855758666992,-0.42351879034231216,1293,1608,902,338,0.7885974190301944,0.42429381236804375,139,189,89,43,0.8096094552929085,0.4338411594936579,
spambase,SVM,Random Undersampling,4,0.296875,0.0625,5.945272445678711,1.033656120300293,-0.5615746162051172,1366,1473,1036,266,0.7899104889066029,0.4198929580444821,153,163,116,28,0.7948078179765935,0.42583892973913823,
spambase,SVM,Random Undersampling,5,0.3125,0.0625,5.945229530334473,1.0391035079956055,-0.39421293512179034,1297,1611,898,335,0.7924265536226447,0.4276841171965698,137,175,104,44,0.7715202281233291,0.37575725560828266,
spambase,SVM,Random Undersampling,6,0.296875,0.0625,5.94544792175293,1.0431890487670898,-0.5414233034992986,1368,1475,1034,264,0.7909548908244046,0.42189553182532036,150,177,102,31,0.8144715736945287,0.4545898746748054,
spambase,SVM,Random Undersampling,7,0.296875,0.0625,5.945272445678711,1.0182218551635742,-0.39737879391721576,1278,1634,875,354,0.7920085730585579,0.4248285988095461,146,167,112,35,0.770054852571338,0.3988606140817151,
spambase,SVM,Random Undersampling,8,0.296875,0.0625,5.945361137390137,1.0400114059448242,-0.3961146862318258,1288,1602,907,344,0.7880204792159989,0.4187726615105927,146,182,97,35,0.8048872254896137,0.44914113068900674,
spambase,SVM,Random Undersampling,9,0.296875,0.0625,5.945491790771484,1.0182218551635742,-0.4441272179255063,1311,1584,925,321,0.7923225163919694,0.4261404488054507,139,180,99,42,0.7752034693756311,0.40387743204480187,
spambase,SVM,Random Undersampling,10,0.296875,0.0625,5.945272445678711,1.0286626815795898,-0.41995683129929934,1295,1609,900,337,0.7923618356270368,0.42570379371079714,146,167,112,35,0.7728469870690509,0.3988606140817151,
spambase,SVM,SMOTE / SMOTENC,1,1.578125,0.09375,7.030412673950195,2.2149009704589844,-0.37086781440899363,1282,1638,871,349,0.7933329651513288,0.42923273764232506,144,175,104,38,0.8004056875024617,0.4102651429769375,
spambase,SVM,SMOTE / SMOTENC,2,1.375,0.09375,7.032649993896484,2.216716766357422,-0.3760594685447518,1298,1613,897,333,0.7947074974168318,0.4292451519543297,137,184,94,45,0.7895485809154874,0.4054919697710035,
spambase,SVM,SMOTE / SMOTENC,3,1.28125,0.09375,7.03251838684082,2.2053680419921875,-0.39038116381097326,1294,1609,901,337,0.7931506347387886,0.42528408028530096,139,191,87,43,0.8127519962052336,0.440927274702451,
spambase,SVM,SMOTE / SMOTENC,4,1.359375,0.09375,7.031339645385742,2.2366714477539062,-0.5055385586487662,1367,1474,1035,265,0.7931695894778795,0.42089424493490124,154,163,116,27,0.7979761975484663,0.43164825076619323,
spambase,SVM,SMOTE / SMOTENC,5,1.625,0.09375,7.031032562255859,2.215789794921875,-0.39006652335185027,1306,1620,889,326,0.797103344626013,0.43659557288254686,139,175,104,42,0.7781540228519377,0.38674157764855277,
spambase,SVM,SMOTE / SMOTENC,6,1.484375,0.09375,7.031427383422852,2.220783233642578,-0.4823729448938642,1344,1534,975,288,0.7954534020662869,0.42815753355099834,149,185,94,32,0.8167884512564605,0.4758837962777728,
spambase,SVM,SMOTE / SMOTENC,7,1.59375,0.09375,7.031251907348633,2.249835968017578,-0.3681346289704674,1284,1640,869,348,0.7965759540165209,0.43076353245933785,146,167,112,35,0.7749460385354165,0.3988606140817151,
spambase,SVM,SMOTE / SMOTENC,8,1.421875,0.109375,7.031427383422852,2.2321319580078125,-0.34428140850726213,1274,1630,879,358,0.7913765346712619,0.42087197637635154,144,183,96,37,0.8091051307946693,0.44154655089822853,
spambase,SVM,SMOTE / SMOTENC,9,1.453125,0.09375,7.031291961669922,2.213520050048828,-0.5149180061060125,1350,1540,969,282,0.7986331315108746,0.4341309323786716,144,173,106,37,0.7815006237747281,0.40765370875723445,
spambase,SVM,SMOTE / SMOTENC,10,1.484375,0.09375,7.031427383422852,2.2203292846679688,-0.36724848699383356,1284,1640,869,348,0.7964808307739198,0.43076353245933785,146,169,110,35,0.7758371452900057,0.4054970505641365,
spambase,RandomForest,Baseline,1,0.984375,0.0,5.431380271911621,4.900717735290527,0.65,1621,2509,0,10,0.9999989003413584,0.9949488945183348,158,273,6,24,0.9874748907006973,0.8644293434871804,
spambase,RandomForest,Baseline,2,0.984375,0.015625,5.428671836853027,4.869267463684082,0.67,1618,2510,0,13,0.9999989007794694,0.9934374176620285,161,276,2,21,0.981737686773658,0.8970035439539851,
spambase,RandomForest,Baseline,3,1.0,0.015625,5.428641319274902,4.995949745178223,0.65,1616,2510,0,15,0.999999267186313,0.992429961606386,160,275,3,22,0.9909182544074631,0.887709007975726,
spambase,RandomForest,Baseline,4,0.984375,0.015625,5.428641319274902,4.980377197265625,0.67,1619,2509,0,13,0.9999995115622973,0.9934388430038162,154,277,2,27,0.9932770945959326,0.8705824258588171,
spambase,RandomForest,Baseline,5,0.984375,0.015625,5.428641319274902,4.909406661987305,0.65,1618,2509,0,14,0.9999986567963176,0.99293515410032,163,272,7,18,0.9872175686647261,0.8860447695046473,
spambase,RandomForest,Baseline,6,0.984375,0.0,5.428641319274902,4.96174430847168,0.65,1622,2509,0,10,0.9999998778905743,0.9949507749917518,165,275,4,16,0.98488088873047,0.9092271827711901,
spambase,RandomForest,Baseline,7,0.96875,0.0,5.428641319274902,4.92376708984375,0.67,1616,2509,0,16,0.9999987789057433,0.9919282073958029,156,276,3,25,0.9870987544307808,0.8742855823248953,
spambase,RandomForest,Baseline,8,0.984375,0.015625,5.428641319274902,4.953046798706055,0.64,1617,2509,0,15,0.9999995115622973,0.9924316089829246,164,276,3,17,0.9891879047109843,0.9095569354372299,
spambase,RandomForest,Baseline,9,1.0,0.015625,5.428593635559082,4.907270431518555,0.6540000000000009,1615,2509,0,17,0.9999986567963176,0.9914249490832976,158,278,1,23,0.988663141844393,0.8929994962808038,
spambase,RandomForest,Baseline,10,1.0,0.0,5.428641319274902,4.85584831237793,0.6440000000000009,1615,2509,0,17,0.9999981683586149,0.9914249490832976,154,274,5,27,0.9859502168359768,0.8555716683689867,
spambase,RandomForest,Standard Scaler,1,1.0,0.015625,5.670248985290527,4.9032392501831055,0.65,1621,2509,0,10,0.9999989003413585,0.9949488945183348,158,273,6,24,0.9876028988932215,0.8644293434871804,
spambase,RandomForest,Standard Scaler,2,1.0,0.015625,5.671501159667969,4.87178897857666,0.67,1618,2510,0,13,0.9999989007794695,0.9934374176620285,161,276,2,21,0.9816882757530241,0.8970035439539851,
spambase,RandomForest,Standard Scaler,3,0.984375,0.0,5.671453475952148,4.998471260070801,0.6440000000000009,1615,2510,0,16,0.999999267186313,0.991926448727093,160,275,3,22,0.9909083722033362,0.887709007975726,
spambase,RandomForest,Standard Scaler,4,0.984375,0.0,5.671501159667969,4.982898712158203,0.67,1619,2509,0,13,0.9999995115622973,0.9934388430038162,154,277,2,27,0.9933067981544189,0.8705824258588171,
spambase,RandomForest,Standard Scaler,5,0.984375,0.0,5.671501159667969,4.911928176879883,0.65,1618,2509,0,14,0.9999986567963176,0.99293515410032,163,272,7,18,0.9871878651062397,0.8860447695046473,
spambase,RandomForest,Standard Scaler,6,0.984375,0.0,5.671501159667969,4.964265823364258,0.65,1622,2509,0,10,0.9999998778905743,0.9949507749917518,165,275,4,16,0.9849997029644151,0.9092271827711901,
spambase,RandomForest,Standard Scaler,7,1.0,0.0,5.671501159667969,4.926288604736328,0.67,1616,2509,0,16,0.9999987789057433,0.9919282073958029,156,276,3,25,0.9870393473138083,0.8742855823248953,
spambase,RandomForest,Standard Scaler,8,1.0,0.0,5.671453475952148,4.955568313598633,0.64,1617,2509,0,15,0.9999995115622973,0.9924316089829246,164,276,3,17,0.9891582011524982,0.9095569354372299,
spambase,RandomForest,Standard Scaler,9,1.0,0.015625,5.671453475952148,4.909791946411133,0.6540000000000009,1615,2509,0,17,0.9999986567963175,0.9914249490832976,158,278,1,23,0.9887126477752035,0.8929994962808038,
spambase,RandomForest,Standard Scaler,10,1.0,0.0,5.671501159667969,4.858369827270508,0.6440000000000009,1615,2509,0,17,0.9999981683586149,0.9914249490832976,154,274,5,27,0.985960118022139,0.8555716683689867,
spambase,RandomForest,MinMax Scaler,1,1.0,0.0,5.444877624511719,4.90504264831543,0.65,1621,2509,0,10,0.9999989003413585,0.9949488945183348,158,273,6,24,0.9875241246208989,0.8644293434871804,
spambase,RandomForest,MinMax Scaler,2,1.0,0.015625,5.44603157043457,4.873592376708984,0.67,1617,2510,0,14,0.9999989007794694,0.9929336178327689,161,276,2,21,0.9817278045695311,0.8970035439539851,
spambase,RandomForest,MinMax Scaler,3,0.984375,0.015625,5.44611930847168,5.000274658203125,0.65,1616,2510,0,15,0.999999267186313,0.992429961606386,160,275,3,22,0.9908787255909558,0.887709007975726,
spambase,RandomForest,MinMax Scaler,4,1.0,0.0,5.446075439453125,4.984702110290527,0.67,1619,2509,0,13,0.9999995115622973,0.9934388430038162,154,277,2,27,0.9932869957820947,0.8705824258588171,
spambase,RandomForest,MinMax Scaler,5,1.0,0.0,5.44603157043457,4.913740158081055,0.65,1618,2509,0,14,0.9999986567963176,0.99293515410032,163,272,7,18,0.9872274698508882,0.8860447695046473,
spambase,RandomForest,MinMax Scaler,6,0.984375,0.015625,5.44611930847168,4.966069221496582,0.65,1622,2509,0,10,0.9999998778905743,0.9949507749917518,165,275,4,16,0.9849105922889563,0.9092271827711901,
spambase,RandomForest,MinMax Scaler,7,0.984375,0.0,5.44611930847168,4.928092002868652,0.67,1616,2509,0,16,0.9999987789057433,0.9919282073958029,156,276,3,25,0.9870294461276461,0.8742855823248953,
spambase,RandomForest,MinMax Scaler,8,1.0,0.015625,5.44598388671875,4.957371711730957,0.64,1617,2509,0,15,0.9999995115622973,0.9924316089829246,164,276,3,17,0.9891879047109844,0.9095569354372299,
spambase,RandomForest,MinMax Scaler,9,0.984375,0.015625,5.446075439453125,4.911595344543457,0.6540000000000009,1615,2509,0,17,0.9999986567963175,0.9914249490832976,158,278,1,23,0.9887027465890414,0.8929994962808038,
spambase,RandomForest,MinMax Scaler,10,1.0,0.0,5.44603157043457,4.860173225402832,0.6440000000000009,1615,2509,0,17,0.9999981683586149,0.9914249490832976,154,274,5,27,0.986039327511436,0.8555716683689867,
spambase,RandomForest,IQR Capping,1,1.0625,0.015625,5.873461723327637,5.183427810668945,0.65,1618,2509,0,13,0.9999978006827169,0.9934363975795463,159,274,5,23,0.9851313560990981,0.8736989859004762,
spambase,RandomForest,IQR Capping,2,1.046875,0.015625,5.8741254806518555,5.087271690368652,0.67,1616,2510,0,15,0.99999755728771,0.992429961606386,161,276,2,21,0.9842971776425014,0.8970035439539851,
spambase,RandomForest,IQR Capping,3,1.046875,0.015625,5.8740997314453125,5.172127723693848,0.6440000000000009,1615,2510,0,16,0.9999971908808665,0.991926448727093,166,273,5,16,0.9918669460036367,0.904686954181738,
spambase,RandomForest,IQR Capping,4,1.046875,0.015625,5.873932838439941,5.227390289306641,0.6640000000000009,1615,2509,0,17,0.9999995115622973,0.9914249490832976,153,278,1,28,0.9941682013505219,0.8713402483998771,
spambase,RandomForest,IQR Capping,5,1.046875,0.015625,5.8741254806518555,5.151689529418945,0.64,1617,2509,0,15,0.9999978020303378,0.9924316089829246,164,272,7,17,0.9875839125527238,0.8905622427711667,
spambase,RandomForest,IQR Capping,6,1.046875,0.015625,5.873893737792969,5.193964958190918,0.66,1616,2509,0,16,0.9999995115622974,0.9919282073958029,166,275,4,15,0.9847323709380383,0.9137023533525643,
spambase,RandomForest,IQR Capping,7,1.03125,0.03125,5.874032974243164,5.10986328125,0.67,1616,2509,0,16,0.9999984125774662,0.9919282073958029,158,276,3,23,0.9846729638210658,0.8830565754329467,
spambase,RandomForest,IQR Capping,8,1.0625,0.015625,5.874265670776367,5.171534538269043,0.65,1617,2509,0,15,0.9999989010151689,0.9924316089829246,163,277,2,18,0.9880294659300184,0.9099689897631851,
spambase,RandomForest,IQR Capping,9,1.0625,0.015625,5.874027252197266,5.133209228515625,0.65,1616,2509,0,16,0.9999973135926351,0.9919282073958029,157,276,3,24,0.9885839323550962,0.8786673872143014,
spambase,RandomForest,IQR Capping,10,1.03125,0.015625,5.874223709106445,5.078269004821777,0.6440000000000009,1615,2509,0,17,0.9999986567963175,0.9914249490832976,152,275,4,29,0.9837422523218281,0.851782880468945,
spambase,RandomForest,IQR Removal,1,1.0625,0.0,5.478104591369629,4.901766777038574,0.65,1621,2509,0,10,0.9999989003413584,0.9949488945183348,158,273,6,24,0.9874748907006973,0.8644293434871804,
spambase,RandomForest,IQR Removal,2,1.078125,0.0,5.480202674865723,4.870316505432129,0.67,1618,2510,0,13,0.9999989007794694,0.9934374176620285,161,276,2,21,0.981737686773658,0.8970035439539851,
spambase,RandomForest,IQR Removal,3,1.046875,0.0,5.480060577392578,4.9969987869262695,0.65,1616,2510,0,15,0.999999267186313,0.992429961606386,160,275,3,22,0.9909182544074631,0.887709007975726,
spambase,RandomForest,IQR Removal,4,1.09375,0.0,5.480155944824219,4.981426239013672,0.67,1619,2509,0,13,0.9999995115622973,0.9934388430038162,154,277,2,27,0.9932770945959326,0.8705824258588171,
spambase,RandomForest,IQR Removal,5,1.0625,0.015625,5.480108261108398,4.910455703735352,0.65,1618,2509,0,14,0.9999986567963176,0.99293515410032,163,272,7,18,0.9872175686647261,0.8860447695046473,
spambase,RandomForest,IQR Removal,6,1.078125,0.015625,5.480741500854492,4.962793350219727,0.65,1622,2509,0,10,0.9999998778905743,0.9949507749917518,165,275,4,16,0.98488088873047,0.9092271827711901,
spambase,RandomForest,IQR Removal,7,1.0625,0.015625,5.480107307434082,4.924816131591797,0.67,1616,2509,0,16,0.9999987789057433,0.9919282073958029,156,276,3,25,0.9870987544307808,0.8742855823248953,
spambase,RandomForest,IQR Removal,8,1.078125,0.0,5.480012893676758,4.954095840454102,0.64,1617,2509,0,15,0.9999995115622973,0.9924316089829246,164,276,3,17,0.9891879047109843,0.9095569354372299,
spambase,RandomForest,IQR Removal,9,1.0625,0.0,5.480108261108398,4.908319473266602,0.6540000000000009,1615,2509,0,17,0.9999986567963176,0.9914249490832976,158,278,1,23,0.988663141844393,0.8929994962808038,
spambase,RandomForest,IQR Removal,10,1.09375,0.015625,5.480202674865723,4.856897354125977,0.6440000000000009,1615,2509,0,17,0.9999981683586149,0.9914249490832976,154,274,5,27,0.9859502168359768,0.8555716683689867,
spambase,RandomForest,Yeo-Johnson,1,1.4375,0.0,5.441642761230469,4.928873062133789,0.66,1616,2509,0,15,0.9999989003413585,0.9924287867133877,159,273,6,23,0.98815431879948,0.8688628629885957,
spambase,RandomForest,Yeo-Johnson,2,1.46875,0.015625,5.442893981933594,4.871500015258789,0.67,1617,2510,0,14,0.9999989007794695,0.9929336178327689,160,275,3,22,0.9821329749387304,0.887709007975726,
spambase,RandomForest,Yeo-Johnson,3,1.453125,0.015625,5.442893981933594,4.984567642211914,0.6440000000000009,1615,2510,0,16,0.9999992671863129,0.991926448727093,160,274,4,22,0.9906514348960391,0.8828197468398413,
spambase,RandomForest,Yeo-Johnson,4,1.453125,0.015625,5.442893981933594,4.994960784912109,0.67,1617,2509,0,15,0.9999995115622973,0.9924316089829246,158,277,2,23,0.9940988930473871,0.8880105910543056,
spambase,RandomForest,Yeo-Johnson,5,1.421875,0.0,5.442846298217773,4.946124076843262,0.6440000000000009,1615,2509,0,17,0.9999984125774661,0.9914249490832976,164,272,7,17,0.9886235370997447,0.8905622427711667,
spambase,RandomForest,Yeo-Johnson,6,1.40625,0.0,5.442893981933594,4.985508918762207,0.6740000000000009,1615,2509,0,17,0.9999998778905743,0.9914249490832976,164,276,3,17,0.9851086160121983,0.9095569354372299,
spambase,RandomForest,Yeo-Johnson,7,1.4375,0.015625,5.442893981933594,4.923854827880859,0.66,1621,2509,0,11,0.9999990231245945,0.994446653193276,158,276,3,23,0.985375948038575,0.8830565754329467,
spambase,RandomForest,Yeo-Johnson,8,1.421875,0.0,5.442893981933594,4.931467056274414,0.66,1616,2509,0,16,0.9999995115622973,0.9919282073958029,162,276,3,19,0.9879007505099111,0.9006907954754523,
spambase,RandomForest,Yeo-Johnson,9,1.4375,0.015625,5.442893981933594,4.925982475280762,0.65,1617,2509,0,15,0.9999986567963176,0.9924316089829246,158,276,3,23,0.9879799599992078,0.8830565754329467,
spambase,RandomForest,Yeo-Johnson,10,1.453125,0.015625,5.442893981933594,4.887996673583984,0.6440000000000009,1615,2509,0,17,0.9999984125774662,0.9914249490832976,155,274,5,26,0.9864551773302442,0.8599809795342932,
spambase,RandomForest,Quantile Transform,1,1.109375,0.03125,5.886992454528809,5.344204902648926,0.6578999999999997,1615,2509,0,16,0.9999989003413585,0.9919251966397437,158,274,5,24,0.9874551971326164,0.8692855060534715,
spambase,RandomForest,Quantile Transform,2,1.09375,0.015625,5.888422966003418,5.3127546310424805,0.67,1619,2510,0,12,0.9999989007794695,0.9939413613501212,161,276,2,21,0.9815598070993754,0.8970035439539851,
spambase,RandomForest,Quantile Transform,3,1.09375,0.03125,5.888333320617676,5.439436912536621,0.6440000000000009,1615,2510,0,16,0.999999022915084,0.991926448727093,160,275,3,22,0.9916791841252273,0.887709007975726,
spambase,RandomForest,Quantile Transform,4,1.09375,0.03125,5.888087272644043,5.423864364624023,0.67,1619,2509,0,13,0.9999995115622973,0.9934388430038162,156,277,2,25,0.9933365017129052,0.8792819467090713,
spambase,RandomForest,Quantile Transform,5,1.109375,0.015625,5.888171195983887,5.352893829345703,0.65,1618,2509,0,14,0.9999986567963175,0.99293515410032,164,272,7,17,0.9871482603615913,0.8905622427711667,
spambase,RandomForest,Quantile Transform,6,1.09375,0.015625,5.888001441955566,5.405231475830078,0.66,1617,2509,0,15,0.9999998778905743,0.9924316089829246,165,275,4,16,0.9854749599001961,0.9092271827711901,
spambase,RandomForest,Quantile Transform,7,1.09375,0.015625,5.888422966003418,5.367254257202148,0.66,1619,2509,0,13,0.9999990231245945,0.9934388430038162,157,276,3,24,0.9865739915641895,0.8786673872143014,
spambase,RandomForest,Quantile Transform,8,1.09375,0.03125,5.8881635665893555,5.396533966064453,0.64,1618,2509,0,14,0.9999995115622973,0.99293515410032,164,276,3,17,0.9892572130141192,0.9095569354372299,
spambase,RandomForest,Quantile Transform,9,1.109375,0.015625,5.888375282287598,5.350757598876953,0.6540000000000009,1615,2509,0,17,0.9999986567963175,0.9914249490832976,159,278,1,22,0.9885542287966098,0.8973537948943097,
spambase,RandomForest,Quantile Transform,10,1.09375,0.03125,5.888422966003418,5.299335479736328,0.6440000000000009,1615,2509,0,17,0.9999981683586149,0.9914249490832976,155,274,5,26,0.986346264282461,0.8599809795342932,
spambase,RandomForest,Uniform Binning,1,0.796875,0.0,5.457103729248047,4.527936935424805,0.5890005454787749,852,2409,100,779,0.8581392700563685,0.5602955236583521,95,255,24,87,0.8171944542912284,0.4869612860566287,
spambase,RandomForest,Uniform Binning,2,0.796875,0.015625,5.458408355712891,4.383283615112305,0.5616087120274681,845,2387,123,786,0.8508554378439643,0.5415529099359799,88,255,23,94,0.8141849158036208,0.4580288394455824,
spambase,RandomForest,Uniform Binning,3,0.796875,0.0,5.458408355712891,4.61964225769043,0.5947844508432744,826,2424,86,805,0.8548646615255716,0.5567179484115385,87,262,16,95,0.8226440825361687,0.49321734669906836,
spambase,RandomForest,Uniform Binning,4,0.78125,0.015625,5.458408355712891,4.986641883850098,0.5441543408759895,944,2376,133,688,0.8703330998601114,0.5852839285164646,91,259,20,90,0.8339175033168974,0.4921787822691342,
spambase,RandomForest,Uniform Binning,5,0.796875,0.015625,5.458408355712891,4.47773551940918,0.588302349611173,845,2395,114,787,0.8541632476027479,0.5471412650599481,89,260,19,92,0.8377690647339551,0.4882326189327563,
spambase,RandomForest,Uniform Binning,6,0.796875,0.0,5.458408355712891,4.35291862487793,0.5396979457080069,916,2320,189,716,0.8499825871958987,0.5368662747503674,112,244,35,69,0.84057110041783,0.5168372449868558,
spambase,RandomForest,Uniform Binning,7,0.78125,0.0,5.458408355712891,4.465070724487305,0.590146752622385,846,2394,115,786,0.8523007125329207,0.5469913949808569,80,259,20,101,0.785738331452108,0.4385801452810551,
spambase,RandomForest,Uniform Binning,8,0.78125,0.0,5.458408355712891,4.626508712768555,0.604360994645439,810,2406,103,822,0.8496208990770482,0.5366344460595813,91,266,13,90,0.8444523653933741,0.5327506793044581,
spambase,RandomForest,Uniform Binning,9,0.796875,0.015625,5.45836067199707,4.719901084899902,0.4833871614818559,1140,2148,361,492,0.8660292310427559,0.5638129797103365,121,234,45,60,0.8245509812075488,0.5159508198530555,
spambase,RandomForest,Uniform Binning,10,0.8125,0.015625,5.458364486694336,4.49360466003418,0.5686594624329917,818,2409,100,814,0.850697659992654,0.5427593329531879,74,264,15,107,0.807827877779758,0.43911792275630895,
spambase,RandomForest,Quantile Binning,1,0.75,0.015625,5.458364486694336,9.557275772094727,0.43700000000000006,1607,2500,9,24,0.9981122526653892,0.9833086744164339,159,255,24,23,0.9634290440742054,0.7868614062617996,
spambase,RandomForest,Quantile Binning,2,0.765625,0.015625,5.459629058837891,9.703302383422852,0.4593619047619052,1608,2503,7,23,0.9986815460414626,0.9848333420283765,155,265,13,27,0.965481460985058,0.817421902411639,
spambase,RandomForest,Quantile Binning,3,0.765625,0.015625,5.459161758422852,9.817438125610352,0.4183466699966718,1604,2499,11,27,0.9980485171515043,0.9807801382005384,173,266,12,9,0.9850482251561389,0.9048925021311506,
spambase,RandomForest,Quantile Binning,4,0.78125,0.0,5.459754943847656,9.719629287719727,0.4450000000000011,1608,2502,7,24,0.9982756928000376,0.9843326028920436,161,263,16,20,0.9734846234578902,0.8355372438433808,
spambase,RandomForest,Quantile Binning,5,0.765625,0.015625,5.45958137512207,9.672784805297852,0.45899999999999996,1607,2500,9,25,0.9982203772302065,0.9828104934527716,166,255,24,15,0.9717420146933603,0.8245915832797965,
spambase,RandomForest,Quantile Binning,6,0.734375,0.0,5.459625244140625,9.495019912719727,0.4954301809301808,1609,2499,10,23,0.9983449288443954,0.9833114221663203,162,264,15,19,0.9622962830947147,0.8446833574518322,
spambase,RandomForest,Quantile Binning,7,0.734375,0.0,5.459629058837891,9.572687149047852,0.4817333333333337,1608,2502,7,24,0.9983923073015575,0.9843326028920436,157,259,20,24,0.9672270738034418,0.798952789409575,
spambase,RandomForest,Quantile Binning,8,0.765625,0.0,5.45916748046875,9.721307754516602,0.44374891774891767,1608,2498,11,24,0.9981606657210513,0.9822986800825706,167,262,17,14,0.9813758688290857,0.8592986440233236,
spambase,RandomForest,Quantile Binning,9,0.75,0.015625,5.459796905517578,9.641199111938477,0.4258375382787146,1609,2497,12,23,0.9980659088067272,0.9822964290180783,164,265,14,17,0.9784352165389415,0.8584774950169982,
spambase,RandomForest,Quantile Binning,10,0.765625,0.015625,5.4596710205078125,9.677209854125977,0.4662698102551041,1609,2500,9,23,0.9983964590220306,0.9838194661866572,160,270,9,21,0.9736034376918354,0.8630745372684703,
spambase,RandomForest,PCA,1,1.953125,0.09375,3.792276382446289,10.911913871765137,0.59,1617,2509,0,14,0.9999957235497274,0.9929325202746596,120,233,46,62,0.8282622395525622,0.5035113588180871,
spambase,RandomForest,PCA,2,2.046875,0.09375,3.793336868286133,10.888567924499512,0.5740000000000008,1615,2510,0,16,0.9999974351520955,0.991926448727093,115,234,44,67,0.824244999604712,0.48694864526145626,
spambase,RandomForest,PCA,3,1.96875,0.09375,3.7932491302490234,10.962420463562012,0.57,1617,2510,0,14,0.999996580202794,0.9929336178327689,122,238,40,60,0.8665704798798324,0.5389460272699702,
spambase,RandomForest,PCA,4,1.953125,0.09375,3.7932891845703125,10.957079887390137,0.58,1618,2509,0,14,0.9999995115622973,0.99293515410032,128,226,53,53,0.8447791045367236,0.5172181627358957,
spambase,RandomForest,PCA,5,2.046875,0.0,3.7667131423950195,14.060259819030762,0.564000000000001,1615,2509,0,17,0.9999849805406419,0.9914249490832976,115,202,77,66,0.7619457811045763,0.3560158801261451,
spambase,RandomForest,PCA,6,1.96875,0.09375,3.793336868286133,11.052142143249512,0.57,1620,2509,0,12,0.9999998778905743,0.9939426759494115,121,239,40,60,0.8318580565951803,0.537857491534172,
spambase,RandomForest,PCA,7,1.96875,0.09375,3.7932052612304688,10.842181205749512,0.57,1617,2509,0,15,0.9999995115622973,0.9924316089829246,125,231,48,56,0.8445315748826709,0.522974314347861,
spambase,RandomForest,PCA,8,2.046875,0.09375,3.793288230895996,10.991869926452637,0.58,1619,2509,0,13,0.9999982904680406,0.9934388430038162,127,250,29,54,0.8775421295471197,0.6167885630955435,
spambase,RandomForest,PCA,9,1.96875,0.078125,3.793336868286133,10.787402153015137,0.5840000000000009,1615,2509,0,17,0.9999978020303378,0.9914249490832976,126,228,51,55,0.8328877799560388,0.5154232675475802,
spambase,RandomForest,PCA,10,1.96875,0.078125,3.7931137084960938,10.863390922546387,0.59,1620,2509,0,12,0.9999989010151689,0.9939426759494115,122,237,42,59,0.845600902988178,0.5339327677558239,
spambase,RandomForest,Select Percentile (Mutual Info),1,2.4375,0.015625,9.092989921569824,4.682980537414551,0.6378999999999997,1615,2509,0,16,0.9999904696251068,0.9919251966397437,155,274,5,27,0.9848359525778881,0.8560882362991247,
spambase,RandomForest,Select Percentile (Mutual Info),2,1.71875,0.0,9.095147132873535,4.578754425048828,0.66,1617,2510,0,14,0.9999989007794695,0.9929336178327689,157,276,2,25,0.9785852636572061,0.879563945589114,
spambase,RandomForest,Select Percentile (Mutual Info),3,1.703125,0.0,9.09510326385498,4.660846710205078,0.63,1616,2510,0,15,0.9999802140304508,0.992429961606386,162,271,7,20,0.9891493398687643,0.8773022093138606,
spambase,RandomForest,Select Percentile (Mutual Info),4,1.71875,0.0,9.0952787399292,4.872350692749023,0.6440000000000009,1615,2509,0,17,0.9999848584312163,0.9914249490832976,154,276,3,27,0.9943464227014396,0.8655433967120837,
spambase,RandomForest,Select Percentile (Mutual Info),5,1.703125,0.015625,9.095234870910645,4.679309844970703,0.63,1616,2509,0,16,0.9999920628873311,0.9919282073958029,163,272,7,18,0.9840392879066912,0.8860447695046473,
spambase,RandomForest,Select Percentile (Mutual Info),6,1.703125,0.0,9.09510326385498,4.802618026733398,0.65,1618,2509,0,14,0.999984614212365,0.99293515410032,161,275,4,20,0.9813362640844373,0.8914126011877195,
spambase,RandomForest,Select Percentile (Mutual Info),7,1.6875,0.015625,9.095187187194824,4.651844024658203,0.66,1616,2509,0,16,0.999995848279527,0.9919282073958029,154,273,6,27,0.9806035763084417,0.850637775694289,
spambase,RandomForest,Select Percentile (Mutual Info),8,1.71875,0.015625,9.0952787399292,4.709217071533203,0.63,1617,2509,0,15,0.9999865679631756,0.9924316089829246,164,275,4,17,0.984979900592091,0.9047608084820024,
spambase,RandomForest,Select Percentile (Mutual Info),9,1.71875,0.015625,9.095011711120605,4.713031768798828,0.64,1617,2509,0,15,0.9999816835861487,0.9924316089829246,156,275,4,25,0.9852472326184677,0.8693241833742973,
spambase,RandomForest,Select Percentile (Mutual Info),10,1.71875,0.0,9.09514331817627,4.456531524658203,0.63,1618,2509,0,14,0.9999942608569933,0.99293515410032,153,274,5,28,0.9831382799659399,0.8511690444696357,
spambase,RandomForest,Random Undersampling,1,0.890625,0.0,5.938678741455078,4.161919593811035,0.55,1630,2482,27,1,0.9991756225717399,0.9859605944525854,171,267,12,11,0.9879967702548348,0.8957033860942771,
spambase,RandomForest,Random Undersampling,2,0.90625,0.015625,5.938810348510742,4.092339515686035,0.5075,1629,2482,28,2,0.9990463651219769,0.9849540153402446,172,270,8,10,0.9834967191082298,0.918057889438122,
spambase,RandomForest,Random Undersampling,3,0.921875,0.015625,5.938678741455078,4.24599552154541,0.57,1629,2481,29,2,0.9995927998612538,0.9844579078004091,174,271,7,8,0.9910071942446044,0.9317576869257737,
spambase,RandomForest,Random Undersampling,4,0.90625,0.0,5.942200660705566,4.218544960021973,0.58,1630,2482,27,2,0.9992948180667245,0.9854534786426526,169,268,11,12,0.9921879641181013,0.8951530092085486,
spambase,RandomForest,Random Undersampling,5,0.90625,0.015625,5.94233512878418,4.192452430725098,0.56,1628,2480,29,4,0.9996097382755413,0.9834360983762307,171,265,14,10,0.9842472128160954,0.8912602982732296,
spambase,RandomForest,Random Undersampling,6,0.921875,0.0,5.94233512878418,4.244637489318848,0.71,1610,2503,6,22,0.9998178127368923,0.9858497314337821,166,274,5,15,0.9857422919265727,0.9089784189798806,
spambase,RandomForest,Random Undersampling,7,0.9375,0.0,5.942160606384277,4.214425086975098,0.58,1631,2482,27,1,0.9996604136871966,0.985965708965106,167,270,9,14,0.9858215014158695,0.8949691106334554,
spambase,RandomForest,Random Undersampling,8,0.90625,0.0,5.942116737365723,4.212746620178223,0.57,1630,2482,27,2,0.9996786079916223,0.9854534786426526,170,270,9,11,0.9882373908394225,0.9087698199887634,
spambase,RandomForest,Random Undersampling,9,0.90625,0.0,5.942336082458496,4.142556190490723,0.62,1629,2480,29,3,0.999349523089427,0.9839485310930226,164,274,5,17,0.9880789718608289,0.8999966536706462,
spambase,RandomForest,Random Undersampling,10,0.921875,0.0,5.942159652709961,4.212899208068848,0.56,1628,2477,32,4,0.9996037549136833,0.9819486732370606,163,271,8,18,0.9837125487633418,0.8813541546668098,
spambase,RandomForest,SMOTE / SMOTENC,1,1.859375,0.015625,7.026275634765625,6.02415657043457,0.65,1618,2509,0,13,0.9999986559727715,0.9934363975795463,159,273,6,23,0.9869628579305999,0.8688628629885957,
spambase,RandomForest,SMOTE / SMOTENC,2,1.90625,0.015625,7.028509140014648,5.90601921081543,0.6840000000000009,1615,2510,0,16,0.9999986565082406,0.991926448727093,160,275,3,22,0.9800280654597202,0.887709007975726,
spambase,RandomForest,SMOTE / SMOTENC,3,1.921875,0.0,7.02824592590332,6.069305419921875,0.66,1616,2510,0,15,0.9999992671863129,0.992429961606386,163,274,4,19,0.9893667483595542,0.8960832801637894,
spambase,RandomForest,SMOTE / SMOTENC,4,1.765625,0.0,7.027198791503906,6.163751602172852,0.69,1618,2509,0,14,0.9999995115622974,0.99293515410032,155,277,2,26,0.9934157112022021,0.8749286349669821,
spambase,RandomForest,SMOTE / SMOTENC,5,1.828125,0.0,7.027154922485352,6.063026428222656,0.66,1618,2509,0,14,0.999998901015169,0.99293515410032,163,272,7,18,0.9880987742331532,0.8860447695046473,
spambase,RandomForest,SMOTE / SMOTENC,6,1.890625,0.015625,7.026979446411133,6.068214416503906,0.6740000000000009,1615,2509,0,17,0.9999998778905743,0.9914249490832976,163,275,4,18,0.984989801778253,0.9003030440718898,
spambase,RandomForest,SMOTE / SMOTENC,7,1.953125,0.015625,7.027111053466797,6.041977882385254,0.69,1618,2509,0,14,0.9999985346868919,0.99293515410032,155,276,3,26,0.9873165805263471,0.8699109792959261,
spambase,RandomForest,SMOTE / SMOTENC,8,2.03125,0.0,7.027238845825195,6.110947608947754,0.6640000000000009,1615,2509,0,17,0.9999995115622973,0.9914249490832976,165,276,3,16,0.9878017386482901,0.9140029023686101,
spambase,RandomForest,SMOTE / SMOTENC,9,1.8125,0.015625,7.027198791503906,6.035696029663086,0.6740000000000009,1615,2509,0,17,0.9999981683586149,0.9914249490832976,156,276,3,25,0.9881977860947742,0.8742855823248953,
spambase,RandomForest,SMOTE / SMOTENC,10,1.9375,0.0,7.027242660522461,6.048844337463379,0.67,1617,2509,0,15,0.9999984125774662,0.9924316089829246,151,275,4,30,0.9862769559793263,0.8474139931898335,
spambase,MLP,Baseline,1,4.515625,0.0,5.42728328704834,0.18981647491455078,0.41583619339241207,1523,2376,133,108,0.9835071975101775,0.878487792272714,167,255,24,15,0.9745362164717003,0.8251507465110494,
spambase,MLP,Baseline,2,8.90625,0.0,5.4325761795043945,0.19077014923095703,0.3938348238560331,1526,2421,89,105,0.9854965179136306,0.9017426635576972,167,266,12,15,0.9833583682504545,0.8769947307980801,
spambase,MLP,Baseline,3,6.1875,0.046875,5.432623863220215,0.19021987915039062,0.6144446868311478,1496,2349,161,135,0.9732718421226194,0.8507838421892278,168,260,18,14,0.9724879437109653,0.8552242043742865,
spambase,MLP,Baseline,4,5.890625,0.0,5.4325761795043945,0.19015026092529297,0.21943885521981613,1433,2368,141,199,0.9641760251330506,0.8273630921256223,152,265,14,29,0.9499990098813837,0.80319446360665,
spambase,MLP,Baseline,5,5.15625,0.0,5.432623863220215,0.1900310516357422,0.5061259582446402,1508,2402,107,124,0.9841112436405411,0.8830133715884163,167,259,20,14,0.964929998613834,0.8463542074418364,
spambase,MLP,Baseline,6,5.625,0.0,5.432623863220215,0.18998146057128906,0.5738909993586344,1474,2409,100,158,0.9813055353667972,0.869104143223577,165,270,9,16,0.975880710509119,0.8858141732303043,
spambase,MLP,Baseline,7,4.546875,0.0,5.432623863220215,0.18979263305664062,0.343444619872528,1454,2389,120,178,0.9709787412374276,0.8487426548831113,158,267,12,23,0.9666924097506882,0.8399487964247855,
spambase,MLP,Baseline,8,7.03125,0.0625,5.432623863220215,0.19041061401367188,0.6243431738741145,1507,2359,150,125,0.9772488160270085,0.8613845922576996,164,257,22,17,0.9675637141329532,0.8234418202860124,
spambase,MLP,Baseline,9,5.390625,0.0,5.432623863220215,0.19000530242919922,0.5802413273529516,1490,2384,125,142,0.9808904854289265,0.8647759099537634,161,269,10,20,0.9774946038535417,0.8629379784580958,
spambase,MLP,Baseline,10,5.125,0.0,5.432623863220215,0.19000530242919922,0.5684048899127117,1518,2329,180,114,0.9769592945787322,0.8528491805920441,159,259,20,22,0.9651478247094001,0.8083708049204648,
spambase,MLP,Standard Scaler,1,22.1875,0.0,5.67410945892334,0.1938028335571289,0.45460031792770406,1604,2498,11,27,0.9993857795565639,0.9807771504222322,167,264,15,15,0.9769979124817835,0.8638189767222025,
spambase,MLP,Standard Scaler,2,22.84375,0.03125,5.675239562988281,0.1938028335571289,0.4880080118231133,1608,2503,7,23,0.9994407410212003,0.9848333420283765,168,268,10,14,0.9871531346351491,0.8906332537371604,
spambase,MLP,Standard Scaler,3,22.375,0.0,5.675239562988281,0.1938028335571289,0.4796009425976554,1607,2502,8,24,0.9994310923076546,0.983820041071417,173,261,17,9,0.9871333702268954,0.8832745949087367,
spambase,MLP,Standard Scaler,4,22.75,0.046875,5.675239562988281,0.1938028335571289,0.4814261398568599,1608,2502,7,24,0.9994387850795958,0.9843326028920436,167,263,16,14,0.9872472722232123,0.8636639719201038,
spambase,MLP,Standard Scaler,5,22.203125,0.0,5.675191879272461,0.1938028335571289,0.433526691231472,1607,2501,8,25,0.9993722354426028,0.9833194105790074,174,266,13,7,0.9876037149250481,0.9097721803076525,
spambase,MLP,Standard Scaler,6,21.984375,0.03125,5.675239562988281,0.1938028335571289,0.515362943774437,1608,2502,7,24,0.9994701672019944,0.9843326028920436,169,269,10,12,0.9750490108715024,0.8996426368007362,
spambase,MLP,Standard Scaler,7,22.203125,0.0,5.675195693969727,0.1938028335571289,0.5415536694871911,1609,2503,6,23,0.999505701044866,0.9853457952050799,165,269,10,16,0.9852472326184677,0.8812213248065401,
spambase,MLP,Standard Scaler,8,22.984375,0.0,5.675191879272461,0.1938028335571289,0.5192987470811251,1607,2501,8,25,0.999399954282231,0.9833194105790074,172,267,12,9,0.9815243866215172,0.9047161199230764,
spambase,MLP,Standard Scaler,9,22.65625,0.0,5.675239562988281,0.1938028335571289,0.5592282203402066,1609,2503,6,23,0.9994027627990216,0.9853457952050799,165,271,8,16,0.9822966791421612,0.8904363139660166,
spambase,MLP,Standard Scaler,10,22.4375,0.0,5.675239562988281,0.1938028335571289,0.525646547152642,1610,2503,6,22,0.9994743189224673,0.9858497314337821,164,267,12,17,0.9810293273134121,0.867501417085858,
spambase,MLP,MinMax Scaler,1,21.15625,0.09375,5.448616027832031,0.19533157348632812,0.5098575945264942,1539,2433,76,92,0.9922482618673328,0.9149023318642102,167,259,20,15,0.9775296388199615,0.842092155462504,
spambase,MLP,MinMax Scaler,2,21.375,0.0,5.4498138427734375,0.19533157348632812,0.439760433949687,1561,2414,96,70,0.9922501288530733,0.9163557313231834,169,265,13,13,0.9861056209977073,0.881808838643371,
spambase,MLP,MinMax Scaler,3,21.609375,0.0,5.449634552001953,0.19533157348632812,0.46468432691201955,1536,2431,79,95,0.9916781677703655,0.9118756731272922,174,264,14,8,0.9839117716815559,0.9008895052052908,
spambase,MLP,MinMax Scaler,4,21.84375,0.0,5.4498138427734375,0.19533157348632812,0.4836287081864977,1537,2431,78,95,0.9918535917754906,0.9123959486664682,169,265,14,12,0.9867720152874314,0.8818476196342832,
spambase,MLP,MinMax Scaler,5,22.359375,0.0,5.4498138427734375,0.19533157348632812,0.392180033650659,1559,2411,98,73,0.992530932759712,0.9138364791846716,175,258,21,6,0.9838610665557735,0.8807906334074858,
spambase,MLP,MinMax Scaler,6,21.6875,0.0,5.449769973754883,0.19533157348632812,0.5024883157261131,1537,2431,78,95,0.9923475244023476,0.9123959486664682,166,267,12,15,0.9813263628982752,0.8767505803766679,
spambase,MLP,MinMax Scaler,7,21.625,0.0,5.449857711791992,0.19533157348632812,0.3818859230748248,1554,2406,103,78,0.9919669093225174,0.9087930285186167,173,265,14,8,0.9832867977583715,0.9007124698982503,
spambase,MLP,MinMax Scaler,8,21.078125,0.078125,5.4498138427734375,0.19533157348632812,0.4202287466606472,1560,2412,97,72,0.9925618264444079,0.9148451693178826,169,262,17,12,0.9834650191092893,0.8687790201389791,
spambase,MLP,MinMax Scaler,9,21.59375,0.0,5.449726104736328,0.19533157348632812,0.5966291682588752,1516,2451,58,116,0.9922774335920099,0.9118632687385548,160,274,5,21,0.9803758490267134,0.8821344068999867,
spambase,MLP,MinMax Scaler,10,21.921875,0.0625,5.449682235717773,0.19533157348632812,0.5189511744044444,1540,2434,75,92,0.9921301696246455,0.9154355256055771,164,264,15,17,0.979266916176558,0.8540067208606005,
spambase,MLP,IQR Capping,1,16.0,0.09375,5.876357078552246,0.19263172149658203,0.6444519152867658,1549,2443,66,82,0.9923409997461011,0.9250369193346751,168,265,14,14,0.9758753791011856,0.872897711607389,
spambase,MLP,IQR Capping,2,12.1875,0.09375,5.876504898071289,0.19174766540527344,0.31594859339154063,1551,2404,106,80,0.9899274758721094,0.9062677483794979,168,264,14,14,0.9863625583050044,0.8727172108467073,
spambase,MLP,IQR Capping,3,14.703125,0.0,5.876811981201172,0.1923675537109375,0.39099020808516655,1564,2417,93,67,0.9912859903122031,0.919382126206289,173,262,16,9,0.9876472448414895,0.887547922474299,
spambase,MLP,IQR Capping,4,10.96875,0.09375,5.876744270324707,0.19148731231689453,0.6863113944291002,1540,2392,117,92,0.9865813952125291,0.8946713666536626,165,262,17,16,0.9807916988455216,0.8498544888308927,
spambase,MLP,IQR Capping,5,17.484375,0.09375,5.87660026550293,0.1930370330810547,0.48742136352484994,1571,2423,86,61,0.9926736786783267,0.9259407607832036,173,259,20,8,0.9813461652705995,0.8752187399094091,
spambase,MLP,IQR Capping,6,22.0625,0.078125,5.8765058517456055,0.19403839111328125,0.4277464994948483,1579,2431,78,53,0.9937934221117702,0.9340102818488917,174,267,12,7,0.9847125685657142,0.9141162199919457,
spambase,MLP,IQR Capping,7,9.640625,0.09375,5.876738548278809,0.1911296844482422,0.32964463156792245,1550,2402,107,82,0.9890044125462062,0.9047582679857726,167,261,18,14,0.9792471138042338,0.8549588273529697,
spambase,MLP,IQR Capping,8,12.875,0.09375,5.876834869384766,0.19191455841064453,0.417991040342873,1512,2447,62,120,0.9896047024828266,0.9077909710704617,162,273,6,19,0.981504584249193,0.8862766207087868,
spambase,MLP,IQR Capping,9,13.59375,0.09375,5.877049446105957,0.19212913513183594,0.5010688528549874,1542,2436,73,90,0.9909192104502225,0.9174619102316496,168,270,9,13,0.9860591298837601,0.8995600391025409,
spambase,MLP,IQR Capping,10,14.421875,0.078125,5.876739501953125,0.19227218627929688,0.5807232607672137,1542,2436,73,90,0.9917631086910651,0.9174619102316496,164,268,11,17,0.981702607972435,0.8720554274767265,
spambase,MLP,IQR Removal,1,5.375,0.0,5.481136322021484,0.18999958038330078,0.41583619339241207,1523,2376,133,108,0.9835071975101775,0.878487792272714,167,255,24,15,0.9745362164717003,0.8251507465110494,
spambase,MLP,IQR Removal,2,9.453125,0.046875,5.483490943908691,0.19095325469970703,0.3938348238560331,1526,2421,89,105,0.9854965179136306,0.9017426635576972,167,266,12,15,0.9833583682504545,0.8769947307980801,
spambase,MLP,IQR Removal,3,6.9375,0.0,5.483539581298828,0.19040298461914062,0.6144446868311478,1496,2349,161,135,0.9732718421226194,0.8507838421892278,168,260,18,14,0.9724879437109653,0.8552242043742865,
spambase,MLP,IQR Removal,4,6.671875,0.0,5.484374046325684,0.19033336639404297,0.21943885521981613,1433,2368,141,199,0.9641760251330506,0.8273630921256223,152,265,14,29,0.9499990098813837,0.80319446360665,
spambase,MLP,IQR Removal,5,6.0,0.0,5.483490943908691,0.1902141571044922,0.5061259582446402,1508,2402,107,124,0.9841112436405411,0.8830133715884163,167,259,20,14,0.964929998613834,0.8463542074418364,
spambase,MLP,IQR Removal,6,6.09375,0.0,5.483490943908691,0.19016456604003906,0.5738909993586344,1474,2409,100,158,0.9813055353667972,0.869104143223577,165,270,9,16,0.975880710509119,0.8858141732303043,
spambase,MLP,IQR Removal,7,5.296875,0.0,5.483633995056152,0.18997573852539062,0.343444619872528,1454,2389,120,178,0.9709787412374276,0.8487426548831113,158,267,12,23,0.9666924097506882,0.8399487964247855,
spambase,MLP,IQR Removal,8,7.859375,0.0,5.483395576477051,0.19059371948242188,0.6243431738741145,1507,2359,150,125,0.9772488160270085,0.8613845922576996,164,257,22,17,0.9675637141329532,0.8234418202860124,
spambase,MLP,IQR Removal,9,5.8125,0.0625,5.483681678771973,0.19018840789794922,0.5802413273529516,1490,2384,125,142,0.9808904854289265,0.8647759099537634,161,269,10,20,0.9774946038535417,0.8629379784580958,
spambase,MLP,IQR Removal,10,5.71875,0.0,5.483586311340332,0.19018840789794922,0.5684048899127117,1518,2329,180,114,0.9769592945787322,0.8528491805920441,159,259,20,22,0.9651478247094001,0.8083708049204648,
spambase,MLP,Yeo-Johnson,1,22.1875,0.09375,5.445503234863281,0.19339847564697266,0.5575502053643303,1540,2434,75,91,0.9907737418133468,0.9159157906112567,167,267,12,15,0.9863129701839379,0.8771666847358618,
spambase,MLP,Yeo-Johnson,2,23.125,0.0,5.446632385253906,0.19339847564697266,0.4765546250321989,1541,2436,74,90,0.9908546073217858,0.9169421779120898,163,270,8,19,0.985453395525338,0.8770891824683378,
spambase,MLP,Yeo-Johnson,3,22.46875,0.03125,5.446632385253906,0.19339847564697266,0.4582216043289025,1538,2433,77,93,0.9902335477220486,0.9139022750412112,170,267,11,12,0.9885959364376631,0.895356265550271,
spambase,MLP,Yeo-Johnson,4,22.5625,0.046875,5.446584701538086,0.19339847564697266,0.5344258754575051,1541,2435,74,91,0.9904297958721153,0.9164487179186134,171,269,10,10,0.988574031168934,0.9089090873086596,
spambase,MLP,Yeo-Johnson,5,22.71875,0.0,5.446632385253906,0.19339847564697266,0.45940947907569685,1540,2434,75,92,0.9905771819489056,0.9154355256055771,172,265,14,9,0.9853066397354403,0.895981340050759,
spambase,MLP,Yeo-Johnson,6,22.875,0.0,5.446632385253906,0.19339847564697266,0.5285555892787354,1540,2434,75,92,0.9902040155440415,0.9154355256055771,171,272,7,10,0.9844551377254995,0.9224332937758418,
spambase,MLP,Yeo-Johnson,7,22.75,0.0,5.446632385253906,0.19339847564697266,0.5139623945961556,1543,2437,72,89,0.9911558585171814,0.9184751025446859,169,265,14,12,0.9845739519594447,0.8818476196342832,
spambase,MLP,Yeo-Johnson,8,22.34375,0.0,5.446632385253906,0.19339847564697266,0.46865050477042774,1515,2450,59,117,0.990257621581913,0.9108451943215315,168,271,8,13,0.988851264381473,0.9041250084826545,
spambase,MLP,Yeo-Johnson,9,22.453125,0.0,5.446632385253906,0.19339847564697266,0.46787341720848336,1542,2436,73,90,0.9904958570714057,0.9174619102316496,168,272,7,13,0.9886928454028793,0.9087190167959811,
spambase,MLP,Yeo-Johnson,10,23.078125,0.09375,5.446584701538086,0.19339847564697266,0.35556517044238595,1559,2411,98,73,0.9908494859681617,0.9138364791846716,164,262,17,17,0.9758411057644706,0.8451454484247213,
spambase,MLP,Quantile Transform,1,19.25,0.09375,5.890856742858887,0.6349678039550781,0.7332173369537316,1599,2493,16,32,0.9994857263086488,0.9757098566869998,169,265,14,13,0.9816849816849818,0.8775630561221975,
spambase,MLP,Quantile Transform,2,20.71875,0.09375,5.891993522644043,0.6351566314697266,0.38288748510439397,1606,2500,10,25,0.999526968765038,0.982298082018273,165,269,9,17,0.9847221124199541,0.8814970115094526,
spambase,MLP,Quantile Transform,3,22.640625,0.09375,5.891909599304199,0.6356182098388672,0.4387544335944089,1606,2501,9,25,0.9996240665785662,0.9828067401144575,166,269,9,16,0.9848011700529686,0.8860496288256561,
spambase,MLP,Quantile Transform,4,18.859375,0.15625,5.891951560974121,0.6348209381103516,0.41665895815393905,1601,2495,14,31,0.9993054415867583,0.9772402567007897,171,271,8,10,0.9886532406582308,0.9178970031767905,
spambase,MLP,Quantile Transform,5,20.609375,0.1875,5.891364097595215,0.6351127624511719,0.24243690621695643,1599,2493,16,33,0.9992459742964542,0.9752138720747172,169,266,13,12,0.98469276619339,0.8862559102063954,
spambase,MLP,Quantile Transform,6,22.625,0.09375,5.891488075256348,0.6356182098388672,0.6066074870545138,1606,2500,9,26,0.999650889151994,0.9823062182659711,167,268,11,14,0.9820986554189192,0.8858871230565026,
spambase,MLP,Quantile Transform,7,23.375,0.09375,5.892119407653809,0.6356182098388672,0.6438368664849485,1605,2499,10,27,0.9997096237857439,0.9812930259529349,166,267,12,15,0.9813659676429236,0.8767505803766679,
spambase,MLP,Quantile Transform,8,22.765625,0.1875,5.891867637634277,0.6356182098388672,0.4988547957641312,1603,2497,12,29,0.9995740823232443,0.9792666413268623,172,268,11,9,0.9848313827996594,0.9091230912055522,
spambase,MLP,Quantile Transform,9,22.859375,0.09375,5.892203330993652,0.6356182098388672,0.4615765561889187,1607,2501,8,25,0.9996718919732102,0.9833194105790074,166,273,6,15,0.9910295253371354,0.9042854167179514,
spambase,MLP,Quantile Transform,10,17.6875,0.09375,5.891867637634277,0.6346092224121094,0.4237102606044284,1601,2495,14,31,0.9994088682703054,0.9772402567007897,159,266,13,22,0.9727915404265431,0.8399049656294265,
spambase,MLP,Uniform Binning,1,21.90625,0.0,5.460842132568359,0.19780349731445312,0.5719838643994679,878,2371,138,753,0.8541736566264575,0.5487922438464414,98,256,23,84,0.8183563748079877,0.5066331482065944,
spambase,MLP,Uniform Binning,2,22.0625,0.0,5.462102890014648,0.19780349731445312,0.5516565929161461,896,2335,175,735,0.8479388393696825,0.5351935644906887,93,252,26,89,0.8236520673571033,0.46615063068488183,
spambase,MLP,Uniform Binning,3,21.96875,0.0,5.462055206298828,0.19780349731445312,0.5965701026976827,817,2416,94,814,0.8517386004724206,0.5466691095966466,89,264,14,93,0.8264684955332439,0.5145466669474064,
spambase,MLP,Uniform Binning,4,20.78125,0.03125,5.462146759033203,0.19780349731445312,0.571432918854108,924,2379,130,708,0.8638766860869497,0.5770208518491985,88,261,18,93,0.8462345789025525,0.4891716697206595,
spambase,MLP,Uniform Binning,5,21.640625,0.0,5.462146759033203,0.1977825164794922,0.578172291179528,840,2388,121,792,0.8498139540790409,0.5399676162888217,90,261,18,91,0.8404819897423711,0.4987312635059177,
spambase,MLP,Uniform Binning,6,21.859375,0.0,5.462055206298828,0.19780349731445312,0.5214867607243808,917,2308,201,715,0.8472673620065803,0.5302922553593137,115,245,34,66,0.8442840452286184,0.5360490706141104,
spambase,MLP,Uniform Binning,7,21.609375,0.0,5.462102890014648,0.19780349731445312,0.5624989979500772,869,2366,143,763,0.8493931649981634,0.5406923655097028,84,257,22,97,0.7932434305629814,0.44690267975700715,
spambase,MLP,Uniform Binning,8,21.4375,0.0,5.462146759033203,0.19771957397460938,0.6239714368343422,805,2398,111,827,0.8454110545174626,0.5286431366166339,90,264,15,91,0.8462741836472009,0.5161796177183487,
spambase,MLP,Uniform Binning,9,20.859375,0.0,5.462146759033203,0.19780349731445312,0.45864707282959255,1124,2142,367,508,0.8589942628107441,0.5522173195496084,119,237,42,62,0.8334125428226302,0.5191980815936976,
spambase,MLP,Uniform Binning,10,21.953125,0.015625,5.462015151977539,0.19780349731445312,0.5937861296238369,811,2402,107,821,0.8464357968177305,0.5344313204353022,75,262,17,106,0.8154319887522525,0.4316486084750414,
spambase,MLP,Quantile Binning,1,22.1875,0.0625,5.461469650268555,0.1963481903076172,0.5582445860229948,1501,2437,72,130,0.9870474874144068,0.8975712003232701,155,256,23,27,0.956959706959707,0.7722894562111737,
spambase,MLP,Quantile Binning,2,22.390625,0.0,5.463535308837891,0.1963481903076172,0.42143680435865233,1505,2440,70,126,0.9874438481512332,0.900636458834044,153,267,11,29,0.9646315914301526,0.8178471836467464,
spambase,MLP,Quantile Binning,3,22.28125,0.0,5.463405609130859,0.1963481903076172,0.494963190491324,1492,2428,82,139,0.9863446276207251,0.8879116542215267,163,266,12,19,0.9781109178591193,0.8585783080487654,
spambase,MLP,Quantile Binning,4,21.75,0.0,5.463445663452148,0.1963481903076172,0.4870099994240163,1519,2413,96,113,0.9869703137333053,0.8941584870318153,159,261,18,22,0.9724350977247074,0.817245016626478,
spambase,MLP,Quantile Binning,5,22.734375,0.0,5.463367462158203,0.1963481903076172,0.5036673387473851,1504,2439,70,128,0.9875719468736082,0.8996463757342755,164,257,22,17,0.9607913027980752,0.8234418202860124,
spambase,MLP,Quantile Binning,6,22.5,0.03125,5.462863922119141,0.1963481903076172,0.48138793248113665,1525,2413,96,107,0.9875480134261756,0.8972448597916951,158,257,22,23,0.9491871126160913,0.794854642809185,
spambase,MLP,Quantile Binning,7,22.203125,0.09375,5.463493347167969,0.1963481903076172,0.4239796968163954,1543,2395,114,89,0.9882818910744847,0.8976974370532956,159,252,27,22,0.9589595833580862,0.7781046204330457,
spambase,MLP,Quantile Binning,8,22.359375,0.046875,5.463323593139648,0.1963481903076172,0.43597341435322456,1496,2431,78,136,0.9863458461304012,0.8915017803980892,159,269,10,22,0.9765638923543041,0.8538440081679264,
spambase,MLP,Quantile Binning,9,21.90625,0.0,5.462486267089844,0.1963481903076172,0.38195232966234205,1522,2408,101,110,0.9873461665455341,0.8932131034463912,168,261,18,13,0.9696132596685082,0.8597115801683858,
spambase,MLP,Quantile Binning,10,22.1875,0.09375,5.463443756103516,0.1963481903076172,0.5044861905216637,1494,2429,80,138,0.9868917973725958,0.8894656315640427,153,271,8,28,0.9719004336719539,0.8364080505817609,
spambase,MLP,PCA,1,2.53125,0.0,3.7961902618408203,0.023189544677734375,0.27736300697759486,1108,1961,548,523,0.8093366639142618,0.4597278177802073,120,217,62,62,0.8045216432313206,0.4371184371184371,
spambase,MLP,PCA,2,3.0,0.09375,3.7970314025878906,0.02326202392578125,0.26786654299172297,1221,1826,684,410,0.8052155571460327,0.4667541924349292,136,205,73,46,0.8189580203968694,0.4759790001100971,
spambase,MLP,PCA,3,2.140625,0.0,3.7970752716064453,0.02309703826904297,0.2481694578330057,1136,1907,603,495,0.7860416091611483,0.4516955537326851,120,220,58,62,0.7761285477112815,0.4524997932052002,
spambase,MLP,PCA,4,3.65625,0.0,3.7970752716064453,0.023405075073242188,0.31279876840397075,1256,1777,732,376,0.8127447072890535,0.4673897598758183,145,188,91,36,0.8215212182419454,0.4641947408760117,
spambase,MLP,PCA,5,1.46875,0.0,3.7704038619995117,0.019823074340820312,0.3230201100882665,1283,1473,1036,349,0.7233121302526591,0.3674279788029862,138,155,124,43,0.6919344937523515,0.3137377832864138,
spambase,MLP,PCA,6,5.5,0.0,3.7970752716064453,0.023787498474121094,0.38874485179843216,1226,1789,720,406,0.7994265985589134,0.45454999571515964,123,207,72,58,0.8076793599873265,0.41666979867742654,
spambase,MLP,PCA,7,3.828125,0.0,3.7970752716064453,0.023461341857910156,0.24206677404899984,1286,1724,785,346,0.8118227811252041,0.46433918671793917,139,185,94,42,0.790490900809917,0.42117860234942295,
spambase,MLP,PCA,8,3.90625,0.0,3.7969436645507812,0.023461341857910156,0.28795183412714837,1282,1679,830,350,0.7997122125055681,0.44450449491958055,143,189,90,38,0.815204261470524,0.4567815163165722,
spambase,MLP,PCA,9,3.34375,0.046875,3.797027587890625,0.023334503173828125,0.27454449234941014,1024,1918,591,608,0.7283342467118373,0.39262829207886013,121,216,63,60,0.7433414523059862,0.44145786574559753,
spambase,MLP,PCA,10,3.609375,0.015625,3.7970752716064453,0.02338695526123047,0.25657043344603303,1286,1766,743,346,0.8165416998804305,0.4807957794125631,144,181,98,37,0.7996395968236996,0.4347172010175697,
spambase,MLP,Select Percentile (Mutual Info),1,9.34375,0.0,9.096850395202637,0.10266780853271484,0.4087815890937384,1483,2418,91,148,0.9783980612773783,0.8787295684852858,160,266,13,22,0.9640198511166254,0.8404584578116,
spambase,MLP,Select Percentile (Mutual Info),2,5.59375,0.0,9.099217414855957,0.10189151763916016,0.433701856415137,1417,2353,157,214,0.9603944736077151,0.8115478853876862,156,261,17,26,0.968475768835481,0.8035310693186307,
spambase,MLP,Select Percentile (Mutual Info),3,5.515625,0.0,9.099129676818848,0.10184764862060547,0.16759720555123314,1196,2339,171,435,0.8787088311377422,0.6911236017526698,135,259,19,47,0.8788639418135822,0.697779910114872,
spambase,MLP,Select Percentile (Mutual Info),4,7.828125,0.0,9.099217414855957,0.10235118865966797,0.47289624915476935,1478,2330,179,154,0.9688370640205065,0.8321325783945805,158,258,21,23,0.9642369155824868,0.7992436217324377,
spambase,MLP,Select Percentile (Mutual Info),5,5.421875,0.0,9.099261283874512,0.1018056869506836,0.7034509241282745,1388,2406,103,244,0.9684348355723318,0.8240095206701434,156,261,18,25,0.9658211053684231,0.8032291469461657,
spambase,MLP,Select Percentile (Mutual Info),6,7.640625,0.046875,9.099129676818848,0.10229015350341797,0.5434734744321436,1447,2424,85,185,0.975684105846404,0.8631234255258294,161,270,9,20,0.9680983781857065,0.8676063802727025,
spambase,MLP,Select Percentile (Mutual Info),7,5.703125,0.0,9.099261283874512,0.10189151763916016,0.4695249151280343,1479,2373,136,153,0.9747624239014061,0.8536307945103644,163,258,21,18,0.9680983781857068,0.8229646633035214,
spambase,MLP,Select Percentile (Mutual Info),8,6.96875,0.0,9.099261283874512,0.10212230682373047,0.3537783078553782,1455,2390,119,177,0.9713768179651294,0.8497607293001346,161,266,13,20,0.9729103546604883,0.8491097171040205,
spambase,MLP,Select Percentile (Mutual Info),9,8.3125,0.0,9.099261283874512,0.10239505767822266,0.4070854252612161,1499,2393,116,133,0.9803877609234208,0.8738946407710899,160,268,11,21,0.971821224182657,0.8537298903537389,
spambase,MLP,Select Percentile (Mutual Info),10,8.703125,0.03125,9.099213600158691,0.10243511199951172,0.35731624999727085,1504,2398,111,128,0.9750096954883988,0.8789606023362713,160,263,16,21,0.9653458484326422,0.8308778256890615,
spambase,MLP,Random Undersampling,1,4.34375,0.0,5.941356658935547,0.21510028839111328,0.6796121055412553,1481,2375,134,150,0.9788243622774078,0.8561217245355136,162,260,19,20,0.9701051636535508,0.822803908447438,
spambase,MLP,Random Undersampling,2,5.8125,0.0,5.941532135009766,0.21539592742919922,0.7199002722912177,1486,2381,129,145,0.979556085895535,0.861210625279317,161,260,18,21,0.9739109811052257,0.8222841513260242,
spambase,MLP,Random Undersampling,3,8.78125,0.0,5.941532135009766,0.21606731414794922,0.5365738649127576,1534,2387,123,97,0.9844807160078263,0.8891181773752326,170,262,16,12,0.9795438374575065,0.8733416923549521,
spambase,MLP,Random Undersampling,4,4.46875,0.0,5.945056915283203,0.21503353118896484,0.7240050189457171,1485,2337,172,147,0.9710178162536438,0.8391934093270575,161,256,23,20,0.9682567971643004,0.8047976729436201,
spambase,MLP,Random Undersampling,5,6.25,0.0,5.94497013092041,0.21549510955810547,0.47770253723848166,1485,2420,89,147,0.9806321018841972,0.8803029618108331,167,260,19,14,0.9660587338363136,0.8506441401977924,
spambase,MLP,Random Undersampling,6,6.75,0.0,5.94483757019043,0.21557903289794922,0.442661187669437,1510,2404,105,122,0.9829316665885166,0.8850397562144889,168,269,10,13,0.9698607893225608,0.8950236657363374,
spambase,MLP,Random Undersampling,7,4.390625,0.0,5.944794654846191,0.21503353118896484,0.6688701299470811,1481,2375,134,151,0.9778031928195752,0.8556571791364369,166,267,12,15,0.9775441097843521,0.8767505803766679,
spambase,MLP,Random Undersampling,8,8.703125,0.046875,5.94483757019043,0.21608257293701172,0.531548904439946,1513,2407,102,119,0.9821920497972007,0.8880793331535977,162,271,8,19,0.9773658884334343,0.8768255748886749,
spambase,MLP,Random Undersampling,9,8.25,0.015625,5.945056915283203,0.2159566879272461,0.7230447929000468,1512,2323,186,120,0.9705263258153002,0.846820594093476,168,259,20,13,0.9669399394047407,0.8511408379986978,
spambase,MLP,Random Undersampling,10,3.1875,0.0,5.945056915283203,0.21480274200439453,0.5743478938663422,1503,2314,195,129,0.9748961337225204,0.8377777143456239,160,251,28,21,0.9618408285312581,0.7787234172127178,
spambase,MLP,SMOTE / SMOTENC,1,8.875,0.0,7.030389785766602,0.8997535705566406,0.5670704498368037,1512,2406,103,119,0.9851078117550577,0.8875389456939549,166,264,15,16,0.9755405884438143,0.859153942160353,
spambase,MLP,SMOTE / SMOTENC,2,8.4375,0.0625,7.03253173828125,0.8997011184692383,0.5046953520852399,1536,2389,121,95,0.9851037297773956,0.8911357739639697,166,260,18,16,0.9815202782828681,0.8457698503653766,
spambase,MLP,SMOTE / SMOTENC,3,7.28125,0.0,7.03257942199707,0.8994817733764648,0.6061935267847636,1496,2391,119,135,0.981761488686578,0.8713436348489121,167,262,16,15,0.9775476322238912,0.8592221931713806,
spambase,MLP,SMOTE / SMOTENC,4,7.03125,0.0625,7.031221389770508,0.8998823165893555,0.6746992379349599,1496,2348,161,136,0.974084472370056,0.8502890007923786,165,258,21,16,0.9696627655993187,0.8325092602566058,
spambase,MLP,SMOTE / SMOTENC,5,7.4375,0.0,7.031312942504883,0.8999185562133789,0.7616640265738149,1504,2315,194,128,0.9714709643323252,0.8387824787620519,168,250,29,13,0.955642685993782,0.813731264873666,
spambase,MLP,SMOTE / SMOTENC,6,8.953125,0.03125,7.031225204467773,0.9001541137695312,0.4819432707807642,1521,2415,94,111,0.9847725882899991,0.8961848716578878,169,265,14,12,0.97249450484168,0.8818476196342832,
spambase,MLP,SMOTE / SMOTENC,7,7.828125,0.0,7.031312942504883,0.9000272750854492,0.5435560002117594,1530,2341,168,102,0.9801264467524754,0.8649063535891802,168,265,14,13,0.9773658884334343,0.8771555548625197,
spambase,MLP,SMOTE / SMOTENC,8,10.09375,0.0,7.0312652587890625,0.9003515243530273,0.39569904046017906,1452,2429,80,180,0.9770060624887661,0.8682414034087491,159,270,9,22,0.9705340699815838,0.8585503390489635,
spambase,MLP,SMOTE / SMOTENC,9,5.6875,0.0,7.031312942504883,0.8997173309326172,0.6701905830206405,1501,2353,156,131,0.9774272178979204,0.8553324514584335,161,266,13,20,0.9764945840511693,0.8491097171040205,
spambase,MLP,SMOTE / SMOTENC,10,6.890625,0.015625,7.031137466430664,0.8999528884887695,0.4889076436548089,1512,2406,103,120,0.9829866158300705,0.8870661408405615,161,265,14,20,0.9714251767361731,0.8445577354872855,
spambase,XGBoost,Baseline,1,0.9375,0.0,5.43039608001709,0.1722087860107422,0.5349289375543593,1613,2507,2,18,0.9999273003453661,0.9898982791456508,168,266,13,14,0.9845799361928392,0.8773289590168106,
spambase,XGBoost,Baseline,2,0.203125,0.0,5.43186092376709,0.175384521484375,0.5658003568649292,1615,2510,0,16,0.9999923054562865,0.991926448727093,169,271,7,13,0.9891493398687643,0.9089052726720047,
spambase,XGBoost,Baseline,3,0.203125,0.0,5.4318132400512695,0.173309326171875,0.5894173383712769,1615,2509,1,16,0.999944672566631,0.9914167736475746,169,271,7,13,0.9916594197169737,0.9089052726720047,
spambase,XGBoost,Baseline,4,0.21875,0.0,5.43186092376709,0.17486572265625,0.5809582710266126,1615,2509,0,17,0.9999528657616893,0.9914249490832976,169,274,5,12,0.993504821877661,0.9225186293565881,
spambase,XGBoost,Baseline,5,0.203125,0.0,5.43186092376709,0.173828125,0.5203692674636843,1614,2508,1,18,0.999944318101892,0.9904117567702613,173,267,12,8,0.9853264421077644,0.9094110337333596,
spambase,XGBoost,Baseline,6,0.203125,0.0,5.4318132400512695,0.17032623291015625,0.5758320569992071,1615,2509,0,17,0.999939800053142,0.9914249490832976,169,271,8,12,0.987702726786669,0.9087061527109924,
spambase,XGBoost,Baseline,7,0.203125,0.0,5.43186092376709,0.17447662353515625,0.5356285810470595,1615,2509,0,17,0.9999340609101353,0.9914249490832976,165,266,13,16,0.9868116200320799,0.8676140376968331,
spambase,XGBoost,Baseline,8,0.203125,0.0,5.4318132400512695,0.17570877075195312,0.5792042255401618,1614,2508,1,18,0.9999377241929055,0.9904117567702613,171,268,11,10,0.9891086952216875,0.9044566208941467,
spambase,XGBoost,Baseline,9,0.21875,0.0,5.4318132400512695,0.177459716796875,0.563724434375763,1615,2509,0,17,0.9999498130260474,0.9914249490832976,168,271,8,13,0.9891879047109843,0.9041250084826545,
spambase,XGBoost,Baseline,10,0.203125,0.015625,5.43186092376709,0.1714935302734375,0.5997182488441511,1615,2509,0,17,0.9999124475417909,0.9914249490832976,160,271,8,21,0.9854650587140339,0.8677924329355713,
spambase,XGBoost,Standard Scaler,1,0.21875,0.0,5.673575401306152,0.17365741729736328,0.5349289375543593,1613,2507,2,18,0.9999273003453661,0.9898982791456508,168,266,13,14,0.9845799361928392,0.8773289590168106,
spambase,XGBoost,Standard Scaler,2,0.203125,0.0,5.674705505371094,0.1768331527709961,0.5658003568649292,1615,2510,0,16,0.9999923054562865,0.991926448727093,169,271,7,13,0.9891493398687643,0.9089052726720047,
spambase,XGBoost,Standard Scaler,3,0.21875,0.0,5.674705505371094,0.1747579574584961,0.5894173383712769,1615,2509,1,16,0.999944672566631,0.9914167736475746,169,271,7,13,0.9916594197169737,0.9089052726720047,
spambase,XGBoost,Standard Scaler,4,0.21875,0.0,5.674705505371094,0.1763143539428711,0.5809582710266126,1615,2509,0,17,0.9999528657616893,0.9914249490832976,169,274,5,12,0.993504821877661,0.9225186293565881,
spambase,XGBoost,Standard Scaler,5,0.21875,0.0,5.674705505371094,0.1752767562866211,0.5203692674636843,1614,2508,1,18,0.999944318101892,0.9904117567702613,173,267,12,8,0.9853264421077644,0.9094110337333596,
spambase,XGBoost,Standard Scaler,6,0.203125,0.0,5.674705505371094,0.17177486419677734,0.5758320569992071,1615,2509,0,17,0.999939800053142,0.9914249490832976,169,271,8,12,0.987702726786669,0.9087061527109924,
spambase,XGBoost,Standard Scaler,7,0.21875,0.0,5.674705505371094,0.17592525482177734,0.5356285810470595,1615,2509,0,17,0.9999340609101353,0.9914249490832976,165,266,13,16,0.9868116200320799,0.8676140376968331,
spambase,XGBoost,Standard Scaler,8,0.203125,0.015625,5.674705505371094,0.17715740203857422,0.5792042255401618,1614,2508,1,18,0.9999377241929055,0.9904117567702613,171,268,11,10,0.9891086952216875,0.9044566208941467,
spambase,XGBoost,Standard Scaler,9,0.21875,0.0,5.674705505371094,0.1789083480834961,0.563724434375763,1615,2509,0,17,0.9999498130260474,0.9914249490832976,168,271,8,13,0.9891879047109843,0.9041250084826545,
spambase,XGBoost,Standard Scaler,10,0.21875,0.015625,5.674705505371094,0.1729421615600586,0.5997182488441511,1615,2509,0,17,0.9999124475417909,0.9914249490832976,160,271,8,21,0.9854650587140339,0.8677924329355713,
spambase,XGBoost,MinMax Scaler,1,0.25,0.0,5.448038101196289,0.17456817626953125,0.5349289375543593,1613,2507,2,18,0.9999273003453661,0.9898982791456508,168,266,13,14,0.9845799361928392,0.8773289590168106,
spambase,XGBoost,MinMax Scaler,2,0.21875,0.015625,5.44923210144043,0.17774391174316406,0.5658003568649292,1615,2510,0,16,0.9999923054562865,0.991926448727093,169,271,7,13,0.9891493398687643,0.9089052726720047,
spambase,XGBoost,MinMax Scaler,3,0.21875,0.0,5.449323654174805,0.17566871643066406,0.5894173383712769,1615,2509,1,16,0.999944672566631,0.9914167736475746,169,271,7,13,0.9916594197169737,0.9089052726720047,
spambase,XGBoost,MinMax Scaler,4,0.25,0.0,5.449148178100586,0.17722511291503906,0.5809582710266126,1615,2509,0,17,0.9999528657616893,0.9914249490832976,169,274,5,12,0.993504821877661,0.9225186293565881,
spambase,XGBoost,MinMax Scaler,5,0.21875,0.015625,5.449235916137695,0.17618751525878906,0.5203692674636843,1614,2508,1,18,0.999944318101892,0.9904117567702613,173,267,12,8,0.9853264421077644,0.9094110337333596,
spambase,XGBoost,MinMax Scaler,6,0.21875,0.0,5.44927978515625,0.1726856231689453,0.5758320569992071,1615,2509,0,17,0.999939800053142,0.9914249490832976,169,271,8,12,0.987702726786669,0.9087061527109924,
spambase,XGBoost,MinMax Scaler,7,0.203125,0.0,5.44923210144043,0.1768360137939453,0.5356285810470595,1615,2509,0,17,0.9999340609101353,0.9914249490832976,165,266,13,16,0.9868116200320799,0.8676140376968331,
spambase,XGBoost,MinMax Scaler,8,0.21875,0.0,5.449323654174805,0.1780681610107422,0.5792042255401618,1614,2508,1,18,0.9999377241929055,0.9904117567702613,171,268,11,10,0.9891086952216875,0.9044566208941467,
spambase,XGBoost,MinMax Scaler,9,0.21875,0.0,5.449235916137695,0.17981910705566406,0.563724434375763,1615,2509,0,17,0.9999498130260474,0.9914249490832976,168,271,8,13,0.9891879047109843,0.9041250084826545,
spambase,XGBoost,MinMax Scaler,10,0.203125,0.0,5.449235916137695,0.17385292053222656,0.5997182488441511,1615,2509,0,17,0.9999124475417909,0.9914249490832976,160,271,8,21,0.9854650587140339,0.8677924329355713,
spambase,XGBoost,IQR Capping,1,0.296875,0.015625,5.875825881958008,0.17769527435302734,0.5216335093975062,1614,2508,1,17,0.9999567467601003,0.9909117378926972,170,266,13,12,0.9827090472251762,0.8866332211082373,
spambase,XGBoost,IQR Capping,2,0.296875,0.015625,5.87625789642334,0.17912006378173828,0.5911484360694885,1616,2510,0,15,0.9999848551838019,0.992429961606386,167,271,7,15,0.989682978891612,0.8998316391679057,
spambase,XGBoost,IQR Capping,3,0.296875,0.0,5.87637996673584,0.1776285171508789,0.5370883464813241,1613,2508,2,18,0.9999425962611845,0.989899846813174,171,269,9,11,0.9915605976757056,0.9089486006300648,
spambase,XGBoost,IQR Capping,4,0.296875,0.015625,5.876397132873535,0.1838541030883789,0.554337096214295,1615,2509,0,17,0.999972159050946,0.9914249490832976,175,274,5,6,0.9951286164082457,0.9498612090627468,
spambase,XGBoost,IQR Capping,5,0.296875,0.015625,5.87625789642334,0.17957401275634766,0.5287172436714178,1614,2508,1,18,0.9999452949772974,0.9904117567702613,172,267,12,9,0.9846333590764174,0.9047161199230764,
spambase,XGBoost,IQR Capping,6,0.296875,0.0,5.876400947570801,0.17652606964111328,0.5648171544075015,1615,2509,0,17,0.9999277112200002,0.9914249490832976,169,272,7,12,0.9861977464900294,0.9132809063318537,
spambase,XGBoost,IQR Capping,7,0.296875,0.015625,5.87635612487793,0.1778879165649414,0.557472240924838,1615,2509,0,17,0.9999456613055745,0.9914249490832976,164,269,10,17,0.9870492484999702,0.8766380591987334,
spambase,XGBoost,IQR Capping,8,0.296875,0.015625,5.876540184020996,0.1802225112915039,0.5948350310325647,1615,2509,0,17,0.9999256353597636,0.9914249490832976,172,271,8,9,0.9904948612843819,0.9225071091356477,
spambase,XGBoost,IQR Capping,9,0.28125,0.015625,5.87635612487793,0.17594242095947266,0.5313125252723694,1613,2506,3,19,0.9999125696512163,0.9888889694147924,169,272,7,12,0.9910691300817839,0.9132809063318537,
spambase,XGBoost,IQR Capping,10,0.296875,0.015625,5.876355171203613,0.17957401275634766,0.6037737965583804,1615,2509,0,17,0.999948103494088,0.9914249490832976,163,274,5,18,0.9854452563417098,0.8955187145953946,
spambase,XGBoost,IQR Removal,1,0.28125,0.0,5.480747222900391,0.17239093780517578,0.5349289375543593,1613,2507,2,18,0.9999273003453661,0.9898982791456508,168,266,13,14,0.9845799361928392,0.8773289590168106,
spambase,XGBoost,IQR Removal,2,0.296875,0.0,5.483150482177734,0.1755666732788086,0.5658003568649292,1615,2510,0,16,0.9999923054562865,0.991926448727093,169,271,7,13,0.9891493398687643,0.9089052726720047,
spambase,XGBoost,IQR Removal,3,0.296875,0.0,5.483244895935059,0.1734914779663086,0.5894173383712769,1615,2509,1,16,0.999944672566631,0.9914167736475746,169,271,7,13,0.9916594197169737,0.9089052726720047,
spambase,XGBoost,IQR Removal,4,0.296875,0.0,5.484374046325684,0.1750478744506836,0.5809582710266126,1615,2509,0,17,0.9999528657616893,0.9914249490832976,169,274,5,12,0.993504821877661,0.9225186293565881,
spambase,XGBoost,IQR Removal,5,0.28125,0.0,5.483150482177734,0.1740102767944336,0.5203692674636843,1614,2508,1,18,0.999944318101892,0.9904117567702613,173,267,12,8,0.9853264421077644,0.9094110337333596,
spambase,XGBoost,IQR Removal,6,0.28125,0.015625,5.483197212219238,0.17050838470458984,0.5758320569992071,1615,2509,0,17,0.999939800053142,0.9914249490832976,169,271,8,12,0.987702726786669,0.9087061527109924,
spambase,XGBoost,IQR Removal,7,0.296875,0.0,5.483359336853027,0.17465877532958984,0.5356285810470595,1615,2509,0,17,0.9999340609101353,0.9914249490832976,165,266,13,16,0.9868116200320799,0.8676140376968331,
spambase,XGBoost,IQR Removal,8,0.296875,0.0,5.48305606842041,0.17589092254638672,0.5792042255401618,1614,2508,1,18,0.9999377241929055,0.9904117567702613,171,268,11,10,0.9891086952216875,0.9044566208941467,
spambase,XGBoost,IQR Removal,9,0.28125,0.015625,5.483102798461914,0.1776418685913086,0.563724434375763,1615,2509,0,17,0.9999498130260474,0.9914249490832976,168,271,8,13,0.9891879047109843,0.9041250084826545,
spambase,XGBoost,IQR Removal,10,0.296875,0.0,5.483292579650879,0.1716756820678711,0.5997182488441511,1615,2509,0,17,0.9999124475417909,0.9914249490832976,160,271,8,21,0.9854650587140339,0.8677924329355713,
spambase,XGBoost,Yeo-Johnson,1,0.640625,0.0,5.444921493530273,0.17024993896484375,0.5400152206420898,1615,2508,1,16,0.9999312102427582,0.9914154409026151,169,267,12,13,0.9868250029540354,0.8864164674450393,
spambase,XGBoost,Yeo-Johnson,2,0.65625,0.0,5.446098327636719,0.17387962341308594,0.6165348052978523,1614,2509,1,17,0.9999871757604775,0.9909131477701335,167,272,6,15,0.9884872321922682,0.9044862068950391,
spambase,XGBoost,Yeo-Johnson,3,0.640625,0.0,5.446006774902344,0.1729717254638672,0.5549068331718455,1614,2509,1,17,0.999937832972219,0.9909131477701335,170,269,9,12,0.9908886077950826,0.9043500205341081,
spambase,XGBoost,Yeo-Johnson,4,0.671875,0.015625,5.446098327636719,0.1722583770751953,0.5456168889999423,1615,2509,0,17,0.9999335724724325,0.9914249490832976,172,272,7,9,0.9922968771658845,0.9270241863648176,
spambase,XGBoost,Yeo-Johnson,5,0.65625,0.0,5.446098327636719,0.17854881286621094,0.5361587643623356,1615,2509,0,17,0.9999476150563853,0.9914249490832976,175,265,14,6,0.984494742470148,0.9102058577168087,
spambase,XGBoost,Yeo-Johnson,6,0.640625,0.0,5.446098327636719,0.1701183319091797,0.5463024735450753,1614,2508,1,18,0.9999280775482772,0.9904117567702613,173,270,9,8,0.9873066793401849,0.922657331581898,
spambase,XGBoost,Yeo-Johnson,7,0.671875,0.015625,5.446098327636719,0.1732311248779297,0.5299683451652556,1615,2509,0,17,0.9999174540282434,0.9914249490832976,167,265,14,14,0.9868512247767283,0.8724727222321234,
spambase,XGBoost,Yeo-Johnson,8,0.65625,0.0,5.446098327636719,0.17284202575683594,0.5874598145484933,1615,2509,0,17,0.9999380905211825,0.9914249490832976,168,271,8,13,0.9895839521574684,0.9041250084826545,
spambase,XGBoost,Yeo-Johnson,9,0.65625,0.0,5.446098327636719,0.17491722106933594,0.5594276666641254,1615,2509,0,17,0.9999404106002703,0.9914249490832976,168,272,7,13,0.9889700786154182,0.9087190167959811,
spambase,XGBoost,Yeo-Johnson,10,0.671875,0.0,5.446050643920898,0.1719989776611328,0.6019755363464356,1615,2509,0,17,0.9999271006728718,0.9914249490832976,162,273,6,19,0.9875443078080754,0.8862766207087868,
spambase,XGBoost,Quantile Transform,1,0.3125,0.015625,5.8902788162231445,0.6148538589477539,0.5349289375543593,1613,2507,2,18,0.9999273003453661,0.9898982791456508,168,266,13,14,0.9845799361928392,0.8773289590168106,
spambase,XGBoost,Quantile Transform,2,0.328125,0.015625,5.891501426696777,0.6180295944213867,0.5658003568649292,1615,2510,0,16,0.9999923054562865,0.991926448727093,169,271,7,13,0.9891493398687643,0.9089052726720047,
spambase,XGBoost,Quantile Transform,3,0.328125,0.015625,5.891627311706543,0.6159543991088867,0.5894173383712769,1615,2509,1,16,0.999944672566631,0.9914167736475746,169,271,7,13,0.9916594197169737,0.9089052726720047,
spambase,XGBoost,Quantile Transform,4,0.3125,0.015625,5.8914995193481445,0.6175107955932617,0.5809582710266126,1615,2509,0,17,0.9999528657616893,0.9914249490832976,169,274,5,12,0.993504821877661,0.9225186293565881,
spambase,XGBoost,Quantile Transform,5,0.3125,0.015625,5.891541481018066,0.6164731979370117,0.5203692674636843,1614,2508,1,18,0.999944318101892,0.9904117567702613,173,267,12,8,0.9853264421077644,0.9094110337333596,
spambase,XGBoost,Quantile Transform,6,0.3125,0.015625,5.891039848327637,0.612971305847168,0.5758320569992071,1615,2509,0,17,0.999939800053142,0.9914249490832976,169,271,8,12,0.987702726786669,0.9087061527109924,
spambase,XGBoost,Quantile Transform,7,0.3125,0.015625,5.8914995193481445,0.617121696472168,0.5356285810470595,1615,2509,0,17,0.9999340609101353,0.9914249490832976,165,266,13,16,0.9868116200320799,0.8676140376968331,
spambase,XGBoost,Quantile Transform,8,0.328125,0.015625,5.891667366027832,0.6183538436889648,0.5792042255401618,1614,2508,1,18,0.9999377241929055,0.9904117567702613,171,268,11,10,0.9891086952216875,0.9044566208941467,
spambase,XGBoost,Quantile Transform,9,0.328125,0.015625,5.890578269958496,0.6201047897338867,0.563724434375763,1615,2509,0,17,0.9999498130260474,0.9914249490832976,168,271,8,13,0.9891879047109843,0.9041250084826545,
spambase,XGBoost,Quantile Transform,10,0.296875,0.015625,5.891583442687988,0.6141386032104492,0.5997182488441511,1615,2509,0,17,0.9999124475417909,0.9914249490832976,160,271,8,21,0.9854650587140339,0.8677924329355713,
spambase,XGBoost,Uniform Binning,1,0.078125,0.0,5.460355758666992,0.1298971176147461,0.6427721381187439,829,2381,128,802,0.8423702873212536,0.5299891573205162,99,256,23,83,0.8211627082594825,0.5113843084308287,
spambase,XGBoost,Uniform Binning,2,0.0625,0.0,5.461704254150391,0.12983036041259766,0.4451707601547241,1026,2168,342,605,0.8378283310656819,0.5119442594111174,113,229,49,69,0.8249466360977153,0.4551783236771756,
spambase,XGBoost,Uniform Binning,3,0.0625,0.0,5.461572647094727,0.1333322525024414,0.6061766147613525,804,2394,116,827,0.840149274148043,0.5250776640356918,87,262,16,95,0.8304411415922207,0.49321734669906836,
spambase,XGBoost,Uniform Binning,4,0.0625,0.0,5.461704254150391,0.1325540542602539,0.5609273314476013,888,2361,148,744,0.8495519072515414,0.547340849684513,86,261,18,95,0.8430562981445178,0.47955886812195014,
spambase,XGBoost,Uniform Binning,5,0.078125,0.0,5.461572647094727,0.12885761260986328,0.5431869626045227,848,2339,170,784,0.8380672715479177,0.5127982209392736,98,256,23,83,0.8418186498742548,0.5092848675895166,
spambase,XGBoost,Uniform Binning,6,0.078125,0.015625,5.461704254150391,0.13138675689697266,0.5301699042320251,890,2302,207,742,0.8357355920646458,0.5125258727355541,113,246,33,68,0.8411948751460425,0.5310999364555679,
spambase,XGBoost,Uniform Binning,7,0.0625,0.0,5.461612701416016,0.13106250762939453,0.5755476117134106,814,2370,139,818,0.8358631964144766,0.5147246606322319,80,259,20,101,0.796302897087071,0.4385801452810551,
spambase,XGBoost,Uniform Binning,8,0.0625,0.0,5.461660385131836,0.13112735748291016,0.4860478341579437,884,2289,220,748,0.833838744246204,0.5016980637950998,101,254,25,80,0.8468088476999545,0.5131031696017099,
spambase,XGBoost,Uniform Binning,9,0.0625,0.0,5.461704254150391,0.13261890411376953,0.5004969239234924,1100,2124,385,532,0.8467849076657367,0.530412764222186,120,240,39,61,0.8381849145527634,0.537435131118542,
spambase,XGBoost,Uniform Binning,10,0.0625,0.0,5.461704254150391,0.12963581085205078,0.5109161734580994,857,2327,182,775,0.8347195195336005,0.5101297307789949,84,257,22,97,0.8036693795916752,0.44690267975700715,
spambase,XGBoost,Quantile Binning,1,0.109375,0.0,5.461574554443359,0.2919282913208008,0.41541893422603593,1590,2484,25,41,0.9978099687232647,0.9665887279635813,162,255,24,20,0.9593426286974673,0.801159091263763,
spambase,XGBoost,Quantile Binning,2,0.109375,0.015625,5.462841033935547,0.2984771728515625,0.38953732252121,1593,2488,22,38,0.9983715658518592,0.9696338276739839,161,262,16,21,0.9674579018104198,0.8312200451317991,
spambase,XGBoost,Quantile Binning,3,0.109375,0.015625,5.4629669189453125,0.2917966842651367,0.4993771672248845,1568,2504,6,63,0.9974171981601491,0.9652936066398184,166,264,14,16,0.9743754446991857,0.8634021565897783,
spambase,XGBoost,Quantile Binning,4,0.109375,0.015625,5.461582183837891,0.29477977752685547,0.37507471442222595,1593,2485,24,39,0.9977467147680117,0.9681204099359417,164,262,17,17,0.9760787342323611,0.8451454484247213,
spambase,XGBoost,Quantile Binning,5,0.109375,0.0,5.4628753662109375,0.2938079833984375,0.4195609152317049,1590,2484,25,42,0.9975658707085864,0.9660951412573907,166,253,26,15,0.9675835165052774,0.8162391856010935,
spambase,XGBoost,Quantile Binning,6,0.109375,0.0,5.463134765625,0.28952693939208984,0.3888735055923475,1591,2485,24,41,0.9978584448925046,0.967108333570427,163,255,24,18,0.9543555317927087,0.8101153658042273,
spambase,XGBoost,Quantile Binning,7,0.109375,0.0,5.461875915527344,0.29030513763427734,0.3875940322875979,1595,2489,20,37,0.997845501293383,0.9711611028225721,162,254,25,19,0.9628210459613061,0.801055655394825,
spambase,XGBoost,Quantile Binning,8,0.109375,0.0,5.462959289550781,0.29679107666015625,0.3878851771354692,1594,2488,21,38,0.9978085021374035,0.9701479105095359,164,259,20,17,0.9741876076753995,0.8320481584834719,
spambase,XGBoost,Quantile Binning,9,0.125,0.0,5.463008880615234,0.2961416244506836,0.38715534210205094,1593,2487,22,39,0.9976084868981472,0.9691347181964995,167,256,23,14,0.975969821184578,0.8336292799276094,
spambase,XGBoost,Quantile Binning,10,0.125,0.0,5.462127685546875,0.2990598678588867,0.4042141437530526,1594,2488,21,38,0.9978000765870316,0.9701479105095359,162,270,9,19,0.9772074694548407,0.8721460665624529,
spambase,XGBoost,PCA,1,0.375,0.0,3.795480728149414,0.24443817138671875,0.5234431624412537,1286,2344,165,345,0.9488877441578192,0.7401373385331941,118,231,48,64,0.8333727204694946,0.485021735079427,
spambase,XGBoost,PCA,2,0.46875,0.015625,3.796365737915039,0.24119281768798828,0.4927698194980619,1325,2303,207,306,0.94760663049824,0.7387026556153784,121,232,46,61,0.8309846628191953,0.507792584143415,
spambase,XGBoost,PCA,3,0.46875,0.0,3.796541213989258,0.2498188018798828,0.5507845640182497,1235,2378,132,396,0.9478367339959597,0.7321127138356084,114,246,32,68,0.8411633330698078,0.537110334142531,
spambase,XGBoost,PCA,4,0.46875,0.0,3.796541213989258,0.24793720245361328,0.39346812367439254,1417,2187,322,215,0.9471981748059926,0.7325882528279256,144,208,71,37,0.8499475237133409,0.5298055572651158,
spambase,XGBoost,PCA,5,0.265625,0.0,3.7699174880981445,0.17011356353759766,0.40758004784584045,1258,1721,788,374,0.8012448079072203,0.44643417293480364,133,188,91,48,0.7569258797203904,0.39939637561363317,
spambase,XGBoost,PCA,6,0.296875,0.0,3.796365737915039,0.2463827133178711,0.5261924862861633,1248,2349,160,384,0.9427836748489752,0.7230482733714501,109,244,35,72,0.8334917523119271,0.5022479331599708,
spambase,XGBoost,PCA,7,0.375,0.0,3.796541213989258,0.2398977279663086,0.5722069025039678,1204,2388,121,428,0.9446344874139374,0.7223242587788378,114,242,37,67,0.8303629774847027,0.5172736003510968,
spambase,XGBoost,PCA,8,0.375,0.09375,3.7964534759521484,0.23976612091064453,0.45898326039314274,1349,2243,266,283,0.9433263291366767,0.7219157938156489,136,237,42,45,0.8700667339947326,0.6026542999816242,
spambase,XGBoost,PCA,9,0.34375,0.09375,3.796541213989258,0.2438516616821289,0.44864499568939215,1366,2260,249,266,0.9488658232324415,0.7391400631372655,124,225,54,57,0.817709261569536,0.4930157878236068,
spambase,XGBoost,PCA,10,0.375,0.0,3.7964534759521484,0.24229717254638672,0.5196155190467835,1262,2363,146,370,0.9470330828624793,0.737653278542132,117,237,42,64,0.8276401512901246,0.5093642601846793,
spambase,XGBoost,Select Percentile (Mutual Info),1,1.703125,0.0,9.096131324768066,0.18722248077392578,0.5045128044486044,1614,2508,1,17,0.9998563112708412,0.9909117378926972,166,266,13,16,0.981428965299933,0.8680610115240526,
spambase,XGBoost,Select Percentile (Mutual Info),2,0.90625,0.0,9.098406791687012,0.19130611419677734,0.5093311905860904,1614,2509,1,17,0.9999832674208133,0.9909131477701335,166,267,11,16,0.9868961973278519,0.8769067560194141,
spambase,XGBoost,Select Percentile (Mutual Info),3,0.90625,0.0,9.098322868347168,0.19305706024169922,0.5059337496757512,1614,2509,1,17,0.9998930092016973,0.9909131477701335,171,267,11,11,0.9865009091627797,0.8999920942366986,
spambase,XGBoost,Select Percentile (Mutual Info),4,0.890625,0.0,9.098366737365723,0.1937704086303711,0.47187730073928885,1613,2507,2,19,0.9998776463554733,0.9893985644572251,174,272,7,7,0.9939404740687935,0.9362363611160617,
spambase,XGBoost,Select Percentile (Mutual Info),5,0.890625,0.0,9.098406791687012,0.19026851654052734,0.4722891449928285,1613,2507,2,19,0.9999122033229394,0.9893985644572251,170,263,16,11,0.9841581021406365,0.8778464601095723,
spambase,XGBoost,Select Percentile (Mutual Info),6,0.890625,0.0,9.098143577575684,0.19052791595458984,0.4782680332660686,1614,2508,1,18,0.9998857055775678,0.9904117567702613,171,270,9,10,0.9850888136398742,0.9133890758266147,
spambase,XGBoost,Select Percentile (Mutual Info),7,0.875,0.0,9.098387718200684,0.18877696990966797,0.5411758422851586,1614,2508,1,18,0.9998953522221962,0.9904117567702613,165,268,11,16,0.9840590902790155,0.8766573149350572,
spambase,XGBoost,Select Percentile (Mutual Info),8,0.90625,0.015625,9.098454475402832,0.19616985321044922,0.5472247600555483,1615,2509,0,17,0.999908173711892,0.9914249490832976,168,266,13,13,0.9817620150894076,0.8815818135012574,
spambase,XGBoost,Select Percentile (Mutual Info),9,0.90625,0.0,9.098322868347168,0.1922140121459961,0.47814757227897675,1614,2508,1,18,0.9998888804226354,0.9904117567702613,166,267,12,15,0.983920473672746,0.8767505803766679,
spambase,XGBoost,Select Percentile (Mutual Info),10,0.90625,0.0,9.098498344421387,0.18657207489013672,0.5442901730537422,1615,2509,0,17,0.9999057315233786,0.9914249490832976,158,267,12,23,0.9818214222063804,0.8399487964247855,
spambase,XGBoost,Random Undersampling,1,0.1875,0.0,5.9408979415893555,0.19171524047851562,0.54085170030594,1625,2478,31,6,0.9986215168007069,0.9814119305817157,171,263,16,11,0.9860372602308086,0.87824371495015,
spambase,XGBoost,Random Undersampling,2,0.203125,0.0,5.941117286682129,0.1929473876953125,0.5980729460716248,1622,2474,36,9,0.9980612192554125,0.9773970281959734,169,266,12,13,0.9859771523440588,0.8862559102063954,
spambase,XGBoost,Random Undersampling,3,0.203125,0.0,5.940984725952148,0.19515228271484375,0.5685812830924988,1622,2475,35,9,0.9988184600653182,0.9778924272796647,175,269,9,7,0.9919954146572851,0.9274429045852091,
spambase,XGBoost,Random Undersampling,4,0.203125,0.0,5.944684982299805,0.19244384765625,0.5767596960067749,1623,2475,34,9,0.9984518967012872,0.9783926477101756,173,269,10,8,0.9931285768035011,0.9182149150626419,
spambase,XGBoost,Random Undersampling,5,0.203125,0.0,5.944466590881348,0.1973724365234375,0.615519106388092,1624,2476,33,8,0.9985744945646652,0.9794013378433867,174,262,17,7,0.976078734232361,0.8926499606430721,
spambase,XGBoost,Random Undersampling,6,0.21875,0.0,5.94464111328125,0.198150634765625,0.5623129606246948,1623,2475,34,9,0.9993727238803054,0.9783926477101756,171,268,11,10,0.9873066793401849,0.9044566208941467,
spambase,XGBoost,Random Undersampling,7,0.203125,0.0,5.944728851318359,0.19497299194335938,0.6179332733154297,1621,2473,36,11,0.998742395024969,0.9763752674437537,166,266,13,15,0.9852274302461435,0.8722610872366547,
spambase,XGBoost,Random Undersampling,8,0.203125,0.0,5.944637298583984,0.19750213623046875,0.6346726417541504,1625,2477,32,7,0.998903701576286,0.9804100279765977,171,270,9,10,0.9886334382859067,0.9133890758266147,
spambase,XGBoost,Random Undersampling,9,0.203125,0.0,5.944685935974121,0.191925048828125,0.6423126459121704,1617,2469,40,15,0.9981994965184161,0.9723405069109097,168,271,8,13,0.9893859284342265,0.9041250084826545,
spambase,XGBoost,Random Undersampling,10,0.203125,0.015625,5.94464111328125,0.19451904296875,0.59035325050354,1622,2474,35,10,0.99889625290132,0.9773839575769647,164,270,9,17,0.9870690508722946,0.8812497639755628,
spambase,XGBoost,SMOTE / SMOTENC,1,0.609375,0.0,7.029626846313477,0.8875389099121094,0.5377464944124221,1613,2507,2,18,0.9999467276480329,0.9898982791456508,170,266,13,12,0.9854464531883886,0.8866332211082373,
spambase,XGBoost,SMOTE / SMOTENC,2,0.5625,0.0,7.031768798828125,0.8861122131347656,0.5577299594879183,1615,2510,0,16,0.9999832674208133,0.991926448727093,169,269,9,13,0.9885366432129022,0.8997610341649095,
spambase,XGBoost,SMOTE / SMOTENC,3,0.546875,0.0,7.031772613525391,0.8862419128417969,0.6113211393356326,1614,2509,1,17,0.9999093753740403,0.9909131477701335,169,269,9,13,0.9915803620839593,0.8997610341649095,
spambase,XGBoost,SMOTE / SMOTENC,4,0.5,0.0,7.030550003051758,0.8923835754394531,0.5923536539077761,1615,2509,0,17,0.9999619018591893,0.9914249490832976,169,272,7,12,0.9941583001643597,0.9132809063318537,
spambase,XGBoost,SMOTE / SMOTENC,5,0.53125,0.0,7.030418395996094,0.8916702270507812,0.55999711751938,1615,2509,0,17,0.9999481034940879,0.9914249490832976,174,266,13,7,0.9844947424701479,0.9097721803076525,
spambase,XGBoost,SMOTE / SMOTENC,6,0.5,0.0,7.030506134033203,0.8881683349609375,0.5956548929214494,1615,2509,0,17,0.9999321071593245,0.9914249490832976,170,272,7,11,0.9881581813501258,0.9178522663194438,
spambase,XGBoost,SMOTE / SMOTENC,7,0.484375,0.0,7.030506134033203,0.8860282897949219,0.5661541223526001,1615,2509,0,17,0.999892055267703,0.9914249490832976,168,268,11,13,0.9877225291589933,0.8905154536127091,
spambase,XGBoost,SMOTE / SMOTENC,8,0.671875,0.0,7.0305023193359375,0.8901138305664062,0.5604908943176273,1614,2508,1,18,0.9999036556631422,0.9904117567702613,171,266,13,10,0.9893661260619022,0.8956326247431259,
spambase,XGBoost,SMOTE / SMOTENC,9,0.65625,0.0,7.030550003051758,0.8881683349609375,0.5848911762237579,1614,2508,1,18,0.9998903457357434,0.9904117567702613,166,272,7,15,0.9863759678409473,0.8996228639564706,
spambase,XGBoost,SMOTE / SMOTENC,10,0.546875,0.0,7.030506134033203,0.8924484252929688,0.6453144788742099,1615,2509,0,17,0.9999559184973312,0.9914249490832976,159,273,6,22,0.9858016990435454,0.8728562126122539,
