NUM_00,NUM_01,NUM_02,NUM_03,NUM_04,NUM_05,NUM_06,NUM_07,NUM_08,NUM_09,NUM_10,NUM_11,NUM_12,NUM_13,NUM_14,NUM_15,NUM_16,NUM_17,NUM_18,NUM_19,NUM_20,NUM_21,NUM_22,NUM_23,NUM_24,NUM_25,NUM_26,NUM_27,NUM_28,NUM_29,NUM_30,NUM_31,NUM_32,NUM_33,NUM_34,NUM_35,CAT_00,target
1.0,0,0.0,1.0,0.1,0.0,0.0,1,1.0,1.0,1,0.0,27.9,7.78,1687.93,0.07,57.0,0.13,93.77,217.02,2,0,0,10.0,10.0,1.0,0.0,0.0,2.0,0.08,13.0,28.0,29.0,9.0,5,0.0,0,False
1.0,4,0.0,1.0,0.07,0.0,0.0,1,1.0,5.0,1,0.0,40.67,14.0,7972.25,0.19,107.0,0.07,442.9,569.45,1,0,0,14.0,14.0,1.0,0.0,0.0,6.0,0.06,16.0,52.0,55.0,26.0,14,0.0,2,False
19.0,1,26.0,11.0,0.26,12.0,2.17,2,0.18,34.0,1,0.0,33.74,23.2,18157.82,0.26,136.0,0.04,1008.77,782.66,27,4,13,38.0,42.0,0.09,7.0,13.0,25.0,0.13,83.0,58.0,78.0,30.0,24,30.91,0,False
17.0,2,24.0,9.0,0.47,8.0,3.0,4,0.44,32.0,6,0.63,26.33,31.74,26522.64,0.28,154.0,0.03,1473.48,835.64,2,0,0,19.0,19.0,0.67,8.0,14.0,25.0,0.41,22.0,73.0,81.0,23.0,20,0.0,2,False
1.0,1,0.0,1.0,0.11,0.0,0.0,1,1.0,2.0,1,0.0,42.25,4.43,830.35,0.06,42.0,0.23,46.13,187.3,6,0,2,9.0,9.0,1.0,0.0,0.0,3.0,0.06,18.0,19.0,23.0,15.0,7,18.18,0,False
15.0,3,28.0,8.0,0.28,14.0,2.0,6,0.75,32.0,6,0.71,25.81,30.07,23331.58,0.26,143.0,0.03,1296.2,775.96,1,0,0,29.0,29.0,0.75,7.0,14.0,26.0,0.26,31.0,63.0,80.0,22.0,21,0.0,2,False
1.0,0,0.0,1.0,0.33,0.0,0.0,1,1.0,1.0,1,0.0,8.0,3.0,72.0,0.01,8.0,0.33,4.0,24.0,0,0,1,3.0,3.0,1.0,0.0,0.0,2.0,0.2,5.0,2.0,6.0,2.0,6,25.0,1,False
5.0,4,8.0,3.0,0.07,4.0,2.0,3,1.0,15.0,1,0.0,46.77,30.69,44054.95,0.48,243.0,0.03,2447.5,1435.37,26,0,4,41.0,41.0,0.33,2.0,4.0,14.0,0.04,72.0,114.0,129.0,39.0,21,8.89,1,True
9.0,3,16.0,5.0,0.21,8.0,2.0,4,0.8,21.0,1,0.0,33.71,14.84,7426.6,0.17,101.0,0.07,412.59,500.37,3,0,0,24.0,24.0,0.2,4.0,8.0,18.0,0.18,28.0,47.0,54.0,19.0,12,0.0,3,False
37.0,2,60.0,19.0,0.23,24.0,2.5,2,0.11,63.0,18,0.94,60.94,26.48,42724.78,0.54,266.0,0.04,2373.6,1613.58,6,5,4,77.0,82.0,0.95,18.0,30.0,46.0,0.2,93.0,116.0,150.0,46.0,21,10.47,1,False
1.0,2,0.0,1.0,0.06,0.0,0.0,1,1.0,4.0,1,0.0,43.58,12.62,6939.41,0.18,111.0,0.08,385.52,549.92,3,0,0,17.0,17.0,1.0,0.0,0.0,5.0,0.05,21.0,53.0,58.0,21.0,10,0.0,0,False
5.0,4,8.0,3.0,0.33,4.0,2.0,3,1.0,11.0,1,0.0,24.0,4.67,522.66,0.04,28.0,0.21,29.04,112.0,1,0,0,9.0,9.0,0.33,2.0,4.0,10.0,0.27,11.0,12.0,16.0,9.0,7,0.0,2,False
5.0,1,8.0,3.0,0.23,4.0,2.0,1,0.33,12.0,1,0.0,18.54,16.14,4839.01,0.1,63.0,0.06,268.83,299.56,2,0,0,13.0,13.0,0.33,2.0,4.0,11.0,0.19,16.0,30.0,33.0,13.0,14,0.0,1,False
9.0,1,12.0,5.0,0.38,4.0,3.0,2,0.4,14.0,5,1.0,16.54,12.36,2527.87,0.07,43.0,0.08,140.44,204.46,18,0,0,13.0,13.0,1.0,4.0,6.0,11.0,0.16,32.0,17.0,26.0,11.0,16,0.0,2,False
3.0,2,4.0,2.0,0.4,2.0,2.0,2,1.0,8.0,1,0.0,13.67,5.71,446.5,0.03,20.0,0.18,24.81,78.14,1,0,0,5.0,5.0,0.5,1.0,2.0,8.0,0.29,7.0,10.0,10.0,7.0,8,0.0,0,False
3.0,3,4.0,2.0,0.12,2.0,2.0,2,1.0,9.0,1,0.0,27.97,23.08,14896.06,0.22,139.0,0.04,827.56,645.5,4,0,0,17.0,17.0,0.5,1.0,2.0,9.0,0.09,22.0,50.0,89.0,13.0,12,0.0,1,False
1.0,1,0.0,1.0,0.33,0.0,0.0,1,1.0,2.0,1,0.0,13.5,2.0,54.0,0.01,9.0,0.5,3.0,27.0,2,0,0,3.0,3.0,1.0,0.0,0.0,3.0,0.17,6.0,4.0,5.0,4.0,4,0.0,3,True
5.0,3,8.0,3.0,0.25,4.0,2.0,1,0.33,12.0,1,0.0,36.12,6.39,1474.26,0.08,48.0,0.16,81.9,230.75,11,0,13,12.0,12.0,0.33,2.0,4.0,11.0,0.08,37.0,23.0,25.0,18.0,10,52.0,0,False
9.0,4,14.0,5.0,0.22,6.0,2.33,3,0.6,22.0,3,0.5,39.88,13.33,7090.32,0.18,98.0,0.08,393.91,531.77,25,5,17,18.0,23.0,0.6,4.0,7.0,19.0,0.08,66.0,45.0,53.0,27.0,16,55.0,1,False
11.0,1,16.0,6.0,0.29,6.0,2.67,2,0.33,17.0,6,1.0,21.74,20.19,8859.53,0.15,87.0,0.05,492.2,438.86,1,1,0,20.0,21.0,1.0,5.0,8.0,13.0,0.26,23.0,38.0,49.0,16.0,17,4.76,3,False
5.0,0,8.0,3.0,0.14,4.0,2.0,1,0.33,13.0,1,0.0,51.47,13.89,9932.28,0.24,143.0,0.07,551.79,715.0,6,1,2,20.0,21.0,0.33,2.0,4.0,12.0,0.1,30.0,71.0,72.0,23.0,9,13.04,0,False
59.0,3,116.0,30.0,0.14,58.0,2.0,3,0.1,110.0,1,0.0,242.69,36.29,319607.72,2.94,1190.0,0.03,17755.98,8807.05,19,0,29,208.0,208.0,0.03,29.0,58.0,82.0,0.12,257.0,573.0,617.0,150.0,19,12.24,4,False
1.0,1,0.0,1.0,0.17,0.0,0.0,1,1.0,2.0,1,0.0,23.55,14.58,5007.57,0.11,77.0,0.07,278.2,343.38,6,0,3,6.0,6.0,1.0,0.0,0.0,3.0,0.06,16.0,35.0,42.0,12.0,10,33.33,1,False
8.0,1,4.0,6.0,0.25,2.0,2.0,2,0.33,16.0,1,0.0,19.95,12.41,3072.34,0.08,54.0,0.08,170.69,247.59,5,0,4,24.0,24.0,0.17,1.0,2.0,12.0,0.18,34.0,21.0,33.0,11.0,13,14.29,1,False
1.0,1,0.0,1.0,0.05,0.0,0.0,1,1.0,2.0,1,0.0,77.95,9.14,6513.19,0.24,133.0,0.11,361.84,712.55,24,0,24,19.0,19.0,1.0,0.0,0.0,3.0,0.01,88.0,65.0,68.0,32.0,9,55.81,0,False
3.0,1,4.0,2.0,0.33,2.0,2.0,1,0.5,7.0,1,0.0,11.99,6.67,533.03,0.03,21.0,0.15,29.61,79.95,5,0,10,6.0,6.0,0.5,1.0,2.0,7.0,0.09,22.0,10.0,11.0,6.0,8,62.5,2,False
7.0,3,12.0,4.0,0.25,6.0,2.0,4,1.0,14.0,1,0.0,25.4,12.79,4158.09,0.11,65.0,0.08,231.0,325.0,4,0,1,16.0,16.0,0.25,3.0,6.0,12.0,0.18,22.0,29.0,36.0,17.0,15,5.88,0,False
1.0,0,0.0,1.0,0.09,0.0,0.0,1,1.0,1.0,1,0.0,64.9,3.6,841.09,0.08,55.0,0.28,46.73,233.64,0,0,0,11.0,11.0,1.0,0.0,0.0,2.0,0.08,12.0,27.0,28.0,15.0,4,0.0,0,False
3.0,2,4.0,2.0,0.33,2.0,2.0,2,1.0,7.0,1,0.0,16.5,2.0,66.0,0.01,11.0,0.5,3.67,33.0,2,0,0,6.0,6.0,0.5,1.0,2.0,7.0,0.22,9.0,4.0,7.0,4.0,4,0.0,0,False
1.0,2,0.0,1.0,0.2,0.0,0.0,1,1.0,5.0,1,0.0,20.93,11.28,2661.56,0.08,59.0,0.09,147.86,236.0,2,0,0,5.0,5.0,1.0,0.0,0.0,6.0,0.13,8.0,29.0,30.0,9.0,7,0.0,3,False
33.0,6,58.0,17.0,0.47,26.0,2.23,7,0.41,68.0,14,0.81,30.56,37.08,42020.85,0.38,196.0,0.03,2334.49,1133.15,2,2,0,34.0,36.0,0.82,16.0,29.0,53.0,0.44,39.0,89.0,107.0,30.0,25,5.56,1,False
5.0,3,8.0,3.0,0.23,4.0,2.0,2,0.67,13.0,1,0.0,31.59,11.45,4145.3,0.12,68.0,0.09,230.29,361.89,12,2,8,11.0,13.0,0.33,2.0,4.0,12.0,0.09,34.0,28.0,40.0,22.0,18,47.62,2,False
3.0,2,4.0,2.0,0.17,2.0,2.0,2,1.0,8.0,1,0.0,19.16,6.19,733.44,0.04,29.0,0.16,40.75,118.54,3,0,0,12.0,12.0,0.5,1.0,2.0,8.0,0.13,16.0,11.0,18.0,8.0,9,0.0,1,False
5.0,3,8.0,3.0,0.3,4.0,2.0,3,1.0,11.0,1,0.0,23.58,8.57,1732.45,0.07,43.0,0.12,96.25,202.12,4,0,0,10.0,10.0,0.33,2.0,4.0,10.0,0.2,15.0,20.0,23.0,14.0,12,0.0,0,False
13.0,3,24.0,7.0,0.17,12.0,2.0,4,0.57,29.0,1,0.0,59.59,22.8,30993.01,0.45,232.0,0.04,1721.83,1359.05,16,0,10,41.0,41.0,0.14,6.0,12.0,24.0,0.1,68.0,110.0,122.0,41.0,17,19.61,2,False
1.0,0,0.0,1.0,0.1,0.0,0.0,1,1.0,1.0,1,0.0,17.35,46.29,37167.22,0.27,217.0,0.02,2064.85,803.0,2,0,0,10.0,10.0,1.0,0.0,0.0,2.0,0.08,13.0,108.0,109.0,7.0,6,0.0,3,False
1.0,2,0.0,1.0,0.2,0.0,0.0,1,1.0,3.0,1,0.0,19.37,2.5,121.08,0.02,14.0,0.4,6.73,48.43,3,0,0,5.0,5.0,1.0,0.0,0.0,4.0,0.11,9.0,6.0,8.0,6.0,5,0.0,1,False
5.0,0,6.0,3.0,0.6,2.0,3.0,1,0.33,7.0,3,1.0,13.11,4.8,301.96,0.02,17.0,0.21,16.78,62.91,0,0,0,5.0,5.0,1.0,2.0,3.0,6.0,0.5,6.0,6.0,11.0,5.0,8,0.0,1,False
1.0,0,0.0,1.0,1.0,0.0,0.0,1,1.0,1.0,1,0.0,0.0,0.0,0.0,0.0,2.0,0.0,0.0,2.0,0,0,0,0.0,0.0,1.0,0.0,0.0,2.0,1.0,1.0,0.0,2.0,0.0,2,0.0,0,False
3.0,0,4.0,2.0,0.33,2.0,2.0,1,0.5,6.0,1,0.0,6.0,6.0,216.0,0.01,12.0,0.17,12.0,36.0,0,0,0,6.0,6.0,0.5,1.0,2.0,6.0,0.29,7.0,4.0,8.0,2.0,6,0.0,1,False
3.0,0,4.0,2.0,0.22,2.0,2.0,1,0.5,5.0,1,0.0,35.77,7.0,1752.53,0.08,57.0,0.14,97.36,250.36,1,0,0,9.0,9.0,0.5,1.0,2.0,5.0,0.18,11.0,28.0,29.0,14.0,7,0.0,1,False
15.0,4,26.0,8.0,0.17,12.0,2.17,7,0.88,37.0,3,0.29,63.61,27.76,48997.85,0.59,289.0,0.04,2722.1,1765.36,18,2,6,45.0,47.0,0.38,7.0,13.0,31.0,0.11,72.0,136.0,153.0,49.0,20,15.09,0,False
1.0,1,0.0,1.0,0.17,0.0,0.0,1,1.0,2.0,1,0.0,12.44,4.9,298.63,0.02,17.0,0.2,16.59,60.94,10,1,19,5.0,6.0,1.0,0.0,0.0,3.0,0.03,36.0,7.0,10.0,5.0,7,80.0,1,False
1.0,0,0.0,1.0,0.33,0.0,0.0,1,1.0,1.0,1,0.0,12.03,4.0,192.42,0.02,13.0,0.25,10.69,48.11,0,0,0,3.0,3.0,1.0,0.0,0.0,2.0,0.25,4.0,5.0,8.0,5.0,8,0.0,1,False
11.0,2,18.0,6.0,0.18,8.0,2.25,4,0.67,23.0,5,0.8,69.47,9.03,5659.94,0.21,110.0,0.11,314.44,627.05,8,0,4,33.0,33.0,0.83,5.0,9.0,19.0,0.13,46.0,49.0,61.0,38.0,14,10.81,2,False
4.0,3,0.0,3.0,0.16,0.0,0.0,3,1.0,12.0,1,0.0,29.48,10.0,2948.03,0.1,62.0,0.1,163.78,294.8,12,1,5,18.0,19.0,0.33,0.0,0.0,11.0,0.08,37.0,25.0,37.0,15.0,12,25.0,2,False
7.0,3,12.0,4.0,0.15,6.0,2.0,4,1.0,15.0,1,0.0,37.25,27.5,28170.17,0.34,178.0,0.04,1565.01,1024.36,7,2,7,24.0,26.0,0.25,3.0,6.0,13.0,0.1,41.0,80.0,98.0,32.0,22,27.27,1,True
1.0,0,0.0,1.0,0.13,0.0,0.0,1,1.0,1.0,1,0.0,15.94,10.29,1686.86,0.05,41.0,0.1,93.71,164.0,0,1,2,7.0,8.0,1.0,0.0,0.0,2.0,0.09,11.0,16.0,25.0,7.0,9,30.0,3,False
1.0,1,0.0,1.0,0.2,0.0,0.0,1,1.0,2.0,1,0.0,7.4,5.83,251.91,0.01,13.0,0.17,14.0,43.19,0,0,1,5.0,5.0,1.0,0.0,0.0,3.0,0.14,7.0,5.0,8.0,3.0,7,16.67,1,False
9.0,3,16.0,5.0,0.28,8.0,2.0,2,0.4,22.0,1,0.0,35.29,23.68,19791.23,0.28,156.0,0.04,1099.51,835.78,14,1,10,17.0,18.0,0.2,4.0,8.0,19.0,0.12,43.0,74.0,82.0,25.0,16,39.29,2,False
5.0,4,8.0,3.0,0.23,4.0,2.0,3,1.0,14.0,1,0.0,14.28,9.33,1243.74,0.04,35.0,0.11,69.1,133.26,0,0,0,13.0,13.0,0.33,2.0,4.0,13.0,0.21,14.0,14.0,21.0,6.0,8,0.0,1,False
1.0,3,0.0,1.0,0.17,0.0,0.0,1,1.0,5.0,1,0.0,19.23,5.69,622.17,0.04,28.0,0.18,34.57,109.39,1,0,0,6.0,6.0,1.0,0.0,0.0,6.0,0.13,8.0,13.0,15.0,8.0,7,0.0,0,False
1.0,0,0.0,1.0,1.0,0.0,0.0,1,1.0,1.0,1,0.0,0.0,0.0,0.0,0.0,2.0,0.0,0.0,2.0,0,0,0,0.0,0.0,1.0,0.0,0.0,2.0,1.0,1.0,0.0,2.0,0.0,2,0.0,0,False
3.0,3,4.0,2.0,0.25,2.0,2.0,2,1.0,8.0,1,0.0,17.31,5.5,523.51,0.03,25.0,0.18,29.08,95.18,1,1,0,7.0,8.0,0.5,1.0,2.0,8.0,0.2,10.0,11.0,14.0,7.0,7,12.5,0,False
5.0,2,8.0,3.0,0.43,4.0,2.0,3,1.0,13.0,1,0.0,24.15,8.59,1782.21,0.07,48.0,0.12,99.01,207.45,1,0,0,7.0,7.0,0.33,2.0,4.0,12.0,0.33,9.0,21.0,27.0,11.0,9,0.0,2,False
1.0,0,0.0,1.0,1.0,0.0,0.0,1,1.0,1.0,1,0.0,0.0,0.0,0.0,0.0,2.0,0.0,0.0,2.0,0,0,0,0.0,0.0,1.0,0.0,0.0,2.0,1.0,1.0,0.0,2.0,0.0,2,0.0,0,False
53.0,6,100.0,27.0,0.44,48.0,2.08,23,0.85,124.0,19,0.69,88.96,33.0,96874.9,0.98,450.0,0.03,5381.94,2935.6,4,0,0,62.0,62.0,0.7,26.0,50.0,99.0,0.4,67.0,210.0,240.0,70.0,22,0.0,2,False
1.0,1,0.0,1.0,0.11,0.0,0.0,1,1.0,8.0,1,0.0,48.36,7.78,2925.63,0.13,81.0,0.13,162.53,376.15,10,0,21,9.0,9.0,1.0,0.0,0.0,9.0,0.02,41.0,40.0,41.0,18.0,7,70.0,1,False
13.0,4,16.0,7.0,0.23,4.0,4.0,2,0.29,22.0,6,0.83,62.47,19.9,24732.36,0.41,215.0,0.05,1374.02,1242.99,4,1,4,29.0,30.0,0.86,6.0,10.0,17.0,0.18,39.0,97.0,118.0,39.0,16,14.71,1,True
3.0,0,4.0,2.0,0.33,2.0,2.0,1,0.5,5.0,1,0.0,10.04,5.0,250.95,0.02,14.0,0.2,13.94,50.19,0,0,0,6.0,6.0,0.5,1.0,2.0,5.0,0.29,7.0,5.0,9.0,4.0,8,0.0,2,False
7.0,3,8.0,4.0,0.29,2.0,4.0,2,0.5,12.0,4,1.0,33.12,8.0,2119.78,0.09,54.0,0.13,117.77,264.97,9,2,0,12.0,14.0,1.0,3.0,4.0,10.0,0.17,24.0,24.0,30.0,18.0,12,14.29,1,False
21.0,3,36.0,11.0,0.15,16.0,2.25,5,0.45,40.0,5,0.4,84.72,25.33,54371.71,0.72,329.0,0.04,3020.65,2146.25,14,5,36,69.0,74.0,0.45,10.0,18.0,31.0,0.09,125.0,152.0,177.0,69.0,23,37.27,1,False
1.0,0,0.0,1.0,1.0,0.0,0.0,1,1.0,1.0,1,0.0,0.0,0.0,0.0,0.0,1.0,0.0,0.0,0.0,0,0,0,0.0,0.0,1.0,0.0,0.0,2.0,1.0,1.0,0.0,1.0,0.0,1,0.0,0,False
26.0,4,44.0,14.0,0.3,22.0,2.0,11,0.79,59.0,7,0.46,30.87,42.62,56084.29,0.44,221.0,0.02,3115.79,1315.88,13,1,1,45.0,46.0,0.5,11.0,22.0,47.0,0.23,61.0,97.0,124.0,33.0,29,4.26,2,False
11.0,5,20.0,6.0,0.18,10.0,2.0,2,0.33,30.0,1,0.0,32.61,64.33,135012.09,0.7,363.0,0.02,7500.67,2098.63,16,1,17,32.0,33.0,0.17,5.0,10.0,26.0,0.09,67.0,193.0,170.0,33.0,22,36.0,3,False
1.0,0,0.0,1.0,0.25,0.0,0.0,1,1.0,1.0,1,0.0,7.86,2.5,49.13,0.01,7.0,0.4,2.73,19.65,0,0,0,4.0,4.0,1.0,0.0,0.0,2.0,0.2,5.0,2.0,5.0,2.0,5,0.0,1,False
13.0,3,24.0,7.0,0.26,12.0,2.0,3,0.43,26.0,3,0.33,22.13,13.39,3968.8,0.1,61.0,0.07,220.49,296.34,9,0,2,27.0,27.0,0.43,6.0,12.0,21.0,0.18,38.0,25.0,36.0,14.0,15,6.9,0,False
1.0,2,0.0,1.0,0.25,0.0,0.0,1,1.0,3.0,1,0.0,15.85,2.4,91.29,0.01,12.0,0.42,5.07,38.04,4,0,0,4.0,4.0,1.0,0.0,0.0,4.0,0.11,9.0,6.0,6.0,5.0,4,0.0,1,False
25.0,0,34.0,14.0,0.56,14.0,2.43,1,0.07,45.0,10,0.69,27.2,31.11,26315.66,0.28,147.0,0.03,1461.98,845.97,3,0,0,25.0,25.0,0.71,10.0,17.0,33.0,0.48,29.0,67.0,80.0,28.0,26,0.0,3,False
3.0,0,4.0,2.0,0.12,2.0,2.0,1,0.5,6.0,1,0.0,19.85,16.82,5614.18,0.11,76.0,0.06,311.9,333.82,1,0,0,17.0,17.0,0.5,1.0,2.0,6.0,0.11,19.0,37.0,39.0,11.0,10,0.0,4,False
7.0,0,10.0,4.0,0.29,4.0,2.5,1,0.25,12.0,3,0.67,22.43,10.08,2280.63,0.08,50.0,0.1,126.7,226.18,1,1,1,13.0,14.0,0.75,3.0,5.0,10.0,0.24,17.0,22.0,28.0,12.0,11,13.33,1,False
1.0,2,0.0,1.0,0.08,0.0,0.0,1,1.0,5.0,1,0.0,48.36,9.75,4596.78,0.16,88.0,0.1,255.38,471.46,9,0,6,13.0,13.0,1.0,0.0,0.0,6.0,0.03,29.0,42.0,46.0,28.0,13,31.58,1,False
5.0,1,8.0,3.0,0.38,4.0,2.0,2,0.67,10.0,1,0.0,16.74,11.23,2110.54,0.06,41.0,0.09,117.25,187.98,3,0,0,8.0,8.0,0.33,2.0,4.0,9.0,0.25,12.0,19.0,22.0,11.0,13,0.0,0,False
9.0,3,14.0,5.0,0.17,6.0,2.33,3,0.6,20.0,3,0.5,30.81,17.22,9132.06,0.18,99.0,0.06,507.34,530.4,3,4,2,26.0,30.0,0.6,4.0,7.0,17.0,0.14,36.0,44.0,55.0,23.0,18,18.75,5,False
13.0,7,22.0,7.0,0.16,10.0,2.2,6,0.86,28.0,4,0.5,71.6,13.86,13750.99,0.33,166.0,0.07,763.94,992.23,22,10,0,33.0,43.0,0.57,6.0,11.0,23.0,0.11,66.0,75.0,91.0,46.0,17,23.26,1,True
19.0,6,24.0,11.0,0.28,10.0,2.4,9,0.82,37.0,3,0.2,38.45,22.91,20177.56,0.29,151.0,0.04,1120.98,880.77,16,5,12,34.0,39.0,0.27,7.0,12.0,28.0,0.16,68.0,63.0,88.0,33.0,24,33.33,2,False
1.0,3,0.0,1.0,0.2,0.0,0.0,1,1.0,4.0,1,0.0,18.13,4.29,333.04,0.03,21.0,0.23,18.5,77.71,0,0,0,5.0,5.0,1.0,0.0,0.0,5.0,0.17,6.0,10.0,11.0,7.0,6,0.0,2,False
7.0,4,12.0,4.0,0.18,6.0,2.0,4,1.0,17.0,1,0.0,54.76,4.7,1211.98,0.09,52.0,0.21,67.33,257.62,1,1,1,21.0,22.0,0.25,3.0,6.0,15.0,0.16,25.0,23.0,29.0,22.0,9,8.7,1,False
1.0,0,0.0,1.0,0.14,0.0,0.0,1,1.0,1.0,1,0.0,51.81,1.5,116.56,0.03,21.0,0.67,6.48,77.71,0,0,0,7.0,7.0,1.0,0.0,0.0,2.0,0.13,8.0,10.0,11.0,10.0,3,0.0,0,False
1.0,1,0.0,1.0,0.05,0.0,0.0,1,1.0,4.0,1,0.0,105.1,9.99,10484.77,0.35,186.0,0.1,582.49,1049.76,11,0,6,20.0,20.0,1.0,0.0,0.0,5.0,0.03,38.0,91.0,95.0,41.0,9,23.08,1,False
17.0,0,32.0,9.0,0.56,16.0,2.0,1,0.11,33.0,1,0.0,85.3,11.0,10321.01,0.31,168.0,0.09,573.39,938.27,2,14,0,2.0,16.0,0.11,8.0,16.0,26.0,0.47,19.0,74.0,94.0,37.0,11,87.5,1,True
1.0,1,0.0,1.0,0.5,0.0,0.0,1,1.0,2.0,1,0.0,10.44,3.5,127.89,0.01,11.0,0.29,7.11,36.54,2,0,0,2.0,2.0,1.0,0.0,0.0,3.0,0.2,5.0,3.0,8.0,3.0,7,0.0,0,False
11.0,2,20.0,6.0,0.13,10.0,2.0,3,0.5,24.0,1,0.0,56.47,17.4,17102.11,0.33,180.0,0.06,950.12,982.7,9,8,15,40.0,48.0,0.17,5.0,10.0,20.0,0.08,73.0,83.0,97.0,31.0,13,36.51,0,False
1.0,0,0.0,1.0,1.0,0.0,0.0,1,1.0,1.0,1,0.0,0.0,0.0,0.0,0.0,2.0,0.0,0.0,2.0,0,0,0,0.0,0.0,1.0,0.0,0.0,2.0,1.0,1.0,0.0,2.0,0.0,2,0.0,0,False
3.0,0,4.0,2.0,0.17,2.0,2.0,1,0.5,5.0,1,0.0,14.09,13.5,2567.23,0.06,44.0,0.07,142.62,190.16,3,0,1,12.0,12.0,0.5,1.0,2.0,5.0,0.12,17.0,18.0,26.0,8.0,12,7.69,1,False
1.0,2,0.0,1.0,0.2,0.0,0.0,1,1.0,4.0,1,0.0,14.99,5.5,453.5,0.03,23.0,0.18,25.19,82.45,5,0,0,5.0,5.0,1.0,0.0,0.0,5.0,0.09,11.0,11.0,12.0,6.0,6,0.0,1,False
3.0,1,6.0,2.0,0.67,2.0,3.0,1,0.5,6.0,1,0.0,9.49,3.5,116.27,0.01,10.0,0.29,6.46,33.22,0,0,0,3.0,3.0,0.5,2.0,3.0,6.0,0.5,4.0,3.0,7.0,3.0,7,0.0,0,False
11.0,2,18.0,6.0,0.5,8.0,2.25,2,0.33,22.0,6,1.0,11.97,25.0,7483.01,0.1,61.0,0.04,415.72,299.32,1,0,0,12.0,12.0,1.0,5.0,9.0,18.0,0.43,14.0,25.0,36.0,10.0,20,0.0,2,False
1.0,0,0.0,1.0,0.04,0.0,0.0,1,1.0,1.0,1,0.0,39.03,26.4,27204.48,0.34,208.0,0.04,1511.36,1030.47,7,0,9,23.0,23.0,1.0,0.0,0.0,2.0,0.03,40.0,96.0,112.0,20.0,11,28.13,4,False
1.0,2,0.0,1.0,0.17,0.0,0.0,1,1.0,3.0,1,0.0,10.76,5.25,296.48,0.02,17.0,0.19,16.47,56.47,2,2,0,4.0,6.0,1.0,0.0,0.0,4.0,0.11,9.0,7.0,10.0,4.0,6,33.33,1,False
13.0,0,20.0,7.0,0.88,8.0,2.5,1,0.14,21.0,6,0.83,8.51,21.12,3799.3,0.06,44.0,0.05,211.07,179.85,1,0,0,8.0,8.0,0.86,6.0,10.0,16.0,0.7,10.0,13.0,31.0,4.0,13,0.0,2,False
3.0,0,4.0,2.0,0.5,2.0,2.0,1,0.5,6.0,1,0.0,12.44,9.0,1008.0,0.04,28.0,0.11,56.0,112.0,3,0,0,4.0,4.0,0.5,1.0,2.0,6.0,0.25,8.0,14.0,14.0,7.0,9,0.0,3,False
17.0,3,32.0,9.0,0.16,16.0,2.0,4,0.44,32.0,6,0.63,68.85,10.07,6976.38,0.23,121.0,0.1,387.58,693.08,8,1,12,54.0,55.0,0.67,8.0,16.0,25.0,0.12,76.0,51.0,70.0,38.0,15,19.4,4,False
1.0,1,0.0,1.0,0.33,0.0,0.0,1,1.0,2.0,1,0.0,7.75,2.0,31.02,0.01,6.0,0.5,1.72,15.51,2,0,0,3.0,3.0,1.0,0.0,0.0,3.0,0.17,6.0,2.0,4.0,2.0,4,0.0,1,False
1.0,7,0.0,1.0,0.08,0.0,0.0,1,1.0,8.0,1,0.0,44.7,5.0,1117.4,0.07,47.0,0.2,62.08,223.48,17,0,22,13.0,13.0,1.0,0.0,0.0,9.0,0.02,53.0,20.0,27.0,18.0,9,62.86,0,False
21.0,3,38.0,11.0,0.52,18.0,2.11,3,0.27,42.0,3,0.2,35.91,25.31,23011.32,0.3,172.0,0.04,1278.41,909.09,2,0,0,21.0,21.0,0.27,10.0,19.0,33.0,0.46,24.0,81.0,91.0,24.0,15,0.0,0,False
5.0,1,6.0,3.0,0.25,2.0,3.0,2,0.67,9.0,3,1.0,20.31,10.77,2355.5,0.07,46.0,0.09,130.86,218.72,6,0,1,12.0,12.0,1.0,2.0,3.0,8.0,0.15,20.0,20.0,26.0,13.0,14,7.69,0,False
1.0,1,0.0,1.0,0.25,0.0,0.0,1,1.0,3.0,1,0.0,11.63,2.0,46.53,0.01,9.0,0.5,2.58,23.26,0,0,0,4.0,4.0,1.0,0.0,0.0,4.0,0.2,5.0,4.0,5.0,3.0,3,0.0,0,False
1.0,1,0.0,1.0,0.5,0.0,0.0,1,1.0,2.0,1,0.0,10.57,3.0,95.1,0.01,10.0,0.33,5.28,31.7,3,0,3,2.0,2.0,1.0,0.0,0.0,3.0,0.11,9.0,3.0,7.0,3.0,6,60.0,0,False
19.0,1,32.0,10.0,0.16,14.0,2.29,5,0.5,39.0,6,0.56,86.23,31.88,87614.7,0.92,430.0,0.03,4867.48,2748.7,24,2,20,60.0,62.0,0.6,9.0,16.0,31.0,0.09,107.0,204.0,226.0,64.0,20,26.83,0,True
1.0,0,0.0,1.0,0.2,0.0,0.0,1,1.0,1.0,1,0.0,10.44,3.5,127.89,0.01,11.0,0.29,7.11,36.54,1,0,0,5.0,5.0,1.0,0.0,0.0,2.0,0.14,7.0,3.0,8.0,3.0,7,0.0,1,False
1.0,0,0.0,1.0,0.25,0.0,0.0,1,1.0,1.0,1,0.0,17.59,11.57,2355.07,0.07,55.0,0.09,130.84,203.52,2,0,0,4.0,4.0,1.0,0.0,0.0,2.0,0.14,7.0,27.0,28.0,7.0,6,0.0,3,False
1.0,9,0.0,1.0,0.06,0.0,0.0,1,1.0,12.0,1,0.0,58.3,5.33,1658.19,0.1,64.0,0.19,92.12,310.91,17,1,22,15.0,16.0,1.0,0.0,0.0,13.0,0.02,56.0,28.0,36.0,21.0,8,60.53,0,False
1.0,2,0.0,1.0,0.2,0.0,0.0,1,1.0,3.0,1,0.0,15.38,4.57,321.48,0.02,18.0,0.22,17.86,70.32,0,0,0,5.0,5.0,1.0,0.0,0.0,4.0,0.17,6.0,8.0,10.0,7.0,8,0.0,0,False
3.0,1,4.0,2.0,0.22,2.0,2.0,2,1.0,7.0,1,0.0,16.96,6.75,772.53,0.04,28.0,0.15,42.92,114.45,1,0,0,9.0,9.0,0.5,1.0,2.0,7.0,0.18,11.0,12.0,16.0,8.0,9,0.0,3,False
3.0,0,4.0,2.0,0.29,2.0,2.0,1,0.5,7.0,1,0.0,13.74,10.63,1550.69,0.05,35.0,0.09,86.15,145.95,4,0,0,7.0,7.0,0.5,1.0,2.0,7.0,0.17,12.0,17.0,18.0,8.0,10,0.0,0,False
9.0,3,14.0,5.0,0.24,6.0,2.33,3,0.6,23.0,5,1.0,24.76,24.5,14864.15,0.2,114.0,0.04,825.79,606.7,1,0,0,21.0,21.0,1.0,4.0,7.0,20.0,0.22,23.0,49.0,65.0,20.0,20,0.0,2,False
37.0,7,72.0,19.0,0.38,36.0,2.0,12,0.63,88.0,11,0.56,48.52,36.22,63649.28,0.59,294.0,0.03,3536.07,1757.32,3,4,0,46.0,50.0,0.58,18.0,36.0,71.0,0.35,54.0,135.0,159.0,41.0,22,8.0,2,False
13.0,2,22.0,7.0,0.29,10.0,2.2,4,0.57,24.0,4,0.5,47.71,15.97,12167.64,0.25,135.0,0.06,675.98,761.92,16,4,11,20.0,24.0,0.57,6.0,11.0,19.0,0.13,52.0,62.0,73.0,33.0,17,42.86,0,True
1.0,2,0.0,1.0,0.25,0.0,0.0,1,1.0,3.0,1,0.0,17.27,2.5,107.96,0.01,13.0,0.4,6.0,43.19,4,0,0,4.0,4.0,1.0,0.0,0.0,4.0,0.11,9.0,5.0,8.0,5.0,5,0.0,1,True
1.0,3,0.0,1.0,0.17,0.0,0.0,1,1.0,5.0,1,0.0,25.0,1.8,81.0,0.02,15.0,0.56,4.5,45.0,1,0,0,6.0,6.0,1.0,0.0,0.0,6.0,0.13,8.0,6.0,9.0,5.0,3,0.0,0,False
3.0,0,4.0,2.0,0.33,2.0,2.0,1,0.5,6.0,1,0.0,16.82,8.33,1168.18,0.05,33.0,0.12,64.9,140.18,0,0,1,6.0,6.0,0.5,1.0,2.0,6.0,0.25,8.0,15.0,18.0,9.0,10,14.29,5,False
3.0,1,4.0,2.0,0.15,2.0,2.0,1,0.5,7.0,1,0.0,26.51,7.13,1345.7,0.06,43.0,0.14,74.76,188.87,1,0,0,13.0,13.0,0.5,1.0,2.0,7.0,0.13,15.0,19.0,24.0,12.0,9,0.0,2,False
3.0,0,4.0,2.0,0.29,2.0,2.0,1,0.5,7.0,1,0.0,11.76,11.33,1510.25,0.04,35.0,0.09,83.9,133.26,0,0,0,7.0,7.0,0.5,1.0,2.0,7.0,0.25,8.0,17.0,18.0,6.0,8,0.0,3,False
1.0,0,0.0,1.0,0.33,0.0,0.0,1,1.0,1.0,1,0.0,0.0,0.0,0.0,0.0,1.0,0.0,0.0,0.0,0,0,0,3.0,3.0,1.0,0.0,0.0,2.0,0.25,4.0,0.0,1.0,0.0,1,0.0,1,False
3.0,2,4.0,2.0,0.18,2.0,2.0,2,1.0,7.0,1,0.0,26.99,6.97,1309.86,0.06,40.0,0.14,72.77,188.02,8,1,0,10.0,11.0,0.5,1.0,2.0,7.0,0.1,20.0,19.0,21.0,15.0,11,9.09,4,False
3.0,1,4.0,2.0,0.14,2.0,2.0,2,1.0,9.0,1,0.0,48.3,17.5,14790.85,0.28,149.0,0.06,821.71,845.19,12,0,10,14.0,14.0,0.5,1.0,2.0,9.0,0.05,37.0,70.0,79.0,34.0,17,41.67,3,True
3.0,1,4.0,2.0,0.22,2.0,2.0,2,1.0,7.0,1,0.0,15.57,7.5,875.68,0.04,28.0,0.13,48.65,116.76,2,0,0,9.0,9.0,0.5,1.0,2.0,7.0,0.17,12.0,12.0,16.0,8.0,10,0.0,3,False
1.0,2,0.0,1.0,0.25,0.0,0.0,1,1.0,3.0,1,0.0,8.72,4.0,139.48,0.01,11.0,0.25,7.75,34.87,0,0,0,4.0,4.0,1.0,0.0,0.0,4.0,0.2,5.0,4.0,7.0,3.0,6,0.0,1,False
7.0,3,12.0,4.0,0.31,6.0,2.0,4,1.0,14.0,1,0.0,29.06,6.54,1242.24,0.06,42.0,0.15,69.01,189.99,9,3,6,10.0,13.0,0.25,3.0,6.0,12.0,0.14,29.0,17.0,25.0,13.0,10,47.37,0,False
5.0,2,8.0,3.0,0.23,4.0,2.0,3,1.0,11.0,1,0.0,23.44,7.33,1260.57,0.06,38.0,0.14,70.03,171.9,0,0,0,13.0,13.0,0.33,2.0,4.0,10.0,0.21,14.0,16.0,22.0,12.0,11,0.0,6,False
27.0,1,40.0,15.0,0.36,18.0,2.22,6,0.4,59.0,10,0.64,42.04,61.97,161468.35,0.87,428.0,0.02,8970.46,2605.43,12,3,2,39.0,42.0,0.67,11.0,20.0,46.0,0.26,57.0,157.0,271.0,38.0,30,11.36,3,False
3.0,1,4.0,2.0,0.67,2.0,2.0,2,1.0,6.0,1,0.0,11.23,14.0,2200.43,0.05,37.0,0.07,122.25,157.17,1,0,0,3.0,3.0,0.5,1.0,2.0,6.0,0.4,5.0,10.0,27.0,5.0,14,0.0,0,False
1.0,0,0.0,1.0,0.33,0.0,0.0,1,1.0,1.0,1,0.0,7.75,2.0,31.02,0.01,6.0,0.5,1.72,15.51,0,0,0,3.0,3.0,1.0,0.0,0.0,2.0,0.25,4.0,2.0,4.0,2.0,4,0.0,1,True
1.0,1,0.0,1.0,0.33,0.0,0.0,1,1.0,2.0,1,0.0,11.07,3.0,99.66,0.01,10.0,0.33,5.54,33.22,1,0,0,3.0,3.0,1.0,0.0,0.0,3.0,0.2,5.0,4.0,6.0,4.0,6,0.0,1,False
5.0,0,0.0,4.0,0.4,0.0,0.0,1,0.25,9.0,1,0.0,17.3,7.0,847.8,0.04,31.0,0.14,47.1,121.11,1,0,0,10.0,10.0,0.25,0.0,0.0,7.0,0.13,31.0,7.0,24.0,5.0,10,0.0,2,False
1.0,1,0.0,1.0,0.05,0.0,0.0,1,1.0,2.0,1,0.0,100.47,7.44,5568.01,0.25,137.0,0.13,309.33,747.94,4,0,0,20.0,20.0,1.0,0.0,0.0,3.0,0.04,25.0,67.0,70.0,36.0,8,0.0,0,True
3.0,0,4.0,2.0,0.22,2.0,2.0,1,0.5,5.0,1,0.0,17.71,14.0,3472.0,0.08,62.0,0.07,192.89,248.0,1,0,0,9.0,9.0,0.5,1.0,2.0,5.0,0.18,11.0,28.0,34.0,8.0,8,0.0,2,False
1.0,0,0.0,1.0,1.0,0.0,0.0,1,1.0,1.0,1,0.0,0.0,0.0,0.0,0.0,2.0,0.0,0.0,2.0,0,0,0,0.0,0.0,1.0,0.0,0.0,2.0,1.0,1.0,0.0,2.0,0.0,2,0.0,0,False
1.0,6,0.0,1.0,0.13,0.0,0.0,1,1.0,7.0,1,0.0,32.29,2.57,213.55,0.03,25.0,0.39,11.86,83.05,2,0,1,8.0,8.0,1.0,0.0,0.0,8.0,0.08,12.0,12.0,13.0,7.0,3,11.11,1,False
3.0,9,4.0,2.0,0.13,2.0,2.0,2,1.0,14.0,1,0.0,61.47,4.05,1009.6,0.08,53.0,0.25,56.09,249.12,12,2,18,13.0,15.0,0.5,1.0,2.0,14.0,0.04,46.0,22.0,31.0,19.0,7,60.61,1,True
5.0,1,8.0,3.0,0.09,4.0,2.0,2,0.67,13.0,1,0.0,47.6,13.5,8674.38,0.21,117.0,0.07,481.91,642.55,16,1,0,31.0,32.0,0.33,2.0,4.0,12.0,0.06,49.0,54.0,63.0,30.0,15,3.13,3,False
9.0,0,14.0,5.0,0.26,6.0,2.33,1,0.2,16.0,4,0.75,30.88,8.25,2102.02,0.08,53.0,0.12,116.78,254.79,3,1,9,18.0,19.0,0.8,4.0,7.0,13.0,0.16,32.0,22.0,31.0,16.0,12,35.71,4,False
69.0,2,118.0,35.0,0.29,50.0,2.36,4,0.11,123.0,3,0.06,126.88,26.71,90551.52,1.13,497.0,0.04,5030.64,3389.63,45,4,38,117.0,121.0,0.09,34.0,59.0,90.0,0.17,205.0,221.0,276.0,91.0,22,26.42,0,True
5.0,1,6.0,3.0,0.43,2.0,3.0,2,0.67,9.0,3,1.0,13.8,7.86,851.86,0.04,26.0,0.13,47.33,108.42,1,0,0,7.0,7.0,1.0,2.0,3.0,8.0,0.33,9.0,10.0,16.0,7.0,11,0.0,1,False
4.0,4,0.0,3.0,0.19,0.0,0.0,3,1.0,9.0,1,0.0,23.8,7.79,1445.09,0.06,41.0,0.13,80.28,185.47,0,2,0,14.0,16.0,0.33,0.0,0.0,8.0,0.18,17.0,17.0,24.0,12.0,11,12.5,1,False
3.0,0,6.0,2.0,0.29,2.0,3.0,1,0.5,5.0,1,0.0,18.62,6.5,786.59,0.04,28.0,0.15,43.7,121.01,0,0,0,7.0,7.0,0.5,2.0,3.0,5.0,0.25,8.0,13.0,15.0,10.0,10,0.0,1,False
3.0,4,4.0,2.0,0.08,2.0,2.0,1,0.5,15.0,1,0.0,53.7,16.1,13923.65,0.29,154.0,0.06,773.54,864.67,1,0,19,24.0,24.0,0.5,1.0,2.0,15.0,0.04,45.0,73.0,81.0,34.0,15,44.19,2,False
3.0,0,4.0,2.0,0.15,2.0,2.0,1,0.5,6.0,1,0.0,30.83,17.31,9235.67,0.18,111.0,0.06,513.09,533.62,3,1,1,12.0,13.0,0.5,1.0,2.0,6.0,0.11,18.0,30.0,81.0,13.0,15,14.29,1,False
7.0,0,12.0,4.0,0.01,6.0,2.0,1,0.25,19.0,1,0.0,1535.48,11.07,188118.17,5.67,1916.0,0.09,10451.01,16995.62,13,0,2,397.0,397.0,0.25,3.0,6.0,17.0,0.01,413.0,1129.0,787.0,459.0,9,0.5,0,False
1.0,4,0.0,1.0,0.11,0.0,0.0,1,1.0,5.0,1,0.0,26.79,4.67,583.43,0.04,32.0,0.21,32.4,125.02,7,2,0,7.0,9.0,1.0,0.0,0.0,6.0,0.06,17.0,14.0,18.0,9.0,6,22.22,1,True
1.0,2,0.0,1.0,0.14,0.0,0.0,1,1.0,3.0,1,0.0,16.5,8.0,1056.0,0.04,33.0,0.13,58.67,132.0,0,0,0,7.0,7.0,1.0,0.0,0.0,4.0,0.13,8.0,16.0,17.0,8.0,8,0.0,0,False
13.0,4,24.0,7.0,0.35,12.0,2.0,3,0.43,32.0,4,0.5,33.58,20.52,14141.06,0.23,127.0,0.05,785.61,689.14,1,0,0,20.0,20.0,0.57,6.0,12.0,27.0,0.32,22.0,57.0,70.0,25.0,18,0.0,2,False
1.0,1,0.0,1.0,0.08,0.0,0.0,1,1.0,2.0,1,0.0,19.23,9.78,1838.45,0.06,46.0,0.1,102.14,188.02,9,0,10,13.0,13.0,1.0,0.0,0.0,3.0,0.03,33.0,22.0,24.0,9.0,8,43.48,1,False
5.0,0,8.0,3.0,0.6,4.0,2.0,1,0.33,11.0,1,0.0,13.29,10.29,1406.48,0.05,35.0,0.1,78.14,136.74,3,0,0,5.0,5.0,0.33,2.0,4.0,10.0,0.33,9.0,18.0,17.0,7.0,8,0.0,2,False
1.0,1,0.0,1.0,0.06,0.0,0.0,1,1.0,2.0,1,0.0,43.17,16.21,11361.49,0.23,149.0,0.06,631.19,700.37,0,0,0,16.0,16.0,1.0,0.0,0.0,3.0,0.06,17.0,73.0,76.0,18.0,8,0.0,2,False
5.0,1,8.0,3.0,0.38,4.0,2.0,3,1.0,15.0,1,0.0,17.84,12.0,2568.63,0.07,48.0,0.08,142.7,214.05,0,0,0,8.0,8.0,0.33,2.0,4.0,14.0,0.33,9.0,24.0,24.0,11.0,11,0.0,0,False
1.0,0,0.0,1.0,0.2,0.0,0.0,1,1.0,1.0,1,0.0,14.28,5.33,406.12,0.03,20.0,0.19,22.56,76.15,1,0,0,5.0,5.0,1.0,0.0,0.0,2.0,0.14,7.0,8.0,12.0,6.0,8,0.0,2,False
7.0,3,10.0,4.0,0.36,4.0,2.5,2,0.5,14.0,3,0.67,24.61,12.71,3973.8,0.1,62.0,0.08,220.77,312.75,1,0,0,11.0,11.0,0.75,3.0,5.0,12.0,0.31,13.0,27.0,35.0,17.0,16,0.0,1,False
15.0,4,26.0,8.0,0.13,12.0,2.17,7,0.88,37.0,4,0.43,75.27,22.24,37216.01,0.56,274.0,0.04,2067.56,1673.74,24,7,14,54.0,61.0,0.5,7.0,13.0,31.0,0.08,100.0,126.0,148.0,51.0,18,28.0,0,False
7.0,2,12.0,4.0,0.5,6.0,2.0,3,0.75,14.0,3,0.67,14.4,10.0,1440.0,0.05,36.0,0.1,80.0,144.0,1,0,0,8.0,8.0,0.75,3.0,6.0,12.0,0.4,10.0,12.0,24.0,6.0,10,0.0,1,False
43.0,22,82.0,22.0,0.29,40.0,2.05,21,0.95,118.0,12,0.52,98.77,30.8,93697.55,1.01,442.0,0.03,5205.42,3042.13,4,4,1,73.0,77.0,0.55,21.0,41.0,98.0,0.27,83.0,198.0,244.0,90.0,28,6.41,1,False
1.0,8,0.0,1.0,0.09,0.0,0.0,1,1.0,9.0,1,0.0,45.21,6.79,2087.1,0.1,67.0,0.15,115.95,307.19,7,0,6,11.0,11.0,1.0,0.0,0.0,10.0,0.04,25.0,33.0,34.0,17.0,7,35.29,3,False
5.0,1,8.0,3.0,0.6,4.0,2.0,2,0.67,11.0,1,0.0,4.54,15.0,1021.71,0.02,19.0,0.07,56.76,68.11,0,0,0,5.0,5.0,0.33,2.0,4.0,10.0,0.5,6.0,6.0,13.0,2.0,10,0.0,1,False
1.0,2,0.0,1.0,0.33,0.0,0.0,1,1.0,3.0,1,0.0,20.76,2.5,129.72,0.02,15.0,0.4,7.21,51.89,4,0,3,3.0,3.0,1.0,0.0,0.0,4.0,0.09,11.0,6.0,9.0,6.0,5,50.0,0,False
9.0,0,16.0,5.0,0.22,8.0,2.0,1,0.2,18.0,5,1.0,28.71,23.33,15633.33,0.22,134.0,0.04,868.52,670.0,13,0,5,23.0,23.0,1.0,4.0,8.0,15.0,0.12,42.0,60.0,74.0,18.0,14,17.86,0,False
3.0,0,4.0,2.0,1.0,2.0,2.0,1,0.5,6.0,1,0.0,9.51,4.0,152.16,0.01,12.0,0.25,8.45,38.04,0,0,0,0.0,0.0,0.5,1.0,2.0,6.0,2.0,1.0,4.0,8.0,3.0,6,0.0,1,False
1.0,2,0.0,1.0,0.25,0.0,0.0,1,1.0,3.0,1,0.0,21.05,6.13,789.68,0.04,33.0,0.16,43.87,128.93,2,0,0,4.0,4.0,1.0,0.0,0.0,4.0,0.14,7.0,14.0,19.0,8.0,7,0.0,1,False
9.0,2,16.0,5.0,0.25,8.0,2.0,4,0.8,17.0,1,0.0,20.51,12.8,3360.93,0.09,53.0,0.08,186.72,262.57,5,1,19,19.0,20.0,0.2,4.0,8.0,14.0,0.11,45.0,24.0,29.0,15.0,16,51.28,0,False
1.0,0,0.0,1.0,0.33,0.0,0.0,1,1.0,1.0,1,0.0,7.74,1.5,17.41,0.0,5.0,0.67,0.97,11.61,0,0,0,3.0,3.0,1.0,0.0,0.0,2.0,0.25,4.0,2.0,3.0,2.0,3,0.0,0,False
3.0,8,4.0,2.0,0.06,2.0,2.0,2,1.0,14.0,1,0.0,74.64,13.81,14241.04,0.34,180.0,0.07,791.17,1031.03,60,8,34,23.0,31.0,0.5,1.0,2.0,14.0,0.02,126.0,85.0,95.0,40.0,13,64.62,0,True
31.0,4,56.0,16.0,0.46,26.0,2.15,6,0.38,68.0,11,0.67,33.74,35.21,41834.57,0.4,198.0,0.03,2324.14,1188.0,7,7,12,28.0,35.0,0.69,15.0,28.0,54.0,0.29,55.0,85.0,113.0,35.0,29,40.43,0,False
3.0,1,4.0,2.0,0.5,2.0,2.0,2,1.0,6.0,1,0.0,12.17,8.4,858.37,0.03,25.0,0.12,47.69,102.19,0,0,0,4.0,4.0,0.5,1.0,2.0,6.0,0.4,5.0,7.0,18.0,5.0,12,0.0,1,False
9.0,4,16.0,5.0,0.38,8.0,2.0,2,0.4,21.0,1,0.0,39.26,6.75,1788.56,0.09,54.0,0.15,99.36,264.97,11,0,1,13.0,13.0,0.2,4.0,8.0,18.0,0.19,26.0,27.0,27.0,20.0,10,7.14,1,False
14.0,9,18.0,8.0,0.16,8.0,2.25,4,0.5,33.0,3,0.29,51.88,14.58,11021.37,0.25,127.0,0.07,612.3,756.18,18,2,19,48.0,50.0,0.38,5.0,9.0,27.0,0.09,88.0,53.0,74.0,40.0,22,30.43,0,False
11.0,4,12.0,6.0,0.29,4.0,3.0,4,0.67,20.0,5,0.8,28.9,10.82,3385.09,0.1,62.0,0.09,188.06,312.75,12,2,3,19.0,21.0,0.83,4.0,6.0,16.0,0.09,64.0,23.0,39.0,17.0,16,20.83,0,False
22.0,9,8.0,17.0,0.24,2.0,4.0,12,0.71,48.0,4,0.19,55.44,24.38,32939.44,0.45,215.0,0.04,1829.97,1351.36,24,3,2,68.0,71.0,0.24,3.0,4.0,33.0,0.17,98.0,78.0,137.0,48.0,30,6.85,0,False
5.0,1,8.0,3.0,0.6,4.0,2.0,2,0.67,11.0,1,0.0,4.54,15.0,1021.71,0.02,19.0,0.07,56.76,68.11,0,0,0,5.0,5.0,0.33,2.0,4.0,10.0,0.5,6.0,6.0,13.0,2.0,10,0.0,1,False
5.0,1,8.0,3.0,0.33,4.0,2.0,2,0.67,9.0,1,0.0,13.27,11.25,1679.37,0.05,33.0,0.09,93.3,149.28,3,0,0,9.0,9.0,0.33,2.0,4.0,8.0,0.23,13.0,12.0,21.0,8.0,15,0.0,1,False
11.0,0,14.0,6.0,0.2,4.0,3.5,1,0.17,16.0,4,0.6,36.79,15.58,8933.27,0.19,107.0,0.06,496.29,573.26,2,7,6,23.0,30.0,0.67,5.0,8.0,12.0,0.15,39.0,44.0,63.0,24.0,17,36.11,7,False
1.0,0,0.0,1.0,1.0,0.0,0.0,1,1.0,1.0,1,0.0,0.0,0.0,0.0,0.0,2.0,0.0,0.0,2.0,0,0,0,0.0,0.0,1.0,0.0,0.0,2.0,1.0,1.0,0.0,2.0,0.0,2,0.0,0,False
5.0,2,8.0,3.0,0.5,4.0,2.0,2,0.67,11.0,1,0.0,17.3,4.2,305.12,0.02,21.0,0.24,16.95,72.65,1,0,0,6.0,6.0,0.33,2.0,4.0,10.0,0.38,8.0,7.0,14.0,5.0,6,0.0,1,False
19.0,9,36.0,10.0,0.13,18.0,2.0,8,0.8,71.0,1,0.0,79.49,32.46,83754.62,0.86,407.0,0.03,4653.03,2580.32,16,1,15,74.0,75.0,0.1,9.0,18.0,63.0,0.09,107.0,198.0,209.0,61.0,20,17.78,2,False
5.0,0,8.0,3.0,0.23,4.0,2.0,1,0.33,12.0,1,0.0,16.82,11.11,2076.76,0.06,44.0,0.09,115.38,186.91,4,0,6,13.0,13.0,0.33,2.0,4.0,11.0,0.13,24.0,20.0,24.0,9.0,10,31.58,0,False
7.0,3,10.0,4.0,0.2,4.0,2.5,2,0.5,14.0,3,0.67,40.48,11.25,5123.16,0.15,85.0,0.09,284.62,455.39,28,4,14,16.0,20.0,0.75,3.0,5.0,12.0,0.05,78.0,39.0,46.0,26.0,15,52.94,0,True
11.0,12,20.0,6.0,0.1,10.0,2.0,4,0.67,34.0,1,0.0,182.36,5.4,5311.46,0.33,159.0,0.19,295.08,984.18,14,0,50,58.0,58.0,0.17,5.0,10.0,30.0,0.04,142.0,68.0,91.0,63.0,10,46.3,1,False
41.0,8,48.0,28.0,0.27,24.0,2.0,13,0.46,94.0,14,0.48,40.18,114.52,526977.11,1.53,676.0,0.01,29276.51,4601.77,1,4,1,99.0,103.0,0.5,12.0,24.0,68.0,0.26,106.0,284.0,392.0,62.0,50,4.81,3,False
5.0,2,6.0,3.0,0.3,2.0,3.0,2,0.67,10.0,3,1.0,14.12,10.89,1674.72,0.05,34.0,0.09,93.04,153.8,1,0,0,10.0,10.0,1.0,2.0,3.0,9.0,0.25,12.0,14.0,20.0,9.0,14,0.0,2,False
5.0,2,8.0,3.0,0.19,4.0,2.0,2,0.67,11.0,1,0.0,40.79,8.29,2800.36,0.11,67.0,0.12,155.58,337.97,5,2,0,14.0,16.0,0.33,2.0,4.0,10.0,0.14,22.0,29.0,38.0,21.0,12,12.5,2,False
12.0,9,12.0,7.0,0.22,6.0,2.0,6,0.86,30.0,1,0.0,42.74,11.03,5204.26,0.16,84.0,0.09,289.13,471.64,22,6,33,26.0,32.0,0.14,3.0,6.0,25.0,0.08,88.0,32.0,52.0,29.0,20,60.0,0,False
11.0,4,20.0,6.0,0.33,10.0,2.0,5,0.83,26.0,3,0.4,36.89,9.89,3605.18,0.12,70.0,0.1,200.29,364.66,2,1,0,17.0,18.0,0.5,5.0,10.0,22.0,0.29,21.0,29.0,41.0,22.0,15,5.56,2,False
1.0,0,0.0,1.0,0.5,0.0,0.0,1,1.0,1.0,1,0.0,0.0,0.0,0.0,0.0,1.0,0.0,0.0,0.0,0,0,5,2.0,2.0,1.0,0.0,0.0,2.0,0.13,8.0,0.0,1.0,0.0,1,71.43,0,False
7.0,3,10.0,4.0,0.2,4.0,2.5,2,0.5,14.0,3,0.67,40.48,11.25,5123.16,0.15,85.0,0.09,284.62,455.39,28,4,14,16.0,20.0,0.75,3.0,5.0,12.0,0.05,78.0,39.0,46.0,26.0,15,52.94,0,True
5.0,1,8.0,3.0,0.27,4.0,2.0,2,0.67,11.0,1,0.0,22.64,5.73,742.59,0.04,30.0,0.17,41.25,129.66,4,0,0,11.0,11.0,0.33,2.0,4.0,10.0,0.19,16.0,14.0,16.0,11.0,9,0.0,0,False
13.0,2,26.0,7.0,0.23,12.0,2.17,4,0.57,27.0,1,0.0,41.68,16.84,11818.06,0.23,125.0,0.06,656.56,701.84,7,3,6,28.0,31.0,0.14,7.0,13.0,22.0,0.16,45.0,58.0,67.0,31.0,18,24.32,4,True
6.0,3,0.0,5.0,0.19,0.0,0.0,4,0.8,14.0,1,0.0,35.57,19.77,13905.69,0.23,135.0,0.05,772.54,703.28,18,1,15,25.0,26.0,0.2,0.0,0.0,11.0,0.08,60.0,58.0,77.0,22.0,15,39.02,1,True
7.0,2,12.0,4.0,0.15,6.0,2.0,2,0.5,15.0,1,0.0,55.45,9.21,4707.63,0.17,96.0,0.11,261.52,510.91,11,0,7,27.0,27.0,0.25,3.0,6.0,13.0,0.09,46.0,43.0,53.0,28.0,12,20.59,1,False
13.0,5,24.0,7.0,0.26,12.0,2.0,5,0.71,31.0,1,0.0,53.3,10.61,6003.3,0.19,103.0,0.09,333.52,565.66,21,8,23,19.0,27.0,0.14,6.0,12.0,26.0,0.1,72.0,47.0,56.0,31.0,14,62.0,0,False
3.0,1,4.0,2.0,0.18,2.0,2.0,2,1.0,6.0,1,0.0,21.78,5.85,745.51,0.04,30.0,0.17,41.42,127.44,0,0,0,11.0,11.0,0.5,1.0,2.0,6.0,0.17,12.0,13.0,17.0,10.0,9,0.0,1,False
5.0,2,8.0,3.0,0.23,4.0,2.0,3,1.0,12.0,1,0.0,19.11,10.5,2107.08,0.07,45.0,0.1,117.06,200.67,1,0,1,13.0,13.0,0.33,2.0,4.0,11.0,0.19,16.0,21.0,24.0,11.0,11,7.14,1,False
3.0,2,4.0,2.0,0.14,2.0,2.0,2,1.0,9.0,1,0.0,25.22,9.21,2138.11,0.08,50.0,0.11,118.78,232.19,5,0,0,14.0,14.0,0.5,1.0,2.0,9.0,0.1,20.0,17.0,33.0,12.0,13,0.0,2,False
15.0,1,20.0,9.0,0.27,10.0,2.0,4,0.44,35.0,4,0.38,32.72,37.94,47122.94,0.41,207.0,0.03,2617.94,1242.0,1,5,1,28.0,33.0,0.44,5.0,10.0,28.0,0.25,36.0,86.0,121.0,34.0,30,17.65,3,False
1.0,3,0.0,1.0,0.17,0.0,0.0,1,1.0,4.0,1,0.0,24.61,3.33,273.48,0.03,21.0,0.3,15.19,82.04,0,0,0,6.0,6.0,1.0,0.0,0.0,5.0,0.14,7.0,10.0,11.0,9.0,6,0.0,1,False
7.0,5,12.0,4.0,0.09,6.0,2.0,2,0.5,25.0,1,0.0,77.69,36.83,105400.45,0.95,458.0,0.03,5855.58,2861.55,35,4,57,42.0,46.0,0.25,3.0,6.0,23.0,0.03,139.0,221.0,237.0,57.0,19,59.22,1,True
7.0,1,10.0,4.0,0.44,4.0,2.5,2,0.5,13.0,3,0.67,12.65,16.67,3515.14,0.07,46.0,0.06,195.29,210.91,1,0,0,9.0,9.0,0.75,3.0,5.0,11.0,0.36,11.0,20.0,26.0,9.0,15,0.0,1,False
3.0,0,4.0,2.0,0.5,2.0,2.0,1,0.5,6.0,1,0.0,11.42,7.33,614.25,0.03,22.0,0.14,34.13,83.76,3,0,0,4.0,4.0,0.5,1.0,2.0,6.0,0.25,8.0,11.0,11.0,6.0,8,0.0,2,False
3.0,0,4.0,2.0,0.33,2.0,2.0,1,0.5,6.0,1,0.0,21.28,15.27,4964.7,0.11,70.0,0.07,275.82,325.07,1,0,0,6.0,6.0,0.5,1.0,2.0,6.0,0.25,8.0,24.0,46.0,11.0,14,0.0,2,False
11.0,4,20.0,6.0,0.23,10.0,2.0,3,0.5,26.0,1,0.0,41.87,14.17,8403.03,0.2,110.0,0.07,466.83,593.15,14,3,0,23.0,26.0,0.17,5.0,10.0,22.0,0.15,41.0,51.0,59.0,27.0,15,11.54,1,False
3.0,2,4.0,2.0,0.25,2.0,2.0,2,1.0,7.0,1,0.0,18.53,9.0,1501.17,0.06,40.0,0.11,83.4,166.8,2,0,0,8.0,8.0,0.5,1.0,2.0,7.0,0.18,11.0,18.0,22.0,9.0,9,0.0,1,False
5.0,3,8.0,3.0,0.27,4.0,2.0,3,1.0,11.0,1,0.0,44.41,4.71,983.4,0.07,45.0,0.21,54.63,208.97,9,2,0,9.0,11.0,0.33,2.0,4.0,10.0,0.14,21.0,20.0,25.0,17.0,8,18.18,3,False
9.0,4,16.0,5.0,0.16,8.0,2.0,3,0.6,24.0,1,0.0,68.9,9.76,6567.21,0.22,118.0,0.1,364.84,672.65,24,7,25,24.0,31.0,0.2,4.0,8.0,21.0,0.06,81.0,53.0,65.0,38.0,14,57.14,0,False
9.0,4,16.0,5.0,0.1,8.0,2.0,3,0.6,21.0,1,0.0,55.62,43.56,105522.12,0.81,377.0,0.02,5862.34,2422.7,13,1,1,47.0,48.0,0.2,4.0,8.0,18.0,0.08,63.0,147.0,230.0,54.0,32,4.08,2,False
25.0,6,36.0,13.0,0.22,12.0,3.0,7,0.54,45.0,10,0.75,117.25,17.36,35353.17,0.68,316.0,0.06,1964.06,2035.97,36,12,6,47.0,59.0,0.77,12.0,26.0,34.0,0.13,102.0,143.0,173.0,70.0,17,27.69,1,True
5.0,1,4.0,3.0,0.17,2.0,2.0,2,0.67,9.0,3,1.0,26.3,10.45,2872.09,0.09,52.0,0.1,159.56,274.84,3,2,0,16.0,18.0,1.0,1.0,2.0,8.0,0.04,80.0,22.0,30.0,20.0,19,11.11,1,False
5.0,4,8.0,3.0,0.25,4.0,2.0,2,0.67,14.0,1,0.0,25.67,11.09,3155.71,0.09,58.0,0.09,175.32,284.6,0,1,0,11.0,12.0,0.33,2.0,4.0,13.0,0.23,13.0,29.0,29.0,17.0,13,8.33,0,False
9.0,3,14.0,5.0,0.24,6.0,2.33,4,0.8,18.0,3,0.5,16.41,15.0,3691.87,0.08,53.0,0.07,205.1,246.12,9,0,5,21.0,21.0,0.6,4.0,7.0,15.0,0.14,36.0,20.0,33.0,10.0,15,19.23,0,False
5.0,0,6.0,3.0,0.6,2.0,3.0,1,0.33,7.0,3,1.0,13.11,4.8,301.96,0.02,17.0,0.21,16.78,62.91,0,0,0,5.0,5.0,1.0,2.0,3.0,6.0,0.5,6.0,6.0,11.0,5.0,8,0.0,1,False
3.0,3,4.0,2.0,0.2,2.0,2.0,2,1.0,7.0,1,0.0,20.81,7.5,1170.6,0.05,35.0,0.13,65.03,156.08,4,1,1,9.0,10.0,0.5,1.0,2.0,7.0,0.13,16.0,15.0,20.0,11.0,11,18.18,1,False
12.0,6,16.0,7.0,0.2,8.0,2.0,6,0.86,27.0,1,0.0,48.73,13.64,9060.53,0.22,116.0,0.07,503.36,664.44,16,6,13,29.0,35.0,0.14,4.0,8.0,22.0,0.11,65.0,45.0,71.0,33.0,20,39.58,0,False
13.0,0,24.0,7.0,0.21,12.0,2.0,1,0.14,30.0,1,0.0,48.23,21.0,21270.06,0.34,176.0,0.05,1181.67,1012.86,9,1,0,33.0,34.0,0.14,6.0,12.0,25.0,0.16,44.0,84.0,92.0,36.0,18,2.94,0,False
13.0,9,24.0,7.0,0.32,12.0,2.0,7,1.0,32.0,4,0.5,34.83,15.79,8682.88,0.18,111.0,0.06,482.38,549.92,3,0,2,22.0,22.0,0.57,6.0,12.0,27.0,0.25,28.0,50.0,61.0,19.0,12,8.33,1,False
1.0,2,0.0,1.0,0.17,0.0,0.0,1,1.0,4.0,1,0.0,16.75,5.0,418.81,0.03,22.0,0.2,23.27,83.76,12,0,12,6.0,6.0,1.0,0.0,0.0,5.0,0.03,31.0,10.0,12.0,7.0,7,66.67,0,False
33.0,0,64.0,17.0,0.25,32.0,2.0,1,0.06,81.0,1,0.0,396.21,14.03,77960.6,1.85,783.0,0.07,4331.14,5557.76,17,15,0,53.0,68.0,0.06,16.0,32.0,66.0,0.2,86.0,399.0,384.0,128.0,9,22.06,1,False
11.0,7,20.0,6.0,0.18,10.0,2.0,4,0.67,26.0,1,0.0,51.05,19.74,19886.3,0.34,172.0,0.05,1104.79,1007.57,19,0,14,34.0,34.0,0.17,5.0,10.0,22.0,0.09,68.0,75.0,97.0,38.0,20,29.17,1,True
7.0,2,12.0,4.0,0.17,6.0,2.0,2,0.5,20.0,1,0.0,33.31,17.0,9625.29,0.19,105.0,0.06,534.74,566.19,4,4,1,19.0,23.0,0.25,3.0,6.0,18.0,0.14,29.0,50.0,55.0,25.0,17,20.83,1,False
7.0,0,12.0,4.0,0.4,6.0,2.0,1,0.25,16.0,1,0.0,8.55,23.4,4683.66,0.07,48.0,0.04,260.2,200.16,1,0,0,10.0,10.0,0.25,3.0,6.0,14.0,0.33,12.0,18.0,30.0,5.0,13,0.0,3,False
5.0,2,6.0,3.0,0.43,2.0,3.0,3,1.0,8.0,3,1.0,19.38,5.06,496.63,0.03,24.0,0.2,27.59,98.1,1,0,1,7.0,7.0,1.0,2.0,3.0,7.0,0.3,10.0,9.0,15.0,8.0,9,12.5,0,False
1.0,0,0.0,1.0,0.33,0.0,0.0,1,1.0,1.0,1,0.0,9.83,2.0,39.3,0.01,7.0,0.5,2.18,19.65,0,0,0,3.0,3.0,1.0,0.0,0.0,2.0,0.25,4.0,3.0,4.0,3.0,4,0.0,1,False
9.0,1,16.0,5.0,0.45,8.0,2.0,3,0.6,18.0,1,0.0,16.12,14.3,3299.03,0.08,51.0,0.07,183.28,230.7,1,0,0,11.0,11.0,0.2,4.0,8.0,15.0,0.38,13.0,22.0,29.0,10.0,13,0.0,2,False
3.0,1,4.0,2.0,0.2,2.0,2.0,2,1.0,7.0,1,0.0,16.01,13.0,2705.09,0.07,46.0,0.08,150.28,208.08,6,1,0,9.0,10.0,0.5,1.0,2.0,7.0,0.12,17.0,20.0,26.0,10.0,13,10.0,4,False
3.0,0,4.0,2.0,1.0,2.0,2.0,1,0.5,6.0,1,0.0,9.51,4.0,152.16,0.01,12.0,0.25,8.45,38.04,0,0,0,0.0,0.0,0.5,1.0,2.0,6.0,2.0,1.0,4.0,8.0,3.0,6,0.0,1,False
1.0,8,0.0,1.0,0.07,0.0,0.0,1,1.0,11.0,1,0.0,54.8,5.0,1370.1,0.09,57.0,0.2,76.12,274.02,18,0,19,14.0,14.0,1.0,0.0,0.0,12.0,0.02,52.0,25.0,32.0,20.0,8,57.58,0,False
1.0,0,0.0,1.0,0.25,0.0,0.0,1,1.0,1.0,1,0.0,17.17,2.4,98.9,0.01,13.0,0.42,5.49,41.21,0,0,0,4.0,4.0,1.0,0.0,0.0,2.0,0.2,5.0,6.0,7.0,5.0,4,0.0,0,False
9.0,1,16.0,5.0,0.28,8.0,2.0,1,0.2,22.0,1,0.0,11.47,28.0,8990.21,0.11,72.0,0.04,499.46,321.08,1,0,0,18.0,18.0,0.2,4.0,8.0,19.0,0.25,20.0,32.0,40.0,8.0,14,0.0,1,False
1.0,1,0.0,1.0,0.08,0.0,0.0,1,1.0,4.0,1,0.0,67.02,7.76,4036.66,0.17,106.0,0.13,224.26,520.13,7,0,3,12.0,12.0,1.0,0.0,0.0,5.0,0.04,23.0,51.0,55.0,23.0,7,20.0,1,False
33.0,8,58.0,17.0,0.44,26.0,2.23,10,0.59,63.0,8,0.44,47.02,30.81,44643.75,0.48,238.0,0.03,2480.21,1448.82,4,0,0,39.0,39.0,0.47,16.0,29.0,48.0,0.39,44.0,106.0,132.0,43.0,25,0.0,3,False
11.0,9,18.0,6.0,0.32,8.0,2.25,5,0.83,24.0,1,0.0,55.47,8.07,3611.37,0.15,83.0,0.12,200.63,447.56,20,4,17,15.0,19.0,0.17,5.0,9.0,20.0,0.11,57.0,36.0,47.0,29.0,13,58.33,1,True
27.0,3,40.0,14.0,0.42,14.0,2.86,5,0.36,40.0,6,0.38,39.94,25.45,25867.91,0.34,183.0,0.04,1437.11,1016.49,19,3,17,30.0,33.0,0.43,13.0,20.0,28.0,0.2,70.0,82.0,101.0,29.0,18,40.0,1,False
3.0,1,4.0,2.0,0.4,2.0,2.0,1,0.5,6.0,1,0.0,18.39,4.89,439.63,0.03,22.0,0.2,24.42,89.92,0,0,0,5.0,5.0,0.5,1.0,2.0,6.0,0.33,6.0,11.0,11.0,9.0,8,0.0,1,False
5.0,2,8.0,3.0,0.3,4.0,2.0,2,0.67,11.0,1,0.0,11.82,19.0,4268.6,0.07,49.0,0.05,237.14,224.66,2,0,0,10.0,10.0,0.33,2.0,4.0,10.0,0.23,13.0,19.0,30.0,8.0,16,0.0,1,False
15.0,5,28.0,8.0,0.21,14.0,2.0,8,1.0,42.0,1,0.0,39.25,24.9,24336.47,0.33,175.0,0.04,1352.03,977.37,5,0,3,39.0,39.0,0.13,7.0,14.0,36.0,0.17,48.0,83.0,92.0,30.0,18,7.14,3,False
9.0,8,14.0,5.0,0.12,6.0,2.33,4,0.8,23.0,3,0.5,82.63,16.32,22024.66,0.45,224.0,0.06,1223.59,1349.01,20,6,10,35.0,41.0,0.6,4.0,7.0,20.0,0.07,72.0,100.0,124.0,49.0,16,31.37,1,False
13.0,0,18.0,7.0,1.0,6.0,3.0,1,0.14,19.0,7,1.0,23.57,7.11,1191.72,0.06,41.0,0.14,66.21,167.59,0,0,0,7.0,7.0,1.0,6.0,9.0,14.0,0.88,8.0,16.0,25.0,9.0,8,0.0,1,False
7.0,2,12.0,4.0,0.25,6.0,2.0,2,0.5,16.0,1,0.0,14.38,17.85,4583.24,0.09,54.0,0.06,254.62,256.76,1,0,0,16.0,16.0,0.25,3.0,6.0,14.0,0.22,18.0,21.0,33.0,10.0,17,0.0,1,False
23.0,2,38.0,12.0,0.18,16.0,2.38,3,0.25,41.0,11,0.91,80.39,13.95,15650.31,0.37,183.0,0.07,869.46,1121.66,11,1,20,64.0,65.0,0.92,11.0,19.0,31.0,0.12,97.0,87.0,96.0,53.0,17,24.71,2,True
27.0,2,52.0,14.0,0.58,26.0,2.0,3,0.21,76.0,1,0.0,99.64,24.6,60297.15,0.82,407.0,0.04,3349.84,2451.1,7,2,1,22.0,24.0,0.07,13.0,26.0,64.0,0.42,33.0,164.0,243.0,50.0,15,12.0,1,True
7.0,2,14.0,4.0,0.33,6.0,2.33,3,0.75,14.0,1,0.0,23.9,19.68,9260.7,0.16,91.0,0.05,514.48,470.46,10,1,3,11.0,12.0,0.25,4.0,7.0,12.0,0.15,26.0,44.0,47.0,19.0,17,26.67,0,True
7.0,3,10.0,4.0,0.2,4.0,2.5,3,0.75,15.0,3,0.67,25.11,14.0,4921.77,0.12,68.0,0.07,273.43,351.55,2,2,0,18.0,20.0,0.75,3.0,5.0,13.0,0.17,23.0,28.0,40.0,18.0,18,10.0,0,False
9.0,1,12.0,5.0,0.5,6.0,2.0,5,1.0,14.0,5,1.0,13.06,16.0,3343.58,0.07,45.0,0.06,185.75,208.97,1,0,2,10.0,10.0,1.0,3.0,6.0,11.0,0.36,14.0,18.0,27.0,9.0,16,16.67,1,False
45.0,11,86.0,23.0,0.32,42.0,2.05,19,0.83,108.0,19,0.82,63.43,34.98,77622.82,0.74,350.0,0.03,4312.38,2218.95,6,2,0,69.0,71.0,0.83,22.0,43.0,87.0,0.29,78.0,148.0,202.0,55.0,26,2.82,2,False
1.0,1,0.0,1.0,0.5,0.0,0.0,1,1.0,2.0,1,0.0,7.92,4.0,126.8,0.01,10.0,0.25,7.04,31.7,2,0,0,2.0,2.0,1.0,0.0,0.0,3.0,0.2,5.0,4.0,6.0,3.0,6,0.0,1,False
11.0,3,20.0,6.0,0.27,10.0,2.0,4,0.67,26.0,1,0.0,33.56,12.02,4852.71,0.13,80.0,0.08,269.59,403.55,0,0,0,22.0,22.0,0.17,5.0,10.0,22.0,0.26,23.0,37.0,43.0,20.0,13,0.0,0,False
7.0,1,12.0,4.0,0.4,6.0,2.0,1,0.25,17.0,1,0.0,11.6,38.5,17191.86,0.15,95.0,0.03,955.1,446.54,4,0,0,10.0,10.0,0.25,3.0,6.0,15.0,0.27,15.0,66.0,29.0,12.0,14,0.0,3,False
89.0,5,176.0,45.0,0.61,88.0,2.0,3,0.07,266.0,1,0.0,318.29,36.8,430930.48,3.9,1588.0,0.03,23940.58,11711.56,21,6,1,68.0,74.0,0.02,44.0,88.0,223.0,0.46,97.0,645.0,943.0,149.0,17,9.33,1,True
1.0,0,0.0,1.0,0.13,0.0,0.0,1,1.0,1.0,1,0.0,16.52,12.09,2414.38,0.07,43.0,0.08,134.13,199.69,2,1,0,7.0,8.0,1.0,0.0,0.0,2.0,0.09,11.0,19.0,24.0,11.0,14,12.5,0,False
3.0,2,4.0,2.0,0.08,2.0,2.0,2,1.0,13.0,1,0.0,30.78,18.0,9971.33,0.18,108.0,0.06,553.96,553.96,3,0,0,24.0,24.0,0.5,1.0,2.0,13.0,0.07,28.0,48.0,60.0,20.0,15,0.0,3,False
5.0,1,8.0,3.0,0.21,4.0,2.0,1,0.33,10.0,1,0.0,20.84,11.0,2521.73,0.08,50.0,0.09,140.1,229.25,6,0,0,14.0,14.0,0.33,2.0,4.0,9.0,0.14,21.0,22.0,28.0,12.0,12,0.0,2,False
1.0,1,0.0,1.0,0.5,0.0,0.0,1,1.0,2.0,1,0.0,10.57,3.0,95.1,0.01,10.0,0.33,5.28,31.7,2,0,0,2.0,2.0,1.0,0.0,0.0,3.0,0.2,5.0,3.0,7.0,3.0,6,0.0,0,False
15.0,8,18.0,8.0,0.19,6.0,3.0,3,0.38,44.0,5,0.57,60.44,19.68,23416.59,0.4,191.0,0.05,1300.92,1189.7,57,0,8,42.0,42.0,0.63,6.0,9.0,38.0,0.04,211.0,89.0,102.0,52.0,23,16.0,1,False
11.0,6,18.0,6.0,0.29,8.0,2.25,5,0.83,23.0,4,0.6,28.27,12.8,4632.25,0.12,70.0,0.08,257.35,361.89,0,2,0,19.0,21.0,0.67,5.0,9.0,19.0,0.27,22.0,32.0,38.0,20.0,16,9.52,1,False
5.0,1,8.0,3.0,0.38,4.0,2.0,2,0.67,9.0,1,0.0,12.89,11.0,1559.55,0.05,34.0,0.09,86.64,141.78,8,2,3,6.0,8.0,0.33,2.0,4.0,8.0,0.15,20.0,14.0,20.0,7.0,11,45.45,0,False
32.0,8,48.0,19.0,0.24,24.0,2.0,8,0.42,74.0,5,0.22,43.01,71.26,218421.83,1.02,471.0,0.01,12134.55,3065.17,19,3,12,75.0,78.0,0.26,12.0,24.0,57.0,0.17,110.0,208.0,263.0,54.0,37,16.67,1,False
5.0,1,8.0,3.0,0.6,4.0,2.0,3,1.0,9.0,1,0.0,24.09,5.6,755.36,0.04,33.0,0.18,41.96,134.89,3,0,0,5.0,5.0,0.33,2.0,4.0,8.0,0.33,9.0,16.0,17.0,10.0,7,0.0,0,False
7.0,2,10.0,4.0,0.24,4.0,2.5,3,0.75,13.0,3,0.67,29.9,16.61,8254.12,0.17,94.0,0.06,458.56,496.83,9,0,3,17.0,17.0,0.75,3.0,5.0,11.0,0.13,30.0,43.0,51.0,22.0,17,15.0,0,False
1.0,2,0.0,1.0,0.2,0.0,0.0,1,1.0,3.0,1,0.0,16.65,4.67,362.64,0.03,21.0,0.21,20.15,77.71,1,0,0,5.0,5.0,1.0,0.0,0.0,4.0,0.14,7.0,8.0,13.0,6.0,7,0.0,1,False
43.0,0,84.0,22.0,0.81,42.0,2.0,1,0.05,85.0,1,0.0,112.1,18.1,36742.62,0.68,345.0,0.06,2041.26,2029.51,2,25,0,2.0,27.0,0.05,21.0,42.0,65.0,0.73,30.0,158.0,187.0,48.0,11,92.59,1,False
3.0,3,4.0,2.0,0.2,2.0,2.0,2,1.0,9.0,1,0.0,28.55,8.0,1827.2,0.08,52.0,0.13,101.51,228.4,6,0,0,10.0,10.0,0.5,1.0,2.0,9.0,0.12,17.0,26.0,26.0,13.0,8,0.0,1,False
5.0,5,8.0,3.0,0.13,4.0,2.0,3,1.0,12.0,3,1.0,35.61,11.67,4847.17,0.14,81.0,0.09,269.29,415.47,3,1,1,22.0,23.0,1.0,2.0,4.0,11.0,0.11,28.0,35.0,46.0,21.0,14,8.33,4,False
3.0,0,4.0,2.0,0.5,2.0,2.0,1,0.5,6.0,1,0.0,12.44,7.71,740.57,0.03,24.0,0.13,41.14,96.0,3,0,0,4.0,4.0,0.5,1.0,2.0,6.0,0.25,8.0,12.0,12.0,7.0,9,0.0,3,False
13.0,2,22.0,7.0,0.23,10.0,2.2,3,0.43,29.0,3,0.33,46.55,19.92,18476.3,0.31,157.0,0.05,1026.46,927.38,24,6,7,24.0,30.0,0.43,6.0,11.0,24.0,0.11,62.0,74.0,83.0,39.0,21,35.14,1,False
3.0,0,4.0,2.0,0.33,2.0,2.0,1,0.5,6.0,1,0.0,5.18,15.0,1165.64,0.03,21.0,0.07,64.76,77.71,0,0,1,6.0,6.0,0.5,1.0,2.0,6.0,0.25,8.0,9.0,12.0,3.0,10,14.29,1,False
15.0,2,22.0,8.0,0.31,8.0,2.75,3,0.38,24.0,5,0.57,29.28,26.67,20818.63,0.26,143.0,0.04,1156.59,780.7,15,2,12,24.0,26.0,0.63,7.0,11.0,18.0,0.15,54.0,64.0,79.0,24.0,20,36.84,1,False
9.0,3,16.0,5.0,0.21,8.0,2.0,4,0.8,19.0,4,0.75,33.28,15.94,8459.67,0.18,95.0,0.06,469.98,530.57,15,5,37,19.0,24.0,0.8,4.0,8.0,16.0,0.06,77.0,41.0,54.0,27.0,21,68.85,3,True
3.0,2,4.0,2.0,0.25,2.0,2.0,2,1.0,7.0,1,0.0,24.81,8.5,1792.72,0.07,46.0,0.12,99.6,210.91,9,1,7,7.0,8.0,0.5,1.0,2.0,7.0,0.08,25.0,17.0,29.0,12.0,12,53.33,1,False
5.0,0,6.0,3.0,0.27,2.0,3.0,1,0.33,8.0,3,1.0,14.12,10.89,1674.72,0.05,34.0,0.09,93.04,153.8,1,0,0,11.0,11.0,1.0,2.0,3.0,7.0,0.23,13.0,14.0,20.0,9.0,14,0.0,2,False
3.0,1,4.0,2.0,0.18,2.0,2.0,1,0.5,7.0,1,0.0,28.56,10.66,3242.83,0.1,64.0,0.09,180.16,304.31,6,0,0,11.0,11.0,0.5,1.0,2.0,7.0,0.11,18.0,31.0,33.0,16.0,11,0.0,0,False
5.0,2,8.0,3.0,0.1,4.0,2.0,2,0.67,18.0,1,0.0,25.67,18.53,8812.64,0.16,96.0,0.05,489.59,475.6,11,4,22,25.0,29.0,0.33,2.0,4.0,17.0,0.05,63.0,45.0,51.0,17.0,14,50.98,0,False
1.0,0,0.0,1.0,0.07,0.0,0.0,1,1.0,1.0,1,0.0,26.75,10.8,3119.68,0.1,68.0,0.09,173.32,288.86,5,0,0,15.0,15.0,1.0,0.0,0.0,2.0,0.05,21.0,24.0,44.0,10.0,9,0.0,3,False
5.0,5,6.0,3.0,0.14,2.0,3.0,3,1.0,16.0,3,1.0,36.99,12.3,5596.5,0.15,91.0,0.08,310.92,455.0,4,0,0,22.0,22.0,1.0,2.0,3.0,15.0,0.11,27.0,41.0,50.0,20.0,12,0.0,1,False
15.0,3,28.0,8.0,0.18,14.0,2.0,3,0.38,32.0,1,0.0,56.27,20.0,22506.86,0.38,189.0,0.05,1250.38,1125.34,20,8,11,37.0,45.0,0.13,7.0,14.0,26.0,0.1,77.0,84.0,105.0,42.0,20,33.93,0,False
1.0,0,0.0,1.0,0.5,0.0,0.0,1,1.0,1.0,1,0.0,0.0,0.0,0.0,0.0,1.0,0.0,0.0,0.0,0,0,0,2.0,2.0,1.0,0.0,0.0,2.0,0.33,3.0,0.0,1.0,0.0,1,0.0,3,False
7.0,1,12.0,4.0,0.22,6.0,2.0,1,0.25,16.0,1,0.0,48.72,35.88,62721.59,0.58,313.0,0.03,3484.53,1748.09,2,1,0,17.0,18.0,0.25,3.0,6.0,14.0,0.19,21.0,78.0,235.0,25.0,23,5.56,2,False
8.0,0,0.0,7.0,0.39,0.0,0.0,1,0.14,15.0,1,0.0,18.16,18.0,5884.2,0.11,68.0,0.06,326.9,326.9,4,6,0,12.0,18.0,0.14,0.0,0.0,10.0,0.3,23.0,20.0,48.0,10.0,18,33.33,3,False
13.0,1,20.0,7.0,0.24,8.0,2.5,3,0.43,22.0,6,0.83,36.88,23.03,19562.81,0.28,149.0,0.04,1086.82,849.37,16,6,11,23.0,29.0,0.86,6.0,10.0,17.0,0.12,57.0,68.0,81.0,31.0,21,42.5,0,False
1.0,0,0.0,1.0,0.33,0.0,0.0,1,1.0,1.0,1,0.0,8.0,3.0,72.0,0.01,8.0,0.33,4.0,24.0,0,0,1,3.0,3.0,1.0,0.0,0.0,2.0,0.2,5.0,2.0,6.0,2.0,6,25.0,1,False
5.0,4,8.0,3.0,0.25,4.0,2.0,2,0.67,13.0,1,0.0,14.42,12.38,2207.86,0.06,42.0,0.08,122.66,178.41,1,0,0,12.0,12.0,0.33,2.0,4.0,12.0,0.21,14.0,18.0,24.0,8.0,11,0.0,2,False
5.0,0,6.0,3.0,0.6,2.0,3.0,1,0.33,7.0,3,1.0,13.11,4.8,301.96,0.02,17.0,0.21,16.78,62.91,0,0,0,5.0,5.0,1.0,2.0,3.0,6.0,0.5,6.0,6.0,11.0,5.0,8,0.0,1,False
3.0,1,4.0,2.0,0.4,2.0,2.0,1,0.5,6.0,1,0.0,10.75,6.0,387.18,0.02,18.0,0.17,21.51,64.53,1,0,0,5.0,5.0,0.5,1.0,2.0,6.0,0.29,7.0,6.0,12.0,4.0,8,0.0,1,False
45.0,5,68.0,26.0,0.31,32.0,2.13,19,0.73,104.0,23,0.88,52.16,53.78,150849.96,0.93,425.0,0.02,8380.54,2804.96,3,8,1,75.0,83.0,0.88,18.0,34.0,80.0,0.27,96.0,167.0,258.0,59.0,38,10.71,4,False
13.0,3,24.0,7.0,0.37,12.0,2.0,4,0.57,30.0,7,1.0,36.63,17.5,11218.74,0.21,124.0,0.06,623.26,641.07,2,0,0,19.0,19.0,1.0,6.0,12.0,25.0,0.32,22.0,55.0,69.0,22.0,14,0.0,5,False
1.0,0,0.0,1.0,0.2,0.0,0.0,1,1.0,1.0,1,0.0,24.53,4.38,469.49,0.04,29.0,0.23,26.08,107.31,3,0,3,5.0,5.0,1.0,0.0,0.0,2.0,0.08,12.0,14.0,15.0,8.0,5,37.5,1,False
3.0,2,4.0,2.0,0.12,2.0,2.0,2,1.0,8.0,1,0.0,31.55,14.0,6184.08,0.15,83.0,0.07,343.56,441.72,1,1,0,16.0,17.0,0.5,1.0,2.0,8.0,0.11,19.0,42.0,41.0,24.0,16,5.88,2,False
1.0,0,0.0,1.0,0.14,0.0,0.0,1,1.0,1.0,1,0.0,37.41,7.15,1914.51,0.09,63.0,0.14,106.36,267.62,2,0,0,7.0,7.0,1.0,0.0,0.0,2.0,0.1,10.0,31.0,32.0,13.0,6,0.0,1,False
1.0,1,0.0,1.0,0.17,0.0,0.0,1,1.0,2.0,1,0.0,8.22,9.0,666.08,0.02,20.0,0.11,37.0,74.01,0,0,0,6.0,6.0,1.0,0.0,0.0,3.0,0.14,7.0,8.0,12.0,4.0,9,0.0,1,False
3.0,1,4.0,2.0,0.33,2.0,2.0,1,0.5,6.0,1,0.0,22.74,6.67,1010.8,0.05,34.0,0.15,56.16,151.62,7,0,8,6.0,6.0,0.5,1.0,2.0,6.0,0.09,22.0,16.0,18.0,12.0,10,57.14,0,False
24.0,3,28.0,16.0,0.22,14.0,2.0,5,0.31,49.0,1,0.0,36.82,82.8,252471.13,1.02,488.0,0.01,14026.17,3048.99,4,10,1,64.0,74.0,0.06,7.0,14.0,35.0,0.2,80.0,194.0,294.0,41.0,35,14.67,1,False
1.0,1,0.0,1.0,0.2,0.0,0.0,1,1.0,2.0,1,0.0,18.67,7.07,933.43,0.04,33.0,0.14,51.86,132.0,0,0,0,5.0,5.0,1.0,0.0,0.0,3.0,0.17,6.0,11.0,22.0,7.0,9,0.0,2,False
1.0,1,0.0,1.0,0.17,0.0,0.0,1,1.0,2.0,1,0.0,14.8,3.5,181.32,0.02,14.0,0.29,10.07,51.81,0,0,0,6.0,6.0,1.0,0.0,0.0,3.0,0.14,7.0,6.0,8.0,6.0,7,0.0,0,False
1.0,0,0.0,1.0,1.0,0.0,0.0,1,1.0,1.0,1,0.0,0.0,0.0,0.0,0.0,2.0,0.0,0.0,2.0,0,0,0,0.0,0.0,1.0,0.0,0.0,2.0,1.0,1.0,0.0,2.0,0.0,2,0.0,0,False
1.0,1,0.0,1.0,0.13,0.0,0.0,1,1.0,6.0,1,0.0,48.53,4.46,967.16,0.07,51.0,0.22,53.73,216.64,0,0,0,8.0,8.0,1.0,0.0,0.0,7.0,0.11,9.0,25.0,26.0,14.0,5,0.0,1,False
1.0,1,0.0,1.0,0.33,0.0,0.0,1,1.0,2.0,1,0.0,7.75,2.0,31.02,0.01,6.0,0.5,1.72,15.51,2,0,1,3.0,3.0,1.0,0.0,0.0,3.0,0.14,7.0,2.0,4.0,2.0,4,25.0,0,False
5.0,2,4.0,3.0,0.14,2.0,2.0,3,1.0,10.0,1,0.0,23.37,9.15,1958.65,0.07,45.0,0.11,108.81,213.97,3,4,4,18.0,22.0,0.33,1.0,2.0,9.0,0.1,30.0,17.0,28.0,13.0,14,30.77,0,False
17.0,2,20.0,10.0,0.26,8.0,2.5,3,0.3,31.0,3,0.22,31.44,19.3,11716.29,0.2,107.0,0.05,650.91,606.95,20,3,12,36.0,39.0,0.3,6.0,10.0,23.0,0.14,72.0,47.0,60.0,28.0,23,29.41,5,False
55.0,12,68.0,34.0,0.38,34.0,2.0,15,0.44,121.0,17,0.48,69.02,44.68,137758.8,1.03,448.0,0.02,7653.27,3083.42,12,2,0,87.0,89.0,0.5,17.0,34.0,89.0,0.33,102.0,181.0,267.0,79.0,39,2.25,2,False
7.0,3,12.0,4.0,0.14,6.0,2.0,2,0.5,20.0,1,0.0,49.99,17.26,14890.23,0.29,160.0,0.06,827.24,862.77,11,1,2,27.0,28.0,0.25,3.0,6.0,18.0,0.1,42.0,77.0,83.0,29.0,13,10.0,1,False
15.0,11,26.0,8.0,0.15,12.0,2.17,7,0.88,41.0,4,0.43,61.71,22.17,30324.0,0.46,228.0,0.05,1684.67,1368.0,35,2,18,52.0,54.0,0.5,7.0,13.0,35.0,0.07,108.0,105.0,123.0,45.0,19,27.78,3,False
1.0,1,0.0,1.0,0.13,0.0,0.0,1,1.0,2.0,1,0.0,14.36,5.71,468.83,0.03,21.0,0.18,26.05,82.04,1,0,0,8.0,8.0,1.0,0.0,0.0,3.0,0.1,10.0,10.0,11.0,7.0,8,0.0,1,False
1.0,2,0.0,1.0,0.09,0.0,0.0,1,1.0,3.0,1,0.0,36.34,8.56,2660.01,0.1,64.0,0.12,147.78,310.91,4,0,0,11.0,11.0,1.0,0.0,0.0,4.0,0.06,16.0,28.0,36.0,18.0,11,0.0,0,False
7.0,0,12.0,4.0,0.2,6.0,2.0,1,0.25,13.0,3,0.67,19.14,14.0,3750.95,0.09,57.0,0.07,208.39,267.93,7,1,3,19.0,20.0,0.75,3.0,6.0,11.0,0.13,31.0,24.0,33.0,12.0,14,17.39,2,False
21.0,6,36.0,11.0,0.22,16.0,2.25,9,0.82,42.0,7,0.6,76.18,14.65,16348.21,0.37,186.0,0.07,908.23,1116.0,29,11,5,38.0,49.0,0.64,10.0,18.0,33.0,0.13,84.0,81.0,105.0,47.0,17,29.63,1,True
5.0,4,8.0,3.0,0.2,4.0,2.0,3,1.0,12.0,1,0.0,43.72,7.5,2459.14,0.11,65.0,0.13,136.62,327.89,6,1,7,14.0,15.0,0.33,2.0,4.0,11.0,0.1,29.0,30.0,35.0,22.0,11,36.36,0,False
3.0,1,0.0,2.0,0.67,0.0,0.0,2,1.0,7.0,1,0.0,5.8,2.0,23.22,0.0,5.0,0.5,1.29,11.61,1,0,0,3.0,3.0,0.5,0.0,0.0,7.0,0.4,5.0,1.0,4.0,1.0,4,0.0,0,False
1.0,1,0.0,1.0,0.33,0.0,0.0,1,1.0,2.0,1,0.0,9.83,2.0,39.3,0.01,7.0,0.5,2.18,19.65,1,0,0,3.0,3.0,1.0,0.0,0.0,3.0,0.2,5.0,3.0,4.0,3.0,4,0.0,0,False
7.0,2,12.0,4.0,0.36,6.0,2.0,3,0.75,17.0,4,1.0,16.45,14.3,3363.72,0.08,52.0,0.07,186.87,235.23,1,0,0,11.0,11.0,1.0,3.0,6.0,15.0,0.31,13.0,22.0,30.0,10.0,13,0.0,1,False
1.0,0,0.0,1.0,0.5,0.0,0.0,1,1.0,1.0,1,0.0,12.18,3.0,109.62,0.01,11.0,0.33,6.09,36.54,2,0,0,2.0,2.0,1.0,0.0,0.0,2.0,0.2,5.0,4.0,7.0,4.0,6,0.0,0,False
1.0,5,0.0,1.0,0.14,0.0,0.0,1,1.0,6.0,1,0.0,42.64,2.5,266.51,0.04,28.0,0.4,14.81,106.61,2,0,0,7.0,7.0,1.0,0.0,0.0,7.0,0.1,10.0,9.0,19.0,9.0,5,0.0,0,False
9.0,4,16.0,5.0,0.15,8.0,2.0,4,0.8,21.0,1,0.0,37.18,17.68,11620.19,0.22,119.0,0.06,645.57,657.3,4,1,0,33.0,34.0,0.2,4.0,8.0,18.0,0.13,39.0,55.0,64.0,28.0,18,2.94,2,False
4.0,3,0.0,3.0,0.14,0.0,0.0,3,1.0,9.0,1,0.0,32.45,9.95,3211.42,0.11,64.0,0.1,178.41,322.84,3,0,1,21.0,21.0,0.33,0.0,0.0,8.0,0.12,26.0,27.0,37.0,19.0,14,4.55,1,False
25.0,0,44.0,13.0,0.21,20.0,2.2,1,0.08,48.0,13,1.0,59.11,30.37,54510.88,0.6,290.0,0.03,3028.38,1795.05,5,0,6,63.0,63.0,1.0,12.0,22.0,37.0,0.17,75.0,124.0,166.0,49.0,24,8.7,0,False
1.0,0,0.0,1.0,1.0,0.0,0.0,1,1.0,1.0,1,0.0,0.0,0.0,0.0,0.0,2.0,0.0,0.0,2.0,0,0,0,0.0,0.0,1.0,0.0,0.0,2.0,1.0,1.0,0.0,2.0,0.0,2,0.0,0,False
5.0,0,8.0,3.0,0.33,4.0,2.0,1,0.33,10.0,1,0.0,18.27,7.33,982.52,0.04,31.0,0.14,54.58,133.98,4,0,1,9.0,9.0,0.33,2.0,4.0,9.0,0.2,15.0,12.0,19.0,9.0,11,10.0,2,False
33.0,1,52.0,17.0,0.31,20.0,2.6,11,0.65,49.0,17,1.0,56.67,17.49,17327.12,0.33,173.0,0.06,962.62,990.93,40,5,23,49.0,54.0,1.0,16.0,26.0,34.0,0.14,118.0,68.0,105.0,35.0,18,36.36,2,False
1.0,3,0.0,1.0,0.14,0.0,0.0,1,1.0,4.0,1,0.0,38.4,2.5,240.0,0.03,24.0,0.4,13.33,96.0,8,0,16,7.0,7.0,1.0,0.0,0.0,5.0,0.03,32.0,11.0,13.0,11.0,5,69.57,3,False
1.0,0,0.0,1.0,0.25,0.0,0.0,1,1.0,1.0,1,0.0,17.59,11.57,2355.07,0.07,55.0,0.09,130.84,203.52,2,0,0,4.0,4.0,1.0,0.0,0.0,2.0,0.14,7.0,27.0,28.0,7.0,6,0.0,3,False
19.0,0,34.0,10.0,0.14,16.0,2.13,1,0.1,39.0,5,0.44,35.09,30.33,32286.36,0.35,200.0,0.03,1793.69,1064.39,22,9,39,65.0,74.0,0.5,9.0,17.0,31.0,0.07,136.0,91.0,109.0,24.0,16,42.48,2,True
1.0,1,0.0,1.0,0.33,0.0,0.0,1,1.0,2.0,1,0.0,9.83,2.0,39.3,0.01,7.0,0.5,2.18,19.65,0,0,0,3.0,3.0,1.0,0.0,0.0,3.0,0.25,4.0,3.0,4.0,3.0,4,0.0,1,False
11.0,5,18.0,6.0,0.16,8.0,2.25,5,0.83,27.0,4,0.6,60.67,14.77,13234.87,0.3,155.0,0.07,735.27,896.11,28,9,27,28.0,37.0,0.67,5.0,9.0,23.0,0.06,93.0,72.0,83.0,39.0,16,56.25,1,True
7.0,0,12.0,4.0,0.67,6.0,2.0,1,0.25,12.0,4,1.0,14.12,9.63,1308.36,0.05,32.0,0.1,72.69,135.93,0,0,0,6.0,6.0,1.0,3.0,6.0,10.0,0.57,7.0,14.0,18.0,8.0,11,0.0,2,False
15.0,4,14.0,9.0,0.23,6.0,2.33,6,0.67,31.0,5,0.5,39.96,20.3,16466.48,0.27,143.0,0.05,914.8,811.16,29,4,13,35.0,39.0,0.56,4.0,7.0,24.0,0.1,89.0,58.0,85.0,30.0,21,32.68,2,False
1.0,1,0.0,1.0,0.2,0.0,0.0,1,1.0,2.0,1,0.0,9.83,2.0,39.3,0.01,7.0,0.5,2.18,19.65,0,0,0,5.0,5.0,1.0,0.0,0.0,3.0,0.17,6.0,3.0,4.0,3.0,4,0.0,2,False
7.0,2,12.0,4.0,0.18,6.0,2.0,4,1.0,19.0,1,0.0,43.02,9.88,4199.81,0.14,81.0,0.1,233.32,425.08,33,4,19,18.0,22.0,0.25,3.0,6.0,17.0,0.05,75.0,38.0,43.0,25.0,13,56.1,0,False
5.0,0,8.0,3.0,0.43,4.0,2.0,1,0.33,10.0,1,0.0,6.38,13.33,1134.8,0.03,23.0,0.08,63.04,85.11,1,0,0,7.0,7.0,0.33,2.0,4.0,9.0,0.33,9.0,8.0,15.0,3.0,10,0.0,1,False
5.0,3,8.0,3.0,0.14,4.0,2.0,3,1.0,14.0,1,0.0,26.21,11.72,3599.53,0.1,62.0,0.09,199.97,307.16,3,0,3,21.0,21.0,0.33,2.0,4.0,13.0,0.11,27.0,25.0,37.0,16.0,15,12.5,1,False
5.0,1,8.0,3.0,0.07,4.0,2.0,1,0.33,11.0,1,0.0,99.6,16.93,28538.58,0.56,276.0,0.06,1585.48,1685.95,7,0,8,46.0,46.0,0.33,2.0,4.0,10.0,0.05,62.0,133.0,143.0,55.0,14,14.81,4,False
19.0,2,36.0,10.0,0.29,18.0,2.0,4,0.4,41.0,1,0.0,35.14,41.18,59587.71,0.48,246.0,0.02,3310.43,1447.13,9,3,11,32.0,35.0,0.1,9.0,18.0,33.0,0.18,56.0,112.0,134.0,34.0,25,30.43,3,False
31.0,8,58.0,16.0,0.36,28.0,2.07,8,0.5,65.0,14,0.87,52.14,23.89,29750.8,0.42,210.0,0.04,1652.82,1245.45,3,0,1,45.0,45.0,0.88,15.0,29.0,51.0,0.32,50.0,91.0,119.0,40.0,21,2.17,2,False
42.0,11,52.0,26.0,0.18,24.0,2.17,20,0.77,107.0,11,0.4,120.55,35.67,153359.58,1.43,583.0,0.03,8519.98,4299.65,18,4,10,139.0,143.0,0.42,14.0,26.0,83.0,0.14,182.0,267.0,316.0,131.0,35,9.15,0,True
84.0,0,140.0,47.0,0.75,68.0,2.06,1,0.02,153.0,5,0.09,51.11,52.22,139356.3,0.89,450.0,0.02,7742.02,2668.83,1,1,0,62.0,63.0,0.11,36.0,70.0,108.0,0.72,65.0,161.0,289.0,37.0,24,1.59,1,False
3.0,2,4.0,2.0,0.18,2.0,2.0,2,1.0,7.0,1,0.0,31.21,6.13,1170.84,0.06,45.0,0.16,65.05,191.16,0,0,0,11.0,11.0,0.5,1.0,2.0,7.0,0.17,12.0,21.0,24.0,12.0,7,0.0,0,False
1.0,0,0.0,1.0,0.5,0.0,0.0,1,1.0,1.0,1,0.0,12.18,3.0,109.62,0.01,11.0,0.33,6.09,36.54,2,0,0,2.0,2.0,1.0,0.0,0.0,2.0,0.2,5.0,4.0,7.0,4.0,6,0.0,0,False
15.0,4,22.0,8.0,0.42,10.0,2.2,8,1.0,27.0,8,1.0,23.36,18.35,7869.25,0.14,85.0,0.05,437.18,428.77,1,0,1,19.0,19.0,1.0,6.0,11.0,21.0,0.36,22.0,39.0,46.0,17.0,16,5.0,1,False
1.0,1,0.0,1.0,0.5,0.0,0.0,1,1.0,2.0,1,0.0,5.33,1.5,12.0,0.0,4.0,0.67,0.67,8.0,2,0,0,2.0,2.0,1.0,0.0,0.0,3.0,0.2,5.0,1.0,3.0,1.0,3,0.0,0,False
1.0,0,0.0,1.0,1.0,0.0,0.0,1,1.0,1.0,1,0.0,0.0,0.0,0.0,0.0,1.0,0.0,0.0,0.0,0,0,0,0.0,0.0,1.0,0.0,0.0,2.0,1.0,1.0,0.0,1.0,0.0,1,0.0,0,False
1.0,2,0.0,1.0,0.25,0.0,0.0,1,1.0,3.0,1,0.0,13.79,1.5,31.02,0.01,8.0,0.67,1.72,20.68,5,0,0,4.0,4.0,1.0,0.0,0.0,4.0,0.1,10.0,3.0,5.0,3.0,3,0.0,0,False
3.0,4,4.0,2.0,0.2,2.0,2.0,2,1.0,8.0,1,0.0,21.15,4.5,428.33,0.03,25.0,0.22,23.8,95.18,15,1,2,9.0,10.0,0.5,1.0,2.0,8.0,0.07,28.0,9.0,16.0,7.0,7,25.0,0,False
19.0,8,16.0,11.0,0.22,6.0,2.67,8,0.73,35.0,5,0.4,51.55,14.14,10311.72,0.24,125.0,0.07,572.87,729.11,16,10,6,39.0,49.0,0.45,5.0,8.0,26.0,0.15,72.0,45.0,80.0,35.0,22,29.09,0,False
5.0,3,8.0,3.0,0.16,4.0,2.0,3,1.0,13.0,1,0.0,55.57,7.2,2880.61,0.13,78.0,0.14,160.03,400.08,3,0,0,19.0,19.0,0.33,2.0,4.0,12.0,0.13,23.0,36.0,42.0,25.0,10,0.0,2,False
11.0,5,20.0,6.0,0.25,10.0,2.0,3,0.5,29.0,1,0.0,32.36,31.53,32175.94,0.34,179.0,0.03,1787.55,1020.38,19,4,19,20.0,24.0,0.17,5.0,10.0,25.0,0.1,63.0,86.0,93.0,30.0,22,53.49,1,False
9.0,3,14.0,5.0,0.45,6.0,2.33,3,0.6,21.0,3,0.5,25.83,12.0,3720.0,0.1,62.0,0.08,206.67,310.0,1,0,0,11.0,11.0,0.6,4.0,7.0,18.0,0.38,13.0,24.0,38.0,16.0,16,0.0,3,False
1.0,0,0.0,1.0,0.33,0.0,0.0,1,1.0,1.0,1,0.0,7.74,1.5,17.41,0.0,5.0,0.67,0.97,11.61,1,0,0,3.0,3.0,1.0,0.0,0.0,2.0,0.2,5.0,2.0,3.0,2.0,3,0.0,0,False
3.0,3,4.0,2.0,0.14,2.0,2.0,2,1.0,8.0,1,0.0,30.66,7.76,1848.32,0.08,49.0,0.13,102.68,238.04,17,3,12,11.0,14.0,0.5,1.0,2.0,8.0,0.05,44.0,22.0,27.0,17.0,12,57.69,1,False
3.0,0,4.0,2.0,0.13,2.0,2.0,1,0.5,5.0,1,0.0,25.68,12.5,4011.84,0.11,70.0,0.08,222.88,320.95,2,0,0,16.0,16.0,0.5,1.0,2.0,5.0,0.11,19.0,25.0,45.0,12.0,12,0.0,2,False
3.0,2,4.0,2.0,0.06,2.0,2.0,1,0.5,8.0,1,0.0,86.17,6.67,3829.67,0.19,104.0,0.15,212.76,574.45,11,2,0,30.0,32.0,0.5,1.0,2.0,8.0,0.05,43.0,48.0,56.0,36.0,10,6.25,7,False
7.0,0,12.0,4.0,0.15,6.0,2.0,1,0.25,14.0,1,0.0,47.13,21.56,21902.46,0.34,185.0,0.05,1216.8,1015.99,1,0,0,26.0,26.0,0.25,3.0,6.0,12.0,0.14,28.0,59.0,126.0,26.0,19,0.0,1,False
5.0,6,8.0,3.0,0.1,4.0,2.0,1,0.33,22.0,1,0.0,87.22,17.4,26406.88,0.51,252.0,0.06,1467.05,1517.64,12,0,27,31.0,31.0,0.33,2.0,4.0,21.0,0.04,71.0,116.0,136.0,50.0,15,46.55,2,False
7.0,1,12.0,4.0,0.4,6.0,2.0,3,0.75,16.0,1,0.0,11.9,21.72,5615.72,0.09,55.0,0.05,311.98,258.51,1,0,0,10.0,10.0,0.25,3.0,6.0,14.0,0.33,12.0,23.0,32.0,9.0,17,0.0,0,False
7.0,1,12.0,4.0,0.17,6.0,2.0,3,0.75,15.0,1,0.0,20.71,28.0,16240.0,0.19,116.0,0.04,902.22,580.0,8,3,5,20.0,23.0,0.25,3.0,6.0,13.0,0.11,37.0,56.0,60.0,16.0,16,28.57,0,False
29.0,8,40.0,15.0,0.23,14.0,2.86,6,0.4,58.0,10,0.64,46.09,53.79,133379.57,0.83,390.0,0.02,7409.98,2479.45,14,5,14,59.0,64.0,0.67,13.0,22.0,45.0,0.15,102.0,177.0,213.0,51.0,31,24.36,0,True
3.0,0,4.0,2.0,0.33,2.0,2.0,1,0.5,5.0,1,0.0,9.87,5.63,312.22,0.02,15.0,0.18,17.35,55.51,0,0,0,6.0,6.0,0.5,1.0,2.0,5.0,0.29,7.0,5.0,10.0,4.0,9,0.0,3,False
1.0,9,0.0,1.0,0.08,0.0,0.0,1,1.0,10.0,1,0.0,41.3,3.96,647.18,0.05,40.0,0.25,35.95,163.5,3,0,1,13.0,13.0,1.0,0.0,0.0,11.0,0.06,18.0,19.0,21.0,12.0,5,7.14,0,False
5.0,1,8.0,3.0,0.43,4.0,2.0,1,0.33,10.0,1,0.0,11.62,9.75,1104.67,0.04,29.0,0.1,61.37,113.3,1,0,0,7.0,7.0,0.33,2.0,4.0,9.0,0.33,9.0,13.0,16.0,6.0,9,0.0,1,False
1.0,1,0.0,1.0,0.17,0.0,0.0,1,1.0,2.0,1,0.0,10.28,4.38,196.76,0.01,13.0,0.23,10.93,44.97,1,0,0,6.0,6.0,1.0,0.0,0.0,3.0,0.13,8.0,5.0,8.0,4.0,7,0.0,2,False
1.0,2,0.0,1.0,0.2,0.0,0.0,1,1.0,3.0,1,0.0,27.88,3.3,303.6,0.03,23.0,0.3,16.87,92.0,0,1,0,4.0,5.0,1.0,0.0,0.0,4.0,0.17,6.0,11.0,12.0,10.0,6,20.0,1,False
5.0,1,8.0,3.0,0.25,4.0,2.0,2,0.67,11.0,1,0.0,15.75,12.35,2402.24,0.06,43.0,0.08,133.46,194.51,12,2,8,10.0,12.0,0.33,2.0,4.0,10.0,0.09,33.0,19.0,24.0,10.0,13,50.0,1,False
5.0,1,4.0,3.0,0.21,2.0,2.0,2,0.67,10.0,1,0.0,18.75,7.09,942.84,0.04,29.0,0.14,52.38,132.96,1,0,0,14.0,14.0,0.33,1.0,2.0,9.0,0.19,16.0,12.0,17.0,11.0,13,0.0,0,False
5.0,4,8.0,3.0,0.09,4.0,2.0,2,0.67,20.0,1,0.0,31.15,17.15,9161.25,0.18,105.0,0.06,508.96,534.18,11,6,16,26.0,32.0,0.33,2.0,4.0,19.0,0.05,60.0,49.0,56.0,20.0,14,45.83,0,False
1.0,1,0.0,1.0,0.17,0.0,0.0,1,1.0,2.0,1,0.0,14.8,3.5,181.32,0.02,14.0,0.29,10.07,51.81,0,0,0,6.0,6.0,1.0,0.0,0.0,3.0,0.14,7.0,6.0,8.0,6.0,7,0.0,0,False
5.0,1,8.0,3.0,0.43,4.0,2.0,3,1.0,12.0,1,0.0,13.51,13.33,2401.13,0.06,41.0,0.08,133.4,180.09,0,0,0,7.0,7.0,0.33,2.0,4.0,11.0,0.38,8.0,20.0,21.0,9.0,12,0.0,1,False
7.0,0,12.0,4.0,0.19,6.0,2.0,1,0.25,14.0,1,0.0,16.21,11.0,1962.54,0.06,42.0,0.09,109.03,178.41,1,0,0,21.0,21.0,0.25,3.0,6.0,12.0,0.17,23.0,16.0,26.0,8.0,11,0.0,2,False
6.0,6,0.0,5.0,0.15,0.0,0.0,5,1.0,15.0,1,0.0,46.12,12.92,7702.88,0.2,112.0,0.08,427.94,596.06,7,1,0,32.0,33.0,0.2,0.0,0.0,12.0,0.12,41.0,48.0,64.0,26.0,14,3.03,1,False
1.0,1,0.0,1.0,0.1,0.0,0.0,1,1.0,2.0,1,0.0,14.33,6.0,515.71,0.03,22.0,0.17,28.65,85.95,1,0,0,10.0,10.0,1.0,0.0,0.0,3.0,0.08,12.0,8.0,14.0,6.0,9,0.0,3,False
1.0,1,0.0,1.0,0.33,0.0,0.0,1,1.0,2.0,1,0.0,7.74,1.5,17.41,0.0,5.0,0.67,0.97,11.61,0,0,0,3.0,3.0,1.0,0.0,0.0,3.0,0.25,4.0,2.0,3.0,2.0,3,0.0,0,False
1.0,0,0.0,1.0,0.03,0.0,0.0,1,1.0,1.0,1,0.0,105.44,11.94,15034.24,0.42,235.0,0.08,835.24,1259.02,3,0,8,36.0,36.0,1.0,0.0,0.0,2.0,0.02,48.0,116.0,119.0,34.0,7,18.18,2,False
85.0,7,168.0,43.0,0.31,84.0,2.0,27,0.63,232.0,18,0.4,170.88,39.94,272550.45,2.27,920.0,0.03,15141.69,6824.42,7,4,0,136.0,140.0,0.42,42.0,84.0,191.0,0.29,148.0,426.0,494.0,144.0,27,2.86,2,False
3.0,1,4.0,2.0,0.2,2.0,2.0,2,1.0,7.0,1,0.0,18.6,6.5,786.03,0.04,29.0,0.15,43.67,120.93,0,0,0,10.0,10.0,0.5,1.0,2.0,7.0,0.18,11.0,13.0,16.0,9.0,9,0.0,1,False
1.0,0,0.0,1.0,0.25,0.0,0.0,1,1.0,1.0,1,0.0,17.68,9.0,1432.07,0.05,43.0,0.11,79.56,159.12,2,0,0,4.0,4.0,1.0,0.0,0.0,2.0,0.14,7.0,21.0,22.0,7.0,6,0.0,3,False
3.0,0,4.0,2.0,0.4,2.0,2.0,1,0.5,5.0,1,0.0,7.24,16.88,2060.67,0.04,33.0,0.06,114.48,122.11,0,0,0,5.0,5.0,0.5,1.0,2.0,5.0,0.33,6.0,15.0,18.0,4.0,9,0.0,1,False
13.0,1,24.0,7.0,0.28,12.0,2.0,6,0.86,31.0,1,0.0,38.61,14.97,8655.44,0.19,119.0,0.07,480.86,578.1,15,0,0,25.0,25.0,0.14,6.0,12.0,26.0,0.17,41.0,49.0,70.0,18.0,11,0.0,2,True
7.0,0,12.0,4.0,0.4,6.0,2.0,1,0.25,15.0,1,0.0,6.88,24.38,4084.91,0.06,41.0,0.04,226.94,167.59,1,0,0,10.0,10.0,0.25,3.0,6.0,13.0,0.33,12.0,15.0,26.0,4.0,13,0.0,2,False
19.0,12,34.0,10.0,0.22,16.0,2.13,8,0.8,62.0,3,0.22,48.13,38.75,72273.89,0.62,291.0,0.03,4015.22,1865.13,3,0,0,45.0,45.0,0.3,9.0,17.0,54.0,0.2,49.0,135.0,156.0,54.0,31,0.0,2,False
1.0,0,0.0,1.0,0.2,0.0,0.0,1,1.0,1.0,1,0.0,15.01,7.5,844.41,0.04,27.0,0.13,46.91,112.59,2,0,2,5.0,5.0,1.0,0.0,0.0,2.0,0.1,10.0,12.0,15.0,8.0,10,28.57,1,False
7.0,2,12.0,4.0,0.31,6.0,2.0,3,0.75,14.0,1,0.0,16.66,27.3,12420.23,0.15,88.0,0.04,690.01,454.95,3,0,0,13.0,13.0,0.25,3.0,6.0,12.0,0.24,17.0,39.0,49.0,15.0,21,0.0,3,False
1.0,1,0.0,1.0,0.2,0.0,0.0,1,1.0,2.0,1,0.0,8.54,4.67,186.03,0.01,12.0,0.21,10.33,39.86,2,0,0,5.0,5.0,1.0,0.0,0.0,3.0,0.13,8.0,4.0,8.0,3.0,7,0.0,1,False
25.0,24,44.0,13.0,0.27,20.0,2.2,13,1.0,72.0,11,0.83,93.54,12.79,15311.87,0.4,198.0,0.08,850.66,1196.79,4,5,10,43.0,48.0,0.85,12.0,22.0,61.0,0.21,63.0,87.0,111.0,51.0,15,25.86,0,False
115.0,5,212.0,58.0,0.29,98.0,2.16,2,0.03,262.0,1,0.0,129.4,55.52,398853.5,2.39,1079.0,0.02,22158.53,7184.21,16,0,0,199.0,199.0,0.02,57.0,106.0,206.0,0.27,216.0,512.0,567.0,83.0,18,0.0,0,False
1.0,0,0.0,1.0,0.2,0.0,0.0,1,1.0,1.0,1,0.0,13.0,3.0,117.0,0.01,13.0,0.33,6.5,39.0,0,0,0,5.0,5.0,1.0,0.0,0.0,2.0,0.17,6.0,6.0,7.0,4.0,4,0.0,1,False
5.0,1,8.0,3.0,0.13,4.0,2.0,1,0.33,12.0,1,0.0,43.19,11.18,5397.81,0.16,92.0,0.09,299.88,482.81,5,3,1,20.0,23.0,0.33,2.0,4.0,11.0,0.1,30.0,43.0,49.0,25.0,13,16.67,1,False
1.0,0,0.0,1.0,1.0,0.0,0.0,1,1.0,1.0,1,0.0,0.0,0.0,0.0,0.0,2.0,0.0,0.0,2.0,0,0,0,0.0,0.0,1.0,0.0,0.0,2.0,1.0,1.0,0.0,2.0,0.0,2,0.0,0,False
1.0,0,0.0,1.0,0.5,0.0,0.0,1,1.0,1.0,1,0.0,0.0,0.0,0.0,0.0,1.0,0.0,0.0,0.0,0,0,0,2.0,2.0,1.0,0.0,0.0,2.0,0.33,3.0,0.0,1.0,0.0,1,0.0,0,False
1.0,1,0.0,1.0,0.1,0.0,0.0,1,1.0,2.0,1,0.0,16.53,6.43,683.19,0.04,26.0,0.16,37.96,106.27,1,0,0,10.0,10.0,1.0,0.0,0.0,3.0,0.08,12.0,9.0,17.0,7.0,10,0.0,2,False
8.0,2,8.0,5.0,0.13,4.0,2.0,4,0.8,16.0,1,0.0,32.31,31.0,31053.16,0.33,171.0,0.03,1725.18,1001.71,4,0,1,39.0,39.0,0.2,2.0,4.0,13.0,0.11,45.0,62.0,109.0,29.0,29,2.5,3,False
11.0,3,16.0,6.0,0.27,6.0,2.67,3,0.5,19.0,3,0.4,20.15,21.39,9220.24,0.14,81.0,0.05,512.24,431.08,2,0,0,22.0,22.0,0.5,5.0,8.0,15.0,0.24,25.0,35.0,46.0,18.0,22,0.0,2,False
3.0,1,4.0,2.0,0.18,2.0,2.0,2,1.0,8.0,1,0.0,22.15,6.4,907.38,0.05,34.0,0.16,50.41,141.78,1,0,0,11.0,11.0,0.5,1.0,2.0,8.0,0.15,13.0,16.0,18.0,10.0,8,0.0,1,False
5.0,1,8.0,3.0,0.43,4.0,2.0,2,0.67,11.0,1,0.0,18.95,7.5,1066.0,0.05,31.0,0.13,59.22,142.13,8,1,0,6.0,7.0,0.33,2.0,4.0,10.0,0.19,16.0,15.0,16.0,12.0,12,14.29,2,False
13.0,0,20.0,7.0,0.54,8.0,2.5,1,0.14,21.0,7,1.0,10.33,21.25,4666.84,0.07,50.0,0.05,259.26,219.62,1,0,0,13.0,13.0,1.0,6.0,10.0,16.0,0.47,15.0,17.0,33.0,6.0,15,0.0,1,False
1.0,3,16.0,1.0,0.05,8.0,2.0,1,1.0,8.0,1,0.0,69.53,16.72,19441.83,0.39,206.0,0.06,1080.1,1162.63,5,0,9,19.0,19.0,1.0,4.0,8.0,9.0,0.03,34.0,86.0,120.0,36.0,14,32.14,1,False
17.0,5,24.0,10.0,0.17,12.0,2.0,10,1.0,36.0,1,0.0,86.98,11.25,11008.93,0.33,165.0,0.09,611.61,978.57,18,4,9,56.0,60.0,0.1,6.0,12.0,28.0,0.11,88.0,69.0,96.0,46.0,15,18.84,3,False
1.0,1,0.0,1.0,0.07,0.0,0.0,1,1.0,2.0,1,0.0,73.81,6.3,2929.5,0.16,93.0,0.16,162.75,465.0,6,0,6,15.0,15.0,1.0,0.0,0.0,3.0,0.04,28.0,45.0,48.0,25.0,7,28.57,0,False
5.0,1,8.0,3.0,0.27,4.0,2.0,1,0.33,11.0,1,0.0,12.86,14.78,2807.62,0.06,42.0,0.07,155.98,189.99,3,1,3,10.0,11.0,0.33,2.0,4.0,10.0,0.17,18.0,19.0,23.0,9.0,14,28.57,1,False
31.0,6,54.0,16.0,0.16,24.0,2.25,9,0.56,59.0,8,0.47,142.15,18.84,50427.99,0.89,389.0,0.05,2801.56,2677.35,28,5,35,97.0,102.0,0.5,15.0,27.0,45.0,0.1,166.0,174.0,215.0,97.0,21,29.2,2,True
5.0,2,8.0,3.0,0.6,4.0,2.0,3,1.0,10.0,1,0.0,15.88,10.11,1623.23,0.05,36.0,0.1,90.18,160.54,0,0,0,5.0,5.0,0.33,2.0,4.0,9.0,0.5,6.0,14.0,22.0,9.0,13,0.0,2,False
1.0,1,0.0,1.0,0.2,0.0,0.0,1,1.0,2.0,1,0.0,13.87,4.67,302.05,0.02,17.0,0.21,16.78,64.73,4,0,0,5.0,5.0,1.0,0.0,0.0,3.0,0.1,10.0,7.0,10.0,6.0,8,0.0,1,False
1.0,0,0.0,1.0,1.0,0.0,0.0,1,1.0,1.0,1,0.0,0.0,0.0,0.0,0.0,1.0,0.0,0.0,0.0,0,0,0,0.0,0.0,1.0,0.0,0.0,2.0,1.0,1.0,0.0,1.0,0.0,1,0.0,0,False
7.0,1,10.0,4.0,0.17,4.0,2.5,2,0.5,13.0,4,1.0,28.27,9.69,2655.57,0.09,59.0,0.1,147.53,273.99,2,2,0,21.0,23.0,1.0,3.0,5.0,11.0,0.15,26.0,21.0,38.0,13.0,12,8.7,5,True
19.0,8,30.0,10.0,0.28,14.0,2.14,6,0.6,53.0,1,0.0,54.39,16.69,15143.75,0.3,160.0,0.06,841.32,907.59,3,0,0,36.0,36.0,0.1,8.0,15.0,45.0,0.25,40.0,73.0,87.0,35.0,16,0.0,0,False
5.0,2,8.0,3.0,0.3,4.0,2.0,1,0.33,12.0,1,0.0,33.57,11.0,4062.39,0.12,72.0,0.09,225.69,369.31,10,1,8,9.0,10.0,0.33,2.0,4.0,11.0,0.1,29.0,33.0,39.0,21.0,14,50.0,0,False
1.0,0,0.0,1.0,0.2,0.0,0.0,1,1.0,1.0,1,0.0,8.96,6.0,322.65,0.02,15.0,0.17,17.92,53.77,0,0,0,5.0,5.0,1.0,0.0,0.0,2.0,0.17,6.0,6.0,9.0,4.0,8,0.0,1,False
3.0,0,4.0,2.0,0.5,2.0,2.0,1,0.5,6.0,1,0.0,12.44,9.0,1008.0,0.04,28.0,0.11,56.0,112.0,3,0,0,4.0,4.0,0.5,1.0,2.0,6.0,0.25,8.0,14.0,14.0,7.0,9,0.0,3,False
21.0,7,40.0,11.0,0.18,20.0,2.0,8,0.73,45.0,1,0.0,100.29,13.93,19463.42,0.47,225.0,0.07,1081.3,1397.13,24,8,19,52.0,60.0,0.09,10.0,20.0,36.0,0.11,104.0,101.0,124.0,58.0,16,34.18,0,False
3.0,0,4.0,2.0,0.17,2.0,2.0,1,0.5,6.0,1,0.0,26.46,9.23,2254.82,0.08,54.0,0.11,125.27,244.27,6,0,2,12.0,12.0,0.5,1.0,2.0,6.0,0.1,21.0,24.0,30.0,13.0,10,14.29,1,False
7.0,0,10.0,4.0,0.4,4.0,2.5,1,0.25,11.0,3,0.67,12.44,13.22,2175.26,0.05,35.0,0.08,120.85,164.52,1,2,0,8.0,10.0,0.75,3.0,5.0,9.0,0.33,12.0,14.0,21.0,9.0,17,20.0,1,False
3.0,0,4.0,2.0,0.25,2.0,2.0,1,0.5,6.0,1,0.0,12.48,8.33,866.67,0.03,26.0,0.12,48.15,104.0,1,0,0,8.0,8.0,0.5,1.0,2.0,6.0,0.2,10.0,10.0,16.0,6.0,10,0.0,1,False
7.0,0,12.0,4.0,0.29,6.0,2.0,1,0.25,14.0,3,0.67,15.86,13.3,2805.08,0.07,46.0,0.08,155.84,210.91,1,0,0,14.0,14.0,0.75,3.0,6.0,12.0,0.25,16.0,19.0,27.0,10.0,14,0.0,1,False
3.0,6,4.0,2.0,0.14,2.0,2.0,2,1.0,10.0,1,0.0,40.92,6.47,1712.28,0.09,57.0,0.15,95.13,264.7,11,2,8,12.0,14.0,0.5,1.0,2.0,10.0,0.06,34.0,23.0,34.0,16.0,9,45.45,1,False
1.0,0,0.0,1.0,1.0,0.0,0.0,1,1.0,1.0,1,0.0,0.0,0.0,0.0,0.0,1.0,0.0,0.0,0.0,0,0,0,0.0,0.0,1.0,0.0,0.0,2.0,1.0,1.0,0.0,1.0,0.0,1,0.0,0,False
11.0,1,20.0,6.0,0.21,10.0,2.0,2,0.33,26.0,1,0.0,30.47,16.36,8158.14,0.17,95.0,0.06,453.23,498.55,1,0,1,28.0,28.0,0.17,5.0,10.0,22.0,0.19,31.0,45.0,50.0,22.0,16,3.45,2,False
1.0,2,0.0,1.0,0.14,0.0,0.0,1,1.0,3.0,1,0.0,29.34,7.5,1650.59,0.07,48.0,0.13,91.7,220.08,6,0,5,7.0,7.0,1.0,0.0,0.0,4.0,0.05,19.0,21.0,27.0,14.0,10,41.67,0,True
57.0,4,112.0,29.0,0.14,56.0,2.0,2,0.07,111.0,1,0.0,233.67,37.57,329746.68,2.93,1182.0,0.03,18319.26,8777.84,16,0,35,209.0,209.0,0.03,28.0,56.0,84.0,0.11,261.0,571.0,611.0,152.0,20,14.34,4,False
1.0,0,0.0,1.0,1.0,0.0,0.0,1,1.0,1.0,1,0.0,0.0,0.0,0.0,0.0,2.0,0.0,0.0,2.0,0,0,0,0.0,0.0,1.0,0.0,0.0,2.0,1.0,1.0,0.0,2.0,0.0,2,0.0,0,False
1.0,0,0.0,1.0,0.09,0.0,0.0,1,1.0,4.0,1,0.0,41.61,8.71,3153.45,0.12,78.0,0.11,175.19,362.22,6,0,12,11.0,11.0,1.0,0.0,0.0,5.0,0.03,30.0,37.0,41.0,17.0,8,52.17,1,False
1.0,2,0.0,1.0,0.33,0.0,0.0,1,1.0,3.0,1,0.0,17.43,2.0,69.74,0.01,11.0,0.5,3.87,34.87,1,0,0,3.0,3.0,1.0,0.0,0.0,4.0,0.2,5.0,5.0,6.0,5.0,4,0.0,0,False
1.0,0,0.0,1.0,0.1,0.0,0.0,1,1.0,1.0,1,0.0,17.38,34.71,20938.67,0.2,163.0,0.03,1163.26,603.17,2,0,0,10.0,10.0,1.0,0.0,0.0,2.0,0.08,13.0,81.0,82.0,7.0,6,0.0,3,False
1.0,0,0.0,1.0,0.07,0.0,0.0,1,1.0,1.0,1,0.0,20.2,27.86,15679.09,0.19,157.0,0.04,871.06,562.84,6,0,0,14.0,14.0,1.0,0.0,0.0,2.0,0.05,21.0,78.0,79.0,7.0,5,0.0,2,False
1.0,0,0.0,1.0,0.2,0.0,0.0,1,1.0,1.0,1,0.0,11.41,7.5,641.91,0.03,27.0,0.13,35.66,85.59,0,1,2,4.0,5.0,1.0,0.0,0.0,2.0,0.13,8.0,12.0,15.0,4.0,5,42.86,0,False
7.0,0,10.0,4.0,0.29,4.0,2.5,1,0.25,11.0,4,1.0,15.93,7.2,825.94,0.04,31.0,0.14,45.89,114.71,2,0,7,14.0,14.0,1.0,3.0,5.0,9.0,0.17,24.0,9.0,22.0,5.0,8,33.33,0,True
1.0,0,0.0,1.0,0.11,0.0,0.0,1,1.0,1.0,1,0.0,18.63,8.14,1235.42,0.05,41.0,0.12,68.63,151.72,5,0,0,9.0,9.0,1.0,0.0,0.0,2.0,0.07,15.0,19.0,22.0,7.0,6,0.0,1,False
19.0,3,32.0,10.0,0.2,14.0,2.29,5,0.5,39.0,3,0.22,59.99,23.54,33237.05,0.47,226.0,0.04,1846.5,1412.03,21,6,10,45.0,51.0,0.3,9.0,16.0,31.0,0.12,83.0,102.0,124.0,52.0,24,26.23,0,False
1.0,1,0.0,1.0,0.09,0.0,0.0,1,1.0,2.0,1,0.0,14.33,6.0,515.71,0.03,22.0,0.17,28.65,85.95,1,0,0,11.0,11.0,1.0,0.0,0.0,3.0,0.08,13.0,8.0,14.0,6.0,9,0.0,3,False
1.0,2,0.0,1.0,0.14,0.0,0.0,1,1.0,5.0,1,0.0,24.59,4.05,405.89,0.03,27.0,0.25,22.55,99.91,4,0,6,7.0,7.0,1.0,0.0,0.0,6.0,0.06,18.0,13.0,14.0,8.0,5,46.15,0,False
13.0,4,24.0,7.0,0.18,12.0,2.0,3,0.43,31.0,1,0.0,38.26,27.7,29360.62,0.35,178.0,0.04,1631.15,1059.85,11,4,8,36.0,40.0,0.14,6.0,12.0,26.0,0.12,60.0,82.0,96.0,37.0,25,25.0,1,False
5.0,0,8.0,3.0,0.27,4.0,2.0,1,0.33,10.0,1,0.0,13.96,11.67,1899.9,0.05,36.0,0.09,105.55,162.85,1,1,0,10.0,11.0,0.33,2.0,4.0,9.0,0.23,13.0,15.0,21.0,9.0,14,9.09,2,False
3.0,0,4.0,2.0,0.25,2.0,2.0,1,0.5,6.0,1,0.0,17.13,4.67,373.12,0.03,21.0,0.21,20.73,79.95,4,0,2,8.0,8.0,0.5,1.0,2.0,6.0,0.13,15.0,7.0,14.0,6.0,8,20.0,1,False
3.0,1,4.0,2.0,0.4,2.0,2.0,2,1.0,6.0,1,0.0,17.11,5.14,452.57,0.03,22.0,0.19,25.14,88.0,0,0,0,5.0,5.0,0.5,1.0,2.0,6.0,0.33,6.0,8.0,14.0,7.0,9,0.0,3,False
11.0,4,18.0,6.0,0.43,8.0,2.25,4,0.67,20.0,6,1.0,16.89,18.31,5659.53,0.1,63.0,0.05,314.42,309.13,0,0,0,14.0,14.0,1.0,5.0,9.0,16.0,0.4,15.0,28.0,35.0,13.0,17,0.0,1,False
11.0,0,16.0,6.0,0.55,6.0,2.67,1,0.17,19.0,5,0.8,8.91,22.4,4472.22,0.07,47.0,0.04,248.46,199.65,1,0,0,11.0,11.0,0.83,5.0,8.0,15.0,0.46,13.0,16.0,31.0,5.0,14,0.0,3,False
22.0,5,32.0,13.0,0.29,16.0,2.0,10,0.77,54.0,8,0.58,41.66,36.87,56634.51,0.51,256.0,0.03,3146.36,1536.0,1,2,1,43.0,45.0,0.62,8.0,16.0,43.0,0.27,48.0,89.0,167.0,35.0,29,6.52,2,False
12.0,9,4.0,10.0,0.24,2.0,2.0,9,0.9,26.0,1,0.0,42.39,16.16,11064.31,0.23,119.0,0.06,614.68,684.83,5,0,1,41.0,41.0,0.1,1.0,2.0,18.0,0.13,76.0,47.0,72.0,32.0,22,2.38,1,False
1.0,0,0.0,1.0,0.17,0.0,0.0,1,1.0,1.0,1,0.0,7.86,2.5,49.13,0.01,7.0,0.4,2.73,19.65,2,0,0,6.0,6.0,1.0,0.0,0.0,2.0,0.05,20.0,2.0,5.0,2.0,5,0.0,1,False
3.0,1,4.0,2.0,0.25,2.0,2.0,2,1.0,5.0,1,0.0,13.45,3.6,174.36,0.02,14.0,0.28,9.69,48.43,0,0,2,8.0,8.0,0.5,1.0,2.0,5.0,0.18,11.0,6.0,8.0,5.0,6,20.0,1,False
3.0,2,4.0,2.0,0.25,2.0,2.0,2,1.0,7.0,1,0.0,22.46,9.0,1819.07,0.07,43.0,0.11,101.06,202.12,6,2,0,6.0,8.0,0.5,1.0,2.0,7.0,0.13,15.0,18.0,25.0,13.0,13,25.0,1,False
3.0,1,4.0,2.0,0.1,2.0,2.0,1,0.5,8.0,1,0.0,46.11,14.5,9695.39,0.22,124.0,0.07,538.63,668.65,25,0,10,21.0,21.0,0.5,1.0,2.0,8.0,0.04,57.0,58.0,66.0,28.0,14,32.25,0,False
3.0,0,4.0,2.0,0.17,2.0,2.0,1,0.5,6.0,1,0.0,19.12,6.0,688.28,0.04,31.0,0.17,38.24,114.71,1,1,0,11.0,12.0,0.5,1.0,2.0,6.0,0.14,14.0,14.0,17.0,7.0,6,8.33,1,False
1.0,1,0.0,1.0,0.1,0.0,0.0,1,1.0,2.0,1,0.0,14.33,6.0,515.71,0.03,22.0,0.17,28.65,85.95,1,0,0,10.0,10.0,1.0,0.0,0.0,3.0,0.08,12.0,8.0,14.0,6.0,9,0.0,3,False
7.0,1,12.0,4.0,0.33,6.0,2.0,2,0.5,13.0,1,0.0,27.54,9.9,2698.99,0.09,58.0,0.1,149.94,272.63,2,0,0,12.0,12.0,0.25,3.0,6.0,11.0,0.27,15.0,27.0,31.0,15.0,11,0.0,1,False
9.0,6,16.0,5.0,0.22,8.0,2.0,4,0.8,20.0,1,0.0,37.97,14.77,8282.6,0.19,104.0,0.07,460.14,560.8,17,5,10,18.0,23.0,0.2,4.0,8.0,17.0,0.1,51.0,48.0,56.0,26.0,16,45.45,2,False
5.0,1,8.0,3.0,0.27,4.0,2.0,2,0.67,9.0,1,0.0,21.05,7.09,1058.51,0.05,33.0,0.14,58.81,149.28,2,0,0,11.0,11.0,0.33,2.0,4.0,8.0,0.21,14.0,13.0,20.0,11.0,12,0.0,3,True
3.0,0,4.0,2.0,0.25,2.0,2.0,1,0.5,7.0,1,0.0,16.35,11.5,2162.0,0.06,47.0,0.09,120.11,188.0,0,0,0,8.0,8.0,0.5,1.0,2.0,7.0,0.22,9.0,23.0,24.0,8.0,8,0.0,3,False
97.0,4,192.0,49.0,0.71,96.0,2.0,4,0.08,241.0,1,0.0,46.69,123.06,707027.78,1.92,1018.0,0.01,39279.32,5745.45,0,0,0,69.0,69.0,0.02,48.0,96.0,194.0,0.7,70.0,523.0,495.0,34.0,16,0.0,0,False
29.0,7,52.0,15.0,0.25,24.0,2.17,8,0.53,65.0,3,0.14,80.65,25.1,50799.32,0.67,306.0,0.04,2822.18,2024.1,33,9,20,52.0,61.0,0.2,14.0,26.0,52.0,0.13,115.0,139.0,167.0,72.0,26,35.8,0,False
1.0,1,0.0,1.0,0.14,0.0,0.0,1,1.0,2.0,1,0.0,12.69,6.0,456.88,0.03,20.0,0.17,25.38,76.15,0,0,0,7.0,7.0,1.0,0.0,0.0,3.0,0.13,8.0,9.0,11.0,6.0,8,0.0,1,False
5.0,2,8.0,3.0,0.07,4.0,2.0,1,0.33,14.0,1,0.0,51.66,44.29,101338.65,0.76,394.0,0.02,5629.92,2288.1,6,0,11,43.0,43.0,0.33,2.0,4.0,13.0,0.05,61.0,187.0,207.0,38.0,18,20.37,3,False
15.0,4,26.0,8.0,0.29,12.0,2.17,4,0.5,34.0,1,0.0,54.45,20.0,21781.35,0.36,195.0,0.05,1210.08,1089.07,25,6,24,22.0,28.0,0.13,7.0,13.0,28.0,0.1,78.0,88.0,107.0,33.0,15,57.69,1,False
1.0,1,0.0,1.0,0.07,0.0,0.0,1,1.0,2.0,1,0.0,51.0,8.2,3429.57,0.14,87.0,0.12,190.53,418.24,16,0,10,14.0,14.0,1.0,0.0,0.0,3.0,0.02,41.0,41.0,46.0,20.0,8,41.67,0,False
13.0,0,24.0,7.0,0.64,12.0,2.0,1,0.14,31.0,1,0.0,13.06,19.83,5137.44,0.09,70.0,0.05,285.41,259.02,0,1,2,10.0,11.0,0.14,6.0,12.0,26.0,0.5,14.0,34.0,36.0,6.0,7,23.08,0,False
7.0,1,12.0,4.0,0.44,6.0,2.0,2,0.5,14.0,3,0.67,10.4,19.0,3755.43,0.07,45.0,0.05,208.64,197.65,2,0,0,9.0,9.0,0.75,3.0,6.0,12.0,0.33,12.0,19.0,26.0,7.0,14,0.0,1,False
11.0,4,20.0,6.0,0.23,10.0,2.0,3,0.5,26.0,1,0.0,41.87,14.17,8403.03,0.2,110.0,0.07,466.83,593.15,14,3,0,23.0,26.0,0.17,5.0,10.0,22.0,0.15,41.0,51.0,59.0,27.0,15,11.54,1,False
7.0,2,12.0,4.0,0.33,6.0,2.0,2,0.5,15.0,1,0.0,15.35,20.67,6557.23,0.11,66.0,0.05,364.29,317.29,0,0,0,12.0,12.0,0.25,3.0,6.0,13.0,0.31,13.0,31.0,35.0,12.0,16,0.0,0,False
1.0,2,0.0,1.0,0.11,0.0,0.0,1,1.0,3.0,1,0.0,13.68,9.63,1267.48,0.04,31.0,0.1,70.42,131.69,1,0,0,9.0,9.0,1.0,0.0,0.0,4.0,0.09,11.0,14.0,17.0,8.0,11,0.0,1,False
9.0,1,10.0,5.0,0.29,2.0,5.0,2,0.4,14.0,5,1.0,24.99,11.61,3366.63,0.1,61.0,0.09,187.04,290.05,9,5,12,12.0,17.0,1.0,4.0,5.0,11.0,0.21,24.0,25.0,36.0,14.0,13,58.62,1,True
5.0,11,8.0,3.0,0.08,4.0,2.0,2,0.67,22.0,1,0.0,85.25,13.0,14407.24,0.37,190.0,0.08,800.4,1108.25,10,2,4,36.0,38.0,0.33,2.0,4.0,21.0,0.06,53.0,88.0,102.0,44.0,13,14.29,1,False
1.0,0,0.0,1.0,0.05,0.0,0.0,1,1.0,1.0,1,0.0,93.63,13.54,17169.93,0.42,261.0,0.07,953.88,1267.93,1,0,0,20.0,20.0,1.0,0.0,0.0,2.0,0.05,22.0,130.0,131.0,24.0,5,0.0,2,False
35.0,6,52.0,18.0,0.69,18.0,2.89,6,0.33,58.0,13,0.71,37.58,34.62,45032.28,0.43,224.0,0.03,2501.79,1300.85,1,0,0,26.0,26.0,0.72,17.0,26.0,42.0,0.64,28.0,107.0,117.0,34.0,22,0.0,0,False
11.0,1,18.0,6.0,0.67,8.0,2.25,3,0.5,23.0,3,0.4,10.61,23.21,5718.84,0.08,57.0,0.04,317.71,246.35,2,0,0,9.0,9.0,0.5,5.0,9.0,19.0,0.5,12.0,25.0,32.0,7.0,13,0.0,2,False
7.0,1,12.0,4.0,0.67,6.0,2.0,2,0.5,14.0,4,1.0,10.28,10.0,1027.99,0.03,27.0,0.1,57.11,102.8,1,0,0,6.0,6.0,1.0,3.0,6.0,12.0,0.5,8.0,8.0,19.0,4.0,10,0.0,1,False
1.0,0,0.0,1.0,0.08,0.0,0.0,1,1.0,1.0,1,0.0,50.28,7.39,2745.03,0.12,80.0,0.14,152.5,371.51,2,0,0,13.0,13.0,1.0,0.0,0.0,2.0,0.06,16.0,38.0,42.0,18.0,7,0.0,0,False
1.0,1,0.0,1.0,0.2,0.0,0.0,1,1.0,2.0,1,0.0,11.56,6.4,473.66,0.02,20.0,0.16,26.31,74.01,2,0,2,5.0,5.0,1.0,0.0,0.0,3.0,0.1,10.0,8.0,12.0,5.0,8,28.57,1,False
11.0,0,20.0,6.0,0.38,10.0,2.0,1,0.17,24.0,1,0.0,19.33,16.82,5466.44,0.11,74.0,0.06,303.69,325.03,3,0,0,16.0,16.0,0.17,5.0,10.0,20.0,0.3,20.0,37.0,37.0,11.0,10,0.0,0,False
33.0,6,58.0,17.0,0.24,26.0,2.23,9,0.53,74.0,5,0.25,93.54,34.45,111016.34,1.07,478.0,0.03,6167.57,3222.42,33,6,23,65.0,71.0,0.29,16.0,29.0,59.0,0.13,128.0,226.0,252.0,82.0,25,30.85,0,True
1.0,1,0.0,1.0,0.33,0.0,0.0,1,1.0,2.0,1,0.0,9.83,2.0,39.3,0.01,7.0,0.5,2.18,19.65,0,0,0,3.0,3.0,1.0,0.0,0.0,3.0,0.25,4.0,3.0,4.0,3.0,4,0.0,1,False
17.0,1,30.0,9.0,0.56,14.0,2.14,2,0.22,31.0,9,1.0,10.13,32.58,10759.67,0.11,73.0,0.03,597.76,330.22,2,0,0,16.0,16.0,1.0,8.0,15.0,24.0,0.47,19.0,23.0,50.0,6.0,17,0.0,2,False
3.0,0,4.0,2.0,0.4,2.0,2.0,1,0.5,5.0,1,0.0,12.24,9.33,1066.06,0.04,30.0,0.11,59.23,114.22,3,0,0,5.0,5.0,0.5,1.0,2.0,5.0,0.22,9.0,14.0,16.0,6.0,8,0.0,0,False
3.0,0,0.0,2.0,0.15,0.0,0.0,1,0.5,5.0,1,0.0,18.86,5.5,570.49,0.03,24.0,0.18,31.69,103.73,0,0,0,13.0,13.0,0.5,0.0,0.0,5.0,0.14,14.0,9.0,15.0,9.0,11,0.0,1,False
5.0,3,8.0,3.0,0.33,4.0,2.0,3,1.0,12.0,1,0.0,22.64,5.73,742.59,0.04,30.0,0.17,41.25,129.66,0,1,0,8.0,9.0,0.33,2.0,4.0,11.0,0.3,10.0,14.0,16.0,11.0,9,11.11,0,False
3.0,1,4.0,2.0,0.1,2.0,2.0,1,0.5,8.0,1,0.0,54.15,14.62,11582.56,0.26,157.0,0.07,643.48,791.97,10,2,13,19.0,21.0,0.5,1.0,2.0,8.0,0.04,45.0,78.0,79.0,24.0,9,44.12,0,True
37.0,3,60.0,19.0,0.53,24.0,2.5,6,0.32,68.0,11,0.56,33.88,39.58,53092.15,0.45,232.0,0.03,2949.56,1341.28,3,0,0,36.0,36.0,0.58,18.0,30.0,51.0,0.48,40.0,95.0,137.0,30.0,25,0.0,3,False
9.0,1,16.0,5.0,0.29,8.0,2.0,2,0.4,16.0,1,0.0,12.24,29.56,10695.71,0.12,80.0,0.03,594.21,361.88,1,3,1,14.0,17.0,0.2,4.0,8.0,13.0,0.25,20.0,38.0,42.0,9.0,14,22.22,0,False
45.0,8,56.0,23.0,0.37,12.0,4.67,7,0.3,64.0,19,0.82,65.12,36.85,88450.77,0.8,389.0,0.03,4913.93,2400.1,15,8,46,55.0,63.0,0.83,22.0,84.0,43.0,0.18,125.0,179.0,210.0,51.0,21,49.54,2,True
1.0,0,0.0,1.0,0.1,0.0,0.0,1,1.0,1.0,1,0.0,16.72,30.0,15048.53,0.17,145.0,0.03,836.03,501.62,2,0,0,10.0,10.0,1.0,0.0,0.0,2.0,0.08,13.0,72.0,73.0,6.0,5,0.0,2,False
3.0,3,4.0,2.0,0.25,2.0,2.0,2,1.0,10.0,1,0.0,23.66,7.92,1482.76,0.06,42.0,0.13,82.38,187.3,8,0,0,8.0,8.0,0.5,1.0,2.0,10.0,0.12,17.0,19.0,23.0,12.0,10,0.0,1,False
3.0,4,4.0,2.0,0.17,2.0,2.0,2,1.0,9.0,1,0.0,24.49,6.0,881.67,0.05,34.0,0.17,48.98,146.95,8,0,17,12.0,12.0,0.5,1.0,2.0,9.0,0.05,38.0,12.0,22.0,10.0,10,58.62,0,False
21.0,7,40.0,11.0,0.21,20.0,2.0,5,0.45,49.0,7,0.6,58.55,21.92,28134.83,0.43,222.0,0.05,1563.05,1283.46,30,7,27,46.0,53.0,0.64,10.0,20.0,40.0,0.1,111.0,98.0,124.0,38.0,17,42.5,3,True
7.0,0,12.0,4.0,0.33,6.0,2.0,1,0.25,14.0,1,0.0,21.91,10.05,2210.79,0.07,48.0,0.1,122.82,220.08,1,0,0,12.0,12.0,0.25,3.0,6.0,12.0,0.29,14.0,17.0,31.0,11.0,13,0.0,0,False
5.0,2,8.0,3.0,0.3,4.0,2.0,2,0.67,11.0,1,0.0,12.06,16.88,3435.08,0.07,45.0,0.06,190.84,203.56,2,0,0,10.0,10.0,0.33,2.0,4.0,10.0,0.23,13.0,18.0,27.0,8.0,15,0.0,2,False
7.0,2,12.0,4.0,0.33,6.0,2.0,2,0.5,15.0,1,0.0,15.35,20.67,6557.23,0.11,66.0,0.05,364.29,317.29,0,0,0,12.0,12.0,0.25,3.0,6.0,13.0,0.31,13.0,31.0,35.0,12.0,16,0.0,0,False
3.0,1,4.0,2.0,0.29,2.0,2.0,2,1.0,5.0,1,0.0,15.02,5.71,490.5,0.03,21.0,0.18,27.25,85.84,4,1,9,6.0,7.0,0.5,1.0,2.0,5.0,0.1,21.0,8.0,13.0,7.0,10,62.5,1,False
3.0,4,4.0,2.0,0.15,2.0,2.0,2,1.0,10.0,1,0.0,29.33,4.5,594.0,0.04,33.0,0.22,33.0,132.0,7,1,3,12.0,13.0,0.5,1.0,2.0,10.0,0.08,24.0,15.0,18.0,10.0,6,25.0,0,False
1.0,0,0.0,1.0,0.14,0.0,0.0,1,1.0,1.0,1,0.0,12.99,6.13,487.35,0.03,23.0,0.16,27.07,79.57,0,0,0,7.0,7.0,1.0,0.0,0.0,2.0,0.13,8.0,7.0,16.0,4.0,7,0.0,2,False
19.0,3,30.0,10.0,0.77,12.0,2.5,5,0.5,35.0,6,0.56,19.75,20.46,8269.85,0.13,85.0,0.05,459.44,404.17,1,0,0,13.0,13.0,0.6,9.0,15.0,27.0,0.67,15.0,38.0,47.0,13.0,14,0.0,3,False
17.0,7,32.0,9.0,0.23,12.0,2.67,5,0.56,47.0,8,0.88,64.34,23.87,36663.65,0.51,256.0,0.04,2036.87,1536.0,13,1,17,39.0,40.0,0.89,10.0,16.0,40.0,0.13,71.0,122.0,134.0,46.0,18,31.58,3,False
3.0,2,4.0,2.0,0.15,2.0,2.0,2,1.0,7.0,1,0.0,44.01,5.85,1506.22,0.09,53.0,0.17,83.68,257.47,1,0,0,13.0,13.0,0.5,1.0,2.0,7.0,0.13,15.0,26.0,27.0,20.0,9,0.0,1,False
1.0,0,0.0,1.0,0.2,0.0,0.0,1,1.0,1.0,1,0.0,20.49,8.57,1505.68,0.06,49.0,0.12,83.65,175.66,2,0,0,5.0,5.0,1.0,0.0,0.0,2.0,0.13,8.0,24.0,25.0,7.0,5,0.0,2,False
5.0,6,8.0,3.0,0.1,4.0,2.0,2,0.67,15.0,1,0.0,33.66,44.54,66768.32,0.5,278.0,0.02,3709.35,1499.06,19,2,13,27.0,29.0,0.33,2.0,4.0,14.0,0.05,62.0,131.0,147.0,25.0,17,35.71,3,True
9.0,3,16.0,5.0,0.2,8.0,2.0,2,0.4,20.0,1,0.0,26.39,18.43,8961.02,0.16,92.0,0.05,497.83,486.26,13,1,0,24.0,25.0,0.2,4.0,8.0,17.0,0.13,39.0,43.0,49.0,21.0,18,4.0,2,False
49.0,0,96.0,25.0,0.19,48.0,2.0,1,0.04,121.0,1,0.0,1295.68,12.3,195940.93,5.31,1879.0,0.08,10885.61,15933.51,25,24,0,108.0,132.0,0.04,24.0,48.0,98.0,0.16,158.0,951.0,928.0,348.0,9,18.18,1,False
13.0,3,22.0,7.0,0.18,10.0,2.2,3,0.43,27.0,3,0.33,39.49,24.85,24386.04,0.33,173.0,0.04,1354.78,981.33,14,1,47,38.0,39.0,0.43,6.0,11.0,22.0,0.07,101.0,71.0,102.0,30.0,21,55.81,4,False
29.0,3,50.0,15.0,0.23,22.0,2.27,3,0.2,64.0,8,0.5,95.22,32.39,99926.73,1.03,474.0,0.03,5551.48,3084.69,25,2,11,64.0,66.0,0.53,14.0,25.0,51.0,0.15,103.0,230.0,244.0,71.0,20,16.88,0,False
13.0,2,24.0,7.0,0.19,12.0,2.0,7,1.0,37.0,1,0.0,33.06,25.74,21902.71,0.28,161.0,0.04,1216.82,850.95,4,0,3,36.0,36.0,0.14,6.0,12.0,32.0,0.16,44.0,74.0,87.0,23.0,16,7.69,2,False
1.0,1,0.0,1.0,0.25,0.0,0.0,1,1.0,2.0,1,0.0,9.51,3.0,85.59,0.01,9.0,0.33,4.75,28.53,3,0,0,4.0,4.0,1.0,0.0,0.0,3.0,0.13,8.0,3.0,6.0,3.0,6,0.0,0,False
8.0,5,4.0,6.0,0.14,2.0,2.0,6,1.0,23.0,1,0.0,44.55,25.33,28593.41,0.38,198.0,0.04,1588.52,1128.69,39,4,32,38.0,42.0,0.17,1.0,2.0,19.0,0.05,114.0,88.0,110.0,33.0,19,48.65,2,True
1.0,1,0.0,1.0,0.2,0.0,0.0,1,1.0,2.0,1,0.0,13.84,3.0,124.54,0.01,12.0,0.33,6.92,41.51,0,0,0,5.0,5.0,1.0,0.0,0.0,3.0,0.17,6.0,5.0,7.0,5.0,6,0.0,2,False
1.0,0,0.0,1.0,1.0,0.0,0.0,1,1.0,1.0,1,0.0,5.8,2.0,23.22,0.0,5.0,0.5,1.29,11.61,0,0,0,0.0,0.0,1.0,0.0,0.0,2.0,1.0,1.0,1.0,4.0,1.0,4,0.0,0,False
7.0,5,12.0,4.0,0.14,6.0,2.0,4,1.0,17.0,1,0.0,50.97,10.6,5730.99,0.18,99.0,0.09,318.39,540.48,13,5,5,24.0,29.0,0.25,3.0,6.0,15.0,0.08,48.0,41.0,58.0,29.0,15,29.41,1,True
3.0,3,4.0,2.0,0.1,2.0,2.0,2,1.0,12.0,1,0.0,52.01,14.66,11171.75,0.25,138.0,0.07,620.65,762.25,9,0,3,20.0,20.0,0.5,1.0,2.0,12.0,0.06,33.0,67.0,71.0,32.0,14,13.04,1,True
1.0,1,0.0,1.0,0.14,0.0,0.0,1,1.0,2.0,1,0.0,20.09,3.5,246.13,0.02,18.0,0.29,13.67,70.32,0,0,0,7.0,7.0,1.0,0.0,0.0,3.0,0.13,8.0,8.0,10.0,8.0,7,0.0,1,False
19.0,6,24.0,11.0,0.28,10.0,2.4,9,0.82,37.0,3,0.2,37.31,23.86,21248.49,0.3,152.0,0.04,1180.47,890.41,14,5,12,34.0,39.0,0.27,7.0,12.0,28.0,0.17,66.0,63.0,89.0,33.0,25,33.33,2,False
3.0,0,4.0,2.0,0.5,2.0,2.0,1,0.5,6.0,1,0.0,12.44,9.0,1008.0,0.04,28.0,0.11,56.0,112.0,3,0,0,4.0,4.0,0.5,1.0,2.0,6.0,0.25,8.0,14.0,14.0,7.0,9,0.0,3,False
7.0,1,12.0,4.0,0.25,6.0,2.0,1,0.25,15.0,1,0.0,13.27,21.0,5851.26,0.09,60.0,0.05,325.07,278.63,1,0,0,16.0,16.0,0.25,3.0,6.0,13.0,0.22,18.0,28.0,32.0,10.0,15,0.0,1,False
235.0,7,388.0,118.0,0.19,154.0,2.52,43,0.36,507.0,27,0.22,362.37,83.27,2512696.67,10.06,3680.0,0.01,139594.26,30174.79,18,0,32,627.0,627.0,0.23,117.0,194.0,391.0,0.17,678.0,1792.0,1888.0,269.0,25,4.86,4,False
7.0,1,8.0,4.0,0.4,2.0,4.0,1,0.25,11.0,1,0.0,23.78,10.15,2451.96,0.08,52.0,0.1,136.22,241.48,4,0,0,10.0,10.0,0.25,3.0,4.0,9.0,0.27,15.0,22.0,30.0,13.0,12,0.0,2,False
5.0,2,8.0,3.0,0.2,4.0,2.0,2,0.67,10.0,3,1.0,27.86,14.03,5479.69,0.13,75.0,0.07,304.43,390.71,9,2,6,13.0,15.0,1.0,2.0,4.0,9.0,0.1,31.0,33.0,42.0,20.0,17,38.1,1,True
11.0,0,20.0,6.0,0.03,10.0,2.0,1,0.17,21.0,1,0.0,355.66,18.58,122751.71,2.2,919.0,0.05,6819.54,6607.45,12,0,58,195.0,195.0,0.17,5.0,10.0,17.0,0.02,266.0,456.0,463.0,135.0,11,22.92,4,False
9.0,1,16.0,5.0,0.21,8.0,2.0,2,0.4,19.0,1,0.0,32.11,15.3,7522.74,0.16,93.0,0.07,417.93,491.54,25,7,9,17.0,24.0,0.2,4.0,8.0,16.0,0.08,59.0,44.0,49.0,23.0,16,48.48,0,False
11.0,1,18.0,6.0,0.67,8.0,2.25,2,0.33,21.0,5,0.8,10.31,18.2,3415.17,0.06,45.0,0.05,189.73,187.65,1,0,0,9.0,9.0,0.83,5.0,9.0,17.0,0.55,11.0,14.0,31.0,5.0,13,0.0,2,False
1.0,1,0.0,1.0,0.5,0.0,0.0,1,1.0,2.0,1,0.0,9.83,2.0,39.3,0.01,7.0,0.5,2.18,19.65,2,0,0,2.0,2.0,1.0,0.0,0.0,3.0,0.2,5.0,3.0,4.0,3.0,4,0.0,1,False
3.0,0,4.0,2.0,0.5,2.0,2.0,1,0.5,6.0,1,0.0,7.91,6.13,296.65,0.02,14.0,0.16,16.48,48.43,2,0,0,4.0,4.0,0.5,1.0,2.0,6.0,0.29,7.0,7.0,7.0,4.0,7,0.0,1,False
3.0,4,4.0,2.0,0.14,2.0,2.0,1,0.5,11.0,1,0.0,41.25,14.67,8873.33,0.2,121.0,0.07,492.96,605.0,8,0,0,14.0,14.0,0.5,1.0,2.0,11.0,0.09,23.0,56.0,65.0,21.0,11,0.0,0,True
3.0,0,4.0,2.0,0.33,2.0,2.0,1,0.5,5.0,1,0.0,10.58,7.2,548.26,0.03,20.0,0.14,30.46,76.15,1,0,0,6.0,6.0,0.5,1.0,2.0,5.0,0.25,8.0,8.0,12.0,5.0,9,0.0,1,False
15.0,2,26.0,8.0,0.35,12.0,2.17,3,0.38,27.0,1,0.0,24.73,28.0,19390.99,0.23,124.0,0.04,1077.28,692.54,16,5,13,18.0,23.0,0.13,7.0,13.0,21.0,0.15,53.0,56.0,68.0,24.0,24,50.0,1,False
7.0,0,10.0,4.0,0.4,4.0,2.5,1,0.25,11.0,1,0.0,6.98,22.1,3409.75,0.05,37.0,0.05,189.43,154.29,5,0,0,10.0,10.0,0.25,3.0,5.0,9.0,0.25,16.0,17.0,20.0,5.0,13,0.0,2,False
59.0,0,116.0,30.0,0.91,58.0,2.0,1,0.03,117.0,1,0.0,130.77,15.89,33012.61,0.69,345.0,0.06,1834.03,2077.71,2,31,0,2.0,33.0,0.03,29.0,58.0,89.0,0.83,36.0,156.0,189.0,54.0,11,93.94,1,False
5.0,6,8.0,3.0,0.13,4.0,2.0,3,1.0,14.0,1,0.0,52.14,12.54,8193.61,0.22,122.0,0.08,455.2,653.62,10,0,12,24.0,24.0,0.33,2.0,4.0,13.0,0.06,47.0,54.0,68.0,28.0,13,33.33,1,False
1.0,1,0.0,1.0,0.17,0.0,0.0,1,1.0,2.0,1,0.0,17.41,3.5,213.21,0.02,16.0,0.29,11.85,60.92,2,1,0,5.0,6.0,1.0,0.0,0.0,3.0,0.11,9.0,7.0,9.0,7.0,7,16.67,1,False
5.0,1,8.0,3.0,0.27,4.0,2.0,2,0.67,9.0,1,0.0,21.05,7.09,1058.51,0.05,33.0,0.14,58.81,149.28,2,0,0,11.0,11.0,0.33,2.0,4.0,8.0,0.21,14.0,13.0,20.0,11.0,12,0.0,3,False
3.0,2,4.0,2.0,0.25,2.0,2.0,2,1.0,7.0,1,0.0,18.53,9.0,1501.17,0.06,40.0,0.11,83.4,166.8,2,0,0,8.0,8.0,0.5,1.0,2.0,7.0,0.18,11.0,18.0,22.0,9.0,9,0.0,1,False
1.0,2,0.0,1.0,0.33,0.0,0.0,1,1.0,3.0,1,0.0,17.53,4.5,354.91,0.03,22.0,0.22,19.72,78.87,2,0,0,3.0,3.0,1.0,0.0,0.0,4.0,0.17,6.0,9.0,13.0,6.0,6,0.0,1,False
8.0,0,0.0,7.0,0.39,0.0,0.0,1,0.14,15.0,1,0.0,18.16,18.0,5884.2,0.11,68.0,0.06,326.9,326.9,4,6,0,12.0,18.0,0.14,0.0,0.0,10.0,0.3,23.0,20.0,48.0,10.0,18,33.33,3,True
9.0,0,0.0,8.0,0.19,0.0,0.0,1,0.13,17.0,1,0.0,26.83,44.36,52791.92,0.4,218.0,0.02,2932.88,1190.16,36,6,7,36.0,42.0,0.13,0.0,0.0,11.0,0.09,86.0,81.0,137.0,21.0,23,26.53,1,True
1.0,1,0.0,1.0,0.33,0.0,0.0,1,1.0,2.0,1,0.0,13.48,4.67,293.57,0.02,17.0,0.21,16.3,62.91,0,0,0,3.0,3.0,1.0,0.0,0.0,3.0,0.25,4.0,8.0,9.0,6.0,7,0.0,1,False
3.0,5,4.0,2.0,0.18,2.0,2.0,2,1.0,9.0,1,0.0,24.39,5.4,711.1,0.04,31.0,0.19,39.51,131.69,5,0,14,11.0,11.0,0.5,1.0,2.0,9.0,0.06,31.0,12.0,19.0,10.0,9,56.0,0,False
5.0,0,8.0,3.0,0.43,4.0,2.0,1,0.33,9.0,1,0.0,18.88,9.0,1529.25,0.06,40.0,0.11,84.96,169.92,1,0,0,7.0,7.0,0.33,2.0,4.0,8.0,0.33,9.0,20.0,20.0,10.0,9,0.0,2,False
11.0,2,20.0,6.0,0.35,10.0,2.0,3,0.5,22.0,1,0.0,13.79,21.0,6080.95,0.1,67.0,0.05,337.83,289.57,1,0,0,17.0,17.0,0.17,5.0,10.0,18.0,0.32,19.0,28.0,39.0,8.0,12,0.0,2,False
1.0,0,0.0,1.0,1.0,0.0,0.0,1,1.0,1.0,1,0.0,0.0,0.0,0.0,0.0,2.0,0.0,0.0,2.0,0,0,0,0.0,0.0,1.0,0.0,0.0,2.0,1.0,1.0,0.0,2.0,0.0,2,0.0,0,False
1.0,2,0.0,1.0,0.33,0.0,0.0,1,1.0,3.0,1,0.0,15.85,2.4,91.29,0.01,12.0,0.42,5.07,38.04,3,0,0,3.0,3.0,1.0,0.0,0.0,4.0,0.14,7.0,6.0,6.0,5.0,4,0.0,2,False
1.0,0,0.0,1.0,1.0,0.0,0.0,1,1.0,1.0,1,0.0,0.0,0.0,0.0,0.0,2.0,0.0,0.0,2.0,0,0,0,0.0,0.0,1.0,0.0,0.0,2.0,1.0,1.0,0.0,2.0,0.0,2,0.0,0,False
5.0,2,8.0,3.0,0.14,4.0,2.0,1,0.33,19.0,1,0.0,50.16,27.35,37530.39,0.46,247.0,0.04,2085.02,1371.98,6,5,15,16.0,21.0,0.33,2.0,4.0,18.0,0.07,43.0,106.0,141.0,31.0,16,55.56,2,False
11.0,2,18.0,6.0,0.33,8.0,2.25,2,0.33,21.0,6,1.0,22.75,20.0,9099.07,0.15,88.0,0.05,505.5,454.95,1,0,0,18.0,18.0,1.0,5.0,9.0,17.0,0.3,20.0,40.0,48.0,18.0,18,0.0,4,False
11.0,4,20.0,6.0,0.19,10.0,2.0,4,0.67,25.0,5,0.8,25.75,23.98,14801.55,0.21,116.0,0.04,822.31,617.34,19,4,21,27.0,31.0,0.83,5.0,10.0,21.0,0.08,72.0,53.0,63.0,21.0,19,48.08,0,False
110.0,19,196.0,57.0,0.4,92.0,2.13,43,0.75,247.0,42,0.73,111.38,61.95,427450.82,2.3,952.0,0.02,23747.27,6900.03,12,6,6,136.0,142.0,0.74,52.0,98.0,192.0,0.35,161.0,430.0,522.0,118.0,34,8.1,2,False
15.0,3,28.0,8.0,0.12,14.0,2.0,2,0.25,36.0,4,0.43,44.02,37.19,60876.7,0.55,268.0,0.03,3382.04,1637.08,19,2,39,64.0,66.0,0.5,7.0,14.0,30.0,0.06,125.0,123.0,145.0,43.0,26,39.05,1,False
64.0,2,92.0,35.0,0.19,36.0,2.56,17,0.49,120.0,22,0.62,144.78,33.72,164651.23,1.63,666.0,0.03,9147.29,4882.39,50,15,13,166.0,181.0,0.63,28.0,46.0,87.0,0.14,245.0,307.0,359.0,132.0,29,14.43,2,False
5.0,2,8.0,3.0,0.06,4.0,2.0,1,0.33,14.0,1,0.0,47.82,55.0,144649.1,0.88,457.0,0.02,8036.06,2629.98,6,0,11,49.0,49.0,0.33,2.0,4.0,13.0,0.04,67.0,220.0,237.0,36.0,18,18.33,3,False
5.0,1,6.0,3.0,0.3,2.0,3.0,1,0.33,9.0,1,0.0,18.38,11.23,2316.45,0.07,45.0,0.09,128.69,206.32,4,0,0,10.0,10.0,0.33,2.0,3.0,8.0,0.2,15.0,19.0,26.0,11.0,13,0.0,2,False
17.0,1,32.0,9.0,0.38,16.0,2.0,1,0.11,35.0,1,0.0,35.36,17.72,11106.15,0.21,129.0,0.06,617.01,626.68,4,0,0,24.0,24.0,0.11,8.0,16.0,28.0,0.31,29.0,58.0,71.0,18.0,11,0.0,2,True
3.0,0,4.0,2.0,0.4,2.0,2.0,1,0.5,6.0,1,0.0,6.5,6.0,234.0,0.01,13.0,0.17,13.0,39.0,2,0,0,5.0,5.0,0.5,1.0,2.0,6.0,0.25,8.0,4.0,9.0,2.0,6,0.0,2,False
1.0,0,0.0,1.0,0.03,0.0,0.0,1,1.0,1.0,1,0.0,105.95,8.65,7921.93,0.31,171.0,0.12,440.11,916.14,5,0,11,33.0,33.0,1.0,0.0,0.0,2.0,0.02,50.0,84.0,87.0,34.0,7,25.0,2,False
11.0,0,18.0,6.0,0.24,8.0,2.25,1,0.17,20.0,3,0.4,35.4,12.07,5158.69,0.14,84.0,0.08,286.59,427.35,5,4,2,21.0,25.0,0.5,5.0,9.0,16.0,0.18,33.0,39.0,45.0,21.0,13,22.22,3,False
1.0,1,0.0,1.0,0.5,0.0,0.0,1,1.0,2.0,1,0.0,12.95,4.0,207.22,0.02,14.0,0.25,11.51,51.81,2,0,0,2.0,2.0,1.0,0.0,0.0,3.0,0.2,5.0,5.0,9.0,5.0,8,0.0,0,False
9.0,0,12.0,5.0,0.83,4.0,3.0,1,0.2,13.0,5,1.0,18.02,6.29,712.17,0.04,29.0,0.16,39.57,113.3,0,0,0,6.0,6.0,1.0,4.0,6.0,10.0,0.71,7.0,11.0,18.0,7.0,8,0.0,1,False
1.0,0,0.0,1.0,0.33,0.0,0.0,1,1.0,1.0,1,0.0,7.75,2.0,31.02,0.01,6.0,0.5,1.72,15.51,1,1,0,2.0,3.0,1.0,0.0,0.0,2.0,0.2,5.0,2.0,4.0,2.0,4,33.33,1,False
9.0,1,14.0,5.0,0.56,6.0,2.33,2,0.4,14.0,4,0.75,13.09,18.67,4559.75,0.08,54.0,0.05,253.32,244.27,7,2,0,7.0,9.0,0.8,4.0,7.0,11.0,0.29,17.0,24.0,30.0,9.0,14,22.22,0,False
129.0,24,252.0,65.0,0.35,124.0,2.02,41,0.63,276.0,34,0.52,150.67,48.83,359267.3,2.45,981.0,0.02,19959.29,7357.35,57,7,8,179.0,186.0,0.52,64.0,126.0,213.0,0.26,252.0,438.0,543.0,148.0,33,7.73,2,False
3.0,0,4.0,2.0,0.5,2.0,2.0,1,0.5,5.0,1,0.0,11.39,3.5,139.52,0.01,12.0,0.29,7.75,39.86,0,0,0,4.0,4.0,0.5,1.0,2.0,5.0,0.4,5.0,3.0,9.0,3.0,7,0.0,3,False
7.0,2,12.0,4.0,0.17,6.0,2.0,3,0.75,16.0,1,0.0,34.63,21.2,15568.03,0.24,127.0,0.05,864.89,734.23,19,4,0,20.0,24.0,0.25,3.0,6.0,14.0,0.09,44.0,59.0,68.0,32.0,23,16.67,1,False
3.0,1,4.0,2.0,0.17,2.0,2.0,2,1.0,6.0,1,0.0,21.48,7.79,1304.11,0.06,37.0,0.13,72.45,167.37,8,2,0,10.0,12.0,0.5,1.0,2.0,6.0,0.1,21.0,17.0,20.0,12.0,11,16.67,1,False
11.0,0,18.0,6.0,0.46,8.0,2.25,1,0.17,19.0,5,0.8,8.39,32.79,9019.28,0.09,60.0,0.03,501.07,275.1,2,1,1,12.0,13.0,0.83,5.0,9.0,15.0,0.35,17.0,27.0,33.0,7.0,17,14.29,3,False
15.0,0,22.0,8.0,0.42,8.0,2.75,1,0.13,25.0,6,0.71,7.74,101.06,79044.51,0.26,161.0,0.01,4391.36,782.13,1,0,0,19.0,19.0,0.75,7.0,11.0,19.0,0.38,21.0,77.0,84.0,8.0,21,0.0,1,False
9.0,3,16.0,5.0,0.5,6.0,2.67,3,0.6,17.0,4,0.75,15.12,11.67,2058.21,0.06,39.0,0.09,114.35,176.42,2,0,1,10.0,10.0,0.8,5.0,8.0,14.0,0.36,14.0,15.0,24.0,9.0,14,9.09,0,False
1.0,0,0.0,1.0,1.0,0.0,0.0,1,1.0,1.0,1,0.0,0.0,0.0,0.0,0.0,2.0,0.0,0.0,2.0,0,0,0,0.0,0.0,1.0,0.0,0.0,2.0,1.0,1.0,0.0,2.0,0.0,2,0.0,0,False
3.0,2,4.0,2.0,0.25,2.0,2.0,2,1.0,7.0,1,0.0,18.53,9.0,1501.17,0.06,40.0,0.11,83.4,166.8,2,0,0,8.0,8.0,0.5,1.0,2.0,7.0,0.18,11.0,18.0,22.0,9.0,9,0.0,1,False
5.0,2,8.0,3.0,0.5,4.0,2.0,3,1.0,10.0,3,1.0,13.67,8.0,875.14,0.04,28.0,0.13,48.62,109.39,0,0,0,6.0,6.0,1.0,2.0,4.0,9.0,0.43,7.0,8.0,20.0,5.0,10,0.0,1,False
1.0,0,0.0,1.0,0.33,0.0,0.0,1,1.0,1.0,1,0.0,9.83,2.0,39.3,0.01,7.0,0.5,2.18,19.65,0,0,0,3.0,3.0,1.0,0.0,0.0,2.0,0.25,4.0,3.0,4.0,3.0,4,0.0,1,False
1.0,5,0.0,1.0,0.02,0.0,0.0,1,1.0,42.0,1,0.0,170.23,22.53,86400.63,1.28,576.0,0.04,4800.03,3835.13,14,0,3,43.0,43.0,1.0,0.0,0.0,43.0,0.02,61.0,280.0,296.0,87.0,14,6.52,1,False
5.0,6,8.0,3.0,0.1,4.0,2.0,1,0.33,22.0,1,0.0,87.22,17.4,26406.88,0.51,252.0,0.06,1467.05,1517.64,11,0,27,31.0,31.0,0.33,2.0,4.0,21.0,0.04,70.0,116.0,136.0,50.0,15,46.55,2,False
52.0,13,80.0,28.0,0.42,36.0,2.22,17,0.61,108.0,22,0.78,50.5,42.41,90808.6,0.71,335.0,0.02,5044.92,2141.43,8,0,7,66.0,66.0,0.79,22.0,40.0,82.0,0.34,82.0,145.0,190.0,53.0,31,9.59,2,False
3.0,0,4.0,2.0,0.33,2.0,2.0,1,0.5,6.0,1,0.0,7.57,9.0,613.03,0.02,19.0,0.11,34.06,68.11,0,0,0,6.0,6.0,0.5,1.0,2.0,6.0,0.29,7.0,9.0,10.0,4.0,8,0.0,0,False
11.0,1,20.0,6.0,0.3,10.0,2.0,2,0.33,27.0,1,0.0,34.83,13.0,5886.19,0.15,89.0,0.08,327.01,452.78,2,1,1,19.0,20.0,0.17,5.0,10.0,23.0,0.25,24.0,42.0,47.0,21.0,13,9.52,1,False
5.0,1,8.0,3.0,0.18,4.0,2.0,1,0.33,13.0,1,0.0,22.02,27.0,16052.62,0.2,115.0,0.04,891.81,594.54,5,0,0,17.0,17.0,0.33,2.0,4.0,12.0,0.13,23.0,54.0,61.0,18.0,18,0.0,4,False
5.0,8,8.0,3.0,0.18,4.0,2.0,3,1.0,18.0,1,0.0,54.41,6.07,2001.52,0.11,66.0,0.16,111.2,330.0,11,1,10,16.0,17.0,0.33,2.0,4.0,17.0,0.08,39.0,31.0,35.0,23.0,9,40.74,0,True
3.0,2,4.0,2.0,0.33,2.0,2.0,1,0.5,7.0,1,0.0,15.9,6.43,656.91,0.03,25.0,0.16,36.5,102.19,1,0,0,6.0,6.0,0.5,1.0,2.0,7.0,0.25,8.0,9.0,16.0,7.0,10,0.0,2,False
3.0,2,4.0,2.0,0.18,2.0,2.0,2,1.0,8.0,1,0.0,34.56,4.0,552.97,0.05,31.0,0.25,30.72,138.24,8,2,0,9.0,11.0,0.5,1.0,2.0,8.0,0.1,20.0,14.0,17.0,14.0,8,18.18,1,False
1.0,1,0.0,1.0,0.33,0.0,0.0,1,1.0,2.0,1,0.0,13.84,3.0,124.54,0.01,12.0,0.33,6.92,41.51,3,0,0,3.0,3.0,1.0,0.0,0.0,3.0,0.14,7.0,5.0,7.0,5.0,6,0.0,2,False
3.0,1,4.0,2.0,0.25,2.0,2.0,2,1.0,7.0,1,0.0,14.6,11.59,1961.37,0.06,36.0,0.09,108.96,169.22,1,0,0,8.0,8.0,0.5,1.0,2.0,7.0,0.2,10.0,17.0,19.0,11.0,15,0.0,2,False
5.0,1,8.0,3.0,0.07,4.0,2.0,1,0.33,11.0,1,0.0,99.6,16.93,28538.58,0.56,276.0,0.06,1585.48,1685.95,7,0,8,46.0,46.0,0.33,2.0,4.0,10.0,0.05,62.0,133.0,143.0,55.0,14,14.81,4,False
10.0,1,6.0,7.0,0.23,2.0,3.0,2,0.29,20.0,3,0.33,29.63,16.28,7847.47,0.16,90.0,0.06,435.97,482.18,14,2,3,28.0,30.0,0.43,2.0,3.0,15.0,0.15,48.0,31.0,59.0,20.0,21,15.15,0,False
3.0,0,4.0,2.0,0.29,2.0,2.0,1,0.5,6.0,1,0.0,8.88,9.0,719.59,0.03,21.0,0.11,39.98,79.95,0,0,0,7.0,7.0,0.5,1.0,2.0,6.0,0.25,8.0,10.0,11.0,5.0,9,0.0,2,False
17.0,2,32.0,9.0,0.33,16.0,2.0,2,0.22,36.0,5,0.5,32.25,23.09,17192.85,0.25,139.0,0.04,955.16,744.7,6,3,0,24.0,27.0,0.56,8.0,16.0,29.0,0.26,34.0,59.0,80.0,23.0,18,11.11,2,False
5.0,2,8.0,3.0,0.21,4.0,2.0,1,0.33,12.0,1,0.0,32.11,9.58,2947.52,0.1,61.0,0.1,163.75,307.71,13,4,0,10.0,14.0,0.33,2.0,4.0,11.0,0.11,28.0,26.0,35.0,19.0,14,28.57,2,False
13.0,2,22.0,7.0,0.25,10.0,2.2,2,0.29,26.0,3,0.33,20.57,34.44,24402.86,0.24,135.0,0.03,1355.71,708.47,8,2,9,26.0,28.0,0.43,6.0,11.0,21.0,0.15,46.0,62.0,73.0,18.0,20,29.73,2,False
15.0,7,12.0,9.0,0.19,4.0,3.0,7,0.78,30.0,5,0.5,40.02,17.15,11771.13,0.23,121.0,0.06,653.95,686.36,21,4,3,43.0,47.0,0.56,4.0,6.0,23.0,0.13,72.0,49.0,72.0,30.0,21,14.0,0,False
1.0,0,0.0,1.0,0.33,0.0,0.0,1,1.0,1.0,1,0.0,9.83,2.0,39.3,0.01,7.0,0.5,2.18,19.65,0,0,0,3.0,3.0,1.0,0.0,0.0,2.0,0.25,4.0,3.0,4.0,3.0,4,0.0,1,False
7.0,2,10.0,4.0,0.22,4.0,2.5,3,0.75,13.0,3,0.67,31.36,10.11,3205.92,0.11,64.0,0.1,178.11,317.07,13,4,0,14.0,18.0,0.75,3.0,5.0,11.0,0.13,32.0,28.0,36.0,18.0,13,22.22,1,False
11.0,2,16.0,6.0,0.35,6.0,2.67,3,0.5,20.0,6,1.0,15.38,23.38,8403.09,0.12,74.0,0.04,466.84,359.49,1,0,0,17.0,17.0,1.0,5.0,8.0,16.0,0.32,19.0,33.0,41.0,12.0,17,0.0,3,False
13.0,3,22.0,7.0,0.3,10.0,2.2,7,1.0,27.0,4,0.5,28.34,22.91,14874.31,0.22,122.0,0.04,826.35,649.28,2,0,0,23.0,23.0,0.57,6.0,11.0,22.0,0.27,26.0,56.0,66.0,22.0,18,0.0,2,False
1.0,1,0.0,1.0,0.33,0.0,0.0,1,1.0,2.0,1,0.0,7.75,2.0,31.02,0.01,6.0,0.5,1.72,15.51,1,0,0,3.0,3.0,1.0,0.0,0.0,3.0,0.2,5.0,2.0,4.0,2.0,4,0.0,0,False
24.0,20,0.0,22.0,0.29,0.0,0.0,22,1.0,49.0,1,0.0,69.94,17.55,21536.08,0.41,192.0,0.06,1196.45,1227.32,29,2,0,75.0,77.0,0.05,0.0,0.0,29.0,0.21,107.0,60.0,132.0,53.0,31,2.6,0,False
9.0,3,14.0,5.0,0.24,6.0,2.33,3,0.6,17.0,3,0.5,21.11,20.5,8869.57,0.14,90.0,0.05,492.75,432.66,10,2,0,19.0,21.0,0.6,4.0,7.0,14.0,0.16,32.0,41.0,49.0,14.0,14,9.52,3,False
3.0,1,4.0,2.0,0.25,2.0,2.0,1,0.5,7.0,1,0.0,17.2,6.67,764.63,0.04,27.0,0.15,42.48,114.69,0,0,0,8.0,8.0,0.5,1.0,2.0,7.0,0.22,9.0,12.0,15.0,9.0,10,0.0,1,False
1.0,1,0.0,1.0,0.33,0.0,0.0,1,1.0,2.0,1,0.0,12.68,2.5,79.25,0.01,10.0,0.4,4.4,31.7,1,0,0,3.0,3.0,1.0,0.0,0.0,3.0,0.2,5.0,4.0,6.0,4.0,5,0.0,2,False
5.0,4,6.0,3.0,0.23,2.0,3.0,1,0.33,11.0,1,0.0,20.6,11.31,2634.57,0.08,49.0,0.09,146.37,232.99,6,0,13,13.0,13.0,0.33,2.0,3.0,10.0,0.09,33.0,21.0,28.0,13.0,14,50.0,1,False
1.0,3,0.0,1.0,0.04,0.0,0.0,1,1.0,22.0,1,0.0,43.14,21.75,20407.1,0.31,186.0,0.05,1133.73,938.26,2,0,0,24.0,24.0,1.0,0.0,0.0,23.0,0.04,27.0,87.0,99.0,22.0,11,0.0,0,False
31.0,6,56.0,16.0,0.39,26.0,2.15,12,0.75,63.0,12,0.73,42.81,30.67,40261.54,0.44,218.0,0.03,2236.75,1312.88,3,0,0,41.0,41.0,0.75,15.0,28.0,49.0,0.36,45.0,92.0,126.0,39.0,26,0.0,2,False
41.0,5,74.0,21.0,0.18,34.0,2.18,12,0.57,79.0,6,0.25,147.44,19.65,56922.69,0.97,418.0,0.05,3162.37,2897.05,9,14,24,102.0,116.0,0.29,20.0,37.0,60.0,0.13,167.0,189.0,229.0,101.0,21,27.14,1,True
9.0,3,14.0,5.0,0.36,6.0,2.33,3,0.6,19.0,3,0.5,27.69,10.11,2831.11,0.09,56.0,0.1,157.28,280.0,1,0,1,14.0,14.0,0.6,4.0,7.0,16.0,0.29,17.0,26.0,30.0,18.0,14,6.67,1,False
5.0,0,8.0,3.0,0.33,4.0,2.0,1,0.33,10.0,1,0.0,10.4,11.0,1258.94,0.04,28.0,0.09,69.94,114.45,1,0,0,9.0,9.0,0.33,2.0,4.0,9.0,0.27,11.0,12.0,16.0,6.0,11,0.0,1,False
1.0,3,0.0,1.0,0.14,0.0,0.0,1,1.0,4.0,1,0.0,15.36,4.2,271.02,0.02,18.0,0.24,15.06,64.53,0,0,0,7.0,7.0,1.0,0.0,0.0,5.0,0.13,8.0,6.0,12.0,5.0,7,0.0,0,False
7.0,0,12.0,4.0,0.31,6.0,2.0,1,0.25,12.0,1,0.0,22.96,13.59,4242.8,0.1,63.0,0.07,235.71,312.11,13,3,0,10.0,13.0,0.25,3.0,6.0,10.0,0.15,27.0,29.0,34.0,16.0,15,23.08,2,False
33.0,6,56.0,17.0,0.43,24.0,2.33,5,0.29,64.0,7,0.38,51.63,25.9,34627.03,0.45,214.0,0.04,1923.72,1337.06,4,6,0,34.0,40.0,0.41,16.0,28.0,49.0,0.38,45.0,94.0,120.0,49.0,27,15.0,3,False
1.0,3,0.0,1.0,0.17,0.0,0.0,1,1.0,4.0,1,0.0,18.6,5.25,512.78,0.03,25.0,0.19,28.49,97.67,4,0,0,6.0,6.0,1.0,0.0,0.0,5.0,0.09,11.0,12.0,13.0,8.0,7,0.0,1,True
9.0,1,14.0,5.0,0.19,6.0,2.33,3,0.6,20.0,4,0.75,33.97,22.5,17197.21,0.25,140.0,0.04,955.4,764.32,11,2,6,25.0,27.0,0.8,4.0,7.0,17.0,0.11,45.0,65.0,75.0,26.0,18,24.24,0,False
3.0,11,4.0,2.0,0.04,2.0,2.0,1,0.5,18.0,1,0.0,107.8,23.13,57647.66,0.83,384.0,0.04,3202.65,2492.87,14,1,39,51.0,52.0,0.5,1.0,2.0,18.0,0.02,106.0,185.0,199.0,72.0,18,43.96,0,True
5.0,3,8.0,3.0,0.25,4.0,2.0,3,1.0,11.0,1,0.0,18.39,19.2,6779.67,0.12,70.0,0.05,376.65,353.11,1,0,0,12.0,12.0,0.33,2.0,4.0,10.0,0.21,14.0,32.0,38.0,15.0,18,0.0,2,False
7.0,3,12.0,4.0,0.18,6.0,2.0,3,0.75,16.0,1,0.0,28.85,9.71,2717.65,0.09,56.0,0.1,150.98,280.0,7,0,14,22.0,22.0,0.25,3.0,6.0,14.0,0.09,44.0,22.0,34.0,17.0,15,38.89,2,False
15.0,9,28.0,8.0,0.2,12.0,2.33,7,0.88,41.0,1,0.0,61.99,27.4,46526.99,0.57,271.0,0.04,2584.83,1698.3,27,5,29,35.0,40.0,0.13,8.0,14.0,35.0,0.08,97.0,121.0,150.0,53.0,24,49.28,1,True
3.0,1,4.0,2.0,0.25,2.0,2.0,1,0.5,7.0,1,0.0,13.56,5.33,385.81,0.02,19.0,0.19,21.43,72.34,1,0,0,8.0,8.0,0.5,1.0,2.0,7.0,0.2,10.0,8.0,11.0,6.0,8,0.0,2,False
7.0,2,12.0,4.0,0.22,6.0,2.0,2,0.5,13.0,4,1.0,31.03,6.29,1225.98,0.07,42.0,0.16,68.11,195.04,4,0,7,18.0,18.0,1.0,3.0,6.0,11.0,0.13,30.0,16.0,26.0,14.0,11,28.0,3,False
31.0,7,50.0,16.0,0.19,20.0,2.5,7,0.44,69.0,14,0.87,85.98,28.08,67800.78,0.8,365.0,0.04,3766.71,2414.37,71,21,51,64.0,85.0,0.88,15.0,25.0,55.0,0.08,208.0,164.0,201.0,73.0,25,52.94,1,False
1.0,0,0.0,1.0,0.07,0.0,0.0,1,1.0,1.0,1,0.0,23.49,32.72,25163.18,0.26,181.0,0.03,1397.95,768.87,4,0,0,14.0,14.0,1.0,0.0,0.0,2.0,0.05,19.0,90.0,91.0,11.0,8,0.0,3,False
5.0,4,8.0,3.0,0.09,4.0,2.0,2,0.67,20.0,1,0.0,37.82,17.54,11632.47,0.22,123.0,0.06,646.25,663.26,14,6,37,26.0,32.0,0.33,2.0,4.0,19.0,0.03,91.0,57.0,66.0,26.0,16,62.32,1,False
9.0,2,12.0,5.0,0.26,6.0,2.0,4,0.8,20.0,1,0.0,41.54,6.32,1656.83,0.09,54.0,0.16,92.05,262.33,6,2,9,17.0,19.0,0.2,3.0,6.0,17.0,0.14,35.0,24.0,30.0,19.0,10,39.29,1,False
5.0,6,6.0,3.0,0.13,2.0,3.0,2,0.67,15.0,3,1.0,48.96,17.75,15426.54,0.29,149.0,0.06,857.03,869.1,0,1,0,23.0,24.0,1.0,2.0,3.0,14.0,0.12,25.0,71.0,78.0,38.0,19,4.17,2,True
5.0,5,8.0,3.0,0.12,4.0,2.0,3,1.0,12.0,1,0.0,48.96,8.1,3208.43,0.13,80.0,0.12,178.25,396.34,4,0,0,26.0,26.0,0.33,2.0,4.0,11.0,0.1,31.0,34.0,46.0,21.0,10,0.0,4,False
1.0,0,0.0,1.0,0.33,0.0,0.0,1,1.0,1.0,1,0.0,9.0,3.33,100.0,0.01,10.0,0.3,5.56,30.0,0,0,0,3.0,3.0,1.0,0.0,0.0,2.0,0.25,4.0,4.0,6.0,3.0,5,0.0,0,False
7.0,0,10.0,4.0,0.5,4.0,2.5,1,0.25,12.0,3,0.67,10.8,10.0,1080.0,0.04,27.0,0.1,60.0,108.0,1,0,0,8.0,8.0,0.75,3.0,5.0,10.0,0.4,10.0,12.0,15.0,6.0,10,0.0,2,False
1.0,1,0.0,1.0,0.2,0.0,0.0,1,1.0,2.0,1,0.0,10.28,4.38,196.76,0.01,13.0,0.23,10.93,44.97,1,0,0,5.0,5.0,1.0,0.0,0.0,3.0,0.14,7.0,5.0,8.0,4.0,7,0.0,1,False
7.0,5,12.0,4.0,0.18,6.0,2.0,4,1.0,16.0,1,0.0,45.88,9.11,3805.17,0.14,77.0,0.11,211.4,417.82,15,4,6,18.0,22.0,0.25,3.0,6.0,14.0,0.09,44.0,34.0,43.0,28.0,15,35.71,1,False
3.0,0,4.0,2.0,0.4,2.0,2.0,1,0.5,6.0,1,0.0,10.75,5.0,268.87,0.02,15.0,0.2,14.94,53.77,1,0,0,5.0,5.0,0.5,1.0,2.0,6.0,0.29,7.0,5.0,10.0,4.0,8,0.0,3,False
17.0,6,30.0,9.0,0.27,14.0,2.14,4,0.44,39.0,7,0.75,58.4,14.93,13015.0,0.29,147.0,0.07,723.06,871.82,9,4,8,29.0,33.0,0.78,8.0,15.0,32.0,0.18,51.0,66.0,81.0,42.0,19,29.27,2,False
1.0,0,0.0,1.0,0.33,0.0,0.0,1,1.0,1.0,1,0.0,8.15,3.5,99.85,0.01,9.0,0.29,5.55,28.53,1,0,0,3.0,3.0,1.0,0.0,0.0,2.0,0.2,5.0,2.0,7.0,2.0,7,0.0,0,False
15.0,1,0.0,14.0,0.45,0.0,0.0,14,1.0,29.0,1,0.0,46.4,12.86,7669.86,0.2,108.0,0.08,426.1,596.54,0,0,0,31.0,31.0,0.07,0.0,0.0,17.0,0.44,32.0,40.0,68.0,28.0,18,0.0,1,False
3.0,8,4.0,2.0,0.1,2.0,2.0,2,1.0,14.0,1,0.0,39.6,9.45,3540.14,0.12,73.0,0.11,196.67,374.44,15,0,5,21.0,21.0,0.5,1.0,2.0,14.0,0.05,42.0,32.0,41.0,22.0,13,19.23,1,True
19.0,6,34.0,10.0,0.25,16.0,2.13,3,0.3,44.0,1,0.0,84.79,15.33,19927.37,0.43,210.0,0.07,1107.08,1299.86,26,7,44,33.0,40.0,0.1,9.0,17.0,36.0,0.09,111.0,101.0,109.0,56.0,17,60.71,0,False
1.0,0,0.0,1.0,0.25,0.0,0.0,1,1.0,1.0,1,0.0,10.8,2.5,67.5,0.01,9.0,0.4,3.75,27.0,0,0,0,4.0,4.0,1.0,0.0,0.0,2.0,0.2,5.0,3.0,6.0,3.0,5,0.0,2,False
3.0,4,4.0,2.0,0.13,2.0,2.0,2,1.0,9.0,1,0.0,40.12,6.05,1468.67,0.08,49.0,0.17,81.59,242.76,12,2,4,13.0,15.0,0.5,1.0,2.0,9.0,0.06,32.0,22.0,27.0,20.0,11,31.58,1,False
3.0,0,4.0,2.0,1.0,2.0,2.0,1,0.5,6.0,1,0.0,13.29,3.0,119.59,0.01,12.0,0.33,6.64,39.86,0,0,0,0.0,0.0,0.5,1.0,2.0,6.0,2.0,1.0,4.0,8.0,4.0,6,0.0,2,False
27.0,1,44.0,14.0,0.26,18.0,2.44,1,0.07,51.0,11,0.77,32.58,37.08,44807.95,0.4,209.0,0.03,2489.33,1208.3,36,11,24,43.0,54.0,0.79,13.0,22.0,39.0,0.12,115.0,89.0,120.0,30.0,25,44.87,1,False
21.0,4,28.0,11.0,0.29,8.0,3.5,5,0.45,34.0,10,0.9,78.46,12.52,12301.89,0.33,165.0,0.08,683.44,982.44,19,8,4,30.0,38.0,0.91,10.0,22.0,25.0,0.18,62.0,72.0,93.0,46.0,16,28.57,1,True
15.0,1,26.0,8.0,0.38,12.0,2.17,2,0.25,32.0,4,0.43,15.74,26.13,10742.56,0.14,83.0,0.04,596.81,411.2,4,1,1,20.0,21.0,0.5,7.0,13.0,26.0,0.3,27.0,33.0,50.0,12.0,19,9.09,1,False
1.0,0,0.0,1.0,0.5,0.0,0.0,1,1.0,1.0,1,0.0,7.75,2.0,31.02,0.01,6.0,0.5,1.72,15.51,2,0,0,2.0,2.0,1.0,0.0,0.0,2.0,0.2,5.0,2.0,4.0,2.0,4,0.0,1,False
3.0,1,4.0,2.0,0.14,2.0,2.0,2,1.0,5.0,1,0.0,20.76,12.27,3126.53,0.08,58.0,0.08,173.7,254.75,0,0,0,14.0,14.0,0.5,1.0,2.0,5.0,0.13,15.0,27.0,31.0,11.0,10,0.0,1,False
16.0,9,16.0,10.0,0.22,6.0,2.67,8,0.8,33.0,5,0.44,48.11,16.19,12617.28,0.26,133.0,0.06,700.96,779.11,33,12,23,33.0,45.0,0.5,5.0,8.0,25.0,0.1,102.0,53.0,80.0,36.0,22,51.47,0,False
17.0,1,32.0,9.0,0.38,16.0,2.0,1,0.11,35.0,1,0.0,35.36,17.72,11106.15,0.21,129.0,0.06,617.01,626.68,4,0,0,24.0,24.0,0.11,8.0,16.0,28.0,0.31,29.0,58.0,71.0,18.0,11,0.0,2,True
1.0,1,0.0,1.0,0.5,0.0,0.0,1,1.0,2.0,1,0.0,9.51,3.0,85.59,0.01,9.0,0.33,4.75,28.53,2,0,0,2.0,2.0,1.0,0.0,0.0,3.0,0.2,5.0,3.0,6.0,3.0,6,0.0,1,False
5.0,0,8.0,3.0,0.25,4.0,2.0,1,0.33,9.0,1,0.0,59.38,12.02,8577.83,0.24,136.0,0.08,476.55,713.72,2,10,0,2.0,12.0,0.33,2.0,4.0,8.0,0.2,15.0,59.0,77.0,27.0,11,83.33,1,False
3.0,0,4.0,2.0,0.4,2.0,2.0,1,0.5,5.0,1,0.0,9.87,5.63,312.22,0.02,15.0,0.18,17.35,55.51,3,0,0,5.0,5.0,0.5,1.0,2.0,5.0,0.22,9.0,5.0,10.0,4.0,9,0.0,2,False
61.0,8,114.0,31.0,0.33,54.0,2.11,15,0.48,130.0,25,0.8,104.29,36.9,142000.7,1.28,548.0,0.03,7888.93,3848.26,16,0,1,95.0,95.0,0.81,30.0,57.0,101.0,0.27,113.0,246.0,302.0,100.0,30,1.04,2,False
5.0,4,8.0,3.0,0.25,4.0,2.0,3,1.0,12.0,1,0.0,24.82,7.86,1532.47,0.07,42.0,0.13,85.14,195.04,3,0,0,12.0,12.0,0.33,2.0,4.0,11.0,0.19,16.0,20.0,22.0,14.0,11,0.0,0,False
3.0,0,4.0,2.0,0.4,2.0,2.0,1,0.5,6.0,1,0.0,10.41,6.4,426.29,0.02,18.0,0.16,23.68,66.61,3,0,1,5.0,5.0,0.5,1.0,2.0,6.0,0.2,10.0,8.0,10.0,5.0,8,16.67,2,False
7.0,1,12.0,4.0,0.31,6.0,2.0,1,0.25,16.0,1,0.0,24.0,22.5,12150.0,0.18,108.0,0.04,675.0,540.0,16,0,9,13.0,13.0,0.25,3.0,6.0,14.0,0.1,39.0,51.0,57.0,17.0,15,40.91,0,False
1.0,0,0.0,1.0,0.5,0.0,0.0,1,1.0,1.0,1,0.0,0.0,0.0,0.0,0.0,1.0,0.0,0.0,0.0,1,0,0,2.0,2.0,1.0,0.0,0.0,2.0,0.25,4.0,0.0,1.0,0.0,1,0.0,3,False
31.0,4,50.0,17.0,0.31,24.0,2.08,12,0.71,68.0,15,0.88,29.26,76.36,170603.91,0.74,367.0,0.01,9478.0,2234.1,5,0,0,55.0,55.0,0.88,13.0,25.0,53.0,0.22,78.0,144.0,223.0,33.0,35,0.0,4,False
1.0,1,0.0,1.0,0.25,0.0,0.0,1,1.0,2.0,1,0.0,5.33,1.5,12.0,0.0,4.0,0.67,0.67,8.0,0,0,0,4.0,4.0,1.0,0.0,0.0,3.0,0.2,5.0,1.0,3.0,1.0,3,0.0,1,False
4.0,0,0.0,3.0,0.14,0.0,0.0,1,0.33,8.0,1,0.0,27.7,12.57,4378.49,0.12,75.0,0.08,243.25,348.29,4,3,0,18.0,21.0,0.33,0.0,0.0,7.0,0.12,26.0,32.0,43.0,14.0,11,14.29,1,False
9.0,1,14.0,5.0,0.21,6.0,2.33,4,0.8,18.0,3,0.5,56.3,11.0,6811.81,0.21,118.0,0.09,378.43,619.26,14,3,0,21.0,24.0,0.6,4.0,7.0,15.0,0.13,39.0,54.0,64.0,27.0,11,12.5,0,False
1.0,1,0.0,1.0,0.13,0.0,0.0,1,1.0,2.0,1,0.0,19.28,13.78,3660.55,0.09,65.0,0.07,203.36,265.69,0,0,0,8.0,8.0,1.0,0.0,0.0,3.0,0.11,9.0,31.0,34.0,9.0,8,0.0,2,False
5.0,1,10.0,3.0,0.25,4.0,2.5,2,0.67,10.0,1,0.0,18.53,11.67,2522.57,0.07,46.0,0.09,140.14,216.22,11,2,8,10.0,12.0,0.33,3.0,5.0,9.0,0.09,32.0,20.0,26.0,12.0,14,50.0,1,False
3.0,0,4.0,2.0,0.29,2.0,2.0,1,0.5,5.0,1,0.0,14.14,5.25,389.71,0.02,19.0,0.19,21.65,74.23,4,1,1,6.0,7.0,0.5,1.0,2.0,5.0,0.15,13.0,7.0,12.0,6.0,9,25.0,2,False
7.0,1,12.0,4.0,0.31,6.0,2.0,2,0.5,15.0,3,0.67,15.39,20.17,6258.43,0.1,61.0,0.05,347.69,310.34,1,0,0,13.0,13.0,0.75,3.0,6.0,13.0,0.27,15.0,22.0,39.0,12.0,22,0.0,4,False
5.0,0,8.0,3.0,0.19,4.0,2.0,1,0.33,10.0,3,1.0,15.53,18.9,5545.97,0.1,64.0,0.05,308.11,293.44,1,0,0,16.0,16.0,1.0,2.0,4.0,9.0,0.17,18.0,27.0,37.0,10.0,14,0.0,2,False
1.0,3,0.0,1.0,0.1,0.0,0.0,1,1.0,5.0,1,0.0,46.73,9.56,4266.95,0.15,95.0,0.1,237.05,446.54,5,0,0,10.0,10.0,1.0,0.0,0.0,6.0,0.06,16.0,43.0,52.0,18.0,8,0.0,0,False
3.0,1,4.0,2.0,0.1,2.0,2.0,1,0.5,8.0,1,0.0,46.11,14.5,9695.39,0.22,124.0,0.07,538.63,668.65,25,0,10,21.0,21.0,0.5,1.0,2.0,8.0,0.04,57.0,58.0,66.0,28.0,14,32.25,0,False
3.0,1,4.0,2.0,0.33,2.0,2.0,1,0.5,7.0,1,0.0,11.53,11.25,1458.65,0.04,30.0,0.09,81.04,129.66,4,0,0,6.0,6.0,0.5,1.0,2.0,7.0,0.18,11.0,15.0,15.0,8.0,12,0.0,1,False
1.0,0,4.0,1.0,0.13,2.0,2.0,1,1.0,1.0,1,0.0,13.96,6.0,502.57,0.03,22.0,0.17,27.92,83.76,1,0,4,8.0,8.0,1.0,1.0,2.0,2.0,0.07,14.0,9.0,13.0,6.0,8,33.33,0,False
9.0,4,14.0,5.0,0.11,6.0,2.33,3,0.6,21.0,3,0.5,61.27,44.61,121958.52,0.91,446.0,0.02,6775.47,2733.66,15,14,2,31.0,45.0,0.6,4.0,7.0,18.0,0.08,63.0,151.0,295.0,44.0,26,34.04,1,False
1.0,0,0.0,1.0,0.2,0.0,0.0,1,1.0,1.0,1,0.0,18.71,10.29,1979.21,0.06,52.0,0.1,109.96,192.42,2,0,0,5.0,5.0,1.0,0.0,0.0,2.0,0.13,8.0,24.0,28.0,7.0,6,0.0,2,False
3.0,2,4.0,2.0,0.22,2.0,2.0,2,1.0,8.0,1,0.0,16.25,8.89,1283.82,0.05,34.0,0.11,71.32,144.43,0,0,0,9.0,9.0,0.5,1.0,2.0,8.0,0.2,10.0,16.0,18.0,9.0,10,0.0,2,False
5.0,4,8.0,3.0,0.18,4.0,2.0,3,1.0,17.0,1,0.0,28.72,14.88,6354.23,0.14,82.0,0.07,353.01,427.18,19,3,12,14.0,17.0,0.33,2.0,4.0,16.0,0.06,49.0,35.0,47.0,20.0,17,51.72,2,False
1.0,1,0.0,1.0,0.25,0.0,0.0,1,1.0,2.0,1,0.0,13.45,3.6,174.36,0.02,14.0,0.28,9.69,48.43,0,0,0,4.0,4.0,1.0,0.0,0.0,3.0,0.2,5.0,6.0,8.0,5.0,6,0.0,1,False
1.0,1,0.0,1.0,0.2,0.0,0.0,1,1.0,2.0,1,0.0,6.74,3.75,94.75,0.01,9.0,0.27,5.26,25.27,2,0,1,5.0,5.0,1.0,0.0,0.0,3.0,0.11,9.0,3.0,6.0,2.0,5,16.67,0,False
3.0,1,4.0,2.0,0.29,2.0,2.0,2,1.0,7.0,1,0.0,8.41,10.13,861.74,0.03,23.0,0.1,47.87,85.11,0,0,0,7.0,7.0,0.5,1.0,2.0,7.0,0.25,8.0,9.0,14.0,4.0,9,0.0,1,False
1.0,0,0.0,1.0,0.07,0.0,0.0,1,1.0,1.0,1,0.0,29.97,10.42,3251.67,0.1,70.0,0.1,180.65,312.16,1,0,0,15.0,15.0,1.0,0.0,0.0,2.0,0.06,17.0,25.0,45.0,12.0,10,0.0,3,False
1.0,3,0.0,1.0,0.1,0.0,0.0,1,1.0,4.0,1,0.0,26.65,6.0,959.47,0.05,37.0,0.17,53.3,159.91,5,0,3,10.0,10.0,1.0,0.0,0.0,5.0,0.05,19.0,18.0,19.0,12.0,8,23.08,1,False
1.0,1,0.0,1.0,0.33,0.0,0.0,1,1.0,2.0,1,0.0,7.74,1.5,17.41,0.0,5.0,0.67,0.97,11.61,2,0,0,3.0,3.0,1.0,0.0,0.0,3.0,0.17,6.0,2.0,3.0,2.0,3,0.0,0,False
3.0,3,4.0,2.0,0.33,2.0,2.0,2,1.0,8.0,1,0.0,21.31,4.5,431.59,0.03,23.0,0.22,23.98,95.91,1,0,0,6.0,6.0,0.5,1.0,2.0,8.0,0.25,8.0,9.0,14.0,9.0,9,0.0,0,False
7.0,4,12.0,4.0,0.1,6.0,2.0,1,0.25,29.0,1,0.0,98.24,22.84,51227.3,0.75,350.0,0.04,2845.96,2243.29,26,3,13,39.0,42.0,0.25,3.0,6.0,27.0,0.05,82.0,170.0,180.0,67.0,18,29.09,0,True
1.0,0,0.0,1.0,0.13,0.0,0.0,1,1.0,1.0,1,0.0,27.77,13.36,4959.56,0.12,89.0,0.07,275.53,371.12,3,0,1,8.0,8.0,1.0,0.0,0.0,2.0,0.08,13.0,42.0,47.0,11.0,7,11.11,2,False
3.0,5,4.0,2.0,0.17,2.0,2.0,2,1.0,9.0,1,0.0,41.64,7.11,2105.8,0.1,63.0,0.14,116.99,296.13,7,1,8,11.0,12.0,0.5,1.0,2.0,9.0,0.07,28.0,32.0,31.0,18.0,8,45.0,1,False
1.0,3,0.0,1.0,0.08,0.0,0.0,1,1.0,5.0,1,0.0,28.56,6.55,1223.4,0.06,44.0,0.15,67.97,186.91,6,0,0,12.0,12.0,1.0,0.0,0.0,6.0,0.05,19.0,18.0,26.0,11.0,8,0.0,0,False
15.0,0,24.0,8.0,0.73,10.0,2.4,1,0.13,25.0,7,0.86,11.15,24.0,6421.58,0.09,60.0,0.04,356.75,267.57,2,0,0,11.0,11.0,0.88,7.0,12.0,19.0,0.57,14.0,18.0,42.0,6.0,16,0.0,3,False
1.0,0,0.0,1.0,1.0,0.0,0.0,1,1.0,1.0,1,0.0,0.0,0.0,0.0,0.0,2.0,0.0,0.0,2.0,0,0,0,0.0,0.0,1.0,0.0,0.0,2.0,1.0,1.0,0.0,2.0,0.0,2,0.0,0,False
19.0,2,34.0,10.0,0.19,16.0,2.13,4,0.4,38.0,1,0.0,61.44,21.27,27799.05,0.44,217.0,0.05,1544.39,1306.85,13,3,13,49.0,52.0,0.1,9.0,17.0,30.0,0.13,79.0,103.0,114.0,46.0,19,24.62,0,True
17.0,1,30.0,9.0,0.36,14.0,2.14,2,0.22,30.0,1,0.0,32.02,26.93,23220.17,0.29,152.0,0.04,1290.01,862.21,20,5,12,20.0,25.0,0.11,8.0,15.0,23.0,0.16,58.0,71.0,81.0,29.0,22,45.95,1,False
15.0,3,28.0,8.0,0.12,14.0,2.0,2,0.25,36.0,4,0.43,45.22,37.82,64671.74,0.57,279.0,0.03,3592.87,1710.07,16,2,36,64.0,66.0,0.5,7.0,14.0,30.0,0.07,119.0,128.0,151.0,44.0,26,37.25,1,False
5.0,5,4.0,3.0,0.23,2.0,2.0,3,1.0,15.0,1,0.0,27.68,4.38,529.87,0.04,31.0,0.23,29.44,121.11,7,0,0,13.0,13.0,0.33,1.0,2.0,14.0,0.11,28.0,10.0,21.0,8.0,7,0.0,0,False
22.0,3,20.0,15.0,0.17,8.0,2.5,8,0.53,46.0,7,0.43,48.32,49.43,118064.59,0.8,391.0,0.02,6559.14,2388.43,50,7,6,79.0,86.0,0.47,6.0,10.0,33.0,0.1,143.0,174.0,217.0,44.0,25,14.13,1,False
21.0,8,34.0,11.0,0.16,14.0,2.43,6,0.55,46.0,9,0.8,116.45,19.13,42594.84,0.74,339.0,0.05,2366.38,2227.18,47,15,78,55.0,70.0,0.82,10.0,17.0,37.0,0.06,196.0,153.0,186.0,76.0,19,62.84,0,False
25.0,7,44.0,13.0,0.19,20.0,2.2,8,0.62,56.0,7,0.5,76.65,23.49,42296.9,0.6,284.0,0.04,2349.83,1800.52,26,1,34,68.0,69.0,0.54,12.0,22.0,45.0,0.1,130.0,126.0,158.0,59.0,22,33.98,5,False
5.0,2,8.0,3.0,0.3,4.0,2.0,3,1.0,11.0,1,0.0,17.81,11.08,2188.05,0.07,42.0,0.09,121.56,197.42,7,2,4,8.0,10.0,0.33,2.0,4.0,10.0,0.14,22.0,19.0,23.0,12.0,14,42.86,1,False
1.0,1,0.0,1.0,0.33,0.0,0.0,1,1.0,2.0,1,0.0,10.28,4.38,196.76,0.01,13.0,0.23,10.93,44.97,3,0,4,3.0,3.0,1.0,0.0,0.0,3.0,0.09,11.0,5.0,8.0,4.0,7,57.14,0,False
15.0,3,28.0,8.0,0.24,14.0,2.0,4,0.5,40.0,1,0.0,56.82,11.24,7181.41,0.21,115.0,0.09,398.97,638.78,5,0,0,34.0,34.0,0.13,7.0,14.0,34.0,0.2,40.0,53.0,62.0,33.0,14,0.0,3,False
5.0,0,8.0,3.0,0.3,4.0,2.0,1,0.33,10.0,1,0.0,9.15,16.25,2416.01,0.05,35.0,0.06,134.22,148.68,3,0,0,10.0,10.0,0.33,2.0,4.0,9.0,0.21,14.0,15.0,20.0,6.0,13,0.0,3,False
1.0,0,0.0,1.0,1.0,0.0,0.0,1,1.0,1.0,1,0.0,6.2,2.5,38.77,0.01,6.0,0.4,2.15,15.51,0,0,0,0.0,0.0,1.0,0.0,0.0,2.0,1.0,1.0,1.0,5.0,1.0,5,0.0,2,False
9.0,0,16.0,5.0,0.45,8.0,2.0,1,0.2,17.0,3,0.5,16.86,17.14,4949.88,0.1,63.0,0.06,274.99,288.85,0,0,0,11.0,11.0,0.6,4.0,8.0,14.0,0.42,12.0,29.0,34.0,11.0,13,0.0,2,False
3.0,0,4.0,2.0,0.29,2.0,2.0,1,0.5,5.0,1,0.0,21.76,5.25,599.66,0.04,30.0,0.19,33.31,114.22,4,1,0,6.0,7.0,0.5,1.0,2.0,5.0,0.17,12.0,14.0,16.0,8.0,6,14.29,1,False
1.0,0,0.0,1.0,1.0,0.0,0.0,1,1.0,1.0,1,0.0,0.0,0.0,0.0,0.0,2.0,0.0,0.0,2.0,0,0,0,0.0,0.0,1.0,0.0,0.0,2.0,1.0,1.0,0.0,2.0,0.0,2,0.0,0,False
1.0,2,0.0,1.0,0.14,0.0,0.0,1,1.0,4.0,1,0.0,22.25,6.3,883.14,0.05,33.0,0.16,49.06,140.18,1,0,0,7.0,7.0,1.0,0.0,0.0,5.0,0.11,9.0,14.0,19.0,10.0,9,0.0,0,False
11.0,1,14.0,6.0,0.38,4.0,3.5,2,0.33,16.0,6,1.0,42.25,11.54,5625.43,0.16,91.0,0.09,312.52,487.54,11,2,12,14.0,16.0,1.0,5.0,9.0,12.0,0.15,40.0,40.0,51.0,26.0,15,50.0,0,True
9.0,4,16.0,5.0,0.18,8.0,2.0,2,0.4,21.0,1,0.0,41.8,17.61,12957.24,0.25,134.0,0.06,719.85,735.91,14,0,10,28.0,28.0,0.2,4.0,8.0,18.0,0.09,53.0,58.0,76.0,28.0,17,26.32,0,False
20.0,8,24.0,12.0,0.27,12.0,2.0,5,0.42,48.0,1,0.0,47.52,28.6,38870.09,0.45,221.0,0.03,2159.45,1359.09,4,2,2,43.0,45.0,0.08,6.0,12.0,38.0,0.23,52.0,99.0,122.0,45.0,26,8.51,0,False
1.0,0,0.0,1.0,0.09,0.0,0.0,1,1.0,4.0,1,0.0,38.11,10.85,4489.2,0.14,88.0,0.09,249.4,413.64,7,0,18,11.0,11.0,1.0,0.0,0.0,5.0,0.03,37.0,41.0,47.0,17.0,9,62.07,1,False
5.0,2,8.0,3.0,0.23,4.0,2.0,3,1.0,13.0,1,0.0,9.76,27.0,7115.55,0.09,60.0,0.04,395.31,263.54,0,1,0,12.0,13.0,0.33,2.0,4.0,12.0,0.21,14.0,27.0,33.0,7.0,14,7.69,1,False
3.0,0,4.0,2.0,0.67,2.0,2.0,1,0.5,6.0,1,0.0,5.0,6.0,180.0,0.01,10.0,0.17,10.0,30.0,0,0,0,3.0,3.0,0.5,1.0,2.0,6.0,0.5,4.0,4.0,6.0,2.0,6,0.0,2,False
11.0,7,20.0,6.0,0.21,10.0,2.0,1,0.17,29.0,1,0.0,42.97,21.15,19213.78,0.3,161.0,0.05,1067.43,908.66,14,0,14,29.0,29.0,0.17,5.0,10.0,25.0,0.1,58.0,69.0,92.0,31.0,19,32.56,0,False
1.0,1,0.0,1.0,0.33,0.0,0.0,1,1.0,2.0,1,0.0,5.33,1.5,12.0,0.0,4.0,0.67,0.67,8.0,0,0,0,3.0,3.0,1.0,0.0,0.0,3.0,0.25,4.0,1.0,3.0,1.0,3,0.0,0,False
5.0,3,8.0,3.0,0.2,4.0,2.0,3,1.0,15.0,1,0.0,33.76,11.7,4621.5,0.13,79.0,0.09,256.75,395.0,2,1,1,14.0,15.0,0.33,2.0,4.0,14.0,0.16,19.0,39.0,40.0,20.0,12,12.5,0,False
5.0,4,8.0,3.0,0.17,4.0,2.0,3,1.0,12.0,1,0.0,26.88,11.27,3412.26,0.1,63.0,0.09,189.57,302.86,1,0,0,18.0,18.0,0.33,2.0,4.0,11.0,0.15,20.0,26.0,37.0,15.0,13,0.0,1,False
9.0,0,14.0,5.0,0.5,6.0,2.33,1,0.2,17.0,3,0.5,8.52,19.25,3158.72,0.05,42.0,0.05,175.48,164.09,1,0,0,10.0,10.0,0.6,4.0,7.0,14.0,0.42,12.0,14.0,28.0,4.0,11,0.0,2,False
13.0,3,24.0,7.0,0.23,12.0,2.0,4,0.57,30.0,4,0.5,51.63,11.64,6990.82,0.2,107.0,0.09,388.38,600.77,9,3,1,28.0,31.0,0.57,6.0,12.0,25.0,0.17,42.0,48.0,59.0,33.0,16,12.5,3,False
13.0,1,14.0,8.0,0.5,6.0,2.33,2,0.25,23.0,3,0.29,18.37,20.67,7844.38,0.13,74.0,0.05,435.8,379.57,2,0,0,16.0,16.0,0.38,4.0,7.0,17.0,0.42,19.0,31.0,43.0,15.0,20,0.0,1,False
1.0,1,0.0,1.0,0.06,0.0,0.0,1,1.0,2.0,1,0.0,65.88,6.11,2460.32,0.13,89.0,0.16,136.68,402.6,7,0,6,16.0,16.0,1.0,0.0,0.0,3.0,0.03,30.0,44.0,45.0,18.0,5,27.27,0,False
3.0,0,4.0,2.0,0.1,2.0,2.0,1,0.5,5.0,1,0.0,47.51,25.6,31133.81,0.41,227.0,0.04,1729.66,1216.16,1,0,0,20.0,20.0,0.5,1.0,2.0,5.0,0.09,22.0,80.0,147.0,25.0,16,0.0,0,False
5.0,2,8.0,3.0,0.21,4.0,2.0,2,0.67,11.0,1,0.0,16.05,10.67,1827.2,0.06,39.0,0.09,101.51,171.3,7,0,0,14.0,14.0,0.33,2.0,4.0,10.0,0.14,22.0,16.0,23.0,9.0,12,0.0,2,False
5.0,3,6.0,3.0,0.25,2.0,3.0,3,1.0,10.0,3,1.0,23.16,11.0,2802.69,0.08,53.0,0.09,155.7,254.79,0,2,0,10.0,12.0,1.0,2.0,3.0,9.0,0.23,13.0,22.0,31.0,14.0,14,16.67,1,False
5.0,1,8.0,3.0,0.08,4.0,2.0,1,0.33,19.0,1,0.0,49.13,19.76,19184.32,0.32,185.0,0.05,1065.8,970.87,13,0,12,36.0,36.0,0.33,2.0,4.0,18.0,0.05,62.0,76.0,109.0,25.0,13,25.0,0,False
29.0,9,56.0,15.0,0.29,28.0,2.0,12,0.8,71.0,9,0.57,53.89,38.73,80812.65,0.7,334.0,0.03,4489.59,2086.81,4,3,0,49.0,52.0,0.6,14.0,28.0,58.0,0.26,57.0,158.0,176.0,51.0,25,5.77,5,False
1.0,0,0.0,1.0,1.0,0.0,0.0,1,1.0,1.0,1,0.0,0.0,0.0,0.0,0.0,2.0,0.0,0.0,2.0,0,0,0,0.0,0.0,1.0,0.0,0.0,2.0,1.0,1.0,0.0,2.0,0.0,2,0.0,0,False
5.0,5,8.0,3.0,0.38,4.0,2.0,3,1.0,14.0,1,0.0,24.59,11.38,3181.51,0.09,57.0,0.09,176.75,279.69,0,0,0,8.0,8.0,0.33,2.0,4.0,13.0,0.33,9.0,26.0,31.0,16.0,14,0.0,0,False
9.0,2,16.0,5.0,0.5,8.0,2.0,2,0.4,23.0,1,0.0,13.72,23.38,7494.65,0.11,66.0,0.04,416.37,320.63,2,1,3,9.0,10.0,0.2,4.0,8.0,20.0,0.31,16.0,33.0,33.0,12.0,17,30.77,0,False
5.0,5,8.0,3.0,0.14,4.0,2.0,3,1.0,15.0,1,0.0,41.65,8.64,3111.43,0.12,72.0,0.12,172.86,360.0,1,1,0,21.0,22.0,0.33,2.0,4.0,14.0,0.13,24.0,33.0,39.0,21.0,11,4.55,3,False
5.0,5,8.0,3.0,0.27,4.0,2.0,3,1.0,14.0,1,0.0,33.89,4.85,795.9,0.05,38.0,0.21,44.22,164.23,3,0,0,11.0,11.0,0.33,2.0,4.0,13.0,0.2,15.0,18.0,20.0,13.0,7,0.0,1,False
1.0,4,0.0,1.0,0.04,0.0,0.0,1,1.0,5.0,1,0.0,76.18,11.32,9767.57,0.29,158.0,0.09,542.64,862.59,8,0,0,26.0,26.0,1.0,0.0,0.0,6.0,0.03,35.0,77.0,81.0,34.0,10,0.0,1,False
12.0,11,0.0,11.0,0.28,0.0,0.0,11,1.0,25.0,1,0.0,48.18,12.95,8080.37,0.21,110.0,0.08,448.91,623.97,30,1,3,38.0,39.0,0.09,0.0,0.0,16.0,0.15,73.0,37.0,73.0,30.0,21,9.52,1,False
11.0,1,20.0,6.0,0.22,10.0,2.0,2,0.33,24.0,4,0.6,16.21,46.93,35696.56,0.25,146.0,0.02,1983.14,760.58,1,5,0,22.0,27.0,0.67,5.0,10.0,20.0,0.21,29.0,64.0,82.0,15.0,22,18.52,1,False
11.0,7,16.0,6.0,0.16,8.0,2.0,6,1.0,25.0,4,0.6,37.0,27.73,28450.7,0.34,171.0,0.04,1580.59,1026.0,10,2,0,36.0,38.0,0.67,4.0,8.0,21.0,0.12,49.0,76.0,95.0,37.0,27,5.26,1,False
15.0,1,26.0,8.0,0.27,12.0,2.17,3,0.38,30.0,3,0.29,31.29,24.39,18610.76,0.25,132.0,0.04,1033.93,763.14,21,5,0,25.0,30.0,0.38,7.0,13.0,24.0,0.15,52.0,63.0,69.0,31.0,24,16.67,1,False
1.0,0,0.0,1.0,0.33,0.0,0.0,1,1.0,1.0,1,0.0,12.18,3.0,109.62,0.01,11.0,0.33,6.09,36.54,0,0,0,3.0,3.0,1.0,0.0,0.0,2.0,0.25,4.0,4.0,7.0,4.0,6,0.0,1,False
1.0,1,0.0,1.0,0.14,0.0,0.0,1,1.0,2.0,1,0.0,25.86,4.9,620.89,0.04,31.0,0.2,34.49,126.71,2,0,0,7.0,7.0,1.0,0.0,0.0,3.0,0.1,10.0,14.0,17.0,10.0,7,0.0,1,False
1.0,1,0.0,1.0,0.5,0.0,0.0,1,1.0,2.0,1,0.0,5.33,1.5,12.0,0.0,4.0,0.67,0.67,8.0,2,0,0,2.0,2.0,1.0,0.0,0.0,3.0,0.2,5.0,1.0,3.0,1.0,3,0.0,0,False
9.0,2,14.0,5.0,0.18,6.0,2.33,4,0.8,19.0,3,0.5,21.3,21.76,10091.02,0.15,89.0,0.05,560.61,463.64,6,0,0,28.0,28.0,0.6,4.0,7.0,16.0,0.14,35.0,37.0,52.0,17.0,20,0.0,2,False
1.0,1,0.0,1.0,0.33,0.0,0.0,1,1.0,2.0,1,0.0,5.33,1.5,12.0,0.0,4.0,0.67,0.67,8.0,2,0,1,3.0,3.0,1.0,0.0,0.0,3.0,0.14,7.0,1.0,3.0,1.0,3,25.0,0,False
37.0,5,62.0,19.0,0.16,26.0,2.38,10,0.53,70.0,9,0.44,182.27,15.56,44121.9,0.95,419.0,0.06,2451.22,2835.87,24,18,38,103.0,121.0,0.47,18.0,31.0,53.0,0.1,184.0,195.0,224.0,94.0,15,35.22,4,False
59.0,13,82.0,34.0,0.39,40.0,2.05,22,0.65,133.0,15,0.42,71.79,42.0,126638.31,1.01,450.0,0.02,7035.46,3015.2,9,0,1,88.0,88.0,0.44,21.0,41.0,101.0,0.34,99.0,189.0,261.0,72.0,32,1.12,2,False
11.0,1,18.0,6.0,0.26,8.0,2.25,2,0.33,25.0,5,0.8,18.18,25.38,11715.15,0.15,96.0,0.04,650.84,461.51,1,0,0,23.0,23.0,0.83,5.0,9.0,21.0,0.24,25.0,44.0,52.0,13.0,15,0.0,4,False
3.0,0,4.0,2.0,0.04,2.0,2.0,1,0.5,6.0,1,0.0,135.48,9.97,13474.88,0.45,249.0,0.1,748.6,1351.14,11,4,9,41.0,45.0,0.5,1.0,2.0,6.0,0.03,66.0,123.0,126.0,37.0,6,24.07,1,False
7.0,1,12.0,4.0,0.57,6.0,2.0,2,0.5,14.0,4,1.0,7.8,19.6,2997.34,0.05,36.0,0.05,166.52,152.93,2,0,0,7.0,7.0,1.0,3.0,6.0,12.0,0.4,10.0,14.0,22.0,5.0,14,0.0,2,False
1.0,3,0.0,1.0,0.14,0.0,0.0,1,1.0,4.0,1,0.0,17.72,3.0,159.45,0.02,16.0,0.33,8.86,53.15,0,0,0,7.0,7.0,1.0,0.0,0.0,5.0,0.13,8.0,6.0,10.0,5.0,5,0.0,1,False
3.0,4,4.0,2.0,0.06,2.0,2.0,1,0.5,10.0,1,0.0,114.44,11.44,14989.46,0.44,209.0,0.09,832.75,1309.76,8,0,4,34.0,34.0,0.5,1.0,2.0,10.0,0.04,47.0,103.0,106.0,63.0,14,10.53,0,False
7.0,4,12.0,4.0,0.33,6.0,2.0,3,0.75,20.0,3,0.67,18.68,12.83,3076.44,0.08,51.0,0.08,170.91,239.72,1,0,0,12.0,12.0,0.75,3.0,6.0,18.0,0.29,14.0,22.0,29.0,12.0,14,0.0,2,False
3.0,0,4.0,2.0,0.25,2.0,2.0,1,0.5,7.0,1,0.0,16.35,11.5,2162.0,0.06,47.0,0.09,120.11,188.0,1,0,0,8.0,8.0,0.5,1.0,2.0,7.0,0.2,10.0,23.0,24.0,8.0,8,0.0,0,False
1.0,0,0.0,1.0,0.2,0.0,0.0,1,1.0,1.0,1,0.0,16.98,2.8,133.14,0.02,15.0,0.36,7.4,47.55,3,0,0,5.0,5.0,1.0,0.0,0.0,2.0,0.11,9.0,7.0,8.0,5.0,4,0.0,0,False
1.0,1,0.0,1.0,0.2,0.0,0.0,1,1.0,2.0,1,0.0,10.27,6.3,407.77,0.02,17.0,0.16,22.65,64.73,2,0,0,5.0,5.0,1.0,0.0,0.0,3.0,0.13,8.0,7.0,10.0,5.0,9,0.0,0,False
3.0,0,4.0,2.0,0.33,2.0,2.0,1,0.5,6.0,1,0.0,6.5,6.0,234.0,0.01,13.0,0.17,13.0,39.0,0,0,0,6.0,6.0,0.5,1.0,2.0,6.0,0.29,7.0,4.0,9.0,2.0,6,0.0,2,False
29.0,1,56.0,15.0,0.43,26.0,2.15,4,0.27,64.0,1,0.0,63.05,32.2,65351.13,0.68,348.0,0.03,3630.62,2029.85,32,6,10,29.0,35.0,0.07,15.0,28.0,51.0,0.19,78.0,165.0,183.0,41.0,16,35.56,0,False
25.0,7,36.0,14.0,0.19,16.0,2.25,7,0.5,49.0,5,0.31,62.32,19.01,22519.97,0.39,192.0,0.05,1251.11,1184.63,16,9,14,65.0,74.0,0.36,10.0,18.0,37.0,0.13,105.0,81.0,111.0,49.0,23,26.14,0,False
22.0,3,20.0,15.0,0.17,8.0,2.5,8,0.53,46.0,7,0.43,48.32,49.43,118064.59,0.8,391.0,0.02,6559.14,2388.43,50,7,6,79.0,86.0,0.47,6.0,10.0,33.0,0.1,143.0,174.0,217.0,44.0,25,14.13,1,False
7.0,1,10.0,4.0,0.25,4.0,2.5,2,0.5,11.0,1,0.0,20.83,12.0,2999.79,0.08,52.0,0.08,166.65,249.98,6,2,0,14.0,16.0,0.25,3.0,5.0,9.0,0.17,23.0,24.0,28.0,14.0,14,12.5,0,False
41.0,6,80.0,21.0,0.38,40.0,2.0,20,0.95,109.0,1,0.0,95.28,25.67,62771.57,0.82,374.0,0.04,3487.31,2445.65,1,0,0,55.0,55.0,0.05,20.0,40.0,90.0,0.37,57.0,176.0,198.0,72.0,21,0.0,2,False
9.0,3,16.0,5.0,0.33,8.0,2.0,4,0.8,18.0,1,0.0,30.6,10.95,3667.37,0.11,67.0,0.09,203.74,335.0,10,4,3,11.0,15.0,0.2,4.0,8.0,15.0,0.17,29.0,32.0,35.0,19.0,13,38.89,1,True
5.0,1,8.0,3.0,0.07,4.0,2.0,1,0.33,11.0,1,0.0,99.6,16.93,28538.58,0.56,276.0,0.06,1585.48,1685.95,7,0,8,46.0,46.0,0.33,2.0,4.0,10.0,0.05,62.0,133.0,143.0,55.0,14,14.81,4,False
7.0,4,12.0,4.0,0.12,6.0,2.0,4,1.0,17.0,1,0.0,44.39,13.19,7722.51,0.2,106.0,0.08,429.03,585.5,6,1,12,32.0,33.0,0.25,3.0,6.0,15.0,0.08,52.0,45.0,61.0,29.0,17,28.89,1,False
1.0,1,0.0,1.0,0.25,0.0,0.0,1,1.0,2.0,1,0.0,13.2,2.5,82.5,0.01,11.0,0.4,4.58,33.0,2,0,0,4.0,4.0,1.0,0.0,0.0,3.0,0.14,7.0,5.0,6.0,4.0,4,0.0,2,False
39.0,3,60.0,20.0,0.27,22.0,2.73,5,0.25,70.0,18,0.89,44.71,96.49,416248.39,1.44,719.0,0.01,23124.91,4314.0,34,10,27,64.0,74.0,0.9,19.0,30.0,52.0,0.15,136.0,344.0,375.0,41.0,23,36.63,3,False
5.0,1,8.0,3.0,0.3,4.0,2.0,1,0.33,11.0,1,0.0,10.25,21.0,4519.69,0.07,49.0,0.05,251.09,215.22,2,0,0,10.0,10.0,0.33,2.0,4.0,10.0,0.23,13.0,21.0,28.0,7.0,14,0.0,1,False
3.0,0,4.0,2.0,0.2,2.0,2.0,1,0.5,6.0,1,0.0,24.53,5.91,856.5,0.05,33.0,0.17,47.58,144.95,6,0,4,10.0,10.0,0.5,1.0,2.0,6.0,0.1,21.0,13.0,20.0,11.0,10,28.57,2,False
3.0,1,4.0,2.0,0.17,2.0,2.0,1,0.5,9.0,1,0.0,22.73,11.5,3005.44,0.09,57.0,0.09,166.97,261.33,1,0,0,12.0,12.0,0.5,1.0,2.0,9.0,0.14,14.0,23.0,34.0,12.0,12,0.0,0,False
25.0,0,48.0,13.0,0.87,24.0,2.0,1,0.08,49.0,1,0.0,102.19,7.18,5262.9,0.24,136.0,0.14,292.38,733.36,2,13,0,2.0,15.0,0.08,12.0,24.0,38.0,0.72,18.0,61.0,75.0,34.0,8,86.67,1,True
9.0,2,16.0,5.0,0.63,8.0,2.0,5,1.0,17.0,1,0.0,13.02,19.25,4824.58,0.08,59.0,0.05,268.03,250.63,0,0,1,8.0,8.0,0.2,4.0,8.0,14.0,0.5,10.0,28.0,31.0,8.0,11,11.11,2,False
1.0,4,0.0,1.0,0.1,0.0,0.0,1,1.0,5.0,1,0.0,23.02,3.86,342.55,0.03,24.0,0.26,19.03,88.81,8,2,0,8.0,10.0,1.0,0.0,0.0,6.0,0.05,19.0,9.0,15.0,7.0,6,20.0,0,False
1.0,1,0.0,1.0,0.14,0.0,0.0,1,1.0,2.0,1,0.0,32.52,6.86,1528.95,0.07,50.0,0.15,84.94,222.97,4,0,0,7.0,7.0,1.0,0.0,0.0,3.0,0.08,12.0,24.0,26.0,14.0,8,0.0,1,False
1.0,0,0.0,1.0,1.0,0.0,0.0,1,1.0,1.0,1,0.0,0.0,0.0,0.0,0.0,2.0,0.0,0.0,2.0,0,0,0,0.0,0.0,1.0,0.0,0.0,2.0,1.0,1.0,0.0,2.0,0.0,2,0.0,0,False
52.0,14,48.0,37.0,0.31,24.0,2.0,17,0.46,132.0,1,0.0,62.85,77.19,374495.12,1.62,700.0,0.01,20805.28,4851.52,7,20,2,100.0,120.0,0.03,12.0,24.0,97.0,0.28,130.0,305.0,395.0,81.0,41,18.03,3,False
1.0,0,0.0,1.0,0.25,0.0,0.0,1,1.0,1.0,1,0.0,29.63,5.4,864.0,0.05,40.0,0.19,48.0,160.0,2,0,0,4.0,4.0,1.0,0.0,0.0,2.0,0.14,7.0,18.0,22.0,10.0,6,0.0,0,False
7.0,1,10.0,4.0,0.31,4.0,2.5,2,0.5,11.0,1,0.0,19.24,17.68,6011.75,0.11,70.0,0.06,333.99,340.06,7,2,3,11.0,13.0,0.25,3.0,5.0,9.0,0.17,24.0,33.0,37.0,14.0,15,31.25,0,False
1.0,0,0.0,1.0,0.25,0.0,0.0,1,1.0,1.0,1,0.0,12.5,10.0,1250.2,0.04,32.0,0.1,69.46,125.02,0,0,0,4.0,4.0,1.0,0.0,0.0,2.0,0.2,5.0,10.0,22.0,5.0,10,0.0,1,False
57.0,3,56.0,33.0,0.2,24.0,2.33,11,0.33,102.0,10,0.28,160.17,29.21,136707.89,1.56,636.0,0.03,7594.88,4679.4,23,0,4,165.0,165.0,0.3,16.0,28.0,71.0,0.17,193.0,272.0,364.0,135.0,29,2.37,2,True
9.0,2,16.0,5.0,0.56,8.0,2.0,3,0.6,16.0,1,0.0,19.89,13.0,3360.81,0.09,55.0,0.08,186.71,258.51,6,1,0,8.0,9.0,0.2,4.0,8.0,13.0,0.31,16.0,26.0,29.0,13.0,13,11.11,2,False
13.0,3,22.0,7.0,0.12,10.0,2.2,6,0.86,28.0,6,0.83,79.19,19.4,29800.23,0.51,243.0,0.05,1655.57,1536.23,36,10,27,48.0,58.0,0.86,6.0,11.0,23.0,0.06,122.0,109.0,134.0,59.0,21,43.53,1,True
1.0,2,0.0,1.0,0.11,0.0,0.0,1,1.0,3.0,1,0.0,13.68,9.63,1267.48,0.04,31.0,0.1,70.42,131.69,1,0,0,9.0,9.0,1.0,0.0,0.0,4.0,0.09,11.0,14.0,17.0,8.0,11,0.0,1,False
11.0,0,20.0,6.0,0.17,10.0,2.0,1,0.17,23.0,1,0.0,32.18,45.0,65170.26,0.48,278.0,0.02,3620.57,1448.23,7,1,0,34.0,35.0,0.17,5.0,10.0,19.0,0.14,43.0,132.0,146.0,22.0,15,2.86,5,False
7.0,3,12.0,4.0,0.4,6.0,2.0,4,1.0,14.0,4,1.0,26.93,4.8,620.48,0.04,31.0,0.21,34.47,129.27,0,2,0,8.0,10.0,1.0,3.0,6.0,12.0,0.36,11.0,12.0,19.0,10.0,8,20.0,0,False
1.0,0,0.0,1.0,1.0,0.0,0.0,1,1.0,1.0,1,0.0,0.0,0.0,0.0,0.0,1.0,0.0,0.0,0.0,0,0,0,0.0,0.0,1.0,0.0,0.0,2.0,1.0,1.0,0.0,1.0,0.0,1,0.0,0,False
3.0,0,4.0,2.0,0.17,2.0,2.0,1,0.5,6.0,1,0.0,15.43,10.0,1542.87,0.05,37.0,0.1,85.72,154.29,0,0,0,12.0,12.0,0.5,1.0,2.0,6.0,0.15,13.0,16.0,21.0,8.0,10,0.0,1,False
7.0,1,10.0,4.0,0.24,4.0,2.5,1,0.25,13.0,1,0.0,34.78,14.04,6856.63,0.16,90.0,0.07,380.92,488.36,5,1,3,16.0,17.0,0.25,3.0,5.0,11.0,0.15,26.0,39.0,51.0,25.0,18,20.0,2,False
1.0,3,0.0,1.0,0.13,0.0,0.0,1,1.0,5.0,1,0.0,24.22,5.0,605.57,0.04,31.0,0.2,33.64,121.11,4,0,6,8.0,8.0,1.0,0.0,0.0,6.0,0.05,19.0,15.0,16.0,9.0,6,42.86,0,False
13.0,1,24.0,7.0,0.22,12.0,2.0,3,0.43,27.0,1,0.0,34.49,37.44,48341.41,0.43,241.0,0.03,2685.63,1291.17,13,4,8,28.0,32.0,0.14,6.0,12.0,22.0,0.13,54.0,117.0,124.0,25.0,16,30.0,3,False
3.0,2,4.0,2.0,0.4,2.0,2.0,1,0.5,7.0,1,0.0,20.07,5.91,700.77,0.04,27.0,0.17,38.93,118.59,0,0,0,5.0,5.0,0.5,1.0,2.0,7.0,0.33,6.0,13.0,14.0,11.0,10,0.0,1,False
5.0,0,8.0,3.0,0.33,4.0,2.0,1,0.33,9.0,3,1.0,14.31,8.57,1051.06,0.04,30.0,0.12,58.39,122.62,4,2,1,7.0,9.0,1.0,2.0,4.0,8.0,0.2,15.0,12.0,18.0,7.0,10,30.0,2,False
9.0,0,12.0,5.0,0.5,4.0,3.0,1,0.2,14.0,5,1.0,8.7,21.0,3835.88,0.06,43.0,0.05,213.1,182.66,1,0,0,10.0,10.0,1.0,4.0,6.0,11.0,0.42,12.0,15.0,28.0,5.0,14,0.0,3,False
9.0,0,8.0,6.0,0.25,4.0,2.0,1,0.17,18.0,1,0.0,13.76,36.0,17838.51,0.17,102.0,0.03,991.03,495.51,1,3,0,21.0,24.0,0.17,2.0,4.0,14.0,0.23,26.0,44.0,58.0,11.0,18,12.5,2,False
3.0,3,4.0,2.0,0.11,2.0,2.0,2,1.0,8.0,1,0.0,64.0,8.03,4132.74,0.17,98.0,0.12,229.6,514.29,9,0,1,18.0,18.0,0.5,1.0,2.0,8.0,0.03,67.0,45.0,53.0,28.0,10,5.26,0,False
3.0,0,4.0,2.0,0.2,2.0,2.0,1,0.5,6.0,1,0.0,8.79,12.0,1265.83,0.04,27.0,0.08,70.32,105.49,3,0,0,10.0,10.0,0.5,1.0,2.0,6.0,0.14,14.0,12.0,15.0,5.0,10,0.0,2,False
5.0,8,6.0,3.0,0.06,2.0,3.0,2,0.67,16.0,3,1.0,173.7,9.4,15334.09,0.54,256.0,0.11,851.89,1632.01,48,2,26,51.0,53.0,1.0,2.0,3.0,15.0,0.02,128.0,123.0,133.0,72.0,11,35.44,0,True
1.0,0,0.0,1.0,0.14,0.0,0.0,1,1.0,1.0,1,0.0,33.21,4.0,531.34,0.04,34.0,0.25,29.52,132.83,3,0,0,7.0,7.0,1.0,0.0,0.0,2.0,0.09,11.0,16.0,18.0,10.0,5,0.0,1,False
33.0,2,58.0,17.0,0.27,26.0,2.23,7,0.41,69.0,9,0.5,95.6,21.1,42542.23,0.67,313.0,0.05,2363.46,2016.64,5,6,6,57.0,63.0,0.53,16.0,29.0,54.0,0.23,75.0,151.0,162.0,68.0,19,17.39,1,True
1.0,0,0.0,1.0,0.1,0.0,0.0,1,1.0,1.0,1,0.0,18.68,9.38,1641.91,0.06,42.0,0.11,91.22,175.14,1,0,0,10.0,10.0,1.0,0.0,0.0,2.0,0.08,12.0,15.0,27.0,8.0,10,0.0,1,False
9.0,1,16.0,5.0,0.29,8.0,2.0,2,0.4,16.0,1,0.0,12.24,29.56,10695.71,0.12,80.0,0.03,594.21,361.88,1,3,1,14.0,17.0,0.2,4.0,8.0,13.0,0.25,20.0,38.0,42.0,9.0,14,22.22,0,False
5.0,1,6.0,3.0,0.23,2.0,3.0,2,0.67,8.0,3,1.0,22.96,13.5,4185.0,0.1,62.0,0.07,232.5,310.0,10,2,7,11.0,13.0,1.0,2.0,3.0,7.0,0.1,31.0,27.0,35.0,16.0,16,45.0,1,False
1.0,1,0.0,1.0,0.03,0.0,0.0,1,1.0,2.0,1,0.0,14.2,155.83,344832.24,0.74,512.0,0.01,19157.35,2212.83,4,0,0,30.0,30.0,1.0,0.0,0.0,3.0,0.03,35.0,255.0,257.0,9.0,11,0.0,3,False
5.0,2,8.0,3.0,0.21,4.0,2.0,2,0.67,12.0,1,0.0,30.78,10.5,3393.02,0.11,63.0,0.1,188.5,323.14,8,1,9,13.0,14.0,0.33,2.0,4.0,11.0,0.09,32.0,28.0,35.0,20.0,15,43.48,2,False
3.0,2,4.0,2.0,0.33,2.0,2.0,2,1.0,6.0,1,0.0,14.51,4.2,255.97,0.02,17.0,0.24,14.22,60.94,0,0,0,6.0,6.0,0.5,1.0,2.0,6.0,0.29,7.0,6.0,11.0,5.0,7,0.0,1,False
5.0,4,8.0,3.0,0.07,4.0,2.0,3,1.0,15.0,1,0.0,46.77,30.69,44054.95,0.48,243.0,0.03,2447.5,1435.37,26,0,4,41.0,41.0,0.33,2.0,4.0,14.0,0.04,72.0,114.0,129.0,39.0,21,8.89,1,True
9.0,0,16.0,5.0,0.22,8.0,2.0,1,0.2,17.0,5,1.0,22.35,17.0,6460.0,0.13,76.0,0.06,358.89,380.0,6,0,0,23.0,23.0,1.0,4.0,8.0,14.0,0.17,30.0,30.0,46.0,15.0,17,0.0,2,False
11.0,0,20.0,6.0,0.26,10.0,2.0,1,0.17,23.0,6,1.0,23.89,25.29,15285.15,0.2,116.0,0.04,849.17,604.3,1,0,0,23.0,23.0,1.0,5.0,10.0,19.0,0.24,25.0,43.0,73.0,17.0,20,0.0,1,False
19.0,10,16.0,13.0,0.3,8.0,2.0,9,0.69,51.0,3,0.17,47.44,23.4,25974.0,0.37,185.0,0.04,1443.0,1110.0,1,0,0,43.0,43.0,0.23,4.0,8.0,40.0,0.29,45.0,78.0,107.0,40.0,24,0.0,1,False
1.0,5,0.0,1.0,0.08,0.0,0.0,1,1.0,11.0,1,0.0,67.62,19.89,26764.46,0.45,236.0,0.05,1486.91,1345.3,4,0,3,13.0,13.0,1.0,0.0,0.0,12.0,0.05,21.0,108.0,128.0,38.0,14,18.75,0,False
15.0,0,28.0,8.0,0.36,14.0,2.0,1,0.13,29.0,8,1.0,15.12,25.5,9828.72,0.13,83.0,0.04,546.04,385.44,2,0,0,22.0,22.0,1.0,7.0,14.0,23.0,0.32,25.0,34.0,49.0,10.0,15,0.0,1,False
1.0,3,0.0,1.0,0.13,0.0,0.0,1,1.0,4.0,1,0.0,35.94,2.5,224.65,0.03,23.0,0.4,12.48,89.86,7,0,16,8.0,8.0,1.0,0.0,0.0,5.0,0.03,32.0,10.0,13.0,10.0,5,66.67,2,False
3.0,3,4.0,2.0,0.14,2.0,2.0,1,0.5,10.0,1,0.0,34.95,18.36,11781.35,0.21,119.0,0.05,654.52,641.69,5,1,3,13.0,14.0,0.5,1.0,2.0,10.0,0.09,23.0,54.0,65.0,25.0,17,23.53,1,False
11.0,3,20.0,6.0,0.18,10.0,2.0,5,0.83,26.0,1,0.0,65.18,9.85,6318.58,0.21,111.0,0.1,351.03,641.73,28,9,17,25.0,34.0,0.17,5.0,10.0,22.0,0.08,80.0,48.0,63.0,39.0,16,50.98,1,False
5.0,1,8.0,3.0,0.5,4.0,2.0,2,0.67,9.0,1,0.0,12.29,11.25,1555.89,0.05,32.0,0.09,86.44,138.3,6,1,3,5.0,6.0,0.33,2.0,4.0,8.0,0.19,16.0,15.0,17.0,8.0,12,44.44,2,False
589.0,4,1148.0,299.0,0.51,570.0,2.0,5,0.02,1260.0,15,0.05,675.88,137.36,12751451.28,30.95,9605.0,0.01,708413.98,92835.55,38,0,4,591.0,591.0,0.05,289.0,574.0,963.0,0.47,634.0,4015.0,5590.0,760.0,52,0.67,0,False
3.0,2,4.0,2.0,0.2,2.0,2.0,2,1.0,7.0,1,0.0,24.6,7.5,1383.58,0.06,42.0,0.13,76.87,184.48,8,2,0,8.0,10.0,0.5,1.0,2.0,7.0,0.11,19.0,20.0,22.0,12.0,9,20.0,2,False
17.0,0,26.0,9.0,0.47,10.0,2.6,1,0.11,29.0,9,1.0,19.04,26.67,13541.31,0.17,99.0,0.04,752.29,507.8,1,0,0,19.0,19.0,1.0,8.0,13.0,22.0,0.43,21.0,40.0,59.0,15.0,20,0.0,3,False
5.0,1,8.0,3.0,0.27,4.0,2.0,2,0.67,9.0,1,0.0,21.05,7.09,1058.51,0.05,33.0,0.14,58.81,149.28,2,0,0,11.0,11.0,0.33,2.0,4.0,8.0,0.21,14.0,13.0,20.0,11.0,12,0.0,3,False
13.0,3,24.0,7.0,0.33,12.0,2.0,6,0.86,32.0,1,0.0,40.75,21.69,19168.66,0.29,160.0,0.05,1064.93,883.77,1,0,0,21.0,21.0,0.14,6.0,12.0,27.0,0.3,23.0,74.0,86.0,29.0,17,0.0,0,False
1.0,0,0.0,1.0,0.25,0.0,0.0,1,1.0,1.0,1,0.0,9.56,6.0,344.16,0.02,16.0,0.17,19.12,57.36,0,0,0,4.0,4.0,1.0,0.0,0.0,2.0,0.2,5.0,6.0,10.0,4.0,8,0.0,0,False
1.0,2,0.0,1.0,0.08,0.0,0.0,1,1.0,3.0,1,0.0,59.49,5.33,1692.19,0.11,66.0,0.19,94.01,317.29,12,1,9,11.0,12.0,1.0,0.0,0.0,4.0,0.03,34.0,32.0,34.0,21.0,7,47.62,2,False
3.0,1,4.0,2.0,0.22,2.0,2.0,2,1.0,6.0,1,0.0,19.24,10.63,2172.39,0.07,43.0,0.09,120.69,204.46,1,0,0,9.0,9.0,0.5,1.0,2.0,6.0,0.18,11.0,17.0,26.0,12.0,15,0.0,4,False
9.0,4,16.0,5.0,0.2,8.0,2.0,5,1.0,22.0,1,0.0,25.18,20.0,10073.18,0.17,99.0,0.05,559.62,503.66,22,5,15,20.0,25.0,0.2,4.0,8.0,19.0,0.08,63.0,45.0,54.0,18.0,16,50.0,1,False
3.0,0,4.0,2.0,1.0,2.0,2.0,1,0.5,6.0,1,0.0,9.51,4.0,152.16,0.01,12.0,0.25,8.45,38.04,0,0,0,0.0,0.0,0.5,1.0,2.0,6.0,2.0,1.0,4.0,8.0,3.0,6,0.0,1,False
9.0,7,16.0,5.0,0.18,8.0,2.0,5,1.0,28.0,3,0.5,41.51,11.69,5674.38,0.16,90.0,0.09,315.24,485.31,4,3,4,25.0,28.0,0.6,4.0,8.0,25.0,0.14,37.0,38.0,52.0,26.0,16,21.88,1,False
3.0,2,4.0,2.0,0.13,2.0,2.0,2,1.0,10.0,1,0.0,23.73,21.92,11404.6,0.17,115.0,0.05,633.59,520.21,6,1,1,14.0,15.0,0.5,1.0,2.0,10.0,0.09,23.0,57.0,58.0,13.0,10,12.5,0,False
7.0,4,12.0,4.0,0.2,6.0,2.0,4,1.0,22.0,1,0.0,46.83,14.48,9823.41,0.23,125.0,0.07,545.75,678.28,17,4,7,16.0,20.0,0.25,3.0,6.0,20.0,0.09,45.0,60.0,65.0,29.0,14,40.74,1,False
9.0,2,14.0,5.0,0.31,6.0,2.33,3,0.6,15.0,5,1.0,19.64,19.69,7612.12,0.13,76.0,0.05,422.9,386.65,0,1,0,15.0,16.0,1.0,4.0,7.0,12.0,0.29,17.0,35.0,41.0,16.0,18,6.25,1,False
5.0,1,8.0,3.0,0.07,4.0,2.0,1,0.33,11.0,1,0.0,99.6,16.93,28538.58,0.56,276.0,0.06,1585.48,1685.95,7,0,8,46.0,46.0,0.33,2.0,4.0,10.0,0.05,62.0,133.0,143.0,55.0,14,14.81,4,False
3.0,0,4.0,2.0,0.18,2.0,2.0,1,0.5,6.0,1,0.0,16.61,3.0,149.49,0.02,15.0,0.33,8.3,49.83,0,0,0,11.0,11.0,0.5,1.0,2.0,6.0,0.17,12.0,4.0,11.0,4.0,6,0.0,1,False
1.0,0,0.0,1.0,0.17,0.0,0.0,1,1.0,1.0,1,0.0,10.91,6.6,475.2,0.02,18.0,0.15,26.4,72.0,1,0,0,6.0,6.0,1.0,0.0,0.0,2.0,0.13,8.0,6.0,12.0,5.0,11,0.0,1,False
5.0,1,8.0,3.0,0.43,4.0,2.0,1,0.33,12.0,1,0.0,13.18,14.0,2582.68,0.06,42.0,0.07,143.48,184.48,4,0,0,7.0,7.0,0.33,2.0,4.0,11.0,0.25,12.0,21.0,21.0,9.0,12,0.0,2,False
21.0,1,40.0,11.0,0.37,20.0,2.0,3,0.27,47.0,6,0.5,26.33,28.41,21254.38,0.25,151.0,0.04,1180.8,748.08,2,2,4,28.0,30.0,0.55,10.0,20.0,38.0,0.3,37.0,69.0,82.0,17.0,14,17.65,1,False
8.0,13,8.0,5.0,0.1,4.0,2.0,5,1.0,26.0,1,0.0,56.46,14.34,11613.3,0.27,136.0,0.07,645.18,809.77,15,0,0,51.0,51.0,0.2,2.0,4.0,23.0,0.07,67.0,56.0,80.0,41.0,21,0.0,0,True
5.0,0,8.0,3.0,0.15,4.0,2.0,1,0.33,11.0,1,0.0,45.06,12.52,7065.03,0.19,110.0,0.08,392.5,564.22,3,2,2,18.0,20.0,0.33,2.0,4.0,10.0,0.12,26.0,48.0,62.0,23.0,12,18.18,1,True
59.0,3,116.0,30.0,0.15,58.0,2.0,3,0.1,110.0,1,0.0,239.03,36.2,313287.38,2.88,1172.0,0.03,17404.85,8653.7,19,0,31,206.0,206.0,0.03,29.0,58.0,82.0,0.12,257.0,564.0,608.0,148.0,19,13.08,4,False
1.0,1,0.0,1.0,0.11,0.0,0.0,1,1.0,3.0,1,0.0,19.05,6.56,820.45,0.04,32.0,0.15,45.58,125.02,1,0,0,9.0,9.0,1.0,0.0,0.0,4.0,0.09,11.0,15.0,17.0,8.0,7,0.0,2,False
5.0,1,8.0,3.0,0.15,4.0,2.0,1,0.33,11.0,1,0.0,27.46,13.36,4903.83,0.12,88.0,0.07,272.44,366.95,7,3,0,17.0,20.0,0.33,2.0,4.0,10.0,0.11,28.0,42.0,46.0,11.0,7,15.0,2,False
9.0,0,16.0,5.0,0.71,8.0,2.0,1,0.2,17.0,1,0.0,39.02,5.33,1109.78,0.07,46.0,0.19,61.65,208.08,2,5,0,2.0,7.0,0.2,4.0,8.0,14.0,0.5,10.0,20.0,26.0,15.0,8,71.43,1,False
3.0,1,4.0,2.0,0.14,2.0,2.0,2,1.0,9.0,1,0.0,18.15,15.0,4084.22,0.09,63.0,0.07,226.9,272.28,2,0,0,14.0,14.0,0.5,1.0,2.0,9.0,0.12,17.0,30.0,33.0,10.0,10,0.0,6,False
5.0,2,8.0,3.0,0.17,4.0,2.0,3,1.0,11.0,1,0.0,35.13,12.41,5410.23,0.15,85.0,0.08,300.57,435.99,0,0,0,18.0,18.0,0.33,2.0,4.0,10.0,0.16,19.0,42.0,43.0,22.0,13,0.0,2,False
1.0,0,0.0,1.0,0.2,0.0,0.0,1,1.0,1.0,1,0.0,4.0,0.5,1.0,0.0,2.0,2.0,0.06,2.0,1,0,0,5.0,5.0,1.0,0.0,0.0,2.0,0.02,43.0,1.0,1.0,1.0,1,0.0,2,False
39.0,1,76.0,20.0,0.37,38.0,2.0,2,0.1,66.0,1,0.0,70.18,13.46,12721.96,0.31,162.0,0.07,706.78,944.93,2,0,3,54.0,54.0,0.05,19.0,38.0,48.0,0.33,60.0,69.0,93.0,41.0,16,5.26,2,False
9.0,0,14.0,5.0,0.24,6.0,2.33,1,0.2,16.0,4,0.75,18.5,21.54,8579.94,0.13,82.0,0.05,476.66,398.35,11,0,1,21.0,21.0,0.8,4.0,7.0,13.0,0.15,34.0,35.0,47.0,13.0,16,4.55,1,False
3.0,2,4.0,2.0,0.15,2.0,2.0,2,1.0,10.0,1,0.0,22.46,15.0,5053.28,0.11,68.0,0.07,280.74,336.89,3,0,1,13.0,13.0,0.5,1.0,2.0,10.0,0.11,18.0,32.0,36.0,16.0,15,7.14,0,False
13.0,2,22.0,7.0,0.27,10.0,2.2,4,0.57,32.0,4,0.5,24.26,23.75,13682.58,0.19,109.0,0.04,760.14,576.11,3,0,0,26.0,26.0,0.57,6.0,11.0,27.0,0.23,30.0,50.0,59.0,20.0,19,0.0,2,False
19.0,7,30.0,10.0,0.48,12.0,2.5,5,0.5,39.0,7,0.67,31.94,20.33,13197.22,0.22,122.0,0.05,733.18,649.28,1,1,0,20.0,21.0,0.7,9.0,15.0,31.0,0.43,23.0,55.0,67.0,23.0,17,4.76,2,False
3.0,1,4.0,2.0,0.29,2.0,2.0,1,0.5,7.0,1,0.0,17.97,3.5,220.18,0.02,17.0,0.29,12.23,62.91,5,0,5,7.0,7.0,0.5,1.0,2.0,7.0,0.11,18.0,6.0,11.0,6.0,7,41.67,2,False
1.0,0,0.0,1.0,0.2,0.0,0.0,1,1.0,1.0,1,0.0,18.4,5.0,460.0,0.03,23.0,0.2,25.56,92.0,0,0,0,5.0,5.0,1.0,0.0,0.0,2.0,0.17,6.0,10.0,13.0,8.0,8,0.0,1,False
34.0,19,32.0,25.0,0.21,16.0,2.0,25,1.0,74.0,8,0.29,86.32,29.13,73246.56,0.84,368.0,0.03,4069.25,2514.5,26,1,6,117.0,118.0,0.32,8.0,16.0,51.0,0.17,151.0,143.0,225.0,81.0,33,5.65,1,True
1.0,2,0.0,1.0,0.2,0.0,0.0,1,1.0,3.0,1,0.0,19.37,2.5,121.08,0.02,14.0,0.4,6.73,48.43,6,0,10,5.0,5.0,1.0,0.0,0.0,4.0,0.05,22.0,6.0,8.0,6.0,5,66.67,0,False
1.0,1,0.0,1.0,0.33,0.0,0.0,1,1.0,2.0,1,0.0,12.68,2.5,79.25,0.01,10.0,0.4,4.4,31.7,3,0,0,3.0,3.0,1.0,0.0,0.0,3.0,0.14,7.0,4.0,6.0,4.0,5,0.0,1,False
3.0,1,4.0,2.0,0.33,2.0,2.0,2,1.0,6.0,1,0.0,20.84,3.94,323.05,0.03,21.0,0.25,17.95,82.04,7,1,6,5.0,6.0,0.5,1.0,2.0,6.0,0.1,20.0,9.0,12.0,8.0,7,58.33,1,False
5.0,0,8.0,3.0,0.3,4.0,2.0,1,0.33,11.0,1,0.0,13.14,8.17,876.39,0.04,29.0,0.12,48.69,107.31,2,0,0,10.0,10.0,0.33,2.0,4.0,10.0,0.23,13.0,14.0,15.0,6.0,7,0.0,0,False
11.0,0,18.0,6.0,0.4,8.0,2.25,1,0.17,20.0,4,0.6,21.92,17.73,6891.86,0.13,80.0,0.06,382.88,388.64,10,3,8,12.0,15.0,0.67,5.0,9.0,16.0,0.18,34.0,38.0,42.0,15.0,14,47.83,2,False
3.0,0,4.0,2.0,0.11,2.0,2.0,1,0.5,5.0,1,0.0,30.71,12.86,5076.47,0.13,84.0,0.08,282.03,394.84,2,0,0,18.0,18.0,0.5,1.0,2.0,5.0,0.1,21.0,30.0,54.0,14.0,12,0.0,3,False
7.0,1,12.0,4.0,0.22,6.0,2.0,2,0.5,15.0,3,0.67,18.31,14.77,3996.21,0.09,59.0,0.07,222.01,270.51,1,1,0,17.0,18.0,0.75,3.0,6.0,13.0,0.2,20.0,25.0,34.0,11.0,13,5.56,2,False
11.0,0,22.0,6.0,0.33,10.0,2.2,1,0.17,21.0,1,0.0,23.33,29.45,20235.16,0.23,130.0,0.03,1124.18,687.1,16,1,7,17.0,18.0,0.17,6.0,11.0,17.0,0.14,42.0,62.0,68.0,20.0,19,32.0,0,False
25.0,10,48.0,13.0,0.28,24.0,2.0,9,0.69,62.0,8,0.58,57.88,31.53,57542.56,0.61,293.0,0.03,3196.81,1825.04,9,0,1,47.0,47.0,0.62,12.0,24.0,51.0,0.19,70.0,134.0,159.0,51.0,24,2.08,2,False
1.0,0,0.0,1.0,0.17,0.0,0.0,1,1.0,1.0,1,0.0,24.42,5.0,610.57,0.04,33.0,0.2,33.92,122.11,1,1,0,5.0,6.0,1.0,0.0,0.0,2.0,0.13,8.0,16.0,17.0,8.0,5,16.67,1,False
7.0,2,12.0,4.0,0.36,6.0,2.0,4,1.0,16.0,1,0.0,28.49,13.18,4947.97,0.13,83.0,0.08,274.89,375.46,1,0,0,11.0,11.0,0.25,3.0,6.0,14.0,0.31,13.0,41.0,42.0,14.0,9,0.0,1,False
11.0,4,18.0,6.0,0.17,8.0,2.25,5,0.83,29.0,4,0.6,63.05,28.78,52205.44,0.6,297.0,0.03,2900.3,1814.23,7,0,7,35.0,35.0,0.67,5.0,9.0,25.0,0.12,50.0,141.0,156.0,49.0,20,16.67,0,False
5.0,1,8.0,3.0,0.38,4.0,2.0,2,0.67,9.0,1,0.0,12.1,13.93,2347.73,0.06,39.0,0.07,130.43,168.56,2,0,0,8.0,8.0,0.33,2.0,4.0,8.0,0.27,11.0,15.0,24.0,7.0,13,0.0,1,False
5.0,1,8.0,3.0,0.07,4.0,2.0,1,0.33,11.0,1,0.0,99.6,16.93,28538.58,0.56,276.0,0.06,1585.48,1685.95,7,0,8,46.0,46.0,0.33,2.0,4.0,10.0,0.05,62.0,133.0,143.0,55.0,14,14.81,4,False
7.0,4,4.0,5.0,0.14,2.0,2.0,5,1.0,14.0,1,0.0,46.83,12.27,7046.59,0.19,104.0,0.08,391.48,574.45,7,0,3,35.0,35.0,0.2,1.0,2.0,11.0,0.11,46.0,46.0,58.0,30.0,16,7.89,1,False
81.0,6,160.0,41.0,0.12,80.0,2.0,17,0.41,227.0,1,0.0,287.86,42.27,514310.25,4.05,1565.0,0.02,28572.79,12167.54,16,0,28,349.0,349.0,0.02,40.0,80.0,188.0,0.1,394.0,757.0,808.0,197.0,22,7.43,4,False
17.0,2,20.0,10.0,0.26,8.0,2.5,3,0.3,31.0,3,0.22,31.44,19.3,11716.29,0.2,107.0,0.05,650.91,606.95,21,3,12,36.0,39.0,0.3,6.0,10.0,23.0,0.14,73.0,47.0,60.0,28.0,23,29.41,5,False
1.0,10,0.0,1.0,0.07,0.0,0.0,1,1.0,11.0,1,0.0,61.82,6.52,2630.04,0.13,83.0,0.15,146.11,403.21,9,0,9,14.0,14.0,1.0,0.0,0.0,12.0,0.03,33.0,41.0,42.0,22.0,7,39.13,4,False
17.0,1,30.0,9.0,0.35,14.0,2.14,2,0.22,30.0,1,0.0,33.47,24.62,20287.52,0.27,146.0,0.04,1127.08,824.0,20,5,12,21.0,26.0,0.11,8.0,15.0,23.0,0.15,59.0,68.0,78.0,29.0,21,44.74,1,True
7.0,5,10.0,4.0,0.14,4.0,2.5,4,1.0,16.0,4,1.0,45.13,11.11,5572.06,0.17,93.0,0.09,309.56,501.49,10,1,3,28.0,29.0,1.0,3.0,5.0,14.0,0.08,51.0,40.0,53.0,27.0,15,12.5,1,False
1.0,4,0.0,1.0,0.07,0.0,0.0,1,1.0,5.0,1,0.0,60.52,4.17,1050.72,0.08,55.0,0.24,58.37,252.17,7,2,15,13.0,15.0,1.0,0.0,0.0,6.0,0.03,38.0,25.0,30.0,18.0,6,56.67,0,False
1.0,1,0.0,1.0,0.2,0.0,0.0,1,1.0,2.0,1,0.0,21.33,2.86,174.13,0.02,17.0,0.35,9.67,60.94,0,0,0,5.0,5.0,1.0,0.0,0.0,3.0,0.17,6.0,8.0,9.0,7.0,5,0.0,0,False
3.0,0,4.0,2.0,0.17,2.0,2.0,1,0.5,5.0,1,0.0,18.46,16.91,5277.76,0.1,69.0,0.06,293.21,312.13,6,0,28,12.0,12.0,0.5,1.0,2.0,5.0,0.04,47.0,31.0,38.0,11.0,12,70.0,1,False
13.0,7,22.0,7.0,0.2,10.0,2.2,6,0.86,31.0,3,0.33,42.89,21.47,19769.73,0.31,160.0,0.05,1098.32,920.78,23,2,25,33.0,35.0,0.43,6.0,11.0,26.0,0.08,84.0,73.0,87.0,34.0,20,45.0,1,False
5.0,2,6.0,3.0,0.21,2.0,3.0,2,0.67,9.0,3,1.0,22.59,10.0,2259.46,0.08,47.0,0.1,125.53,225.95,1,0,0,14.0,14.0,1.0,2.0,3.0,8.0,0.19,16.0,20.0,27.0,14.0,14,0.0,2,False
5.0,8,8.0,3.0,0.14,4.0,2.0,2,0.67,22.0,1,0.0,50.44,8.5,3644.57,0.14,85.0,0.12,202.48,428.77,13,1,13,20.0,21.0,0.33,2.0,4.0,21.0,0.06,48.0,34.0,51.0,22.0,11,41.18,0,True
1.0,3,0.0,1.0,0.14,0.0,0.0,1,1.0,4.0,1,0.0,22.99,4.44,454.16,0.03,25.0,0.23,25.23,102.19,6,0,3,7.0,7.0,1.0,0.0,0.0,5.0,0.06,17.0,10.0,15.0,9.0,8,30.0,3,False
5.0,4,8.0,3.0,0.2,4.0,2.0,3,1.0,11.0,1,0.0,49.71,9.92,4895.11,0.16,94.0,0.1,271.95,493.31,15,1,25,14.0,15.0,0.33,2.0,4.0,10.0,0.05,56.0,43.0,51.0,26.0,12,65.0,1,False
1.0,2,0.0,1.0,0.17,0.0,0.0,1,1.0,3.0,1,0.0,21.19,3.21,218.94,0.02,19.0,0.31,12.16,68.11,0,0,0,6.0,6.0,1.0,0.0,0.0,4.0,0.14,7.0,9.0,10.0,7.0,5,0.0,1,False
7.0,2,16.0,4.0,0.2,8.0,2.0,3,0.75,14.0,1,0.0,25.26,12.89,4196.59,0.11,64.0,0.08,233.14,325.6,7,2,3,18.0,20.0,0.25,4.0,8.0,12.0,0.13,31.0,29.0,35.0,18.0,16,21.74,1,True
9.0,2,12.0,5.0,0.26,4.0,3.0,3,0.6,17.0,5,1.0,36.97,15.36,8722.95,0.19,106.0,0.07,484.61,567.9,10,1,6,18.0,19.0,1.0,4.0,6.0,14.0,0.14,36.0,48.0,58.0,25.0,16,28.0,0,False
1.0,0,0.0,1.0,0.13,0.0,0.0,1,1.0,1.0,1,0.0,15.88,7.0,777.94,0.04,31.0,0.14,43.22,111.13,0,0,0,8.0,8.0,1.0,0.0,0.0,2.0,0.11,9.0,10.0,21.0,5.0,7,0.0,3,False
7.0,6,10.0,4.0,0.13,4.0,2.5,4,1.0,20.0,3,0.67,45.05,16.2,11826.86,0.24,130.0,0.06,657.05,729.91,29,8,23,23.0,31.0,0.75,3.0,5.0,18.0,0.05,84.0,61.0,69.0,32.0,17,57.41,2,False
1.0,0,0.0,1.0,1.0,0.0,0.0,1,1.0,1.0,1,0.0,0.0,0.0,0.0,0.0,2.0,0.0,0.0,2.0,0,0,0,0.0,0.0,1.0,0.0,0.0,2.0,1.0,1.0,0.0,2.0,0.0,2,0.0,0,False
5.0,0,6.0,3.0,0.25,2.0,3.0,1,0.33,7.0,1,0.0,17.39,26.25,11982.32,0.15,96.0,0.04,665.68,456.47,8,1,0,11.0,12.0,0.33,2.0,3.0,6.0,0.14,21.0,42.0,54.0,12.0,15,8.33,3,True
1.0,0,0.0,1.0,0.25,0.0,0.0,1,1.0,1.0,1,0.0,16.84,1.5,37.9,0.01,9.0,0.67,2.11,25.27,0,0,0,4.0,4.0,1.0,0.0,0.0,2.0,0.2,5.0,4.0,5.0,4.0,3,0.0,0,False
5.0,1,8.0,3.0,0.43,4.0,2.0,1,0.33,12.0,1,0.0,13.09,18.45,4456.41,0.08,52.0,0.05,247.58,241.48,4,0,0,7.0,7.0,0.33,2.0,4.0,11.0,0.25,12.0,29.0,23.0,11.0,14,0.0,3,False
13.0,3,24.0,7.0,0.19,12.0,2.0,3,0.43,30.0,1,0.0,66.19,24.42,39480.4,0.54,262.0,0.04,2193.36,1616.52,24,4,26,33.0,37.0,0.14,6.0,12.0,25.0,0.08,88.0,127.0,135.0,52.0,20,47.62,0,True
5.0,1,6.0,3.0,0.21,2.0,3.0,2,0.67,8.0,3,1.0,23.84,7.5,1341.1,0.06,39.0,0.13,74.51,178.81,3,1,0,13.0,14.0,1.0,2.0,3.0,7.0,0.17,18.0,15.0,24.0,12.0,12,7.14,4,False
3.0,2,4.0,2.0,0.2,2.0,2.0,2,1.0,8.0,1,0.0,29.95,3.0,269.58,0.03,23.0,0.33,14.98,89.86,0,0,0,10.0,10.0,0.5,1.0,2.0,8.0,0.18,11.0,9.0,14.0,9.0,6,0.0,0,False
5.0,2,8.0,3.0,0.75,4.0,2.0,3,1.0,10.0,3,1.0,12.61,6.75,574.49,0.03,23.0,0.15,31.92,85.11,0,0,0,4.0,4.0,1.0,2.0,4.0,9.0,0.6,5.0,6.0,17.0,4.0,9,0.0,0,False
1.0,3,0.0,1.0,0.2,0.0,0.0,1,1.0,4.0,1,0.0,18.6,2.5,116.27,0.02,14.0,0.4,6.46,46.51,0,0,0,5.0,5.0,1.0,0.0,0.0,5.0,0.17,6.0,5.0,9.0,5.0,5,0.0,1,False
1.0,2,0.0,1.0,0.33,0.0,0.0,1,1.0,3.0,1,0.0,20.84,3.94,323.05,0.03,21.0,0.25,17.95,82.04,2,0,0,3.0,3.0,1.0,0.0,0.0,4.0,0.17,6.0,9.0,12.0,8.0,7,0.0,1,False
5.0,3,8.0,3.0,0.11,4.0,2.0,2,0.67,14.0,1,0.0,43.37,15.45,10350.44,0.22,122.0,0.06,575.02,670.01,13,1,11,27.0,28.0,0.33,2.0,4.0,13.0,0.06,53.0,56.0,66.0,29.0,16,30.77,1,False
7.0,0,10.0,4.0,0.5,4.0,2.5,1,0.25,11.0,4,1.0,8.89,17.5,2722.81,0.05,36.0,0.06,151.27,155.59,1,0,0,8.0,8.0,1.0,3.0,5.0,9.0,0.4,10.0,15.0,21.0,6.0,14,0.0,1,False
1.0,1,0.0,1.0,0.17,0.0,0.0,1,1.0,2.0,1,0.0,20.97,3.0,188.72,0.02,17.0,0.33,10.48,62.91,1,0,9,6.0,6.0,1.0,0.0,0.0,3.0,0.17,6.0,7.0,10.0,7.0,6,60.0,0,False
5.0,2,6.0,3.0,0.27,2.0,3.0,2,0.67,9.0,3,1.0,26.93,8.65,2013.44,0.08,47.0,0.12,111.86,232.85,12,2,7,9.0,11.0,1.0,2.0,3.0,8.0,0.1,31.0,21.0,26.0,17.0,14,50.0,1,False
5.0,5,8.0,3.0,0.23,4.0,2.0,3,1.0,14.0,3,1.0,29.8,5.77,991.7,0.06,38.0,0.17,55.09,171.9,1,0,0,13.0,13.0,1.0,2.0,4.0,13.0,0.2,15.0,15.0,23.0,13.0,10,0.0,0,False
1.0,0,0.0,1.0,0.13,0.0,0.0,1,1.0,1.0,1,0.0,15.5,3.0,139.52,0.02,14.0,0.33,7.75,46.51,1,0,0,8.0,8.0,1.0,0.0,0.0,2.0,0.1,10.0,6.0,8.0,5.0,5,0.0,3,False
3.0,0,4.0,2.0,0.33,2.0,2.0,1,0.5,6.0,1,0.0,14.36,5.71,468.83,0.03,21.0,0.18,26.05,82.04,1,0,0,6.0,6.0,0.5,1.0,2.0,6.0,0.25,8.0,10.0,11.0,7.0,8,0.0,0,False
23.0,1,40.0,12.0,0.44,18.0,2.22,6,0.5,42.0,4,0.27,50.37,18.03,16367.05,0.3,155.0,0.06,909.28,907.99,22,4,19,23.0,27.0,0.33,11.0,20.0,32.0,0.17,69.0,74.0,81.0,39.0,19,50.0,1,True
3.0,0,4.0,2.0,0.17,2.0,2.0,1,0.5,6.0,1,0.0,25.04,7.33,1346.57,0.06,47.0,0.14,74.81,183.62,3,1,2,11.0,12.0,0.5,1.0,2.0,6.0,0.11,18.0,22.0,25.0,9.0,6,21.43,2,False
11.0,3,16.0,6.0,0.25,6.0,2.67,4,0.67,19.0,6,1.0,31.58,13.18,5483.42,0.14,84.0,0.08,304.63,416.15,2,1,0,23.0,24.0,1.0,5.0,8.0,15.0,0.22,27.0,32.0,52.0,17.0,14,4.17,2,False
1.0,0,0.0,1.0,1.0,0.0,0.0,1,1.0,1.0,1,0.0,0.0,0.0,0.0,0.0,2.0,0.0,0.0,2.0,0,0,0,0.0,0.0,1.0,0.0,0.0,2.0,1.0,1.0,0.0,2.0,0.0,2,0.0,0,False
11.0,3,20.0,6.0,0.15,10.0,2.0,5,0.83,27.0,1,0.0,33.65,18.75,11829.4,0.21,117.0,0.05,657.19,630.9,7,3,5,37.0,40.0,0.17,5.0,10.0,23.0,0.11,53.0,50.0,67.0,24.0,18,17.78,1,False
5.0,6,6.0,3.0,0.27,2.0,3.0,2,0.67,12.0,1,0.0,32.98,6.18,1260.48,0.07,48.0,0.16,70.03,203.9,3,1,0,10.0,11.0,0.33,2.0,3.0,11.0,0.2,15.0,17.0,31.0,11.0,8,9.09,0,False
5.0,3,8.0,3.0,0.2,4.0,2.0,3,1.0,14.0,1,0.0,19.08,9.9,1869.81,0.06,43.0,0.1,103.88,188.87,5,1,1,14.0,15.0,0.33,2.0,4.0,13.0,0.14,22.0,18.0,25.0,10.0,11,12.5,0,False
15.0,4,26.0,8.0,0.44,12.0,2.17,5,0.63,31.0,3,0.29,25.26,27.6,19238.64,0.23,131.0,0.04,1068.81,697.17,3,0,0,18.0,18.0,0.38,7.0,13.0,25.0,0.36,22.0,61.0,70.0,21.0,19,0.0,2,False
1.0,0,0.0,1.0,0.25,0.0,0.0,1,1.0,1.0,1,0.0,9.51,3.0,85.59,0.01,9.0,0.33,4.75,28.53,0,0,0,4.0,4.0,1.0,0.0,0.0,2.0,0.2,5.0,3.0,6.0,3.0,6,0.0,1,False
5.0,1,8.0,3.0,0.3,4.0,2.0,3,1.0,12.0,1,0.0,14.62,9.17,1228.15,0.04,31.0,0.11,68.23,133.98,1,0,0,10.0,10.0,0.33,2.0,4.0,11.0,0.25,12.0,15.0,16.0,9.0,11,0.0,2,False
1.0,0,0.0,1.0,0.04,0.0,0.0,1,1.0,1.0,1,0.0,68.65,10.4,7420.21,0.24,136.0,0.1,412.23,713.72,3,0,11,25.0,25.0,1.0,0.0,0.0,2.0,0.03,40.0,67.0,69.0,29.0,9,30.56,3,False
6.0,1,0.0,5.0,0.26,0.0,0.0,5,1.0,12.0,1,0.0,23.68,10.96,2845.58,0.09,54.0,0.09,158.09,259.6,0,0,0,19.0,19.0,0.2,0.0,0.0,9.0,0.25,20.0,19.0,35.0,13.0,15,0.0,4,False
11.0,7,4.0,8.0,0.22,2.0,2.0,8,1.0,22.0,3,0.29,33.95,14.15,6799.13,0.16,88.0,0.07,377.73,480.43,4,4,2,32.0,36.0,0.38,1.0,2.0,16.0,0.19,43.0,31.0,57.0,23.0,21,15.79,0,False
75.0,12,116.0,38.0,0.26,42.0,2.76,15,0.39,126.0,32,0.84,115.86,37.39,161985.9,1.44,624.0,0.03,8999.22,4332.13,35,3,64,144.0,147.0,0.84,37.0,59.0,90.0,0.15,247.0,279.0,345.0,97.0,26,31.75,1,True
3.0,3,4.0,2.0,0.2,2.0,2.0,2,1.0,8.0,1,0.0,19.66,7.15,1004.96,0.05,32.0,0.14,55.83,140.55,5,1,5,9.0,10.0,0.5,1.0,2.0,8.0,0.1,21.0,13.0,19.0,10.0,11,40.0,1,False
1.0,1,0.0,1.0,0.07,0.0,0.0,1,1.0,2.0,1,0.0,34.66,18.4,11735.93,0.21,141.0,0.05,652.0,637.82,0,0,0,15.0,15.0,1.0,0.0,0.0,3.0,0.06,16.0,69.0,72.0,15.0,8,0.0,2,False
7.0,6,4.0,5.0,0.16,2.0,2.0,5,1.0,19.0,1,0.0,47.28,11.03,5756.98,0.17,95.0,0.09,319.83,521.73,11,1,11,30.0,31.0,0.2,1.0,2.0,16.0,0.09,54.0,40.0,55.0,29.0,16,28.57,0,True
11.0,4,20.0,6.0,0.19,10.0,2.0,4,0.67,25.0,5,0.8,25.75,23.98,14801.55,0.21,116.0,0.04,822.31,617.34,14,3,19,28.0,31.0,0.83,5.0,10.0,21.0,0.09,65.0,53.0,63.0,21.0,19,44.0,0,False
5.0,0,8.0,3.0,0.43,4.0,2.0,1,0.33,9.0,1,0.0,7.53,10.0,752.84,0.03,21.0,0.1,41.82,75.28,5,0,0,7.0,7.0,0.33,2.0,4.0,8.0,0.23,13.0,10.0,11.0,4.0,8,0.0,1,False
1.0,0,0.0,1.0,1.0,0.0,0.0,1,1.0,1.0,1,0.0,0.0,0.0,0.0,0.0,1.0,0.0,0.0,0.0,0,0,0,0.0,0.0,1.0,0.0,0.0,2.0,1.0,1.0,0.0,1.0,0.0,1,0.0,0,False
13.0,4,24.0,7.0,0.24,12.0,2.0,2,0.29,30.0,3,0.33,28.86,20.94,12659.07,0.2,122.0,0.05,703.28,604.41,2,0,0,29.0,29.0,0.43,6.0,12.0,25.0,0.22,32.0,58.0,64.0,18.0,13,0.0,1,False
13.0,1,20.0,7.0,0.7,8.0,2.5,3,0.43,22.0,1,0.0,13.71,21.6,6396.36,0.1,63.0,0.05,355.35,296.13,1,0,0,10.0,10.0,0.14,6.0,10.0,17.0,0.58,12.0,27.0,36.0,10.0,16,0.0,1,False
25.0,8,44.0,13.0,0.23,20.0,2.2,8,0.62,50.0,6,0.42,75.71,19.73,29480.66,0.5,237.0,0.05,1637.81,1494.0,36,12,24,44.0,56.0,0.46,12.0,22.0,39.0,0.11,117.0,109.0,128.0,58.0,21,45.0,3,True
8.0,0,0.0,7.0,0.39,0.0,0.0,1,0.14,15.0,1,0.0,18.16,18.0,5884.2,0.11,68.0,0.06,326.9,326.9,4,6,0,12.0,18.0,0.14,0.0,0.0,10.0,0.3,23.0,20.0,48.0,10.0,18,33.33,3,False
1.0,0,0.0,1.0,0.09,0.0,0.0,1,1.0,1.0,1,0.0,16.12,31.5,16002.0,0.17,127.0,0.03,889.0,508.0,4,0,0,11.0,11.0,1.0,0.0,0.0,2.0,0.06,16.0,63.0,64.0,8.0,8,0.0,3,False
3.0,1,4.0,2.0,0.4,2.0,2.0,1,0.5,6.0,1,0.0,11.86,5.25,326.92,0.02,18.0,0.19,18.16,62.27,1,0,0,5.0,5.0,0.5,1.0,2.0,6.0,0.29,7.0,6.0,12.0,4.0,7,0.0,1,False
15.0,2,28.0,8.0,0.27,14.0,2.0,6,0.75,29.0,1,0.0,55.87,16.21,14703.33,0.3,159.0,0.06,816.85,906.37,20,6,14,24.0,30.0,0.13,7.0,14.0,23.0,0.12,65.0,73.0,86.0,36.0,16,45.45,0,False
37.0,3,56.0,19.0,0.7,20.0,2.8,3,0.16,62.0,17,0.89,28.02,46.1,59529.74,0.43,238.0,0.02,3307.21,1291.45,3,0,0,27.0,27.0,0.89,18.0,28.0,45.0,0.61,31.0,88.0,150.0,21.0,22,0.0,2,False
9.0,2,16.0,5.0,0.28,8.0,2.0,2,0.4,19.0,1,0.0,29.23,9.38,2568.93,0.09,57.0,0.11,142.72,274.02,3,0,0,18.0,18.0,0.2,4.0,8.0,16.0,0.23,22.0,25.0,32.0,16.0,12,0.0,3,False
5.0,1,8.0,3.0,0.17,4.0,2.0,2,0.67,14.0,1,0.0,42.71,14.57,9068.9,0.21,114.0,0.07,503.83,622.38,4,1,7,17.0,18.0,0.33,2.0,4.0,13.0,0.1,30.0,51.0,63.0,28.0,16,32.0,4,False
5.0,4,8.0,3.0,0.17,4.0,2.0,3,1.0,12.0,1,0.0,26.88,11.27,3412.26,0.1,63.0,0.09,189.57,302.86,1,0,0,18.0,18.0,0.33,2.0,4.0,11.0,0.15,20.0,26.0,37.0,15.0,13,0.0,1,False
7.0,4,12.0,4.0,0.19,6.0,2.0,2,0.5,24.0,1,0.0,53.82,9.17,4521.96,0.16,94.0,0.11,251.22,493.31,1,0,0,21.0,21.0,0.25,3.0,6.0,22.0,0.17,23.0,45.0,49.0,27.0,11,0.0,3,False
1.0,1,0.0,1.0,0.5,0.0,0.0,1,1.0,2.0,1,0.0,9.83,2.0,39.3,0.01,7.0,0.5,2.18,19.65,2,0,0,2.0,2.0,1.0,0.0,0.0,3.0,0.2,5.0,3.0,4.0,3.0,4,0.0,1,False
15.0,2,24.0,8.0,0.44,10.0,2.4,5,0.63,29.0,5,0.57,26.46,21.46,12182.6,0.19,104.0,0.05,676.81,567.78,1,0,0,18.0,18.0,0.63,7.0,12.0,23.0,0.4,20.0,47.0,57.0,23.0,21,0.0,3,False
9.0,4,8.0,6.0,0.17,4.0,2.0,4,0.67,20.0,3,0.4,42.06,21.68,19763.62,0.3,157.0,0.05,1097.98,911.75,1,4,0,31.0,35.0,0.5,2.0,4.0,16.0,0.16,37.0,67.0,90.0,34.0,22,11.43,1,True
11.0,3,20.0,6.0,0.21,10.0,2.0,3,0.5,25.0,1,0.0,43.02,15.81,10760.54,0.23,127.0,0.06,597.81,680.41,13,3,5,26.0,29.0,0.17,5.0,10.0,21.0,0.13,48.0,61.0,66.0,27.0,14,23.53,0,False
9.0,5,16.0,5.0,0.29,8.0,2.0,4,0.8,20.0,1,0.0,24.55,23.68,13769.86,0.19,110.0,0.04,764.99,581.39,0,0,0,17.0,17.0,0.2,4.0,8.0,17.0,0.28,18.0,45.0,65.0,19.0,20,0.0,1,False
3.0,1,4.0,2.0,0.25,2.0,2.0,1,0.5,7.0,1,0.0,13.4,5.25,369.2,0.02,18.0,0.19,20.51,70.32,1,0,0,8.0,8.0,0.5,1.0,2.0,7.0,0.2,10.0,7.0,11.0,6.0,9,0.0,1,False
1.0,3,0.0,1.0,0.14,0.0,0.0,1,1.0,4.0,1,0.0,12.73,6.75,580.17,0.03,22.0,0.15,32.22,85.95,1,0,0,7.0,7.0,1.0,0.0,0.0,5.0,0.11,9.0,9.0,13.0,6.0,9,0.0,1,False
1.0,1,0.0,1.0,0.14,0.0,0.0,1,1.0,2.0,1,0.0,17.41,3.5,213.21,0.02,16.0,0.29,11.85,60.92,0,0,0,7.0,7.0,1.0,0.0,0.0,3.0,0.13,8.0,7.0,9.0,7.0,7,0.0,1,False
3.0,1,4.0,2.0,0.29,2.0,2.0,2,1.0,7.0,1,0.0,15.32,11.0,1854.11,0.06,39.0,0.09,103.01,168.56,4,0,0,7.0,7.0,0.5,1.0,2.0,7.0,0.17,12.0,18.0,21.0,9.0,11,0.0,4,False
39.0,4,76.0,20.0,0.14,38.0,2.0,5,0.25,95.0,4,0.16,94.07,30.36,86693.87,0.95,428.0,0.03,4816.33,2855.8,48,2,77,144.0,146.0,0.2,19.0,38.0,77.0,0.07,272.0,187.0,241.0,77.0,25,35.43,3,True
3.0,0,4.0,2.0,0.4,2.0,2.0,1,0.5,5.0,1,0.0,10.75,4.0,172.08,0.01,12.0,0.25,9.56,43.02,0,0,0,5.0,5.0,0.5,1.0,2.0,5.0,0.33,6.0,4.0,8.0,4.0,8,0.0,3,False
7.0,2,12.0,4.0,0.13,6.0,2.0,3,0.75,16.0,1,0.0,29.83,40.13,48033.42,0.4,222.0,0.02,2668.52,1197.09,7,1,0,30.0,31.0,0.25,3.0,6.0,14.0,0.1,39.0,107.0,115.0,24.0,18,3.23,2,False
5.0,1,8.0,3.0,0.3,4.0,2.0,2,0.67,9.0,1,0.0,12.54,12.75,2038.87,0.05,37.0,0.08,113.27,159.91,1,0,1,10.0,10.0,0.33,2.0,4.0,8.0,0.23,13.0,17.0,20.0,8.0,12,9.09,1,False
7.0,0,12.0,4.0,0.29,6.0,2.0,1,0.25,13.0,1,0.0,13.04,18.56,4494.57,0.08,57.0,0.05,249.7,242.13,0,0,0,14.0,14.0,0.25,3.0,6.0,11.0,0.27,15.0,27.0,30.0,8.0,11,0.0,2,False
7.0,3,10.0,4.0,0.4,4.0,2.5,3,0.75,16.0,3,0.67,18.06,11.85,2534.72,0.07,45.0,0.08,140.82,213.97,1,0,0,10.0,10.0,0.75,3.0,5.0,14.0,0.33,12.0,22.0,23.0,13.0,14,0.0,3,False
3.0,0,4.0,2.0,0.29,2.0,2.0,1,0.5,6.0,1,0.0,27.01,11.69,3692.07,0.11,65.0,0.09,205.11,315.77,0,1,1,6.0,7.0,0.5,1.0,2.0,6.0,0.22,9.0,19.0,46.0,13.0,16,25.0,0,False
3.0,1,4.0,2.0,0.09,2.0,2.0,2,1.0,7.0,1,0.0,39.13,13.91,7574.21,0.18,103.0,0.07,420.79,544.4,7,0,3,22.0,22.0,0.5,1.0,2.0,7.0,0.06,33.0,40.0,63.0,23.0,16,12.0,1,True
12.0,3,16.0,7.0,0.13,8.0,2.0,6,0.86,26.0,1,0.0,48.73,19.39,18330.01,0.32,160.0,0.05,1018.33,945.1,22,2,12,53.0,55.0,0.14,4.0,8.0,21.0,0.07,99.0,67.0,93.0,38.0,22,20.9,1,False
3.0,1,4.0,2.0,0.08,2.0,2.0,1,0.5,6.0,1,0.0,14.23,94.77,127850.89,0.45,287.0,0.01,7102.83,1349.03,6,0,1,25.0,25.0,0.5,1.0,2.0,6.0,0.06,33.0,139.0,148.0,11.0,15,3.85,3,False
11.0,5,8.0,8.0,0.17,4.0,2.0,5,0.63,24.0,1,0.0,42.42,24.2,24843.45,0.34,176.0,0.04,1380.19,1026.58,23,1,7,45.0,46.0,0.13,2.0,4.0,18.0,0.1,77.0,77.0,99.0,35.0,22,15.09,1,True
5.0,1,6.0,3.0,0.2,2.0,3.0,1,0.33,9.0,3,1.0,30.72,25.5,19978.47,0.26,154.0,0.04,1109.91,783.47,1,0,0,15.0,15.0,1.0,2.0,3.0,8.0,0.18,17.0,51.0,103.0,17.0,17,0.0,1,False
1.0,2,0.0,1.0,0.09,0.0,0.0,1,1.0,3.0,1,0.0,38.86,7.0,1904.18,0.09,61.0,0.14,105.79,272.03,1,0,0,11.0,11.0,1.0,0.0,0.0,4.0,0.08,13.0,30.0,31.0,15.0,7,0.0,0,False
7.0,0,12.0,4.0,0.67,6.0,2.0,1,0.25,13.0,4,1.0,7.22,13.33,1282.82,0.03,26.0,0.08,71.27,96.21,2,0,0,6.0,6.0,1.0,3.0,6.0,11.0,0.44,9.0,8.0,18.0,3.0,10,0.0,2,False
19.0,3,36.0,10.0,0.42,18.0,2.0,4,0.4,40.0,4,0.33,43.97,13.19,7652.73,0.19,109.0,0.08,425.15,580.09,2,0,0,24.0,24.0,0.4,9.0,18.0,32.0,0.37,27.0,49.0,60.0,26.0,14,0.0,4,False
3.0,5,4.0,2.0,0.2,2.0,2.0,2,1.0,10.0,1,0.0,33.92,9.38,2981.4,0.11,62.0,0.11,165.63,318.02,12,1,14,9.0,10.0,0.5,1.0,2.0,10.0,0.05,37.0,25.0,37.0,20.0,15,62.5,1,False
3.0,2,4.0,2.0,0.25,2.0,2.0,2,1.0,7.0,1,0.0,15.92,6.29,629.06,0.03,24.0,0.16,34.95,100.08,1,0,0,8.0,8.0,0.5,1.0,2.0,7.0,0.2,10.0,8.0,16.0,7.0,11,0.0,2,False
1.0,0,0.0,1.0,0.25,0.0,0.0,1,1.0,1.0,1,0.0,10.6,7.0,519.62,0.02,19.0,0.14,28.87,74.23,1,0,0,4.0,4.0,1.0,0.0,0.0,2.0,0.17,6.0,7.0,12.0,5.0,10,0.0,0,False
1.0,0,0.0,1.0,0.5,0.0,0.0,1,1.0,1.0,1,0.0,12.18,3.0,109.62,0.01,11.0,0.33,6.09,36.54,2,0,0,2.0,2.0,1.0,0.0,0.0,2.0,0.2,5.0,4.0,7.0,4.0,6,0.0,0,False
1.0,1,0.0,1.0,0.33,0.0,0.0,1,1.0,2.0,1,0.0,9.05,2.0,36.19,0.01,7.0,0.5,2.0,18.09,7,0,19,3.0,3.0,1.0,0.0,0.0,3.0,0.03,30.0,2.0,5.0,2.0,4,86.36,2,True
5.0,2,8.0,3.0,0.3,4.0,2.0,3,1.0,11.0,1,0.0,25.87,9.0,2095.13,0.08,53.0,0.11,116.4,232.79,0,0,0,10.0,10.0,0.33,2.0,4.0,10.0,0.27,11.0,24.0,29.0,12.0,9,0.0,0,False
1.0,2,0.0,1.0,0.08,0.0,0.0,1,1.0,3.0,1,0.0,59.44,5.5,1797.95,0.11,68.0,0.18,99.89,326.9,11,1,17,11.0,12.0,1.0,0.0,0.0,4.0,0.02,41.0,33.0,35.0,21.0,7,62.07,0,False
1.0,1,0.0,1.0,0.25,0.0,0.0,1,1.0,2.0,1,0.0,11.16,3.12,108.97,0.01,11.0,0.32,6.05,34.87,0,0,0,4.0,4.0,1.0,0.0,0.0,3.0,0.2,5.0,5.0,6.0,4.0,5,0.0,0,False
15.0,3,28.0,8.0,0.22,14.0,2.0,4,0.5,36.0,1,0.0,23.86,46.0,50477.9,0.37,201.0,0.02,2804.33,1097.35,1,3,0,34.0,37.0,0.13,7.0,14.0,30.0,0.21,39.0,92.0,109.0,22.0,22,8.1,3,False
1.0,2,0.0,1.0,0.13,0.0,0.0,1,1.0,3.0,1,0.0,32.47,8.36,2268.24,0.09,60.0,0.12,126.01,271.41,4,0,0,8.0,8.0,1.0,0.0,0.0,4.0,0.08,13.0,26.0,34.0,14.0,9,0.0,0,False
19.0,2,30.0,10.0,0.31,12.0,2.5,5,0.5,32.0,7,0.67,53.13,18.65,18483.6,0.33,173.0,0.05,1026.86,990.93,18,3,9,29.0,32.0,0.7,9.0,15.0,24.0,0.17,60.0,79.0,94.0,36.0,17,29.27,0,False
10.0,2,10.0,6.0,0.25,4.0,2.5,3,0.5,20.0,6,1.0,22.38,20.0,8951.25,0.15,83.0,0.05,497.29,447.56,1,2,0,22.0,24.0,1.0,3.0,5.0,16.0,0.23,26.0,30.0,53.0,18.0,24,8.33,0,False
3.0,4,4.0,2.0,0.2,2.0,2.0,2,1.0,8.0,1,0.0,20.51,4.57,428.64,0.03,24.0,0.22,23.81,93.77,4,0,14,10.0,10.0,0.5,1.0,2.0,8.0,0.07,29.0,8.0,16.0,7.0,8,58.33,0,False
1.0,0,0.0,1.0,1.0,0.0,0.0,1,1.0,1.0,1,0.0,0.0,0.0,0.0,0.0,2.0,0.0,0.0,2.0,0,0,0,0.0,0.0,1.0,0.0,0.0,2.0,1.0,1.0,0.0,2.0,0.0,2,0.0,0,False
1.0,2,0.0,1.0,0.17,0.0,0.0,1,1.0,3.0,1,0.0,10.79,7.2,559.51,0.03,21.0,0.14,31.08,77.71,3,0,3,6.0,6.0,1.0,0.0,0.0,4.0,0.08,13.0,9.0,12.0,5.0,8,33.33,0,False
3.0,1,4.0,2.0,0.33,2.0,2.0,1,0.5,6.0,1,0.0,13.83,11.25,1750.38,0.05,36.0,0.09,97.24,155.59,3,0,0,6.0,6.0,0.5,1.0,2.0,6.0,0.2,10.0,15.0,21.0,8.0,12,0.0,2,False
3.0,12,4.0,2.0,0.05,2.0,2.0,2,1.0,53.0,1,0.0,100.54,28.52,81768.15,0.96,471.0,0.04,4542.68,2867.19,3,0,2,42.0,42.0,0.5,1.0,2.0,53.0,0.04,48.0,220.0,251.0,54.0,14,4.55,0,False
9.0,6,14.0,5.0,0.21,6.0,2.33,4,0.8,19.0,3,0.5,52.95,8.87,4163.0,0.16,86.0,0.11,231.28,469.51,20,4,11,20.0,24.0,0.6,4.0,7.0,16.0,0.09,56.0,38.0,48.0,30.0,14,42.86,1,True
1.0,2,0.0,1.0,0.07,0.0,0.0,1,1.0,4.0,1,0.0,22.69,12.43,3505.19,0.09,60.0,0.08,194.73,282.03,8,0,7,15.0,15.0,1.0,0.0,0.0,5.0,0.03,31.0,29.0,31.0,14.0,12,31.82,0,False
7.0,2,12.0,4.0,0.24,6.0,2.0,3,0.75,13.0,1,0.0,25.96,11.15,3229.13,0.1,64.0,0.09,179.4,289.51,0,0,0,17.0,17.0,0.25,3.0,6.0,11.0,0.22,18.0,29.0,35.0,13.0,10,0.0,2,False
3.0,1,4.0,2.0,0.25,2.0,2.0,1,0.5,7.0,1,0.0,17.2,6.67,764.63,0.04,27.0,0.15,42.48,114.69,0,0,0,8.0,8.0,0.5,1.0,2.0,7.0,0.22,9.0,12.0,15.0,9.0,10,0.0,1,False
9.0,0,16.0,5.0,0.45,8.0,2.0,1,0.2,17.0,3,0.5,16.86,17.14,4949.88,0.1,63.0,0.06,274.99,288.85,0,1,0,10.0,11.0,0.6,4.0,8.0,14.0,0.42,12.0,29.0,34.0,11.0,13,9.09,2,False
5.0,1,8.0,3.0,0.13,4.0,2.0,2,0.67,14.0,1,0.0,66.13,15.71,16316.58,0.35,185.0,0.06,906.48,1038.72,6,1,6,22.0,23.0,0.33,2.0,4.0,13.0,0.08,36.0,87.0,98.0,36.0,13,24.14,1,False
13.0,10,24.0,7.0,0.17,12.0,2.0,7,1.0,33.0,1,0.0,49.36,14.73,10712.03,0.24,134.0,0.07,595.11,727.12,43,3,15,38.0,41.0,0.14,6.0,12.0,28.0,0.07,100.0,55.0,79.0,28.0,15,32.14,1,False
3.0,1,4.0,2.0,0.4,2.0,2.0,2,1.0,5.0,1,0.0,19.1,5.78,637.64,0.04,27.0,0.17,35.42,110.36,1,0,0,5.0,5.0,0.5,1.0,2.0,5.0,0.29,7.0,13.0,14.0,9.0,8,0.0,1,False
5.0,2,8.0,3.0,0.25,4.0,2.0,3,1.0,12.0,1,0.0,19.74,9.9,1934.51,0.07,46.0,0.1,107.47,195.4,1,0,0,12.0,12.0,0.33,2.0,4.0,11.0,0.21,14.0,22.0,24.0,10.0,9,0.0,0,False
29.0,4,46.0,15.0,0.19,18.0,2.56,9,0.6,58.0,14,0.93,104.45,30.05,94338.77,1.05,462.0,0.03,5241.04,3139.02,27,0,10,81.0,81.0,0.93,14.0,23.0,45.0,0.12,128.0,187.0,275.0,84.0,27,10.99,1,True
3.0,0,4.0,2.0,0.5,2.0,2.0,1,0.5,6.0,1,0.0,12.44,7.71,740.57,0.03,24.0,0.13,41.14,96.0,3,0,0,4.0,4.0,0.5,1.0,2.0,6.0,0.25,8.0,12.0,12.0,7.0,9,0.0,3,False
3.0,0,4.0,2.0,0.07,2.0,2.0,1,0.5,6.0,1,0.0,62.76,21.36,28626.92,0.45,240.0,0.05,1590.38,1340.39,8,0,2,29.0,29.0,0.5,1.0,2.0,6.0,0.05,40.0,115.0,125.0,35.0,13,6.45,0,False
1.0,0,0.0,1.0,0.08,0.0,0.0,1,1.0,1.0,1,0.0,16.67,9.43,1481.92,0.05,37.0,0.11,82.33,157.17,9,0,0,12.0,12.0,1.0,0.0,0.0,2.0,0.05,22.0,11.0,26.0,7.0,12,0.0,2,False
3.0,1,4.0,2.0,0.22,2.0,2.0,2,1.0,6.0,1,0.0,11.82,10.83,1386.67,0.04,32.0,0.09,77.04,128.0,1,0,0,9.0,9.0,0.5,1.0,2.0,6.0,0.18,11.0,13.0,19.0,6.0,10,0.0,2,False
1.0,2,0.0,1.0,0.17,0.0,0.0,1,1.0,3.0,1,0.0,23.26,5.2,628.82,0.04,29.0,0.19,34.93,120.93,0,0,0,6.0,6.0,1.0,0.0,0.0,4.0,0.14,7.0,13.0,16.0,10.0,8,0.0,1,False
9.0,2,16.0,5.0,0.19,8.0,2.0,2,0.4,18.0,1,0.0,36.88,24.87,22810.72,0.31,168.0,0.04,1267.26,917.18,14,2,11,24.0,26.0,0.2,4.0,8.0,15.0,0.1,52.0,79.0,89.0,27.0,17,35.14,2,False
1.0,1,0.0,1.0,0.11,0.0,0.0,1,1.0,9.0,1,0.0,67.16,8.0,4298.42,0.18,113.0,0.13,238.8,537.3,2,0,0,9.0,9.0,1.0,0.0,0.0,10.0,0.08,12.0,56.0,57.0,21.0,6,0.0,0,True
3.0,1,4.0,2.0,0.25,2.0,2.0,1,0.5,6.0,1,0.0,24.33,8.4,1716.73,0.07,50.0,0.12,95.37,204.37,3,0,0,8.0,8.0,0.5,1.0,2.0,6.0,0.17,12.0,24.0,26.0,10.0,7,0.0,3,False
3.0,1,4.0,2.0,0.25,2.0,2.0,2,1.0,7.0,1,0.0,13.69,6.43,565.71,0.03,22.0,0.16,31.43,88.0,1,0,0,8.0,8.0,0.5,1.0,2.0,7.0,0.2,10.0,10.0,12.0,7.0,9,0.0,2,False
3.0,2,4.0,2.0,0.4,2.0,2.0,2,1.0,5.0,1,0.0,13.87,4.67,302.05,0.02,17.0,0.21,16.78,64.73,1,1,0,4.0,5.0,0.5,1.0,2.0,5.0,0.29,7.0,7.0,10.0,6.0,8,20.0,3,False
1.0,2,0.0,1.0,0.17,0.0,0.0,1,1.0,3.0,1,0.0,11.59,4.38,221.89,0.02,16.0,0.23,12.33,50.72,2,2,0,4.0,6.0,1.0,0.0,0.0,4.0,0.11,9.0,7.0,9.0,4.0,5,33.33,1,False
11.0,1,8.0,8.0,0.47,4.0,2.0,1,0.13,22.0,1,0.0,16.16,19.2,5956.4,0.1,66.0,0.05,330.91,310.23,0,0,0,17.0,17.0,0.13,2.0,4.0,16.0,0.44,18.0,24.0,42.0,10.0,16,0.0,2,False
1.0,1,0.0,1.0,0.5,0.0,0.0,1,1.0,2.0,1,0.0,12.95,4.0,207.22,0.02,14.0,0.25,11.51,51.81,2,0,0,2.0,2.0,1.0,0.0,0.0,3.0,0.2,5.0,5.0,9.0,5.0,8,0.0,0,False
143.0,8,186.0,72.0,1.24,88.0,2.11,71,0.99,221.0,70,0.97,89.69,33.23,99019.72,0.99,483.0,0.03,5501.1,2980.07,2,0,0,58.0,58.0,0.97,49.0,93.0,151.0,1.18,61.0,215.0,268.0,55.0,17,0.0,0,False
3.0,0,4.0,2.0,0.29,2.0,2.0,1,0.5,6.0,1,0.0,14.04,2.0,56.15,0.01,10.0,0.5,3.12,28.07,2,0,0,7.0,7.0,0.5,1.0,2.0,6.0,0.2,10.0,3.0,7.0,3.0,4,0.0,0,False
1.0,3,0.0,1.0,0.17,0.0,0.0,1,1.0,4.0,1,0.0,18.6,5.25,512.78,0.03,25.0,0.19,28.49,97.67,4,0,0,6.0,6.0,1.0,0.0,0.0,5.0,0.09,11.0,12.0,13.0,8.0,7,0.0,1,True
1.0,0,0.0,1.0,0.03,0.0,0.0,1,1.0,1.0,1,0.0,98.35,9.3,8500.83,0.3,173.0,0.11,472.27,914.37,5,0,9,34.0,34.0,1.0,0.0,0.0,2.0,0.02,49.0,85.0,88.0,32.0,7,20.93,3,False
9.0,3,16.0,5.0,0.17,8.0,2.0,4,0.8,20.0,1,0.0,44.17,22.38,22130.78,0.33,178.0,0.04,1229.49,988.72,5,3,7,27.0,30.0,0.2,4.0,8.0,17.0,0.12,43.0,79.0,99.0,30.0,17,27.03,2,True
3.0,6,4.0,2.0,0.17,2.0,2.0,2,1.0,11.0,1,0.0,40.52,5.75,1339.69,0.08,49.0,0.17,74.43,232.99,6,2,9,10.0,12.0,0.5,1.0,2.0,11.0,0.07,28.0,23.0,26.0,18.0,9,52.38,0,True
5.0,0,8.0,3.0,0.43,2.0,4.0,1,0.33,7.0,1,0.0,17.75,9.9,1739.36,0.06,40.0,0.1,96.63,175.69,8,1,8,6.0,7.0,0.33,3.0,4.0,6.0,0.13,24.0,18.0,22.0,10.0,11,60.0,0,False
5.0,2,8.0,3.0,0.21,4.0,2.0,1,0.33,12.0,1,0.0,18.95,10.29,2007.31,0.07,42.0,0.1,111.52,195.04,2,1,3,13.0,14.0,0.33,2.0,4.0,11.0,0.15,20.0,19.0,23.0,12.0,13,23.53,1,False
5.0,1,8.0,3.0,0.17,4.0,2.0,1,0.33,14.0,1,0.0,21.78,37.5,30631.81,0.27,158.0,0.03,1701.77,816.85,12,2,0,16.0,18.0,0.33,2.0,4.0,13.0,0.1,31.0,75.0,83.0,18.0,18,11.11,2,True
3.0,2,4.0,2.0,0.33,2.0,2.0,2,1.0,8.0,1,0.0,17.47,5.14,462.13,0.03,23.0,0.19,25.67,89.86,0,0,0,6.0,6.0,0.5,1.0,2.0,8.0,0.29,7.0,9.0,14.0,7.0,8,0.0,1,False
15.0,1,24.0,8.0,0.73,10.0,2.4,2,0.25,26.0,7,0.86,15.48,21.0,6826.47,0.11,70.0,0.05,379.25,325.07,1,0,0,11.0,11.0,0.88,7.0,12.0,20.0,0.62,13.0,28.0,42.0,10.0,15,0.0,1,False
87.0,5,154.0,44.0,0.17,68.0,2.26,14,0.32,169.0,13,0.28,249.73,43.13,464447.49,3.59,1405.0,0.02,25802.64,10769.8,16,0,35,255.0,255.0,0.3,43.0,77.0,127.0,0.14,307.0,675.0,730.0,180.0,23,12.07,4,False
1.0,1,0.0,1.0,0.14,0.0,0.0,1,1.0,2.0,1,0.0,17.41,3.5,213.21,0.02,16.0,0.29,11.85,60.92,0,0,0,7.0,7.0,1.0,0.0,0.0,3.0,0.13,8.0,7.0,9.0,7.0,7,0.0,1,False
5.0,4,8.0,3.0,0.17,4.0,2.0,3,1.0,12.0,1,0.0,52.67,6.38,2143.97,0.11,65.0,0.16,119.11,336.05,14,4,0,14.0,18.0,0.33,2.0,4.0,11.0,0.09,33.0,29.0,36.0,25.0,11,22.22,2,True
5.0,3,8.0,3.0,0.14,4.0,2.0,3,1.0,13.0,1,0.0,33.54,13.0,5667.6,0.15,88.0,0.08,314.87,435.97,6,0,0,21.0,21.0,0.33,2.0,4.0,12.0,0.11,28.0,36.0,52.0,18.0,13,0.0,2,False
11.0,3,0.0,10.0,0.17,0.0,0.0,5,0.5,27.0,1,0.0,52.89,19.19,19475.55,0.34,174.0,0.05,1081.97,1014.92,16,1,0,59.0,60.0,0.1,0.0,0.0,19.0,0.13,77.0,71.0,103.0,37.0,20,1.67,1,True
21.0,2,38.0,11.0,0.27,18.0,2.11,3,0.27,42.0,1,0.0,51.67,21.46,23803.95,0.37,187.0,0.05,1322.44,1109.05,29,10,11,31.0,41.0,0.09,10.0,19.0,33.0,0.13,82.0,88.0,99.0,41.0,20,40.38,0,False
55.0,13,108.0,28.0,0.03,54.0,2.0,27,0.96,125.0,27,0.96,1349.98,39.94,2153049.88,17.97,5580.0,0.03,119613.86,53912.72,22,0,51,817.0,817.0,0.96,27.0,54.0,99.0,0.03,891.0,2733.0,2847.0,787.0,23,5.88,2,False
3.0,3,4.0,2.0,0.12,2.0,2.0,2,1.0,7.0,1,0.0,46.82,5.71,1528.72,0.09,54.0,0.18,84.93,267.53,4,1,6,16.0,17.0,0.5,1.0,2.0,7.0,0.07,28.0,24.0,30.0,21.0,10,30.43,0,False
3.0,0,4.0,2.0,0.29,2.0,2.0,1,0.5,5.0,1,0.0,14.51,4.2,255.97,0.02,17.0,0.24,14.22,60.94,1,0,0,7.0,7.0,0.5,1.0,2.0,5.0,0.22,9.0,6.0,11.0,5.0,7,0.0,1,False
1.0,0,0.0,1.0,0.2,0.0,0.0,1,1.0,1.0,1,0.0,29.78,3.25,314.58,0.03,27.0,0.31,17.48,96.79,0,0,0,5.0,5.0,1.0,0.0,0.0,2.0,0.17,6.0,13.0,14.0,8.0,4,0.0,3,False
5.0,0,8.0,3.0,0.43,4.0,2.0,1,0.33,10.0,1,0.0,6.02,18.33,2024.24,0.04,29.0,0.05,112.46,110.41,1,0,0,7.0,7.0,0.33,2.0,4.0,9.0,0.33,9.0,10.0,19.0,3.0,11,0.0,1,False
21.0,2,38.0,11.0,0.28,18.0,2.11,2,0.18,44.0,3,0.2,35.52,30.55,33139.3,0.36,186.0,0.03,1841.07,1084.92,12,1,12,38.0,39.0,0.27,10.0,19.0,35.0,0.17,64.0,84.0,102.0,33.0,24,25.49,2,True
1.0,1,0.0,1.0,0.17,0.0,0.0,1,1.0,3.0,1,0.0,11.62,9.75,1104.67,0.04,29.0,0.1,61.37,113.3,3,0,0,6.0,6.0,1.0,0.0,0.0,4.0,0.1,10.0,13.0,16.0,6.0,9,0.0,2,False
1.0,1,0.0,1.0,0.14,0.0,0.0,1,1.0,2.0,1,0.0,17.41,3.5,213.21,0.02,16.0,0.29,11.85,60.92,0,0,0,7.0,7.0,1.0,0.0,0.0,3.0,0.13,8.0,7.0,9.0,7.0,7,0.0,1,False
3.0,0,4.0,2.0,0.17,2.0,2.0,1,0.5,7.0,1,0.0,29.04,8.92,2312.39,0.09,59.0,0.11,128.47,259.14,6,0,1,12.0,12.0,0.5,1.0,2.0,7.0,0.1,20.0,29.0,30.0,13.0,8,7.69,0,False
3.0,0,4.0,2.0,0.4,2.0,2.0,1,0.5,5.0,1,0.0,16.21,4.2,286.08,0.02,19.0,0.24,15.89,68.11,0,0,0,5.0,5.0,0.5,1.0,2.0,5.0,0.33,6.0,6.0,13.0,5.0,7,0.0,2,False
5.0,2,6.0,3.0,0.17,2.0,3.0,2,0.67,10.0,3,1.0,30.6,9.39,2697.84,0.1,58.0,0.11,149.88,287.34,0,0,0,18.0,18.0,1.0,2.0,3.0,9.0,0.16,19.0,26.0,32.0,18.0,13,0.0,1,False
3.0,0,4.0,2.0,0.22,2.0,2.0,1,0.5,5.0,1,0.0,10.53,13.2,1834.45,0.05,34.0,0.08,101.91,138.97,1,0,0,9.0,9.0,0.5,1.0,2.0,5.0,0.18,11.0,11.0,23.0,5.0,12,0.0,2,False
9.0,0,16.0,5.0,0.45,8.0,2.0,1,0.2,18.0,5,1.0,8.42,20.4,3502.14,0.06,42.0,0.05,194.56,171.67,1,0,0,11.0,11.0,1.0,4.0,8.0,15.0,0.38,13.0,17.0,25.0,5.0,12,0.0,2,False
5.0,5,6.0,3.0,0.23,2.0,3.0,3,1.0,15.0,1,0.0,33.1,7.12,1676.64,0.08,49.0,0.14,93.15,235.56,12,0,3,13.0,13.0,0.33,2.0,3.0,14.0,0.1,29.0,22.0,27.0,17.0,11,18.75,0,False
69.0,8,130.0,35.0,0.54,62.0,2.1,11,0.31,141.0,19,0.53,70.75,49.5,173359.85,1.17,526.0,0.02,9631.1,3502.22,5,0,0,65.0,65.0,0.54,34.0,65.0,108.0,0.44,80.0,204.0,322.0,68.0,33,0.0,3,False
7.0,2,12.0,4.0,0.33,6.0,2.0,2,0.5,15.0,1,0.0,15.35,20.67,6557.23,0.11,66.0,0.05,364.29,317.29,0,0,0,12.0,12.0,0.25,3.0,6.0,13.0,0.31,13.0,31.0,35.0,12.0,16,0.0,0,False
1.0,0,0.0,1.0,0.33,0.0,0.0,1,1.0,1.0,1,0.0,5.33,1.5,12.0,0.0,4.0,0.67,0.67,8.0,0,0,0,3.0,3.0,1.0,0.0,0.0,2.0,0.25,4.0,1.0,3.0,1.0,3,0.0,1,False
3.0,1,4.0,2.0,0.5,2.0,2.0,2,1.0,5.0,1,0.0,12.18,3.0,109.62,0.01,11.0,0.33,6.09,36.54,6,1,3,3.0,4.0,0.5,1.0,2.0,5.0,0.14,14.0,4.0,7.0,4.0,6,57.14,1,False
3.0,4,4.0,2.0,0.11,2.0,2.0,2,1.0,11.0,1,0.0,49.17,9.13,4099.12,0.15,89.0,0.11,227.73,448.95,4,0,0,19.0,19.0,0.5,1.0,2.0,11.0,0.08,24.0,42.0,47.0,23.0,10,0.0,1,False
7.0,0,12.0,4.0,0.31,6.0,2.0,1,0.25,14.0,1,0.0,14.3,23.27,7746.14,0.11,70.0,0.04,430.34,332.84,1,0,1,13.0,13.0,0.25,3.0,6.0,12.0,0.25,16.0,32.0,38.0,11.0,16,7.14,1,False
7.0,0,10.0,4.0,0.31,4.0,2.5,1,0.25,12.0,4,1.0,17.83,10.4,1928.85,0.06,41.0,0.1,107.16,185.47,5,0,0,13.0,13.0,1.0,3.0,5.0,10.0,0.21,19.0,16.0,25.0,10.0,13,0.0,2,False
1.0,0,0.0,1.0,0.17,0.0,0.0,1,1.0,1.0,1,0.0,26.94,2.0,107.78,0.02,17.0,0.5,5.99,53.89,0,0,0,6.0,6.0,1.0,0.0,0.0,2.0,0.14,7.0,8.0,9.0,6.0,3,0.0,0,False
13.0,2,22.0,7.0,0.23,10.0,2.2,3,0.43,26.0,6,0.83,43.02,27.35,32179.65,0.39,200.0,0.04,1787.76,1176.53,17,5,8,26.0,31.0,0.86,6.0,11.0,21.0,0.12,57.0,92.0,108.0,37.0,22,33.33,3,False
5.0,5,8.0,3.0,0.08,4.0,2.0,3,1.0,13.0,1,0.0,99.53,11.61,13418.54,0.39,199.0,0.09,745.47,1155.66,10,4,0,35.0,39.0,0.33,2.0,4.0,12.0,0.06,50.0,95.0,104.0,45.0,11,10.26,0,False
1.0,0,0.0,1.0,0.2,0.0,0.0,1,1.0,1.0,1,0.0,11.93,4.0,190.9,0.02,17.0,0.25,10.61,47.73,0,0,0,5.0,5.0,1.0,0.0,0.0,2.0,0.17,6.0,6.0,11.0,3.0,4,0.0,2,False
5.0,0,8.0,3.0,0.14,4.0,2.0,1,0.33,11.0,1,0.0,53.55,11.45,7025.78,0.2,125.0,0.09,390.32,613.36,10,0,5,22.0,22.0,0.33,2.0,4.0,10.0,0.08,38.0,63.0,62.0,22.0,8,18.52,0,False
13.0,1,20.0,7.0,0.39,8.0,2.5,2,0.29,23.0,4,0.5,33.36,14.26,6783.7,0.16,90.0,0.07,376.87,475.69,18,4,11,14.0,18.0,0.57,6.0,10.0,18.0,0.15,48.0,41.0,49.0,23.0,16,51.72,2,True
3.0,2,4.0,2.0,0.17,2.0,2.0,2,1.0,9.0,1,0.0,16.73,11.0,2024.0,0.06,46.0,0.09,112.44,184.0,0,0,0,12.0,12.0,0.5,1.0,2.0,9.0,0.15,13.0,22.0,24.0,8.0,8,0.0,3,False
91.0,19,152.0,47.0,0.47,66.0,2.3,32,0.68,185.0,22,0.46,99.09,49.13,239175.87,1.62,679.0,0.02,13287.55,4868.38,13,4,2,96.0,100.0,0.47,43.0,78.0,140.0,0.38,124.0,306.0,373.0,109.0,35,5.88,0,False
15.0,1,22.0,8.0,0.33,8.0,2.75,2,0.25,24.0,3,0.29,15.29,43.21,28547.12,0.22,136.0,0.02,1585.95,660.69,0,0,0,24.0,24.0,0.38,7.0,11.0,18.0,0.32,25.0,61.0,75.0,12.0,17,0.0,6,False
13.0,5,24.0,7.0,0.41,12.0,2.0,6,0.86,32.0,6,0.83,27.29,21.05,12094.31,0.19,112.0,0.05,671.91,574.48,3,0,0,17.0,17.0,0.86,6.0,12.0,27.0,0.33,21.0,50.0,62.0,19.0,16,0.0,1,False
13.0,2,24.0,7.0,0.33,12.0,2.0,3,0.43,28.0,6,0.83,20.0,16.25,5282.39,0.11,70.0,0.06,293.47,325.07,1,0,0,21.0,21.0,0.86,6.0,12.0,23.0,0.3,23.0,30.0,40.0,12.0,13,0.0,0,False
11.0,4,20.0,6.0,0.19,10.0,2.0,6,1.0,31.0,1,0.0,67.71,14.27,13778.81,0.32,178.0,0.07,765.49,965.88,23,4,24,27.0,31.0,0.17,5.0,10.0,27.0,0.08,79.0,83.0,95.0,32.0,11,50.91,3,False
3.0,2,4.0,2.0,0.13,2.0,2.0,2,1.0,8.0,1,0.0,39.13,6.39,1597.11,0.08,52.0,0.16,88.73,249.98,7,0,6,15.0,15.0,0.5,1.0,2.0,8.0,0.07,29.0,23.0,29.0,18.0,10,28.57,0,False
3.0,0,4.0,2.0,0.5,2.0,2.0,1,0.5,6.0,1,0.0,11.42,7.33,614.25,0.03,22.0,0.14,34.13,83.76,3,0,0,4.0,4.0,0.5,1.0,2.0,6.0,0.25,8.0,11.0,11.0,6.0,8,0.0,2,False
7.0,0,12.0,4.0,0.22,6.0,2.0,1,0.25,14.0,1,0.0,40.01,5.5,1210.43,0.07,48.0,0.18,67.25,220.08,1,0,0,18.0,18.0,0.25,3.0,6.0,12.0,0.2,20.0,22.0,26.0,16.0,8,0.0,1,False
1.0,0,0.0,1.0,0.25,0.0,0.0,1,1.0,1.0,1,0.0,12.85,5.33,365.51,0.02,18.0,0.19,20.31,68.53,0,0,0,4.0,4.0,1.0,0.0,0.0,2.0,0.2,5.0,8.0,10.0,6.0,8,0.0,2,False
5.0,2,6.0,3.0,0.23,2.0,3.0,2,0.67,10.0,3,1.0,23.79,14.5,5002.5,0.12,69.0,0.07,277.92,345.0,4,0,3,13.0,13.0,1.0,2.0,3.0,9.0,0.14,21.0,29.0,40.0,16.0,16,18.75,0,False
25.0,3,44.0,13.0,0.46,20.0,2.2,4,0.31,48.0,9,0.67,33.99,21.89,16290.19,0.25,138.0,0.05,905.01,744.14,2,0,0,28.0,28.0,0.69,12.0,22.0,37.0,0.42,31.0,53.0,85.0,23.0,19,0.0,4,False
1.0,1,0.0,1.0,0.05,0.0,0.0,1,1.0,21.0,1,0.0,187.8,4.76,4258.52,0.3,161.0,0.21,236.58,894.29,3,0,6,22.0,22.0,1.0,0.0,0.0,22.0,0.03,32.0,80.0,81.0,42.0,5,21.43,1,False
13.0,5,22.0,7.0,0.37,10.0,2.2,4,0.57,28.0,7,1.0,25.13,19.0,9073.67,0.16,91.0,0.05,504.09,477.56,1,0,0,19.0,19.0,1.0,6.0,11.0,23.0,0.33,21.0,38.0,53.0,19.0,19,0.0,1,False
7.0,3,12.0,4.0,0.16,6.0,2.0,1,0.25,18.0,1,0.0,20.43,24.0,11768.4,0.16,102.0,0.04,653.8,490.35,9,0,16,25.0,25.0,0.25,3.0,6.0,16.0,0.08,51.0,48.0,54.0,14.0,14,39.02,1,False
5.0,3,6.0,3.0,0.2,2.0,3.0,2,0.67,12.0,1,0.0,38.11,8.16,2536.38,0.1,64.0,0.12,140.91,310.91,4,0,0,15.0,15.0,0.33,2.0,3.0,11.0,0.15,20.0,31.0,33.0,19.0,10,0.0,0,False
1.0,2,0.0,1.0,0.33,0.0,0.0,1,1.0,3.0,1,0.0,15.36,3.5,188.21,0.02,15.0,0.29,10.46,53.77,3,0,0,3.0,3.0,1.0,0.0,0.0,4.0,0.14,7.0,5.0,10.0,5.0,7,0.0,0,False
1.0,1,0.0,1.0,0.33,0.0,0.0,1,1.0,2.0,1,0.0,9.83,2.0,39.3,0.01,7.0,0.5,2.18,19.65,0,0,0,3.0,3.0,1.0,0.0,0.0,3.0,0.25,4.0,3.0,4.0,3.0,4,0.0,0,False
7.0,2,12.0,4.0,0.12,6.0,2.0,3,0.75,29.0,1,0.0,85.6,21.6,39935.53,0.62,307.0,0.05,2218.64,1848.87,8,1,4,33.0,34.0,0.25,3.0,6.0,27.0,0.09,47.0,144.0,163.0,50.0,15,13.16,1,True
9.0,5,16.0,5.0,0.12,8.0,2.0,5,1.0,22.0,1,0.0,67.8,13.4,12174.52,0.3,152.0,0.07,676.36,908.55,16,5,22,38.0,43.0,0.2,4.0,8.0,19.0,0.06,82.0,67.0,85.0,45.0,18,41.54,1,True
1.0,1,0.0,1.0,0.08,0.0,0.0,1,1.0,4.0,1,0.0,67.02,7.76,4036.66,0.17,106.0,0.13,224.26,520.13,7,0,3,12.0,12.0,1.0,0.0,0.0,5.0,0.04,23.0,51.0,55.0,23.0,7,20.0,1,False
3.0,0,4.0,2.0,0.5,2.0,2.0,1,0.5,5.0,1,0.0,11.82,8.8,915.2,0.03,26.0,0.11,50.84,104.0,0,0,0,4.0,4.0,0.5,1.0,2.0,5.0,0.4,5.0,8.0,18.0,5.0,11,0.0,1,False
3.0,0,4.0,2.0,1.0,2.0,2.0,1,0.5,6.0,1,0.0,13.29,3.0,119.59,0.01,12.0,0.33,6.64,39.86,0,0,0,0.0,0.0,0.5,1.0,2.0,6.0,2.0,1.0,4.0,8.0,4.0,6,0.0,2,False
1.0,3,0.0,1.0,0.09,0.0,0.0,1,1.0,5.0,1,0.0,49.83,3.94,772.6,0.07,44.0,0.25,42.92,196.21,11,1,15,10.0,11.0,1.0,0.0,0.0,6.0,0.03,38.0,21.0,23.0,16.0,6,61.54,0,False
3.0,6,4.0,2.0,0.18,2.0,2.0,2,1.0,10.0,1,0.0,31.9,6.9,1518.54,0.07,48.0,0.14,84.36,220.08,6,1,0,10.0,11.0,0.5,1.0,2.0,10.0,0.11,18.0,23.0,25.0,15.0,9,9.09,1,True
1.0,1,0.0,1.0,0.2,0.0,0.0,1,1.0,2.0,1,0.0,12.4,3.75,174.4,0.02,14.0,0.27,9.69,46.51,0,1,3,4.0,5.0,1.0,0.0,0.0,3.0,0.11,9.0,5.0,9.0,4.0,6,50.0,7,False
5.0,3,8.0,3.0,0.21,4.0,2.0,2,0.67,12.0,1,0.0,22.19,8.88,1751.63,0.07,43.0,0.11,97.31,197.15,0,0,0,14.0,14.0,0.33,2.0,4.0,11.0,0.2,15.0,21.0,22.0,13.0,11,0.0,0,False
3.0,2,4.0,2.0,0.4,2.0,2.0,2,1.0,5.0,1,0.0,13.87,4.67,302.05,0.02,17.0,0.21,16.78,64.73,1,1,0,4.0,5.0,0.5,1.0,2.0,5.0,0.29,7.0,7.0,10.0,6.0,8,20.0,3,False
20.0,1,4.0,18.0,0.12,2.0,2.0,2,0.11,41.0,1,0.0,90.99,45.11,185151.92,1.37,580.0,0.02,10286.22,4104.55,39,1,0,149.0,150.0,0.06,1.0,2.0,25.0,0.09,190.0,268.0,312.0,101.0,34,0.67,1,False
3.0,2,4.0,2.0,0.22,2.0,2.0,2,1.0,8.0,1,0.0,19.72,4.0,315.48,0.03,22.0,0.25,17.53,78.87,5,1,6,8.0,9.0,0.5,1.0,2.0,8.0,0.1,21.0,8.0,14.0,6.0,6,46.67,0,False
5.0,3,8.0,3.0,0.16,4.0,2.0,3,1.0,12.0,1,0.0,40.59,14.06,8027.2,0.19,108.0,0.07,445.96,570.82,5,1,0,18.0,19.0,0.33,2.0,4.0,11.0,0.12,25.0,45.0,63.0,24.0,15,5.26,1,False
5.0,4,6.0,3.0,0.25,2.0,3.0,2,0.67,11.0,3,1.0,27.43,7.86,1693.16,0.07,47.0,0.13,94.06,215.49,4,0,0,12.0,12.0,1.0,2.0,3.0,10.0,0.18,17.0,22.0,25.0,14.0,10,0.0,3,False
1.0,0,0.0,1.0,1.0,0.0,0.0,1,1.0,1.0,1,0.0,0.0,0.0,0.0,0.0,2.0,0.0,0.0,2.0,0,0,0,0.0,0.0,1.0,0.0,0.0,2.0,1.0,1.0,0.0,2.0,0.0,2,0.0,0,False
3.0,0,4.0,2.0,0.5,2.0,2.0,1,0.5,6.0,1,0.0,12.44,9.0,1008.0,0.04,28.0,0.11,56.0,112.0,3,0,0,4.0,4.0,0.5,1.0,2.0,6.0,0.25,8.0,14.0,14.0,7.0,9,0.0,3,False
25.0,10,42.0,13.0,0.17,18.0,2.33,10,0.77,47.0,5,0.33,70.93,18.61,24562.78,0.44,210.0,0.05,1364.6,1319.93,7,4,16,71.0,75.0,0.38,12.0,23.0,36.0,0.13,99.0,89.0,121.0,55.0,23,21.98,1,True
7.0,16,12.0,4.0,0.11,6.0,2.0,3,0.75,30.0,1,0.0,88.1,8.83,6873.97,0.26,134.0,0.11,381.89,778.19,28,3,15,34.0,37.0,0.25,3.0,6.0,28.0,0.05,81.0,53.0,81.0,42.0,14,34.62,0,False
3.0,2,4.0,2.0,0.33,2.0,2.0,2,1.0,6.0,1,0.0,19.76,10.5,2178.25,0.07,48.0,0.1,121.01,207.45,1,0,0,6.0,6.0,0.5,1.0,2.0,6.0,0.25,8.0,14.0,34.0,8.0,12,0.0,0,False
1.0,0,0.0,1.0,0.17,0.0,0.0,1,1.0,1.0,1,0.0,6.67,4.5,135.0,0.01,10.0,0.22,7.5,30.0,2,0,0,6.0,6.0,1.0,0.0,0.0,2.0,0.03,38.0,3.0,7.0,2.0,6,0.0,2,False
5.0,3,8.0,3.0,0.27,4.0,2.0,3,1.0,11.0,1,0.0,33.36,3.5,408.65,0.04,28.0,0.29,22.7,116.76,2,0,3,11.0,11.0,0.33,2.0,4.0,10.0,0.18,17.0,11.0,17.0,11.0,7,21.43,0,False
59.0,0,116.0,30.0,0.91,58.0,2.0,1,0.03,117.0,1,0.0,185.52,11.06,22714.18,0.68,317.0,0.09,1261.9,2052.81,2,31,0,2.0,33.0,0.03,29.0,58.0,89.0,0.83,36.0,142.0,175.0,77.0,12,93.94,1,True
9.0,2,16.0,5.0,0.23,8.0,2.0,4,0.8,20.0,1,0.0,18.68,25.88,12505.62,0.16,95.0,0.04,694.76,483.31,2,4,4,18.0,22.0,0.2,4.0,8.0,17.0,0.17,29.0,46.0,49.0,16.0,18,30.77,1,False
3.0,0,4.0,2.0,0.33,2.0,2.0,1,0.5,6.0,1,0.0,7.4,9.0,599.47,0.02,18.0,0.11,33.3,66.61,1,0,0,6.0,6.0,0.5,1.0,2.0,6.0,0.25,8.0,8.0,10.0,4.0,9,0.0,1,False
73.0,6,134.0,37.0,0.55,62.0,2.16,18,0.49,143.0,18,0.47,56.51,54.89,170295.87,1.03,469.0,0.02,9460.88,3102.3,1,0,0,67.0,67.0,0.49,36.0,67.0,108.0,0.54,69.0,181.0,288.0,61.0,37,0.0,3,False
1.0,1,0.0,1.0,0.33,0.0,0.0,1,1.0,2.0,1,0.0,9.83,2.0,39.3,0.01,7.0,0.5,2.18,19.65,1,0,3,3.0,3.0,1.0,0.0,0.0,3.0,0.13,8.0,3.0,4.0,3.0,4,50.0,1,False
3.0,0,4.0,2.0,0.29,2.0,2.0,1,0.5,6.0,1,0.0,16.82,8.33,1168.18,0.05,33.0,0.12,64.9,140.18,0,0,1,7.0,7.0,0.5,1.0,2.0,6.0,0.22,9.0,15.0,18.0,9.0,10,12.5,5,False
21.0,2,40.0,11.0,0.52,20.0,2.0,6,0.55,43.0,1,0.0,24.3,27.0,17711.76,0.22,125.0,0.04,983.99,655.99,4,0,0,21.0,21.0,0.09,10.0,20.0,34.0,0.42,26.0,60.0,65.0,20.0,18,0.0,2,False
71.0,14,140.0,36.0,0.25,70.0,2.0,17,0.47,183.0,1,0.0,83.06,87.53,636348.83,2.42,1070.0,0.01,35352.71,7270.02,62,42,24,102.0,144.0,0.03,35.0,70.0,149.0,0.15,239.0,495.0,575.0,82.0,29,39.29,0,False
3.0,1,4.0,2.0,0.17,2.0,2.0,1,0.5,7.0,1,0.0,20.64,5.56,637.19,0.04,27.0,0.18,35.4,114.69,2,0,0,12.0,12.0,0.5,1.0,2.0,7.0,0.13,15.0,10.0,17.0,9.0,10,0.0,0,False
49.0,12,96.0,25.0,0.17,48.0,2.0,22,0.88,135.0,19,0.75,135.53,37.53,190890.99,1.7,729.0,0.03,10605.06,5086.44,10,2,1,142.0,144.0,0.76,24.0,48.0,112.0,0.16,156.0,319.0,410.0,102.0,24,2.07,2,False
67.0,16,130.0,34.0,0.37,64.0,2.02,30,0.88,153.0,17,0.48,179.17,21.38,81861.96,1.28,548.0,0.05,4547.89,3829.8,5,1,1,90.0,91.0,0.5,33.0,65.0,121.0,0.35,98.0,243.0,305.0,108.0,19,2.17,2,False
3.0,0,4.0,2.0,0.18,2.0,2.0,1,0.5,6.0,1,0.0,15.7,10.63,1772.22,0.06,40.0,0.09,98.46,166.8,0,0,0,11.0,11.0,0.5,1.0,2.0,6.0,0.17,12.0,17.0,23.0,8.0,10,0.0,2,False
1.0,0,0.0,1.0,0.25,0.0,0.0,1,1.0,1.0,1,0.0,17.68,9.0,1432.07,0.05,43.0,0.11,79.56,159.12,2,0,0,4.0,4.0,1.0,0.0,0.0,2.0,0.14,7.0,21.0,22.0,7.0,6,0.0,3,False
13.0,8,24.0,7.0,0.28,12.0,2.0,6,0.86,34.0,6,0.83,43.02,16.56,11801.69,0.24,125.0,0.06,655.65,712.55,4,0,0,25.0,25.0,0.86,6.0,12.0,29.0,0.23,30.0,53.0,72.0,32.0,20,0.0,2,False
3.0,0,4.0,2.0,0.22,2.0,2.0,1,0.5,5.0,1,0.0,35.77,7.0,1752.53,0.08,57.0,0.14,97.36,250.36,1,0,0,9.0,9.0,0.5,1.0,2.0,5.0,0.18,11.0,28.0,29.0,14.0,7,0.0,1,False
1.0,0,0.0,1.0,0.5,0.0,0.0,1,1.0,1.0,1,0.0,7.75,2.0,31.02,0.01,6.0,0.5,1.72,15.51,2,0,0,2.0,2.0,1.0,0.0,0.0,2.0,0.2,5.0,2.0,4.0,2.0,4,0.0,1,False
1.0,0,0.0,1.0,1.0,0.0,0.0,1,1.0,1.0,1,0.0,0.0,0.0,0.0,0.0,2.0,0.0,0.0,2.0,0,0,0,0.0,0.0,1.0,0.0,0.0,2.0,1.0,1.0,0.0,2.0,0.0,2,0.0,0,False
1.0,2,0.0,1.0,0.2,0.0,0.0,1,1.0,3.0,1,0.0,19.65,4.38,376.04,0.03,22.0,0.23,20.89,85.95,0,0,0,5.0,5.0,1.0,0.0,0.0,4.0,0.17,6.0,10.0,12.0,8.0,7,0.0,1,False
9.0,4,16.0,5.0,0.11,8.0,2.0,5,1.0,23.0,1,0.0,71.31,24.66,43378.78,0.59,286.0,0.04,2409.93,1758.83,19,2,5,45.0,47.0,0.2,4.0,8.0,20.0,0.07,72.0,135.0,151.0,52.0,19,13.46,0,False
9.0,5,12.0,5.0,0.25,4.0,3.0,5,1.0,18.0,4,0.75,23.94,16.5,6517.5,0.13,79.0,0.06,362.08,395.0,2,0,0,20.0,20.0,0.8,4.0,6.0,15.0,0.22,23.0,33.0,46.0,16.0,16,0.0,2,False
5.0,1,8.0,3.0,0.43,4.0,2.0,2,0.67,10.0,3,1.0,10.91,8.8,844.8,0.03,24.0,0.11,46.93,96.0,1,0,0,7.0,7.0,1.0,2.0,4.0,9.0,0.33,9.0,8.0,16.0,5.0,11,0.0,2,False
33.0,7,58.0,17.0,0.17,26.0,2.23,14,0.82,82.0,17,1.0,99.14,25.67,65333.37,0.85,395.0,0.04,3629.63,2544.96,20,8,49,93.0,101.0,1.0,16.0,29.0,67.0,0.1,171.0,172.0,223.0,67.0,20,38.0,0,False
3.0,1,4.0,2.0,0.5,2.0,2.0,2,1.0,7.0,1,0.0,6.17,7.0,302.3,0.01,13.0,0.14,16.79,43.19,0,0,0,4.0,4.0,0.5,1.0,2.0,7.0,0.4,5.0,6.0,7.0,3.0,7,0.0,0,False
3.0,2,4.0,2.0,0.15,2.0,2.0,1,0.5,7.0,1,0.0,13.69,16.61,3777.88,0.08,51.0,0.06,209.88,227.43,2,5,9,8.0,13.0,0.5,1.0,2.0,7.0,0.08,25.0,23.0,28.0,9.0,13,63.64,1,False
37.0,8,72.0,19.0,0.46,36.0,2.0,16,0.84,85.0,5,0.22,88.36,21.82,42062.82,0.64,300.0,0.05,2336.82,1927.88,13,0,0,41.0,41.0,0.26,18.0,36.0,68.0,0.35,55.0,144.0,156.0,66.0,20,0.0,0,False
3.0,0,4.0,2.0,0.25,2.0,2.0,1,0.5,7.0,1,0.0,20.06,14.21,4049.15,0.09,63.0,0.07,224.95,284.98,2,0,0,8.0,8.0,0.5,1.0,2.0,7.0,0.18,11.0,31.0,32.0,12.0,11,0.0,4,False
9.0,2,16.0,5.0,0.19,8.0,2.0,4,0.8,20.0,1,0.0,24.93,20.24,10207.48,0.17,100.0,0.05,567.08,504.44,7,3,4,24.0,27.0,0.2,4.0,8.0,17.0,0.13,39.0,43.0,57.0,17.0,16,22.58,2,False
15.0,2,24.0,8.0,0.31,10.0,2.4,4,0.5,26.0,1,0.0,40.2,22.79,20877.45,0.31,171.0,0.04,1159.86,916.14,10,3,9,23.0,26.0,0.13,7.0,12.0,20.0,0.17,46.0,79.0,92.0,26.0,15,34.29,1,False
11.0,3,20.0,6.0,0.33,10.0,2.0,3,0.5,21.0,1,0.0,37.77,12.29,5701.61,0.15,92.0,0.08,316.76,464.08,16,3,7,15.0,18.0,0.17,5.0,10.0,17.0,0.14,42.0,43.0,49.0,21.0,12,40.0,0,False
1.0,0,0.0,1.0,1.0,0.0,0.0,1,1.0,1.0,1,0.0,0.0,0.0,0.0,0.0,2.0,0.0,0.0,2.0,0,0,0,0.0,0.0,1.0,0.0,0.0,2.0,1.0,1.0,0.0,2.0,0.0,2,0.0,0,False
5.0,1,6.0,3.0,0.43,2.0,3.0,2,0.67,9.0,3,1.0,12.16,5.6,381.44,0.02,19.0,0.18,21.19,68.11,1,0,0,7.0,7.0,1.0,2.0,3.0,8.0,0.33,9.0,8.0,11.0,5.0,7,0.0,1,False
143.0,14,264.0,73.0,0.51,128.0,2.06,60,0.82,357.0,15,0.19,123.47,68.57,580469.3,2.82,1130.0,0.01,32248.29,8465.79,8,3,0,139.0,142.0,0.21,68.0,132.0,286.0,0.48,151.0,530.0,600.0,143.0,37,2.11,2,False
3.0,4,4.0,2.0,0.2,2.0,2.0,2,1.0,10.0,1,0.0,20.81,9.0,1685.67,0.06,42.0,0.11,93.65,187.3,1,0,0,10.0,10.0,0.5,1.0,2.0,10.0,0.17,12.0,18.0,24.0,11.0,11,0.0,2,False
25.0,9,46.0,13.0,0.16,22.0,2.09,8,0.62,57.0,7,0.5,103.01,20.42,42973.95,0.7,321.0,0.05,2387.44,2104.02,14,2,21,81.0,83.0,0.54,12.0,23.0,46.0,0.11,119.0,142.0,179.0,73.0,21,22.12,4,False
3.0,0,6.0,2.0,0.67,2.0,3.0,1,0.5,5.0,1,0.0,10.28,4.38,196.76,0.01,13.0,0.23,10.93,44.97,0,0,0,3.0,3.0,0.5,2.0,3.0,5.0,0.5,4.0,5.0,8.0,4.0,7,0.0,0,False
9.0,3,16.0,5.0,0.16,8.0,2.0,3,0.6,25.0,1,0.0,64.9,47.74,147935.37,1.03,509.0,0.02,8218.62,3098.52,3,0,1,31.0,31.0,0.2,4.0,8.0,22.0,0.14,36.0,145.0,364.0,41.0,27,3.13,0,False
1.0,0,0.0,1.0,0.5,0.0,0.0,1,1.0,1.0,1,0.0,0.0,0.0,0.0,0.0,1.0,0.0,0.0,0.0,0,0,1,2.0,2.0,1.0,0.0,0.0,2.0,0.25,4.0,0.0,1.0,0.0,1,33.33,0,False
1.0,1,0.0,1.0,0.5,0.0,0.0,1,1.0,2.0,1,0.0,10.57,3.0,95.1,0.01,10.0,0.33,5.28,31.7,2,0,0,2.0,2.0,1.0,0.0,0.0,3.0,0.2,5.0,3.0,7.0,3.0,6,0.0,0,False
5.0,1,6.0,3.0,0.25,2.0,3.0,1,0.33,10.0,3,1.0,21.13,11.5,2794.53,0.08,53.0,0.09,155.25,243.0,4,0,0,12.0,12.0,1.0,2.0,3.0,9.0,0.18,17.0,23.0,30.0,12.0,12,0.0,2,False
9.0,4,16.0,5.0,0.42,6.0,2.67,3,0.6,18.0,4,0.75,19.93,11.08,2448.54,0.07,47.0,0.09,136.03,220.92,3,0,1,12.0,12.0,0.8,5.0,8.0,15.0,0.29,17.0,19.0,28.0,12.0,14,7.69,0,False
7.0,4,12.0,4.0,0.17,6.0,2.0,4,1.0,16.0,1,0.0,24.52,16.53,6697.28,0.14,79.0,0.06,372.07,405.21,10,0,4,23.0,23.0,0.25,3.0,6.0,14.0,0.11,38.0,35.0,44.0,18.0,17,14.81,0,True
3.0,0,4.0,2.0,0.33,2.0,2.0,1,0.5,5.0,1,0.0,9.05,2.0,36.19,0.01,7.0,0.5,2.0,18.09,2,0,0,6.0,6.0,0.5,1.0,2.0,5.0,0.22,9.0,2.0,5.0,2.0,4,0.0,0,False
9.0,1,12.0,5.0,0.5,6.0,2.0,5,1.0,14.0,5,1.0,14.4,16.0,3685.14,0.08,49.0,0.06,204.73,230.32,1,0,2,10.0,10.0,1.0,3.0,6.0,11.0,0.36,14.0,20.0,29.0,10.0,16,16.67,1,False
1.0,0,0.0,1.0,0.33,0.0,0.0,1,1.0,1.0,1,0.0,9.06,3.5,110.95,0.01,10.0,0.29,6.16,31.7,0,0,0,3.0,3.0,1.0,0.0,0.0,2.0,0.25,4.0,2.0,8.0,2.0,7,0.0,1,False
5.0,11,8.0,3.0,0.16,4.0,2.0,3,1.0,19.0,1,0.0,46.1,8.61,3416.12,0.13,78.0,0.12,189.78,396.82,12,1,11,18.0,19.0,0.33,2.0,4.0,18.0,0.07,43.0,36.0,42.0,23.0,11,40.0,1,False
9.0,7,16.0,5.0,0.16,8.0,2.0,3,0.6,22.0,1,0.0,51.73,12.95,8682.08,0.22,120.0,0.08,482.34,670.2,9,2,10,29.0,31.0,0.2,4.0,8.0,19.0,0.1,51.0,57.0,63.0,33.0,15,29.27,1,False
1.0,0,0.0,1.0,0.25,0.0,0.0,1,1.0,1.0,1,0.0,7.86,2.5,49.13,0.01,7.0,0.4,2.73,19.65,0,0,0,4.0,4.0,1.0,0.0,0.0,2.0,0.2,5.0,2.0,5.0,2.0,5,0.0,1,False
5.0,1,8.0,3.0,0.2,4.0,2.0,2,0.67,11.0,1,0.0,27.81,13.36,4964.52,0.12,75.0,0.07,275.81,371.56,9,1,4,14.0,15.0,0.33,2.0,4.0,10.0,0.1,29.0,37.0,38.0,18.0,13,26.32,0,False
3.0,1,4.0,2.0,0.33,2.0,2.0,2,1.0,6.0,1,0.0,11.86,8.67,890.92,0.03,27.0,0.12,49.5,102.8,0,0,0,6.0,6.0,0.5,1.0,2.0,6.0,0.29,7.0,13.0,14.0,6.0,8,0.0,1,False
10.0,3,0.0,9.0,0.2,0.0,0.0,8,0.89,21.0,1,0.0,42.48,19.98,16963.65,0.28,152.0,0.05,942.42,848.91,21,1,7,45.0,46.0,0.11,0.0,0.0,14.0,0.12,75.0,61.0,91.0,29.0,19,15.09,1,False
9.0,1,16.0,5.0,0.28,8.0,2.0,2,0.4,22.0,1,0.0,15.61,23.18,8390.28,0.12,77.0,0.04,466.13,361.93,1,0,0,18.0,18.0,0.2,4.0,8.0,19.0,0.25,20.0,34.0,43.0,11.0,15,0.0,4,False
11.0,1,20.0,6.0,0.2,10.0,2.0,2,0.33,23.0,1,0.0,56.04,22.34,27977.56,0.42,228.0,0.04,1554.31,1252.14,13,4,8,26.0,30.0,0.17,5.0,10.0,19.0,0.12,52.0,110.0,118.0,32.0,13,31.58,1,False
5.0,2,10.0,3.0,0.3,4.0,2.5,2,0.67,8.0,1,0.0,16.1,20.0,6441.86,0.11,67.0,0.05,357.88,322.09,4,0,0,10.0,10.0,0.33,3.0,5.0,7.0,0.2,15.0,30.0,37.0,12.0,16,0.0,0,False
11.0,2,16.0,6.0,0.55,6.0,2.67,4,0.67,18.0,5,0.8,14.62,13.72,2753.7,0.07,45.0,0.07,152.98,200.67,1,1,0,10.0,11.0,0.83,5.0,8.0,14.0,0.46,13.0,19.0,26.0,9.0,13,9.09,1,False
1.0,1,0.0,1.0,0.14,0.0,0.0,1,1.0,2.0,1,0.0,9.6,6.13,360.21,0.02,17.0,0.16,20.01,58.81,4,0,3,7.0,7.0,1.0,0.0,0.0,3.0,0.02,59.0,7.0,10.0,4.0,7,30.0,1,False
1.0,2,0.0,1.0,0.11,0.0,0.0,1,1.0,3.0,1,0.0,26.54,3.85,393.42,0.03,25.0,0.26,21.86,102.19,4,1,9,8.0,9.0,1.0,0.0,0.0,4.0,0.04,23.0,11.0,14.0,10.0,7,55.56,0,False
5.0,3,8.0,3.0,0.27,4.0,2.0,3,1.0,10.0,1,0.0,18.35,8.33,1274.38,0.05,36.0,0.12,70.8,152.93,2,0,0,11.0,11.0,0.33,2.0,4.0,9.0,0.21,14.0,15.0,21.0,9.0,10,0.0,3,False
3.0,2,4.0,2.0,0.13,2.0,2.0,2,1.0,8.0,1,0.0,25.27,11.39,3280.22,0.1,62.0,0.09,182.23,287.92,2,0,0,15.0,15.0,0.5,1.0,2.0,8.0,0.11,18.0,29.0,33.0,14.0,11,0.0,0,False
1.0,1,0.0,1.0,0.1,0.0,0.0,1,1.0,2.0,1,0.0,16.53,6.43,683.19,0.04,26.0,0.16,37.96,106.27,1,0,0,10.0,10.0,1.0,0.0,0.0,3.0,0.08,12.0,9.0,17.0,7.0,10,0.0,2,False
5.0,3,8.0,3.0,0.14,4.0,2.0,1,0.33,13.0,1,0.0,42.17,14.7,9112.98,0.21,111.0,0.07,506.28,619.93,3,0,8,21.0,21.0,0.33,2.0,4.0,12.0,0.09,33.0,49.0,62.0,30.0,18,27.59,0,False
37.0,4,54.0,20.0,0.41,22.0,2.45,7,0.35,72.0,12,0.58,25.89,66.86,115710.92,0.58,293.0,0.01,6428.38,1730.72,3,0,2,49.0,49.0,0.6,16.0,31.0,54.0,0.36,55.0,117.0,176.0,28.0,32,3.92,2,False
7.0,2,12.0,4.0,0.14,6.0,2.0,2,0.5,17.0,1,0.0,27.15,19.13,9929.59,0.17,108.0,0.05,551.64,519.19,6,2,7,26.0,28.0,0.25,3.0,6.0,15.0,0.1,42.0,51.0,57.0,16.0,12,25.71,0,False
1.0,3,0.0,1.0,0.11,0.0,0.0,1,1.0,4.0,1,0.0,27.6,3.85,409.16,0.04,26.0,0.26,22.73,106.27,1,0,0,9.0,9.0,1.0,0.0,0.0,5.0,0.09,11.0,11.0,15.0,10.0,7,0.0,1,True
5.0,3,8.0,3.0,0.23,4.0,2.0,3,1.0,11.0,1,0.0,20.12,11.08,2469.1,0.07,48.0,0.09,137.17,222.91,6,1,4,12.0,13.0,0.33,2.0,4.0,10.0,0.13,24.0,24.0,24.0,13.0,12,29.41,1,False
15.0,1,24.0,8.0,0.33,10.0,2.4,2,0.25,27.0,7,0.86,10.04,45.0,20327.14,0.15,95.0,0.02,1129.29,451.71,2,0,0,24.0,24.0,0.88,7.0,12.0,21.0,0.3,27.0,45.0,50.0,9.0,18,0.0,3,False
11.0,5,18.0,6.0,0.29,8.0,2.25,3,0.5,22.0,1,0.0,31.18,19.55,11909.67,0.2,113.0,0.05,661.65,609.33,1,1,0,20.0,21.0,0.17,5.0,9.0,18.0,0.26,23.0,43.0,70.0,22.0,20,4.76,1,False
1.0,1,0.0,1.0,0.17,0.0,0.0,1,1.0,2.0,1,0.0,17.41,3.5,213.21,0.02,16.0,0.29,11.85,60.92,1,0,0,6.0,6.0,1.0,0.0,0.0,3.0,0.13,8.0,7.0,9.0,7.0,7,0.0,1,False
1.0,0,0.0,1.0,0.08,0.0,0.0,1,1.0,1.0,1,0.0,53.74,6.77,2462.54,0.12,89.0,0.15,136.81,363.78,0,0,0,13.0,13.0,1.0,0.0,0.0,2.0,0.07,14.0,44.0,45.0,13.0,4,0.0,2,False
5.0,1,8.0,3.0,0.13,4.0,2.0,1,0.33,11.0,1,0.0,20.45,15.17,4705.14,0.1,66.0,0.07,261.39,310.23,6,7,2,17.0,24.0,0.33,2.0,4.0,10.0,0.09,33.0,26.0,40.0,12.0,14,34.62,2,False
13.0,2,20.0,7.0,0.54,8.0,2.5,5,0.71,24.0,6,0.83,7.8,43.5,14758.99,0.11,74.0,0.02,819.94,339.29,2,0,0,13.0,13.0,0.86,6.0,10.0,19.0,0.44,16.0,29.0,45.0,6.0,18,0.0,2,False
5.0,1,8.0,3.0,0.27,4.0,2.0,2,0.67,9.0,1,0.0,21.05,7.09,1058.51,0.05,33.0,0.14,58.81,149.28,2,0,0,11.0,11.0,0.33,2.0,4.0,8.0,0.21,14.0,13.0,20.0,11.0,12,0.0,3,True
18.0,8,22.0,10.0,0.22,8.0,2.75,7,0.7,36.0,7,0.67,49.69,15.32,11670.05,0.25,130.0,0.07,648.34,761.54,23,6,11,40.0,46.0,0.7,7.0,11.0,28.0,0.12,81.0,54.0,76.0,37.0,21,29.82,0,False
5.0,6,8.0,3.0,0.16,4.0,2.0,2,0.67,15.0,1,0.0,37.78,6.11,1408.93,0.08,51.0,0.16,78.27,230.7,8,0,1,19.0,19.0,0.33,2.0,4.0,14.0,0.1,29.0,19.0,32.0,14.0,9,5.0,0,False
5.0,1,8.0,3.0,0.23,4.0,2.0,2,0.67,10.0,1,0.0,23.64,9.31,2048.42,0.07,48.0,0.11,113.8,220.08,13,6,42,7.0,13.0,0.33,2.0,4.0,9.0,0.04,69.0,22.0,26.0,13.0,11,87.27,2,True
1.0,1,0.0,1.0,0.5,0.0,0.0,1,1.0,2.0,1,0.0,16.92,3.5,207.22,0.02,16.0,0.29,11.51,59.21,2,0,0,2.0,2.0,1.0,0.0,0.0,3.0,0.2,5.0,6.0,10.0,6.0,7,0.0,2,True
3.0,0,4.0,2.0,0.1,2.0,2.0,1,0.5,7.0,1,0.0,54.2,22.0,26232.24,0.4,243.0,0.05,1457.35,1192.37,1,0,0,20.0,20.0,0.5,1.0,2.0,7.0,0.09,22.0,121.0,122.0,22.0,8,0.0,3,False
3.0,1,4.0,2.0,0.18,2.0,2.0,2,1.0,6.0,1,0.0,15.77,6.87,745.37,0.04,26.0,0.15,41.41,108.42,0,0,0,11.0,11.0,0.5,1.0,2.0,6.0,0.17,12.0,11.0,15.0,8.0,10,0.0,0,False
3.0,6,4.0,2.0,0.14,2.0,2.0,2,1.0,10.0,1,0.0,31.35,10.31,3334.36,0.11,68.0,0.1,185.24,323.33,2,2,3,12.0,14.0,0.5,1.0,2.0,10.0,0.1,20.0,30.0,38.0,16.0,11,29.41,1,False
1.0,1,0.0,1.0,0.33,0.0,0.0,1,1.0,2.0,1,0.0,9.83,2.0,39.3,0.01,7.0,0.5,2.18,19.65,0,1,1,2.0,3.0,1.0,0.0,0.0,3.0,0.2,5.0,3.0,4.0,3.0,4,50.0,0,False
7.0,1,8.0,4.0,0.4,2.0,4.0,1,0.25,11.0,1,0.0,22.22,11.0,2688.65,0.08,52.0,0.09,149.37,244.42,4,0,0,10.0,10.0,0.25,3.0,4.0,9.0,0.27,15.0,22.0,30.0,13.0,13,0.0,2,True
1.0,3,0.0,1.0,0.17,0.0,0.0,1,1.0,4.0,1,0.0,19.19,3.86,285.46,0.02,20.0,0.26,15.86,74.01,4,0,10,6.0,6.0,1.0,0.0,0.0,5.0,0.05,21.0,9.0,11.0,7.0,6,62.5,0,False
3.0,2,4.0,2.0,0.4,2.0,2.0,2,1.0,8.0,1,0.0,11.2,7.5,630.0,0.03,21.0,0.13,35.0,84.0,1,0,0,5.0,5.0,0.5,1.0,2.0,8.0,0.29,7.0,9.0,12.0,6.0,10,0.0,2,False
1.0,1,0.0,1.0,0.13,0.0,0.0,1,1.0,2.0,1,0.0,13.35,6.43,551.81,0.03,21.0,0.16,30.66,85.84,1,0,0,8.0,8.0,1.0,0.0,0.0,3.0,0.1,10.0,9.0,12.0,7.0,10,0.0,4,False
11.0,1,20.0,6.0,0.16,10.0,2.0,2,0.33,21.0,1,0.0,46.36,12.73,7508.78,0.2,103.0,0.08,417.15,589.98,4,0,0,38.0,38.0,0.17,5.0,10.0,17.0,0.14,43.0,42.0,61.0,33.0,20,0.0,2,False
5.0,1,8.0,3.0,0.38,4.0,2.0,1,0.33,10.0,1,0.0,13.45,12.44,2082.85,0.06,37.0,0.08,115.71,167.37,1,0,0,8.0,8.0,0.33,2.0,4.0,9.0,0.3,10.0,16.0,21.0,9.0,14,0.0,1,False
5.0,2,6.0,3.0,0.15,2.0,3.0,2,0.67,10.0,3,1.0,30.43,9.95,3010.71,0.1,60.0,0.1,167.26,302.66,1,1,1,19.0,20.0,1.0,2.0,3.0,9.0,0.13,23.0,27.0,33.0,19.0,14,9.52,1,False
23.0,5,32.0,14.0,0.17,16.0,2.0,6,0.43,51.0,1,0.0,38.44,40.11,61835.72,0.51,256.0,0.02,3435.32,1541.73,57,2,10,82.0,84.0,0.07,8.0,16.0,39.0,0.09,152.0,106.0,150.0,37.0,28,12.77,0,False
13.0,7,24.0,7.0,0.18,10.0,2.4,7,1.0,33.0,1,0.0,60.18,27.5,45509.93,0.55,270.0,0.04,2528.33,1654.91,26,5,26,33.0,38.0,0.14,7.0,12.0,28.0,0.08,91.0,120.0,150.0,48.0,22,48.44,1,True
5.0,1,6.0,3.0,0.25,2.0,3.0,1,0.33,10.0,3,1.0,21.13,11.5,2794.53,0.08,53.0,0.09,155.25,243.0,4,0,0,12.0,12.0,1.0,2.0,3.0,9.0,0.18,17.0,23.0,30.0,12.0,12,0.0,2,False
3.0,3,4.0,2.0,0.15,2.0,2.0,2,1.0,8.0,1,0.0,24.46,8.75,1872.96,0.07,48.0,0.11,104.05,214.05,5,0,2,13.0,13.0,0.5,1.0,2.0,8.0,0.1,21.0,21.0,27.0,12.0,10,13.33,1,False
5.0,3,8.0,3.0,0.43,4.0,2.0,3,1.0,15.0,1,0.0,17.66,11.5,2336.0,0.07,47.0,0.09,129.78,203.13,0,0,0,7.0,7.0,0.33,2.0,4.0,14.0,0.38,8.0,23.0,24.0,10.0,10,0.0,0,False
3.0,1,4.0,2.0,0.29,2.0,2.0,2,1.0,5.0,1,0.0,17.79,5.63,562.94,0.03,24.0,0.18,31.27,100.08,2,0,1,7.0,7.0,0.5,1.0,2.0,5.0,0.18,11.0,9.0,15.0,8.0,10,12.5,3,False
1.0,1,0.0,1.0,0.2,0.0,0.0,1,1.0,2.0,1,0.0,12.29,3.5,150.57,0.01,12.0,0.29,8.36,43.02,0,0,0,5.0,5.0,1.0,0.0,0.0,3.0,0.17,6.0,5.0,7.0,5.0,7,0.0,2,False
13.0,3,24.0,7.0,0.23,12.0,2.0,4,0.57,27.0,1,0.0,55.22,19.68,21394.68,0.36,188.0,0.05,1188.59,1086.9,21,4,7,27.0,31.0,0.14,6.0,12.0,22.0,0.12,60.0,88.0,100.0,38.0,17,28.95,0,True
7.0,4,12.0,4.0,0.12,6.0,2.0,4,1.0,19.0,1,0.0,44.69,18.75,15711.84,0.28,147.0,0.05,872.88,837.96,24,2,12,31.0,33.0,0.25,3.0,6.0,17.0,0.06,70.0,60.0,87.0,32.0,20,31.11,2,True
5.0,1,6.0,3.0,0.6,2.0,3.0,2,0.67,8.0,3,1.0,11.99,5.4,349.52,0.02,17.0,0.19,19.42,64.73,0,0,0,5.0,5.0,1.0,2.0,3.0,7.0,0.5,6.0,6.0,11.0,5.0,9,0.0,2,False
3.0,0,4.0,2.0,0.2,2.0,2.0,1,0.5,6.0,1,0.0,14.49,36.4,19192.65,0.18,115.0,0.03,1066.26,527.27,1,3,3,7.0,10.0,0.5,1.0,2.0,6.0,0.13,15.0,52.0,63.0,10.0,14,46.15,1,False
1.0,6,0.0,1.0,0.08,0.0,0.0,1,1.0,8.0,1,0.0,38.8,7.7,2300.62,0.1,67.0,0.13,127.81,298.78,0,0,0,12.0,12.0,1.0,0.0,0.0,9.0,0.08,13.0,33.0,34.0,15.0,7,0.0,2,False
7.0,3,12.0,4.0,0.25,6.0,2.0,3,0.75,19.0,1,0.0,21.01,13.5,3829.06,0.09,59.0,0.07,212.73,283.63,0,0,3,16.0,16.0,0.25,3.0,6.0,17.0,0.2,20.0,27.0,32.0,14.0,14,15.79,0,False
1.0,2,0.0,1.0,0.25,0.0,0.0,1,1.0,3.0,1,0.0,16.98,2.8,133.14,0.02,15.0,0.36,7.4,47.55,2,0,0,4.0,4.0,1.0,0.0,0.0,4.0,0.14,7.0,7.0,8.0,5.0,4,0.0,2,False
3.0,0,6.0,2.0,0.67,2.0,3.0,1,0.5,5.0,1,0.0,10.28,4.38,196.76,0.01,13.0,0.23,10.93,44.97,0,0,0,3.0,3.0,0.5,2.0,3.0,5.0,0.5,4.0,5.0,8.0,4.0,7,0.0,0,False
1.0,1,0.0,1.0,0.33,0.0,0.0,1,1.0,2.0,1,0.0,10.57,3.0,95.1,0.01,10.0,0.33,5.28,31.7,3,0,0,3.0,3.0,1.0,0.0,0.0,3.0,0.14,7.0,3.0,7.0,3.0,6,0.0,1,False
3.0,0,4.0,2.0,0.5,2.0,2.0,1,0.5,6.0,1,0.0,7.91,6.13,296.65,0.02,14.0,0.16,16.48,48.43,0,0,0,4.0,4.0,0.5,1.0,2.0,6.0,0.4,5.0,7.0,7.0,4.0,7,0.0,1,False
24.0,16,26.0,15.0,0.17,10.0,2.6,13,0.87,54.0,8,0.5,83.81,33.0,91264.07,0.92,404.0,0.03,5070.23,2765.58,7,4,5,82.0,86.0,0.53,8.0,13.0,41.0,0.15,99.0,187.0,217.0,85.0,30,9.89,1,True
5.0,2,6.0,3.0,0.27,2.0,3.0,2,0.67,9.0,3,1.0,26.93,8.65,2013.44,0.08,47.0,0.12,111.86,232.85,11,2,7,9.0,11.0,1.0,2.0,3.0,8.0,0.1,30.0,21.0,26.0,17.0,14,50.0,1,False
3.0,0,4.0,2.0,1.0,2.0,2.0,1,0.5,6.0,1,0.0,9.51,4.0,152.16,0.01,12.0,0.25,8.45,38.04,0,0,0,0.0,0.0,0.5,1.0,2.0,6.0,2.0,1.0,4.0,8.0,3.0,6,0.0,1,False
7.0,0,8.0,4.0,0.44,2.0,4.0,1,0.25,10.0,4,1.0,17.8,12.28,2682.84,0.07,49.0,0.08,149.05,218.51,1,0,0,9.0,9.0,1.0,3.0,4.0,8.0,0.36,11.0,17.0,32.0,9.0,13,0.0,1,False
16.0,3,20.0,10.0,0.43,10.0,2.0,9,0.9,42.0,1,0.0,19.57,30.94,18729.81,0.2,119.0,0.03,1040.55,605.41,1,0,0,23.0,23.0,0.1,5.0,10.0,34.0,0.4,25.0,55.0,64.0,16.0,18,0.0,3,False
1.0,1,0.0,1.0,0.33,0.0,0.0,1,1.0,2.0,1,0.0,9.83,2.0,39.3,0.01,7.0,0.5,2.18,19.65,2,0,0,3.0,3.0,1.0,0.0,0.0,3.0,0.17,6.0,3.0,4.0,3.0,4,0.0,0,False
3.0,1,4.0,2.0,0.17,2.0,2.0,2,1.0,6.0,1,0.0,26.06,4.0,416.99,0.03,25.0,0.25,23.17,104.25,0,0,0,12.0,12.0,0.5,1.0,2.0,6.0,0.15,13.0,10.0,15.0,10.0,8,0.0,2,False
49.0,0,56.0,25.0,0.48,16.0,3.5,1,0.04,65.0,25,1.0,31.64,38.62,47183.65,0.41,249.0,0.03,2621.31,1221.82,5,0,0,52.0,52.0,1.0,20.0,28.0,42.0,0.43,58.0,101.0,148.0,17.0,13,0.0,4,False
9.0,0,0.0,8.0,0.29,0.0,0.0,1,0.13,17.0,1,0.0,23.58,16.07,6089.83,0.13,78.0,0.06,338.32,378.92,10,1,4,27.0,28.0,0.13,0.0,0.0,11.0,0.19,43.0,30.0,48.0,14.0,15,15.63,2,False
7.0,3,10.0,4.0,0.25,4.0,2.5,2,0.5,15.0,1,0.0,31.34,10.33,3346.5,0.11,66.0,0.1,185.92,323.85,9,2,8,14.0,16.0,0.25,3.0,5.0,13.0,0.12,34.0,31.0,35.0,18.0,12,41.67,1,False
1.0,4,0.0,1.0,0.17,0.0,0.0,1,1.0,5.0,1,0.0,37.0,2.0,148.02,0.02,20.0,0.5,8.22,74.01,0,0,0,6.0,6.0,1.0,0.0,0.0,6.0,0.14,7.0,9.0,11.0,9.0,4,0.0,1,False
13.0,2,18.0,7.0,0.29,6.0,3.0,4,0.57,19.0,5,0.67,24.63,17.41,7465.7,0.14,85.0,0.06,414.76,428.77,7,4,1,20.0,24.0,0.71,6.0,11.0,14.0,0.21,33.0,37.0,48.0,17.0,16,20.0,1,False
9.0,4,16.0,5.0,0.09,8.0,2.0,3,0.6,23.0,1,0.0,130.74,11.41,17020.6,0.5,241.0,0.09,945.59,1491.75,20,1,8,57.0,58.0,0.2,4.0,8.0,20.0,0.06,87.0,116.0,125.0,61.0,12,13.64,0,True
3.0,2,4.0,2.0,0.2,2.0,2.0,2,1.0,6.0,1,0.0,16.18,6.43,668.57,0.03,26.0,0.16,37.14,104.0,5,0,0,10.0,10.0,0.5,1.0,2.0,6.0,0.13,16.0,10.0,16.0,7.0,9,0.0,1,False
3.0,1,4.0,2.0,0.25,2.0,2.0,1,0.5,8.0,1,0.0,16.53,7.5,930.0,0.04,31.0,0.13,51.67,124.0,0,0,0,8.0,8.0,0.5,1.0,2.0,8.0,0.22,9.0,15.0,16.0,8.0,8,0.0,4,False
1.0,0,0.0,1.0,0.25,0.0,0.0,1,1.0,1.0,1,0.0,17.07,7.5,959.99,0.04,37.0,0.13,53.33,128.0,2,0,0,4.0,4.0,1.0,0.0,0.0,2.0,0.14,7.0,18.0,19.0,6.0,5,0.0,2,False
15.0,4,20.0,9.0,0.43,10.0,2.0,7,0.78,33.0,4,0.38,19.75,23.8,11186.0,0.16,94.0,0.04,621.44,470.0,2,3,0,18.0,21.0,0.44,5.0,10.0,26.0,0.2,44.0,42.0,52.0,15.0,17,14.29,2,False
1.0,1,0.0,1.0,0.25,0.0,0.0,1,1.0,2.0,1,0.0,10.87,3.5,133.19,0.01,11.0,0.29,7.4,38.05,0,0,0,4.0,4.0,1.0,0.0,0.0,3.0,0.2,5.0,4.0,7.0,4.0,7,0.0,1,False
3.0,0,4.0,2.0,0.5,2.0,2.0,1,0.5,6.0,1,0.0,11.42,6.67,507.65,0.03,20.0,0.15,28.2,76.15,5,0,0,4.0,4.0,0.5,1.0,2.0,6.0,0.2,10.0,10.0,10.0,6.0,8,0.0,0,False
5.0,0,8.0,3.0,0.5,4.0,2.0,1,0.33,9.0,1,0.0,18.88,9.0,1529.25,0.06,40.0,0.11,84.96,169.92,0,0,0,6.0,6.0,0.33,2.0,4.0,8.0,0.43,7.0,20.0,20.0,10.0,9,0.0,2,False
1.0,0,0.0,1.0,0.25,0.0,0.0,1,1.0,1.0,1,0.0,7.74,1.5,17.41,0.0,5.0,0.67,0.97,11.61,0,0,0,4.0,4.0,1.0,0.0,0.0,2.0,0.2,5.0,2.0,3.0,2.0,3,0.0,1,False
3.0,2,4.0,2.0,0.18,2.0,2.0,2,1.0,7.0,1,0.0,28.66,6.23,1113.38,0.06,38.0,0.16,61.85,178.62,8,2,0,9.0,11.0,0.5,1.0,2.0,7.0,0.1,20.0,17.0,21.0,15.0,11,18.18,1,False
5.0,3,8.0,3.0,0.38,4.0,2.0,3,1.0,15.0,1,0.0,17.66,11.5,2336.0,0.07,47.0,0.09,129.78,203.13,0,0,0,8.0,8.0,0.33,2.0,4.0,14.0,0.33,9.0,23.0,24.0,10.0,10,0.0,0,False
8.0,3,4.0,6.0,0.15,2.0,2.0,6,1.0,17.0,1,0.0,55.83,18.8,19738.62,0.35,186.0,0.05,1096.59,1049.76,8,0,1,39.0,39.0,0.17,1.0,2.0,13.0,0.12,49.0,73.0,113.0,33.0,17,2.5,0,False
9.0,5,16.0,5.0,0.45,8.0,2.0,4,0.8,21.0,3,0.5,15.17,23.86,8637.06,0.12,77.0,0.04,479.84,361.93,3,0,0,11.0,11.0,0.6,4.0,8.0,18.0,0.33,15.0,35.0,42.0,11.0,15,0.0,2,False
13.0,1,28.0,7.0,0.64,12.0,2.33,3,0.43,25.0,1,0.0,11.3,26.81,8126.06,0.1,69.0,0.04,451.45,303.07,0,0,1,11.0,11.0,0.14,8.0,14.0,20.0,0.54,13.0,33.0,36.0,8.0,13,8.33,1,False
3.0,1,4.0,2.0,0.29,2.0,2.0,2,1.0,6.0,1,0.0,10.34,8.1,678.47,0.03,22.0,0.12,37.69,83.76,4,0,0,7.0,7.0,0.5,1.0,2.0,6.0,0.17,12.0,9.0,13.0,5.0,9,0.0,2,False
7.0,0,12.0,4.0,0.27,6.0,2.0,1,0.25,16.0,1,0.0,28.72,9.38,2523.86,0.09,56.0,0.11,140.21,269.21,3,1,3,14.0,15.0,0.25,3.0,6.0,14.0,0.18,22.0,25.0,31.0,16.0,12,22.22,1,False
3.0,0,4.0,2.0,0.13,2.0,2.0,1,0.5,7.0,1,0.0,39.81,13.88,7671.65,0.18,119.0,0.07,426.2,552.62,8,0,0,16.0,16.0,0.5,1.0,2.0,7.0,0.08,25.0,59.0,60.0,17.0,8,0.0,0,False
3.0,2,4.0,2.0,0.25,2.0,2.0,2,1.0,7.0,1,0.0,18.53,9.0,1501.17,0.06,40.0,0.11,83.4,166.8,2,0,0,8.0,8.0,0.5,1.0,2.0,7.0,0.18,11.0,18.0,22.0,9.0,9,0.0,1,False
3.0,1,4.0,2.0,0.22,2.0,2.0,1,0.5,6.0,1,0.0,15.92,7.07,796.16,0.04,27.0,0.14,44.23,112.59,0,0,0,9.0,9.0,0.5,1.0,2.0,6.0,0.2,10.0,9.0,18.0,7.0,11,0.0,1,False
5.0,0,6.0,3.0,0.6,2.0,3.0,1,0.33,7.0,3,1.0,13.11,4.8,301.96,0.02,17.0,0.21,16.78,62.91,0,0,0,5.0,5.0,1.0,2.0,3.0,6.0,0.5,6.0,6.0,11.0,5.0,8,0.0,1,False
1.0,7,0.0,1.0,0.06,0.0,0.0,1,1.0,8.0,1,0.0,46.41,10.25,4875.78,0.16,90.0,0.1,270.88,475.69,12,1,9,16.0,17.0,1.0,0.0,0.0,9.0,0.03,39.0,41.0,49.0,26.0,13,38.46,3,False
5.0,1,8.0,3.0,0.38,4.0,2.0,3,1.0,10.0,1,0.0,9.42,17.0,2723.1,0.05,41.0,0.06,151.28,160.18,0,0,0,8.0,8.0,0.33,2.0,4.0,9.0,0.33,9.0,17.0,24.0,5.0,10,0.0,2,False
15.0,1,26.0,8.0,0.38,12.0,2.17,2,0.25,32.0,4,0.43,15.74,26.13,10742.56,0.14,83.0,0.04,596.81,411.2,4,1,1,20.0,21.0,0.5,7.0,13.0,26.0,0.3,27.0,33.0,50.0,12.0,19,9.09,1,False
5.0,1,8.0,3.0,0.21,4.0,2.0,1,0.33,10.0,1,0.0,19.1,11.92,2711.63,0.08,49.0,0.08,150.65,227.55,6,0,0,14.0,14.0,0.33,2.0,4.0,9.0,0.14,21.0,22.0,27.0,12.0,13,0.0,2,False
9.0,5,16.0,5.0,0.21,8.0,2.0,5,1.0,24.0,5,1.0,23.67,23.0,12520.25,0.18,107.0,0.04,695.57,544.36,2,1,0,23.0,24.0,1.0,4.0,8.0,21.0,0.19,27.0,46.0,61.0,17.0,17,4.17,2,False
3.0,0,4.0,2.0,0.14,2.0,2.0,1,0.5,7.0,1,0.0,22.92,11.0,2773.9,0.08,55.0,0.09,154.11,252.17,3,1,6,13.0,14.0,0.5,1.0,2.0,7.0,0.08,24.0,26.0,29.0,13.0,11,35.0,1,False
1.0,0,0.0,1.0,1.0,0.0,0.0,1,1.0,1.0,1,0.0,0.0,0.0,0.0,0.0,2.0,0.0,0.0,2.0,0,0,0,0.0,0.0,1.0,0.0,0.0,2.0,1.0,1.0,0.0,2.0,0.0,2,0.0,0,False
17.0,4,32.0,9.0,0.07,16.0,2.0,2,0.22,44.0,1,0.0,154.38,37.66,218997.95,1.94,832.0,0.03,12166.55,5814.59,12,0,28,137.0,137.0,0.11,8.0,16.0,37.0,0.05,178.0,403.0,429.0,107.0,20,16.97,4,False
14.0,1,16.0,9.0,0.19,8.0,2.0,2,0.22,29.0,1,0.0,16.23,147.53,353307.23,0.8,447.0,0.01,19628.18,2394.83,20,9,22,38.0,47.0,0.11,4.0,8.0,22.0,0.1,90.0,209.0,238.0,17.0,24,44.93,2,False
1.0,1,0.0,1.0,0.17,0.0,0.0,1,1.0,2.0,1,0.0,25.24,4.33,474.04,0.04,28.0,0.23,26.34,109.39,0,0,0,6.0,6.0,1.0,0.0,0.0,3.0,0.14,7.0,13.0,15.0,9.0,6,0.0,0,False
1.0,1,0.0,1.0,0.33,0.0,0.0,1,1.0,2.0,1,0.0,9.83,2.0,39.3,0.01,7.0,0.5,2.18,19.65,6,1,0,2.0,3.0,1.0,0.0,0.0,3.0,0.1,10.0,3.0,4.0,3.0,4,33.33,0,False
13.0,4,24.0,7.0,0.29,12.0,2.0,6,0.86,32.0,6,0.83,29.99,22.05,14580.32,0.22,126.0,0.05,810.02,661.24,5,3,5,21.0,24.0,0.86,6.0,12.0,27.0,0.2,35.0,49.0,77.0,20.0,18,27.59,2,False
3.0,0,4.0,2.0,0.17,2.0,2.0,1,0.5,6.0,1,0.0,22.81,5.4,665.23,0.04,29.0,0.19,36.96,123.19,1,0,0,12.0,12.0,0.5,1.0,2.0,6.0,0.14,14.0,12.0,17.0,10.0,9,0.0,2,False
13.0,4,24.0,7.0,0.21,12.0,2.0,4,0.57,31.0,1,0.0,34.65,30.14,31475.69,0.35,187.0,0.03,1748.65,1044.39,6,3,0,30.0,33.0,0.14,6.0,12.0,26.0,0.18,40.0,92.0,95.0,29.0,19,9.09,3,False
5.0,0,8.0,3.0,0.6,4.0,2.0,1,0.33,11.0,1,0.0,14.2,12.38,2175.04,0.06,43.0,0.08,120.84,175.76,3,0,0,5.0,5.0,0.33,2.0,4.0,10.0,0.33,9.0,22.0,21.0,8.0,9,0.0,3,False
7.0,6,10.0,4.0,0.25,4.0,2.5,3,0.75,19.0,3,0.67,35.44,9.9,3476.92,0.12,69.0,0.1,193.16,351.03,2,0,2,16.0,16.0,0.75,3.0,5.0,17.0,0.19,21.0,32.0,37.0,21.0,13,11.11,2,False
11.0,2,20.0,6.0,0.12,10.0,2.0,4,0.67,23.0,1,0.0,65.63,21.2,29496.56,0.46,227.0,0.05,1638.7,1391.35,13,2,30,49.0,51.0,0.17,5.0,10.0,19.0,0.06,95.0,106.0,121.0,50.0,20,39.51,1,False
11.0,9,18.0,6.0,0.19,8.0,2.25,6,1.0,27.0,3,0.4,44.0,22.29,21860.16,0.33,160.0,0.04,1214.45,980.69,9,0,5,32.0,32.0,0.5,5.0,9.0,23.0,0.13,47.0,71.0,89.0,43.0,27,13.51,0,False
3.0,1,4.0,2.0,0.5,2.0,2.0,2,1.0,7.0,1,0.0,10.13,7.5,570.0,0.03,19.0,0.13,31.67,76.0,3,0,0,4.0,4.0,0.5,1.0,2.0,7.0,0.25,8.0,9.0,10.0,6.0,10,0.0,1,False
15.0,5,22.0,8.0,0.31,8.0,2.75,5,0.63,25.0,6,0.71,40.15,15.41,9530.93,0.21,114.0,0.06,529.5,618.59,19,5,14,21.0,26.0,0.75,7.0,11.0,19.0,0.13,60.0,52.0,62.0,27.0,16,47.5,1,False
11.0,13,24.0,6.0,0.1,12.0,2.0,5,0.83,45.0,1,0.0,66.95,25.45,43359.38,0.57,268.0,0.04,2408.85,1703.82,16,3,6,59.0,62.0,0.17,6.0,12.0,41.0,0.06,107.0,123.0,145.0,58.0,24,13.24,0,False
3.0,2,4.0,2.0,0.06,2.0,2.0,1,0.5,15.0,1,0.0,56.88,16.48,15453.19,0.31,175.0,0.06,858.51,937.57,13,0,11,33.0,33.0,0.5,1.0,2.0,15.0,0.03,58.0,71.0,104.0,28.0,13,25.0,0,False
3.0,2,0.0,2.0,0.29,0.0,0.0,2,1.0,8.0,1,0.0,17.03,4.0,272.46,0.02,19.0,0.25,15.14,68.11,1,0,0,7.0,7.0,0.5,0.0,0.0,8.0,0.22,9.0,8.0,11.0,6.0,6,0.0,0,False
13.0,2,22.0,7.0,0.5,10.0,2.2,2,0.29,24.0,1,0.0,29.59,14.55,6259.35,0.14,82.0,0.07,347.74,430.33,1,0,0,14.0,14.0,0.14,6.0,11.0,19.0,0.44,16.0,40.0,42.0,22.0,16,0.0,0,False
7.0,2,12.0,4.0,0.16,6.0,2.0,3,0.75,13.0,1,0.0,38.31,13.54,7020.93,0.17,95.0,0.07,390.05,518.65,3,4,3,21.0,25.0,0.25,3.0,6.0,11.0,0.13,32.0,43.0,52.0,27.0,17,25.0,1,True
3.0,0,4.0,2.0,0.17,2.0,2.0,1,0.5,7.0,1,0.0,26.25,13.67,4902.51,0.12,83.0,0.07,272.36,358.72,6,0,0,12.0,12.0,0.5,1.0,2.0,7.0,0.11,19.0,41.0,42.0,12.0,8,0.0,0,False
1.0,0,0.0,1.0,0.14,0.0,0.0,1,1.0,1.0,1,0.0,15.64,10.5,1724.45,0.05,38.0,0.1,95.8,164.23,4,0,2,7.0,7.0,1.0,0.0,0.0,2.0,0.07,14.0,14.0,24.0,8.0,12,22.22,1,False
11.0,1,16.0,6.0,0.67,6.0,2.67,4,0.67,17.0,3,0.4,33.68,10.74,3883.05,0.12,73.0,0.09,215.72,361.66,10,0,0,9.0,9.0,0.5,5.0,8.0,13.0,0.3,20.0,34.0,39.0,19.0,12,0.0,0,True
3.0,4,4.0,2.0,0.08,2.0,2.0,2,1.0,14.0,1,0.0,53.06,13.85,10172.91,0.24,140.0,0.07,565.16,734.71,6,2,5,22.0,24.0,0.5,1.0,2.0,14.0,0.06,36.0,60.0,80.0,26.0,12,24.14,3,False
1.0,4,0.0,1.0,0.14,0.0,0.0,1,1.0,5.0,1,0.0,24.97,6.25,975.5,0.05,35.0,0.16,54.19,156.08,4,0,0,7.0,7.0,1.0,0.0,0.0,6.0,0.08,12.0,15.0,20.0,12.0,10,0.0,2,False
9.0,4,16.0,5.0,0.16,8.0,2.0,4,0.8,26.0,1,0.0,50.19,15.29,11739.22,0.26,136.0,0.07,652.18,767.56,31,5,21,26.0,31.0,0.2,4.0,8.0,23.0,0.06,84.0,65.0,71.0,34.0,16,50.0,0,False
1.0,0,0.0,1.0,0.2,0.0,0.0,1,1.0,1.0,1,0.0,39.26,3.2,402.06,0.04,33.0,0.31,22.34,125.64,2,0,0,5.0,5.0,1.0,0.0,0.0,2.0,0.13,8.0,16.0,17.0,10.0,4,0.0,0,False
25.0,4,48.0,13.0,0.33,24.0,2.0,7,0.54,56.0,1,0.0,56.42,19.13,20637.49,0.36,185.0,0.05,1146.53,1079.08,11,0,6,40.0,40.0,0.08,12.0,24.0,45.0,0.22,58.0,90.0,95.0,40.0,17,13.04,2,True
5.0,1,0.0,4.0,0.36,0.0,0.0,4,1.0,9.0,1,0.0,26.46,11.14,3284.95,0.1,62.0,0.09,182.5,294.8,1,0,0,11.0,11.0,0.25,0.0,0.0,7.0,0.31,13.0,24.0,38.0,14.0,13,0.0,2,False
7.0,1,10.0,4.0,0.17,4.0,2.5,2,0.5,12.0,3,0.67,42.56,14.44,8879.35,0.2,114.0,0.07,493.3,614.72,18,4,27,19.0,23.0,0.75,3.0,5.0,10.0,0.06,69.0,52.0,62.0,27.0,15,62.0,2,False
5.0,2,8.0,3.0,0.38,4.0,2.0,2,0.67,11.0,3,1.0,9.65,14.08,1914.4,0.05,32.0,0.07,106.36,135.93,1,0,0,8.0,8.0,1.0,2.0,4.0,10.0,0.3,10.0,13.0,19.0,6.0,13,0.0,2,False
37.0,12,58.0,19.0,0.21,22.0,2.64,10,0.53,79.0,13,0.67,103.85,30.93,99359.89,1.07,471.0,0.03,5519.99,3212.3,32,6,21,85.0,91.0,0.68,18.0,29.0,62.0,0.13,145.0,207.0,264.0,87.0,26,24.11,0,False
1.0,2,0.0,1.0,0.33,0.0,0.0,1,1.0,3.0,1,0.0,15.85,2.4,91.29,0.01,12.0,0.42,5.07,38.04,3,0,0,3.0,3.0,1.0,0.0,0.0,4.0,0.14,7.0,6.0,6.0,5.0,4,0.0,2,False
3.0,1,4.0,2.0,0.22,2.0,2.0,2,1.0,5.0,1,0.0,10.2,13.33,1813.33,0.05,34.0,0.08,100.74,136.0,0,0,0,9.0,9.0,0.5,1.0,2.0,5.0,0.2,10.0,16.0,18.0,6.0,10,0.0,1,False
23.0,9,44.0,12.0,0.24,22.0,2.0,9,0.75,57.0,10,0.82,53.31,30.13,48410.46,0.54,263.0,0.03,2689.47,1606.54,5,1,1,50.0,51.0,0.83,11.0,22.0,47.0,0.21,58.0,113.0,150.0,45.0,24,3.85,2,False
1.0,2,0.0,1.0,0.1,0.0,0.0,1,1.0,3.0,1,0.0,29.67,13.13,5110.82,0.13,81.0,0.08,283.93,389.4,7,0,0,10.0,10.0,1.0,0.0,0.0,4.0,0.06,18.0,35.0,46.0,16.0,12,0.0,1,False
5.0,0,6.0,3.0,0.27,2.0,3.0,1,0.33,8.0,3,1.0,16.4,9.1,1358.43,0.05,33.0,0.11,75.47,149.28,0,0,0,11.0,11.0,1.0,2.0,3.0,7.0,0.25,12.0,14.0,19.0,10.0,13,0.0,2,False
19.0,7,36.0,10.0,0.33,18.0,2.0,10,1.0,47.0,5,0.44,43.84,22.75,22691.4,0.33,171.0,0.04,1260.63,997.42,3,0,0,30.0,30.0,0.5,9.0,18.0,39.0,0.29,34.0,78.0,93.0,36.0,21,0.0,2,False
5.0,3,8.0,3.0,0.23,4.0,2.0,2,0.67,11.0,1,0.0,25.16,11.2,3155.74,0.09,58.0,0.09,175.32,281.76,6,1,1,12.0,13.0,0.33,2.0,4.0,10.0,0.14,21.0,24.0,34.0,15.0,14,14.29,2,False
5.0,2,6.0,3.0,0.25,2.0,3.0,1,0.33,9.0,3,1.0,18.28,10.0,1828.37,0.06,41.0,0.1,101.58,182.84,5,0,1,12.0,12.0,1.0,2.0,3.0,8.0,0.16,19.0,20.0,21.0,11.0,11,7.69,2,False
15.0,4,26.0,8.0,0.5,12.0,2.17,5,0.63,34.0,3,0.29,29.0,17.43,8805.15,0.17,97.0,0.06,489.17,505.32,1,0,0,16.0,16.0,0.38,7.0,13.0,28.0,0.44,18.0,41.0,56.0,20.0,17,0.0,3,False
9.0,3,16.0,5.0,0.2,8.0,2.0,2,0.4,20.0,3,0.5,29.73,12.89,4943.51,0.13,76.0,0.08,274.64,383.37,11,4,16,21.0,25.0,0.6,4.0,8.0,17.0,0.09,53.0,35.0,41.0,19.0,14,48.78,1,False
39.0,1,76.0,20.0,0.39,38.0,2.0,2,0.1,65.0,1,0.0,71.48,12.37,10946.28,0.29,153.0,0.08,608.13,884.55,4,0,3,51.0,51.0,0.05,19.0,38.0,47.0,0.34,59.0,66.0,87.0,40.0,15,5.56,2,False
1.0,2,0.0,1.0,0.2,0.0,0.0,1,1.0,3.0,1,0.0,9.25,4.67,201.53,0.01,13.0,0.21,11.2,43.19,2,0,5,5.0,5.0,1.0,0.0,0.0,4.0,0.08,13.0,4.0,9.0,3.0,7,50.0,0,False
5.0,0,8.0,3.0,0.27,4.0,2.0,1,0.33,10.0,1,0.0,12.7,16.25,3354.63,0.07,47.0,0.06,186.37,206.44,1,1,0,10.0,11.0,0.33,2.0,4.0,9.0,0.23,13.0,20.0,27.0,8.0,13,9.09,1,False
65.0,3,128.0,33.0,0.59,64.0,2.0,4,0.12,189.0,1,0.0,212.2,33.39,236652.5,2.36,1045.0,0.03,13147.36,7086.52,13,0,1,56.0,56.0,0.03,32.0,64.0,158.0,0.46,71.0,423.0,622.0,95.0,15,1.75,1,True
1.0,1,0.0,1.0,0.25,0.0,0.0,1,1.0,2.0,1,0.0,12.55,4.0,200.76,0.02,14.0,0.25,11.15,50.19,0,0,0,4.0,4.0,1.0,0.0,0.0,3.0,0.2,5.0,4.0,10.0,4.0,8,0.0,1,False
25.0,1,48.0,13.0,0.43,24.0,2.0,13,1.0,71.0,1,0.0,63.69,18.78,22456.97,0.4,213.0,0.05,1247.61,1195.93,4,0,0,30.0,30.0,0.08,12.0,24.0,60.0,0.37,35.0,104.0,109.0,36.0,13,0.0,1,False
7.0,4,0.0,5.0,0.33,0.0,0.0,5,1.0,17.0,1,0.0,40.0,9.0,3240.0,0.12,72.0,0.11,180.0,360.0,2,0,0,15.0,15.0,0.2,0.0,0.0,14.0,0.28,18.0,30.0,42.0,20.0,12,0.0,1,False
3.0,0,4.0,2.0,0.17,2.0,2.0,1,0.5,6.0,1,0.0,16.65,4.67,362.64,0.03,21.0,0.21,20.15,77.71,1,0,0,12.0,12.0,0.5,1.0,2.0,6.0,0.14,14.0,8.0,13.0,6.0,7,0.0,2,False
17.0,4,30.0,9.0,0.47,14.0,2.14,4,0.44,36.0,9,1.0,26.08,25.85,17423.93,0.22,125.0,0.04,968.0,674.04,1,0,0,19.0,19.0,1.0,8.0,15.0,29.0,0.43,21.0,47.0,78.0,20.0,22,0.0,2,False
5.0,3,8.0,3.0,0.25,4.0,2.0,3,1.0,10.0,1,0.0,18.35,8.33,1274.38,0.05,36.0,0.12,70.8,152.93,2,0,0,12.0,12.0,0.33,2.0,4.0,9.0,0.2,15.0,15.0,21.0,9.0,10,0.0,3,False
11.0,5,18.0,6.0,0.33,8.0,2.25,4,0.67,26.0,4,0.6,34.93,12.73,5658.72,0.15,86.0,0.08,314.37,444.61,4,0,0,18.0,18.0,0.67,5.0,9.0,22.0,0.13,45.0,40.0,46.0,22.0,14,0.0,5,False
3.0,1,4.0,2.0,0.2,2.0,2.0,1,0.5,7.0,1,0.0,33.71,13.2,5874.0,0.15,89.0,0.08,326.33,445.0,0,4,4,6.0,10.0,0.5,1.0,2.0,7.0,0.13,15.0,44.0,45.0,20.0,12,57.14,1,False
5.0,3,6.0,3.0,0.5,2.0,3.0,2,0.67,9.0,3,1.0,19.25,6.5,813.14,0.04,30.0,0.15,45.17,125.1,0,0,0,6.0,6.0,1.0,2.0,3.0,8.0,0.43,7.0,13.0,17.0,9.0,9,0.0,0,False
3.0,1,4.0,2.0,0.5,2.0,2.0,2,1.0,6.0,1,0.0,9.51,3.0,85.59,0.01,9.0,0.33,4.75,28.53,0,0,0,4.0,4.0,0.5,1.0,2.0,6.0,0.4,5.0,3.0,6.0,3.0,6,0.0,1,False
1.0,2,0.0,1.0,0.25,0.0,0.0,1,1.0,3.0,1,0.0,17.27,2.5,107.96,0.01,13.0,0.4,6.0,43.19,5,0,0,4.0,4.0,1.0,0.0,0.0,4.0,0.1,10.0,5.0,8.0,5.0,5,0.0,0,True
7.0,1,8.0,4.0,0.44,2.0,4.0,1,0.25,10.0,1,0.0,17.28,12.09,2526.68,0.07,45.0,0.08,140.37,208.97,4,0,0,9.0,9.0,0.25,3.0,4.0,8.0,0.29,14.0,19.0,26.0,11.0,14,0.0,2,False
5.0,0,8.0,3.0,0.5,4.0,2.0,1,0.33,9.0,1,0.0,15.36,4.9,368.89,0.03,21.0,0.2,20.49,75.28,0,0,0,6.0,6.0,0.33,2.0,4.0,8.0,0.43,7.0,7.0,14.0,5.0,7,0.0,1,False
11.0,4,20.0,6.0,0.13,10.0,2.0,6,1.0,23.0,1,0.0,80.39,9.26,6897.13,0.25,130.0,0.11,383.17,744.63,9,2,3,44.0,46.0,0.17,5.0,10.0,19.0,0.1,59.0,57.0,73.0,40.0,13,10.2,1,False
3.0,2,4.0,2.0,0.33,2.0,2.0,2,1.0,8.0,1,0.0,11.42,6.67,507.65,0.03,20.0,0.15,28.2,76.15,0,0,0,6.0,6.0,0.5,1.0,2.0,8.0,0.29,7.0,10.0,10.0,6.0,8,0.0,2,False
107.0,7,198.0,54.0,0.72,92.0,2.15,24,0.44,219.0,25,0.45,62.26,74.54,345890.61,1.55,694.0,0.01,19216.15,4640.43,1,0,0,75.0,75.0,0.46,53.0,99.0,167.0,0.7,77.0,255.0,439.0,65.0,38,0.0,3,False
3.0,2,4.0,2.0,0.25,2.0,2.0,2,1.0,7.0,1,0.0,22.46,9.0,1819.07,0.07,43.0,0.11,101.06,202.12,6,2,0,6.0,8.0,0.5,1.0,2.0,7.0,0.13,15.0,18.0,25.0,13.0,13,25.0,1,False
7.0,0,12.0,4.0,0.57,6.0,2.0,1,0.25,13.0,3,0.67,13.83,11.25,1750.38,0.05,36.0,0.09,97.24,155.59,1,0,0,7.0,7.0,0.75,3.0,6.0,11.0,0.44,9.0,15.0,21.0,8.0,12,0.0,1,False
7.0,2,10.0,4.0,0.29,4.0,2.5,3,0.75,11.0,4,1.0,28.06,10.56,3130.06,0.1,61.0,0.09,173.89,296.34,5,1,3,13.0,14.0,1.0,3.0,5.0,9.0,0.17,23.0,26.0,35.0,16.0,13,23.53,0,False
5.0,3,8.0,3.0,0.38,4.0,2.0,3,1.0,11.0,1,0.0,18.89,5.63,597.79,0.04,26.0,0.18,33.21,106.27,1,0,0,8.0,8.0,0.33,2.0,4.0,10.0,0.3,10.0,10.0,16.0,8.0,9,0.0,2,False
1.0,1,0.0,1.0,0.2,0.0,0.0,1,1.0,2.0,1,0.0,13.87,4.67,302.05,0.02,17.0,0.21,16.78,64.73,4,0,0,5.0,5.0,1.0,0.0,0.0,3.0,0.1,10.0,7.0,10.0,6.0,8,0.0,1,False
13.0,1,22.0,7.0,0.41,10.0,2.2,6,0.86,24.0,6,0.83,44.6,12.75,7250.82,0.19,110.0,0.08,402.82,568.69,1,0,0,17.0,17.0,0.86,6.0,11.0,19.0,0.37,19.0,51.0,59.0,24.0,12,0.0,3,False
5.0,1,8.0,3.0,0.43,4.0,2.0,2,0.67,10.0,3,1.0,9.57,8.75,732.92,0.03,22.0,0.11,40.72,83.76,1,0,0,7.0,7.0,1.0,2.0,4.0,9.0,0.33,9.0,7.0,15.0,4.0,10,0.0,2,False
32.0,11,36.0,21.0,0.22,16.0,2.25,15,0.71,74.0,4,0.15,55.18,32.0,56505.09,0.59,272.0,0.03,3139.17,1765.78,35,1,2,93.0,94.0,0.19,10.0,18.0,55.0,0.16,132.0,116.0,156.0,58.0,32,3.13,1,True
1.0,0,0.0,1.0,1.0,0.0,0.0,1,1.0,1.0,1,0.0,0.0,0.0,0.0,0.0,1.0,0.0,0.0,0.0,0,0,0,0.0,0.0,1.0,0.0,0.0,2.0,1.0,1.0,0.0,1.0,0.0,1,0.0,0,False
1.0,2,0.0,1.0,0.05,0.0,0.0,1,1.0,12.0,1,0.0,49.6,13.07,8474.07,0.22,150.0,0.08,470.78,648.29,8,0,18,19.0,19.0,1.0,0.0,0.0,13.0,0.02,46.0,61.0,89.0,14.0,6,48.65,3,False
1.0,1,0.0,1.0,0.08,0.0,0.0,1,1.0,11.0,1,0.0,44.78,10.71,5140.01,0.16,111.0,0.09,285.56,479.73,3,0,0,12.0,12.0,1.0,0.0,0.0,12.0,0.06,16.0,50.0,61.0,14.0,6,0.0,0,False
3.0,4,4.0,2.0,0.13,2.0,2.0,1,0.5,10.0,1,0.0,42.25,11.18,5280.46,0.16,90.0,0.09,293.36,472.31,1,0,0,15.0,15.0,0.5,1.0,2.0,10.0,0.12,17.0,43.0,47.0,25.0,13,0.0,2,False
5.0,1,6.0,3.0,0.21,2.0,3.0,2,0.67,8.0,3,1.0,23.74,10.21,2476.96,0.08,51.0,0.1,137.61,242.5,10,2,7,12.0,14.0,1.0,2.0,3.0,7.0,0.09,32.0,22.0,29.0,14.0,13,42.86,1,False
9.0,3,14.0,5.0,0.42,6.0,2.33,1,0.2,17.0,1,0.0,27.87,8.63,2073.17,0.08,50.0,0.12,115.18,240.37,13,1,25,11.0,12.0,0.2,4.0,7.0,14.0,0.1,51.0,23.0,27.0,16.0,12,70.27,0,False
5.0,3,8.0,3.0,0.21,4.0,2.0,2,0.67,14.0,1,0.0,34.4,9.84,3332.3,0.11,69.0,0.1,185.13,338.58,9,0,1,14.0,14.0,0.33,2.0,4.0,13.0,0.12,25.0,34.0,35.0,19.0,11,6.67,0,False
27.0,5,32.0,15.0,0.23,14.0,2.29,8,0.53,49.0,7,0.43,44.88,33.62,50731.38,0.5,233.0,0.03,2818.41,1508.85,16,1,1,65.0,66.0,0.47,9.0,16.0,36.0,0.18,84.0,99.0,134.0,53.0,36,2.99,1,True
1.0,1,0.0,1.0,0.1,0.0,0.0,1,1.0,2.0,1,0.0,14.33,6.0,515.71,0.03,22.0,0.17,28.65,85.95,1,0,0,10.0,10.0,1.0,0.0,0.0,3.0,0.08,12.0,8.0,14.0,6.0,9,0.0,3,False
9.0,0,8.0,6.0,0.27,4.0,2.0,1,0.17,18.0,1,0.0,27.21,20.39,11307.85,0.18,101.0,0.05,628.21,554.68,3,0,1,22.0,22.0,0.17,2.0,4.0,14.0,0.22,27.0,39.0,62.0,22.0,23,4.35,3,False
5.0,6,8.0,3.0,0.15,4.0,2.0,2,0.67,21.0,1,0.0,32.45,13.89,6264.19,0.15,91.0,0.07,348.01,450.83,0,1,0,19.0,20.0,0.33,2.0,4.0,20.0,0.14,21.0,44.0,47.0,19.0,12,5.0,0,False
11.0,2,18.0,6.0,0.5,8.0,2.25,2,0.33,21.0,6,1.0,12.67,21.85,6050.37,0.09,57.0,0.05,336.13,276.9,1,0,0,12.0,12.0,1.0,5.0,9.0,17.0,0.43,14.0,23.0,34.0,10.0,19,0.0,2,False
3.0,1,4.0,2.0,0.14,2.0,2.0,2,1.0,6.0,1,0.0,31.97,10.95,3831.58,0.12,70.0,0.09,212.87,350.0,8,0,1,14.0,14.0,0.5,1.0,2.0,6.0,0.08,24.0,32.0,38.0,19.0,13,6.67,1,False
11.0,4,18.0,6.0,0.32,8.0,2.25,4,0.67,20.0,6,1.0,21.36,16.0,5469.43,0.11,69.0,0.06,303.86,341.84,1,1,0,18.0,19.0,1.0,5.0,9.0,16.0,0.29,21.0,30.0,39.0,15.0,16,5.26,1,False
5.0,2,8.0,3.0,0.19,4.0,2.0,2,0.67,11.0,1,0.0,31.7,10.47,3476.06,0.11,67.0,0.1,193.11,331.93,4,2,0,14.0,16.0,0.33,2.0,4.0,10.0,0.14,21.0,29.0,38.0,18.0,13,12.5,0,False
7.0,1,12.0,4.0,0.36,6.0,2.0,2,0.5,14.0,3,0.67,13.39,14.22,2707.88,0.06,41.0,0.07,150.44,190.4,2,0,0,11.0,11.0,0.75,3.0,6.0,12.0,0.29,14.0,16.0,25.0,9.0,16,0.0,3,False
5.0,1,8.0,3.0,0.21,4.0,2.0,1,0.33,11.0,1,0.0,18.91,10.45,2065.48,0.07,45.0,0.1,114.75,197.65,6,1,0,13.0,14.0,0.33,2.0,4.0,10.0,0.14,21.0,19.0,26.0,10.0,11,7.14,3,False
1.0,1,0.0,1.0,0.17,0.0,0.0,1,1.0,2.0,1,0.0,17.41,3.5,213.21,0.02,16.0,0.29,11.85,60.92,0,0,0,6.0,6.0,1.0,0.0,0.0,3.0,0.14,7.0,7.0,9.0,7.0,7,0.0,1,False
3.0,2,4.0,2.0,0.14,2.0,2.0,1,0.5,8.0,1,0.0,25.61,9.43,2276.82,0.08,52.0,0.11,126.49,241.48,7,0,1,14.0,14.0,0.5,1.0,2.0,8.0,0.09,23.0,24.0,28.0,14.0,11,6.67,0,False
9.0,0,16.0,5.0,0.45,8.0,2.0,1,0.2,18.0,4,0.75,7.24,21.0,3192.0,0.05,38.0,0.05,177.33,152.0,2,0,0,11.0,11.0,0.8,4.0,8.0,15.0,0.36,14.0,14.0,24.0,4.0,12,0.0,2,False
9.0,1,16.0,5.0,0.16,8.0,2.0,4,0.8,23.0,1,0.0,32.53,13.88,6262.85,0.15,88.0,0.07,347.94,451.38,3,2,7,30.0,32.0,0.2,4.0,8.0,20.0,0.12,43.0,37.0,51.0,20.0,15,23.08,4,False
15.0,11,28.0,8.0,0.2,14.0,2.0,8,1.0,38.0,1,0.0,122.69,12.57,19373.39,0.51,256.0,0.08,1076.3,1541.73,28,6,27,35.0,41.0,0.13,7.0,14.0,32.0,0.08,97.0,111.0,145.0,53.0,12,48.53,0,True
5.0,5,8.0,3.0,0.18,4.0,2.0,3,1.0,15.0,1,0.0,23.84,12.69,3840.79,0.1,66.0,0.08,213.38,302.61,2,0,0,17.0,17.0,0.33,2.0,4.0,14.0,0.15,20.0,30.0,36.0,13.0,11,0.0,3,False
3.0,0,4.0,2.0,0.2,2.0,2.0,1,0.5,6.0,1,0.0,20.54,7.7,1217.55,0.05,36.0,0.13,67.64,158.12,6,0,3,10.0,10.0,0.5,1.0,2.0,6.0,0.1,20.0,14.0,22.0,10.0,11,23.08,1,False
7.0,2,12.0,4.0,0.29,6.0,2.0,2,0.5,16.0,1,0.0,17.95,16.69,5000.31,0.1,63.0,0.06,277.8,299.56,3,1,0,13.0,14.0,0.25,3.0,6.0,14.0,0.22,18.0,31.0,32.0,13.0,14,7.14,0,True
5.0,1,8.0,3.0,0.33,4.0,2.0,2,0.67,9.0,1,0.0,10.79,14.57,2290.24,0.05,37.0,0.07,127.24,157.17,1,0,1,9.0,9.0,0.33,2.0,4.0,8.0,0.25,12.0,17.0,20.0,7.0,12,10.0,0,False
7.0,5,12.0,4.0,0.11,6.0,2.0,2,0.5,22.0,1,0.0,58.21,21.95,28043.45,0.43,221.0,0.05,1557.97,1277.68,4,2,7,35.0,37.0,0.25,3.0,6.0,20.0,0.08,49.0,107.0,114.0,39.0,16,20.45,0,False
5.0,5,0.0,4.0,0.21,0.0,0.0,4,1.0,11.0,1,0.0,30.6,8.82,2382.35,0.09,54.0,0.11,132.35,270.0,18,2,10,17.0,19.0,0.25,0.0,0.0,9.0,0.08,48.0,20.0,34.0,17.0,15,41.38,1,False
35.0,3,68.0,18.0,0.46,34.0,2.0,1,0.06,103.0,1,0.0,162.87,24.2,95404.28,1.31,600.0,0.04,5300.24,3941.91,14,0,0,39.0,39.0,0.06,17.0,34.0,87.0,0.33,54.0,239.0,361.0,79.0,16,0.0,1,True
3.0,0,4.0,2.0,0.33,2.0,2.0,1,0.5,5.0,1,0.0,14.8,8.56,1083.64,0.04,28.0,0.12,60.2,126.66,4,0,0,6.0,6.0,0.5,1.0,2.0,5.0,0.18,11.0,11.0,17.0,9.0,14,0.0,1,False
48.0,0,80.0,27.0,0.23,40.0,2.0,1,0.04,93.0,13,0.46,111.77,28.44,90416.52,1.06,485.0,0.04,5023.14,3178.98,37,1,48,116.0,117.0,0.48,20.0,40.0,68.0,0.13,203.0,157.0,328.0,69.0,25,29.7,4,False
1.0,1,0.0,1.0,0.2,0.0,0.0,1,1.0,2.0,1,0.0,11.56,6.4,473.66,0.02,20.0,0.16,26.31,74.01,2,0,2,5.0,5.0,1.0,0.0,0.0,3.0,0.1,10.0,8.0,12.0,5.0,8,28.57,1,False
1.0,0,0.0,1.0,0.05,0.0,0.0,1,1.0,1.0,1,0.0,73.42,15.15,16854.31,0.37,205.0,0.07,936.35,1112.38,9,4,4,16.0,20.0,1.0,0.0,0.0,2.0,0.03,34.0,100.0,105.0,33.0,10,33.33,3,False
9.0,4,16.0,5.0,0.14,8.0,2.0,5,1.0,23.0,1,0.0,99.95,11.96,14297.65,0.4,200.0,0.08,794.31,1195.46,28,5,23,32.0,37.0,0.2,4.0,8.0,20.0,0.06,89.0,92.0,108.0,50.0,13,46.67,2,True
9.0,5,16.0,5.0,0.25,8.0,2.0,5,1.0,20.0,1,0.0,57.48,8.0,3678.64,0.15,87.0,0.13,204.37,459.83,4,0,2,20.0,20.0,0.2,4.0,8.0,17.0,0.19,27.0,36.0,51.0,27.0,12,9.09,5,False
74.0,10,72.0,55.0,0.36,36.0,2.0,45,0.82,257.0,1,0.0,59.49,281.13,4701624.47,5.57,2242.0,0.0,261201.38,16724.05,12,0,0,154.0,154.0,0.02,18.0,36.0,204.0,0.32,174.0,893.0,1349.0,108.0,68,0.0,3,False
5.0,0,8.0,3.0,0.6,4.0,2.0,1,0.33,11.0,1,0.0,14.2,12.38,2175.04,0.06,43.0,0.08,120.84,175.76,3,0,0,5.0,5.0,0.33,2.0,4.0,10.0,0.33,9.0,22.0,21.0,8.0,9,0.0,3,False
1.0,0,0.0,1.0,1.0,0.0,0.0,1,1.0,1.0,1,0.0,0.0,0.0,0.0,0.0,2.0,0.0,0.0,2.0,0,0,0,0.0,0.0,1.0,0.0,0.0,2.0,1.0,1.0,0.0,2.0,0.0,2,0.0,0,False
7.0,0,10.0,4.0,0.07,4.0,2.5,1,0.25,11.0,1,0.0,98.29,21.87,47030.93,0.72,357.0,0.05,2612.83,2149.99,12,0,19,59.0,59.0,0.25,3.0,5.0,9.0,0.04,91.0,175.0,182.0,52.0,13,24.36,4,False
11.0,1,20.0,6.0,0.3,10.0,2.0,4,0.67,27.0,1,0.0,51.1,12.22,7632.82,0.21,119.0,0.08,424.05,624.5,14,0,4,20.0,20.0,0.17,5.0,10.0,23.0,0.15,39.0,60.0,59.0,27.0,11,16.67,0,True
1.0,1,0.0,1.0,0.06,0.0,0.0,1,1.0,2.0,1,0.0,42.43,12.69,6829.73,0.18,119.0,0.08,379.43,538.3,5,3,0,14.0,17.0,1.0,0.0,0.0,3.0,0.04,23.0,58.0,61.0,16.0,7,17.65,0,False
1.0,5,0.0,1.0,0.14,0.0,0.0,1,1.0,6.0,1,0.0,22.33,4.38,427.32,0.03,25.0,0.23,23.74,97.67,12,0,12,7.0,7.0,1.0,0.0,0.0,7.0,0.03,32.0,10.0,15.0,8.0,7,63.16,0,False
13.0,13,12.0,9.0,0.17,6.0,2.0,9,1.0,35.0,1,0.0,56.78,18.93,20355.23,0.36,176.0,0.05,1130.85,1075.1,20,0,19,54.0,54.0,0.11,3.0,6.0,28.0,0.1,94.0,71.0,105.0,45.0,24,26.03,0,False
19.0,1,36.0,10.0,0.22,18.0,2.0,2,0.2,42.0,6,0.56,40.83,24.08,23672.68,0.33,186.0,0.04,1315.15,983.08,5,3,2,43.0,46.0,0.6,9.0,18.0,34.0,0.19,54.0,86.0,100.0,25.0,14,10.42,1,False
3.0,1,4.0,2.0,0.25,2.0,2.0,1,0.5,6.0,1,0.0,14.33,7.86,884.62,0.04,27.0,0.13,49.15,112.59,0,0,9,8.0,8.0,0.5,1.0,2.0,6.0,0.11,18.0,10.0,17.0,7.0,11,52.94,3,False
17.0,0,30.0,9.0,0.56,14.0,2.14,1,0.11,31.0,9,1.0,9.47,31.5,9393.71,0.1,69.0,0.03,521.87,298.21,2,0,0,16.0,16.0,1.0,8.0,15.0,24.0,0.47,19.0,21.0,48.0,5.0,15,0.0,2,False
24.0,3,14.0,19.0,0.23,6.0,2.33,18,0.95,58.0,1,0.0,44.9,40.53,73764.28,0.61,294.0,0.02,4098.02,1819.81,32,1,8,80.0,81.0,0.05,4.0,7.0,41.0,0.16,122.0,123.0,171.0,44.0,29,10.11,1,False
11.0,3,20.0,6.0,0.12,10.0,2.0,2,0.33,30.0,1,0.0,54.14,19.23,20023.61,0.35,177.0,0.05,1112.42,1041.23,21,0,58,52.0,52.0,0.17,5.0,10.0,26.0,0.05,132.0,75.0,102.0,39.0,20,52.73,1,True
11.0,0,20.0,6.0,0.19,10.0,2.0,1,0.17,22.0,1,0.0,25.81,30.07,23331.58,0.26,143.0,0.03,1296.2,775.96,17,5,20,26.0,31.0,0.17,5.0,10.0,18.0,0.09,69.0,63.0,80.0,22.0,21,49.02,0,True
9.0,0,16.0,5.0,0.31,8.0,2.0,1,0.2,19.0,1,0.0,25.24,14.54,5332.64,0.12,79.0,0.07,296.26,366.86,1,0,0,16.0,16.0,0.2,4.0,8.0,16.0,0.28,18.0,37.0,42.0,14.0,11,0.0,1,False
9.0,2,14.0,5.0,0.23,6.0,2.33,4,0.8,20.0,3,0.5,45.13,14.93,10063.19,0.22,122.0,0.07,559.07,673.87,9,1,4,21.0,22.0,0.6,4.0,7.0,17.0,0.14,36.0,56.0,66.0,30.0,16,19.23,0,False
29.0,4,56.0,15.0,0.42,28.0,2.0,8,0.53,61.0,1,0.0,40.52,27.02,29576.11,0.36,193.0,0.04,1643.12,1094.78,4,0,5,36.0,36.0,0.07,14.0,28.0,48.0,0.33,46.0,91.0,102.0,32.0,19,12.2,2,False
1.0,1,0.0,1.0,0.33,0.0,0.0,1,1.0,2.0,1,0.0,10.28,4.38,196.76,0.01,13.0,0.23,10.93,44.97,6,0,4,3.0,3.0,1.0,0.0,0.0,3.0,0.07,14.0,5.0,8.0,4.0,7,57.14,0,False
11.0,1,20.0,6.0,0.14,10.0,2.0,3,0.5,28.0,1,0.0,41.91,27.61,31948.87,0.39,204.0,0.04,1774.94,1157.17,14,2,16,40.0,42.0,0.17,5.0,10.0,24.0,0.08,73.0,93.0,111.0,32.0,19,31.03,0,False
1.0,1,0.0,1.0,0.17,0.0,0.0,1,1.0,2.0,1,0.0,20.57,11.67,2800.0,0.08,60.0,0.09,155.56,240.0,3,0,0,6.0,6.0,1.0,0.0,0.0,3.0,0.1,10.0,30.0,30.0,9.0,7,0.0,2,False
13.0,3,22.0,7.0,0.28,10.0,2.2,4,0.57,25.0,4,0.5,47.71,15.97,12167.64,0.25,135.0,0.06,675.98,761.92,15,4,11,21.0,25.0,0.57,6.0,11.0,20.0,0.13,52.0,62.0,73.0,33.0,17,41.67,0,True
1.0,0,0.0,1.0,0.33,0.0,0.0,1,1.0,1.0,1,0.0,7.75,2.0,31.02,0.01,6.0,0.5,1.72,15.51,0,0,0,3.0,3.0,1.0,0.0,0.0,2.0,0.25,4.0,2.0,4.0,2.0,4,0.0,0,False
6.0,2,0.0,5.0,0.18,0.0,0.0,5,1.0,13.0,1,0.0,34.89,17.35,10506.27,0.2,113.0,0.06,583.68,605.4,6,0,10,28.0,28.0,0.2,0.0,0.0,10.0,0.11,45.0,49.0,64.0,24.0,17,26.32,2,True
1.0,0,0.0,1.0,0.11,0.0,0.0,1,1.0,1.0,1,0.0,26.94,30.0,24246.02,0.27,187.0,0.03,1347.0,808.2,0,0,0,9.0,9.0,1.0,0.0,0.0,2.0,0.1,10.0,60.0,127.0,10.0,10,0.0,1,False
11.0,4,20.0,6.0,0.19,10.0,2.0,4,0.67,25.0,5,0.8,27.15,22.89,14223.33,0.21,116.0,0.04,790.18,621.48,19,5,19,26.0,31.0,0.83,5.0,10.0,21.0,0.09,70.0,53.0,63.0,22.0,19,48.0,0,False
1.0,0,0.0,1.0,1.0,0.0,0.0,1,1.0,1.0,1,0.0,0.0,0.0,0.0,0.0,2.0,0.0,0.0,2.0,0,0,0,0.0,0.0,1.0,0.0,0.0,2.0,1.0,1.0,0.0,2.0,0.0,2,0.0,0,False
1.0,0,0.0,1.0,1.0,0.0,0.0,1,1.0,1.0,1,0.0,0.0,0.0,0.0,0.0,2.0,0.0,0.0,2.0,0,0,0,0.0,0.0,1.0,0.0,0.0,2.0,1.0,1.0,0.0,2.0,0.0,2,0.0,0,False
11.0,0,18.0,6.0,0.86,8.0,2.25,1,0.17,18.0,5,0.8,9.45,16.5,2574.0,0.05,39.0,0.06,143.0,156.0,2,0,0,7.0,7.0,0.83,5.0,9.0,14.0,0.6,10.0,11.0,28.0,4.0,12,0.0,2,False
13.0,1,22.0,7.0,0.64,10.0,2.2,5,0.71,25.0,6,0.83,7.15,29.75,6326.82,0.07,51.0,0.03,351.49,212.67,2,0,0,11.0,11.0,0.86,6.0,11.0,20.0,0.5,14.0,17.0,34.0,4.0,14,0.0,1,False
7.0,5,12.0,4.0,0.13,6.0,2.0,4,1.0,17.0,1,0.0,56.95,11.11,7030.54,0.21,111.0,0.09,390.59,632.75,18,6,0,24.0,30.0,0.25,3.0,6.0,15.0,0.08,49.0,50.0,61.0,36.0,16,20.0,1,True
1.0,7,0.0,1.0,0.08,0.0,0.0,1,1.0,9.0,1,0.0,48.99,4.12,830.69,0.07,44.0,0.24,46.15,201.74,14,0,19,12.0,12.0,1.0,0.0,0.0,10.0,0.02,46.0,20.0,24.0,17.0,7,61.29,0,False
3.0,5,4.0,2.0,0.18,2.0,2.0,2,1.0,10.0,1,0.0,50.38,9.45,4498.98,0.16,98.0,0.11,249.94,476.08,10,1,12,10.0,11.0,0.5,1.0,2.0,10.0,0.06,34.0,42.0,56.0,20.0,9,56.52,3,False
3.0,2,4.0,2.0,0.11,2.0,2.0,2,1.0,7.0,1,0.0,24.8,12.19,3683.14,0.1,61.0,0.08,204.62,302.21,17,3,24,16.0,19.0,0.5,1.0,2.0,7.0,0.03,61.0,26.0,35.0,16.0,15,62.79,2,True
3.0,2,4.0,2.0,0.25,2.0,2.0,2,1.0,7.0,1,0.0,11.6,10.0,1160.0,0.04,29.0,0.1,64.44,116.0,2,0,0,8.0,8.0,0.5,1.0,2.0,7.0,0.18,11.0,12.0,17.0,6.0,10,0.0,2,False
1.0,1,0.0,1.0,0.17,0.0,0.0,1,1.0,3.0,1,0.0,24.8,5.0,620.0,0.04,31.0,0.2,34.44,124.0,3,0,0,6.0,6.0,1.0,0.0,0.0,4.0,0.1,10.0,10.0,21.0,8.0,8,0.0,1,False
3.0,1,4.0,2.0,0.33,2.0,2.0,2,1.0,7.0,1,0.0,11.15,9.17,936.71,0.03,25.0,0.11,52.04,102.19,1,0,0,6.0,6.0,0.5,1.0,2.0,7.0,0.25,8.0,10.0,15.0,6.0,11,0.0,3,False
1.0,3,0.0,1.0,0.14,0.0,0.0,1,1.0,4.0,1,0.0,38.4,2.5,240.0,0.03,24.0,0.4,13.33,96.0,7,0,16,7.0,7.0,1.0,0.0,0.0,5.0,0.03,31.0,11.0,13.0,11.0,5,69.57,2,False
17.0,3,12.0,13.0,0.23,6.0,2.0,12,0.92,36.0,1,0.0,36.39,41.23,61862.5,0.5,253.0,0.02,3436.81,1500.48,8,0,0,56.0,56.0,0.08,3.0,6.0,25.0,0.2,65.0,111.0,142.0,35.0,26,0.0,0,False
8.0,4,4.0,6.0,0.16,2.0,2.0,2,0.33,19.0,1,0.0,53.33,15.98,13611.71,0.28,142.0,0.06,756.21,852.0,13,2,4,36.0,38.0,0.17,1.0,2.0,15.0,0.11,56.0,61.0,81.0,42.0,22,14.29,1,False
13.0,2,22.0,7.0,0.26,10.0,2.2,3,0.43,24.0,1,0.0,18.92,19.63,7291.52,0.12,73.0,0.05,405.08,371.38,1,0,0,27.0,27.0,0.14,6.0,11.0,19.0,0.24,29.0,31.0,42.0,15.0,19,0.0,2,False
3.0,0,4.0,2.0,0.29,2.0,2.0,1,0.5,6.0,1,0.0,8.22,9.0,666.08,0.02,20.0,0.11,37.0,74.01,1,0,0,7.0,7.0,0.5,1.0,2.0,6.0,0.22,9.0,8.0,12.0,4.0,9,0.0,2,False
9.0,4,14.0,5.0,0.38,6.0,2.33,4,0.8,17.0,4,0.75,20.09,10.5,2214.54,0.07,46.0,0.1,123.03,210.91,2,0,2,13.0,13.0,0.8,4.0,7.0,14.0,0.28,18.0,21.0,25.0,12.0,12,13.33,1,False
1.0,1,0.0,1.0,0.14,0.0,0.0,1,1.0,3.0,1,0.0,10.95,3.33,121.65,0.01,13.0,0.3,6.76,36.5,1,0,0,7.0,7.0,1.0,0.0,0.0,4.0,0.11,9.0,5.0,8.0,3.0,4,0.0,1,False
7.0,4,4.0,5.0,0.14,2.0,2.0,5,1.0,16.0,1,0.0,48.33,13.68,9040.72,0.22,119.0,0.07,502.26,661.0,7,0,3,37.0,37.0,0.2,1.0,2.0,13.0,0.1,48.0,53.0,66.0,31.0,16,7.5,1,False
17.0,1,30.0,9.0,0.3,14.0,2.14,5,0.56,31.0,7,0.75,44.42,9.42,3946.1,0.14,83.0,0.11,219.23,418.68,10,0,3,30.0,30.0,0.78,8.0,15.0,24.0,0.2,44.0,29.0,54.0,20.0,13,9.09,0,False
3.0,2,4.0,2.0,0.13,2.0,2.0,2,1.0,7.0,1,0.0,57.32,10.19,5954.36,0.19,113.0,0.1,330.8,584.2,6,0,5,16.0,16.0,0.5,1.0,2.0,7.0,0.06,35.0,53.0,60.0,26.0,10,23.81,1,False
7.0,0,10.0,4.0,0.4,4.0,2.5,1,0.25,12.0,3,0.67,10.84,13.71,2039.01,0.05,35.0,0.07,113.28,148.68,3,0,0,10.0,10.0,0.75,3.0,5.0,10.0,0.29,14.0,16.0,19.0,7.0,12,0.0,1,False
1.0,0,0.0,1.0,1.0,0.0,0.0,1,1.0,1.0,1,0.0,0.0,0.0,0.0,0.0,2.0,0.0,0.0,2.0,0,0,0,0.0,0.0,1.0,0.0,0.0,2.0,1.0,1.0,0.0,2.0,0.0,2,0.0,0,False
17.0,0,32.0,9.0,0.47,16.0,2.0,1,0.11,33.0,1,0.0,76.91,15.85,19327.77,0.41,222.0,0.06,1073.76,1219.19,3,17,0,2.0,19.0,0.11,8.0,16.0,26.0,0.39,23.0,98.0,124.0,34.0,11,89.47,1,True
3.0,3,4.0,2.0,0.18,2.0,2.0,2,1.0,9.0,1,0.0,32.85,9.12,2731.26,0.1,63.0,0.11,151.74,299.56,14,2,9,9.0,11.0,0.5,1.0,2.0,9.0,0.06,35.0,31.0,32.0,17.0,10,55.0,1,False
5.0,1,6.0,3.0,0.3,2.0,3.0,1,0.33,9.0,1,0.0,18.38,11.23,2316.45,0.07,45.0,0.09,128.69,206.32,4,0,0,10.0,10.0,0.33,2.0,3.0,8.0,0.2,15.0,19.0,26.0,11.0,13,0.0,2,True
14.0,1,16.0,9.0,0.32,8.0,2.0,2,0.22,30.0,1,0.0,22.95,22.69,11822.56,0.17,100.0,0.04,656.81,520.95,1,0,0,28.0,28.0,0.11,4.0,8.0,23.0,0.3,30.0,43.0,57.0,18.0,19,0.0,1,False
7.0,2,12.0,4.0,0.24,6.0,2.0,3,0.75,13.0,1,0.0,25.55,11.15,3178.67,0.09,63.0,0.09,176.59,284.98,0,0,0,17.0,17.0,0.25,3.0,6.0,11.0,0.22,18.0,29.0,34.0,13.0,10,0.0,2,False
1.0,5,0.0,1.0,0.08,0.0,0.0,1,1.0,8.0,1,0.0,45.11,4.94,1101.41,0.07,48.0,0.2,61.19,222.91,14,0,21,12.0,12.0,1.0,0.0,0.0,9.0,0.02,48.0,21.0,27.0,17.0,8,63.64,0,False
5.0,4,6.0,3.0,0.18,2.0,3.0,2,0.67,12.0,3,1.0,34.91,12.87,5781.77,0.15,85.0,0.08,321.21,449.26,14,4,19,13.0,17.0,1.0,2.0,3.0,11.0,0.06,51.0,37.0,48.0,23.0,16,63.89,3,True
9.0,1,14.0,5.0,0.63,6.0,2.33,4,0.8,18.0,4,0.75,7.35,21.12,3281.21,0.05,38.0,0.05,182.29,155.32,2,0,0,8.0,8.0,0.8,4.0,7.0,15.0,0.45,11.0,13.0,25.0,4.0,13,0.0,1,False
3.0,0,6.0,2.0,0.33,2.0,3.0,1,0.5,5.0,1,0.0,16.12,7.5,906.96,0.04,29.0,0.13,50.39,120.93,9,1,7,5.0,6.0,0.5,2.0,3.0,5.0,0.09,23.0,12.0,17.0,8.0,10,61.54,0,False
9.0,3,16.0,5.0,0.26,8.0,2.0,5,1.0,24.0,1,0.0,42.5,16.14,11090.08,0.23,129.0,0.06,616.12,686.53,1,0,0,19.0,19.0,0.2,4.0,8.0,21.0,0.24,21.0,60.0,69.0,26.0,14,0.0,0,False
9.0,7,16.0,5.0,0.1,8.0,2.0,3,0.6,33.0,1,0.0,106.51,20.0,42604.83,0.71,325.0,0.05,2366.93,2130.24,13,1,42,50.0,51.0,0.2,4.0,8.0,30.0,0.05,107.0,148.0,177.0,74.0,20,46.24,3,True
17.0,10,34.0,9.0,0.3,14.0,2.43,6,0.67,38.0,3,0.25,67.59,11.15,8408.78,0.25,131.0,0.09,467.15,753.89,26,3,35,27.0,30.0,0.33,10.0,17.0,31.0,0.1,92.0,58.0,73.0,39.0,15,58.46,1,True
5.0,1,8.0,3.0,0.38,4.0,2.0,2,0.67,10.0,3,1.0,10.76,14.86,2375.83,0.05,37.0,0.07,131.99,159.91,1,0,0,8.0,8.0,1.0,2.0,4.0,9.0,0.3,10.0,16.0,21.0,7.0,13,0.0,1,False
11.0,5,16.0,6.0,0.25,6.0,2.67,4,0.67,20.0,5,0.8,34.84,19.8,13657.11,0.23,121.0,0.05,758.73,689.75,12,0,6,24.0,24.0,0.83,5.0,8.0,16.0,0.14,43.0,54.0,67.0,30.0,22,20.0,1,False
17.0,5,32.0,9.0,0.23,16.0,2.0,6,0.67,35.0,1,0.0,48.39,35.46,60838.51,0.57,301.0,0.03,3379.92,1715.83,18,6,11,33.0,39.0,0.11,8.0,16.0,28.0,0.13,69.0,146.0,155.0,35.0,17,34.0,0,False
71.0,13,140.0,36.0,0.26,70.0,2.0,17,0.47,181.0,1,0.0,79.48,89.75,640223.79,2.38,1056.0,0.01,35567.99,7133.16,56,42,24,99.0,141.0,0.03,35.0,70.0,147.0,0.16,230.0,489.0,567.0,79.0,29,40.0,0,False
13.0,7,20.0,7.0,0.18,8.0,2.5,5,0.71,27.0,4,0.5,73.73,12.57,11641.4,0.31,155.0,0.08,646.74,926.48,22,8,1,31.0,39.0,0.57,6.0,11.0,22.0,0.11,63.0,68.0,87.0,46.0,17,22.5,1,False
3.0,1,6.0,2.0,0.4,2.0,3.0,2,1.0,5.0,1,0.0,11.91,5.25,328.18,0.02,16.0,0.19,18.23,62.51,0,0,0,5.0,5.0,0.5,2.0,3.0,5.0,0.33,6.0,7.0,9.0,6.0,9,0.0,0,False
1.0,0,0.0,1.0,0.17,0.0,0.0,1,1.0,1.0,1,0.0,17.79,2.92,151.35,0.02,15.0,0.34,8.41,51.89,1,0,0,6.0,6.0,1.0,0.0,0.0,2.0,0.13,8.0,7.0,8.0,6.0,5,0.0,0,False
5.0,0,8.0,3.0,0.3,4.0,2.0,1,0.33,9.0,1,0.0,13.12,10.83,1539.78,0.05,31.0,0.09,85.54,142.13,2,0,0,10.0,10.0,0.33,2.0,4.0,8.0,0.23,13.0,13.0,18.0,9.0,15,0.0,1,False
1.0,1,0.0,1.0,0.14,0.0,0.0,1,1.0,2.0,1,0.0,12.37,6.0,445.39,0.02,19.0,0.17,24.74,74.23,2,0,0,7.0,7.0,1.0,0.0,0.0,3.0,0.1,10.0,8.0,11.0,6.0,9,0.0,0,False
11.0,4,18.0,6.0,0.25,8.0,2.25,4,0.67,22.0,4,0.6,29.2,19.5,11102.33,0.19,111.0,0.05,616.8,569.35,4,0,3,24.0,24.0,0.67,5.0,9.0,18.0,0.19,32.0,52.0,59.0,20.0,15,11.11,2,False
33.0,6,60.0,17.0,0.16,28.0,2.14,5,0.29,79.0,10,0.56,74.12,38.38,109170.24,0.95,431.0,0.03,6065.01,2844.56,77,23,43,83.0,106.0,0.59,16.0,30.0,64.0,0.07,227.0,199.0,232.0,70.0,27,44.3,1,False
11.0,5,16.0,6.0,0.32,6.0,2.67,6,1.0,27.0,5,0.8,28.88,30.38,26642.14,0.29,171.0,0.03,1480.12,877.11,18,0,4,19.0,19.0,0.83,5.0,8.0,23.0,0.14,42.0,81.0,90.0,20.0,15,17.39,2,True
3.0,6,4.0,2.0,0.18,2.0,2.0,2,1.0,10.0,1,0.0,31.9,6.9,1518.54,0.07,48.0,0.14,84.36,220.08,6,1,0,10.0,11.0,0.5,1.0,2.0,10.0,0.11,18.0,23.0,25.0,15.0,9,9.09,1,True
3.0,2,4.0,2.0,0.33,2.0,2.0,1,0.5,7.0,1,0.0,19.23,4.89,459.61,0.03,23.0,0.2,25.53,94.01,0,0,0,6.0,6.0,0.5,1.0,2.0,7.0,0.29,7.0,11.0,12.0,9.0,8,0.0,1,False
3.0,1,4.0,2.0,0.4,2.0,2.0,2,1.0,7.0,1,0.0,10.99,6.4,449.97,0.02,19.0,0.16,25.0,70.31,1,0,0,5.0,5.0,0.5,1.0,2.0,7.0,0.29,7.0,8.0,11.0,5.0,8,0.0,3,False
29.0,6,56.0,15.0,0.41,28.0,2.0,15,1.0,66.0,14,0.93,93.04,18.79,32840.16,0.58,272.0,0.05,1824.45,1747.94,5,0,0,37.0,37.0,0.93,14.0,28.0,53.0,0.23,65.0,124.0,148.0,66.0,20,0.0,4,False
1.0,0,0.0,1.0,0.5,0.0,0.0,1,1.0,1.0,1,0.0,12.18,3.0,109.62,0.01,11.0,0.33,6.09,36.54,2,0,0,2.0,2.0,1.0,0.0,0.0,2.0,0.2,5.0,4.0,7.0,4.0,6,0.0,0,False
5.0,0,8.0,3.0,0.3,4.0,2.0,1,0.33,9.0,3,1.0,9.26,12.1,1355.2,0.04,28.0,0.08,75.29,112.0,1,0,0,10.0,10.0,1.0,2.0,4.0,8.0,0.25,12.0,11.0,17.0,5.0,11,0.0,1,False
1.0,0,0.0,1.0,0.14,0.0,0.0,1,1.0,1.0,1,0.0,62.39,5.21,1693.79,0.11,70.0,0.19,94.1,325.07,4,0,0,7.0,7.0,1.0,0.0,0.0,2.0,0.08,12.0,33.0,37.0,19.0,6,0.0,0,False
7.0,3,12.0,4.0,0.5,6.0,2.0,4,1.0,13.0,1,0.0,23.69,4.5,479.73,0.04,28.0,0.22,26.65,106.61,6,3,5,5.0,8.0,0.25,3.0,6.0,11.0,0.2,20.0,12.0,16.0,8.0,6,61.54,0,False
5.0,1,8.0,3.0,0.38,4.0,2.0,2,0.67,10.0,3,1.0,11.85,10.21,1236.07,0.04,28.0,0.1,68.67,121.01,1,0,0,8.0,8.0,1.0,2.0,4.0,9.0,0.3,10.0,11.0,17.0,7.0,13,0.0,1,False
9.0,1,14.0,5.0,0.33,6.0,2.33,2,0.4,17.0,3,0.5,22.72,18.75,7988.64,0.14,86.0,0.05,443.81,426.06,14,3,10,12.0,15.0,0.6,4.0,7.0,14.0,0.13,40.0,40.0,46.0,16.0,15,52.0,0,False
5.0,5,6.0,3.0,0.2,2.0,3.0,1,0.33,13.0,1,0.0,28.04,10.32,2988.73,0.1,59.0,0.1,166.04,289.51,8,0,19,15.0,15.0,0.33,2.0,3.0,12.0,0.07,43.0,27.0,32.0,17.0,13,55.88,1,False
33.0,6,58.0,17.0,0.28,26.0,2.23,4,0.24,71.0,8,0.44,81.83,29.21,69838.03,0.8,375.0,0.03,3879.89,2390.64,8,3,16,57.0,60.0,0.47,16.0,29.0,56.0,0.2,85.0,162.0,213.0,61.0,22,25.0,2,False
7.0,0,12.0,4.0,0.57,6.0,2.0,1,0.25,12.0,4,1.0,14.12,9.63,1308.36,0.05,32.0,0.1,72.69,135.93,1,0,0,7.0,7.0,1.0,3.0,6.0,10.0,0.44,9.0,14.0,18.0,8.0,11,0.0,2,False
1.0,1,0.0,1.0,0.07,0.0,0.0,1,1.0,5.0,1,0.0,39.95,35.53,50426.13,0.47,279.0,0.03,2801.45,1419.4,1,0,0,14.0,14.0,1.0,0.0,0.0,6.0,0.06,16.0,90.0,189.0,19.0,15,0.0,1,False
7.0,0,12.0,4.0,0.29,6.0,2.0,1,0.25,16.0,1,0.0,21.83,21.53,10120.67,0.16,94.0,0.05,562.26,470.0,2,0,0,14.0,14.0,0.25,3.0,6.0,14.0,0.24,17.0,38.0,56.0,15.0,17,0.0,3,False
3.0,3,4.0,2.0,0.2,2.0,2.0,2,1.0,7.0,1,0.0,24.89,7.0,1219.6,0.06,38.0,0.14,67.76,174.23,8,1,1,9.0,10.0,0.5,1.0,2.0,7.0,0.1,20.0,14.0,24.0,12.0,12,18.18,2,False
1.0,2,0.0,1.0,0.2,0.0,0.0,1,1.0,3.0,1,0.0,19.37,2.5,121.08,0.02,14.0,0.4,6.73,48.43,5,0,10,5.0,5.0,1.0,0.0,0.0,4.0,0.05,21.0,6.0,8.0,6.0,5,66.67,0,False
5.0,2,8.0,3.0,0.23,4.0,2.0,3,1.0,10.0,3,1.0,18.24,12.73,2955.18,0.08,50.0,0.08,164.18,232.19,1,0,0,13.0,13.0,1.0,2.0,4.0,9.0,0.2,15.0,20.0,30.0,11.0,14,0.0,2,False
1.0,0,0.0,1.0,0.17,0.0,0.0,1,1.0,1.0,1,0.0,13.38,12.86,2211.43,0.06,43.0,0.08,122.86,172.0,4,0,0,6.0,6.0,1.0,0.0,0.0,2.0,0.09,11.0,20.0,23.0,7.0,9,0.0,2,False
31.0,3,54.0,16.0,0.21,24.0,2.25,6,0.38,65.0,3,0.13,90.21,25.16,57086.39,0.76,355.0,0.04,3171.47,2269.27,41,3,22,73.0,76.0,0.19,15.0,27.0,51.0,0.11,140.0,161.0,194.0,64.0,20,25.51,0,False
5.0,1,8.0,3.0,0.43,4.0,2.0,3,1.0,12.0,1,0.0,15.57,12.6,2472.31,0.07,44.0,0.08,137.35,196.21,0,0,0,7.0,7.0,0.33,2.0,4.0,11.0,0.38,8.0,21.0,23.0,10.0,12,0.0,1,False
10.0,5,10.0,6.0,0.21,4.0,2.5,5,0.83,23.0,1,0.0,38.67,25.92,25983.73,0.33,175.0,0.04,1443.54,1002.39,5,1,4,28.0,29.0,0.17,3.0,5.0,19.0,0.15,39.0,79.0,96.0,32.0,21,15.15,1,False
50.0,9,88.0,27.0,0.16,44.0,2.0,11,0.41,121.0,1,0.0,106.48,59.27,374043.26,2.1,863.0,0.02,20780.18,6311.02,45,42,27,122.0,164.0,0.04,22.0,44.0,96.0,0.11,237.0,405.0,458.0,123.0,36,36.13,0,True
3.0,0,4.0,2.0,0.29,2.0,2.0,1,0.5,6.0,1,0.0,8.4,7.0,411.67,0.02,17.0,0.14,22.87,58.81,3,0,0,7.0,7.0,0.5,1.0,2.0,6.0,0.18,11.0,8.0,9.0,4.0,7,0.0,0,False
7.0,2,8.0,4.0,0.31,4.0,2.0,3,0.75,15.0,1,0.0,14.24,12.75,2314.39,0.06,42.0,0.08,128.58,181.52,2,0,0,13.0,13.0,0.25,2.0,4.0,13.0,0.25,16.0,17.0,25.0,8.0,12,0.0,0,False
3.0,0,4.0,2.0,0.29,2.0,2.0,1,0.5,6.0,1,0.0,12.06,6.0,434.04,0.02,19.0,0.17,24.11,72.34,4,1,0,6.0,7.0,0.5,1.0,2.0,6.0,0.17,12.0,9.0,10.0,6.0,8,14.29,1,False
1.0,2,0.0,1.0,0.17,0.0,0.0,1,1.0,3.0,1,0.0,27.24,2.29,142.33,0.02,18.0,0.44,7.91,62.27,0,0,0,6.0,6.0,1.0,0.0,0.0,4.0,0.14,7.0,8.0,10.0,7.0,4,0.0,1,False
6.0,1,0.0,5.0,0.26,0.0,0.0,5,1.0,12.0,1,0.0,25.77,10.18,2670.15,0.09,54.0,0.1,148.34,262.33,0,0,0,19.0,19.0,0.2,0.0,0.0,9.0,0.25,20.0,19.0,35.0,14.0,15,0.0,4,False
1.0,1,0.0,1.0,0.11,0.0,0.0,1,1.0,2.0,1,0.0,18.33,9.0,1484.99,0.05,37.0,0.11,82.5,165.0,17,3,3,6.0,9.0,1.0,0.0,0.0,3.0,0.03,30.0,15.0,22.0,10.0,12,50.0,0,False
95.0,3,188.0,48.0,0.45,94.0,2.0,2,0.04,238.0,1,0.0,47.04,115.43,626797.86,1.81,1007.0,0.01,34822.1,5430.06,1,3,0,103.0,106.0,0.02,47.0,94.0,192.0,0.44,108.0,515.0,492.0,29.0,13,2.83,0,False
1.0,2,0.0,1.0,0.5,0.0,0.0,1,1.0,3.0,1,0.0,9.0,3.33,100.0,0.01,10.0,0.3,5.56,30.0,2,0,0,2.0,2.0,1.0,0.0,0.0,4.0,0.2,5.0,4.0,6.0,3.0,5,0.0,1,False
11.0,1,20.0,6.0,0.43,10.0,2.0,2,0.33,21.0,4,0.6,16.12,22.73,8332.05,0.12,74.0,0.04,462.89,366.61,1,0,1,14.0,14.0,0.67,5.0,10.0,17.0,0.35,17.0,25.0,49.0,11.0,20,6.67,3,False
13.0,4,24.0,7.0,0.26,12.0,2.0,7,1.0,27.0,6,0.83,36.01,13.42,6486.52,0.16,95.0,0.07,360.36,483.31,3,5,0,22.0,27.0,0.86,6.0,12.0,22.0,0.23,31.0,34.0,61.0,19.0,15,18.52,3,False
1.0,0,0.0,1.0,0.1,0.0,0.0,1,1.0,1.0,1,0.0,13.9,10.0,1389.74,0.05,34.0,0.1,77.21,138.97,1,0,0,10.0,10.0,1.0,0.0,0.0,2.0,0.08,12.0,14.0,20.0,7.0,10,0.0,4,False
5.0,1,8.0,3.0,0.33,4.0,2.0,2,0.67,8.0,1,0.0,23.64,9.31,2048.42,0.07,48.0,0.11,113.8,220.08,4,0,0,9.0,9.0,0.33,2.0,4.0,7.0,0.21,14.0,22.0,26.0,13.0,11,0.0,2,False
29.0,2,54.0,15.0,0.29,26.0,2.08,2,0.13,60.0,8,0.5,16.05,54.0,46843.61,0.29,163.0,0.02,2602.42,867.47,11,4,2,48.0,52.0,0.53,14.0,27.0,47.0,0.23,66.0,72.0,91.0,16.0,24,11.11,2,False
7.0,3,12.0,4.0,0.31,6.0,2.0,4,1.0,16.0,1,0.0,26.73,8.46,1913.81,0.08,50.0,0.12,106.32,226.18,2,1,0,12.0,13.0,0.25,3.0,6.0,14.0,0.25,16.0,22.0,28.0,13.0,10,7.69,2,False
11.0,3,12.0,7.0,0.3,6.0,2.0,4,0.57,25.0,4,0.5,29.43,18.57,10146.96,0.18,102.0,0.05,563.72,546.47,3,0,0,23.0,23.0,0.57,3.0,6.0,20.0,0.26,27.0,43.0,59.0,22.0,19,0.0,2,False
1.0,1,0.0,1.0,0.33,0.0,0.0,1,1.0,2.0,1,0.0,12.68,2.5,79.25,0.01,10.0,0.4,4.4,31.7,3,0,0,3.0,3.0,1.0,0.0,0.0,3.0,0.14,7.0,4.0,6.0,4.0,5,0.0,1,False
7.0,1,8.0,4.0,0.36,2.0,4.0,1,0.25,12.0,1,0.0,25.88,10.71,2971.35,0.09,59.0,0.09,165.07,277.33,4,0,0,11.0,11.0,0.25,3.0,4.0,10.0,0.25,16.0,25.0,34.0,14.0,12,0.0,2,True
3.0,1,4.0,2.0,0.33,2.0,2.0,2,1.0,5.0,1,0.0,9.88,5.25,272.43,0.02,15.0,0.19,15.14,51.89,2,0,0,6.0,6.0,0.5,1.0,2.0,5.0,0.22,9.0,6.0,9.0,4.0,7,0.0,0,False
15.0,6,20.0,8.0,0.15,6.0,3.33,4,0.5,35.0,1,0.0,77.75,20.89,33939.63,0.54,260.0,0.05,1885.54,1624.46,33,9,52,43.0,52.0,0.13,7.0,10.0,29.0,0.06,138.0,117.0,143.0,56.0,20,58.65,0,False
61.0,12,98.0,31.0,0.23,38.0,2.58,13,0.42,108.0,23,0.73,96.71,39.62,151799.12,1.28,565.0,0.03,8433.28,3831.47,30,4,60,128.0,132.0,0.74,30.0,50.0,79.0,0.14,223.0,256.0,309.0,84.0,26,33.33,1,False
5.0,2,8.0,3.0,0.25,4.0,2.0,1,0.33,11.0,1,0.0,36.25,6.35,1463.22,0.08,49.0,0.16,81.29,230.32,0,0,0,12.0,12.0,0.33,2.0,4.0,10.0,0.23,13.0,24.0,25.0,17.0,9,0.0,1,False
13.0,1,24.0,7.0,0.41,12.0,2.0,3,0.43,25.0,1,0.0,12.97,39.75,20489.85,0.17,111.0,0.03,1138.33,515.47,1,0,1,17.0,17.0,0.14,6.0,12.0,20.0,0.35,20.0,53.0,58.0,10.0,15,5.56,3,False
1.0,1,0.0,1.0,0.14,0.0,0.0,1,1.0,2.0,1,0.0,17.41,3.5,213.21,0.02,16.0,0.29,11.85,60.92,0,0,0,7.0,7.0,1.0,0.0,0.0,3.0,0.13,8.0,7.0,9.0,7.0,7,0.0,1,False
1.0,1,0.0,1.0,0.2,0.0,0.0,1,1.0,2.0,1,0.0,12.68,2.5,79.25,0.01,10.0,0.4,4.4,31.7,0,0,0,5.0,5.0,1.0,0.0,0.0,3.0,0.17,6.0,4.0,6.0,4.0,5,0.0,2,False
1.0,0,0.0,1.0,0.5,0.0,0.0,1,1.0,1.0,1,0.0,12.18,3.0,109.62,0.01,11.0,0.33,6.09,36.54,2,0,0,2.0,2.0,1.0,0.0,0.0,2.0,0.2,5.0,4.0,7.0,4.0,6,0.0,0,False
1.0,0,0.0,1.0,0.2,0.0,0.0,1,1.0,1.0,1,0.0,15.0,2.0,60.0,0.01,10.0,0.5,3.33,30.0,1,0,0,5.0,5.0,1.0,0.0,0.0,2.0,0.14,7.0,4.0,6.0,4.0,4,0.0,0,False
1.0,0,0.0,1.0,1.0,0.0,0.0,1,1.0,1.0,1,0.0,0.0,0.0,0.0,0.0,2.0,0.0,0.0,2.0,0,0,0,0.0,0.0,1.0,0.0,0.0,2.0,1.0,1.0,0.0,2.0,0.0,2,0.0,0,False
5.0,3,8.0,3.0,0.13,4.0,2.0,2,0.67,13.0,1,0.0,48.79,19.21,18005.58,0.31,160.0,0.05,1000.31,937.28,7,4,6,19.0,23.0,0.33,2.0,4.0,12.0,0.08,37.0,73.0,87.0,38.0,20,34.48,1,False
1.0,0,0.0,1.0,1.0,0.0,0.0,1,1.0,1.0,1,0.0,0.0,0.0,0.0,0.0,2.0,0.0,0.0,2.0,0,0,0,0.0,0.0,1.0,0.0,0.0,2.0,1.0,1.0,0.0,2.0,0.0,2,0.0,0,False
1.0,1,0.0,1.0,0.33,0.0,0.0,1,1.0,2.0,1,0.0,9.83,2.0,39.3,0.01,7.0,0.5,2.18,19.65,0,0,0,3.0,3.0,1.0,0.0,0.0,3.0,0.25,4.0,3.0,4.0,3.0,4,0.0,0,False
5.0,1,8.0,3.0,0.06,4.0,2.0,1,0.33,10.0,1,0.0,102.96,17.5,31530.62,0.6,285.0,0.06,1751.7,1801.75,15,2,2,49.0,51.0,0.33,2.0,4.0,9.0,0.04,69.0,140.0,145.0,64.0,16,7.55,0,True
1.0,1,0.0,1.0,0.33,0.0,0.0,1,1.0,2.0,1,0.0,5.33,1.5,12.0,0.0,4.0,0.67,0.67,8.0,3,0,1,3.0,3.0,1.0,0.0,0.0,3.0,0.13,8.0,1.0,3.0,1.0,3,25.0,0,False
1.0,2,0.0,1.0,0.08,0.0,0.0,1,1.0,3.0,1,0.0,49.6,8.48,3566.35,0.14,82.0,0.12,198.13,420.6,1,0,0,12.0,12.0,1.0,0.0,0.0,4.0,0.07,14.0,37.0,45.0,24.0,11,0.0,0,False
1.0,1,0.0,1.0,0.11,0.0,0.0,1,1.0,2.0,1,0.0,12.67,16.71,3539.66,0.07,49.0,0.06,196.65,211.77,1,0,0,9.0,9.0,1.0,0.0,0.0,3.0,0.09,11.0,18.0,31.0,7.0,13,0.0,1,False
25.0,14,46.0,13.0,0.13,22.0,2.09,9,0.69,71.0,4,0.25,107.69,33.74,122594.69,1.21,515.0,0.03,6810.82,3633.47,21,3,23,95.0,98.0,0.31,12.0,23.0,60.0,0.09,143.0,242.0,273.0,104.0,29,21.49,2,False
4.0,4,0.0,3.0,0.15,0.0,0.0,3,1.0,10.0,1,0.0,27.06,11.72,3715.65,0.11,64.0,0.09,206.42,317.07,10,1,2,19.0,20.0,0.33,0.0,0.0,9.0,0.09,33.0,25.0,39.0,16.0,15,13.64,0,False
1.0,0,0.0,1.0,1.0,0.0,0.0,1,1.0,1.0,1,0.0,0.0,0.0,0.0,0.0,2.0,0.0,0.0,2.0,0,0,0,0.0,0.0,1.0,0.0,0.0,2.0,1.0,1.0,0.0,2.0,0.0,2,0.0,0,False
1.0,1,0.0,1.0,0.25,0.0,0.0,1,1.0,2.0,1,0.0,8.98,2.5,56.15,0.01,8.0,0.4,3.12,22.46,0,0,0,4.0,4.0,1.0,0.0,0.0,3.0,0.2,5.0,2.0,6.0,2.0,5,0.0,0,False
1.0,2,0.0,1.0,0.17,0.0,0.0,1,1.0,5.0,1,0.0,34.95,5.83,1189.42,0.07,48.0,0.17,66.08,203.9,2,2,2,4.0,6.0,1.0,0.0,0.0,6.0,0.09,11.0,20.0,28.0,12.0,7,50.0,4,False
11.0,4,20.0,6.0,0.24,10.0,2.0,6,1.0,22.0,1,0.0,58.69,11.32,7525.74,0.22,119.0,0.09,418.1,664.61,14,6,12,19.0,25.0,0.17,5.0,10.0,18.0,0.12,52.0,55.0,64.0,34.0,14,48.65,1,False
5.0,0,8.0,3.0,0.3,4.0,2.0,1,0.33,9.0,1,0.0,20.0,6.0,720.0,0.04,30.0,0.17,40.0,120.0,1,0,0,10.0,10.0,0.33,2.0,4.0,8.0,0.25,12.0,12.0,18.0,8.0,8,0.0,0,False
3.0,1,4.0,2.0,0.2,2.0,2.0,2,1.0,7.0,1,0.0,38.09,6.5,1609.32,0.08,54.0,0.15,89.41,247.59,1,0,0,10.0,10.0,0.5,1.0,2.0,7.0,0.17,12.0,26.0,28.0,16.0,8,0.0,1,False
9.0,4,16.0,5.0,0.14,8.0,2.0,4,0.8,25.0,1,0.0,90.58,12.32,13749.12,0.37,186.0,0.08,763.84,1116.0,23,6,16,31.0,37.0,0.2,4.0,8.0,22.0,0.06,77.0,88.0,98.0,50.0,14,41.51,1,True
7.0,2,12.0,4.0,0.33,6.0,2.0,1,0.25,15.0,1,0.0,14.41,15.0,3241.45,0.07,50.0,0.07,180.08,216.1,2,0,0,12.0,12.0,0.25,3.0,6.0,13.0,0.27,15.0,20.0,30.0,8.0,12,0.0,2,False
26.0,4,32.0,14.0,0.33,10.0,3.2,5,0.36,43.0,9,0.62,39.75,37.71,56535.7,0.5,257.0,0.03,3140.87,1499.05,3,4,1,38.0,42.0,0.64,11.0,16.0,31.0,0.3,47.0,120.0,137.0,35.0,22,11.63,1,True
1.0,0,0.0,1.0,1.0,0.0,0.0,1,1.0,1.0,1,0.0,5.8,2.0,23.22,0.0,5.0,0.5,1.29,11.61,0,0,0,0.0,0.0,1.0,0.0,0.0,2.0,1.0,1.0,1.0,4.0,1.0,4,0.0,0,False
11.0,2,18.0,6.0,0.32,8.0,2.25,2,0.33,21.0,3,0.4,17.53,23.33,9541.89,0.14,87.0,0.04,530.11,408.94,4,0,0,19.0,19.0,0.5,5.0,9.0,17.0,0.25,24.0,40.0,47.0,12.0,14,0.0,0,False
15.0,1,28.0,8.0,0.22,14.0,2.0,5,0.63,31.0,1,0.0,48.97,21.05,21705.36,0.34,176.0,0.05,1205.85,1031.0,20,0,14,37.0,37.0,0.13,7.0,14.0,25.0,0.11,72.0,80.0,96.0,38.0,20,27.45,0,True
25.0,4,38.0,14.0,0.31,18.0,2.11,8,0.57,55.0,6,0.38,57.83,26.49,40578.75,0.51,243.0,0.04,2254.37,1531.82,1,0,0,45.0,45.0,0.43,10.0,19.0,43.0,0.3,47.0,108.0,135.0,53.0,26,0.0,2,False
16.0,4,0.0,15.0,0.16,0.0,0.0,15,1.0,55.0,1,0.0,48.01,47.92,110234.42,0.77,382.0,0.02,6124.13,2300.54,21,1,0,90.0,91.0,0.07,0.0,0.0,42.0,0.13,113.0,175.0,207.0,42.0,23,1.1,1,True
25.0,10,44.0,13.0,0.38,22.0,2.0,9,0.69,51.0,6,0.42,68.44,31.61,68400.43,0.72,353.0,0.03,3800.02,2163.64,7,0,0,34.0,34.0,0.46,11.0,22.0,40.0,0.31,42.0,107.0,246.0,44.0,26,0.0,1,False
3.0,1,4.0,2.0,0.33,2.0,2.0,1,0.5,6.0,1,0.0,22.54,6.14,848.67,0.05,32.0,0.16,47.15,138.3,10,0,15,6.0,6.0,0.5,1.0,2.0,6.0,0.06,32.0,15.0,17.0,11.0,9,71.43,1,False
7.0,4,16.0,4.0,0.21,8.0,2.0,4,1.0,17.0,1,0.0,20.9,18.5,7152.97,0.13,76.0,0.05,397.39,386.65,7,2,2,17.0,19.0,0.25,4.0,8.0,15.0,0.11,38.0,37.0,39.0,17.0,17,19.05,1,False
3.0,1,4.0,2.0,0.13,2.0,2.0,2,1.0,6.0,1,0.0,29.69,7.44,1642.27,0.07,45.0,0.13,91.24,220.81,3,1,1,14.0,15.0,0.5,1.0,2.0,6.0,0.1,20.0,17.0,28.0,16.0,14,12.5,6,False
1.0,1,0.0,1.0,0.25,0.0,0.0,1,1.0,3.0,1,0.0,11.63,2.0,46.53,0.01,9.0,0.5,2.58,23.26,0,0,0,4.0,4.0,1.0,0.0,0.0,4.0,0.2,5.0,4.0,5.0,3.0,3,0.0,0,False
15.0,3,24.0,8.0,0.21,10.0,2.4,6,0.75,34.0,5,0.57,59.63,25.26,38050.55,0.5,252.0,0.04,2113.92,1506.27,13,1,5,38.0,39.0,0.63,7.0,12.0,28.0,0.14,58.0,117.0,135.0,44.0,19,13.64,0,False
19.0,4,34.0,10.0,0.16,16.0,2.13,8,0.8,42.0,1,0.0,68.68,23.83,39014.14,0.55,262.0,0.04,2167.45,1636.96,35,9,70,53.0,62.0,0.1,9.0,17.0,34.0,0.06,168.0,117.0,145.0,54.0,22,59.85,0,True
1.0,1,0.0,1.0,0.25,0.0,0.0,1,1.0,2.0,1,0.0,12.95,4.0,207.22,0.02,14.0,0.25,11.51,51.81,0,0,0,4.0,4.0,1.0,0.0,0.0,3.0,0.2,5.0,5.0,9.0,5.0,8,0.0,2,False
7.0,1,8.0,4.0,0.4,2.0,4.0,1,0.25,11.0,1,0.0,22.22,11.0,2688.65,0.08,52.0,0.09,149.37,244.42,4,0,0,10.0,10.0,0.25,3.0,4.0,9.0,0.27,15.0,22.0,30.0,13.0,13,0.0,2,True
1.0,0,0.0,1.0,0.5,0.0,0.0,1,1.0,1.0,1,0.0,9.83,2.0,39.3,0.01,7.0,0.5,2.18,19.65,2,0,0,2.0,2.0,1.0,0.0,0.0,2.0,0.2,5.0,3.0,4.0,3.0,4,0.0,1,False
1.0,1,0.0,1.0,0.17,0.0,0.0,1,1.0,2.0,1,0.0,8.51,8.0,544.91,0.02,19.0,0.13,30.27,68.11,0,0,0,6.0,6.0,1.0,0.0,0.0,3.0,0.14,7.0,8.0,11.0,4.0,8,0.0,1,False
3.0,0,4.0,2.0,0.2,2.0,2.0,1,0.5,6.0,1,0.0,26.09,6.67,1159.45,0.06,39.0,0.15,64.41,173.92,6,0,4,10.0,10.0,0.5,1.0,2.0,6.0,0.1,21.0,16.0,23.0,12.0,10,28.57,1,False
5.0,1,8.0,3.0,0.07,4.0,2.0,1,0.33,11.0,1,0.0,99.6,16.93,28538.58,0.56,276.0,0.06,1585.48,1685.95,7,0,8,46.0,46.0,0.33,2.0,4.0,10.0,0.05,62.0,133.0,143.0,55.0,14,14.81,4,False
7.0,0,12.0,4.0,0.44,6.0,2.0,1,0.25,13.0,4,1.0,7.44,13.5,1355.12,0.03,28.0,0.07,75.28,100.38,2,0,0,9.0,9.0,1.0,3.0,6.0,11.0,0.33,12.0,9.0,19.0,3.0,9,0.0,2,False
7.0,3,12.0,4.0,0.14,6.0,2.0,2,0.5,19.0,1,0.0,32.27,25.33,20709.67,0.27,148.0,0.04,1150.54,817.49,20,3,8,25.0,28.0,0.25,3.0,6.0,17.0,0.07,57.0,72.0,76.0,27.0,19,30.56,1,False
1.0,0,0.0,1.0,0.11,0.0,0.0,1,1.0,1.0,1,0.0,8.77,10.13,899.21,0.03,24.0,0.1,49.96,88.81,1,0,0,9.0,9.0,1.0,0.0,0.0,2.0,0.09,11.0,9.0,15.0,4.0,9,0.0,2,False
3.0,1,4.0,2.0,0.33,2.0,2.0,1,0.5,7.0,1,0.0,11.53,11.25,1458.65,0.04,30.0,0.09,81.04,129.66,4,0,0,6.0,6.0,0.5,1.0,2.0,7.0,0.18,11.0,15.0,15.0,8.0,12,0.0,1,False
5.0,1,8.0,3.0,0.25,4.0,2.0,1,0.33,9.0,3,1.0,18.86,7.33,1014.21,0.05,32.0,0.14,56.35,138.3,4,0,4,12.0,12.0,1.0,2.0,4.0,8.0,0.14,21.0,12.0,20.0,9.0,11,25.0,0,False
5.0,0,8.0,3.0,0.43,4.0,2.0,1,0.33,10.0,1,0.0,14.73,8.94,1176.94,0.04,31.0,0.11,65.39,131.69,1,0,0,7.0,7.0,0.33,2.0,4.0,9.0,0.33,9.0,13.0,18.0,8.0,11,0.0,2,False
1.0,0,0.0,1.0,1.0,0.0,0.0,1,1.0,1.0,1,0.0,0.0,0.0,0.0,0.0,1.0,0.0,0.0,0.0,0,0,0,0.0,0.0,1.0,0.0,0.0,2.0,1.0,1.0,0.0,1.0,0.0,1,0.0,0,False
3.0,1,4.0,2.0,0.5,2.0,2.0,2,1.0,5.0,1,0.0,12.18,3.0,109.62,0.01,11.0,0.33,6.09,36.54,6,1,3,3.0,4.0,0.5,1.0,2.0,5.0,0.14,14.0,4.0,7.0,4.0,6,57.14,1,False
19.0,0,34.0,10.0,0.21,16.0,2.13,1,0.1,40.0,8,0.78,31.42,46.06,66661.35,0.48,246.0,0.02,3703.41,1447.13,1,17,0,31.0,48.0,0.8,9.0,17.0,32.0,0.2,50.0,102.0,144.0,31.0,28,35.42,3,False
13.0,8,12.0,8.0,0.21,6.0,2.0,8,1.0,33.0,5,0.57,38.0,20.84,16509.21,0.26,137.0,0.05,917.18,792.05,2,2,0,37.0,39.0,0.63,3.0,6.0,27.0,0.19,42.0,58.0,79.0,32.0,23,5.13,1,False
1.0,1,0.0,1.0,0.05,0.0,0.0,1,1.0,9.0,1,0.0,101.21,5.08,2608.69,0.17,101.0,0.2,144.93,513.83,5,0,0,20.0,20.0,1.0,0.0,0.0,10.0,0.04,26.0,33.0,68.0,26.0,8,0.0,2,False
3.0,3,4.0,2.0,0.33,2.0,2.0,2,1.0,7.0,1,0.0,23.63,6.0,850.66,0.05,34.0,0.17,47.26,141.78,4,0,0,6.0,6.0,0.5,1.0,2.0,7.0,0.18,11.0,15.0,19.0,10.0,8,0.0,2,False
9.0,2,14.0,5.0,0.29,6.0,2.33,4,0.8,15.0,5,1.0,25.03,8.36,1748.44,0.07,44.0,0.12,97.14,209.22,1,0,3,17.0,17.0,1.0,4.0,7.0,12.0,0.23,22.0,18.0,26.0,14.0,13,15.0,3,False
5.0,3,8.0,3.0,0.19,4.0,2.0,3,1.0,12.0,3,1.0,27.81,6.68,1240.57,0.06,40.0,0.15,68.92,185.75,2,0,1,16.0,16.0,1.0,2.0,4.0,11.0,0.15,20.0,17.0,23.0,14.0,11,5.88,1,False
12.0,1,14.0,7.0,0.41,6.0,2.33,2,0.29,19.0,5,0.67,30.54,11.43,3988.95,0.12,67.0,0.09,221.61,349.03,0,3,0,14.0,17.0,0.71,4.0,7.0,14.0,0.39,18.0,30.0,37.0,21.0,16,17.65,2,False
25.0,7,36.0,14.0,0.19,16.0,2.25,7,0.5,49.0,5,0.31,62.32,19.01,22519.97,0.39,192.0,0.05,1251.11,1184.63,16,9,14,65.0,74.0,0.36,10.0,18.0,37.0,0.13,105.0,81.0,111.0,49.0,23,26.14,0,False
1.0,1,0.0,1.0,0.13,0.0,0.0,1,1.0,2.0,1,0.0,19.93,8.0,1275.29,0.05,39.0,0.13,70.85,159.41,2,0,0,8.0,8.0,1.0,0.0,0.0,3.0,0.09,11.0,18.0,21.0,9.0,8,0.0,0,False
1.0,2,0.0,1.0,0.1,0.0,0.0,1,1.0,6.0,1,0.0,34.26,3.82,499.41,0.04,32.0,0.26,27.75,130.8,3,0,0,10.0,10.0,1.0,0.0,0.0,7.0,0.07,14.0,14.0,18.0,11.0,6,0.0,2,False
9.0,12,20.0,5.0,0.1,10.0,2.0,5,1.0,32.0,1,0.0,59.96,20.2,24477.25,0.4,197.0,0.05,1359.85,1211.5,11,0,4,48.0,48.0,0.2,5.0,10.0,29.0,0.08,64.0,90.0,107.0,49.0,22,7.69,0,False
51.0,9,96.0,26.0,0.32,46.0,2.09,16,0.62,108.0,22,0.84,80.57,35.41,101041.69,0.95,444.0,0.03,5613.43,2853.26,3,0,0,82.0,82.0,0.85,25.0,48.0,84.0,0.3,86.0,194.0,250.0,63.0,23,0.0,2,False
1.0,1,0.0,1.0,0.13,0.0,0.0,1,1.0,2.0,1,0.0,17.77,4.5,359.8,0.03,21.0,0.22,19.99,79.95,2,0,0,8.0,8.0,1.0,0.0,0.0,3.0,0.09,11.0,9.0,12.0,7.0,7,0.0,0,False
13.0,3,20.0,7.0,0.54,8.0,2.5,7,1.0,29.0,4,0.5,14.04,29.36,12103.07,0.14,84.0,0.03,672.39,412.18,2,0,0,13.0,13.0,0.57,6.0,10.0,24.0,0.44,16.0,34.0,50.0,11.0,19,0.0,2,False
1.0,1,0.0,1.0,0.17,0.0,0.0,1,1.0,2.0,1,0.0,14.8,3.5,181.32,0.02,14.0,0.29,10.07,51.81,1,0,0,6.0,6.0,1.0,0.0,0.0,3.0,0.13,8.0,6.0,8.0,6.0,7,0.0,0,False
3.0,1,4.0,2.0,0.29,2.0,2.0,2,1.0,6.0,1,0.0,27.19,11.08,3336.31,0.1,62.0,0.09,185.35,301.19,1,1,0,6.0,7.0,0.5,1.0,2.0,6.0,0.22,9.0,18.0,44.0,13.0,16,14.29,0,False
3.0,2,4.0,2.0,0.29,2.0,2.0,2,1.0,8.0,1,0.0,15.23,5.0,380.74,0.03,20.0,0.2,21.15,76.15,1,0,2,7.0,7.0,0.5,1.0,2.0,8.0,0.18,11.0,10.0,10.0,7.0,7,22.22,0,False
11.0,1,16.0,6.0,0.3,6.0,2.67,2,0.33,19.0,5,0.8,25.18,18.0,8158.0,0.15,87.0,0.06,453.22,453.22,16,2,6,18.0,20.0,0.83,5.0,8.0,15.0,0.14,43.0,38.0,49.0,19.0,18,30.77,5,False
5.0,2,8.0,3.0,0.13,4.0,2.0,3,1.0,12.0,1,0.0,59.75,7.4,3272.06,0.15,82.0,0.14,181.78,442.17,22,5,15,18.0,23.0,0.33,2.0,4.0,11.0,0.05,61.0,37.0,45.0,30.0,12,52.63,0,False
7.0,4,12.0,4.0,0.27,6.0,2.0,4,1.0,14.0,1,0.0,29.18,7.86,1801.24,0.08,50.0,0.13,100.07,229.25,13,1,13,14.0,15.0,0.25,3.0,6.0,12.0,0.1,42.0,22.0,28.0,14.0,10,50.0,2,True
26.0,13,20.0,17.0,0.15,8.0,2.5,13,0.76,65.0,5,0.25,118.43,23.9,67644.11,0.94,405.0,0.04,3758.01,2830.42,28,4,0,112.0,116.0,0.29,6.0,10.0,50.0,0.12,145.0,169.0,236.0,99.0,28,3.45,0,False
3.0,1,4.0,2.0,0.5,2.0,2.0,2,1.0,7.0,1,0.0,8.57,5.25,236.11,0.01,13.0,0.19,13.12,44.97,0,0,0,4.0,4.0,0.5,1.0,2.0,7.0,0.4,5.0,6.0,7.0,4.0,7,0.0,0,False
7.0,2,10.0,4.0,0.4,4.0,2.5,2,0.5,13.0,1,0.0,16.12,14.3,3299.03,0.08,51.0,0.07,183.28,230.7,2,0,0,10.0,10.0,0.25,3.0,5.0,11.0,0.31,13.0,22.0,29.0,10.0,13,0.0,1,False
5.0,0,8.0,3.0,0.25,4.0,2.0,1,0.33,9.0,3,1.0,10.7,13.75,2023.29,0.05,36.0,0.07,112.41,147.15,1,0,0,12.0,12.0,1.0,2.0,4.0,8.0,0.21,14.0,15.0,21.0,6.0,11,0.0,1,False
3.0,1,4.0,2.0,0.29,2.0,2.0,2,1.0,6.0,1,0.0,18.2,6.87,860.05,0.04,30.0,0.15,47.78,125.1,6,1,16,6.0,7.0,0.5,1.0,2.0,6.0,0.07,30.0,11.0,19.0,8.0,10,73.91,1,False
3.0,0,4.0,2.0,0.22,2.0,2.0,1,0.5,6.0,1,0.0,14.1,9.64,1311.43,0.05,34.0,0.1,72.86,136.0,1,1,0,8.0,9.0,0.5,1.0,2.0,6.0,0.18,11.0,15.0,19.0,7.0,9,11.11,2,False
1.0,1,0.0,1.0,0.33,0.0,0.0,1,1.0,2.0,1,0.0,10.57,3.0,95.1,0.01,10.0,0.33,5.28,31.7,4,1,9,2.0,3.0,1.0,0.0,0.0,3.0,0.2,5.0,3.0,7.0,3.0,6,83.33,0,False
1.0,0,0.0,1.0,0.17,0.0,0.0,1,1.0,1.0,1,0.0,20.76,4.0,332.19,0.03,25.0,0.25,18.46,83.05,1,0,0,6.0,6.0,1.0,0.0,0.0,2.0,0.13,8.0,12.0,13.0,6.0,4,0.0,0,False
1.0,3,0.0,1.0,0.17,0.0,0.0,1,1.0,4.0,1,0.0,22.59,2.86,184.37,0.02,18.0,0.35,10.24,64.53,0,0,0,6.0,6.0,1.0,0.0,0.0,5.0,0.14,7.0,8.0,10.0,7.0,5,0.0,2,False
1.0,0,0.0,1.0,0.1,0.0,0.0,1,1.0,1.0,1,0.0,17.35,46.29,37167.22,0.27,217.0,0.02,2064.85,803.0,2,0,0,10.0,10.0,1.0,0.0,0.0,2.0,0.08,13.0,108.0,109.0,7.0,6,0.0,3,False
39.0,2,62.0,20.0,0.32,24.0,2.58,4,0.2,67.0,13,0.63,69.45,23.14,37185.01,0.54,258.0,0.04,2065.83,1607.04,31,3,26,60.0,63.0,0.65,19.0,35.0,49.0,0.17,121.0,119.0,139.0,54.0,21,32.58,0,False
1.0,5,0.0,1.0,0.08,0.0,0.0,1,1.0,6.0,1,0.0,38.28,13.2,6670.33,0.17,102.0,0.08,370.57,505.33,6,0,3,13.0,13.0,1.0,0.0,0.0,7.0,0.04,23.0,48.0,54.0,20.0,11,18.75,2,False
1.0,2,0.0,1.0,0.2,0.0,0.0,1,1.0,3.0,1,0.0,10.99,3.75,154.53,0.01,13.0,0.27,8.59,41.21,0,0,1,5.0,5.0,1.0,0.0,0.0,4.0,0.14,7.0,6.0,7.0,4.0,5,16.67,0,False
11.0,4,18.0,6.0,0.21,8.0,2.25,5,0.83,23.0,4,0.6,43.34,14.66,9309.11,0.21,115.0,0.07,517.16,635.21,18,6,7,23.0,29.0,0.67,5.0,9.0,19.0,0.11,55.0,50.0,65.0,29.0,17,36.11,1,True
21.0,5,38.0,11.0,0.13,18.0,2.11,8,0.73,52.0,4,0.3,132.29,22.53,67179.31,0.99,444.0,0.04,3732.18,2981.13,53,12,22,73.0,85.0,0.36,10.0,19.0,43.0,0.07,161.0,204.0,240.0,86.0,19,31.78,0,True
1.0,2,0.0,1.0,0.1,0.0,0.0,1,1.0,4.0,1,0.0,28.4,5.73,931.41,0.05,39.0,0.17,51.74,162.63,7,0,9,10.0,10.0,1.0,0.0,0.0,5.0,0.04,27.0,18.0,21.0,11.0,7,47.37,0,False
5.0,3,8.0,3.0,0.15,4.0,2.0,2,0.67,12.0,1,0.0,37.06,22.6,18935.91,0.28,150.0,0.04,1052.0,837.74,15,3,10,17.0,20.0,0.33,2.0,4.0,11.0,0.07,46.0,69.0,81.0,29.0,19,43.33,3,False
15.0,5,24.0,8.0,0.04,10.0,2.4,1,0.13,57.0,1,0.0,175.59,53.22,497406.05,3.12,1309.0,0.02,27633.67,9345.67,15,0,50,190.0,190.0,0.13,7.0,12.0,51.0,0.03,256.0,644.0,665.0,121.0,20,20.83,4,False
9.0,5,8.0,5.0,0.14,4.0,2.0,5,1.0,22.0,1,0.0,36.37,18.27,12140.16,0.22,121.0,0.05,674.45,664.51,22,8,18,28.0,36.0,0.2,2.0,4.0,19.0,0.06,77.0,50.0,71.0,26.0,19,48.15,3,False
9.0,8,16.0,5.0,0.1,8.0,2.0,5,1.0,40.0,1,0.0,72.48,20.68,31004.8,0.5,257.0,0.05,1722.49,1499.05,18,2,24,49.0,51.0,0.2,4.0,8.0,37.0,0.06,80.0,106.0,151.0,41.0,16,34.67,2,True
1.0,0,0.0,1.0,1.0,0.0,0.0,1,1.0,1.0,1,0.0,0.0,0.0,0.0,0.0,2.0,0.0,0.0,2.0,0,0,0,0.0,0.0,1.0,0.0,0.0,2.0,1.0,1.0,0.0,2.0,0.0,2,0.0,0,False
51.0,2,100.0,26.0,0.54,50.0,2.0,3,0.12,148.0,1,0.0,189.65,36.5,252667.13,2.31,1031.0,0.03,14037.06,6922.39,10,6,1,42.0,48.0,0.04,25.0,50.0,124.0,0.43,60.0,438.0,593.0,90.0,15,14.29,1,True
1.0,0,0.0,1.0,0.05,0.0,0.0,1,1.0,1.0,1,0.0,33.4,40.0,53444.94,0.45,281.0,0.03,2969.16,1336.12,5,0,6,21.0,21.0,1.0,0.0,0.0,2.0,0.03,33.0,136.0,145.0,17.0,10,22.22,2,False
7.0,4,12.0,4.0,0.31,6.0,2.0,3,0.75,16.0,1,0.0,40.37,13.0,6822.31,0.17,100.0,0.08,379.02,524.79,4,1,4,12.0,13.0,0.25,3.0,6.0,14.0,0.18,22.0,50.0,50.0,25.0,13,29.41,1,False
1.0,3,0.0,1.0,0.17,0.0,0.0,1,1.0,4.0,1,0.0,27.66,5.0,691.51,0.05,32.0,0.2,38.42,138.3,0,0,0,6.0,6.0,1.0,0.0,0.0,5.0,0.14,7.0,15.0,17.0,12.0,8,0.0,1,False
1.0,0,0.0,1.0,0.09,0.0,0.0,1,1.0,1.0,1,0.0,92.81,5.95,3285.6,0.18,106.0,0.17,182.53,552.2,7,0,0,11.0,11.0,1.0,0.0,0.0,2.0,0.05,19.0,51.0,55.0,30.0,7,0.0,1,True
1.0,0,0.0,1.0,0.14,0.0,0.0,1,1.0,1.0,1,0.0,21.4,6.75,974.9,0.05,34.0,0.15,54.16,144.43,5,0,1,7.0,7.0,1.0,0.0,0.0,2.0,0.07,14.0,15.0,19.0,10.0,9,12.5,2,False
3.0,2,4.0,2.0,0.11,2.0,2.0,1,0.5,7.0,1,0.0,58.95,6.3,2339.72,0.12,73.0,0.16,129.97,371.38,10,1,1,17.0,18.0,0.5,1.0,2.0,7.0,0.07,30.0,35.0,38.0,25.0,9,10.53,0,True
3.0,0,4.0,2.0,0.29,2.0,2.0,1,0.5,6.0,1,0.0,8.26,12.1,1210.0,0.03,25.0,0.08,67.22,100.0,1,0,0,7.0,7.0,0.5,1.0,2.0,6.0,0.22,9.0,11.0,14.0,5.0,11,0.0,3,False
19.0,2,28.0,10.0,0.83,10.0,2.8,9,0.9,33.0,1,0.0,17.25,32.88,18654.39,0.19,118.0,0.03,1036.34,567.27,4,0,0,12.0,12.0,0.1,9.0,14.0,25.0,0.59,17.0,57.0,61.0,13.0,15,0.0,0,False
1.0,3,0.0,1.0,0.14,0.0,0.0,1,1.0,4.0,1,0.0,22.99,4.44,454.16,0.03,25.0,0.23,25.23,102.19,6,0,3,7.0,7.0,1.0,0.0,0.0,5.0,0.06,17.0,10.0,15.0,9.0,8,30.0,3,False
3.0,2,4.0,2.0,0.13,2.0,2.0,2,1.0,7.0,1,0.0,16.95,16.5,4614.93,0.09,57.0,0.06,256.39,279.69,1,0,0,15.0,15.0,0.5,1.0,2.0,7.0,0.12,17.0,22.0,35.0,12.0,18,0.0,1,False
1.0,6,0.0,1.0,0.09,0.0,0.0,1,1.0,7.0,1,0.0,38.75,8.1,2545.38,0.1,64.0,0.12,141.41,314.04,4,0,1,11.0,11.0,1.0,0.0,0.0,8.0,0.06,17.0,28.0,36.0,19.0,11,8.33,0,False
11.0,1,16.0,6.0,0.27,6.0,2.67,3,0.5,18.0,6,1.0,36.66,13.45,6637.2,0.16,94.0,0.07,368.73,493.31,17,4,7,18.0,22.0,1.0,5.0,8.0,14.0,0.13,47.0,37.0,57.0,22.0,16,37.93,1,True
7.0,1,10.0,4.0,0.24,4.0,2.5,2,0.5,15.0,1,0.0,21.98,12.6,3489.0,0.09,57.0,0.08,193.83,276.9,5,1,3,16.0,17.0,0.25,3.0,5.0,13.0,0.15,26.0,27.0,30.0,15.0,14,20.0,1,False
3.0,7,4.0,2.0,0.09,2.0,2.0,2,1.0,13.0,1,0.0,55.64,8.27,3804.87,0.15,89.0,0.12,211.38,460.12,6,2,5,21.0,23.0,0.5,1.0,2.0,13.0,0.06,35.0,43.0,46.0,26.0,10,25.0,4,False
27.0,0,46.0,14.0,0.64,20.0,2.3,1,0.07,46.0,9,0.62,15.66,31.95,15993.34,0.17,102.0,0.03,888.52,500.5,4,1,4,21.0,22.0,0.64,13.0,23.0,34.0,0.45,31.0,37.0,65.0,11.0,19,19.23,2,False
5.0,0,8.0,3.0,0.18,4.0,2.0,1,0.33,12.0,1,0.0,21.5,7.15,1099.18,0.05,35.0,0.14,61.07,153.73,1,0,0,17.0,17.0,0.33,2.0,4.0,11.0,0.16,19.0,13.0,22.0,10.0,11,0.0,1,False
21.0,2,34.0,11.0,0.38,14.0,2.43,3,0.27,39.0,5,0.4,26.43,34.72,31867.04,0.31,161.0,0.03,1770.39,917.77,4,0,1,29.0,29.0,0.45,10.0,17.0,30.0,0.31,35.0,75.0,86.0,27.0,25,3.33,3,False
3.0,2,4.0,2.0,0.25,2.0,2.0,1,0.5,8.0,1,0.0,23.66,7.92,1482.76,0.06,42.0,0.13,82.38,187.3,0,0,0,8.0,8.0,0.5,1.0,2.0,8.0,0.22,9.0,19.0,23.0,12.0,10,0.0,2,False
16.0,0,12.0,12.0,0.26,6.0,2.0,1,0.08,34.0,6,0.45,29.35,33.5,32937.0,0.33,178.0,0.03,1829.83,983.19,1,5,0,41.0,46.0,0.5,3.0,6.0,24.0,0.25,48.0,67.0,111.0,23.0,23,10.87,4,False
1.0,1,0.0,1.0,0.14,0.0,0.0,1,1.0,2.0,1,0.0,15.07,15.19,3476.39,0.08,56.0,0.07,193.13,228.9,4,0,0,7.0,7.0,1.0,0.0,0.0,3.0,0.08,12.0,27.0,29.0,8.0,9,0.0,1,False
13.0,2,22.0,7.0,0.39,10.0,2.2,3,0.43,22.0,1,0.0,42.41,15.45,10128.75,0.22,124.0,0.06,562.71,655.39,10,2,5,16.0,18.0,0.14,6.0,11.0,17.0,0.21,34.0,40.0,84.0,22.0,17,30.43,3,False
1.0,2,0.0,1.0,0.14,0.0,0.0,1,1.0,5.0,1,0.0,24.59,4.05,405.89,0.03,27.0,0.25,22.55,99.91,7,0,7,7.0,7.0,1.0,0.0,0.0,6.0,0.05,22.0,13.0,14.0,8.0,5,50.0,0,False
33.0,4,62.0,17.0,0.52,30.0,2.07,10,0.59,77.0,10,0.56,90.42,13.0,15281.13,0.39,199.0,0.08,848.95,1175.47,5,0,0,33.0,33.0,0.59,16.0,31.0,62.0,0.44,39.0,94.0,105.0,47.0,13,0.0,2,False
1.0,0,0.0,1.0,0.33,0.0,0.0,1,1.0,1.0,1,0.0,12.06,1.5,27.14,0.01,7.0,0.67,1.51,18.09,0,0,0,3.0,3.0,1.0,0.0,0.0,2.0,0.25,4.0,3.0,4.0,3.0,3,0.0,0,False
1.0,0,0.0,1.0,1.0,0.0,0.0,1,1.0,1.0,1,0.0,0.0,0.0,0.0,0.0,2.0,0.0,0.0,2.0,0,0,0,0.0,0.0,1.0,0.0,0.0,2.0,1.0,1.0,0.0,2.0,0.0,2,0.0,0,False
1.0,2,0.0,1.0,0.25,0.0,0.0,1,1.0,3.0,1,0.0,15.36,3.5,188.21,0.02,15.0,0.29,10.46,53.77,0,0,0,4.0,4.0,1.0,0.0,0.0,4.0,0.2,5.0,7.0,8.0,6.0,6,0.0,2,False
13.0,3,6.0,9.0,0.3,2.0,3.0,4,0.44,22.0,3,0.25,30.24,13.18,5250.92,0.13,79.0,0.08,291.72,398.51,4,1,3,29.0,30.0,0.33,2.0,3.0,15.0,0.14,64.0,28.0,51.0,17.0,16,12.12,3,False
1.0,0,0.0,1.0,0.11,0.0,0.0,1,1.0,1.0,1,0.0,5.29,21.67,2485.46,0.04,31.0,0.05,138.08,114.71,2,0,0,9.0,9.0,1.0,0.0,0.0,2.0,0.08,12.0,13.0,18.0,3.0,10,0.0,2,False
5.0,3,6.0,3.0,0.3,2.0,3.0,2,0.67,10.0,3,1.0,22.75,11.0,2752.77,0.08,51.0,0.09,152.93,250.25,1,0,0,10.0,10.0,1.0,2.0,3.0,9.0,0.25,12.0,22.0,29.0,15.0,15,0.0,1,False
27.0,0,34.0,14.0,0.48,8.0,4.25,1,0.07,35.0,14,1.0,46.65,17.11,13659.38,0.27,149.0,0.06,758.85,798.28,10,4,7,25.0,29.0,1.0,13.0,17.0,23.0,0.25,56.0,66.0,83.0,27.0,14,30.56,0,False
13.0,3,24.0,7.0,0.23,12.0,2.0,4,0.57,25.0,1,0.0,49.25,15.23,11417.37,0.25,135.0,0.07,634.3,749.87,11,9,9,22.0,31.0,0.14,6.0,12.0,20.0,0.13,52.0,59.0,76.0,31.0,16,45.0,1,True
1.0,0,0.0,1.0,0.14,0.0,0.0,1,1.0,1.0,1,0.0,33.21,4.0,531.34,0.04,34.0,0.25,29.52,132.83,3,0,0,7.0,7.0,1.0,0.0,0.0,2.0,0.09,11.0,16.0,18.0,10.0,5,0.0,1,False
1.0,1,0.0,1.0,0.2,0.0,0.0,1,1.0,2.0,1,0.0,13.01,15.71,3211.58,0.07,50.0,0.06,178.42,204.37,4,0,3,5.0,5.0,1.0,0.0,0.0,3.0,0.08,13.0,22.0,28.0,7.0,10,37.5,1,False
1.0,0,0.0,1.0,0.25,0.0,0.0,1,1.0,1.0,1,0.0,5.8,2.0,23.22,0.0,5.0,0.5,1.29,11.61,0,0,0,4.0,4.0,1.0,0.0,0.0,2.0,0.2,5.0,1.0,4.0,1.0,4,0.0,2,False
1.0,0,0.0,1.0,0.08,0.0,0.0,1,1.0,1.0,1,0.0,49.74,5.89,1727.24,0.1,69.0,0.17,95.96,293.11,1,0,3,13.0,13.0,1.0,0.0,0.0,2.0,0.06,18.0,33.0,36.0,14.0,5,18.75,0,False
4.0,0,0.0,3.0,0.27,0.0,0.0,1,0.33,7.0,1,0.0,17.95,4.67,390.89,0.03,22.0,0.21,21.72,83.76,1,0,0,11.0,11.0,0.33,0.0,0.0,6.0,0.23,13.0,7.0,15.0,6.0,8,0.0,1,False
19.0,1,26.0,11.0,0.26,12.0,2.17,2,0.18,34.0,1,0.0,33.74,23.2,18157.82,0.26,136.0,0.04,1008.77,782.66,26,4,16,38.0,42.0,0.09,7.0,13.0,25.0,0.13,85.0,58.0,78.0,30.0,24,34.48,0,False
1.0,0,0.0,1.0,1.0,0.0,0.0,1,1.0,1.0,1,0.0,0.0,0.0,0.0,0.0,2.0,0.0,0.0,2.0,0,0,0,0.0,0.0,1.0,0.0,0.0,2.0,1.0,1.0,0.0,2.0,0.0,2,0.0,0,False
5.0,1,8.0,3.0,0.3,4.0,2.0,2,0.67,11.0,3,1.0,14.33,13.6,2651.33,0.06,41.0,0.07,147.3,194.95,1,0,0,10.0,10.0,1.0,2.0,4.0,10.0,0.25,12.0,16.0,25.0,10.0,17,0.0,0,False
20.0,1,28.0,11.0,0.46,12.0,2.33,2,0.18,38.0,11,1.0,20.28,39.0,30842.25,0.26,144.0,0.03,1713.46,790.83,2,0,1,24.0,24.0,1.0,8.0,14.0,29.0,0.39,28.0,57.0,87.0,19.0,26,4.0,3,False
7.0,0,12.0,4.0,0.29,6.0,2.0,1,0.25,13.0,3,0.67,11.58,21.25,5230.14,0.08,53.0,0.05,290.56,246.12,1,0,0,14.0,14.0,0.75,3.0,6.0,11.0,0.25,16.0,20.0,33.0,8.0,17,0.0,2,False
1.0,0,0.0,1.0,0.25,0.0,0.0,1,1.0,1.0,1,0.0,22.0,1.5,49.5,0.01,11.0,0.67,2.75,33.0,0,0,0,4.0,4.0,1.0,0.0,0.0,2.0,0.2,5.0,5.0,6.0,5.0,3,0.0,0,False
7.0,4,10.0,4.0,0.15,4.0,2.5,3,0.75,18.0,1,0.0,37.65,18.96,13530.91,0.24,136.0,0.05,751.72,713.72,3,0,0,26.0,26.0,0.25,3.0,5.0,16.0,0.13,30.0,65.0,71.0,24.0,14,0.0,1,False
3.0,0,4.0,2.0,0.25,2.0,2.0,1,0.5,6.0,1,0.0,9.86,6.67,438.19,0.02,19.0,0.15,24.34,65.73,2,1,3,7.0,8.0,0.5,1.0,2.0,6.0,0.14,14.0,5.0,14.0,3.0,8,36.36,1,False
1.0,0,0.0,1.0,0.07,0.0,0.0,1,1.0,1.0,1,0.0,29.93,9.82,2885.48,0.1,68.0,0.1,160.3,293.89,5,0,0,15.0,15.0,1.0,0.0,0.0,2.0,0.05,21.0,24.0,44.0,11.0,9,0.0,3,False
1.0,1,0.0,1.0,0.13,0.0,0.0,1,1.0,5.0,1,0.0,15.41,14.06,3046.44,0.07,53.0,0.07,169.25,216.64,3,0,0,8.0,8.0,1.0,0.0,0.0,6.0,0.08,12.0,25.0,28.0,8.0,9,0.0,2,False
7.0,4,12.0,4.0,0.19,6.0,2.0,2,0.5,24.0,1,0.0,34.66,14.24,7026.27,0.16,97.0,0.07,390.35,493.48,1,0,0,21.0,21.0,0.25,3.0,6.0,22.0,0.17,23.0,46.0,51.0,21.0,13,0.0,3,False
13.0,3,24.0,7.0,0.37,12.0,2.0,4,0.57,32.0,1,0.0,32.59,13.12,5614.09,0.14,91.0,0.08,311.89,427.74,6,0,0,19.0,19.0,0.14,6.0,12.0,27.0,0.27,26.0,42.0,49.0,16.0,10,0.0,0,False
1.0,1,0.0,1.0,0.33,0.0,0.0,1,1.0,2.0,1,0.0,12.68,2.5,79.25,0.01,10.0,0.4,4.4,31.7,3,0,0,3.0,3.0,1.0,0.0,0.0,3.0,0.14,7.0,4.0,6.0,4.0,5,0.0,0,False
5.0,1,8.0,3.0,0.25,4.0,2.0,2,0.67,9.0,1,0.0,17.16,15.82,4293.27,0.09,60.0,0.06,238.52,271.41,7,2,2,10.0,12.0,0.33,2.0,4.0,8.0,0.14,22.0,29.0,31.0,11.0,12,28.57,0,False
7.0,3,12.0,4.0,0.19,6.0,2.0,3,0.75,15.0,1,0.0,56.43,12.83,9294.08,0.24,138.0,0.08,516.34,724.21,13,3,6,18.0,21.0,0.25,3.0,6.0,13.0,0.1,41.0,63.0,75.0,27.0,11,33.33,1,False
1.0,1,0.0,1.0,0.33,0.0,0.0,1,1.0,2.0,1,0.0,7.74,1.5,17.41,0.0,5.0,0.67,0.97,11.61,0,0,0,3.0,3.0,1.0,0.0,0.0,3.0,0.25,4.0,2.0,3.0,2.0,3,0.0,1,False
1.0,4,0.0,1.0,0.09,0.0,0.0,1,1.0,7.0,1,0.0,40.95,4.9,983.3,0.07,45.0,0.2,54.63,200.67,7,1,41,10.0,11.0,1.0,0.0,0.0,8.0,0.02,60.0,21.0,24.0,15.0,7,80.77,0,False
17.0,2,26.0,9.0,0.29,10.0,2.6,2,0.22,30.0,3,0.25,27.36,29.33,23526.15,0.27,154.0,0.03,1307.01,802.26,0,0,0,31.0,31.0,0.33,8.0,13.0,23.0,0.28,32.0,69.0,85.0,20.0,17,0.0,6,False
5.0,3,8.0,3.0,0.17,4.0,2.0,2,0.67,13.0,1,0.0,38.86,14.28,7924.93,0.18,105.0,0.07,440.27,554.97,15,3,21,15.0,18.0,0.33,2.0,4.0,12.0,0.05,55.0,51.0,54.0,25.0,14,61.54,3,False
17.0,6,24.0,10.0,0.23,12.0,2.0,10,1.0,44.0,1,0.0,38.43,28.04,30219.56,0.36,181.0,0.04,1678.86,1077.71,3,0,0,43.0,43.0,0.1,6.0,12.0,36.0,0.21,47.0,83.0,98.0,37.0,25,0.0,4,False
5.0,3,6.0,3.0,0.17,2.0,3.0,3,1.0,15.0,3,1.0,24.56,18.53,8430.88,0.15,91.0,0.05,468.38,455.0,16,2,14,16.0,18.0,1.0,2.0,3.0,14.0,0.06,49.0,42.0,49.0,17.0,15,50.0,4,False
36.0,2,56.0,21.0,0.42,28.0,2.0,6,0.29,77.0,9,0.4,35.67,65.77,154273.13,0.78,384.0,0.02,8570.73,2345.67,1,1,0,49.0,50.0,0.43,14.0,28.0,58.0,0.4,52.0,171.0,213.0,39.0,30,2.0,4,False
1.0,1,0.0,1.0,0.5,0.0,0.0,1,1.0,2.0,1,0.0,14.99,3.0,134.92,0.01,13.0,0.33,7.5,44.97,2,0,0,2.0,2.0,1.0,0.0,0.0,3.0,0.2,5.0,5.0,8.0,5.0,6,0.0,2,False
17.0,9,30.0,9.0,0.24,14.0,2.14,7,0.78,35.0,5,0.5,58.68,10.09,5972.3,0.2,106.0,0.1,331.79,592.01,6,0,8,37.0,37.0,0.56,8.0,15.0,28.0,0.17,52.0,49.0,57.0,34.0,14,17.78,0,False
13.0,4,16.0,7.0,0.47,4.0,4.0,6,0.86,21.0,7,1.0,26.3,11.7,3599.75,0.1,64.0,0.09,199.99,307.67,1,0,1,15.0,15.0,1.0,6.0,8.0,16.0,0.39,18.0,27.0,37.0,15.0,13,6.25,0,False
3.0,3,4.0,2.0,0.4,2.0,2.0,2,1.0,7.0,1,0.0,28.99,5.54,889.14,0.05,36.0,0.18,49.4,160.54,6,0,8,5.0,5.0,0.5,1.0,2.0,7.0,0.1,20.0,16.0,20.0,13.0,9,61.54,1,False
5.0,3,6.0,3.0,0.33,2.0,3.0,3,1.0,10.0,1,0.0,17.03,14.0,3337.85,0.08,52.0,0.07,185.44,238.42,3,0,0,9.0,9.0,0.33,2.0,3.0,9.0,0.23,13.0,20.0,32.0,10.0,14,0.0,0,False
1.0,0,0.0,1.0,1.0,0.0,0.0,1,1.0,1.0,1,0.0,0.0,0.0,0.0,0.0,2.0,0.0,0.0,2.0,0,0,0,0.0,0.0,1.0,0.0,0.0,2.0,1.0,1.0,0.0,2.0,0.0,2,0.0,0,False
7.0,0,10.0,4.0,0.36,4.0,2.5,1,0.25,11.0,4,1.0,17.45,11.69,2385.64,0.07,42.0,0.09,132.54,204.04,0,0,0,11.0,11.0,1.0,3.0,5.0,9.0,0.33,12.0,19.0,23.0,13.0,16,0.0,1,False
9.0,0,16.0,5.0,0.45,8.0,2.0,1,0.2,18.0,5,1.0,8.77,18.7,3066.8,0.05,41.0,0.05,170.38,164.0,1,0,0,11.0,11.0,1.0,4.0,8.0,15.0,0.38,13.0,17.0,24.0,5.0,11,0.0,2,False
