Dataset,Model,Preprocessor,Fold,Fit_Time_sec,Predict_Time_Test_sec,Peak_Memory_MB,Pipeline_Disk_Size_MB,Optimal_Threshold,Train_TP,Train_TN,Train_FP,Train_FN,Train_ROC_AUC,Train_MCC,Test_TP,Test_TN,Test_FP,Test_FN,Test_ROC_AUC,Test_MCC,Error_Log
haberman,GaussianNB,Baseline,1.0,0.0,0.0,0.0647964477539062,0.0017328262329101,0.1978566935203804,45.0,145.0,57.0,28.0,0.6721822867218228,0.3055614525894104,6.0,14.0,9.0,2.0,0.7934782608695653,0.3140721323960884,
haberman,GaussianNB,Baseline,2.0,0.015625,0.0,0.0630016326904296,0.0017328262329101,0.2151401450359884,33.0,174.0,28.0,40.0,0.6901532619015327,0.3331355822248133,3.0,20.0,3.0,5.0,0.6521739130434783,0.2708681694429807,
haberman,GaussianNB,Baseline,3.0,0.0,0.0,0.0630016326904296,0.0017328262329101,0.2669323108505182,28.0,183.0,19.0,45.0,0.6828970568289705,0.3396039144884743,1.0,22.0,1.0,7.0,0.5434782608695652,0.1452005798741936,
haberman,GaussianNB,Baseline,4.0,0.015625,0.0,0.06304931640625,0.0017328262329101,0.1700641308965599,47.0,155.0,47.0,26.0,0.7198901396989015,0.3827782382212964,4.0,15.0,8.0,4.0,0.5108695652173914,0.1367041492012887,
haberman,GaussianNB,Baseline,5.0,0.0,0.0,0.0630016326904296,0.0017328262329101,0.2244074977724313,37.0,162.0,40.0,36.0,0.6554658890546589,0.3037231908115735,6.0,20.0,3.0,2.0,0.940217391304348,0.5972598827888349,
haberman,GaussianNB,Baseline,6.0,0.0,0.0,0.06304931640625,0.0017328262329101,0.1982833268908907,37.0,170.0,33.0,35.0,0.7083675424192666,0.3545685654232241,3.0,16.0,6.0,6.0,0.5050505050505051,0.0606060606060606,
haberman,GaussianNB,Baseline,7.0,0.015625,0.0,0.0630960464477539,0.0017328262329101,0.176216065036035,36.0,170.0,33.0,37.0,0.6708279910925163,0.3367350103464414,4.0,18.0,4.0,4.0,0.6818181818181819,0.3181818181818182,
haberman,GaussianNB,Baseline,8.0,0.015625,0.0,0.0631437301635742,0.0017328262329101,0.1853264037717739,44.0,158.0,45.0,29.0,0.7119913624401107,0.3595775194705112,1.0,18.0,4.0,7.0,0.4034090909090909,-0.0674199862463242,
haberman,GaussianNB,Baseline,9.0,0.0,0.0,0.0631437301635742,0.0017328262329101,0.1811447790607779,37.0,168.0,35.0,36.0,0.6799041770699777,0.3359236006886736,5.0,17.0,5.0,3.0,0.8068181818181819,0.3731012536223182,
haberman,GaussianNB,Baseline,10.0,0.015625,0.0,0.0630960464477539,0.0017328262329101,0.1792616670722718,45.0,159.0,44.0,28.0,0.7082124299885283,0.3771520538026984,2.0,12.0,10.0,6.0,0.4204545454545454,-0.1846372364689991,
haberman,GaussianNB,IQR Capping,1.0,0.03125,0.0,0.08868598937988281,0.002223968505859375,0.1883574384285104,51.0,135.0,67.0,22.0,0.6861521768615217,0.3273780739397116,6.0,14.0,9.0,2.0,0.7880434782608695,0.3140721323960884,
haberman,GaussianNB,IQR Capping,2.0,0.03125,0.015625,0.086456298828125,0.002223968505859375,0.21478013281231395,42.0,161.0,41.0,31.0,0.7121253221212532,0.3581992468664542,4.0,16.0,7.0,4.0,0.6304347826086957,0.17892962380969743,
haberman,GaussianNB,IQR Capping,3.0,0.015625,0.0,0.08636093139648438,0.002223968505859375,0.20331344274616092,45.0,156.0,46.0,28.0,0.6879831818798318,0.36478708936997906,3.0,20.0,3.0,5.0,0.7228260869565217,0.2708681694429807,
haberman,GaussianNB,IQR Capping,4.0,0.03125,0.0,0.08622550964355469,0.002223968505859375,0.1648182919442483,55.0,136.0,66.0,18.0,0.7351485148514852,0.37957583283100305,3.0,14.0,9.0,5.0,0.5054347826086957,-0.014646873128709506,
haberman,GaussianNB,IQR Capping,5.0,0.015625,0.015625,0.08645248413085938,0.002223968505859375,0.20419104244778474,43.0,149.0,53.0,30.0,0.6621117591211176,0.30260590569878665,7.0,19.0,4.0,1.0,0.9456521739130435,0.6411644853180825,
haberman,GaussianNB,IQR Capping,6.0,0.015625,0.0,0.08636856079101562,0.002223968505859375,0.18185150616164142,50.0,148.0,55.0,22.0,0.7295771756978653,0.3832280343782867,6.0,9.0,13.0,3.0,0.5909090909090908,0.07059781184061313,
haberman,GaussianNB,IQR Capping,7.0,0.03125,0.0,0.08656978607177734,0.002223968505859375,0.2780632548367489,35.0,171.0,32.0,38.0,0.6804102840947432,0.3310604713223016,4.0,19.0,3.0,4.0,0.7727272727272727,0.380198765217406,
haberman,GaussianNB,IQR Capping,8.0,0.015625,0.015625,0.08661746978759766,0.002223968505859375,0.23382439703084026,40.0,171.0,32.0,33.0,0.7391861799041771,0.3920464298594205,1.0,19.0,3.0,7.0,0.375,-0.014782809899727065,
haberman,GaussianNB,IQR Capping,9.0,0.03125,0.0,0.08648204803466797,0.002223968505859375,0.25508202706068905,37.0,168.0,35.0,36.0,0.6933328834604224,0.3359236006886736,5.0,18.0,4.0,3.0,0.8693181818181819,0.42766860172384985,
haberman,GaussianNB,IQR Capping,10.0,0.03125,0.0,0.08652305603027344,0.002223968505859375,0.19783237301222073,45.0,159.0,44.0,28.0,0.7134084621094542,0.37715205380269845,4.0,14.0,8.0,4.0,0.5,0.12309149097933272,
haberman,GaussianNB,IQR Removal,1.0,0.03125,0.0,0.0989112854003906,0.0019493103027343,0.1695084261131927,54.0,129.0,73.0,19.0,0.6832022243320223,0.3351093369202587,6.0,17.0,6.0,2.0,0.7826086956521738,0.4394061938612852,
haberman,GaussianNB,IQR Removal,2.0,0.015625,0.0,0.0980548858642578,0.0019493103027343,0.2493371831271923,39.0,167.0,35.0,34.0,0.7173470771734707,0.3594226673176885,4.0,17.0,6.0,4.0,0.6195652173913043,0.2238381550780319,
haberman,GaussianNB,IQR Removal,3.0,0.03125,0.0,0.0975255966186523,0.0019493103027343,0.2215116740745181,42.0,159.0,43.0,31.0,0.6826257968262579,0.3463572887950985,3.0,20.0,3.0,5.0,0.717391304347826,0.2708681694429807,
haberman,GaussianNB,IQR Removal,4.0,0.03125,0.0,0.0975561141967773,0.0019493103027343,0.187417767860303,49.0,149.0,53.0,24.0,0.7245015597450156,0.373753296340344,3.0,16.0,7.0,5.0,0.4891304347826087,0.0661340003639639,
haberman,GaussianNB,IQR Removal,5.0,0.015625,0.0,0.0974807739257812,0.0019493103027343,0.2458064367287156,39.0,158.0,44.0,34.0,0.679913196799132,0.3043812940955883,7.0,19.0,4.0,1.0,0.940217391304348,0.6411644853180825,
haberman,GaussianNB,IQR Removal,6.0,0.03125,0.0,0.0966854095458984,0.0019493103027343,0.2572621038166726,41.0,167.0,36.0,31.0,0.7225301039956213,0.3839177428184286,5.0,15.0,7.0,4.0,0.5808080808080808,0.2212064771005878,
haberman,GaussianNB,IQR Removal,7.0,0.015625,0.0,0.0972929000854492,0.0019493103027343,0.2080676703508961,42.0,156.0,47.0,31.0,0.6939739523584587,0.3244284508061368,6.0,17.0,5.0,2.0,0.7386363636363635,0.4796874435475382,
haberman,GaussianNB,IQR Removal,8.0,0.03125,0.0,0.0980367660522461,0.0019493103027343,0.2598379247688714,41.0,169.0,34.0,32.0,0.7387138133477293,0.3907950884412374,1.0,18.0,4.0,7.0,0.3977272727272727,-0.0674199862463242,
haberman,GaussianNB,IQR Removal,9.0,0.015625,0.0,0.0973367691040039,0.0019493103027343,0.2695879506297965,39.0,167.0,36.0,34.0,0.688204332276132,0.3538632464930157,5.0,17.0,5.0,3.0,0.8522727272727273,0.3731012536223182,
haberman,GaussianNB,IQR Removal,10.0,0.03125,0.0,0.0972013473510742,0.0019493103027343,0.81330174433256,29.0,185.0,18.0,44.0,0.7144881570956204,0.3620971296958621,0.0,17.0,5.0,8.0,0.5738636363636364,-0.2696799449852968,
haberman,GaussianNB,PCA,1.0,0.015625,0.0,0.0684261322021484,0.0025081634521484,0.2167715480566523,47.0,144.0,58.0,26.0,0.700257697002577,0.3242123238976315,7.0,12.0,11.0,1.0,0.8152173913043478,0.3518082502794628,
haberman,GaussianNB,PCA,2.0,0.09375,0.03125,0.0683822631835937,0.0025081634521484,0.2304575953906283,40.0,162.0,40.0,33.0,0.7059541570595416,0.3402125167333809,3.0,18.0,5.0,5.0,0.625,0.1576086956521739,
haberman,GaussianNB,PCA,3.0,0.0,0.0,0.0683822631835937,0.0025081634521484,0.2083753362265954,48.0,143.0,59.0,25.0,0.718364302183643,0.3309973670150963,3.0,19.0,4.0,5.0,0.7228260869565218,0.2104447867768966,
haberman,GaussianNB,PCA,4.0,0.03125,0.0,0.0684261322021484,0.0025081634521484,0.2831049163477355,30.0,177.0,25.0,43.0,0.7205004747050048,0.3170469756285144,3.0,16.0,7.0,5.0,0.5923913043478262,0.0661340003639639,
haberman,GaussianNB,PCA,5.0,0.046875,0.046875,0.0683822631835937,0.0025081634521484,0.2229851209318867,49.0,144.0,58.0,24.0,0.7116845246168453,0.3478881215018566,8.0,16.0,7.0,0.0,0.9673913043478262,0.6091095901015048,
haberman,GaussianNB,PCA,6.0,0.09375,0.0,0.0682907104492187,0.0025081634521484,0.2363532536940196,41.0,167.0,36.0,31.0,0.7244458128078818,0.3839177428184286,2.0,16.0,6.0,7.0,0.4141414141414141,-0.0523912177884942,
haberman,GaussianNB,PCA,7.0,0.0,0.0,0.0685176849365234,0.0025081634521484,0.1954892608420763,49.0,136.0,67.0,24.0,0.6830420406235238,0.3048657456621386,7.0,16.0,6.0,1.0,0.9090909090909092,0.5374689682335793,
haberman,GaussianNB,PCA,8.0,0.078125,0.0,0.0681667327880859,0.0025081634521484,0.221677908348106,47.0,156.0,47.0,26.0,0.7291990012821378,0.3837356432132008,2.0,17.0,5.0,6.0,0.4886363636363636,0.0237624228260878,
haberman,GaussianNB,PCA,9.0,0.0,0.0,0.0683841705322265,0.0025081634521484,0.1988079445519194,51.0,131.0,72.0,22.0,0.6880693704028612,0.3052157308511589,6.0,13.0,9.0,2.0,0.7329545454545454,0.3015113445777636,
haberman,GaussianNB,PCA,10.0,0.09375,0.0,0.068429946899414,0.0025081634521484,0.2654795162160095,33.0,178.0,25.0,40.0,0.7293339631554085,0.3560687272898514,2.0,15.0,7.0,6.0,0.4659090909090909,-0.0657951694959769,
haberman,GaussianNB,Quantile Binning,1.0,0.015625,0.0,0.0658340454101562,0.0023088455200195,0.2843573278221437,44.0,152.0,50.0,29.0,0.6871694018716942,0.3306931241634753,5.0,19.0,4.0,3.0,0.7717391304347826,0.4348471076445026,
haberman,GaussianNB,Quantile Binning,2.0,0.0,0.0,0.0658340454101562,0.0023088455200195,0.2306026210155713,50.0,145.0,57.0,23.0,0.7006306795063069,0.3647788759886169,4.0,15.0,8.0,4.0,0.5733695652173914,0.1367041492012887,
haberman,GaussianNB,Quantile Binning,3.0,0.015625,0.015625,0.0657863616943359,0.0023088455200195,0.2718281258004654,45.0,150.0,52.0,28.0,0.6878814593788145,0.3317805737916185,5.0,20.0,3.0,3.0,0.7065217391304347,0.4945652173913043,
haberman,GaussianNB,Quantile Binning,4.0,0.015625,0.0,0.0658340454101562,0.0023088455200195,0.294842176414279,45.0,158.0,44.0,28.0,0.7080903295809033,0.3762192311194663,3.0,16.0,7.0,5.0,0.4972826086956521,0.0661340003639639,
haberman,GaussianNB,Quantile Binning,5.0,0.015625,0.0,0.0658340454101562,0.0023088455200195,0.2886556456811103,41.0,152.0,50.0,32.0,0.6739793842397938,0.2947825886185874,6.0,19.0,4.0,2.0,0.8913043478260869,0.5392464645061678,
haberman,GaussianNB,Quantile Binning,6.0,0.015625,0.0,0.0658340454101562,0.0023088455200195,0.2554797385661102,56.0,126.0,77.0,16.0,0.713772577996716,0.3505396159041381,4.0,8.0,14.0,5.0,0.4772727272727272,-0.1765399798903858,
haberman,GaussianNB,Quantile Binning,7.0,0.015625,0.0,0.0658845901489257,0.0023088455200195,0.2528539914003639,47.0,145.0,58.0,26.0,0.6790944058303529,0.3253470954325746,7.0,17.0,5.0,1.0,0.8039772727272727,0.5846845821518305,
haberman,GaussianNB,Quantile Binning,8.0,0.015625,0.0,0.0659284591674804,0.0023088455200195,0.3044403213890259,46.0,158.0,45.0,27.0,0.7146905999055267,0.3832257338493597,2.0,17.0,5.0,6.0,0.4346590909090908,0.0237624228260878,
haberman,GaussianNB,Quantile Binning,9.0,0.015625,0.0,0.0659284591674804,0.0023088455200195,0.497393736524418,27.0,182.0,21.0,46.0,0.6793980700452122,0.3100128193943715,5.0,19.0,3.0,3.0,0.8380681818181819,0.4886363636363636,
haberman,GaussianNB,Quantile Binning,10.0,0.015625,0.0,0.0659284591674804,0.0023088455200195,0.2894079591626439,42.0,165.0,38.0,31.0,0.7009919697685404,0.3773430879942466,3.0,14.0,8.0,5.0,0.5397727272727273,0.0104279879032073,
haberman,GaussianNB,Quantile Transform,1.0,0.015625,0.0,0.0970058441162109,0.0104351043701171,0.3254591399392243,53.0,139.0,63.0,20.0,0.6967991319679914,0.3703081312653937,5.0,15.0,8.0,3.0,0.7336956521739131,0.2457838460856521,
haberman,GaussianNB,Quantile Transform,2.0,0.015625,0.0,0.0970535278320312,0.0104351043701171,0.3650937557218779,43.0,160.0,42.0,30.0,0.7015461820154618,0.3641773551035461,5.0,18.0,5.0,3.0,0.6576086956521738,0.3815423097920998,
haberman,GaussianNB,Quantile Transform,3.0,0.015625,0.015625,0.0969657897949218,0.0104351043701171,0.3880587407858787,35.0,173.0,29.0,38.0,0.6905601519056015,0.3509942473016987,3.0,21.0,2.0,5.0,0.798913043478261,0.342685147574115,
haberman,GaussianNB,Quantile Transform,4.0,0.015625,0.0,0.0969657897949218,0.0104351043701171,0.348446755350938,55.0,141.0,61.0,18.0,0.7103960396039604,0.4036582986464264,4.0,15.0,8.0,4.0,0.5978260869565217,0.1367041492012887,
haberman,GaussianNB,Quantile Transform,5.0,0.015625,0.015625,0.0969181060791015,0.0104351043701171,0.3403846989960355,47.0,144.0,58.0,26.0,0.6703173742031737,0.3242123238976315,8.0,18.0,5.0,0.0,0.9836956521739132,0.6939779183594883,
haberman,GaussianNB,Quantile Transform,6.0,0.015625,0.0,0.0969219207763671,0.0104351043701171,0.3338368369236967,53.0,150.0,53.0,19.0,0.7386083743842365,0.4290783611147738,4.0,12.0,10.0,5.0,0.4393939393939393,-0.0092131665470463,
haberman,GaussianNB,Quantile Transform,7.0,0.015625,0.0,0.0971889495849609,0.0104656219482421,0.3489892052764056,50.0,140.0,63.0,23.0,0.690329981780147,0.3359918587697283,7.0,17.0,5.0,1.0,0.8977272727272727,0.5846845821518305,
haberman,GaussianNB,Quantile Transform,8.0,0.015625,0.0,0.0971889495849609,0.0104656219482421,0.3908643311190765,43.0,166.0,37.0,30.0,0.7372292327417505,0.3954492584195617,1.0,17.0,5.0,7.0,0.3806818181818182,-0.1130667542166613,
haberman,GaussianNB,Quantile Transform,9.0,0.015625,0.0,0.0971488952636718,0.0104656219482421,0.3657662579171266,41.0,166.0,37.0,32.0,0.686854713543424,0.3716220680178578,6.0,16.0,6.0,2.0,0.8806818181818182,0.4308202184276645,
haberman,GaussianNB,Quantile Transform,10.0,0.015625,0.0,0.0971488952636718,0.0104656219482421,0.3538552628186281,43.0,166.0,37.0,30.0,0.7069302921924558,0.3954492584195617,3.0,16.0,6.0,5.0,0.5795454545454546,0.0986927542439653,
haberman,GaussianNB,Random Undersampling,1.0,0.015625,0.0,0.0708961486816406,0.0031547546386718,0.3378782865576277,36.0,166.0,36.0,37.0,0.6748609792486098,0.3163303261419966,5.0,22.0,1.0,3.0,0.782608695652174,0.6440643140088652,
haberman,GaussianNB,Random Undersampling,2.0,0.015625,0.0,0.0709095001220703,0.0031547546386718,0.4663336970698113,31.0,178.0,24.0,42.0,0.6994439169944391,0.337634441578418,3.0,19.0,4.0,5.0,0.6141304347826086,0.2104447867768966,
haberman,GaussianNB,Random Undersampling,3.0,0.015625,0.015625,0.0708217620849609,0.0031547546386718,0.4590101280019458,33.0,174.0,28.0,40.0,0.683575206835752,0.3331355822248133,2.0,22.0,1.0,6.0,0.75,0.3056574897416987,
haberman,GaussianNB,Random Undersampling,4.0,0.015625,0.0,0.0709095001220703,0.0031547546386718,0.3257409004287965,38.0,171.0,31.0,35.0,0.709717889597179,0.3738890590339042,3.0,17.0,6.0,5.0,0.4619565217391304,0.110021557355838,
haberman,GaussianNB,Random Undersampling,5.0,0.0,0.0,0.0709095001220703,0.0031547546386718,0.4051064128318057,33.0,166.0,36.0,40.0,0.6570934490709345,0.278914468941235,6.0,21.0,2.0,2.0,0.8532608695652174,0.6630434782608695,
haberman,GaussianNB,Random Undersampling,6.0,0.015625,0.0,0.0705852508544921,0.0031394958496093,0.474255641530684,30.0,180.0,23.0,42.0,0.7103858784893268,0.338116994247115,2.0,20.0,2.0,7.0,0.5404040404040403,0.1777988203034806,
haberman,GaussianNB,Random Undersampling,7.0,0.015625,0.0,0.0709095001220703,0.0031547546386718,0.3606380758944002,37.0,168.0,35.0,36.0,0.6781159322491397,0.3359236006886736,4.0,19.0,3.0,4.0,0.6193181818181818,0.380198765217406,
haberman,GaussianNB,Random Undersampling,8.0,0.015625,0.0,0.0709095001220703,0.0031547546386718,0.527954220482259,30.0,180.0,23.0,43.0,0.7160064781699169,0.3333014802459723,1.0,20.0,2.0,7.0,0.3863636363636363,0.0502518907629606,
haberman,GaussianNB,Random Undersampling,9.0,0.015625,0.0,0.0709095001220703,0.0031547546386718,0.3717016974369045,42.0,162.0,41.0,31.0,0.6734934880896147,0.359114979164279,5.0,17.0,5.0,3.0,0.7102272727272727,0.3731012536223182,
haberman,GaussianNB,Random Undersampling,10.0,0.0,0.0,0.0708189010620117,0.0031547546386718,0.3656600478528259,38.0,172.0,31.0,35.0,0.70935960591133,0.3746769833432235,2.0,16.0,6.0,6.0,0.4886363636363636,-0.0227272727272727,
haberman,GaussianNB,SMOTE / SMOTENC,1.0,0.015625,0.0,0.0837984085083007,0.0051498413085937,0.4518659862711334,35.0,162.0,40.0,38.0,0.6571951715719517,0.2790392862638328,5.0,20.0,3.0,3.0,0.7499999999999999,0.4945652173913043,
haberman,GaussianNB,SMOTE / SMOTENC,2.0,0.015625,0.0,0.0837278366088867,0.0051498413085937,0.4521590341874753,39.0,167.0,35.0,34.0,0.6848636918486369,0.3594226673176885,4.0,18.0,5.0,4.0,0.6847826086956522,0.2724343325001703,
haberman,GaussianNB,SMOTE / SMOTENC,3.0,0.015625,0.0,0.0833768844604492,0.0051498413085937,0.4528691379639379,38.0,166.0,36.0,35.0,0.6793028617930287,0.3408539591620687,1.0,22.0,1.0,7.0,0.4619565217391304,0.1452005798741936,
haberman,GaussianNB,SMOTE / SMOTENC,4.0,0.015625,0.0,0.0837240219116211,0.0051498413085937,0.3806411170508422,39.0,172.0,30.0,34.0,0.6894412043944121,0.392883977052438,3.0,15.0,8.0,5.0,0.4565217391304347,0.0248513366402357,
haberman,GaussianNB,SMOTE / SMOTENC,5.0,0.015625,0.0,0.0837678909301757,0.0051498413085937,0.4528552708796724,36.0,166.0,36.0,37.0,0.6488878339888783,0.3163303261419966,6.0,20.0,3.0,2.0,0.9347826086956522,0.5972598827888349,
haberman,GaussianNB,SMOTE / SMOTENC,6.0,0.015625,0.0,0.0834665298461914,0.0051193237304687,0.3923657673917479,44.0,159.0,44.0,28.0,0.6950259989053093,0.3716614916829734,3.0,15.0,7.0,6.0,0.5959595959595959,0.0147122471584124,
haberman,GaussianNB,SMOTE / SMOTENC,7.0,0.015625,0.0,0.0839357376098632,0.0051498413085937,0.4040615091420541,36.0,172.0,31.0,37.0,0.6681287536271003,0.3502201882619021,4.0,18.0,4.0,4.0,0.5909090909090908,0.3181818181818182,
haberman,GaussianNB,SMOTE / SMOTENC,8.0,0.015625,0.0,0.0838003158569336,0.0051498413085937,0.4757201600536146,33.0,178.0,25.0,40.0,0.7039611309804981,0.3560687272898514,1.0,20.0,2.0,7.0,0.409090909090909,0.0502518907629606,
haberman,GaussianNB,SMOTE / SMOTENC,9.0,0.015625,0.0,0.0839357376098632,0.0051498413085937,0.4057109808295774,37.0,168.0,35.0,36.0,0.6612794385586072,0.3359236006886736,6.0,17.0,5.0,2.0,0.8295454545454546,0.4796874435475382,
haberman,GaussianNB,SMOTE / SMOTENC,10.0,0.015625,0.0,0.0838918685913086,0.0051498413085937,0.582821080649818,25.0,189.0,14.0,48.0,0.6893852486672515,0.3463065279808785,0.0,20.0,2.0,8.0,0.4204545454545454,-0.161164592805076,
haberman,GaussianNB,Select Percentile (Mutual Info),1.0,0.1875,0.0,0.1524696350097656,0.0019817352294921,0.1854893054476009,44.0,145.0,57.0,29.0,0.6917808219178082,0.2936386214310028,5.0,20.0,3.0,3.0,0.7744565217391306,0.4945652173913043,
haberman,GaussianNB,Select Percentile (Mutual Info),2.0,0.03125,0.0,0.1521186828613281,0.0019817352294921,0.2751872359949872,27.0,150.0,52.0,46.0,0.5223789502237896,0.1097250607854188,1.0,16.0,7.0,7.0,0.3478260869565217,-0.1793478260869565,
haberman,GaussianNB,Select Percentile (Mutual Info),3.0,0.03125,0.0,0.1523380279541015,0.0019817352294921,0.1937087341738451,36.0,167.0,35.0,37.0,0.6950359419503593,0.322763564764624,3.0,21.0,2.0,5.0,0.7989130434782609,0.342685147574115,
haberman,GaussianNB,Select Percentile (Mutual Info),4.0,0.03125,0.0,0.1518993377685547,0.0019817352294921,0.1841286092511513,36.0,171.0,31.0,37.0,0.7236538722365388,0.3494176576612773,3.0,17.0,6.0,5.0,0.532608695652174,0.110021557355838,
haberman,GaussianNB,Select Percentile (Mutual Info),5.0,0.03125,0.0,0.151763916015625,0.0019817352294921,0.2595247570933127,50.0,83.0,119.0,23.0,0.5143089651430897,0.0869378232507992,3.0,6.0,17.0,5.0,0.3233695652173913,-0.3330079109791591,
haberman,GaussianNB,Select Percentile (Mutual Info),6.0,0.03125,0.0,0.1524896621704101,0.0019817352294921,0.1877781164370012,34.0,172.0,31.0,38.0,0.7199302134646962,0.3306254555013982,5.0,16.0,6.0,4.0,0.5858585858585859,0.2683144681354988,
haberman,GaussianNB,Select Percentile (Mutual Info),7.0,0.03125,0.0,0.1527347564697265,0.0019817352294921,0.1694204540331793,35.0,169.0,34.0,38.0,0.6917470814494904,0.3177640238480503,4.0,19.0,3.0,4.0,0.7954545454545454,0.380198765217406,
haberman,GaussianNB,Select Percentile (Mutual Info),8.0,0.015625,0.0,0.1520328521728515,0.0019817352294921,0.1877219752232914,38.0,170.0,33.0,35.0,0.7294689250286794,0.3612183748206034,1.0,18.0,4.0,7.0,0.471590909090909,-0.0674199862463242,
haberman,GaussianNB,Select Percentile (Mutual Info),9.0,0.03125,0.0,0.1521644592285156,0.0019817352294921,0.18925287512109,34.0,170.0,33.0,39.0,0.6921182266009851,0.311900754382701,5.0,18.0,4.0,3.0,0.84375,0.4276686017238498,
haberman,GaussianNB,Select Percentile (Mutual Info),10.0,0.03125,0.0,0.1524276733398437,0.0019817352294921,0.2851850041254386,28.0,186.0,17.0,45.0,0.709697010594507,0.3579765822948191,0.0,18.0,4.0,8.0,0.6278409090909091,-0.236524958395633,
haberman,GaussianNB,Uniform Binning,1.0,0.0,0.0,0.0658340454101562,0.0023069381713867,0.4963870086301509,17.0,192.0,10.0,56.0,0.626983588769836,0.2721208695087866,3.0,23.0,0.0,5.0,0.657608695652174,0.5550096524257162,
haberman,GaussianNB,Uniform Binning,2.0,0.015625,0.0,0.0657863616943359,0.0023069381713867,0.5045971083067649,20.0,191.0,11.0,53.0,0.6357656313576563,0.3064995382176838,3.0,20.0,3.0,5.0,0.5923913043478262,0.2708681694429807,
haberman,GaussianNB,Uniform Binning,3.0,0.015625,0.0,0.0658340454101562,0.0023069381713867,0.3781493255450817,22.0,188.0,14.0,51.0,0.6543808490438086,0.3038034417101489,1.0,23.0,0.0,7.0,0.4021739130434782,0.3095695936834451,
haberman,GaussianNB,Uniform Binning,4.0,0.0,0.0,0.0658340454101562,0.0023069381713867,0.5447021113461209,21.0,192.0,10.0,52.0,0.646480401464804,0.3325382694533535,2.0,20.0,3.0,6.0,0.5217391304347827,0.1422466650307647,
haberman,GaussianNB,Uniform Binning,5.0,0.0,0.0,0.0657863616943359,0.0023069381713867,0.3561861814944597,19.0,189.0,13.0,54.0,0.6110470636104707,0.2697940087068985,5.0,22.0,1.0,3.0,0.8505434782608696,0.6440643140088652,
haberman,GaussianNB,Uniform Binning,6.0,0.015625,0.0,0.0658340454101562,0.0023069381713867,0.4707419084253586,23.0,191.0,12.0,49.0,0.6610221674876847,0.3434003637878247,0.0,21.0,1.0,9.0,0.4974747474747474,-0.1167748416242284,
haberman,GaussianNB,Uniform Binning,7.0,0.015625,0.0,0.0658807754516601,0.0023069381713867,0.1654372106416906,27.0,182.0,21.0,46.0,0.6309804980093123,0.3100128193943715,3.0,20.0,2.0,5.0,0.6420454545454545,0.337099931231621,
haberman,GaussianNB,Uniform Binning,8.0,0.0,0.0,0.0659284591674804,0.0023069381713867,0.4908316114602962,22.0,190.0,13.0,51.0,0.652169512112828,0.3145722262134959,1.0,21.0,1.0,7.0,0.4772727272727273,0.1410190187044415,
haberman,GaussianNB,Uniform Binning,9.0,0.015625,0.0,0.0659284591674804,0.0023069381713867,0.5257085336954482,19.0,193.0,10.0,54.0,0.608509346109724,0.3035085686962739,1.0,21.0,1.0,7.0,0.8125,0.1410190187044415,
haberman,GaussianNB,Uniform Binning,10.0,0.015625,0.015625,0.0659284591674804,0.0023069381713867,0.5587282303705198,21.0,195.0,8.0,52.0,0.6282475200755786,0.3570860326938254,0.0,21.0,1.0,8.0,0.3323863636363636,-0.1119785021911708,
haberman,GaussianNB,Yeo-Johnson,1.0,0.015625,0.015625,0.072606086730957,0.0019149780273437,0.2644021892547465,47.0,147.0,55.0,26.0,0.6922555269225552,0.3396573744648772,5.0,19.0,4.0,3.0,0.8097826086956522,0.4348471076445026,
haberman,GaussianNB,Yeo-Johnson,2.0,0.03125,0.0,0.0723867416381836,0.0019149780273437,0.3715500070055919,38.0,171.0,31.0,35.0,0.7216194222161942,0.3738890590339042,4.0,18.0,5.0,4.0,0.6358695652173912,0.2724343325001703,
haberman,GaussianNB,Yeo-Johnson,3.0,0.015625,0.0,0.0723428726196289,0.0019149780273437,0.5100045125169784,28.0,186.0,16.0,45.0,0.7005289570052896,0.3665923562072917,1.0,22.0,1.0,7.0,0.7228260869565217,0.1452005798741936,
haberman,GaussianNB,Yeo-Johnson,4.0,0.03125,0.0,0.0722513198852539,0.0019149780273437,0.3988670111705525,38.0,174.0,28.0,35.0,0.7253831547538316,0.3948938957844663,3.0,17.0,6.0,5.0,0.5597826086956521,0.110021557355838,
haberman,GaussianNB,Yeo-Johnson,5.0,0.03125,0.0,0.0723867416381836,0.0019149780273437,0.398457242388899,32.0,173.0,29.0,41.0,0.6728265292282654,0.313314663767041,6.0,21.0,2.0,2.0,0.9510869565217392,0.6630434782608695,
haberman,GaussianNB,Yeo-Johnson,6.0,0.03125,0.0,0.0724306106567382,0.0019149780273437,0.2139627035551924,49.0,147.0,56.0,23.0,0.7312192118226601,0.3662025562758587,6.0,9.0,13.0,3.0,0.5707070707070707,0.0705978118406131,
haberman,GaussianNB,Yeo-Johnson,7.0,0.03125,0.0,0.0724897384643554,0.0019149780273437,0.3784355608335485,36.0,172.0,31.0,37.0,0.6910722720831365,0.3502201882619021,4.0,19.0,3.0,4.0,0.8068181818181819,0.380198765217406,
haberman,GaussianNB,Yeo-Johnson,8.0,0.015625,0.015625,0.0724935531616211,0.0019149780273437,0.3034817660680508,46.0,160.0,43.0,27.0,0.7493083203994871,0.3947265881348856,2.0,18.0,4.0,6.0,0.409090909090909,0.0753778361444409,
haberman,GaussianNB,Yeo-Johnson,9.0,0.03125,0.0,0.0725374221801757,0.0019149780273437,0.3689268752841548,37.0,171.0,32.0,36.0,0.6956947162426615,0.3557059968448324,5.0,18.0,4.0,3.0,0.8693181818181819,0.4276686017238498,
haberman,GaussianNB,Yeo-Johnson,10.0,0.015625,0.0,0.0724935531616211,0.0019149780273437,0.3950813016697354,38.0,174.0,29.0,35.0,0.7117889196302045,0.3885396221411034,3.0,16.0,6.0,5.0,0.6306818181818181,0.0986927542439653,
haberman,KNN,Baseline,1.0,0.0,0.0,0.0628566741943359,0.0137968063354492,0.4,58.0,152.0,50.0,15.0,0.8452800759528007,0.4945964439786807,6.0,12.0,11.0,2.0,0.6956521739130435,0.2389310624685482,
haberman,KNN,Baseline,2.0,0.015625,0.0,0.062896728515625,0.0137968063354492,0.4,60.0,147.0,55.0,13.0,0.8482639359826394,0.4920474584372232,4.0,15.0,8.0,4.0,0.5434782608695652,0.1367041492012887,
haberman,KNN,Baseline,3.0,0.015625,0.015625,0.062896728515625,0.0137968063354492,0.4,61.0,146.0,56.0,12.0,0.8304285908042859,0.4987148193763128,5.0,16.0,7.0,3.0,0.6440217391304348,0.2880551715312869,
haberman,KNN,Baseline,4.0,0.015625,0.0,0.062896728515625,0.0137968063354492,0.4,56.0,155.0,47.0,17.0,0.844873185948732,0.4875973952147605,4.0,15.0,8.0,4.0,0.6195652173913044,0.1367041492012887,
haberman,KNN,Baseline,5.0,0.0,0.0,0.0628490447998046,0.0137968063354492,0.4,57.0,145.0,57.0,16.0,0.8279872507798725,0.4469532375746005,5.0,18.0,5.0,3.0,0.7961956521739131,0.3815423097920998,
haberman,KNN,Baseline,6.0,0.0,0.0,0.062896728515625,0.0137968063354492,0.4,56.0,161.0,42.0,16.0,0.8557060755336618,0.5240350759997873,4.0,13.0,9.0,5.0,0.5505050505050505,0.0325205226113868,
haberman,KNN,Baseline,7.0,0.015625,0.0,0.0629911422729492,0.0138349533081054,0.4,56.0,158.0,45.0,17.0,0.8421958296781159,0.4994401111179291,6.0,12.0,10.0,2.0,0.6789772727272727,0.2618924633082486,
haberman,KNN,Baseline,8.0,0.015625,0.015625,0.0629911422729492,0.0138349533081054,0.4,60.0,154.0,49.0,13.0,0.8442202577771779,0.523804215617943,3.0,18.0,4.0,5.0,0.5426136363636364,0.2019805940217469,
haberman,KNN,Baseline,9.0,0.015625,0.0,0.0629911422729492,0.0138349533081054,0.3,57.0,155.0,48.0,16.0,0.842634455766246,0.4945496549565817,5.0,14.0,8.0,3.0,0.7301136363636364,0.2332412503655155,
haberman,KNN,Baseline,10.0,0.015625,0.0,0.0629911422729492,0.0138349533081054,0.35,61.0,156.0,47.0,12.0,0.8616978203657466,0.545938982378842,2.0,16.0,6.0,6.0,0.4659090909090909,-0.0227272727272727,
haberman,KNN,IQR Capping,1.0,0.03125,0.0,0.08636474609375,0.014290809631347656,0.4,58.0,151.0,51.0,15.0,0.8479587684795877,0.4893340142578577,5.0,12.0,11.0,3.0,0.6385869565217391,0.12848405416203615,
haberman,KNN,IQR Capping,2.0,0.03125,0.0,0.08616828918457031,0.014290809631347656,0.4,60.0,150.0,52.0,13.0,0.8542994710429948,0.5073318678607107,4.0,15.0,8.0,4.0,0.5570652173913043,0.13670414920128873,
haberman,KNN,IQR Capping,3.0,0.03125,0.0,0.08616828918457031,0.014290809631347656,0.3839999999999975,60.0,146.0,56.0,13.0,0.8366336633663366,0.4870337170990081,5.0,16.0,7.0,3.0,0.6820652173913043,0.28805517153128696,
haberman,KNN,IQR Capping,4.0,0.03125,0.0,0.08612060546875,0.014290809631347656,0.2279999999999973,57.0,152.0,50.0,16.0,0.8473823409738234,0.4830141573959394,4.0,15.0,8.0,4.0,0.625,0.13670414920128873,
haberman,KNN,IQR Capping,5.0,0.03125,0.015625,0.08616828918457031,0.014290809631347656,0.4,57.0,147.0,55.0,16.0,0.8305303133053031,0.45704969691103675,5.0,18.0,5.0,3.0,0.7717391304347827,0.38154230979209985,
haberman,KNN,IQR Capping,6.0,0.03125,0.015625,0.08612060546875,0.014290809631347656,0.27200000000000274,55.0,159.0,44.0,17.0,0.8492747673782156,0.5011167248589349,5.0,12.0,10.0,4.0,0.5631313131313131,0.09174698042719671,
haberman,KNN,IQR Capping,7.0,0.03125,0.0,0.08628559112548828,0.014328956604003906,0.25,58.0,159.0,44.0,15.0,0.860989270531075,0.5279478972268614,5.0,12.0,10.0,3.0,0.6335227272727273,0.15075567228888181,
haberman,KNN,IQR Capping,8.0,0.03125,0.0,0.08628559112548828,0.014328956604003906,0.4,59.0,155.0,48.0,14.0,0.8560631621566908,0.517597912630206,3.0,18.0,4.0,5.0,0.5397727272727273,0.20198059402174692,
haberman,KNN,IQR Capping,9.0,0.015625,0.0,0.08623790740966797,0.014328956604003906,0.4,56.0,152.0,51.0,17.0,0.8326472771442068,0.4670171181468105,5.0,14.0,8.0,3.0,0.6392045454545454,0.23324125036551555,
haberman,KNN,IQR Capping,10.0,0.015625,0.015625,0.08628559112548828,0.014328956604003906,0.25,62.0,152.0,51.0,11.0,0.8615965989607935,0.5364611501127909,3.0,16.0,6.0,5.0,0.5255681818181818,0.09869275424396536,
haberman,KNN,IQR Removal,1.0,0.03125,0.0,0.0989370346069336,0.0128984451293945,0.2720000000000027,56.0,159.0,43.0,17.0,0.8454157059541572,0.5098829066926109,6.0,17.0,6.0,2.0,0.779891304347826,0.4394061938612852,
haberman,KNN,IQR Removal,2.0,0.03125,0.0,0.0978412628173828,0.0128602981567382,0.4,57.0,148.0,54.0,16.0,0.8352095483520955,0.4621575764371314,5.0,15.0,8.0,3.0,0.6467391304347826,0.2457838460856521,
haberman,KNN,IQR Removal,3.0,0.03125,0.015625,0.0974683761596679,0.0127458572387695,0.4,63.0,153.0,49.0,10.0,0.8560965685609656,0.5576140388103847,6.0,14.0,9.0,2.0,0.7336956521739131,0.3140721323960884,
haberman,KNN,IQR Removal,4.0,0.03125,0.0,0.0972814559936523,0.0127077102661132,0.3759999999999991,60.0,157.0,45.0,13.0,0.8589787060897871,0.544565756964938,3.0,12.0,11.0,5.0,0.5054347826086956,-0.0907938037380483,
haberman,KNN,IQR Removal,5.0,0.015625,0.0,0.0974235534667968,0.0127077102661132,0.4,57.0,147.0,55.0,16.0,0.8109317781093177,0.4570496969110367,7.0,20.0,3.0,1.0,0.9157608695652174,0.6969506192202357,
haberman,KNN,IQR Removal,6.0,0.03125,0.015625,0.0970211029052734,0.0119037628173828,0.3680000000000007,49.0,158.0,45.0,23.0,0.8039135194307608,0.425315122671781,6.0,12.0,10.0,3.0,0.6136363636363636,0.1926686588971131,
haberman,KNN,IQR Removal,7.0,0.03125,0.0,0.0971879959106445,0.0120563507080078,0.4,55.0,151.0,52.0,18.0,0.8113907821040556,0.4501568533190119,7.0,14.0,8.0,1.0,0.8096590909090909,0.4522670168666454,
haberman,KNN,IQR Removal,8.0,0.03125,0.0,0.0976057052612304,0.012822151184082,0.25,60.0,150.0,53.0,13.0,0.8544098792091235,0.5030496015556138,3.0,16.0,6.0,5.0,0.53125,0.0986927542439653,
haberman,KNN,IQR Removal,9.0,0.015625,0.0,0.0974206924438476,0.0127458572387695,0.4,56.0,153.0,50.0,17.0,0.8331871246372899,0.4722999851232001,6.0,14.0,8.0,2.0,0.6875,0.3424747597107866,
haberman,KNN,IQR Removal,10.0,0.03125,0.0,0.0970487594604492,0.0120182037353515,0.35,61.0,156.0,47.0,12.0,0.8517443822120251,0.545938982378842,2.0,13.0,9.0,6.0,0.5085227272727273,-0.1459918306449029,
haberman,KNN,PCA,1.0,0.0,0.046875,0.0680065155029296,0.0145816802978515,0.4,59.0,153.0,49.0,14.0,0.8520615760206157,0.511459079993327,6.0,12.0,11.0,2.0,0.6793478260869565,0.2389310624685482,
haberman,KNN,PCA,2.0,0.09375,0.0,0.0682296752929687,0.0145816802978515,0.3319999999999993,59.0,148.0,54.0,14.0,0.8470093584700936,0.4854575966531315,4.0,15.0,8.0,4.0,0.5842391304347827,0.1367041492012887,
haberman,KNN,PCA,3.0,0.09375,0.0,0.0682735443115234,0.0145816802978515,0.4,62.0,147.0,55.0,11.0,0.8422623084226231,0.5153709494866463,4.0,15.0,8.0,4.0,0.6005434782608696,0.1367041492012887,
haberman,KNN,PCA,4.0,0.078125,0.0,0.0679683685302734,0.0145816802978515,0.4,57.0,153.0,49.0,16.0,0.8481961209819612,0.4883407665545602,4.0,14.0,9.0,4.0,0.6086956521739131,0.0963858219943733,
haberman,KNN,PCA,5.0,0.09375,0.0,0.0681419372558593,0.0145816802978515,0.4,58.0,148.0,54.0,15.0,0.8392784483927845,0.473810420560928,5.0,18.0,5.0,3.0,0.7961956521739131,0.3815423097920998,
haberman,KNN,PCA,6.0,0.078125,0.078125,0.06805419921875,0.0145816802978515,0.3680000000000007,54.0,163.0,40.0,18.0,0.8516694033935414,0.5125088447045377,4.0,13.0,9.0,5.0,0.5505050505050505,0.0325205226113868,
haberman,KNN,PCA,7.0,0.09375,0.0,0.068185806274414,0.0146198272705078,0.4,54.0,161.0,42.0,19.0,0.8430730818543761,0.4934303078906681,6.0,12.0,10.0,2.0,0.7045454545454546,0.2618924633082486,
haberman,KNN,PCA,8.0,0.09375,0.0,0.068277359008789,0.0146198272705078,0.4,59.0,156.0,47.0,14.0,0.8451312504217559,0.5229691206093376,3.0,18.0,4.0,5.0,0.5340909090909091,0.2019805940217469,
haberman,KNN,PCA,9.0,0.09375,0.0,0.0683212280273437,0.0146198272705078,0.4,58.0,152.0,51.0,15.0,0.8439840744989541,0.4901950180100034,5.0,14.0,8.0,3.0,0.7301136363636364,0.2332412503655155,
haberman,KNN,PCA,10.0,0.0,0.0,0.0682296752929687,0.0146198272705078,0.4,61.0,157.0,46.0,12.0,0.8622714083271475,0.5513184422858031,2.0,16.0,6.0,6.0,0.4659090909090909,-0.0227272727272727,
haberman,KNN,Quantile Binning,1.0,0.015625,0.0,0.0657730102539062,0.0143871307373046,0.4,57.0,147.0,55.0,16.0,0.8156449206564491,0.4570496969110367,3.0,16.0,7.0,5.0,0.6467391304347826,0.0661340003639639,
haberman,KNN,Quantile Binning,2.0,0.0,0.0,0.0657730102539062,0.0143871307373046,0.4,47.0,162.0,40.0,26.0,0.797063610470636,0.4233056196251787,4.0,15.0,8.0,4.0,0.6005434782608696,0.1367041492012887,
haberman,KNN,Quantile Binning,3.0,0.015625,0.015625,0.0657730102539062,0.0143871307373046,0.6,33.0,187.0,15.0,40.0,0.8290722907907229,0.4395036603506798,1.0,20.0,3.0,7.0,0.4701086956521739,-0.0070938044229895,
haberman,KNN,Quantile Binning,4.0,0.015625,0.0,0.0657253265380859,0.0143871307373046,0.4,56.0,147.0,55.0,17.0,0.8136782856367828,0.44537293122844,4.0,15.0,8.0,4.0,0.6657608695652173,0.1367041492012887,
haberman,KNN,Quantile Binning,5.0,0.0,0.0,0.0657730102539062,0.0143871307373046,0.4,51.0,152.0,50.0,22.0,0.7930286179302861,0.4132185550579713,6.0,18.0,5.0,2.0,0.8097826086956522,0.4870861981486208,
haberman,KNN,Quantile Binning,6.0,0.015625,0.0,0.0657730102539062,0.0143871307373046,0.2199999999999988,53.0,160.0,43.0,19.0,0.8313834154351396,0.4835288887192881,3.0,16.0,6.0,6.0,0.4898989898989899,0.0606060606060606,
haberman,KNN,Quantile Binning,7.0,0.015625,0.0,0.0658674240112304,0.0144252777099609,0.35,52.0,158.0,45.0,21.0,0.8196909373102099,0.4532860074878502,5.0,15.0,7.0,3.0,0.6676136363636364,0.2769558547034986,
haberman,KNN,Quantile Binning,8.0,0.0,0.0,0.0658674240112304,0.0144252777099609,0.6,30.0,192.0,11.0,43.0,0.8214791821310479,0.4424599866449751,1.0,19.0,3.0,7.0,0.6221590909090908,-0.014782809899727,
haberman,KNN,Quantile Binning,9.0,0.0,0.0,0.0658674240112304,0.0144252777099609,0.4,53.0,153.0,50.0,20.0,0.8197921587151629,0.4374791919689733,5.0,14.0,8.0,3.0,0.6335227272727273,0.2332412503655155,
haberman,KNN,Quantile Binning,10.0,0.015625,0.0,0.0658674240112304,0.0144252777099609,0.4,57.0,153.0,50.0,16.0,0.8360213239759767,0.483877382974609,4.0,14.0,8.0,4.0,0.5767045454545454,0.1230914909793327,
haberman,KNN,Quantile Transform,1.0,0.015625,0.0,0.0968093872070312,0.0225019454956054,0.4,55.0,154.0,48.0,18.0,0.8272073782720738,0.4705831478243203,5.0,18.0,5.0,3.0,0.7771739130434783,0.3815423097920998,
haberman,KNN,Quantile Transform,2.0,0.015625,0.0,0.0968570709228515,0.0225019454956054,0.4,57.0,148.0,54.0,16.0,0.8348704733487047,0.4621575764371314,5.0,14.0,9.0,3.0,0.6983695652173914,0.2054807137229514,
haberman,KNN,Quantile Transform,3.0,0.015625,0.0,0.0967216491699218,0.0225019454956054,0.4,59.0,153.0,49.0,14.0,0.8352434558524345,0.511459079993327,6.0,15.0,8.0,2.0,0.6956521739130436,0.3536179724534513,
haberman,KNN,Quantile Transform,4.0,0.015625,0.015625,0.0968570709228515,0.0225019454956054,0.4,57.0,153.0,49.0,16.0,0.8484334734843347,0.4883407665545602,5.0,13.0,10.0,3.0,0.595108695652174,0.1665534035433802,
haberman,KNN,Quantile Transform,5.0,0.0,0.0,0.0968093872070312,0.0225019454956054,0.4,56.0,146.0,56.0,17.0,0.8251051132510511,0.4402889732611454,7.0,16.0,7.0,1.0,0.7744565217391304,0.5017552311839513,
haberman,KNN,Quantile Transform,6.0,0.015625,0.0,0.0968132019042968,0.0225019454956054,0.4,54.0,159.0,44.0,18.0,0.8396278051450465,0.4894929748732432,5.0,14.0,8.0,4.0,0.6414141414141414,0.1765399798903858,
haberman,KNN,Quantile Transform,7.0,0.015625,0.0,0.0970401763916015,0.0225706100463867,0.25,60.0,150.0,53.0,13.0,0.8366961333423307,0.5030496015556138,6.0,15.0,7.0,2.0,0.6477272727272727,0.3853551092995474,
haberman,KNN,Quantile Transform,8.0,0.015625,0.015625,0.0969963073730468,0.0225706100463867,0.4,62.0,150.0,53.0,11.0,0.8588636210270598,0.5262543985359597,3.0,17.0,5.0,5.0,0.4914772727272727,0.1477272727272727,
haberman,KNN,Quantile Transform,9.0,0.015625,0.0,0.0970401763916015,0.0225706100463867,0.3,57.0,155.0,48.0,16.0,0.8457048383831567,0.4945496549565817,7.0,13.0,9.0,1.0,0.7585227272727273,0.4129842690630074,
haberman,KNN,Quantile Transform,10.0,0.015625,0.0,0.0968647003173828,0.0225706100463867,0.4,58.0,157.0,46.0,15.0,0.8507659086308118,0.5169105364342303,3.0,14.0,8.0,5.0,0.5028409090909092,0.0104279879032073,
haberman,KNN,Random Undersampling,1.0,0.015625,0.0,0.0705385208129882,0.0096759796142578,0.6,55.0,131.0,71.0,18.0,0.7446765224467652,0.3562209074844547,5.0,14.0,9.0,3.0,0.6413043478260869,0.2054807137229514,
haberman,KNN,Random Undersampling,2.0,0.015625,0.0,0.0707569122314453,0.0096759796142578,0.5319999999999994,53.0,142.0,60.0,20.0,0.7574935575749355,0.3850306866133036,4.0,13.0,10.0,4.0,0.5733695652173914,0.0573434549924515,
haberman,KNN,Random Undersampling,3.0,0.015625,0.0,0.0706653594970703,0.0096759796142578,0.7359999999999957,29.0,181.0,21.0,44.0,0.7515258375152584,0.3357938484063921,1.0,20.0,3.0,7.0,0.6168478260869565,-0.0070938044229895,
haberman,KNN,Random Undersampling,4.0,0.0,0.0,0.0706253051757812,0.0096759796142578,0.8,35.0,175.0,27.0,38.0,0.7623762376237623,0.3653947059190139,1.0,19.0,4.0,7.0,0.5706521739130435,-0.0581918175125855,
haberman,KNN,Random Undersampling,5.0,0.015625,0.0,0.0705814361572265,0.0096759796142578,0.6,57.0,122.0,80.0,16.0,0.725145802251458,0.3398227029138345,7.0,17.0,6.0,1.0,0.9157608695652174,0.5445798942682095,
haberman,KNN,Random Undersampling,6.0,0.015625,0.015625,0.0702533721923828,0.0095844268798828,0.5319999999999994,55.0,145.0,58.0,17.0,0.7804802955665024,0.4272716170308565,5.0,11.0,11.0,4.0,0.5959595959595959,0.0504608392349581,
haberman,KNN,Random Undersampling,7.0,0.015625,0.0,0.0705337524414062,0.0096759796142578,0.6,50.0,139.0,64.0,23.0,0.7231257169849518,0.3311331389221928,7.0,10.0,12.0,1.0,0.6420454545454546,0.3024116491930132,
haberman,KNN,Random Undersampling,8.0,0.015625,0.015625,0.0706653594970703,0.0096759796142578,0.6,57.0,131.0,72.0,16.0,0.7525474053579864,0.3767128055327263,3.0,13.0,9.0,5.0,0.440340909090909,-0.0307728727448331,
haberman,KNN,Random Undersampling,9.0,0.015625,0.0,0.0706653594970703,0.0096759796142578,0.6,54.0,135.0,68.0,19.0,0.7581820635670423,0.3594651041161376,5.0,15.0,7.0,3.0,0.6704545454545454,0.2769558547034986,
haberman,KNN,Random Undersampling,10.0,0.015625,0.0,0.0706253051757812,0.0096759796142578,0.6,57.0,142.0,61.0,16.0,0.7876712328767124,0.4282318721357818,2.0,14.0,8.0,6.0,0.4375,-0.1066003581778052,
haberman,KNN,SMOTE / SMOTENC,1.0,0.015625,0.0,0.0835752487182617,0.021763801574707,0.7519999999999982,53.0,183.0,19.0,20.0,0.9144513766445136,0.6347722457616853,3.0,19.0,4.0,5.0,0.7092391304347826,0.2104447867768966,
haberman,KNN,SMOTE / SMOTENC,2.0,0.015625,0.0,0.0836191177368164,0.021763801574707,0.8,50.0,184.0,18.0,23.0,0.9034314390343144,0.60983796151704,4.0,18.0,5.0,4.0,0.5869565217391305,0.2724343325001703,
haberman,KNN,SMOTE / SMOTENC,3.0,0.015625,0.0,0.083439826965332,0.021763801574707,0.8,48.0,180.0,22.0,25.0,0.8985148514851485,0.5561416951452197,4.0,20.0,3.0,4.0,0.6929347826086957,0.3867633919142965,
haberman,KNN,SMOTE / SMOTENC,4.0,0.015625,0.0,0.0833082199096679,0.021763801574707,0.8,54.0,183.0,19.0,19.0,0.9250983317509832,0.6456666214566662,2.0,18.0,5.0,6.0,0.5815217391304348,0.0341261816394967,
haberman,KNN,SMOTE / SMOTENC,5.0,0.015625,0.0,0.0832681655883789,0.021763801574707,0.8,51.0,186.0,16.0,22.0,0.9083141190831412,0.6371692723254355,3.0,19.0,4.0,5.0,0.7581521739130435,0.2104447867768966,
haberman,KNN,SMOTE / SMOTENC,6.0,0.015625,0.0,0.0834493637084961,0.0218095779418945,0.8,49.0,187.0,16.0,23.0,0.90205938697318,0.6226661415706205,2.0,15.0,7.0,7.0,0.5454545454545454,-0.0959595959595959,
haberman,KNN,SMOTE / SMOTENC,7.0,0.015625,0.0,0.0836477279663086,0.0218400955200195,0.75,52.0,180.0,23.0,21.0,0.9055266887104392,0.5939202191564569,3.0,16.0,6.0,5.0,0.7102272727272727,0.0986927542439653,
haberman,KNN,SMOTE / SMOTENC,8.0,0.015625,0.0,0.0837392807006836,0.0218400955200195,0.8,51.0,183.0,20.0,22.0,0.9055941696470748,0.6055259203166119,2.0,18.0,4.0,6.0,0.5426136363636364,0.0753778361444409,
haberman,KNN,SMOTE / SMOTENC,9.0,0.015625,0.015625,0.0835199356079101,0.0218400955200195,0.75,53.0,181.0,22.0,20.0,0.9035697415480128,0.6123861401305677,4.0,18.0,4.0,4.0,0.7443181818181819,0.3181818181818182,
haberman,KNN,SMOTE / SMOTENC,10.0,0.0,0.0,0.0835638046264648,0.0218400955200195,0.8,56.0,181.0,22.0,17.0,0.9053917268371684,0.6452818619691085,2.0,18.0,4.0,6.0,0.5568181818181819,0.0753778361444409,
haberman,KNN,Select Percentile (Mutual Info),1.0,0.1875,0.046875,0.1519069671630859,0.0094499588012695,0.4759999999999991,23.0,189.0,13.0,50.0,0.6853723043537232,0.3282178036243192,2.0,23.0,0.0,6.0,0.7554347826086957,0.4452817782808606,
haberman,KNN,Select Percentile (Mutual Info),2.0,0.1875,0.0,0.1520423889160156,0.0094499588012695,0.4,22.0,156.0,46.0,51.0,0.5481147429811475,0.0753794703172667,4.0,15.0,8.0,4.0,0.6032608695652174,0.1367041492012887,
haberman,KNN,Select Percentile (Mutual Info),3.0,0.03125,0.0,0.1521739959716797,0.0094499588012695,0.3519999999999982,37.0,167.0,35.0,36.0,0.6891699443916994,0.3350622037666841,4.0,21.0,2.0,4.0,0.7527173913043479,0.457466241725923,
haberman,KNN,Select Percentile (Mutual Info),4.0,0.03125,0.0,0.1516437530517578,0.0094499588012695,0.7640000000000043,16.0,198.0,4.0,57.0,0.5693747456937475,0.3390198501509954,0.0,22.0,1.0,8.0,0.4864130434782608,-0.1076763804116331,
haberman,KNN,Select Percentile (Mutual Info),5.0,0.015625,0.0,0.1519508361816406,0.0094499588012695,0.0,73.0,0.0,202.0,0.0,0.4745693747456937,0.0,8.0,0.0,23.0,0.0,0.5570652173913044,0.0,
haberman,KNN,Select Percentile (Mutual Info),6.0,0.03125,0.0,0.1521940231323242,0.0094499588012695,0.4,33.0,176.0,27.0,39.0,0.6565407772304325,0.3462911550393719,3.0,16.0,6.0,6.0,0.6060606060606061,0.0606060606060606,
haberman,KNN,Select Percentile (Mutual Info),7.0,0.03125,0.0,0.151956558227539,0.0094728469848632,0.35,34.0,173.0,30.0,39.0,0.6372899655847222,0.3323057953100576,3.0,20.0,2.0,5.0,0.5539772727272727,0.337099931231621,
haberman,KNN,Select Percentile (Mutual Info),8.0,0.03125,0.0,0.1519088745117187,0.0094728469848632,0.3500000000000057,33.0,183.0,20.0,40.0,0.6661043255280383,0.3958663466353773,1.0,18.0,4.0,7.0,0.46875,-0.0674199862463242,
haberman,KNN,Select Percentile (Mutual Info),9.0,0.015625,0.0,0.1522636413574218,0.0094728469848632,0.6,28.0,185.0,18.0,45.0,0.6165395775693366,0.3490029951546231,4.0,19.0,3.0,4.0,0.5909090909090909,0.380198765217406,
haberman,KNN,Select Percentile (Mutual Info),10.0,0.03125,0.015625,0.1519966125488281,0.0094728469848632,0.25,34.0,179.0,24.0,39.0,0.6891828058573454,0.3762318312562033,2.0,17.0,5.0,6.0,0.3636363636363636,0.0237624228260878,
haberman,KNN,Uniform Binning,1.0,0.015625,0.0,0.0657730102539062,0.0143775939941406,0.6,32.0,171.0,31.0,41.0,0.707513902075139,0.2993486897400109,3.0,22.0,1.0,5.0,0.798913043478261,0.4327220698023639,
haberman,KNN,Uniform Binning,2.0,0.015625,0.015625,0.0657253265380859,0.0143775939941406,0.6,22.0,189.0,13.0,51.0,0.7069713820697138,0.3140294816040403,1.0,20.0,3.0,7.0,0.421195652173913,-0.0070938044229895,
haberman,KNN,Uniform Binning,3.0,0.015625,0.0,0.0657291412353515,0.0143775939941406,0.6,33.0,176.0,26.0,40.0,0.7419639224196393,0.3478133525547732,2.0,21.0,2.0,6.0,0.5760869565217391,0.2128141326896871,
haberman,KNN,Uniform Binning,4.0,0.015625,0.0,0.0657730102539062,0.0143775939941406,0.4,54.0,120.0,82.0,19.0,0.7194154346941544,0.2948001093442254,3.0,12.0,11.0,5.0,0.5298913043478262,-0.0907938037380483,
haberman,KNN,Uniform Binning,5.0,0.015625,0.015625,0.0657291412353515,0.0143775939941406,0.5960000000000036,32.0,170.0,32.0,41.0,0.7137528821375289,0.2925306385748864,4.0,20.0,3.0,4.0,0.7065217391304348,0.3867633919142965,
haberman,KNN,Uniform Binning,6.0,0.015625,0.0,0.0657730102539062,0.0143775939941406,0.4560000000000002,36.0,162.0,41.0,36.0,0.713464696223317,0.29180695999251,3.0,16.0,6.0,6.0,0.5,0.0606060606060606,
haberman,KNN,Uniform Binning,7.0,0.0,0.0,0.0658674240112304,0.0144157409667968,0.4,56.0,117.0,86.0,17.0,0.7193130440650517,0.3031180245567814,6.0,8.0,14.0,2.0,0.5454545454545454,0.1066003581778052,
haberman,KNN,Uniform Binning,8.0,0.015625,0.0,0.0658674240112304,0.0144157409667968,0.4,47.0,147.0,56.0,26.0,0.7360820568189487,0.3355709711361389,1.0,17.0,5.0,7.0,0.5113636363636364,-0.1130667542166613,
haberman,KNN,Uniform Binning,9.0,0.015625,0.0,0.0658674240112304,0.0144157409667968,0.6,31.0,168.0,35.0,42.0,0.6896551724137929,0.2608244095389237,1.0,19.0,3.0,7.0,0.4829545454545454,-0.014782809899727,
haberman,KNN,Uniform Binning,10.0,0.015625,0.015625,0.0658197402954101,0.0144157409667968,0.3,43.0,152.0,51.0,30.0,0.6946487617248127,0.3143994484329432,2.0,16.0,6.0,6.0,0.3465909090909091,-0.0227272727272727,
haberman,KNN,Yeo-Johnson,1.0,0.03125,0.015625,0.0722742080688476,0.0139789581298828,0.2279999999999973,55.0,150.0,52.0,18.0,0.831818798318188,0.4492326484224186,6.0,16.0,7.0,2.0,0.75,0.3951818701769308,
haberman,KNN,Yeo-Johnson,2.0,0.03125,0.015625,0.0721864700317382,0.0139789581298828,0.2800000000000011,57.0,149.0,53.0,16.0,0.8377526108775261,0.4673067565141297,4.0,15.0,8.0,4.0,0.6413043478260869,0.1367041492012887,
haberman,KNN,Yeo-Johnson,3.0,0.03125,0.0,0.0721864700317382,0.0139789581298828,0.2800000000000011,62.0,154.0,48.0,11.0,0.8525701885257019,0.5513547343044407,6.0,15.0,8.0,2.0,0.7472826086956521,0.3536179724534513,
haberman,KNN,Yeo-Johnson,4.0,0.03125,0.015625,0.0721902847290039,0.0139789581298828,0.3319999999999993,60.0,149.0,53.0,13.0,0.8496880509968805,0.5021954149931028,4.0,15.0,8.0,4.0,0.6141304347826086,0.1367041492012887,
haberman,KNN,Yeo-Johnson,5.0,0.03125,0.0,0.0720987319946289,0.0139789581298828,0.6,33.0,190.0,12.0,40.0,0.8239861657398616,0.4686744452973921,1.0,21.0,2.0,7.0,0.7717391304347826,0.0563053270576813,
haberman,KNN,Yeo-Johnson,6.0,0.03125,0.0,0.0722341537475586,0.0139789581298828,0.4,55.0,158.0,45.0,17.0,0.8459564860426929,0.4955254668634768,6.0,15.0,7.0,3.0,0.6893939393939393,0.3205594371693848,
haberman,KNN,Yeo-Johnson,7.0,0.03125,0.0,0.0723409652709961,0.014017105102539,0.25,59.0,160.0,43.0,14.0,0.8562318644982793,0.5449665400246438,5.0,12.0,10.0,3.0,0.625,0.1507556722888818,
haberman,KNN,Yeo-Johnson,8.0,0.015625,0.0,0.0722494125366211,0.014017105102539,0.4,58.0,155.0,48.0,15.0,0.8573452999527633,0.5060794087806252,3.0,18.0,4.0,5.0,0.5681818181818182,0.2019805940217469,
haberman,KNN,Yeo-Johnson,9.0,0.03125,0.0,0.0723371505737304,0.014017105102539,0.4,57.0,149.0,54.0,16.0,0.8359538430393414,0.4630785922543566,6.0,15.0,7.0,2.0,0.6676136363636364,0.3853551092995474,
haberman,KNN,Yeo-Johnson,10.0,0.015625,0.0,0.0723409652709961,0.014017105102539,0.4,61.0,153.0,50.0,12.0,0.8608205681894865,0.5300911451248259,4.0,15.0,7.0,4.0,0.5710227272727273,0.1668478064513176,
haberman,LogisticRegression,Baseline,1.0,0.015625,0.0,0.0833358764648437,0.0017871856689453,0.2462403768635864,49.0,144.0,58.0,24.0,0.6778787467787875,0.3478881215018566,7.0,17.0,6.0,1.0,0.875,0.5445798942682095,
haberman,LogisticRegression,Baseline,2.0,0.015625,0.0,0.0832881927490234,0.0017871856689453,0.2992978130712281,33.0,177.0,25.0,40.0,0.70344500203445,0.355348187126435,3.0,20.0,3.0,5.0,0.6630434782608695,0.2708681694429807,
haberman,LogisticRegression,Baseline,3.0,0.015625,0.0,0.0834808349609375,0.0017871856689453,0.3319496297907642,28.0,183.0,19.0,45.0,0.6923233419232335,0.3396039144884743,1.0,22.0,1.0,7.0,0.7880434782608696,0.1452005798741936,
haberman,LogisticRegression,Baseline,4.0,0.015625,0.0,0.0835685729980468,0.0017871856689453,0.2481213275567832,50.0,156.0,46.0,23.0,0.7242302997423029,0.4235351912437657,3.0,15.0,8.0,5.0,0.4728260869565217,0.0248513366402357,
haberman,LogisticRegression,Baseline,5.0,0.015625,0.0,0.0835208892822265,0.0017871856689453,0.2825967922600155,32.0,173.0,29.0,41.0,0.6765563542655636,0.313314663767041,7.0,20.0,3.0,1.0,0.9347826086956522,0.6969506192202357,
haberman,LogisticRegression,Baseline,6.0,0.015625,0.0,0.0835075378417968,0.0017871856689453,0.2936436973213228,33.0,178.0,25.0,39.0,0.7092569786535304,0.3612013032139451,2.0,20.0,2.0,7.0,0.5858585858585859,0.1777988203034806,
haberman,LogisticRegression,Baseline,7.0,0.015625,0.0,0.0836458206176757,0.0017871856689453,0.2812790445495717,36.0,172.0,31.0,37.0,0.6941089142317295,0.3502201882619021,4.0,20.0,2.0,4.0,0.7954545454545454,0.4522670168666454,
haberman,LogisticRegression,Baseline,8.0,0.0,0.0,0.0835371017456054,0.0017871856689453,0.3035334936475089,34.0,179.0,24.0,39.0,0.7248802213374722,0.3762318312562033,1.0,20.0,2.0,7.0,0.4204545454545454,0.0502518907629606,
haberman,LogisticRegression,Baseline,9.0,0.015625,0.0,0.0835981369018554,0.0017871856689453,0.2873280641159981,32.0,177.0,26.0,41.0,0.6892840272622984,0.3359056233234995,5.0,18.0,4.0,3.0,0.8238636363636362,0.4276686017238498,
haberman,LogisticRegression,Baseline,10.0,0.015625,0.0,0.0836019515991211,0.0017871856689453,0.2352409448257228,50.0,153.0,50.0,23.0,0.7107767055806734,0.4024830299108663,6.0,12.0,10.0,2.0,0.5852272727272727,0.2618924633082486,
haberman,LogisticRegression,IQR Capping,1.0,0.03125,0.0,0.09369373321533203,0.0022783279418945312,0.23537375998300508,48.0,148.0,54.0,25.0,0.6887969618879697,0.35670533540261057,6.0,19.0,4.0,2.0,0.8695652173913044,0.5392464645061678,
haberman,LogisticRegression,IQR Capping,2.0,0.03125,0.015625,0.09424018859863281,0.0022783279418945312,0.24281680480591772,47.0,155.0,47.0,26.0,0.7175505221755052,0.3827782382212964,4.0,17.0,6.0,4.0,0.6358695652173914,0.2238381550780319,
haberman,LogisticRegression,IQR Capping,3.0,0.03125,0.015625,0.09423637390136719,0.0022783279418945312,0.26483881101192314,42.0,159.0,43.0,31.0,0.7005289570052895,0.34635728879509853,4.0,21.0,2.0,4.0,0.8097826086956522,0.457466241725923,
haberman,LogisticRegression,IQR Capping,4.0,0.03125,0.0,0.09446430206298828,0.0022783279418945312,0.5480690554937743,25.0,194.0,8.0,48.0,0.735080699850807,0.41154464119180306,2.0,19.0,4.0,6.0,0.5,0.08427009716003844,
haberman,LogisticRegression,IQR Capping,5.0,0.015625,0.0,0.09455490112304688,0.0022783279418945312,0.290829345951719,37.0,165.0,37.0,36.0,0.683066594330666,0.3222852510064489,7.0,20.0,3.0,1.0,0.9402173913043479,0.6969506192202357,
haberman,LogisticRegression,IQR Capping,6.0,0.03125,0.0,0.09428024291992188,0.0022783279418945312,0.2937516261206976,39.0,170.0,33.0,33.0,0.7245826491516147,0.37910509031198686,5.0,16.0,6.0,4.0,0.5909090909090908,0.26831446813549886,
haberman,LogisticRegression,IQR Capping,7.0,0.03125,0.0,0.09453010559082031,0.0022783279418945312,0.319654482223291,37.0,171.0,32.0,36.0,0.6978878466833119,0.35570599684483245,4.0,19.0,3.0,4.0,0.8352272727272727,0.380198765217406,
haberman,LogisticRegression,IQR Capping,8.0,0.03125,0.0,0.09426689147949219,0.0022783279418945312,0.27196124387853193,43.0,166.0,37.0,30.0,0.7379715230447399,0.3954492584195617,1.0,18.0,4.0,7.0,0.40909090909090906,-0.06741998624632421,
haberman,LogisticRegression,IQR Capping,9.0,0.03125,0.0,0.09428977966308594,0.0022783279418945312,0.2982471888968306,38.0,169.0,34.0,35.0,0.693940211890141,0.35463121041225587,5.0,17.0,5.0,3.0,0.8806818181818182,0.3731012536223182,
haberman,LogisticRegression,IQR Capping,10.0,0.03125,0.015625,0.09448623657226562,0.0022783279418945312,0.3189318010756124,38.0,172.0,31.0,35.0,0.7173898373709426,0.3746769833432235,3.0,16.0,6.0,5.0,0.5965909090909091,0.09869275424396536,
haberman,LogisticRegression,IQR Removal,1.0,0.015625,0.015625,0.107217788696289,0.0020036697387695,0.2160626107296303,51.0,135.0,67.0,22.0,0.6890682218906823,0.3273780739397116,6.0,18.0,5.0,2.0,0.842391304347826,0.4870861981486208,
haberman,LogisticRegression,IQR Removal,2.0,0.03125,0.0,0.1070222854614257,0.0020036697387695,0.2293739582035982,49.0,149.0,53.0,24.0,0.7148379221483793,0.373753296340344,4.0,16.0,7.0,4.0,0.6630434782608695,0.1789296238096974,
haberman,LogisticRegression,IQR Removal,3.0,0.03125,0.0,0.1065444946289062,0.0020036697387695,0.2325966007312703,49.0,144.0,58.0,24.0,0.7004611420046115,0.3478881215018566,4.0,20.0,3.0,4.0,0.7934782608695653,0.3867633919142965,
haberman,LogisticRegression,IQR Removal,4.0,0.03125,0.0,0.1063079833984375,0.0020036697387695,0.2907562719541706,42.0,167.0,35.0,31.0,0.7323002848230029,0.3954270527715896,3.0,17.0,6.0,5.0,0.4836956521739131,0.110021557355838,
haberman,LogisticRegression,IQR Removal,5.0,0.03125,0.0,0.1063556671142578,0.0020036697387695,0.2908369217213358,39.0,161.0,41.0,34.0,0.6779804692798046,0.3220810357059235,7.0,19.0,4.0,1.0,0.934782608695652,0.6411644853180825,
haberman,LogisticRegression,IQR Removal,6.0,0.03125,0.0,0.105804443359375,0.0020036697387695,0.2537483886629277,43.0,161.0,42.0,29.0,0.7206828133552272,0.3713257938968156,5.0,15.0,7.0,4.0,0.5959595959595959,0.2212064771005878,
haberman,LogisticRegression,IQR Removal,7.0,0.015625,0.0,0.105656623840332,0.0020036697387695,0.2704042742335377,42.0,159.0,44.0,31.0,0.6941763951683649,0.3414963568936639,4.0,18.0,4.0,4.0,0.7954545454545454,0.3181818181818182,
haberman,LogisticRegression,IQR Removal,8.0,0.03125,0.0,0.1065864562988281,0.0020036697387695,0.2885566688027696,44.0,167.0,36.0,29.0,0.739186179904177,0.4135554288448767,1.0,18.0,4.0,7.0,0.4204545454545454,-0.0674199862463242,
haberman,LogisticRegression,IQR Removal,9.0,0.015625,0.0,0.1064014434814453,0.0020036697387695,0.2978598427998404,38.0,169.0,34.0,35.0,0.692590593157433,0.3546312104122558,5.0,17.0,5.0,3.0,0.8579545454545454,0.3731012536223182,
haberman,LogisticRegression,IQR Removal,10.0,0.03125,0.0,0.1066627502441406,0.0020036697387695,0.2351776332348085,47.0,156.0,47.0,26.0,0.7124637289965585,0.3837356432132008,5.0,14.0,8.0,3.0,0.6363636363636364,0.2332412503655155,
haberman,LogisticRegression,PCA,1.0,0.015625,0.0,0.0806455612182617,0.0025463104248046,0.2463219378677171,49.0,144.0,58.0,24.0,0.6778787467787875,0.3478881215018566,7.0,17.0,6.0,1.0,0.875,0.5445798942682095,
haberman,LogisticRegression,PCA,2.0,0.09375,0.0,0.0806474685668945,0.0025463104248046,0.2992978130712282,33.0,177.0,25.0,40.0,0.70344500203445,0.355348187126435,3.0,20.0,3.0,5.0,0.6630434782608695,0.2708681694429807,
haberman,LogisticRegression,PCA,3.0,0.09375,0.0,0.0804471969604492,0.0025463104248046,0.3319496297907642,28.0,183.0,19.0,45.0,0.6923233419232335,0.3396039144884743,1.0,22.0,1.0,7.0,0.7880434782608696,0.1452005798741936,
haberman,LogisticRegression,PCA,4.0,0.09375,0.0,0.0805768966674804,0.0025463104248046,0.2481213275567832,50.0,156.0,46.0,23.0,0.7242302997423029,0.4235351912437657,3.0,15.0,8.0,5.0,0.4728260869565217,0.0248513366402357,
haberman,LogisticRegression,PCA,5.0,0.09375,0.0,0.0804834365844726,0.0025463104248046,0.2825967922600156,32.0,173.0,29.0,41.0,0.6765563542655636,0.313314663767041,7.0,20.0,3.0,1.0,0.9347826086956522,0.6969506192202357,
haberman,LogisticRegression,PCA,6.0,0.09375,0.0,0.0806913375854492,0.0025463104248046,0.2936436973213228,33.0,178.0,25.0,39.0,0.7092569786535304,0.3612013032139451,2.0,20.0,2.0,7.0,0.5858585858585859,0.1777988203034806,
haberman,LogisticRegression,PCA,7.0,0.09375,0.0,0.0806541442871093,0.0025463104248046,0.2812560157637791,36.0,172.0,31.0,37.0,0.6940414332950942,0.3502201882619021,4.0,20.0,2.0,4.0,0.7954545454545454,0.4522670168666454,
haberman,LogisticRegression,PCA,8.0,0.09375,0.0,0.0807018280029296,0.0025463104248046,0.3035334936475089,34.0,179.0,24.0,39.0,0.7248802213374722,0.3762318312562033,1.0,20.0,2.0,7.0,0.4204545454545454,0.0502518907629606,
haberman,LogisticRegression,PCA,9.0,0.09375,0.046875,0.0801944732666015,0.0025463104248046,0.2873280641159981,32.0,177.0,26.0,41.0,0.6892840272622984,0.3359056233234995,5.0,18.0,4.0,3.0,0.8238636363636362,0.4276686017238498,
haberman,LogisticRegression,PCA,10.0,0.09375,0.0,0.080357551574707,0.0025463104248046,0.2352409448257227,50.0,153.0,50.0,23.0,0.7107767055806734,0.4024830299108663,6.0,12.0,10.0,2.0,0.5852272727272727,0.2618924633082486,
haberman,LogisticRegression,Quantile Binning,1.0,0.015625,0.0,0.0871200561523437,0.0023508071899414,0.3232258148428674,38.0,167.0,35.0,35.0,0.6739454767394547,0.3472806184728061,5.0,20.0,3.0,3.0,0.8260869565217391,0.4945652173913043,
haberman,LogisticRegression,Quantile Binning,2.0,0.015625,0.0,0.086648941040039,0.0023508071899414,0.2658937463869765,50.0,145.0,57.0,23.0,0.7045639495456395,0.3647788759886169,4.0,15.0,8.0,4.0,0.6114130434782609,0.1367041492012887,
haberman,LogisticRegression,Quantile Binning,3.0,0.015625,0.0,0.0870723724365234,0.0023508071899414,0.2707567534317073,46.0,148.0,54.0,27.0,0.691204394412044,0.3330409547454099,5.0,20.0,3.0,3.0,0.7336956521739132,0.4945652173913043,
haberman,LogisticRegression,Quantile Binning,4.0,0.015625,0.0,0.0873489379882812,0.0023508071899414,0.2747141640830916,50.0,146.0,56.0,23.0,0.7211108097111081,0.3699010568887509,3.0,16.0,7.0,5.0,0.4701086956521739,0.0661340003639639,
haberman,LogisticRegression,Quantile Binning,5.0,0.015625,0.015625,0.0863265991210937,0.0023508071899414,0.2850250060450378,44.0,147.0,55.0,29.0,0.6646887291468873,0.3040082471935755,8.0,18.0,5.0,0.0,0.9402173913043478,0.6939779183594883,
haberman,LogisticRegression,Quantile Binning,6.0,0.015625,0.0,0.0864620208740234,0.0023508071899414,0.3445640965006884,37.0,173.0,30.0,35.0,0.7208880678708265,0.3749312285872685,2.0,17.0,5.0,7.0,0.452020202020202,-0.0054829307913314,
haberman,LogisticRegression,Quantile Binning,7.0,0.015625,0.0,0.0865983963012695,0.0023508071899414,0.2901892190645611,45.0,151.0,52.0,28.0,0.6755853971253121,0.3328419741407829,6.0,18.0,4.0,2.0,0.8607954545454545,0.533001790889026,
haberman,LogisticRegression,Quantile Binning,8.0,0.015625,0.0,0.0873060226440429,0.0023508071899414,0.2714308268106773,47.0,154.0,49.0,26.0,0.7207638842027128,0.3726973602152919,3.0,17.0,5.0,5.0,0.4744318181818181,0.1477272727272727,
haberman,LogisticRegression,Quantile Binning,9.0,0.015625,0.0,0.0864534378051757,0.0023508071899414,0.3265238448549672,37.0,167.0,36.0,36.0,0.685268911532492,0.3295094135906606,5.0,16.0,6.0,3.0,0.8210227272727273,0.3232676249994279,
haberman,LogisticRegression,Quantile Binning,10.0,0.015625,0.0,0.0872259140014648,0.0023508071899414,0.3307505688238958,40.0,171.0,32.0,33.0,0.7003171604021864,0.3920464298594205,3.0,16.0,6.0,5.0,0.5397727272727273,0.0986927542439653,
haberman,LogisticRegression,Quantile Transform,1.0,0.015625,0.0,0.0970096588134765,0.010477066040039,0.3344819243562904,48.0,145.0,57.0,25.0,0.6930693069306931,0.341162587979732,6.0,16.0,7.0,2.0,0.8369565217391305,0.3951818701769308,
haberman,LogisticRegression,Quantile Transform,2.0,0.03125,0.0,0.0970096588134765,0.010477066040039,0.376652156583964,38.0,171.0,31.0,35.0,0.7155838871558389,0.3738890590339042,4.0,20.0,3.0,4.0,0.6467391304347826,0.3867633919142965,
haberman,LogisticRegression,Quantile Transform,3.0,0.015625,0.0,0.0970096588134765,0.010477066040039,0.323718570609315,52.0,144.0,58.0,21.0,0.7050725620507255,0.3832587787238186,5.0,21.0,2.0,3.0,0.8152173913043479,0.5630819970516965,
haberman,LogisticRegression,Quantile Transform,4.0,0.03125,0.0,0.0969619750976562,0.010477066040039,0.3897765690347626,38.0,176.0,26.0,35.0,0.7255187847551878,0.4094578560285111,3.0,17.0,6.0,5.0,0.5652173913043479,0.110021557355838,
haberman,LogisticRegression,Quantile Transform,5.0,0.015625,0.0,0.0970535278320312,0.010477066040039,0.3386845663410537,47.0,150.0,52.0,26.0,0.6897802793978028,0.3554769120683343,8.0,17.0,6.0,0.0,0.9130434782608696,0.6498924899144511,
haberman,LogisticRegression,Quantile Transform,6.0,0.015625,0.015625,0.0970535278320312,0.010477066040039,0.3686781911562042,46.0,161.0,42.0,26.0,0.7297824302134648,0.4071253744771502,4.0,13.0,9.0,5.0,0.4898989898989899,0.0325205226113868,
haberman,LogisticRegression,Quantile Transform,7.0,0.015625,0.0,0.0971050262451171,0.010507583618164,0.3363418310828924,50.0,153.0,50.0,23.0,0.6997773129091032,0.4024830299108663,5.0,17.0,5.0,3.0,0.8238636363636364,0.3731012536223182,
haberman,LogisticRegression,Quantile Transform,8.0,0.03125,0.0,0.0972366333007812,0.010507583618164,0.4032059852942692,35.0,180.0,23.0,38.0,0.7449220595181861,0.3963949352225551,0.0,17.0,5.0,8.0,0.3806818181818182,-0.2696799449852968,
haberman,LogisticRegression,Quantile Transform,9.0,0.015625,0.0,0.0971050262451171,0.010507583618164,0.3780964865493619,35.0,180.0,23.0,38.0,0.6987988393278898,0.3963949352225551,6.0,16.0,6.0,2.0,0.8125,0.4308202184276645,
haberman,LogisticRegression,Quantile Transform,10.0,0.015625,0.0,0.0971488952636718,0.010507583618164,0.3722594251626999,39.0,167.0,36.0,34.0,0.7013968553883527,0.3538632464930157,4.0,18.0,4.0,4.0,0.7670454545454545,0.3181818181818182,
haberman,LogisticRegression,Random Undersampling,1.0,0.015625,0.0,0.0852279663085937,0.0031967163085937,0.4548411370692526,46.0,146.0,56.0,27.0,0.6893394818933948,0.3226094135271438,6.0,21.0,2.0,2.0,0.8369565217391304,0.6630434782608695,
haberman,LogisticRegression,Random Undersampling,2.0,0.015625,0.0,0.0849819183349609,0.0031967163085937,0.4849642633096352,44.0,155.0,47.0,29.0,0.7046656720466566,0.3472859641821311,4.0,18.0,5.0,4.0,0.6521739130434783,0.2724343325001703,
haberman,LogisticRegression,Random Undersampling,3.0,0.015625,0.0,0.0852851867675781,0.0031967163085937,0.4726940296672598,48.0,148.0,54.0,25.0,0.6919164519191645,0.3567053354026105,5.0,22.0,1.0,3.0,0.8097826086956521,0.6440643140088652,
haberman,LogisticRegression,Random Undersampling,4.0,0.015625,0.0,0.0850963592529296,0.0031967163085937,0.4115848847697191,56.0,137.0,65.0,17.0,0.7311474298114744,0.3961656856645258,3.0,13.0,10.0,5.0,0.4836956521739131,-0.0530122020969053,
haberman,LogisticRegression,Random Undersampling,5.0,0.03125,0.0,0.0852279663085937,0.0031967163085937,0.5187634949791293,37.0,167.0,35.0,36.0,0.6745897192458973,0.3350622037666841,7.0,19.0,4.0,1.0,0.9130434782608696,0.6411644853180825,
haberman,LogisticRegression,Random Undersampling,6.0,0.03125,0.0,0.0851325988769531,0.0031814575195312,0.5288883614673087,37.0,174.0,29.0,35.0,0.7147304324028462,0.3819268811941219,3.0,17.0,5.0,6.0,0.5808080808080808,0.110021557355838,
haberman,LogisticRegression,Random Undersampling,7.0,0.015625,0.0,0.0854473114013671,0.0031967163085937,0.5137511508419911,37.0,171.0,32.0,36.0,0.6943113570416357,0.3557059968448324,4.0,19.0,3.0,4.0,0.8068181818181819,0.380198765217406,
haberman,LogisticRegression,Random Undersampling,8.0,0.03125,0.0,0.0852899551391601,0.0031967163085937,0.5296569608731377,39.0,173.0,30.0,34.0,0.7347999190228761,0.3936479698416146,1.0,19.0,3.0,7.0,0.409090909090909,-0.014782809899727,
haberman,LogisticRegression,Random Undersampling,9.0,0.015625,0.0,0.085184097290039,0.0031967163085937,0.4629371720077835,49.0,151.0,52.0,24.0,0.6893515081989338,0.380063852961324,6.0,15.0,7.0,2.0,0.8238636363636364,0.3853551092995474,
haberman,LogisticRegression,Random Undersampling,10.0,0.015625,0.0,0.0853290557861328,0.0031967163085937,0.517796848867242,38.0,172.0,31.0,35.0,0.7100344152776842,0.3746769833432235,3.0,16.0,6.0,5.0,0.6306818181818182,0.0986927542439653,
haberman,LogisticRegression,SMOTE / SMOTENC,1.0,0.015625,0.0,0.1070051193237304,0.0051918029785156,0.4817215651748079,47.0,147.0,55.0,26.0,0.6774718567747186,0.3396573744648772,7.0,18.0,5.0,1.0,0.875,0.5907572161912834,
haberman,LogisticRegression,SMOTE / SMOTENC,2.0,0.015625,0.0,0.1069612503051757,0.0051918029785156,0.4702251975026025,47.0,150.0,52.0,26.0,0.7086667570866676,0.3554769120683343,5.0,18.0,5.0,3.0,0.6630434782608695,0.3815423097920998,
haberman,LogisticRegression,SMOTE / SMOTENC,3.0,0.03125,0.015625,0.1070489883422851,0.0051918029785156,0.5417668122871803,34.0,175.0,27.0,39.0,0.6941543469415434,0.3529565006825856,2.0,22.0,1.0,6.0,0.7608695652173914,0.3056574897416987,
haberman,LogisticRegression,SMOTE / SMOTENC,4.0,0.015625,0.0,0.1069784164428711,0.0051918029785156,0.4726717476763102,46.0,160.0,42.0,27.0,0.7304014648040146,0.3996776491312334,3.0,15.0,8.0,5.0,0.4782608695652174,0.0248513366402357,
haberman,LogisticRegression,SMOTE / SMOTENC,5.0,0.015625,0.0,0.1066713333129882,0.0051918029785156,0.4690773220634655,48.0,143.0,59.0,25.0,0.6757425742574257,0.3309973670150963,8.0,15.0,8.0,0.0,0.9456521739130436,0.5710402407201607,
haberman,LogisticRegression,SMOTE / SMOTENC,6.0,0.015625,0.0,0.1065893173217773,0.0051612854003906,0.546066819298988,33.0,178.0,25.0,39.0,0.7091885604816639,0.3612013032139451,2.0,20.0,2.0,7.0,0.5757575757575757,0.1777988203034806,
haberman,LogisticRegression,SMOTE / SMOTENC,7.0,0.015625,0.0,0.1069269180297851,0.0051918029785156,0.5230091128797527,36.0,172.0,31.0,37.0,0.6939739523584588,0.3502201882619021,4.0,20.0,2.0,4.0,0.8011363636363636,0.4522670168666454,
haberman,LogisticRegression,SMOTE / SMOTENC,8.0,0.015625,0.0,0.1066198348999023,0.0051918029785156,0.5039710795314637,41.0,164.0,39.0,32.0,0.7252176260206493,0.3592369175689316,2.0,18.0,4.0,6.0,0.4261363636363636,0.0753778361444409,
haberman,LogisticRegression,SMOTE / SMOTENC,9.0,0.015625,0.0,0.1074371337890625,0.0051918029785156,0.4767681986823759,48.0,148.0,55.0,25.0,0.6867197516701531,0.352555674608278,6.0,13.0,9.0,2.0,0.8068181818181818,0.3015113445777636,
haberman,LogisticRegression,SMOTE / SMOTENC,10.0,0.015625,0.0,0.1069707870483398,0.0051918029785156,0.5037859494601691,41.0,164.0,39.0,32.0,0.6997773129091032,0.3592369175689316,3.0,13.0,9.0,5.0,0.5397727272727273,-0.0307728727448331,
haberman,LogisticRegression,Select Percentile (Mutual Info),1.0,0.109375,0.0,0.1526012420654297,0.0020694732666015,0.2446573267220857,44.0,145.0,57.0,29.0,0.6917808219178082,0.2936386214310028,5.0,20.0,3.0,3.0,0.7744565217391306,0.4945652173913043,
haberman,LogisticRegression,Select Percentile (Mutual Info),2.0,0.015625,0.0,0.1517238616943359,0.0020694732666015,0.2719116815338225,21.0,161.0,41.0,52.0,0.5109182151091822,0.0895034296318588,0.0,22.0,1.0,8.0,0.4402173913043478,-0.1076763804116331,
haberman,LogisticRegression,Select Percentile (Mutual Info),3.0,0.03125,0.0,0.1523380279541015,0.0020694732666015,0.2688464149002519,36.0,167.0,35.0,37.0,0.6950359419503593,0.322763564764624,3.0,21.0,2.0,5.0,0.7989130434782609,0.342685147574115,
haberman,LogisticRegression,Select Percentile (Mutual Info),4.0,0.03125,0.0,0.1520709991455078,0.0020694732666015,0.2752972364471765,36.0,171.0,31.0,37.0,0.7236538722365388,0.3494176576612773,3.0,17.0,6.0,5.0,0.532608695652174,0.110021557355838,
haberman,LogisticRegression,Select Percentile (Mutual Info),5.0,0.03125,0.0,0.1523818969726562,0.0020694732666015,0.2624934668002202,50.0,83.0,119.0,23.0,0.5143089651430897,0.0869378232507992,3.0,6.0,17.0,5.0,0.3233695652173913,-0.3330079109791591,
haberman,LogisticRegression,Select Percentile (Mutual Info),6.0,0.03125,0.0,0.1524019241333007,0.0020694732666015,0.2671699484656106,34.0,172.0,31.0,38.0,0.7199302134646962,0.3306254555013982,5.0,16.0,6.0,4.0,0.5858585858585859,0.2683144681354988,
haberman,LogisticRegression,Select Percentile (Mutual Info),7.0,0.03125,0.0,0.1519012451171875,0.0020694732666015,0.2606174060391804,35.0,169.0,34.0,38.0,0.6917470814494904,0.3177640238480503,4.0,19.0,3.0,4.0,0.7954545454545454,0.380198765217406,
haberman,LogisticRegression,Select Percentile (Mutual Info),8.0,0.03125,0.0,0.1522483825683593,0.0020694732666015,0.2697984517287861,38.0,170.0,33.0,35.0,0.7294689250286794,0.3612183748206034,1.0,18.0,4.0,7.0,0.471590909090909,-0.0674199862463242,
haberman,LogisticRegression,Select Percentile (Mutual Info),9.0,0.03125,0.0,0.1531295776367187,0.0020694732666015,0.2722014561043099,34.0,170.0,33.0,39.0,0.6921182266009851,0.311900754382701,5.0,18.0,4.0,3.0,0.84375,0.4276686017238498,
haberman,LogisticRegression,Select Percentile (Mutual Info),10.0,0.03125,0.0,0.1520767211914062,0.0020694732666015,0.3525717128172064,28.0,186.0,17.0,45.0,0.709697010594507,0.3579765822948191,0.0,18.0,4.0,8.0,0.6278409090909091,-0.236524958395633,
haberman,LogisticRegression,Uniform Binning,1.0,0.0,0.0,0.0865402221679687,0.0023488998413085,0.3340234821960001,20.0,189.0,13.0,53.0,0.6164044486640444,0.2848375472288095,4.0,23.0,0.0,4.0,0.7771739130434782,0.6526300069150407,
haberman,LogisticRegression,Uniform Binning,2.0,0.015625,0.0,0.0859737396240234,0.0023488998413085,0.367904032191327,20.0,192.0,10.0,53.0,0.6284416112844161,0.3179414931267768,2.0,21.0,2.0,6.0,0.6576086956521738,0.2128141326896871,
haberman,LogisticRegression,Uniform Binning,3.0,0.0,0.0,0.0862979888916015,0.0023488998413085,0.3432563609759306,22.0,188.0,14.0,51.0,0.6570934490709346,0.3038034417101489,1.0,23.0,0.0,7.0,0.5163043478260869,0.3095695936834451,
haberman,LogisticRegression,Uniform Binning,4.0,0.015625,0.0,0.0867366790771484,0.0023488998413085,0.3748447443929578,21.0,192.0,10.0,52.0,0.642411501424115,0.3325382694533535,2.0,20.0,3.0,6.0,0.5217391304347826,0.1422466650307647,
haberman,LogisticRegression,Uniform Binning,5.0,0.015625,0.0,0.0863323211669921,0.0023488998413085,0.3191921783164718,21.0,188.0,14.0,52.0,0.6210836837108368,0.2893204379871272,5.0,20.0,3.0,3.0,0.8614130434782608,0.4945652173913043,
haberman,LogisticRegression,Uniform Binning,6.0,0.015625,0.0,0.0866317749023437,0.0023488998413085,0.3622888423771367,22.0,192.0,11.0,50.0,0.6568486590038314,0.3400636656242172,0.0,21.0,1.0,9.0,0.4166666666666667,-0.1167748416242284,
haberman,LogisticRegression,Uniform Binning,7.0,0.015625,0.0,0.0868368148803711,0.0023488998413085,0.3818123296487927,20.0,190.0,13.0,53.0,0.63732370605304,0.2853845483880809,3.0,21.0,1.0,5.0,0.7045454545454545,0.4287014870920849,
haberman,LogisticRegression,Uniform Binning,8.0,0.015625,0.0,0.0866785049438476,0.0023488998413085,0.3706689395153884,20.0,194.0,9.0,53.0,0.6485255415345165,0.3302973006950497,0.0,21.0,1.0,8.0,0.5,-0.1119785021911708,
haberman,LogisticRegression,Uniform Binning,9.0,0.015625,0.0,0.0867261886596679,0.0023488998413085,0.3692805254084652,19.0,192.0,11.0,54.0,0.6242998852824078,0.2920326455559728,1.0,21.0,1.0,7.0,0.7954545454545454,0.1410190187044415,
haberman,LogisticRegression,Uniform Binning,10.0,0.015625,0.0,0.0866918563842773,0.0023488998413085,0.3843124046109618,23.0,192.0,11.0,50.0,0.6401241649234091,0.3501105995458803,0.0,20.0,2.0,8.0,0.4005681818181817,-0.161164592805076,
haberman,LogisticRegression,Yeo-Johnson,1.0,0.03125,0.0,0.0854606628417968,0.0019693374633789,0.3093969436112436,44.0,155.0,47.0,29.0,0.6956462769564628,0.3472859641821311,5.0,20.0,3.0,3.0,0.8423913043478262,0.4945652173913043,
haberman,LogisticRegression,Yeo-Johnson,2.0,0.03125,0.0,0.0853996276855468,0.0019693374633789,0.3056721904678345,46.0,157.0,45.0,27.0,0.7216194222161942,0.3822882145578269,4.0,16.0,7.0,4.0,0.641304347826087,0.1789296238096974,
haberman,LogisticRegression,Yeo-Johnson,3.0,0.03125,0.0,0.0852241516113281,0.0019693374633789,0.2963565286474637,47.0,153.0,49.0,26.0,0.7062932320629323,0.3717083545816318,4.0,20.0,3.0,4.0,0.8097826086956522,0.3867633919142965,
haberman,LogisticRegression,Yeo-Johnson,4.0,0.03125,0.0,0.0853557586669921,0.0019693374633789,0.3210471251985,46.0,160.0,42.0,27.0,0.7358266648582666,0.3996776491312334,3.0,16.0,7.0,5.0,0.5108695652173914,0.0661340003639639,
haberman,LogisticRegression,Yeo-Johnson,5.0,0.03125,0.0,0.0853557586669921,0.0019693374633789,0.2965199941912929,44.0,150.0,52.0,29.0,0.6853044893530449,0.3198815179194979,8.0,19.0,4.0,0.0,0.9456521739130436,0.7421082385212817,
haberman,LogisticRegression,Yeo-Johnson,6.0,0.03125,0.0,0.0853557586669921,0.0019693374633789,0.4328624306168628,33.0,181.0,22.0,39.0,0.7326559934318556,0.3846260419137355,3.0,18.0,4.0,6.0,0.5757575757575757,0.1644879237399422,
haberman,LogisticRegression,Yeo-Johnson,7.0,0.046875,0.0,0.0855207443237304,0.0019693374633789,0.3600245462765387,38.0,169.0,34.0,35.0,0.6978203657466766,0.3546312104122558,4.0,19.0,3.0,4.0,0.8352272727272727,0.380198765217406,
haberman,LogisticRegression,Yeo-Johnson,8.0,0.03125,0.0,0.0855207443237304,0.0019693374633789,0.287181443440345,49.0,155.0,48.0,24.0,0.7476212969836021,0.4016671360533928,2.0,17.0,5.0,6.0,0.4204545454545454,0.0237624228260878,
haberman,LogisticRegression,Yeo-Johnson,9.0,0.03125,0.0,0.0851697921752929,0.0019693374633789,0.3635247491620073,39.0,170.0,33.0,34.0,0.6992037249477022,0.3733388201358382,5.0,17.0,5.0,3.0,0.8693181818181818,0.3731012536223182,
haberman,LogisticRegression,Yeo-Johnson,10.0,0.03125,0.0,0.0852136611938476,0.0019693374633789,0.3181779546492107,44.0,161.0,42.0,29.0,0.7132735002361833,0.3769698211400513,5.0,14.0,8.0,3.0,0.6590909090909091,0.2332412503655155,
haberman,MLP,Baseline,1.0,1.59375,0.0,0.463592529296875,0.0269508361816406,0.2902512007000388,48.0,156.0,46.0,25.0,0.7570866675708667,0.4001399429072367,6.0,21.0,2.0,2.0,0.7934782608695652,0.6630434782608695,
haberman,MLP,Baseline,2.0,1.6875,0.078125,0.4677305221557617,0.0269508361816406,0.2886766869263093,47.0,164.0,38.0,26.0,0.7791943577919436,0.4354576203373362,4.0,17.0,6.0,4.0,0.6902173913043479,0.2238381550780319,
haberman,MLP,Baseline,3.0,1.59375,0.0,0.4678182601928711,0.0269508361816406,0.2496524235146068,52.0,149.0,53.0,21.0,0.775803607758036,0.408963644308134,4.0,17.0,6.0,4.0,0.6630434782608696,0.2238381550780319,
haberman,MLP,Baseline,4.0,1.6875,0.0,0.4678621292114258,0.0269508361816406,0.2616870728368555,50.0,158.0,44.0,23.0,0.7828902753289028,0.4348633522791175,3.0,16.0,7.0,5.0,0.5978260869565217,0.0661340003639639,
haberman,MLP,Baseline,5.0,1.890625,0.0,0.4677743911743164,0.0269508361816406,0.2424423250863288,53.0,137.0,65.0,20.0,0.7515597450155975,0.360654352015269,8.0,16.0,7.0,0.0,0.9619565217391304,0.6091095901015048,
haberman,MLP,Baseline,6.0,1.5,0.0,0.467686653137207,0.0269508361816406,0.2609056847756797,49.0,158.0,45.0,23.0,0.7810960591133005,0.425315122671781,5.0,15.0,7.0,4.0,0.6565656565656566,0.2212064771005878,
haberman,MLP,Baseline,7.0,1.6875,0.0,0.4683055877685547,0.0269527435302734,0.2541423098001879,49.0,152.0,51.0,24.0,0.7669883257979621,0.3853929812561895,5.0,16.0,6.0,3.0,0.7784090909090909,0.3232676249994279,
haberman,MLP,Baseline,8.0,1.5,0.09375,0.4684810638427734,0.0269527435302734,0.2875525704876709,50.0,161.0,42.0,23.0,0.7939132195154869,0.447266404568513,1.0,19.0,3.0,7.0,0.5397727272727273,-0.014782809899727,
haberman,MLP,Baseline,9.0,1.65625,0.0,0.468393325805664,0.0269527435302734,0.3305366579308114,38.0,172.0,31.0,35.0,0.7524461839530332,0.3746769833432235,4.0,16.0,6.0,4.0,0.8181818181818182,0.2132007163556104,
haberman,MLP,Baseline,10.0,1.671875,0.0,0.4685211181640625,0.0269527435302734,0.2709053032617468,51.0,157.0,46.0,22.0,0.7709022201228153,0.4360797170096978,5.0,13.0,9.0,3.0,0.6079545454545454,0.1913829539560278,
haberman,MLP,IQR Capping,1.0,1.796875,0.0,0.4748086929321289,0.02744770050048828,0.2703763193366347,51.0,148.0,54.0,22.0,0.7564763325647633,0.3920133802260335,6.0,21.0,2.0,2.0,0.8152173913043478,0.6630434782608695,
haberman,MLP,IQR Capping,2.0,1.90625,0.09375,0.4743633270263672,0.02744770050048828,0.2544907387039634,51.0,154.0,48.0,22.0,0.7797368777973687,0.42410179856801283,4.0,16.0,7.0,4.0,0.6902173913043479,0.17892962380969743,
haberman,MLP,IQR Capping,3.0,1.8125,0.015625,0.4741840362548828,0.02744770050048828,0.27316506671696855,48.0,159.0,43.0,25.0,0.7772955377729553,0.4172904649335228,3.0,19.0,4.0,5.0,0.7010869565217391,0.21044478677689665,
haberman,MLP,IQR Capping,4.0,1.71875,0.0,0.4745464324951172,0.02744770050048828,0.24879885290634832,51.0,154.0,48.0,22.0,0.7883154753831547,0.42410179856801283,3.0,16.0,7.0,5.0,0.6358695652173914,0.06613400036396397,
haberman,MLP,IQR Capping,5.0,1.703125,0.09375,0.4745931625366211,0.02744770050048828,0.2425947006003524,53.0,139.0,63.0,20.0,0.7562389800623897,0.37030813126539375,8.0,16.0,7.0,0.0,0.9619565217391304,0.6091095901015048,
haberman,MLP,IQR Capping,6.0,1.84375,0.09375,0.4743223190307617,0.02744770050048828,0.2507881833343068,50.0,156.0,47.0,22.0,0.7818486590038314,0.4259139433283684,5.0,15.0,7.0,4.0,0.6616161616161615,0.2212064771005878,
haberman,MLP,IQR Capping,7.0,1.8125,0.09375,0.4752998352050781,0.027449607849121094,0.3585008934951184,36.0,178.0,25.0,37.0,0.7723868007287941,0.39330063663634435,4.0,19.0,3.0,4.0,0.7670454545454545,0.380198765217406,
haberman,MLP,IQR Capping,8.0,1.6875,0.0,0.47533607482910156,0.027449607849121094,0.2782423995289412,51.0,159.0,44.0,22.0,0.7958701666779134,0.4473510839345547,1.0,19.0,3.0,7.0,0.534090909090909,-0.014782809899727065,
haberman,MLP,IQR Capping,9.0,1.703125,0.0,0.47507381439208984,0.027449607849121094,0.37076897453463653,36.0,178.0,25.0,37.0,0.7582495445036778,0.39330063663634435,5.0,18.0,4.0,3.0,0.8352272727272728,0.42766860172384985,
haberman,MLP,IQR Capping,10.0,1.890625,0.09375,0.4752998352050781,0.027449607849121094,0.2828193176440129,49.0,161.0,42.0,24.0,0.7717119913624401,0.4356478233301576,5.0,13.0,9.0,3.0,0.6193181818181819,0.1913829539560278,
haberman,MLP,IQR Removal,1.0,1.8125,0.09375,0.4683904647827148,0.0271625518798828,0.2731021378389493,51.0,151.0,51.0,22.0,0.7641394276413943,0.4078492182158107,5.0,21.0,2.0,3.0,0.8206521739130435,0.5630819970516965,
haberman,MLP,IQR Removal,2.0,1.78125,0.0,0.4662094116210937,0.0271625518798828,0.3029876415849525,49.0,157.0,45.0,24.0,0.7737691577376915,0.4175016475931771,4.0,17.0,6.0,4.0,0.7282608695652174,0.2238381550780319,
haberman,MLP,IQR Removal,3.0,1.6875,0.0,0.4635210037231445,0.0271644592285156,0.2962281778170063,46.0,163.0,39.0,27.0,0.7758036077580361,0.4176375540288887,2.0,22.0,1.0,6.0,0.7336956521739131,0.3056574897416987,
haberman,MLP,IQR Removal,4.0,1.96875,0.0,0.4638223648071289,0.0271625518798828,0.1988533800457167,59.0,137.0,65.0,14.0,0.7896039603960396,0.4316824569587802,5.0,11.0,12.0,3.0,0.5815217391304348,0.0907938037380483,
haberman,MLP,IQR Removal,5.0,1.6875,0.0,0.462712287902832,0.0271625518798828,0.2345570226457452,56.0,137.0,65.0,17.0,0.7535263800352637,0.3961656856645258,8.0,14.0,9.0,0.0,0.9239130434782608,0.535205579929548,
haberman,MLP,IQR Removal,6.0,1.5,0.0,0.4587955474853515,0.0271625518798828,0.2866005584805836,45.0,160.0,43.0,27.0,0.7567391899288451,0.3893934330800618,5.0,14.0,8.0,4.0,0.5707070707070707,0.1765399798903858,
haberman,MLP,IQR Removal,7.0,1.78125,0.0,0.46221923828125,0.0271644592285156,0.2377959023961669,54.0,146.0,57.0,19.0,0.7682704635940347,0.4128191776015047,5.0,17.0,5.0,3.0,0.7386363636363636,0.3731012536223182,
haberman,MLP,IQR Removal,8.0,1.96875,0.0,0.4654550552368164,0.0271644592285156,0.2797864901054313,53.0,154.0,49.0,20.0,0.7970173426007152,0.4428546832379489,1.0,19.0,3.0,7.0,0.5056818181818181,-0.014782809899727,
haberman,MLP,IQR Removal,9.0,1.703125,0.0,0.463663101196289,0.0271644592285156,0.4093206195621518,36.0,181.0,22.0,37.0,0.7570348876442405,0.416558039188907,3.0,19.0,3.0,5.0,0.8295454545454546,0.2638224265055431,
haberman,MLP,IQR Removal,10.0,1.875,0.0,0.4614019393920898,0.0271644592285156,0.2618880625748386,53.0,155.0,48.0,20.0,0.7644240502058167,0.4482788576222412,5.0,13.0,9.0,3.0,0.6761363636363636,0.1913829539560278,
haberman,MLP,PCA,1.0,1.59375,0.03125,0.4690456390380859,0.027719497680664,0.2676383885381221,52.0,149.0,53.0,21.0,0.7581717075817171,0.408963644308134,6.0,21.0,2.0,2.0,0.7989130434782609,0.6630434782608695,
haberman,MLP,PCA,2.0,1.671875,0.0,0.4692573547363281,0.027719497680664,0.2772951520168799,49.0,160.0,42.0,24.0,0.7779058727790588,0.4347915901213707,4.0,17.0,6.0,4.0,0.7065217391304348,0.2238381550780319,
haberman,MLP,PCA,3.0,1.78125,0.0,0.4695682525634765,0.027719497680664,0.2317172260952477,55.0,144.0,58.0,18.0,0.7783127627831277,0.4185063232932463,4.0,17.0,6.0,4.0,0.657608695652174,0.2238381550780319,
haberman,MLP,PCA,4.0,1.59375,0.0,0.4697265625,0.027719497680664,0.2543635979831626,50.0,156.0,46.0,23.0,0.788925810389258,0.4235351912437657,3.0,16.0,7.0,5.0,0.6086956521739131,0.0661340003639639,
haberman,MLP,PCA,5.0,1.6875,0.0,0.4693927764892578,0.027719497680664,0.2329454357404998,56.0,134.0,68.0,17.0,0.7542045300420452,0.3820326553428603,8.0,16.0,7.0,0.0,0.967391304347826,0.6091095901015048,
haberman,MLP,PCA,6.0,1.6875,0.0,0.4695682525634765,0.027719497680664,0.2500524115326038,50.0,157.0,46.0,22.0,0.779796113847838,0.4314720789589576,5.0,14.0,8.0,4.0,0.6666666666666667,0.1765399798903858,
haberman,MLP,PCA,7.0,1.6875,0.0,0.4700555801391601,0.0277214050292968,0.2226589556939863,57.0,133.0,70.0,16.0,0.7661110736217019,0.3858293820154584,7.0,14.0,8.0,1.0,0.7954545454545454,0.4522670168666454,
haberman,MLP,PCA,8.0,1.78125,0.0,0.4700555801391601,0.0277214050292968,0.2862620410486139,49.0,163.0,40.0,24.0,0.7960051285511842,0.4474501911314472,1.0,19.0,3.0,7.0,0.5227272727272727,-0.014782809899727,
haberman,MLP,PCA,9.0,1.78125,0.0,0.4700508117675781,0.0277214050292968,0.2225296538849069,55.0,142.0,61.0,18.0,0.7600040488561981,0.4047189250166682,7.0,14.0,8.0,1.0,0.8125,0.4522670168666454,
haberman,MLP,PCA,10.0,1.8125,0.0,0.4702310562133789,0.0277214050292968,0.2596002944406496,52.0,155.0,48.0,21.0,0.7752210000674808,0.4366631272202199,5.0,13.0,9.0,3.0,0.6022727272727273,0.1913829539560278,
haberman,MLP,Quantile Binning,1.0,1.875,0.0,0.4688177108764648,0.0275287628173828,0.2418007749858791,56.0,137.0,65.0,17.0,0.7549165875491659,0.3961656856645258,5.0,17.0,6.0,3.0,0.7173913043478262,0.3330079109791591,
haberman,MLP,Quantile Binning,2.0,1.9375,0.0,0.4689016342163086,0.0275287628173828,0.3577006556481792,44.0,167.0,35.0,29.0,0.7751593652515937,0.4191126718661384,3.0,17.0,6.0,5.0,0.5733695652173914,0.110021557355838,
haberman,MLP,Quantile Binning,3.0,1.6875,0.0,0.4687757492065429,0.0275287628173828,0.3347877215274734,48.0,156.0,46.0,25.0,0.7727858402278585,0.4001399429072367,3.0,19.0,4.0,5.0,0.7391304347826088,0.2104447867768966,
haberman,MLP,Quantile Binning,4.0,1.6875,0.0,0.4688177108764648,0.0275287628173828,0.3445978844784261,44.0,164.0,38.0,29.0,0.770310592703106,0.4002236412822125,3.0,19.0,4.0,5.0,0.671195652173913,0.2104447867768966,
haberman,MLP,Quantile Binning,5.0,1.84375,0.0,0.4689931869506836,0.0275287628173828,0.2065148198902397,60.0,116.0,86.0,13.0,0.7438966499389665,0.3505525695293647,8.0,14.0,9.0,0.0,0.9510869565217392,0.535205579929548,
haberman,MLP,Quantile Binning,6.0,1.78125,0.0,0.4688215255737304,0.0275287628173828,0.3275910737779092,40.0,170.0,33.0,32.0,0.7756910235358511,0.3912578366407468,4.0,14.0,8.0,5.0,0.547979797979798,0.0753043326299873,
haberman,MLP,Quantile Binning,7.0,1.78125,0.09375,0.4696559906005859,0.0275306701660156,0.2621307967683983,55.0,141.0,62.0,18.0,0.7531209933193873,0.3998542593525638,6.0,16.0,6.0,2.0,0.7698863636363636,0.4308202184276645,
haberman,MLP,Quantile Binning,8.0,1.90625,0.0,0.4698314666748047,0.0275306701660156,0.3553595896149306,44.0,169.0,34.0,29.0,0.7823739793508334,0.4263540268081079,2.0,18.0,4.0,6.0,0.5823863636363636,0.0753778361444409,
haberman,MLP,Quantile Binning,9.0,1.59375,0.0,0.4696578979492187,0.0275306701660156,0.2257174571256618,58.0,128.0,75.0,15.0,0.7547742762669545,0.375204743359439,7.0,14.0,8.0,1.0,0.8096590909090908,0.4522670168666454,
haberman,MLP,Quantile Binning,10.0,1.875,0.0,0.4696121215820312,0.0275306701660156,0.3357124665186591,46.0,165.0,38.0,27.0,0.771172143869357,0.4245891246014613,4.0,15.0,7.0,4.0,0.5852272727272727,0.1668478064513176,
haberman,MLP,Quantile Transform,1.0,1.78125,0.0,0.4785194396972656,0.0356407165527343,0.2442363048644753,57.0,135.0,67.0,16.0,0.7791265427912654,0.3985825892148336,6.0,15.0,8.0,2.0,0.8043478260869565,0.3536179724534513,
haberman,MLP,Quantile Transform,2.0,1.6875,0.0,0.4785652160644531,0.0356407165527343,0.4071720377922546,37.0,181.0,21.0,36.0,0.785636782856368,0.4360924560458893,4.0,18.0,5.0,4.0,0.7771739130434783,0.2724343325001703,
haberman,MLP,Quantile Transform,3.0,1.609375,0.0,0.4783744812011719,0.0356407165527343,0.3617136109853568,40.0,176.0,26.0,33.0,0.7845517428455174,0.4334577527946681,1.0,22.0,1.0,7.0,0.8586956521739131,0.1452005798741936,
haberman,MLP,Quantile Transform,4.0,1.578125,0.0,0.4781370162963867,0.0356407165527343,0.2956551830854442,53.0,153.0,49.0,20.0,0.8018784755187847,0.4419451400912775,4.0,15.0,8.0,4.0,0.625,0.1367041492012887,
haberman,MLP,Quantile Transform,5.0,1.640625,0.0,0.4781503677368164,0.0356407165527343,0.3288706490267988,50.0,147.0,55.0,23.0,0.7596975450969755,0.375063116143933,8.0,16.0,7.0,0.0,0.940217391304348,0.6091095901015048,
haberman,MLP,Quantile Transform,6.0,1.59375,0.0,0.4778518676757812,0.0356407165527343,0.3732816202327346,45.0,171.0,32.0,27.0,0.8052476737821567,0.4576063690791635,3.0,16.0,6.0,6.0,0.4848484848484848,0.0606060606060606,
haberman,MLP,Quantile Transform,7.0,1.6875,0.0,0.478891372680664,0.0356731414794921,0.2740589083516187,52.0,150.0,53.0,21.0,0.7781901612794386,0.4099483751945781,6.0,16.0,6.0,2.0,0.8125,0.4308202184276645,
haberman,MLP,Quantile Transform,8.0,1.671875,0.046875,0.4791727066040039,0.0356731414794921,0.3923065106890542,43.0,177.0,26.0,30.0,0.8169242189081585,0.4695319158351788,1.0,17.0,5.0,7.0,0.5113636363636364,-0.1130667542166613,
haberman,MLP,Quantile Transform,9.0,1.59375,0.0,0.4789724349975586,0.0356731414794921,0.2779221523505491,53.0,145.0,58.0,20.0,0.7791011539240165,0.3960660393838874,8.0,13.0,9.0,0.0,0.8068181818181819,0.5273280443046439,
haberman,MLP,Quantile Transform,10.0,1.6875,0.0,0.4781007766723633,0.0356731414794921,0.3477778642657859,47.0,167.0,36.0,26.0,0.7945880288818409,0.4486827852815218,4.0,14.0,8.0,4.0,0.6875,0.1230914909793327,
haberman,MLP,Random Undersampling,1.0,0.859375,0.0,0.4333009719848633,0.0283565521240234,0.4469340934163194,54.0,139.0,63.0,19.0,0.7520005425200055,0.3821219086039783,6.0,19.0,4.0,2.0,0.8097826086956522,0.5392464645061678,
haberman,MLP,Random Undersampling,2.0,1.015625,0.0,0.4336528778076172,0.0283565521240234,0.537605506283601,48.0,155.0,47.0,25.0,0.7576970025769699,0.3945353351745799,4.0,15.0,8.0,4.0,0.6793478260869565,0.1367041492012887,
haberman,MLP,Random Undersampling,3.0,1.125,0.0,0.4335641860961914,0.0283565521240234,0.4790022259761676,53.0,150.0,52.0,20.0,0.773972602739726,0.4259139083902345,4.0,19.0,4.0,4.0,0.75,0.3260869565217391,
haberman,MLP,Random Undersampling,4.0,1.015625,0.0,0.4336519241333008,0.0283565521240234,0.498917135595153,50.0,153.0,49.0,23.0,0.776651295266513,0.4069455769430932,6.0,15.0,8.0,2.0,0.6032608695652174,0.3536179724534513,
haberman,MLP,Random Undersampling,5.0,1.125,0.0,0.4335212707519531,0.0283565521240234,0.5772517439246332,37.0,173.0,29.0,36.0,0.7588159500881595,0.3756119672793654,7.0,18.0,5.0,1.0,0.9565217391304348,0.5907572161912834,
haberman,MLP,Random Undersampling,6.0,0.9375,0.03125,0.4287996292114258,0.0283393859863281,0.5370347103978509,42.0,171.0,32.0,30.0,0.782532840722496,0.4219897002633096,3.0,16.0,6.0,6.0,0.5808080808080808,0.0606060606060606,
haberman,MLP,Random Undersampling,7.0,1.03125,0.0,0.4334726333618164,0.0283565521240234,0.4638244473984188,54.0,144.0,59.0,19.0,0.7607800796275052,0.4028149558840825,6.0,16.0,6.0,2.0,0.7159090909090909,0.4308202184276645,
haberman,MLP,Random Undersampling,8.0,0.828125,0.0,0.4333448410034179,0.0283565521240234,0.514053386224837,48.0,160.0,43.0,25.0,0.781969093731021,0.418173793503225,2.0,19.0,3.0,6.0,0.5056818181818181,0.1348399724926484,
haberman,MLP,Random Undersampling,9.0,0.921875,0.0,0.4335203170776367,0.0283565521240234,0.4375210347254445,55.0,134.0,69.0,18.0,0.7416492340913692,0.3666710912466331,6.0,14.0,8.0,2.0,0.7329545454545454,0.3424747597107866,
haberman,MLP,Random Undersampling,10.0,0.828125,0.0,0.4337835311889648,0.0283565521240234,0.5522961130558299,46.0,163.0,40.0,27.0,0.7717119913624402,0.4124432853864386,3.0,15.0,7.0,5.0,0.6022727272727273,0.0533001790889026,
haberman,MLP,SMOTE / SMOTENC,1.0,2.015625,0.0,0.5912513732910156,0.0296649932861328,0.5144359112220116,51.0,148.0,54.0,22.0,0.7440661874406618,0.3920133802260335,6.0,21.0,2.0,2.0,0.8043478260869565,0.6630434782608695,
haberman,MLP,SMOTE / SMOTENC,2.0,0.953125,0.0,0.5794811248779297,0.0283765792846679,0.3785505167217465,57.0,138.0,64.0,16.0,0.7502373525023736,0.4127555384980487,6.0,14.0,9.0,2.0,0.6739130434782609,0.3140721323960884,
haberman,MLP,SMOTE / SMOTENC,3.0,2.4375,0.0,0.5957870483398438,0.030156135559082,0.4810339396727673,56.0,142.0,60.0,17.0,0.7764817577648176,0.4203333823369428,3.0,17.0,6.0,5.0,0.5815217391304348,0.110021557355838,
haberman,MLP,SMOTE / SMOTENC,4.0,2.0625,0.0,0.5941925048828125,0.0301017761230468,0.4681620530444854,54.0,151.0,51.0,19.0,0.7801098603010985,0.442864172472335,3.0,13.0,10.0,5.0,0.5760869565217391,-0.0530122020969053,
haberman,MLP,SMOTE / SMOTENC,5.0,2.0625,0.0,0.5959796905517578,0.0301923751831054,0.4914799609785042,53.0,150.0,52.0,20.0,0.7473552149735522,0.4259139083902345,8.0,16.0,7.0,0.0,0.9728260869565216,0.6091095901015048,
haberman,MLP,SMOTE / SMOTENC,6.0,2.203125,0.0,0.5975704193115234,0.0303611755371093,0.491724471248907,48.0,160.0,43.0,24.0,0.7696018062397373,0.4249591023059113,6.0,15.0,7.0,3.0,0.601010101010101,0.3205594371693848,
haberman,MLP,SMOTE / SMOTENC,7.0,2.21875,0.0,0.5975570678710938,0.0303916931152343,0.4662299262017655,60.0,122.0,81.0,13.0,0.7618597746136716,0.3731417165821189,7.0,13.0,9.0,1.0,0.7897727272727273,0.4129842690630074,
haberman,MLP,SMOTE / SMOTENC,8.0,1.59375,0.015625,0.5863685607910156,0.0291395187377929,0.5394938552501414,37.0,179.0,24.0,36.0,0.7809568796814899,0.4130983706709296,1.0,19.0,3.0,7.0,0.5170454545454546,-0.014782809899727,
haberman,MLP,SMOTE / SMOTENC,9.0,2.34375,0.0,0.5978603363037109,0.0303916931152343,0.5336945723613327,48.0,157.0,46.0,25.0,0.7523112220797625,0.4010696919082652,5.0,17.0,5.0,3.0,0.8579545454545454,0.3731012536223182,
haberman,MLP,SMOTE / SMOTENC,10.0,2.34375,0.0,0.5946674346923828,0.0301198959350585,0.5204809716554862,44.0,167.0,36.0,29.0,0.7586206896551724,0.4135554288448767,4.0,13.0,9.0,4.0,0.5227272727272727,0.0811273914314836,
haberman,MLP,Select Percentile (Mutual Info),1.0,0.3125,0.0,0.4957332611083984,0.0194406509399414,0.2460848075938811,44.0,145.0,57.0,29.0,0.6923572494235726,0.2936386214310028,5.0,20.0,3.0,3.0,0.7798913043478263,0.4945652173913043,
haberman,MLP,Select Percentile (Mutual Info),2.0,0.109375,0.0,0.4913978576660156,0.0188446044921875,0.2730108979839244,55.0,73.0,129.0,18.0,0.5464532754645327,0.1077432907019146,6.0,10.0,13.0,2.0,0.532608695652174,0.1659978954587077,
haberman,MLP,Select Percentile (Mutual Info),3.0,0.140625,0.0,0.4941654205322265,0.0194244384765625,0.3007250038281808,36.0,167.0,35.0,37.0,0.6956123694561236,0.322763564764624,3.0,21.0,2.0,5.0,0.7989130434782609,0.342685147574115,
haberman,MLP,Select Percentile (Mutual Info),4.0,0.15625,0.0,0.4977836608886719,0.0197505950927734,0.3258033790724421,36.0,171.0,31.0,37.0,0.7226705547267056,0.3494176576612773,3.0,17.0,6.0,5.0,0.532608695652174,0.110021557355838,
haberman,MLP,Select Percentile (Mutual Info),5.0,0.09375,0.0,0.4900150299072265,0.0187339782714843,0.29772504907654,13.0,191.0,11.0,60.0,0.5643564356435644,0.193422535628513,0.0,19.0,4.0,8.0,0.2472826086956521,-0.2270017415356663,
haberman,MLP,Select Percentile (Mutual Info),6.0,0.15625,0.0,0.4968624114990234,0.019515037536621,0.3075581915338133,34.0,172.0,31.0,38.0,0.7199302134646962,0.3306254555013982,5.0,16.0,6.0,4.0,0.5858585858585859,0.2683144681354988,
haberman,MLP,Select Percentile (Mutual Info),7.0,0.15625,0.0,0.4965906143188476,0.0194950103759765,0.290528280711876,35.0,169.0,34.0,38.0,0.6917470814494904,0.3177640238480503,4.0,19.0,3.0,4.0,0.7897727272727273,0.380198765217406,
haberman,MLP,Select Percentile (Mutual Info),8.0,0.1875,0.0,0.4999208450317383,0.0198402404785156,0.3110357860199036,38.0,170.0,33.0,35.0,0.7294689250286794,0.3612183748206034,1.0,18.0,4.0,7.0,0.440340909090909,-0.0674199862463242,
haberman,MLP,Select Percentile (Mutual Info),9.0,0.125,0.0,0.4939641952514648,0.0189895629882812,0.3032347263796292,34.0,170.0,33.0,39.0,0.6921182266009851,0.311900754382701,5.0,18.0,4.0,3.0,0.84375,0.4276686017238498,
haberman,MLP,Select Percentile (Mutual Info),10.0,0.203125,0.0,0.5012369155883789,0.0202751159667968,0.4910423252921255,28.0,186.0,17.0,45.0,0.709697010594507,0.3579765822948191,0.0,18.0,4.0,8.0,0.6278409090909091,-0.236524958395633,
haberman,MLP,Uniform Binning,1.0,1.78125,0.0,0.4691553115844726,0.02752685546875,0.3014552685691142,30.0,173.0,29.0,43.0,0.6936457344364573,0.2876317217121373,5.0,22.0,1.0,3.0,0.75,0.6440643140088652,
haberman,MLP,Uniform Binning,2.0,1.515625,0.0,0.4688482284545898,0.02752685546875,0.3202450380334967,26.0,187.0,15.0,47.0,0.722433202224332,0.3494966784569434,2.0,18.0,5.0,6.0,0.5135869565217391,0.0341261816394967,
haberman,MLP,Uniform Binning,3.0,1.859375,0.0,0.4691114425659179,0.02752685546875,0.288633050061439,28.0,183.0,19.0,45.0,0.7213820697138207,0.3396039144884743,1.0,21.0,2.0,7.0,0.5597826086956522,0.0563053270576813,
haberman,MLP,Uniform Binning,4.0,1.78125,0.0,0.4690198898315429,0.02752685546875,0.3399944757650155,22.0,191.0,11.0,51.0,0.7126678421266783,0.3355203848140069,2.0,19.0,4.0,6.0,0.5597826086956522,0.0842700971600384,
haberman,MLP,Uniform Binning,5.0,1.875,0.0,0.4691114425659179,0.02752685546875,0.2836157063834796,27.0,184.0,18.0,46.0,0.7117523396175234,0.3351143702126431,5.0,22.0,1.0,3.0,0.9211956521739132,0.6440643140088652,
haberman,MLP,Uniform Binning,6.0,1.875,0.0,0.4680938720703125,0.02752685546875,0.297538462795975,30.0,183.0,20.0,42.0,0.7127463054187192,0.3626289099441915,0.0,19.0,3.0,9.0,0.5227272727272727,-0.2093589473396559,
haberman,MLP,Uniform Binning,7.0,1.6875,0.0,0.4695510864257812,0.0275287628173828,0.2847170459457322,32.0,178.0,25.0,41.0,0.7104055604291787,0.3434321375969561,4.0,19.0,3.0,4.0,0.7215909090909091,0.380198765217406,
haberman,MLP,Uniform Binning,8.0,1.671875,0.0,0.4695110321044922,0.0275287628173828,0.3947159027111656,23.0,192.0,11.0,50.0,0.7210000674809366,0.3501105995458803,1.0,21.0,1.0,7.0,0.5681818181818182,0.1410190187044415,
haberman,MLP,Uniform Binning,9.0,1.65625,0.0,0.4697742462158203,0.0275287628173828,0.4428774107123414,19.0,194.0,9.0,54.0,0.6920507456643497,0.3154537345362211,1.0,21.0,1.0,7.0,0.7727272727272727,0.1410190187044415,
haberman,MLP,Uniform Binning,10.0,1.78125,0.0,0.4699020385742187,0.0275287628173828,0.32792197091827,30.0,183.0,20.0,43.0,0.7185370132937445,0.3577933959826508,1.0,18.0,4.0,7.0,0.3693181818181818,-0.0674199862463242,
haberman,MLP,Yeo-Johnson,1.0,1.859375,0.0,0.4684820175170898,0.0271329879760742,0.2725449011505547,52.0,149.0,53.0,21.0,0.7694968126949682,0.408963644308134,5.0,19.0,4.0,3.0,0.8097826086956522,0.4348471076445026,
haberman,MLP,Yeo-Johnson,2.0,1.6875,0.0,0.4680433273315429,0.0271329879760742,0.3463930903144251,44.0,169.0,33.0,29.0,0.7842126678421267,0.4321085975555961,4.0,16.0,7.0,4.0,0.6902173913043478,0.1789296238096974,
haberman,MLP,Yeo-Johnson,3.0,1.6875,0.0,0.468174934387207,0.0271329879760742,0.3249387335709091,47.0,164.0,38.0,26.0,0.7791943577919436,0.4354576203373362,2.0,22.0,1.0,6.0,0.7771739130434783,0.3056574897416987,
haberman,MLP,Yeo-Johnson,4.0,1.78125,0.0,0.4682626724243164,0.0271329879760742,0.3294545925281842,46.0,163.0,39.0,27.0,0.7942153804421538,0.4176375540288887,3.0,19.0,4.0,5.0,0.5978260869565217,0.2104447867768966,
haberman,MLP,Yeo-Johnson,5.0,1.78125,0.0,0.4683504104614258,0.0271329879760742,0.2410505270858292,55.0,138.0,64.0,18.0,0.7653261901532619,0.3891150940245718,8.0,15.0,8.0,0.0,0.9619565217391304,0.5710402407201607,
haberman,MLP,Yeo-Johnson,6.0,1.953125,0.0,0.4683504104614258,0.0271329879760742,0.2965420350094099,47.0,162.0,41.0,25.0,0.788348385331144,0.4248573158742386,6.0,15.0,7.0,3.0,0.611111111111111,0.3205594371693848,
haberman,MLP,Yeo-Johnson,7.0,1.625,0.0,0.4689655303955078,0.027134895324707,0.251744305282769,52.0,150.0,53.0,21.0,0.7787300087725219,0.4099483751945781,6.0,16.0,6.0,2.0,0.7840909090909091,0.4308202184276645,
haberman,MLP,Yeo-Johnson,8.0,1.78125,0.0,0.4690570831298828,0.027134895324707,0.2808832707917193,53.0,156.0,47.0,20.0,0.8039678790741616,0.4537531758748967,2.0,19.0,3.0,6.0,0.5056818181818181,0.1348399724926484,
haberman,MLP,Yeo-Johnson,9.0,1.78125,0.0,0.4691448211669922,0.027134895324707,0.2571144073215145,49.0,155.0,48.0,24.0,0.7623658816384372,0.4016671360533928,8.0,15.0,7.0,0.0,0.875,0.6030226891555273,
haberman,MLP,Yeo-Johnson,10.0,1.703125,0.0,0.4692764282226562,0.027134895324707,0.2999996171646844,50.0,162.0,41.0,23.0,0.7779877184695323,0.4531218531570902,5.0,14.0,8.0,3.0,0.6875,0.2332412503655155,
haberman,RandomForest,Baseline,1.0,0.640625,0.0,0.226531982421875,1.1154441833496094,0.3689466666666667,73.0,198.0,4.0,0.0,0.9994574799945748,0.9639909969236896,4.0,17.0,6.0,4.0,0.654891304347826,0.2238381550780319,
haberman,RandomForest,Baseline,2.0,0.640625,0.0,0.2245607376098632,1.1152915954589844,0.4260723809523809,72.0,197.0,5.0,1.0,0.9987793299877932,0.9456502245316866,4.0,20.0,3.0,4.0,0.7228260869565217,0.3867633919142965,
haberman,RandomForest,Baseline,3.0,0.640625,0.0,0.2226791381835937,1.1032371520996094,0.3667266666666668,73.0,198.0,4.0,0.0,0.9994574799945748,0.9639909969236896,2.0,20.0,3.0,6.0,0.6222826086956522,0.1422466650307647,
haberman,RandomForest,Baseline,4.0,0.640625,0.015625,0.2215204238891601,1.0862998962402344,0.4473057142857133,72.0,200.0,2.0,1.0,0.9996948324969482,0.972190036453143,2.0,16.0,7.0,6.0,0.5380434782608696,-0.0523912177884942,
haberman,RandomForest,Baseline,5.0,0.640625,0.0,0.2249441146850586,1.1455039978027344,0.412142857142857,73.0,197.0,5.0,0.0,0.9990844974908448,0.9553699062568188,4.0,19.0,4.0,4.0,0.828804347826087,0.3260869565217391,
haberman,RandomForest,Baseline,6.0,0.625,0.0,0.2195968627929687,1.0930137634277344,0.3599066666666666,72.0,198.0,5.0,0.0,0.9991447728516696,0.9550045963391238,6.0,15.0,7.0,3.0,0.6666666666666666,0.3205594371693848,
haberman,RandomForest,Baseline,7.0,0.625,0.0,0.2254495620727539,1.1140708923339844,0.4066726190476191,72.0,200.0,3.0,1.0,0.9994601525069168,0.963238638638674,4.0,18.0,4.0,4.0,0.71875,0.3181818181818182,
haberman,RandomForest,Baseline,8.0,0.640625,0.015625,0.2238903045654297,1.0872154235839844,0.411,73.0,197.0,6.0,0.0,0.9987853431405628,0.9469629303961972,1.0,19.0,3.0,7.0,0.5227272727272727,-0.014782809899727,
haberman,RandomForest,Baseline,9.0,0.625,0.0,0.2244758605957031,1.1120872497558594,0.3696666666666666,73.0,198.0,5.0,0.0,0.9991564882920574,0.9554296284471926,5.0,17.0,5.0,3.0,0.71875,0.3731012536223182,
haberman,RandomForest,Baseline,10.0,0.625,0.015625,0.2212667465209961,1.0942344665527344,0.4001666666666666,73.0,197.0,6.0,0.0,0.9987853431405628,0.9469629303961972,1.0,14.0,8.0,7.0,0.5142045454545454,-0.2302830932359191,
haberman,RandomForest,IQR Capping,1.0,0.625,0.0,0.2347583770751953,1.1365137100219727,0.3905466666666667,73.0,198.0,4.0,0.0,0.9994574799945748,0.9639909969236897,4.0,18.0,5.0,4.0,0.6929347826086956,0.2724343325001703,
haberman,RandomForest,IQR Capping,2.0,0.65625,0.015625,0.23237895965576172,1.1269006729125977,0.42887238095238095,72.0,197.0,5.0,1.0,0.9987793299877933,0.9456502245316866,4.0,20.0,3.0,4.0,0.7010869565217391,0.38676339191429654,
haberman,RandomForest,IQR Capping,3.0,0.671875,0.015625,0.23462390899658203,1.1293420791625977,0.41432666666666673,73.0,198.0,4.0,0.0,0.9994574799945748,0.9639909969236897,2.0,20.0,3.0,6.0,0.6114130434782609,0.14224666503076472,
haberman,RandomForest,IQR Capping,4.0,0.640625,0.015625,0.23264598846435547,1.1043176651000977,0.4375057142857132,72.0,200.0,2.0,1.0,0.9996948324969483,0.972190036453143,2.0,17.0,6.0,6.0,0.5543478260869565,-0.010869565217391304,
haberman,RandomForest,IQR Capping,5.0,0.640625,0.0,0.23180580139160156,1.1571216583251953,0.41214285714285703,73.0,197.0,5.0,0.0,0.9990844974908449,0.9553699062568188,5.0,18.0,5.0,3.0,0.782608695652174,0.38154230979209985,
haberman,RandomForest,IQR Capping,6.0,0.65625,0.015625,0.2298421859741211,1.1044702529907227,0.43,71.0,199.0,4.0,1.0,0.9990763546798029,0.9539564742443872,4.0,15.0,7.0,5.0,0.6666666666666666,0.11978324470334771,
haberman,RandomForest,IQR Capping,7.0,0.640625,0.015625,0.23136425018310547,1.1322412490844727,0.4058392857142858,72.0,200.0,3.0,1.0,0.9994601525069168,0.963238638638674,3.0,19.0,3.0,5.0,0.7272727272727272,0.26382242650554316,
haberman,RandomForest,IQR Capping,8.0,0.65625,0.015625,0.2329273223876953,1.1052331924438477,0.41100000000000003,73.0,197.0,6.0,0.0,0.9987853431405628,0.9469629303961973,1.0,18.0,4.0,7.0,0.5170454545454546,-0.06741998624632421,
haberman,RandomForest,IQR Capping,9.0,0.65625,0.0,0.23303985595703125,1.1227807998657227,0.43883333333333335,72.0,199.0,4.0,1.0,0.9990890073554222,0.9544057987654125,4.0,18.0,4.0,4.0,0.7102272727272727,0.3181818181818182,
haberman,RandomForest,IQR Capping,10.0,0.65625,0.0,0.2295551300048828,1.1090478897094727,0.40016666666666667,73.0,197.0,6.0,0.0,0.9987853431405628,0.9469629303961973,1.0,14.0,8.0,7.0,0.5113636363636364,-0.23028309323591917,
haberman,RandomForest,IQR Removal,1.0,0.671875,0.0,0.245030403137207,0.9808845520019532,0.47,67.0,194.0,8.0,6.0,0.9872846873728468,0.8707370499076229,3.0,19.0,4.0,5.0,0.6766304347826088,0.2104447867768966,
haberman,RandomForest,IQR Removal,2.0,0.625,0.015625,0.241973876953125,0.9567756652832032,0.4046119047619042,71.0,188.0,14.0,2.0,0.980096297300963,0.8631392117400772,4.0,19.0,4.0,4.0,0.7146739130434783,0.3260869565217391,
haberman,RandomForest,IQR Removal,3.0,0.65625,0.0,0.2442464828491211,0.925189971923828,0.4426666666666667,71.0,189.0,13.0,2.0,0.9795537772955376,0.8707318436615372,2.0,19.0,4.0,6.0,0.5978260869565217,0.0842700971600384,
haberman,RandomForest,IQR Removal,4.0,0.65625,0.0,0.2407302856445312,0.923358917236328,0.3259999999999997,69.0,188.0,14.0,4.0,0.974671097246711,0.8425608218042474,4.0,17.0,6.0,4.0,0.5407608695652173,0.2238381550780319,
haberman,RandomForest,IQR Removal,5.0,0.640625,0.0,0.2452259063720703,0.9653205871582032,0.3281000000000004,70.0,184.0,18.0,3.0,0.9712464397124644,0.8233642029805974,6.0,18.0,5.0,2.0,0.782608695652174,0.4870861981486208,
haberman,RandomForest,IQR Removal,6.0,0.640625,0.0,0.2459325790405273,0.907184600830078,0.3304399999999998,67.0,185.0,18.0,5.0,0.9663040503557744,0.8009051523050509,6.0,13.0,9.0,3.0,0.6136363636363636,0.2339548000893516,
haberman,RandomForest,IQR Removal,7.0,0.65625,0.0,0.2414693832397461,0.967609405517578,0.37,72.0,186.0,17.0,1.0,0.972096632701262,0.8516644807717528,3.0,16.0,6.0,5.0,0.6306818181818181,0.0986927542439653,
haberman,RandomForest,IQR Removal,8.0,0.640625,0.015625,0.2403945922851562,0.9024457931518556,0.5203333333333333,65.0,195.0,8.0,8.0,0.9834671705243268,0.8510020919090358,2.0,18.0,4.0,6.0,0.5482954545454546,0.0753778361444409,
haberman,RandomForest,IQR Removal,9.0,0.65625,0.0,0.2431411743164062,0.957233428955078,0.2825,72.0,184.0,19.0,1.0,0.9755044200013496,0.8375505093496083,6.0,14.0,8.0,2.0,0.7102272727272727,0.3424747597107866,
haberman,RandomForest,IQR Removal,10.0,0.625,0.0,0.2441205978393554,0.9109992980957032,0.325,73.0,185.0,18.0,0.0,0.9697685403873406,0.855024539176541,2.0,11.0,11.0,6.0,0.5397727272727273,-0.22310032643658,
haberman,RandomForest,PCA,1.0,1.6875,0.09375,0.2263135910034179,0.9025888442993164,0.3761466666666667,73.0,198.0,4.0,0.0,0.9994574799945748,0.9639909969236896,3.0,18.0,5.0,5.0,0.5815217391304348,0.1576086956521739,
haberman,RandomForest,PCA,2.0,1.765625,0.078125,0.2257976531982422,0.9108285903930664,0.4345390476190476,72.0,197.0,5.0,1.0,0.9987793299877934,0.9456502245316866,4.0,18.0,5.0,4.0,0.7092391304347826,0.2724343325001703,
haberman,RandomForest,PCA,3.0,1.75,0.03125,0.2253656387329101,0.9038095474243164,0.3720000000000001,73.0,198.0,4.0,0.0,0.9994574799945748,0.9639909969236896,1.0,18.0,5.0,7.0,0.671195652173913,-0.1023279751229038,
haberman,RandomForest,PCA,4.0,1.671875,0.0,0.2248210906982422,0.8564901351928711,0.4553799999999997,72.0,200.0,2.0,1.0,0.9996948324969482,0.972190036453143,2.0,16.0,7.0,6.0,0.4891304347826087,-0.0523912177884942,
haberman,RandomForest,PCA,5.0,1.671875,0.0,0.2264356613159179,0.9140329360961914,0.4221428571428571,73.0,197.0,5.0,0.0,0.999084497490845,0.9553699062568188,3.0,19.0,4.0,5.0,0.8369565217391305,0.2104447867768966,
haberman,RandomForest,PCA,6.0,1.765625,0.0,0.2209281921386718,0.9039621353149414,0.3597066666666666,72.0,198.0,5.0,0.0,0.9991447728516694,0.9550045963391238,6.0,18.0,4.0,3.0,0.7095959595959596,0.4707919090691997,
haberman,RandomForest,PCA,7.0,1.75,0.09375,0.225717544555664,0.9094552993774414,0.4058392857142858,72.0,200.0,3.0,1.0,0.9994601525069168,0.963238638638674,3.0,16.0,6.0,5.0,0.6704545454545455,0.0986927542439653,
haberman,RandomForest,PCA,8.0,1.671875,0.0,0.227177619934082,0.9025802612304688,0.411,73.0,197.0,6.0,0.0,0.9987853431405628,0.9469629303961972,0.0,18.0,4.0,8.0,0.5738636363636364,-0.236524958395633,
haberman,RandomForest,PCA,9.0,1.765625,0.0,0.2219781875610351,0.9080820083618164,0.3696666666666666,73.0,198.0,5.0,0.0,0.9991564882920576,0.9554296284471926,2.0,17.0,5.0,6.0,0.7329545454545454,0.0237624228260878,
haberman,RandomForest,PCA,10.0,1.671875,0.09375,0.2233705520629882,0.8937301635742188,0.4087857142857142,73.0,197.0,6.0,0.0,0.9987853431405628,0.9469629303961972,3.0,16.0,6.0,5.0,0.5056818181818181,0.0986927542439653,
haberman,RandomForest,Quantile Binning,1.0,0.625,0.0,0.2219820022583007,0.8182096481323242,0.4073196248196248,46.0,175.0,27.0,27.0,0.8668113386681133,0.4964736199647362,4.0,17.0,6.0,4.0,0.6385869565217391,0.2238381550780319,
haberman,RandomForest,Quantile Binning,2.0,0.640625,0.015625,0.2270021438598632,0.7928800582885742,0.4161904761904763,36.0,187.0,15.0,37.0,0.8488742709887427,0.475917187432431,2.0,17.0,6.0,6.0,0.611413043478261,-0.0108695652173913,
haberman,RandomForest,Quantile Binning,3.0,0.640625,0.015625,0.2289953231811523,0.7983732223510742,0.4238117135642136,39.0,183.0,19.0,34.0,0.862979791129798,0.4764645905056165,1.0,19.0,4.0,7.0,0.4864130434782608,-0.0581918175125855,
haberman,RandomForest,Quantile Binning,4.0,0.640625,0.0,0.2209720611572265,0.8110380172729492,0.2826290476190475,59.0,145.0,57.0,14.0,0.8509765360097654,0.4703586334084917,4.0,14.0,9.0,4.0,0.6114130434782609,0.0963858219943733,
haberman,RandomForest,Quantile Binning,5.0,0.640625,0.0,0.2233104705810547,0.7989835739135742,0.4656731218781215,28.0,194.0,8.0,45.0,0.8424318459243185,0.4502896131951709,5.0,20.0,3.0,3.0,0.7717391304347827,0.4945652173913043,
haberman,RandomForest,Quantile Binning,6.0,0.640625,0.0,0.2220640182495117,0.8075284957885742,0.3459047619047619,49.0,171.0,32.0,23.0,0.8683976464148878,0.504320030813326,1.0,13.0,9.0,8.0,0.3712121212121212,-0.2893408607821123,
haberman,RandomForest,Quantile Binning,7.0,0.640625,0.0,0.2272062301635742,0.7879972457885742,0.4535,45.0,183.0,20.0,28.0,0.8817396585464605,0.5383578241099825,2.0,17.0,5.0,6.0,0.5994318181818182,0.0237624228260878,
haberman,RandomForest,Quantile Binning,8.0,0.640625,0.015625,0.2266511917114257,0.8046293258666992,0.4401984126984127,41.0,186.0,17.0,32.0,0.8786017949929146,0.5173735590206663,3.0,17.0,5.0,5.0,0.6221590909090909,0.1477272727272727,
haberman,RandomForest,Quantile Binning,9.0,0.640625,0.0,0.2207908630371093,0.8182096481323242,0.3958073593073594,47.0,174.0,29.0,26.0,0.8628787367568662,0.4946599169250504,4.0,17.0,5.0,4.0,0.6846590909090909,0.2631806779839076,
haberman,RandomForest,Quantile Binning,10.0,0.65625,0.015625,0.2261943817138672,0.7889127731323242,0.2996309523809523,63.0,146.0,57.0,10.0,0.8769147715770295,0.5180214762697755,4.0,14.0,8.0,4.0,0.5795454545454546,0.1230914909793327,
haberman,RandomForest,Quantile Transform,1.0,0.625,0.0,0.2351665496826172,1.1244373321533203,0.3689466666666667,73.0,198.0,4.0,0.0,0.9994574799945748,0.9639909969236896,5.0,16.0,7.0,3.0,0.6467391304347826,0.2880551715312869,
haberman,RandomForest,Quantile Transform,2.0,0.640625,0.0,0.2318849563598632,1.124284744262695,0.4260723809523809,72.0,197.0,5.0,1.0,0.9987793299877932,0.9456502245316866,4.0,20.0,3.0,4.0,0.6820652173913044,0.3867633919142965,
haberman,RandomForest,Quantile Transform,3.0,0.625,0.0,0.2304353713989257,1.1122217178344729,0.3639266666666668,73.0,198.0,4.0,0.0,0.9994574799945748,0.9639909969236896,2.0,20.0,3.0,6.0,0.625,0.1422466650307647,
haberman,RandomForest,Quantile Transform,4.0,0.65625,0.015625,0.2334537506103515,1.0952844619750977,0.4473057142857133,72.0,200.0,2.0,1.0,0.9996948324969482,0.972190036453143,2.0,16.0,7.0,6.0,0.5407608695652173,-0.0523912177884942,
haberman,RandomForest,Quantile Transform,5.0,0.65625,0.015625,0.2339496612548828,1.154497146606445,0.412142857142857,73.0,197.0,5.0,0.0,0.999084497490845,0.9553699062568188,4.0,18.0,5.0,4.0,0.8152173913043479,0.2724343325001703,
haberman,RandomForest,Quantile Transform,6.0,0.640625,0.015625,0.2347192764282226,1.1019983291625977,0.3571066666666666,72.0,198.0,5.0,0.0,0.9991447728516694,0.9550045963391238,7.0,14.0,8.0,2.0,0.6363636363636364,0.3761626197515065,
haberman,RandomForest,Quantile Transform,7.0,0.640625,0.0,0.2356367111206054,1.1230859756469729,0.4066726190476191,72.0,200.0,3.0,1.0,0.9994601525069168,0.963238638638674,3.0,19.0,3.0,5.0,0.7215909090909091,0.2638224265055431,
haberman,RandomForest,Quantile Transform,8.0,0.640625,0.015625,0.233311653137207,1.0962305068969729,0.411,73.0,197.0,6.0,0.0,0.9987853431405628,0.9469629303961972,1.0,19.0,3.0,7.0,0.5227272727272727,-0.014782809899727,
haberman,RandomForest,Quantile Transform,9.0,0.625,0.015625,0.2312355041503906,1.1211023330688477,0.3696666666666666,73.0,198.0,5.0,0.0,0.9991564882920576,0.9554296284471926,5.0,17.0,5.0,3.0,0.7159090909090909,0.3731012536223182,
haberman,RandomForest,Quantile Transform,10.0,0.640625,0.0,0.2331552505493164,1.1032495498657229,0.4001666666666666,73.0,197.0,6.0,0.0,0.9987853431405628,0.9469629303961972,1.0,14.0,8.0,7.0,0.5255681818181818,-0.2302830932359191,
haberman,RandomForest,Random Undersampling,1.0,0.625,0.0,0.2181615829467773,0.6880149841308594,0.6613999999999999,71.0,166.0,36.0,2.0,0.9364912518649126,0.7194847202105842,4.0,17.0,6.0,4.0,0.7690217391304348,0.2238381550780319,
haberman,RandomForest,Random Undersampling,2.0,0.640625,0.015625,0.2203378677368164,0.716404914855957,0.6187999999999999,72.0,169.0,33.0,1.0,0.932693611826936,0.7479689259501441,4.0,19.0,4.0,4.0,0.6086956521739131,0.3260869565217391,
haberman,RandomForest,Random Undersampling,3.0,0.625,0.0,0.2197456359863281,0.7002220153808594,0.6609999999999999,70.0,176.0,26.0,3.0,0.9464600569646006,0.7690474356579917,2.0,19.0,4.0,6.0,0.7364130434782609,0.0842700971600384,
haberman,RandomForest,Random Undersampling,4.0,0.625,0.0,0.2209672927856445,0.6449851989746094,0.7158000000000001,66.0,177.0,25.0,7.0,0.9378136443781364,0.7323107183147852,3.0,17.0,6.0,5.0,0.592391304347826,0.110021557355838,
haberman,RandomForest,Random Undersampling,5.0,0.640625,0.0,0.2227497100830078,0.726170539855957,0.71,69.0,176.0,26.0,4.0,0.9428997694289976,0.7582131581008688,6.0,20.0,3.0,2.0,0.8532608695652174,0.5972598827888349,
haberman,RandomForest,Random Undersampling,6.0,0.625,0.0,0.2222356796264648,0.6918144226074219,0.6262000000000001,70.0,171.0,32.0,2.0,0.9464627805145048,0.741358845330542,5.0,13.0,9.0,4.0,0.6287878787878788,0.1335909149321723,
haberman,RandomForest,Random Undersampling,7.0,0.640625,0.015625,0.2230710983276367,0.744786262512207,0.68,71.0,185.0,18.0,2.0,0.9609960186247384,0.8340899464395656,1.0,19.0,3.0,7.0,0.6590909090909092,-0.014782809899727,
haberman,RandomForest,Random Undersampling,8.0,0.640625,0.0,0.221989631652832,0.699925422668457,0.71,67.0,181.0,22.0,6.0,0.9569809028949324,0.7637918091108168,2.0,19.0,3.0,6.0,0.4630681818181819,0.1348399724926484,
haberman,RandomForest,Random Undersampling,9.0,0.640625,0.0,0.2215948104858398,0.6948814392089844,0.6725000000000001,68.0,180.0,23.0,5.0,0.9426749443282272,0.7676543900418777,4.0,17.0,5.0,4.0,0.6704545454545454,0.2631806779839076,
haberman,RandomForest,Random Undersampling,10.0,0.625,0.015625,0.2209615707397461,0.6794700622558594,0.68,69.0,174.0,29.0,4.0,0.9409879209123424,0.7395190511997993,1.0,15.0,7.0,7.0,0.4375,-0.1931818181818181,
haberman,RandomForest,SMOTE / SMOTENC,1.0,0.65625,0.0,0.2552490234375,1.4008769989013672,0.4493412698412697,72.0,199.0,3.0,1.0,0.9993896649938968,0.9631898254769652,5.0,17.0,6.0,3.0,0.6304347826086957,0.3330079109791591,
haberman,RandomForest,SMOTE / SMOTENC,2.0,0.6875,0.015625,0.2583856582641601,1.4068279266357422,0.4349057142857143,72.0,197.0,5.0,1.0,0.9987793299877932,0.9456502245316866,4.0,19.0,4.0,4.0,0.7391304347826088,0.3260869565217391,
haberman,RandomForest,SMOTE / SMOTENC,3.0,0.671875,0.0,0.2575254440307617,1.4115581512451172,0.4113400000000001,73.0,198.0,4.0,0.0,0.9994574799945748,0.9639909969236896,2.0,17.0,6.0,6.0,0.657608695652174,-0.0108695652173913,
haberman,RandomForest,SMOTE / SMOTENC,4.0,0.65625,0.0,0.260101318359375,1.3605937957763672,0.4759723809523805,72.0,200.0,2.0,1.0,0.9996948324969483,0.972190036453143,2.0,15.0,8.0,6.0,0.5271739130434783,-0.0915701543501039,
haberman,RandomForest,SMOTE / SMOTENC,5.0,0.65625,0.0,0.2599639892578125,1.4620733261108398,0.412142857142857,73.0,197.0,5.0,0.0,0.9990166824901668,0.9553699062568188,5.0,17.0,6.0,3.0,0.7826086956521738,0.3330079109791591,
haberman,RandomForest,SMOTE / SMOTENC,6.0,0.65625,0.0,0.2601900100708008,1.4232769012451172,0.4348333333333333,71.0,199.0,4.0,1.0,0.9990079365079364,0.9539564742443872,6.0,13.0,9.0,3.0,0.6060606060606061,0.2339548000893516,
haberman,RandomForest,SMOTE / SMOTENC,7.0,0.671875,0.0,0.2597503662109375,1.4333782196044922,0.4465,72.0,200.0,3.0,1.0,0.9993926715702812,0.963238638638674,5.0,16.0,6.0,3.0,0.7556818181818182,0.3232676249994279,
haberman,RandomForest,SMOTE / SMOTENC,8.0,0.671875,0.0,0.2581157684326172,1.3682231903076172,0.4159999999999999,73.0,197.0,6.0,0.0,0.9987178622039272,0.9469629303961972,1.0,19.0,3.0,7.0,0.5255681818181819,-0.014782809899727,
haberman,RandomForest,SMOTE / SMOTENC,9.0,0.65625,0.0,0.2613697052001953,1.4162883758544922,0.451,72.0,199.0,4.0,1.0,0.9990890073554222,0.9544057987654124,4.0,14.0,8.0,4.0,0.7130681818181818,0.1230914909793327,
haberman,RandomForest,SMOTE / SMOTENC,10.0,0.640625,0.0,0.2541465759277344,1.4385662078857422,0.4276666666666666,73.0,197.0,6.0,0.0,0.9987853431405628,0.9469629303961972,2.0,12.0,10.0,6.0,0.5568181818181819,-0.1846372364689991,
haberman,RandomForest,Select Percentile (Mutual Info),1.0,1.046875,0.0,0.2684917449951172,0.35162353515625,0.4798209523809524,24.0,193.0,9.0,49.0,0.7319951173199511,0.3862032223992043,3.0,22.0,1.0,5.0,0.5353260869565218,0.4327220698023639,
haberman,RandomForest,Select Percentile (Mutual Info),2.0,0.640625,0.0,0.2729616165161133,0.2072582244873047,0.2580995802458822,52.0,100.0,102.0,21.0,0.6374610063746101,0.1844791635087742,4.0,13.0,10.0,4.0,0.6413043478260869,0.0573434549924515,
haberman,RandomForest,Select Percentile (Mutual Info),3.0,0.671875,0.0,0.2717247009277344,0.3803186416625976,0.5177357142857149,25.0,194.0,8.0,48.0,0.7258917672589177,0.411544641191803,3.0,22.0,1.0,5.0,0.8043478260869565,0.4327220698023639,
haberman,RandomForest,Select Percentile (Mutual Info),4.0,0.640625,0.0,0.2710685729980469,0.35650634765625,0.5875714285714286,27.0,195.0,7.0,46.0,0.7534246575342467,0.4496820124425995,1.0,20.0,3.0,7.0,0.5054347826086957,-0.0070938044229895,
haberman,RandomForest,Select Percentile (Mutual Info),5.0,0.625,0.0,0.2712640762329101,0.2074108123779297,0.2496574071353483,60.0,82.0,120.0,13.0,0.6652651566526516,0.211594369702568,4.0,8.0,15.0,4.0,0.4103260869565217,-0.1367041492012887,
haberman,RandomForest,Select Percentile (Mutual Info),6.0,0.640625,0.015625,0.2697095870971679,0.369171142578125,0.5071507936507939,26.0,195.0,8.0,46.0,0.751676245210728,0.429655502236501,3.0,20.0,2.0,6.0,0.4797979797979798,0.2991830368027063,
haberman,RandomForest,Select Percentile (Mutual Info),7.0,0.65625,0.0,0.2722434997558594,0.364593505859375,0.5374761904761907,25.0,194.0,9.0,48.0,0.7228557932384101,0.4001005247785048,2.0,21.0,1.0,6.0,0.7897727272727273,0.3015113445777636,
haberman,RandomForest,Select Percentile (Mutual Info),8.0,0.65625,0.015625,0.2699308395385742,0.371612548828125,0.4381904761904762,32.0,190.0,13.0,41.0,0.7582832849719955,0.4469268741817154,1.0,19.0,3.0,7.0,0.4999999999999999,-0.014782809899727,
haberman,RandomForest,Select Percentile (Mutual Info),9.0,0.671875,0.0,0.2684555053710937,0.36688232421875,0.4622916666666666,29.0,190.0,13.0,44.0,0.7224171671502799,0.4091749732316456,4.0,19.0,3.0,4.0,0.7642045454545454,0.380198765217406,
haberman,RandomForest,Select Percentile (Mutual Info),10.0,0.640625,0.0,0.2733602523803711,0.361846923828125,0.5694285714285714,28.0,195.0,8.0,45.0,0.7418179364329577,0.4507169137379769,1.0,18.0,4.0,7.0,0.5994318181818181,-0.0674199862463242,
haberman,RandomForest,Uniform Binning,1.0,0.625,0.0,0.2264690399169922,0.5490083694458008,0.4157489601901364,36.0,178.0,24.0,37.0,0.7894005153940051,0.400227667444254,3.0,20.0,3.0,5.0,0.782608695652174,0.2708681694429807,
haberman,RandomForest,Uniform Binning,2.0,0.640625,0.0,0.2223386764526367,0.5451936721801758,0.4296864871076615,34.0,186.0,16.0,39.0,0.8034721280347212,0.4425491181309677,3.0,17.0,6.0,5.0,0.6141304347826086,0.110021557355838,
haberman,RandomForest,Uniform Binning,3.0,0.640625,0.015625,0.2251234054565429,0.5896053314208984,0.3941834574610116,39.0,180.0,22.0,34.0,0.8118472806184728,0.4520610929714472,2.0,19.0,4.0,6.0,0.641304347826087,0.0842700971600384,
haberman,RandomForest,Uniform Binning,4.0,0.640625,0.0,0.2211055755615234,0.5520601272583008,0.5025188058415612,30.0,191.0,11.0,43.0,0.8027939780279398,0.4419783590685955,2.0,20.0,3.0,6.0,0.6847826086956521,0.1422466650307647,
haberman,RandomForest,Uniform Binning,5.0,0.625,0.0,0.2257223129272461,0.5659456253051758,0.389506806722689,29.0,192.0,10.0,44.0,0.7986233554862336,0.4401721862421183,4.0,21.0,2.0,4.0,0.75,0.457466241725923,
haberman,RandomForest,Uniform Binning,6.0,0.640625,0.0,0.2269678115844726,0.5813655853271484,0.3853283449883447,44.0,175.0,28.0,28.0,0.8241995073891625,0.4731800766283525,2.0,17.0,5.0,7.0,0.5025252525252526,-0.0054829307913314,
haberman,RandomForest,Uniform Binning,7.0,0.640625,0.015625,0.2260351181030273,0.5757112503051758,0.3192132867132867,51.0,157.0,46.0,22.0,0.8050138335920102,0.4360797170096978,5.0,14.0,8.0,3.0,0.7386363636363636,0.2332412503655155,
haberman,RandomForest,Uniform Binning,8.0,0.640625,0.015625,0.2276782989501953,0.5781612396240234,0.3902948717948718,40.0,181.0,22.0,33.0,0.8199946015250692,0.464553326005217,1.0,18.0,4.0,7.0,0.625,-0.0674199862463242,
haberman,RandomForest,Uniform Binning,9.0,0.640625,0.0,0.2242746353149414,0.5674715042114258,0.4132809235024708,39.0,177.0,26.0,34.0,0.7999527633443553,0.4221987939176527,2.0,19.0,3.0,6.0,0.6619318181818182,0.1348399724926484,
haberman,RandomForest,Uniform Binning,10.0,0.640625,0.0,0.2254581451416015,0.5970821380615234,0.5235,19.0,201.0,2.0,54.0,0.7851406977528846,0.416583215390756,0.0,21.0,1.0,8.0,0.4005681818181818,-0.1119785021911708,
haberman,RandomForest,Yeo-Johnson,1.0,0.65625,0.0,0.224924087524414,1.1159095764160156,0.3761466666666667,73.0,198.0,4.0,0.0,0.9994574799945748,0.9639909969236896,5.0,17.0,6.0,3.0,0.6358695652173912,0.3330079109791591,
haberman,RandomForest,Yeo-Johnson,2.0,0.640625,0.0,0.225107192993164,1.1157569885253906,0.4326466666666667,72.0,197.0,5.0,1.0,0.9987793299877932,0.9456502245316866,4.0,20.0,3.0,4.0,0.7010869565217391,0.3867633919142965,
haberman,RandomForest,Yeo-Johnson,3.0,0.65625,0.015625,0.2202215194702148,1.1037025451660156,0.3739266666666668,73.0,198.0,4.0,0.0,0.9994574799945748,0.9639909969236896,2.0,19.0,4.0,6.0,0.6114130434782609,0.0842700971600384,
haberman,RandomForest,Yeo-Johnson,4.0,0.65625,0.015625,0.2225713729858398,1.0867652893066406,0.4473057142857133,72.0,200.0,2.0,1.0,0.9996948324969483,0.972190036453143,2.0,16.0,7.0,6.0,0.5461956521739131,-0.0523912177884942,
haberman,RandomForest,Yeo-Johnson,5.0,0.671875,0.0,0.2248849868774414,1.1459693908691406,0.4021428571428571,73.0,197.0,5.0,0.0,0.999084497490845,0.9553699062568188,5.0,18.0,5.0,3.0,0.8097826086956522,0.3815423097920998,
haberman,RandomForest,Yeo-Johnson,6.0,0.65625,0.0,0.2266769409179687,1.0934791564941406,0.3571066666666666,72.0,198.0,5.0,0.0,0.9991447728516694,0.9550045963391238,7.0,14.0,8.0,2.0,0.6691919191919192,0.3761626197515065,
haberman,RandomForest,Yeo-Johnson,7.0,0.65625,0.0,0.2249345779418945,1.1145362854003906,0.4066726190476191,72.0,200.0,3.0,1.0,0.9994601525069168,0.963238638638674,2.0,17.0,5.0,6.0,0.6704545454545454,0.0237624228260878,
haberman,RandomForest,Yeo-Johnson,8.0,0.65625,0.0,0.2248849868774414,1.0876808166503906,0.411,73.0,197.0,6.0,0.0,0.9987853431405628,0.9469629303961972,1.0,18.0,4.0,7.0,0.5198863636363635,-0.0674199862463242,
haberman,RandomForest,Yeo-Johnson,9.0,0.65625,0.0,0.2239913940429687,1.1125526428222656,0.3696666666666666,73.0,198.0,5.0,0.0,0.9991564882920576,0.9554296284471926,5.0,16.0,6.0,3.0,0.71875,0.3232676249994279,
haberman,RandomForest,Yeo-Johnson,10.0,0.65625,0.0,0.2244405746459961,1.0946998596191406,0.4001666666666666,73.0,197.0,6.0,0.0,0.9987853431405628,0.9469629303961972,1.0,14.0,8.0,7.0,0.5227272727272727,-0.2302830932359191,
haberman,SVM,Baseline,1.0,0.0,0.0,0.0629348754882812,0.0089216232299804,-0.9988588808531168,56.0,148.0,54.0,17.0,0.77492201274922,0.4504971609560674,4.0,16.0,7.0,4.0,0.6956521739130435,0.1789296238096974,
haberman,SVM,Baseline,2.0,0.0,0.0,0.0629959106445312,0.0087537765502929,-0.8678944222196892,45.0,170.0,32.0,28.0,0.7993354129933541,0.4504493699475993,4.0,15.0,8.0,4.0,0.7065217391304347,0.1367041492012887,
haberman,SVM,Baseline,3.0,0.015625,0.0,0.0629959106445312,0.0086698532104492,-0.9981659852076596,59.0,145.0,57.0,14.0,0.8091007730910076,0.4703586334084917,4.0,15.0,8.0,4.0,0.6521739130434783,0.1367041492012887,
haberman,SVM,Baseline,4.0,0.015625,0.0,0.0629959106445312,0.008376121520996,-0.9977009736163902,59.0,147.0,55.0,14.0,0.8162552556625525,0.480385072290503,3.0,10.0,13.0,5.0,0.5217391304347826,-0.1665534035433802,
haberman,SVM,Baseline,5.0,0.015625,0.015625,0.0629959106445312,0.0087957382202148,-0.9992740741512348,58.0,142.0,60.0,15.0,0.7846534653465346,0.4438450472041626,7.0,14.0,9.0,1.0,0.8858695652173914,0.4235215118674525,
haberman,SVM,Baseline,6.0,0.015625,0.0,0.0629959106445312,0.0085859298706054,-0.9995141338179292,56.0,146.0,57.0,16.0,0.8029898741105638,0.4440837066979742,6.0,12.0,10.0,3.0,0.6565656565656566,0.1926686588971131,
haberman,SVM,Baseline,7.0,0.0,0.0,0.0630903244018554,0.0089216232299804,-0.9970847161078152,55.0,147.0,56.0,18.0,0.7752884810041164,0.429572315819122,7.0,13.0,9.0,1.0,0.8295454545454546,0.4129842690630074,
haberman,SVM,Baseline,8.0,0.0,0.0,0.0630903244018554,0.0085439682006835,-0.9949835004009576,56.0,151.0,52.0,17.0,0.8101761252446185,0.4617794877762055,3.0,18.0,4.0,5.0,0.6136363636363636,0.2019805940217469,
haberman,SVM,Baseline,9.0,0.0,0.0,0.0630903244018554,0.0088376998901367,-0.9973720966831504,54.0,152.0,51.0,19.0,0.7860516903974627,0.4437888870993796,7.0,12.0,10.0,1.0,0.8409090909090908,0.3752141853706119,
haberman,SVM,Baseline,10.0,0.015625,0.0,0.0630903244018554,0.0085439682006835,-0.9974985429075536,54.0,155.0,48.0,19.0,0.7865577974222282,0.4598733260357314,4.0,13.0,9.0,4.0,0.5795454545454546,0.0811273914314836,
haberman,SVM,IQR Capping,1.0,0.03125,0.0,0.08282470703125,0.009334564208984375,-0.9968196820810561,57.0,152.0,50.0,16.0,0.7838057778380577,0.4830141573959394,5.0,15.0,8.0,3.0,0.7554347826086957,0.2457838460856521,
haberman,SVM,IQR Capping,2.0,0.03125,0.0,0.08635139465332031,0.009166717529296875,-0.9132828907874504,48.0,165.0,37.0,25.0,0.7983860029838601,0.4532776866457838,3.0,15.0,8.0,5.0,0.6086956521739131,0.024851336640235755,
haberman,SVM,IQR Capping,3.0,0.03125,0.0,0.08635902404785156,0.00920867919921875,-0.992406009247168,61.0,150.0,52.0,12.0,0.8138478231384783,0.5189332333330741,4.0,16.0,7.0,4.0,0.6358695652173912,0.17892962380969743,
haberman,SVM,IQR Capping,4.0,0.03125,0.0,0.08644676208496094,0.009124755859375,-0.9916449904336848,55.0,150.0,52.0,18.0,0.8057439305574392,0.44923264842241867,3.0,11.0,12.0,5.0,0.5217391304347826,-0.12848405416203615,
haberman,SVM,IQR Capping,5.0,0.03125,0.0,0.08635139465332031,0.00954437255859375,-0.9995702454380548,59.0,139.0,63.0,14.0,0.7851281703512817,0.441152760980151,7.0,13.0,10.0,1.0,0.8152173913043479,0.3870683211990481,
haberman,SVM,IQR Capping,6.0,0.03125,0.0,0.08639907836914062,0.0092926025390625,-0.9964126887835072,58.0,145.0,58.0,14.0,0.802716201423098,0.4627617612108997,7.0,11.0,11.0,2.0,0.7070707070707071,0.2555183919466111,
haberman,SVM,IQR Capping,7.0,0.03125,0.0,0.08652019500732422,0.009334564208984375,-0.9996063428940446,56.0,148.0,55.0,17.0,0.786692759295499,0.44632545403673934,7.0,13.0,9.0,1.0,0.7784090909090908,0.4129842690630074,
haberman,SVM,IQR Capping,8.0,0.03125,0.0,0.0865163803100586,0.008998870849609375,-0.983548118098778,57.0,155.0,48.0,16.0,0.8155746001754505,0.49454965495658176,2.0,18.0,4.0,6.0,0.6363636363636364,0.07537783614444091,
haberman,SVM,IQR Capping,9.0,0.03125,0.015625,0.086517333984375,0.009334564208984375,-0.9971194692352631,56.0,143.0,60.0,17.0,0.774984816789257,0.4213611215757564,7.0,11.0,11.0,1.0,0.7897727272727273,0.338501600193165,
haberman,SVM,IQR Capping,10.0,0.03125,0.015625,0.08647632598876953,0.0092926025390625,-0.9913139905498329,56.0,154.0,49.0,17.0,0.8041703218840678,0.47762939900418105,6.0,13.0,9.0,2.0,0.659090909090909,0.30151134457776363,
haberman,SVM,IQR Removal,1.0,0.03125,0.0,0.0989789962768554,0.0080490112304687,-0.9986774634466784,56.0,151.0,51.0,17.0,0.7792282652922826,0.466123402909179,5.0,16.0,7.0,3.0,0.7663043478260869,0.2880551715312869,
haberman,SVM,IQR Removal,2.0,0.03125,0.0,0.0986833572387695,0.0078392028808593,-0.999124865766753,59.0,151.0,51.0,14.0,0.8008612505086126,0.5009259476302541,5.0,17.0,6.0,3.0,0.7282608695652173,0.3330079109791591,
haberman,SVM,IQR Removal,3.0,0.03125,0.0,0.0976829528808593,0.0078392028808593,-0.9995762679077924,55.0,150.0,52.0,18.0,0.7653940051539401,0.4492326484224186,4.0,12.0,11.0,4.0,0.5652173913043479,0.019034674690672,
haberman,SVM,IQR Removal,4.0,0.03125,0.0,0.0974464416503906,0.0078811645507812,-0.9993174289490232,62.0,156.0,46.0,11.0,0.8301234233012342,0.5620469880372659,3.0,12.0,11.0,5.0,0.4239130434782608,-0.0907938037380483,
haberman,SVM,IQR Removal,5.0,0.03125,0.0,0.0975418090820312,0.0080490112304687,-0.998491109766494,55.0,158.0,44.0,18.0,0.799233690492337,0.4927266850676913,8.0,14.0,9.0,0.0,0.842391304347826,0.535205579929548,
haberman,SVM,IQR Removal,6.0,0.015625,0.015625,0.0967950820922851,0.0073356628417968,-0.9990960084299054,56.0,163.0,40.0,16.0,0.8152025177887247,0.5355856984796186,5.0,13.0,9.0,4.0,0.6818181818181818,0.1335909149321723,
haberman,SVM,IQR Removal,7.0,0.03125,0.0,0.0973062515258789,0.007965087890625,-0.9993133676889876,59.0,157.0,46.0,14.0,0.8071394830960255,0.5283901668613832,7.0,14.0,8.0,1.0,0.7727272727272727,0.4522670168666454,
haberman,SVM,IQR Removal,8.0,0.015625,0.0,0.098759651184082,0.0079231262207031,-0.99763517971857,60.0,154.0,49.0,13.0,0.8195897159052569,0.523804215617943,2.0,17.0,5.0,6.0,0.5568181818181819,0.0237624228260878,
haberman,SVM,IQR Removal,9.0,0.03125,0.0,0.0976343154907226,0.0080490112304687,-0.999396522364705,62.0,154.0,49.0,11.0,0.8182738376408665,0.5468442833424432,7.0,11.0,11.0,1.0,0.7556818181818181,0.338501600193165,
haberman,SVM,IQR Removal,10.0,0.03125,0.0,0.0972614288330078,0.0077133178710937,-0.999485902568494,63.0,161.0,42.0,10.0,0.8539375126526757,0.596071190670986,4.0,12.0,10.0,4.0,0.4659090909090909,0.040291148201269,
haberman,SVM,PCA,1.0,0.015625,0.0,0.0683727264404296,0.0096864700317382,-0.9988588808531204,56.0,148.0,54.0,17.0,0.77492201274922,0.4504971609560674,4.0,16.0,7.0,4.0,0.6956521739130435,0.1789296238096974,
haberman,SVM,PCA,2.0,0.09375,0.0,0.0681934356689453,0.0095186233520507,-0.8678944222196878,45.0,170.0,32.0,28.0,0.7993354129933541,0.4504493699475993,4.0,15.0,8.0,4.0,0.7065217391304347,0.1367041492012887,
haberman,SVM,PCA,3.0,0.0,0.0,0.0683240890502929,0.009434700012207,-0.998165985207664,59.0,145.0,57.0,14.0,0.8091007730910076,0.4703586334084917,4.0,15.0,8.0,4.0,0.6521739130434783,0.1367041492012887,
haberman,SVM,PCA,4.0,0.09375,0.0,0.0683727264404296,0.0091409683227539,-0.997700973616392,59.0,147.0,55.0,14.0,0.8162552556625525,0.480385072290503,3.0,10.0,13.0,5.0,0.5217391304347826,-0.1665534035433802,
haberman,SVM,PCA,5.0,0.09375,0.0,0.0680608749389648,0.0095605850219726,-0.9992740741512334,58.0,142.0,60.0,15.0,0.7846534653465346,0.4438450472041626,7.0,14.0,9.0,1.0,0.8858695652173914,0.4235215118674525,
haberman,SVM,PCA,6.0,0.15625,0.046875,0.0682010650634765,0.0093507766723632,-0.999514133817928,56.0,146.0,57.0,16.0,0.8029898741105638,0.4440837066979742,6.0,12.0,10.0,3.0,0.6565656565656566,0.1926686588971131,
haberman,SVM,PCA,7.0,0.015625,0.0,0.0684642791748046,0.0096864700317382,-0.9970847161078134,55.0,147.0,56.0,18.0,0.7752884810041164,0.429572315819122,7.0,13.0,9.0,1.0,0.8295454545454546,0.4129842690630074,
haberman,SVM,PCA,8.0,0.03125,0.0,0.0682888031005859,0.0093088150024414,-0.9949835004009588,56.0,151.0,52.0,17.0,0.8101761252446185,0.4617794877762055,3.0,18.0,4.0,5.0,0.6136363636363636,0.2019805940217469,
haberman,SVM,PCA,9.0,0.078125,0.09375,0.06842041015625,0.0096025466918945,-0.997372096683146,54.0,152.0,51.0,19.0,0.7860516903974627,0.4437888870993796,7.0,12.0,10.0,1.0,0.8409090909090908,0.3752141853706119,
haberman,SVM,PCA,10.0,0.09375,0.015625,0.0683765411376953,0.0093088150024414,-0.997498542907552,54.0,155.0,48.0,19.0,0.7865577974222282,0.4598733260357314,4.0,13.0,9.0,4.0,0.5795454545454546,0.0811273914314836,
haberman,SVM,Quantile Binning,1.0,0.015625,0.0,0.0657806396484375,0.0096168518066406,-0.9995315494372567,43.0,159.0,43.0,30.0,0.7383697273836972,0.3582951449944741,4.0,17.0,6.0,4.0,0.766304347826087,0.2238381550780319,
haberman,SVM,Quantile Binning,2.0,0.015625,0.0,0.0657806396484375,0.0095329284667968,-0.999689371780354,56.0,139.0,63.0,17.0,0.7804489353044893,0.4057361954313375,4.0,14.0,9.0,4.0,0.671195652173913,0.0963858219943733,
haberman,SVM,Quantile Binning,3.0,0.015625,0.0,0.0657806396484375,0.0094070434570312,-0.9995934926628056,53.0,146.0,56.0,20.0,0.7788213752882137,0.4051560748603156,4.0,18.0,5.0,4.0,0.7010869565217391,0.2724343325001703,
haberman,SVM,Quantile Binning,4.0,0.015625,0.0,0.0657806396484375,0.0093650817871093,-0.9793555474920924,50.0,154.0,48.0,23.0,0.7908246304082464,0.4124239345849624,3.0,15.0,8.0,5.0,0.5516304347826086,0.0248513366402357,
haberman,SVM,Quantile Binning,5.0,0.015625,0.0,0.0657806396484375,0.009490966796875,-0.9954912431044812,44.0,155.0,47.0,29.0,0.7578665400786655,0.3472859641821311,6.0,18.0,5.0,2.0,0.766304347826087,0.4870861981486208,
haberman,SVM,Quantile Binning,6.0,0.015625,0.015625,0.0657806396484375,0.0092811584472656,-0.7693668168766927,39.0,178.0,25.0,33.0,0.7677545155993432,0.4354045856471359,2.0,17.0,5.0,7.0,0.5934343434343434,-0.0054829307913314,
haberman,SVM,Quantile Binning,7.0,0.0,0.015625,0.0658273696899414,0.0094070434570312,-0.9633288826355696,49.0,155.0,48.0,24.0,0.7855793238410149,0.4016671360533928,5.0,14.0,8.0,3.0,0.7357954545454546,0.2332412503655155,
haberman,SVM,Quantile Binning,8.0,0.015625,0.015625,0.0658750534057617,0.0091552734375,-0.9960938507927132,53.0,151.0,52.0,20.0,0.7964774951076321,0.4268686311469789,4.0,17.0,5.0,4.0,0.6335227272727273,0.2631806779839076,
haberman,SVM,Quantile Binning,9.0,0.015625,0.015625,0.0658273696899414,0.0095748901367187,-0.9948867975761482,49.0,151.0,52.0,24.0,0.7709697010594507,0.380063852961324,6.0,13.0,9.0,2.0,0.7755681818181818,0.3015113445777636,
haberman,SVM,Quantile Binning,10.0,0.015625,0.0,0.0658750534057617,0.0096588134765625,-0.9927139439770288,52.0,152.0,51.0,21.0,0.7858155071192388,0.4204944884968343,4.0,12.0,10.0,4.0,0.5511363636363636,0.040291148201269,
haberman,SVM,Quantile Transform,1.0,0.015625,0.0,0.0969524383544921,0.0179948806762695,-0.9816915107170836,44.0,163.0,39.0,29.0,0.7591211175912111,0.3940778820470315,5.0,20.0,3.0,3.0,0.8315217391304348,0.4945652173913043,
haberman,SVM,Quantile Transform,2.0,0.015625,0.0,0.096780776977539,0.0177431106567382,-0.9997299004122744,58.0,142.0,60.0,15.0,0.7788552827885528,0.4438450472041626,6.0,15.0,8.0,2.0,0.6956521739130436,0.3536179724534513,
haberman,SVM,Quantile Transform,3.0,0.015625,0.0,0.0969562530517578,0.017827033996582,-0.9844940194344444,50.0,156.0,46.0,23.0,0.779804692798047,0.4235351912437657,4.0,21.0,2.0,4.0,0.6847826086956521,0.457466241725923,
haberman,SVM,Quantile Transform,4.0,0.015625,0.0,0.0968685150146484,0.0176172256469726,-0.9984968775771378,58.0,147.0,55.0,15.0,0.8099484605994846,0.4687197783131602,4.0,12.0,11.0,4.0,0.5108695652173914,0.019034674690672,
haberman,SVM,Quantile Transform,5.0,0.03125,0.0,0.0970001220703125,0.0185403823852539,-0.932014181774775,36.0,180.0,22.0,37.0,0.7563746100637462,0.4159063888160257,7.0,19.0,4.0,1.0,0.9347826086956522,0.6411644853180825,
haberman,SVM,Quantile Transform,6.0,0.015625,0.0,0.096780776977539,0.0178689956665039,-0.9996330338823622,59.0,141.0,62.0,13.0,0.7855432402846195,0.455245934503391,6.0,8.0,14.0,3.0,0.5505050505050505,0.0287479787288034,
haberman,SVM,Quantile Transform,7.0,0.015625,0.0,0.0970954895019531,0.017857551574707,-0.9995357491894744,56.0,143.0,60.0,17.0,0.7669883257979621,0.4213611215757564,7.0,14.0,8.0,1.0,0.7954545454545454,0.4522670168666454,
haberman,SVM,Quantile Transform,8.0,0.015625,0.0,0.0971393585205078,0.0176477432250976,-0.9996039336159284,62.0,138.0,65.0,11.0,0.8057223834266819,0.4682383817339745,3.0,15.0,7.0,5.0,0.4715909090909091,0.0533001790889026,
haberman,SVM,Quantile Transform,9.0,0.015625,0.015625,0.0971832275390625,0.0177736282348632,-0.9995443420579352,57.0,149.0,54.0,16.0,0.7859167285241918,0.4630785922543566,8.0,12.0,10.0,0.0,0.8238636363636362,0.4923659639173309,
haberman,SVM,Quantile Transform,10.0,0.015625,0.0,0.0971832275390625,0.0176897048950195,-0.9994801436892576,59.0,146.0,57.0,14.0,0.7894594776975504,0.4712877112530212,5.0,11.0,11.0,3.0,0.5511363636363636,0.1108006575534897,
haberman,SVM,Random Undersampling,1.0,0.015625,0.0,0.0709266662597656,0.0086574554443359,-0.5190062698566745,55.0,136.0,66.0,18.0,0.7488810524888104,0.379575832831003,6.0,17.0,6.0,2.0,0.8206521739130435,0.4394061938612852,
haberman,SVM,Random Undersampling,2.0,0.015625,0.0,0.0709266662597656,0.0084896087646484,0.9997024812237733,26.0,197.0,5.0,47.0,0.7741082327410823,0.4627319256317024,2.0,20.0,3.0,6.0,0.6739130434782609,0.1422466650307647,
haberman,SVM,Random Undersampling,3.0,0.015625,0.0,0.0709266662597656,0.0085735321044921,-0.5294681420225921,59.0,134.0,68.0,14.0,0.7738369727383697,0.4177003636751172,5.0,18.0,5.0,3.0,0.8043478260869565,0.3815423097920998,
haberman,SVM,Random Undersampling,4.0,0.015625,0.0,0.0708837509155273,0.0081958770751953,0.9592273887728392,27.0,193.0,9.0,46.0,0.778482300284823,0.4258752512810006,2.0,19.0,4.0,6.0,0.6358695652173912,0.0842700971600384,
haberman,SVM,Random Undersampling,5.0,0.015625,0.0,0.0709266662597656,0.0087413787841796,0.7023443657483385,35.0,173.0,29.0,38.0,0.7424725349247252,0.3509942473016987,5.0,19.0,4.0,3.0,0.8695652173913044,0.4348471076445026,
haberman,SVM,Random Undersampling,6.0,0.015625,0.0,0.0705547332763671,0.0086421966552734,0.923414808200094,28.0,192.0,11.0,44.0,0.7730227148330597,0.4217779544137301,1.0,20.0,2.0,8.0,0.5808080808080809,0.0310161403466156,
haberman,SVM,Random Undersampling,7.0,0.015625,0.015625,0.0709705352783203,0.0088253021240234,0.1447223041818577,42.0,167.0,36.0,31.0,0.7667858829880558,0.3898660542812745,5.0,20.0,2.0,3.0,0.7897727272727273,0.558416936413065,
haberman,SVM,Random Undersampling,8.0,0.015625,0.0,0.0708351135253906,0.0086994171142578,-0.144072254086146,52.0,150.0,53.0,21.0,0.7607800796275052,0.4099483751945781,2.0,18.0,4.0,6.0,0.5681818181818182,0.0753778361444409,
haberman,SVM,Random Undersampling,9.0,0.015625,0.0,0.0709705352783203,0.008615493774414,0.1972345149824862,42.0,167.0,36.0,31.0,0.7284229705108307,0.3898660542812745,5.0,17.0,5.0,3.0,0.8181818181818181,0.3731012536223182,
haberman,SVM,Random Undersampling,10.0,0.015625,0.0,0.0709705352783203,0.0084056854248046,0.0371606943481,46.0,166.0,37.0,27.0,0.7695526013901073,0.4307692240580733,4.0,16.0,6.0,4.0,0.5738636363636364,0.2132007163556104,
haberman,SVM,SMOTE / SMOTENC,1.0,0.03125,0.0,0.0853128433227539,0.0188426971435546,0.7398788994971692,32.0,187.0,15.0,41.0,0.7802115828021158,0.4271101936960924,3.0,22.0,1.0,5.0,0.8043478260869565,0.4327220698023639,
haberman,SVM,SMOTE / SMOTENC,2.0,0.015625,0.0,0.0840883255004882,0.0178775787353515,0.1951563393302487,43.0,172.0,30.0,30.0,0.7959446629594467,0.4405262444052624,3.0,18.0,5.0,5.0,0.6304347826086956,0.1576086956521739,
haberman,SVM,SMOTE / SMOTENC,3.0,0.015625,0.015625,0.0847444534301757,0.0182552337646484,0.8309116283526209,33.0,191.0,11.0,40.0,0.8063881730638818,0.4789061908296237,1.0,22.0,1.0,7.0,0.608695652173913,0.1452005798741936,
haberman,SVM,SMOTE / SMOTENC,4.0,0.03125,0.0,0.0840702056884765,0.0177516937255859,0.9032412448897886,31.0,194.0,8.0,42.0,0.8123898006238981,0.4873825416308011,2.0,19.0,4.0,6.0,0.5706521739130435,0.0842700971600384,
haberman,SVM,SMOTE / SMOTENC,5.0,0.015625,0.0,0.0848817825317382,0.0186328887939453,0.6139446634299974,38.0,179.0,23.0,35.0,0.7771938152719382,0.4322401745136749,3.0,18.0,5.0,5.0,0.798913043478261,0.1576086956521739,
haberman,SVM,SMOTE / SMOTENC,6.0,0.03125,0.0,0.0841093063354492,0.0176372528076171,0.6190650841272891,34.0,187.0,16.0,38.0,0.7922482211275315,0.4484120929417421,2.0,18.0,4.0,7.0,0.5757575757575757,0.0464207082548527,
haberman,SVM,SMOTE / SMOTENC,7.0,0.03125,0.0,0.0851116180419921,0.0185909271240234,0.9582640929941586,30.0,194.0,9.0,43.0,0.7879074161549362,0.4642199275894678,1.0,21.0,1.0,7.0,0.6647727272727273,0.1410190187044415,
haberman,SVM,SMOTE / SMOTENC,8.0,0.015625,0.0,0.0843687057495117,0.0176258087158203,0.6729542614679517,35.0,188.0,15.0,38.0,0.8120655914704096,0.4644359200552335,0.0,20.0,2.0,8.0,0.5511363636363636,-0.161164592805076,
haberman,SVM,SMOTE / SMOTENC,9.0,0.015625,0.015625,0.0853586196899414,0.0186748504638671,0.610414911646538,33.0,186.0,17.0,40.0,0.7847020716647547,0.4217789104262004,4.0,20.0,2.0,4.0,0.875,0.4522670168666454,
haberman,SVM,SMOTE / SMOTENC,10.0,0.015625,0.0,0.0841989517211914,0.0177936553955078,0.5533016248886066,39.0,181.0,22.0,34.0,0.7821040556042917,0.4526938387401001,2.0,16.0,6.0,6.0,0.5397727272727273,-0.0227272727272727,
haberman,SVM,Select Percentile (Mutual Info),1.0,0.109375,0.0,0.1520652770996093,0.0065441131591796,-0.8104916749211961,23.0,184.0,18.0,50.0,0.6276278312762783,0.2801354179982043,4.0,22.0,1.0,4.0,0.7472826086956521,0.5431236301174653,
haberman,SVM,Select Percentile (Mutual Info),2.0,0.03125,0.0,0.1518459320068359,0.0066776275634765,-1.0003975499975235,73.0,0.0,202.0,0.0,0.4364573443645734,0.0,8.0,0.0,23.0,0.0,0.4836956521739131,0.0,
haberman,SVM,Select Percentile (Mutual Info),3.0,0.015625,0.0,0.1518020629882812,0.0065441131591796,-0.9822024194545173,36.0,168.0,34.0,37.0,0.6496677064966769,0.3292853794493946,3.0,21.0,2.0,5.0,0.7065217391304348,0.342685147574115,
haberman,SVM,Select Percentile (Mutual Info),4.0,0.03125,0.0,0.1524600982666015,0.0063304901123046,-0.9636776676569804,36.0,171.0,31.0,37.0,0.6376644513766445,0.3494176576612773,3.0,17.0,6.0,5.0,0.5978260869565217,0.110021557355838,
haberman,SVM,Select Percentile (Mutual Info),5.0,0.015625,0.0,0.151885986328125,0.0066509246826171,-0.9994309131476944,13.0,191.0,11.0,60.0,0.6223382612233825,0.193422535628513,0.0,19.0,4.0,8.0,0.4483695652173913,-0.2270017415356663,
haberman,SVM,Select Percentile (Mutual Info),6.0,0.03125,0.0,0.1526956558227539,0.0064105987548828,-0.9748211336330858,34.0,172.0,31.0,38.0,0.649459496442255,0.3306254555013982,5.0,16.0,6.0,4.0,0.611111111111111,0.2683144681354988,
haberman,SVM,Select Percentile (Mutual Info),7.0,0.03125,0.0,0.1523704528808593,0.0065441131591796,-0.9934471414310496,35.0,169.0,34.0,38.0,0.6532829475673121,0.3177640238480503,4.0,19.0,3.0,4.0,0.6534090909090908,0.380198765217406,
haberman,SVM,Select Percentile (Mutual Info),8.0,0.03125,0.0,0.1526813507080078,0.0064640045166015,-0.9143187384792336,38.0,170.0,33.0,35.0,0.707132735002362,0.3612183748206034,1.0,18.0,4.0,7.0,0.4545454545454546,-0.0674199862463242,
haberman,SVM,Select Percentile (Mutual Info),9.0,0.03125,0.0,0.1528091430664062,0.0064640045166015,-0.9361658869868456,24.0,184.0,19.0,49.0,0.5664687225858694,0.286009952009953,4.0,20.0,2.0,4.0,0.8778409090909091,0.4522670168666454,
haberman,SVM,Select Percentile (Mutual Info),10.0,0.03125,0.0,0.1528968811035156,0.006357192993164,-0.1042698284488507,28.0,188.0,15.0,45.0,0.6470747013968553,0.3766139655017717,0.0,18.0,4.0,8.0,0.6107954545454545,-0.236524958395633,
haberman,SVM,Uniform Binning,1.0,0.015625,0.0,0.0657806396484375,0.0094470977783203,0.1698884671924292,12.0,199.0,3.0,61.0,0.646921198969212,0.2907630230221336,1.0,23.0,0.0,7.0,0.7065217391304347,0.3095695936834451,
haberman,SVM,Uniform Binning,2.0,0.015625,0.0,0.0657329559326171,0.0094470977783203,-0.996074252719538,23.0,189.0,13.0,50.0,0.6706903567069036,0.3282178036243192,2.0,20.0,3.0,6.0,0.5869565217391304,0.1422466650307647,
haberman,SVM,Uniform Binning,3.0,0.015625,0.0,0.0657806396484375,0.0094051361083984,-0.7888482592136491,21.0,190.0,12.0,52.0,0.6376983588769836,0.3101789660214082,1.0,23.0,0.0,7.0,0.592391304347826,0.3095695936834451,
haberman,SVM,Uniform Binning,4.0,0.0,0.0,0.0657329559326171,0.0093631744384765,-0.9950572462450744,29.0,181.0,21.0,44.0,0.6411230164112302,0.3357938484063921,3.0,16.0,7.0,5.0,0.4836956521739129,0.0661340003639639,
haberman,SVM,Uniform Binning,5.0,0.015625,0.0,0.0657806396484375,0.0094890594482421,-0.2915426099674549,18.0,194.0,8.0,55.0,0.6196595686965956,0.3123640657273712,3.0,22.0,1.0,5.0,0.7527173913043478,0.4327220698023639,
haberman,SVM,Uniform Binning,6.0,0.0,0.0,0.0657367706298828,0.0092372894287109,-0.9945957770864928,32.0,180.0,23.0,40.0,0.6217501368363438,0.3639472224560078,0.0,19.0,3.0,9.0,0.4318181818181818,-0.2093589473396559,
haberman,SVM,Uniform Binning,7.0,0.0,0.0,0.0658750534057617,0.0093212127685546,-0.9994347005185178,30.0,181.0,22.0,43.0,0.7265335042850393,0.341295430688509,3.0,20.0,2.0,5.0,0.7329545454545455,0.337099931231621,
haberman,SVM,Uniform Binning,8.0,0.015625,0.0,0.0658750534057617,0.0092792510986328,0.1745954426025689,14.0,201.0,2.0,59.0,0.6577029489169309,0.3433711267093197,0.0,21.0,1.0,8.0,0.5397727272727273,-0.1119785021911708,
haberman,SVM,Uniform Binning,9.0,0.0,0.0,0.065831184387207,0.0093631744384765,-0.9992312554908293,34.0,176.0,27.0,39.0,0.7145218975639381,0.3537051685671738,5.0,18.0,4.0,3.0,0.7102272727272727,0.4276686017238498,
haberman,SVM,Uniform Binning,10.0,0.015625,0.0,0.0658750534057617,0.0096988677978515,-0.4737917059864941,22.0,194.0,9.0,51.0,0.6414737836561171,0.359035700506103,0.0,20.0,2.0,8.0,0.1960227272727272,-0.161164592805076,
haberman,SVM,Yeo-Johnson,1.0,0.03125,0.015625,0.0725526809692382,0.0092744827270507,-0.9949585185299968,57.0,154.0,48.0,16.0,0.7819069578190695,0.4937149647186365,5.0,16.0,7.0,3.0,0.7228260869565217,0.2880551715312869,
haberman,SVM,Yeo-Johnson,2.0,0.03125,0.0,0.0723772048950195,0.0090646743774414,-0.9995117540692569,60.0,141.0,61.0,13.0,0.8089651430896514,0.4625250969986173,6.0,13.0,10.0,2.0,0.6847826086956522,0.2760027830147443,
haberman,SVM,Yeo-Johnson,3.0,0.03125,0.0,0.0722894668579101,0.0091485977172851,-0.9993265782424764,62.0,143.0,59.0,11.0,0.8107961481079614,0.495704802665663,6.0,15.0,8.0,2.0,0.7065217391304348,0.3536179724534513,
haberman,SVM,Yeo-Johnson,4.0,0.03125,0.0,0.0722894668579101,0.0091066360473632,-0.9992418911158686,61.0,141.0,61.0,12.0,0.8068967855689678,0.474304013683947,4.0,10.0,13.0,4.0,0.5054347826086957,-0.0573434549924515,
haberman,SVM,Yeo-Johnson,5.0,0.03125,0.0,0.0723333358764648,0.0093164443969726,-0.9989896025318517,58.0,143.0,59.0,15.0,0.7819408653194085,0.4487464290453123,7.0,14.0,9.0,1.0,0.8315217391304348,0.4235215118674525,
haberman,SVM,Yeo-Johnson,6.0,0.03125,0.0,0.0723772048950195,0.0089387893676757,-0.9995807202107496,59.0,141.0,62.0,13.0,0.7997742200328407,0.455245934503391,7.0,12.0,10.0,2.0,0.7272727272727273,0.2948213295054837,
haberman,SVM,Yeo-Johnson,7.0,0.03125,0.0,0.072392463684082,0.0092744827270507,-0.9952637727016188,55.0,147.0,56.0,18.0,0.7709022201228152,0.429572315819122,7.0,13.0,9.0,1.0,0.7613636363636364,0.4129842690630074,
haberman,SVM,Yeo-Johnson,8.0,0.03125,0.0,0.0724363327026367,0.0088968276977539,-0.992826303822723,61.0,148.0,55.0,12.0,0.8187462041973143,0.5045721043711977,3.0,17.0,5.0,5.0,0.5965909090909091,0.1477272727272727,
haberman,SVM,Yeo-Johnson,9.0,0.03125,0.0,0.0724401473999023,0.0090646743774414,-0.9995258876551826,56.0,143.0,60.0,17.0,0.7662122950266548,0.4213611215757564,7.0,10.0,12.0,1.0,0.7897727272727273,0.3024116491930132,
haberman,SVM,Yeo-Johnson,10.0,0.03125,0.0,0.0724401473999023,0.0090646743774414,-0.9950783919261186,57.0,149.0,54.0,16.0,0.79782711384034,0.4630785922543566,5.0,13.0,9.0,3.0,0.6477272727272727,0.1913829539560278,
haberman,XGBoost,Baseline,1.0,0.1875,0.0,0.0621871948242187,0.1581792831420898,0.3699626052379609,72.0,197.0,5.0,1.0,0.9981350874813508,0.9456502245316866,1.0,17.0,6.0,7.0,0.5163043478260869,-0.1421924234979031,
haberman,XGBoost,Baseline,2.0,0.03125,0.0,0.062347412109375,0.1573362350463867,0.3620525366067885,72.0,194.0,8.0,1.0,0.9973213074732132,0.9204199096120148,4.0,20.0,3.0,4.0,0.6684782608695653,0.3867633919142965,
haberman,XGBoost,Baseline,3.0,0.03125,0.0,0.062347412109375,0.1550016403198242,0.3652368772029871,71.0,199.0,3.0,2.0,0.9985758849857588,0.9536213282975232,2.0,18.0,5.0,6.0,0.5869565217391304,0.0341261816394967,
haberman,XGBoost,Baseline,4.0,0.03125,0.0,0.062347412109375,0.1598005294799804,0.3634764158725738,72.0,197.0,5.0,1.0,0.9987793299877932,0.9456502245316866,3.0,15.0,8.0,5.0,0.532608695652174,0.0248513366402357,
haberman,XGBoost,Baseline,5.0,0.03125,0.015625,0.062347412109375,0.1592817306518554,0.359913021326065,72.0,196.0,6.0,1.0,0.9979994574799944,0.9371008899004718,3.0,19.0,4.0,5.0,0.7880434782608696,0.2104447867768966,
haberman,XGBoost,Baseline,6.0,0.03125,0.0,0.0622997283935546,0.1538991928100586,0.3961171579360955,70.0,199.0,4.0,2.0,0.9983579638752051,0.9442206054429118,3.0,15.0,7.0,6.0,0.6060606060606061,0.0147122471584124,
haberman,XGBoost,Baseline,7.0,0.03125,0.0,0.0624418258666992,0.1551961898803711,0.4370816573500633,71.0,199.0,4.0,2.0,0.9986166407989744,0.9447727176645632,2.0,17.0,5.0,6.0,0.6363636363636365,0.0237624228260878,
haberman,XGBoost,Baseline,8.0,0.03125,0.0,0.0623941421508789,0.1498785018920898,0.3913260698318481,72.0,197.0,6.0,1.0,0.9982792361157974,0.937185642183776,2.0,17.0,5.0,6.0,0.5852272727272727,0.0237624228260878,
haberman,XGBoost,Baseline,9.0,0.03125,0.0,0.0624418258666992,0.1566228866577148,0.5416253805160522,67.0,202.0,1.0,6.0,0.997975571900938,0.9344111707746592,4.0,16.0,6.0,4.0,0.75,0.2132007163556104,
haberman,XGBoost,Baseline,10.0,0.03125,0.0,0.0624418258666992,0.1553907394409179,0.3753574192523956,72.0,197.0,6.0,1.0,0.9980093123692556,0.937185642183776,2.0,13.0,9.0,6.0,0.4886363636363636,-0.1459918306449029,
haberman,XGBoost,IQR Capping,1.0,0.0625,0.015625,0.08567428588867188,0.1588001251220703,0.4440146553516387,71.0,199.0,3.0,2.0,0.9986097924860978,0.9536213282975231,2.0,18.0,5.0,6.0,0.5380434782608695,0.03412618163949675,
haberman,XGBoost,IQR Capping,2.0,0.0625,0.015625,0.08579826354980469,0.1608753204345703,0.3665800863504407,72.0,194.0,8.0,1.0,0.9969822324698223,0.9204199096120149,4.0,19.0,4.0,4.0,0.6630434782608695,0.32608695652173914,
haberman,XGBoost,IQR Capping,3.0,0.046875,0.0,0.08579826354980469,0.1613292694091797,0.3538953214883804,71.0,199.0,3.0,2.0,0.9985419774854198,0.9536213282975231,2.0,18.0,5.0,6.0,0.6467391304347826,0.03412618163949675,
haberman,XGBoost,IQR Capping,4.0,0.046875,0.015625,0.0856637954711914,0.16048622131347656,0.4889218509197235,69.0,201.0,1.0,4.0,0.9987793299877933,0.9531402476129137,3.0,18.0,5.0,5.0,0.5271739130434783,0.15760869565217392,
haberman,XGBoost,IQR Capping,5.0,0.046875,0.0,0.08575439453125,0.1611347198486328,0.37505215406417847,72.0,196.0,6.0,1.0,0.9979316424793164,0.9371008899004718,5.0,18.0,5.0,3.0,0.7717391304347826,0.38154230979209985,
haberman,XGBoost,IQR Capping,6.0,0.046875,0.0,0.08571052551269531,0.1613292694091797,0.41488790512084955,70.0,199.0,4.0,2.0,0.998015873015873,0.9442206054429118,6.0,13.0,9.0,3.0,0.601010101010101,0.23395480008935163,
haberman,XGBoost,IQR Capping,7.0,0.046875,0.015625,0.08582401275634766,0.1603565216064453,0.5302692651748657,67.0,203.0,0.0,6.0,0.998414197989068,0.9441714133895206,2.0,18.0,4.0,6.0,0.6136363636363635,0.07537783614444091,
haberman,XGBoost,IQR Capping,8.0,0.0625,0.0,0.08586788177490234,0.1556224822998047,0.3641359284520149,73.0,196.0,7.0,0.0,0.9983467170524326,0.9386343711790127,1.0,17.0,5.0,7.0,0.5795454545454546,-0.11306675421666136,
haberman,XGBoost,IQR Capping,9.0,0.046875,0.015625,0.08582401275634766,0.1629505157470703,0.5269490480422974,67.0,202.0,1.0,6.0,0.9978406100276671,0.9344111707746591,3.0,15.0,7.0,5.0,0.7272727272727272,0.053300179088902604,
haberman,XGBoost,IQR Capping,10.0,0.046875,0.0,0.08568477630615234,0.15892982482910156,0.3801197111606598,72.0,197.0,6.0,1.0,0.9982117551791618,0.9371856421837759,2.0,15.0,7.0,6.0,0.4943181818181818,-0.0657951694959769,
haberman,XGBoost,IQR Removal,1.0,0.046875,0.0,0.0981893539428711,0.1519107818603515,0.4654361307621002,61.0,194.0,8.0,12.0,0.9388647768886476,0.8107721734601824,3.0,19.0,4.0,5.0,0.6032608695652174,0.2104447867768966,
haberman,XGBoost,IQR Removal,2.0,0.046875,0.0,0.0971307754516601,0.1491222381591797,0.2903581476211542,68.0,185.0,17.0,5.0,0.9518852570188524,0.8096790128147345,4.0,18.0,5.0,4.0,0.6521739130434783,0.2724343325001703,
haberman,XGBoost,IQR Removal,3.0,0.03125,0.0,0.0968532562255859,0.148538589477539,0.4637060183286662,63.0,191.0,11.0,10.0,0.9496134544961344,0.8050716630525645,1.0,18.0,5.0,7.0,0.5869565217391304,-0.1023279751229038,
haberman,XGBoost,IQR Removal,4.0,0.046875,0.0,0.0978889465332031,0.1460742950439453,0.3267632603645324,68.0,187.0,15.0,5.0,0.9485962294859622,0.8246215042139587,2.0,16.0,7.0,6.0,0.5380434782608696,-0.0523912177884942,
haberman,XGBoost,IQR Removal,5.0,0.046875,0.0,0.0966653823852539,0.1493816375732422,0.3729645830392837,65.0,187.0,15.0,8.0,0.9423911569239116,0.7934995424198137,3.0,19.0,4.0,5.0,0.7445652173913043,0.2104447867768966,
haberman,XGBoost,IQR Removal,6.0,0.046875,0.0,0.0959634780883789,0.1454906463623047,0.2905976629257202,59.0,185.0,18.0,13.0,0.9111247947454844,0.7155165609917356,4.0,14.0,8.0,5.0,0.5404040404040404,0.0753043326299873,
haberman,XGBoost,IQR Removal,7.0,0.046875,0.0,0.0964775085449218,0.1504192352294922,0.2952795624732971,68.0,184.0,19.0,5.0,0.9469599838045752,0.7954569921917641,1.0,17.0,5.0,7.0,0.5681818181818181,-0.1130667542166613,
haberman,XGBoost,IQR Removal,8.0,0.03125,0.0,0.0970888137817382,0.1468524932861328,0.3699052482843399,65.0,188.0,15.0,8.0,0.9646062487347324,0.7937850077764924,2.0,19.0,3.0,6.0,0.6193181818181819,0.1348399724926484,
haberman,XGBoost,IQR Removal,9.0,0.046875,0.015625,0.0967569351196289,0.1501579284667968,0.3724988549947738,64.0,187.0,16.0,9.0,0.936972805182536,0.7756788373511774,4.0,15.0,7.0,4.0,0.6647727272727272,0.1668478064513176,
haberman,XGBoost,IQR Removal,10.0,0.046875,0.0,0.0962896347045898,0.1444530487060547,0.3919556140899658,64.0,189.0,14.0,9.0,0.9393008974964572,0.7912337520764422,1.0,14.0,8.0,7.0,0.5056818181818182,-0.2302830932359191,
haberman,XGBoost,PCA,1.0,0.28125,0.03125,0.0676803588867187,0.1462965011596679,0.2395695817470553,73.0,198.0,4.0,0.0,0.9994574799945748,0.9639909969236896,3.0,18.0,5.0,5.0,0.6902173913043478,0.1576086956521739,
haberman,XGBoost,PCA,2.0,0.28125,0.0,0.0674648284912109,0.1483068466186523,0.4288154447078705,72.0,197.0,5.0,1.0,0.9987793299877932,0.9456502245316866,4.0,19.0,4.0,4.0,0.75,0.3260869565217391,
haberman,XGBoost,PCA,3.0,0.28125,0.0,0.0675048828125,0.1444158554077148,0.2404606616497042,73.0,198.0,4.0,0.0,0.9994574799945748,0.9639909969236896,1.0,18.0,5.0,7.0,0.6956521739130436,-0.1023279751229038,
haberman,XGBoost,PCA,4.0,0.28125,0.0,0.0677242279052734,0.1418867111206054,0.4691500627994537,72.0,200.0,2.0,1.0,0.9996948324969482,0.972190036453143,1.0,17.0,6.0,7.0,0.4782608695652174,-0.1421924234979031,
haberman,XGBoost,PCA,5.0,0.1875,0.0,0.0676803588867187,0.1467504501342773,0.4036801755428314,73.0,197.0,5.0,0.0,0.9991523124915233,0.9553699062568188,4.0,19.0,4.0,4.0,0.7771739130434783,0.3260869565217391,
haberman,XGBoost,PCA,6.0,0.1875,0.0,0.0677242279052734,0.1457777023315429,0.251109392642975,72.0,198.0,5.0,0.0,0.9991447728516694,0.9550045963391238,6.0,15.0,7.0,3.0,0.6818181818181819,0.3205594371693848,
haberman,XGBoost,PCA,7.0,0.359375,0.0,0.0676355361938476,0.1445455551147461,0.4464055448770523,72.0,200.0,3.0,1.0,0.9994601525069168,0.963238638638674,4.0,16.0,6.0,4.0,0.6988636363636362,0.2132007163556104,
haberman,XGBoost,PCA,8.0,0.1875,0.078125,0.0677680969238281,0.1449346542358398,0.2766204662621021,73.0,196.0,7.0,0.0,0.9983467170524328,0.9386343711790128,0.0,19.0,3.0,8.0,0.5681818181818181,-0.2010075630518424,
haberman,XGBoost,PCA,9.0,0.1875,0.0,0.0678157806396484,0.1473340988159179,0.4513138830661773,73.0,197.0,6.0,0.0,0.998751602672245,0.9469629303961972,1.0,17.0,5.0,7.0,0.6022727272727273,-0.1130667542166613,
haberman,XGBoost,PCA,10.0,0.28125,0.0,0.0675048828125,0.1437025070190429,0.4481927752494812,73.0,197.0,6.0,0.0,0.9987853431405628,0.9469629303961972,1.0,18.0,4.0,7.0,0.4659090909090909,-0.0674199862463242,
haberman,XGBoost,Quantile Binning,1.0,0.03125,0.015625,0.0652236938476562,0.190185546875,0.3448420464992523,53.0,162.0,40.0,20.0,0.8651837786518378,0.492833381206324,4.0,16.0,7.0,4.0,0.7010869565217391,0.1789296238096974,
haberman,XGBoost,Quantile Binning,2.0,0.015625,0.0,0.0652236938476562,0.178253173828125,0.4739380180835724,36.0,187.0,15.0,37.0,0.8443306659433066,0.475917187432431,2.0,18.0,5.0,6.0,0.6820652173913043,0.0341261816394967,
haberman,XGBoost,Quantile Binning,3.0,0.03125,0.015625,0.0652236938476562,0.1797447204589843,0.4150222462415697,39.0,183.0,19.0,34.0,0.8618947511189474,0.4764645905056165,1.0,19.0,4.0,7.0,0.5217391304347827,-0.0581918175125855,
haberman,XGBoost,Quantile Binning,4.0,0.015625,0.0,0.0652236938476562,0.1844139099121093,0.3833864337205886,47.0,169.0,33.0,26.0,0.8501627560016275,0.467132883925582,3.0,18.0,5.0,5.0,0.595108695652174,0.1576086956521739,
haberman,XGBoost,Quantile Binning,5.0,0.03125,0.0,0.0652236938476562,0.1816902160644531,0.4588570952415463,28.0,194.0,8.0,45.0,0.8406008409060084,0.4502896131951709,5.0,20.0,3.0,3.0,0.7717391304347826,0.4945652173913043,
haberman,XGBoost,Quantile Binning,6.0,0.03125,0.0,0.0652236938476562,0.1817550659179687,0.3865797519683838,48.0,172.0,31.0,24.0,0.8654556650246306,0.4993438791567173,1.0,16.0,6.0,8.0,0.351010101010101,-0.175453785322605,
haberman,XGBoost,Quantile Binning,7.0,0.03125,0.0,0.0653181076049804,0.1862945556640625,0.4295622408390045,45.0,183.0,20.0,28.0,0.8818071394830961,0.5383578241099825,2.0,17.0,5.0,6.0,0.59375,0.0237624228260878,
haberman,XGBoost,Quantile Binning,8.0,0.03125,0.0,0.0652704238891601,0.1836357116699218,0.3068244159221649,62.0,147.0,56.0,11.0,0.8764424050205816,0.5112551909819998,5.0,15.0,7.0,3.0,0.6335227272727273,0.2769558547034986,
haberman,XGBoost,Quantile Binning,9.0,0.03125,0.015625,0.0653181076049804,0.183441162109375,0.3781253695487976,50.0,168.0,35.0,23.0,0.861664079897429,0.4896572427025522,4.0,16.0,6.0,4.0,0.7073863636363636,0.2132007163556104,
haberman,XGBoost,Quantile Binning,10.0,0.03125,0.0,0.0652704238891601,0.1862297058105468,0.3642111122608185,53.0,166.0,37.0,20.0,0.8766448478304878,0.5116112516974664,4.0,14.0,8.0,4.0,0.6363636363636364,0.1230914909793327,
haberman,XGBoost,Quantile Transform,1.0,0.03125,0.0,0.0962638854980468,0.1668596267700195,0.3699626052379609,72.0,197.0,5.0,1.0,0.9981350874813508,0.9456502245316866,1.0,17.0,6.0,7.0,0.5163043478260869,-0.1421924234979031,
haberman,XGBoost,Quantile Transform,2.0,0.03125,0.0,0.0963516235351562,0.1660165786743164,0.3620525366067885,72.0,194.0,8.0,1.0,0.9973213074732132,0.9204199096120148,4.0,20.0,3.0,4.0,0.6684782608695653,0.3867633919142965,
haberman,XGBoost,Quantile Transform,3.0,0.03125,0.015625,0.0963039398193359,0.1636819839477539,0.3652368772029871,71.0,199.0,3.0,2.0,0.9985758849857588,0.9536213282975232,2.0,18.0,5.0,6.0,0.5869565217391304,0.0341261816394967,
haberman,XGBoost,Quantile Transform,4.0,0.015625,0.015625,0.0961761474609375,0.1684808731079101,0.3634764158725738,72.0,197.0,5.0,1.0,0.9987793299877932,0.9456502245316866,3.0,15.0,8.0,5.0,0.532608695652174,0.0248513366402357,
haberman,XGBoost,Quantile Transform,5.0,0.03125,0.0,0.0961723327636718,0.1679620742797851,0.359913021326065,72.0,196.0,6.0,1.0,0.9979994574799944,0.9371008899004718,3.0,19.0,4.0,5.0,0.7880434782608696,0.2104447867768966,
haberman,XGBoost,Quantile Transform,6.0,0.046875,0.0,0.0962638854980468,0.1625795364379882,0.3961171579360955,70.0,199.0,4.0,2.0,0.9983579638752051,0.9442206054429118,3.0,15.0,7.0,6.0,0.6060606060606061,0.0147122471584124,
haberman,XGBoost,Quantile Transform,7.0,0.03125,0.0,0.0965347290039062,0.1639070510864257,0.4370816573500633,71.0,199.0,4.0,2.0,0.9986166407989744,0.9447727176645632,2.0,17.0,5.0,6.0,0.6363636363636365,0.0237624228260878,
haberman,XGBoost,Quantile Transform,8.0,0.03125,0.015625,0.0965347290039062,0.1585893630981445,0.3913260698318481,72.0,197.0,6.0,1.0,0.9982792361157974,0.937185642183776,2.0,17.0,5.0,6.0,0.5852272727272727,0.0237624228260878,
haberman,XGBoost,Quantile Transform,9.0,0.03125,0.0,0.0965347290039062,0.1653337478637695,0.5416253805160522,67.0,202.0,1.0,6.0,0.997975571900938,0.9344111707746592,4.0,16.0,6.0,4.0,0.75,0.2132007163556104,
haberman,XGBoost,Quantile Transform,10.0,0.03125,0.0,0.0965347290039062,0.1641016006469726,0.3753574192523956,72.0,197.0,6.0,1.0,0.9980093123692556,0.937185642183776,2.0,13.0,9.0,6.0,0.4886363636363636,-0.1459918306449029,
haberman,XGBoost,Random Undersampling,1.0,0.03125,0.0,0.0700054168701171,0.134800910949707,0.5996758008003238,70.0,151.0,51.0,3.0,0.8734572087345721,0.6284236253338459,4.0,12.0,11.0,4.0,0.641304347826087,0.019034674690672,
haberman,XGBoost,Random Undersampling,2.0,0.03125,0.0,0.0699577331542968,0.1366167068481445,0.465244071483612,72.0,158.0,44.0,1.0,0.8967855689678557,0.6871347213852042,5.0,18.0,5.0,3.0,0.6168478260869565,0.3815423097920998,
haberman,XGBoost,Random Undersampling,3.0,0.046875,0.0,0.0700492858886718,0.1346712112426757,0.4937011599540711,72.0,153.0,49.0,1.0,0.8922758714227588,0.6616033310008916,5.0,13.0,10.0,3.0,0.6902173913043479,0.1665534035433802,
haberman,XGBoost,Random Undersampling,4.0,0.03125,0.0,0.0700054168701171,0.1309747695922851,0.6623219013214111,68.0,160.0,42.0,5.0,0.8909195714091956,0.652212307652814,5.0,12.0,11.0,3.0,0.6304347826086957,0.1284840541620361,
haberman,XGBoost,Random Undersampling,5.0,0.03125,0.0,0.0700016021728515,0.1345415115356445,0.630177819728851,71.0,157.0,45.0,2.0,0.8903092364030923,0.6704596376946879,6.0,16.0,7.0,2.0,0.8586956521739131,0.3951818701769308,
haberman,XGBoost,Random Undersampling,6.0,0.03125,0.0,0.069589614868164,0.1345911026000976,0.6252347278594971,70.0,160.0,43.0,2.0,0.9063697318007664,0.6794529620376218,7.0,11.0,11.0,2.0,0.601010101010101,0.2555183919466111,
haberman,XGBoost,Random Undersampling,7.0,0.03125,0.0,0.0700492858886718,0.1370058059692382,0.7300234735012054,69.0,170.0,33.0,4.0,0.9278628787367568,0.7151529680024689,3.0,17.0,5.0,5.0,0.6420454545454546,0.1477272727272727,
haberman,XGBoost,Random Undersampling,8.0,0.03125,0.0,0.0700492858886718,0.1334390640258789,0.7049652636051178,71.0,172.0,31.0,2.0,0.9177069977731293,0.7491902535980338,2.0,16.0,6.0,6.0,0.5284090909090909,-0.0227272727272727,
haberman,XGBoost,Random Undersampling,9.0,0.03125,0.0,0.0700492858886718,0.1348657608032226,0.8241195827722549,58.0,181.0,22.0,15.0,0.9131857750185572,0.6670418147992871,4.0,16.0,6.0,4.0,0.6647727272727273,0.2132007163556104,
haberman,XGBoost,Random Undersampling,10.0,0.03125,0.0,0.0700492858886718,0.1329851150512695,0.4761668667197227,73.0,152.0,51.0,0.0,0.8954045482151293,0.6639331639152483,4.0,10.0,12.0,4.0,0.5340909090909091,-0.040291148201269,
haberman,XGBoost,SMOTE / SMOTENC,1.0,0.046875,0.0,0.0831136703491211,0.1716852188110351,0.4398337912559509,72.0,197.0,5.0,1.0,0.998677607486776,0.9456502245316866,5.0,14.0,9.0,3.0,0.6304347826086957,0.2054807137229514,
haberman,XGBoost,SMOTE / SMOTENC,2.0,0.046875,0.0,0.0828943252563476,0.1707124710083007,0.5403769040107733,66.0,202.0,0.0,7.0,0.9972195849721958,0.9347878939272914,4.0,20.0,3.0,4.0,0.6141304347826086,0.3867633919142965,
haberman,XGBoost,SMOTE / SMOTENC,3.0,0.03125,0.0,0.0830259323120117,0.1663675308227539,0.4022221767902367,71.0,199.0,3.0,2.0,0.999050589990506,0.9536213282975232,2.0,18.0,5.0,6.0,0.5815217391304348,0.0341261816394967,
haberman,XGBoost,SMOTE / SMOTENC,4.0,0.03125,0.0,0.0826311111450195,0.1697397232055664,0.5335086435079575,69.0,202.0,0.0,4.0,0.999152312491523,0.962731517608453,2.0,16.0,7.0,6.0,0.5380434782608696,-0.0523912177884942,
haberman,XGBoost,SMOTE / SMOTENC,5.0,0.03125,0.0,0.0830259323120117,0.1746034622192382,0.4096883833408355,72.0,196.0,6.0,1.0,0.99816899498169,0.9371008899004718,3.0,18.0,5.0,5.0,0.7391304347826086,0.1576086956521739,
haberman,XGBoost,SMOTE / SMOTENC,6.0,0.03125,0.0,0.0824613571166992,0.1733407974243164,0.5553030204772956,66.0,203.0,0.0,6.0,0.9981185002736728,0.9435840594207716,3.0,13.0,9.0,6.0,0.494949494949495,-0.0705978118406131,
haberman,XGBoost,SMOTE / SMOTENC,7.0,0.046875,0.0,0.0831460952758789,0.1696100234985351,0.4882963597774505,70.0,201.0,2.0,3.0,0.9984479384573858,0.9532747215668896,2.0,17.0,5.0,6.0,0.6704545454545454,0.0237624228260878,
haberman,XGBoost,SMOTE / SMOTENC,8.0,0.046875,0.0,0.0829706192016601,0.1681833267211914,0.5273725986480713,67.0,203.0,0.0,6.0,0.9985829003306566,0.9441714133895206,1.0,17.0,5.0,7.0,0.5738636363636364,-0.1130667542166613,
haberman,XGBoost,SMOTE / SMOTENC,9.0,0.046875,0.0,0.0831022262573242,0.1690912246704101,0.5796887278556824,67.0,203.0,0.0,6.0,0.9976719076860788,0.9441714133895206,4.0,16.0,6.0,4.0,0.7727272727272727,0.2132007163556104,
haberman,XGBoost,SMOTE / SMOTENC,10.0,0.03125,0.015625,0.0830545425415039,0.1678590774536132,0.4944835007190704,72.0,197.0,6.0,1.0,0.9980093123692556,0.937185642183776,4.0,12.0,10.0,4.0,0.5454545454545454,0.040291148201269,
haberman,XGBoost,Select Percentile (Mutual Info),1.0,0.125,0.0,0.1517238616943359,0.1143732070922851,0.4997657537460327,24.0,192.0,10.0,49.0,0.7263664722636647,0.3746288746183744,3.0,22.0,1.0,5.0,0.6467391304347827,0.4327220698023639,
haberman,XGBoost,Select Percentile (Mutual Info),2.0,0.03125,0.0,0.1517238616943359,0.0878496170043945,0.2523352181911469,52.0,100.0,102.0,21.0,0.6375966363759664,0.1844791635087742,4.0,13.0,10.0,4.0,0.6086956521739131,0.0573434549924515,
haberman,XGBoost,Select Percentile (Mutual Info),3.0,0.046875,0.0,0.1518993377685547,0.1200857162475586,0.4413639807701115,24.0,193.0,9.0,49.0,0.7189746371897463,0.3862032223992043,3.0,22.0,1.0,5.0,0.7989130434782609,0.4327220698023639,
haberman,XGBoost,Select Percentile (Mutual Info),4.0,0.046875,0.0,0.1513690948486328,0.1184644699096679,0.5950192213058472,25.0,195.0,7.0,48.0,0.7496270174962703,0.4238819679891356,1.0,20.0,3.0,7.0,0.4728260869565217,-0.0070938044229895,
haberman,XGBoost,Select Percentile (Mutual Info),5.0,0.046875,0.0,0.1518115997314453,0.0891494750976562,0.2499806582927703,60.0,82.0,120.0,13.0,0.6654007866540079,0.211594369702568,4.0,8.0,15.0,4.0,0.3885869565217391,-0.1367041492012887,
haberman,XGBoost,Select Percentile (Mutual Info),6.0,0.046875,0.0,0.1517877578735351,0.1227445602416992,0.4865786433219909,24.0,195.0,8.0,48.0,0.7439449917898193,0.4029692245185731,3.0,20.0,2.0,6.0,0.4924242424242424,0.2991830368027063,
haberman,XGBoost,Select Percentile (Mutual Info),7.0,0.046875,0.015625,0.151590347290039,0.1200208663940429,0.4523766636848449,24.0,193.0,10.0,49.0,0.7138808286659017,0.3751055621621925,3.0,22.0,0.0,5.0,0.8181818181818181,0.5527707983925666,
haberman,XGBoost,Select Percentile (Mutual Info),8.0,0.046875,0.015625,0.1517696380615234,0.1180753707885742,0.4604423642158508,30.0,190.0,13.0,43.0,0.7535596194075174,0.4219159722476809,1.0,19.0,3.0,7.0,0.4602272727272727,-0.014782809899727,
haberman,XGBoost,Select Percentile (Mutual Info),9.0,0.046875,0.0,0.1521167755126953,0.1163892745971679,0.5008646249771118,27.0,190.0,13.0,46.0,0.7158715162966461,0.3831726080682589,4.0,19.0,3.0,4.0,0.7585227272727273,0.380198765217406,
haberman,XGBoost,Select Percentile (Mutual Info),10.0,0.046875,0.0,0.151681900024414,0.1162557601928711,0.4587444737553596,27.0,194.0,9.0,46.0,0.7343275524664281,0.4263251748768629,1.0,18.0,4.0,7.0,0.6164772727272727,-0.0674199862463242,
haberman,XGBoost,Uniform Binning,1.0,0.03125,0.015625,0.0652236938476562,0.1496524810791015,0.3964358025789263,35.0,179.0,23.0,38.0,0.7843143903431439,0.3957203215861621,1.0,19.0,4.0,7.0,0.6847826086956522,-0.0581918175125855,
haberman,XGBoost,Uniform Binning,2.0,0.015625,0.0,0.0652236938476562,0.1414165496826172,0.4870425164699554,34.0,185.0,17.0,39.0,0.8024888105248881,0.4335415272271797,2.0,19.0,4.0,6.0,0.5760869565217391,0.0842700971600384,
haberman,XGBoost,Uniform Binning,3.0,0.015625,0.0,0.0651798248291015,0.1463451385498047,0.4762433767318725,34.0,185.0,17.0,39.0,0.8028617930286179,0.4335415272271797,1.0,21.0,2.0,7.0,0.5978260869565217,0.0563053270576813,
haberman,XGBoost,Uniform Binning,4.0,0.015625,0.0,0.0651798248291015,0.1434917449951172,0.4476596623659135,30.0,190.0,12.0,43.0,0.798352095483521,0.4315441884196902,3.0,19.0,4.0,5.0,0.6630434782608695,0.2104447867768966,
haberman,XGBoost,Uniform Binning,5.0,0.015625,0.0,0.0652236938476562,0.1473827362060547,0.5047393441200254,27.0,193.0,9.0,46.0,0.7930286179302862,0.4258752512810006,3.0,21.0,2.0,5.0,0.6875000000000001,0.342685147574115,
haberman,XGBoost,Uniform Binning,6.0,0.03125,0.0,0.0651760101318359,0.1512737274169922,0.3399386918544764,44.0,173.0,30.0,28.0,0.8175971538040503,0.4592919077761384,2.0,17.0,5.0,7.0,0.5025252525252524,-0.0054829307913314,
haberman,XGBoost,Uniform Binning,7.0,0.03125,0.015625,0.0652742385864257,0.1472530364990234,0.323654443025589,51.0,154.0,49.0,22.0,0.7957352048046427,0.4195730785655431,5.0,14.0,8.0,3.0,0.6931818181818182,0.2332412503655155,
haberman,XGBoost,Uniform Binning,8.0,0.03125,0.0,0.0653181076049804,0.1471233367919922,0.3830747678875923,38.0,183.0,20.0,35.0,0.808759025575275,0.4568842471216107,1.0,19.0,3.0,7.0,0.625,-0.014782809899727,
haberman,XGBoost,Uniform Binning,9.0,0.03125,0.015625,0.0653181076049804,0.1505603790283203,0.413350760936737,34.0,183.0,20.0,39.0,0.7891220730143734,0.4082965603672586,2.0,19.0,3.0,6.0,0.7215909090909091,0.1348399724926484,
haberman,XGBoost,Uniform Binning,10.0,0.03125,0.0,0.0653181076049804,0.1530895233154297,0.6365355253219604,20.0,200.0,3.0,53.0,0.7875362710034415,0.4136287138160903,0.0,20.0,2.0,8.0,0.3948863636363636,-0.161164592805076,
haberman,XGBoost,Yeo-Johnson,1.0,0.046875,0.0,0.0718603134155273,0.1583614349365234,0.3699626052379609,72.0,197.0,5.0,1.0,0.9981350874813508,0.9456502245316866,1.0,17.0,6.0,7.0,0.5163043478260869,-0.1421924234979031,
haberman,XGBoost,Yeo-Johnson,2.0,0.046875,0.0,0.0716371536254882,0.1575183868408203,0.3620525366067885,72.0,194.0,8.0,1.0,0.9973213074732132,0.9204199096120148,4.0,20.0,3.0,4.0,0.6684782608695653,0.3867633919142965,
haberman,XGBoost,Yeo-Johnson,3.0,0.046875,0.0,0.0717287063598632,0.1551837921142578,0.3652368772029871,71.0,199.0,3.0,2.0,0.9985758849857588,0.9536213282975232,2.0,18.0,5.0,6.0,0.5869565217391304,0.0341261816394967,
haberman,XGBoost,Yeo-Johnson,4.0,0.0625,0.0,0.0717287063598632,0.159982681274414,0.3634764158725738,72.0,197.0,5.0,1.0,0.9987793299877932,0.9456502245316866,3.0,15.0,8.0,5.0,0.532608695652174,0.0248513366402357,
haberman,XGBoost,Yeo-Johnson,5.0,0.046875,0.0,0.0716848373413086,0.159463882446289,0.359913021326065,72.0,196.0,6.0,1.0,0.9979994574799944,0.9371008899004718,3.0,19.0,4.0,5.0,0.7880434782608696,0.2104447867768966,
haberman,XGBoost,Yeo-Johnson,6.0,0.046875,0.0,0.0716409683227539,0.1540813446044922,0.3961171579360955,70.0,199.0,4.0,2.0,0.9983579638752051,0.9442206054429118,3.0,15.0,7.0,6.0,0.6060606060606061,0.0147122471584124,
haberman,XGBoost,Yeo-Johnson,7.0,0.046875,0.0,0.0717039108276367,0.1553783416748047,0.4370816573500633,71.0,199.0,4.0,2.0,0.9986166407989744,0.9447727176645632,2.0,17.0,5.0,6.0,0.6363636363636365,0.0237624228260878,
haberman,XGBoost,Yeo-Johnson,8.0,0.046875,0.0,0.0717477798461914,0.1500606536865234,0.3913260698318481,72.0,197.0,6.0,1.0,0.9982792361157974,0.937185642183776,2.0,17.0,5.0,6.0,0.5852272727272727,0.0237624228260878,
haberman,XGBoost,Yeo-Johnson,9.0,0.046875,0.0,0.0718355178833007,0.1568050384521484,0.5416253805160522,67.0,202.0,1.0,6.0,0.997975571900938,0.9344111707746592,4.0,16.0,6.0,4.0,0.75,0.2132007163556104,
haberman,XGBoost,Yeo-Johnson,10.0,0.046875,0.015625,0.0718355178833007,0.1555728912353515,0.3753574192523956,72.0,197.0,6.0,1.0,0.9980093123692556,0.937185642183776,2.0,13.0,9.0,6.0,0.4886363636363636,-0.1459918306449029,
