Dataset,Model,Preprocessor,Fold,Fit_Time_sec,Predict_Time_Test_sec,Peak_Memory_MB,Pipeline_Disk_Size_MB,Optimal_Threshold,Train_TP,Train_TN,Train_FP,Train_FN,Train_ROC_AUC,Train_MCC,Test_TP,Test_TN,Test_FP,Test_FN,Test_ROC_AUC,Test_MCC,Error_Log
profb,GaussianNB,Baseline,1.0,0.015625,0.0,0.2322225570678711,0.0029106140136718,0.0854282516323979,164.0,187.0,216.0,37.0,0.6794377986000519,0.2730864105150875,18.0,23.0,22.0,5.0,0.6260869565217391,0.2823542943715121,
profb,GaussianNB,Baseline,2.0,0.0,0.0,0.2298612594604492,0.0029106140136718,0.2069633469203901,109.0,300.0,103.0,92.0,0.6829438415861141,0.2830580477834634,10.0,27.0,18.0,13.0,0.5942028985507246,0.0334366927545211,
profb,GaussianNB,Baseline,3.0,0.015625,0.0,0.2301168441772461,0.0029106140136718,0.1899054224581738,153.0,218.0,186.0,48.0,0.6686246982907245,0.285445350974143,16.0,27.0,17.0,7.0,0.7134387351778656,0.2937363221724994,
profb,GaussianNB,Baseline,4.0,0.0,0.0,0.2304639816284179,0.0029106140136718,0.0861722627032667,174.0,167.0,237.0,27.0,0.6867272548150338,0.281598444978093,18.0,18.0,26.0,5.0,0.5933794466403162,0.191699604743083,
profb,GaussianNB,Baseline,5.0,0.0,0.0,0.2305860519409179,0.0029106140136718,0.158230740326401,135.0,260.0,143.0,67.0,0.6811598653661891,0.2966464598141428,11.0,23.0,22.0,11.0,0.5545454545454545,0.0104370715180858,
profb,GaussianNB,Baseline,6.0,0.015625,0.0,0.2305335998535156,0.0029106140136718,0.1396560906381483,165.0,199.0,204.0,37.0,0.6795260791587844,0.3003308299154135,17.0,19.0,26.0,5.0,0.6696969696969697,0.1909412947173698,
profb,GaussianNB,Baseline,7.0,0.015625,0.0,0.2304544448852539,0.0029106140136718,0.1459081813039567,161.0,201.0,202.0,41.0,0.6788995897108321,0.2847405000702401,17.0,21.0,24.0,5.0,0.6575757575757576,0.2307024179817586,
profb,GaussianNB,Baseline,8.0,0.015625,0.015625,0.2303152084350586,0.0029106140136718,0.3176615838073394,139.0,239.0,164.0,63.0,0.6756627275630789,0.2652001867928941,16.0,31.0,14.0,6.0,0.709090909090909,0.3930231474954045,
profb,GaussianNB,Baseline,9.0,0.015625,0.0,0.2301473617553711,0.0029106140136718,0.1061255340325443,164.0,198.0,205.0,38.0,0.678543350612977,0.2931453135592295,18.0,19.0,26.0,4.0,0.6212121212121212,0.2377765949518141,
profb,GaussianNB,Baseline,10.0,0.015625,0.015625,0.2304468154907226,0.0029106140136718,0.1529842409695642,165.0,193.0,210.0,37.0,0.6820504631108272,0.287315156205213,15.0,19.0,26.0,7.0,0.6060606060606061,0.1002630761692875,
profb,GaussianNB,IQR Capping,1.0,0.046875,0.0,0.24683570861816406,0.0034761428833007812,0.08208232092091645,165.0,188.0,215.0,36.0,0.6794995247089615,0.2803603650022595,18.0,22.0,23.0,5.0,0.629951690821256,0.26251996311759845,
profb,GaussianNB,IQR Capping,2.0,0.046875,0.015625,0.24328136444091797,0.0034761428833007812,0.1784437202735113,128.0,265.0,138.0,73.0,0.6814624149722849,0.2794253601626551,12.0,24.0,21.0,11.0,0.6,0.05213311661791026,
profb,GaussianNB,IQR Capping,3.0,0.046875,0.015625,0.24331378936767578,0.0034761428833007812,0.18331383386814354,155.0,214.0,190.0,46.0,0.668452292990493,0.28624541183053254,17.0,27.0,17.0,6.0,0.7144268774703558,0.3350283291232662,
profb,GaussianNB,IQR Capping,4.0,0.046875,0.015625,0.2433147430419922,0.0034761428833007812,0.11386816902840499,158.0,205.0,199.0,43.0,0.6876508546377026,0.281080070151369,17.0,22.0,22.0,6.0,0.5904150197628458,0.2302044902731774,
profb,GaussianNB,IQR Capping,5.0,0.046875,0.0,0.2434396743774414,0.0034761428833007812,0.1260399470867175,160.0,212.0,191.0,42.0,0.6817617866004965,0.3039958131245533,15.0,20.0,25.0,7.0,0.5525252525252524,0.12088726108034571,
profb,GaussianNB,IQR Capping,6.0,0.046875,0.0,0.2426767349243164,0.0034761428833007812,0.14013606409387444,163.0,203.0,200.0,39.0,0.6800788639658011,0.2990490679129658,16.0,18.0,27.0,6.0,0.6727272727272727,0.12465597478957821,
profb,GaussianNB,IQR Capping,7.0,0.03125,0.015625,0.24302959442138672,0.0034761428833007812,0.14049797195372402,161.0,201.0,202.0,41.0,0.6794032380905585,0.28474050007024015,17.0,20.0,25.0,5.0,0.6616161616161617,0.2108755426039124,
profb,GaussianNB,IQR Capping,8.0,0.03125,0.015625,0.2428579330444336,0.0034761428833007812,0.3121008667995067,139.0,239.0,164.0,63.0,0.6763137852246763,0.2652001867928941,16.0,30.0,15.0,6.0,0.7080808080808081,0.3710350286774851,
profb,GaussianNB,IQR Capping,9.0,0.03125,0.015625,0.2423391342163086,0.0034761428833007812,0.12258994386033188,152.0,228.0,175.0,50.0,0.6791821241677517,0.3011451541183112,15.0,21.0,24.0,7.0,0.6161616161616162,0.14138014354337383,
profb,GaussianNB,IQR Capping,10.0,0.03125,0.015625,0.2427692413330078,0.0034761428833007812,0.15458235565411307,162.0,202.0,201.0,40.0,0.6815836670515686,0.29189478399160296,15.0,19.0,26.0,7.0,0.609090909090909,0.1002630761692875,
profb,GaussianNB,IQR Removal,1.0,0.03125,0.0,0.286895751953125,0.003122329711914,0.0867458019662237,157.0,204.0,199.0,44.0,0.6797834648099453,0.2751897901556283,16.0,24.0,21.0,7.0,0.6309178743961352,0.2175186314508254,
profb,GaussianNB,IQR Removal,2.0,0.03125,0.0,0.2858009338378906,0.003122329711914,0.2000648415901363,108.0,305.0,98.0,93.0,0.6836598644494649,0.2923650396542983,10.0,31.0,14.0,13.0,0.6086956521739131,0.1224356343378101,
profb,GaussianNB,IQR Removal,3.0,0.03125,0.0,0.2850990295410156,0.003122329711914,0.1625347193445708,159.0,206.0,198.0,42.0,0.6700531993497857,0.2882152794175788,17.0,27.0,17.0,6.0,0.7164031620553359,0.3350283291232662,
profb,GaussianNB,IQR Removal,4.0,0.046875,0.0,0.2877626419067383,0.003122329711914,0.1730020875672186,119.0,287.0,117.0,82.0,0.6909388700064036,0.292047022791003,8.0,30.0,14.0,15.0,0.5785573122529644,0.0299718396998085,
profb,GaussianNB,IQR Removal,5.0,0.03125,0.015625,0.2863798141479492,0.003122329711914,0.1310723649971616,150.0,232.0,171.0,52.0,0.6835061297693045,0.3007419382368153,14.0,22.0,23.0,8.0,0.5515151515151515,0.1182885201199761,
profb,GaussianNB,IQR Removal,6.0,0.046875,0.0,0.2857694625854492,0.003122329711914,0.1283352098922263,164.0,204.0,199.0,38.0,0.6807299216273985,0.3062033518343286,17.0,18.0,27.0,5.0,0.6767676767676768,0.1708394862889084,
profb,GaussianNB,IQR Removal,7.0,0.046875,0.0,0.2865753173828125,0.003122329711914,0.1141014393150582,171.0,181.0,222.0,31.0,0.6812949905412377,0.2922574788045042,19.0,18.0,27.0,3.0,0.6696969696969697,0.2668912568258342,
profb,GaussianNB,IQR Removal,8.0,0.03125,0.0,0.285959243774414,0.003122329711914,0.2664599691262807,158.0,204.0,199.0,44.0,0.6736665602044075,0.2765259828340331,17.0,27.0,18.0,5.0,0.706060606060606,0.3504287726133867,
profb,GaussianNB,IQR Removal,9.0,0.03125,0.0,0.287053108215332,0.003122329711914,0.1164725334465625,155.0,225.0,178.0,47.0,0.6828673562145297,0.308715594874172,14.0,21.0,24.0,8.0,0.6161616161616161,0.0976543912750021,
profb,GaussianNB,IQR Removal,10.0,0.03125,0.0,0.2861719131469726,0.003122329711914,0.1481072534354745,161.0,201.0,202.0,41.0,0.6865464462078963,0.2847405000702401,16.0,18.0,27.0,6.0,0.6141414141414141,0.1246559747895782,
profb,GaussianNB,PCA,1.0,0.015625,0.0,0.2331867218017578,0.0039901733398437,0.0885736635413755,157.0,204.0,199.0,44.0,0.6855733738256607,0.2751897901556283,16.0,24.0,21.0,7.0,0.6106280193236715,0.2175186314508254,
profb,GaussianNB,PCA,2.0,0.09375,0.0,0.2335882186889648,0.0039901733398437,0.1585320180900873,136.0,255.0,148.0,65.0,0.6782403120872066,0.2920763251030653,16.0,23.0,22.0,7.0,0.6202898550724638,0.1970113163442449,
profb,GaussianNB,PCA,3.0,0.09375,0.0,0.2330522537231445,0.0039901733398437,0.1608923148252522,160.0,207.0,197.0,41.0,0.6720728042953549,0.2953504886837886,16.0,23.0,21.0,7.0,0.6719367588932806,0.2085165487145966,
profb,GaussianNB,PCA,4.0,0.09375,0.0,0.234018325805664,0.0039901733398437,0.1029362977206653,164.0,193.0,211.0,37.0,0.692034875129304,0.2849240202915585,19.0,20.0,24.0,4.0,0.5854743083003953,0.2778998005930448,
profb,GaussianNB,PCA,5.0,0.09375,0.046875,0.2330894470214843,0.0039901733398437,0.1274402084355284,153.0,223.0,180.0,49.0,0.6822654349802226,0.2946243100351457,14.0,22.0,23.0,8.0,0.5595959595959596,0.1182885201199761,
profb,GaussianNB,PCA,6.0,0.09375,0.0,0.2336988449096679,0.0039901733398437,0.2076171658877188,111.0,296.0,107.0,91.0,0.685090779549419,0.2789697465548322,13.0,32.0,13.0,9.0,0.6939393939393939,0.2910549492681258,
profb,GaussianNB,PCA,7.0,0.09375,0.0,0.2334356307983398,0.0039901733398437,0.2338026720381639,92.0,325.0,78.0,110.0,0.6812335700071248,0.2747830269993899,8.0,40.0,5.0,14.0,0.7404040404040405,0.2998843868663406,
profb,GaussianNB,PCA,8.0,0.09375,0.0,0.2333488464355468,0.0039901733398437,0.4075306787760798,74.0,356.0,47.0,128.0,0.6898201606761172,0.2944089973832589,11.0,38.0,7.0,11.0,0.6797979797979798,0.3649240525396278,
profb,GaussianNB,PCA,9.0,0.09375,0.0,0.2332954406738281,0.0039901733398437,0.1123798789603768,153.0,223.0,180.0,49.0,0.685735695157605,0.2946243100351457,14.0,23.0,22.0,8.0,0.6191919191919192,0.1389002927869559,
profb,GaussianNB,PCA,10.0,0.09375,0.078125,0.2335243225097656,0.0039901733398437,0.1584224189644054,160.0,200.0,203.0,42.0,0.6799990172714543,0.2775862161488773,15.0,18.0,27.0,7.0,0.6363636363636364,0.0794461346554274,
profb,GaussianNB,Quantile Binning,1.0,0.015625,0.0,0.2333841323852539,0.0037508010864257,0.0743079409809376,163.0,186.0,217.0,38.0,0.672326950853672,0.2658124560279155,18.0,21.0,24.0,5.0,0.6019323671497585,0.2426823612460243,
profb,GaussianNB,Quantile Binning,2.0,0.015625,0.0,0.2336435317993164,0.0037508010864257,0.1489235403097375,133.0,246.0,157.0,68.0,0.665549424095404,0.2566472548298303,15.0,26.0,19.0,8.0,0.6879227053140097,0.2175844552560732,
profb,GaussianNB,Quantile Binning,3.0,0.015625,0.0,0.2341604232788086,0.0037508010864257,0.1448114011417571,160.0,195.0,209.0,41.0,0.6615437663169302,0.2691199223414303,17.0,24.0,20.0,6.0,0.6679841897233202,0.2717319729855377,
profb,GaussianNB,Quantile Binning,4.0,0.015625,0.0,0.2338552474975586,0.0037508010864257,0.1326486951208709,138.0,246.0,158.0,63.0,0.6798310428057732,0.278412575605261,11.0,24.0,20.0,12.0,0.5825098814229249,0.0225833771866873,
profb,GaussianNB,Quantile Binning,5.0,0.03125,0.0,0.2338895797729492,0.0037508010864257,0.1036681177018499,157.0,203.0,200.0,45.0,0.6757425742574257,0.2693996316833009,15.0,20.0,25.0,7.0,0.5383838383838384,0.1208872610803457,
profb,GaussianNB,Quantile Binning,6.0,0.03125,0.0,0.2336263656616211,0.0037508010864257,0.1277254954367092,157.0,203.0,200.0,45.0,0.6669840060929171,0.2693996316833009,17.0,17.0,28.0,5.0,0.6595959595959596,0.1505050505050505,
profb,GaussianNB,Quantile Binning,7.0,0.015625,0.015625,0.2333126068115234,0.0037508010864257,0.1311810196872214,159.0,193.0,210.0,43.0,0.6736051396702947,0.2572177317783095,17.0,23.0,22.0,5.0,0.6787878787878788,0.2702572811951568,
profb,GaussianNB,Quantile Binning,8.0,0.015625,0.0,0.2336244583129882,0.0037508010864257,0.2662151391476897,144.0,226.0,177.0,58.0,0.6707060904601626,0.2586046356353161,16.0,26.0,19.0,6.0,0.712121212121212,0.2868007840900888,
profb,GaussianNB,Quantile Binning,9.0,0.03125,0.015625,0.2336244583129882,0.0037508010864257,0.0981055897745295,155.0,207.0,196.0,47.0,0.6744404589342309,0.2684877686924823,13.0,18.0,27.0,9.0,0.5828282828282829,-0.0087038827977848,
profb,GaussianNB,Quantile Binning,10.0,0.015625,0.015625,0.2338018417358398,0.0037508010864257,0.3345015136294804,58.0,370.0,33.0,144.0,0.669864629142815,0.2707659213961033,6.0,39.0,6.0,16.0,0.6121212121212122,0.1707220123757972,
profb,GaussianNB,Quantile Transform,1.0,0.03125,0.0,0.2671403884887695,0.0354776382446289,0.0846746938900522,146.0,217.0,186.0,55.0,0.6637964026023728,0.2508209120032253,16.0,22.0,23.0,7.0,0.6000000000000001,0.1765354341218543,
profb,GaussianNB,Quantile Transform,2.0,0.03125,0.015625,0.2658767700195312,0.0354776382446289,0.1367876445481672,143.0,244.0,159.0,58.0,0.6638828191548461,0.2986540262147737,15.0,22.0,23.0,8.0,0.582608695652174,0.1344095896554195,
profb,GaussianNB,Quantile Transform,3.0,0.03125,0.0,0.2673511505126953,0.0355310440063476,0.1348500063817702,172.0,165.0,239.0,29.0,0.6489335500714251,0.2665609711962186,20.0,20.0,24.0,3.0,0.6521739130434783,0.3241106719367589,
profb,GaussianNB,Quantile Transform,4.0,0.015625,0.0,0.2668542861938476,0.0355310440063476,0.1138652842350869,136.0,231.0,173.0,65.0,0.6610142357519334,0.234052682442849,13.0,26.0,18.0,10.0,0.5795454545454546,0.1486738998123583,
profb,GaussianNB,Quantile Transform,5.0,0.03125,0.0,0.2661333084106445,0.0355310440063476,0.1045785642643228,155.0,201.0,202.0,47.0,0.6621686362184607,0.2551469293818364,13.0,14.0,31.0,9.0,0.4292929292929293,-0.0969089483627141,
profb,GaussianNB,Quantile Transform,6.0,0.03125,0.015625,0.2666006088256836,0.0355310440063476,0.1069673576173151,176.0,150.0,253.0,26.0,0.6566899245755841,0.2528333063234748,19.0,18.0,27.0,3.0,0.6373737373737374,0.2668912568258342,
profb,GaussianNB,Quantile Transform,7.0,0.015625,0.0,0.2658491134643554,0.0355310440063476,0.1179305834176847,173.0,153.0,250.0,29.0,0.6537294548313393,0.2427709407875367,20.0,13.0,32.0,2.0,0.586868686868687,0.2230443223863135,
profb,GaussianNB,Quantile Transform,8.0,0.03125,0.0,0.2665166854858398,0.0355310440063476,0.2272218850507421,171.0,163.0,240.0,31.0,0.6541593985701301,0.2536192134320358,17.0,22.0,23.0,5.0,0.6707070707070707,0.2504784049584763,
profb,GaussianNB,Quantile Transform,9.0,0.015625,0.0,0.266087532043457,0.0355310440063476,0.0873866354185899,165.0,175.0,228.0,37.0,0.6561739920890354,0.2481802571475865,15.0,13.0,32.0,7.0,0.5484848484848486,-0.0300619033226042,
profb,GaussianNB,Quantile Transform,10.0,0.03125,0.015625,0.2658052444458008,0.0355310440063476,0.1773223428223082,142.0,224.0,179.0,60.0,0.6562906911038497,0.2445588681014831,14.0,23.0,22.0,8.0,0.5858585858585859,0.1389002927869559,
profb,GaussianNB,Random Undersampling,1.0,0.03125,0.0,0.2151451110839843,0.0062818527221679,0.0001247006259462,159.0,206.0,197.0,42.0,0.6774625631149463,0.2894743065920325,18.0,23.0,22.0,5.0,0.6270531400966184,0.2823542943715121,
profb,GaussianNB,Random Undersampling,2.0,0.03125,0.0,0.2153224945068359,0.0062818527221679,0.3042158589700311,150.0,215.0,188.0,51.0,0.6747157512684715,0.2655513508347769,19.0,19.0,26.0,4.0,0.6144927536231883,0.2483091787439613,
profb,GaussianNB,Random Undersampling,3.0,0.015625,0.0,0.2153511047363281,0.0062818527221679,0.2355810399055503,157.0,204.0,200.0,44.0,0.6605339638441455,0.2739448608851592,16.0,26.0,18.0,7.0,0.6897233201581027,0.2721518639936896,
profb,GaussianNB,Random Undersampling,4.0,0.015625,0.0,0.2156934738159179,0.0062818527221679,0.0001401332403432,153.0,212.0,192.0,48.0,0.681197970543323,0.2720678863162081,19.0,24.0,20.0,4.0,0.6111660079051383,0.3576730923252674,
profb,GaussianNB,Random Undersampling,5.0,0.03125,0.0,0.2157850265502929,0.0062971115112304,0.3378944503468546,136.0,255.0,148.0,66.0,0.679808613615704,0.2891802981841725,12.0,23.0,22.0,10.0,0.5565656565656566,0.0531341822738914,
profb,GaussianNB,Random Undersampling,6.0,0.03125,0.0,0.2160072326660156,0.0062971115112304,0.0001056613254903,161.0,207.0,196.0,41.0,0.665534481487851,0.2979050362862299,16.0,20.0,25.0,6.0,0.6656565656565656,0.165482747075523,
profb,GaussianNB,Random Undersampling,7.0,0.015625,0.0,0.2160301208496093,0.0062971115112304,0.0001349876709631,150.0,214.0,189.0,52.0,0.6670577107338526,0.2599503118184108,15.0,24.0,21.0,7.0,0.6303030303030304,0.2026422079700111,
profb,GaussianNB,Random Undersampling,8.0,0.015625,0.0,0.2158775329589843,0.0062971115112304,0.0001081549321613,165.0,187.0,216.0,37.0,0.6664680736063681,0.2742953918557603,17.0,25.0,20.0,5.0,0.7065656565656565,0.3100303954757438,
profb,GaussianNB,Random Undersampling,9.0,0.03125,0.0,0.2160358428955078,0.0062971115112304,5.365312348228036e-05,164.0,192.0,211.0,38.0,0.6689801734515883,0.2800949830170862,17.0,18.0,27.0,5.0,0.594949494949495,0.1708394862889084,
profb,GaussianNB,Random Undersampling,10.0,0.015625,0.0,0.2159843444824218,0.0062971115112304,0.4382063012902262,123.0,272.0,131.0,79.0,0.6754416136402722,0.2712345066749962,13.0,27.0,18.0,9.0,0.6202020202020203,0.1798092831283197,
profb,GaussianNB,SMOTE / SMOTENC,1.0,0.09375,0.0,1.062190055847168,0.0252943038940429,0.633473769419117,106.0,303.0,100.0,95.0,0.674672542992235,0.277541864639508,12.0,31.0,14.0,11.0,0.6502415458937197,0.205057188959819,
profb,GaussianNB,SMOTE / SMOTENC,2.0,0.109375,0.0,1.0616130828857422,0.025282859802246,0.7343600870976418,106.0,303.0,100.0,95.0,0.6681110576151501,0.277541864639508,8.0,27.0,18.0,15.0,0.596135265700483,-0.0507939825863771,
profb,GaussianNB,SMOTE / SMOTENC,3.0,0.109375,0.015625,1.0617341995239258,0.025282859802246,0.6972006796175605,144.0,221.0,183.0,57.0,0.6487980887641003,0.2489927521910218,14.0,30.0,14.0,9.0,0.6818181818181818,0.2796699179351825,
profb,GaussianNB,SMOTE / SMOTENC,4.0,0.109375,0.0,1.0617446899414062,0.0252943038940429,0.7375915117686281,84.0,343.0,61.0,117.0,0.6882419585242106,0.2945150400800398,6.0,34.0,10.0,17.0,0.5696640316205533,0.0374148132120733,
profb,GaussianNB,SMOTE / SMOTENC,5.0,0.109375,0.015625,1.070028305053711,0.025435447692871,0.6934743395800133,112.0,285.0,118.0,90.0,0.6623467557673882,0.2541978329043006,10.0,33.0,12.0,12.0,0.6696969696969697,0.1878787878787878,
profb,GaussianNB,SMOTE / SMOTENC,6.0,0.09375,0.0,1.0702781677246094,0.0254697799682617,0.6931623587441955,139.0,246.0,157.0,63.0,0.6733778836940767,0.2816479430767691,14.0,22.0,23.0,8.0,0.6121212121212122,0.1182885201199761,
profb,GaussianNB,SMOTE / SMOTENC,7.0,0.109375,0.0,1.070173263549805,0.0253896713256835,0.6962738499032806,141.0,241.0,162.0,61.0,0.675662727563079,0.2792196820097843,14.0,22.0,23.0,8.0,0.6070707070707071,0.1182885201199761,
profb,GaussianNB,SMOTE / SMOTENC,8.0,0.109375,0.0,1.070169448852539,0.0254011154174804,0.8724035280877409,96.0,305.0,98.0,106.0,0.6467459401026951,0.2344919581147174,9.0,37.0,8.0,13.0,0.5232323232323233,0.2496366938306831,
profb,GaussianNB,SMOTE / SMOTENC,9.0,0.09375,0.0,1.0699491500854492,0.0253896713256835,0.5217612060773033,154.0,218.0,185.0,48.0,0.6732304744122056,0.2881956312598868,16.0,24.0,21.0,6.0,0.6494949494949496,0.2461164370238212,
profb,GaussianNB,SMOTE / SMOTENC,10.0,0.109375,0.0,1.0701522827148438,0.0254240036010742,0.7124269106414242,153.0,223.0,180.0,49.0,0.6800113013782767,0.2946243100351457,15.0,23.0,22.0,7.0,0.5787878787878787,0.1822024785718987,
profb,GaussianNB,Select Percentile (Mutual Info),1.0,0.5625,0.0,0.4830608367919922,0.0030908584594726,0.1337189868000425,105.0,272.0,131.0,96.0,0.6266990111477353,0.1905702081273348,13.0,32.0,13.0,10.0,0.5613526570048308,0.269019981846368,
profb,GaussianNB,Select Percentile (Mutual Info),2.0,0.09375,0.015625,0.4816741943359375,0.0030908584594726,0.3852531238947714,114.0,287.0,116.0,87.0,0.6663827265656826,0.2710550555607408,13.0,31.0,14.0,10.0,0.6531400966183575,0.2457037377221651,
profb,GaussianNB,Select Percentile (Mutual Info),3.0,0.078125,0.0,0.4824771881103515,0.0030908584594726,0.2552970572258262,144.0,221.0,183.0,57.0,0.665706122851091,0.2489927521910218,12.0,28.0,16.0,11.0,0.657114624505929,0.1522013158830925,
profb,GaussianNB,Select Percentile (Mutual Info),4.0,0.09375,0.015625,0.4821310043334961,0.0030908584594726,0.4475778845867714,102.0,318.0,86.0,99.0,0.6810625092359982,0.2998208441992326,6.0,33.0,11.0,17.0,0.5780632411067194,0.0118602260364981,
profb,GaussianNB,Select Percentile (Mutual Info),5.0,0.09375,0.0,0.4814558029174804,0.0030908584594726,0.2818824344618016,165.0,187.0,216.0,37.0,0.6792005503279857,0.2742953918557603,16.0,19.0,26.0,6.0,0.5696969696969698,0.1451608386296699,
profb,GaussianNB,Select Percentile (Mutual Info),6.0,0.078125,0.0,0.4817180633544922,0.0030908584594726,0.3170348268953981,110.0,301.0,102.0,92.0,0.6853548878461047,0.2880926063449111,11.0,25.0,20.0,11.0,0.5979797979797981,0.0523254527622094,
profb,GaussianNB,Select Percentile (Mutual Info),7.0,0.09375,0.0,0.4837598800659179,0.0030908584594726,0.3893307449178464,104.0,300.0,103.0,98.0,0.667751762769329,0.2577217177079479,9.0,39.0,6.0,13.0,0.696969696969697,0.310668877609508,
profb,GaussianNB,Select Percentile (Mutual Info),8.0,0.09375,0.0,0.4823513031005859,0.0030908584594726,0.2386632922660409,164.0,180.0,223.0,38.0,0.6594661327174901,0.2539555035249362,20.0,21.0,24.0,2.0,0.795959595959596,0.3716508122776254,
profb,GaussianNB,Select Percentile (Mutual Info),9.0,0.09375,0.015625,0.4828548431396484,0.0030908584594726,0.2798564533083778,104.0,301.0,102.0,98.0,0.6737279807385206,0.2604920192650124,9.0,39.0,6.0,13.0,0.702020202020202,0.310668877609508,
profb,GaussianNB,Select Percentile (Mutual Info),10.0,0.078125,0.0,0.4821176528930664,0.0030908584594726,0.2858684063117857,146.0,240.0,163.0,56.0,0.6754047613198044,0.3002946755958211,15.0,24.0,21.0,7.0,0.5717171717171717,0.2026422079700111,
profb,GaussianNB,Uniform Binning,1.0,0.015625,0.0,0.2333669662475586,0.0037336349487304,0.1242805433177941,110.0,295.0,108.0,91.0,0.6660555781884622,0.2740050374145269,14.0,33.0,12.0,9.0,0.642512077294686,0.3329827747329171,
profb,GaussianNB,Uniform Binning,2.0,0.0,0.0,0.2329645156860351,0.0037336349487304,0.1561626366809318,143.0,231.0,172.0,58.0,0.6662839647914274,0.2685023242851213,15.0,20.0,25.0,8.0,0.5758454106280193,0.0928797020958921,
profb,GaussianNB,Uniform Binning,3.0,0.015625,0.015625,0.2334785461425781,0.0037336349487304,0.2541578988123575,98.0,320.0,84.0,103.0,0.6718326683414609,0.2871999081037792,10.0,36.0,8.0,13.0,0.7134387351778656,0.2709663844415311,
profb,GaussianNB,Uniform Binning,4.0,0.015625,0.0,0.2337379455566406,0.0037336349487304,0.1529947273607753,128.0,254.0,150.0,73.0,0.6726639081818631,0.2509597402301132,11.0,26.0,18.0,12.0,0.5755928853754941,0.0662852634171497,
profb,GaussianNB,Uniform Binning,5.0,0.015625,0.0,0.2336330413818359,0.0037336349487304,0.1793690611317499,110.0,301.0,102.0,92.0,0.6683966783775152,0.2880926063449111,7.0,28.0,17.0,15.0,0.5313131313131313,-0.0583706548617866,
profb,GaussianNB,Uniform Binning,6.0,0.015625,0.0,0.2332344055175781,0.0037336349487304,0.2107265529089628,103.0,294.0,109.0,99.0,0.6551298430091148,0.2366691810785072,13.0,33.0,12.0,9.0,0.7141414141414141,0.3148420891900273,
profb,GaussianNB,Uniform Binning,7.0,0.015625,0.0,0.2333307266235351,0.0037336349487304,0.2532139100141223,80.0,338.0,65.0,122.0,0.6707490848340417,0.2593400333173902,4.0,38.0,7.0,18.0,0.5808080808080808,0.0332939554893052,
profb,GaussianNB,Uniform Binning,8.0,0.015625,0.0,0.2333383560180664,0.0037336349487304,0.3314882195996208,119.0,268.0,135.0,83.0,0.6628749723607597,0.2428280711293395,14.0,33.0,12.0,8.0,0.6959595959595959,0.3562746201743614,
profb,GaussianNB,Uniform Binning,9.0,0.015625,0.015625,0.2331628799438476,0.0037336349487304,0.1570827820353716,112.0,285.0,118.0,90.0,0.6678868879443776,0.2541978329043006,12.0,33.0,12.0,10.0,0.603030303030303,0.2730559447771713,
profb,GaussianNB,Uniform Binning,10.0,0.015625,0.0,0.2334222793579101,0.0037336349487304,0.3078817786397341,71.0,353.0,50.0,131.0,0.6702884308281944,0.2681224797597536,6.0,36.0,9.0,16.0,0.5929292929292929,0.0819346490398702,
profb,GaussianNB,Yeo-Johnson,1.0,0.0625,0.0,0.2322568893432617,0.0031156539916992,0.1122626324283697,127.0,276.0,127.0,74.0,0.6835487574534277,0.3023107969287957,15.0,27.0,18.0,8.0,0.62512077294686,0.238714797145168,
profb,GaussianNB,Yeo-Johnson,2.0,0.0625,0.0,0.2323951721191406,0.0031156539916992,0.1452425211841628,145.0,240.0,163.0,56.0,0.682264854388109,0.2987362592722364,15.0,21.0,24.0,8.0,0.6376811594202898,0.1136851224973198,
profb,GaussianNB,Yeo-Johnson,3.0,0.046875,0.015625,0.2324800491333007,0.0031156539916992,0.1696722457144632,154.0,219.0,185.0,47.0,0.6713216097729177,0.2925154581279691,17.0,26.0,18.0,6.0,0.7075098814229249,0.3137236067171736,
profb,GaussianNB,Yeo-Johnson,4.0,0.046875,0.0,0.2324724197387695,0.0031156539916992,0.1385254345888955,137.0,257.0,147.0,64.0,0.6931185655879021,0.2998721554037546,10.0,28.0,16.0,13.0,0.5825098814229249,0.0693208114552548,
profb,GaussianNB,Yeo-Johnson,5.0,0.046875,0.015625,0.2324953079223632,0.0031156539916992,0.1130474084173464,161.0,207.0,196.0,41.0,0.6848205291993218,0.2979050362862299,14.0,20.0,25.0,8.0,0.5505050505050505,0.0769415747174823,
profb,GaussianNB,Yeo-Johnson,6.0,0.046875,0.0,0.2321958541870117,0.0031156539916992,0.175399859115373,134.0,265.0,138.0,68.0,0.6829533449622878,0.3042552956234719,13.0,26.0,19.0,9.0,0.6727272727272727,0.1585951355729961,
profb,GaussianNB,Yeo-Johnson,7.0,0.0625,0.0,0.2326383590698242,0.0031156539916992,0.1252858185983512,164.0,198.0,205.0,38.0,0.6853978822199837,0.2931453135592295,18.0,19.0,26.0,4.0,0.6777777777777778,0.2377765949518141,
profb,GaussianNB,Yeo-Johnson,8.0,0.0625,0.0,0.2325420379638672,0.0031156539916992,0.3127272584462645,129.0,266.0,137.0,73.0,0.6810554504581973,0.2837720874300027,16.0,36.0,9.0,6.0,0.71010101010101,0.5119862011127547,
profb,GaussianNB,Yeo-Johnson,9.0,0.0625,0.015625,0.2326822280883789,0.0031156539916992,0.1095601699258016,152.0,222.0,181.0,50.0,0.6829287767486425,0.2875786676156325,13.0,20.0,25.0,9.0,0.601010101010101,0.0335088597512262,
profb,GaussianNB,Yeo-Johnson,10.0,0.0625,0.0,0.2323265075683593,0.0031156539916992,0.1572528025247594,158.0,210.0,193.0,44.0,0.6829226346952313,0.2897925953517249,14.0,20.0,25.0,8.0,0.6121212121212121,0.0769415747174823,
profb,KNN,Baseline,1.0,0.015625,0.0,0.2017335891723632,0.084329605102539,0.4,171.0,256.0,147.0,30.0,0.7996123600360481,0.4586423561094672,18.0,29.0,16.0,5.0,0.7309178743961353,0.404085416904136,
profb,KNN,Baseline,2.0,0.015625,0.015625,0.2019262313842773,0.084329605102539,0.4,175.0,263.0,140.0,26.0,0.8247842672493612,0.4935798679283891,14.0,20.0,25.0,9.0,0.5599033816425121,0.0508348108727852,
profb,KNN,Baseline,3.0,0.0,0.015625,0.2015886306762695,0.084451675415039,0.4,172.0,262.0,142.0,29.0,0.8111238362642235,0.4753477606502655,16.0,23.0,21.0,7.0,0.6684782608695652,0.2085165487145966,
profb,KNN,Baseline,4.0,0.0,0.0,0.2018613815307617,0.084451675415039,0.4,171.0,270.0,134.0,30.0,0.8286537608984779,0.4889881342143912,8.0,27.0,17.0,15.0,0.5182806324110671,-0.0378337771345164,
profb,KNN,Baseline,5.0,0.015625,0.0,0.2020864486694336,0.084451675415039,0.4,177.0,263.0,140.0,25.0,0.824564528413139,0.4993777186902186,13.0,21.0,24.0,9.0,0.5510101010101011,0.0543745616680535,
profb,KNN,Baseline,6.0,0.015625,0.0,0.2019205093383789,0.084451675415039,0.4,174.0,270.0,133.0,28.0,0.8323649362454855,0.501234353576561,12.0,19.0,26.0,10.0,0.5343434343434343,-0.0306366717725496,
profb,KNN,Baseline,7.0,0.015625,0.0,0.2016286849975586,0.084451675415039,0.4080000000000041,105.0,363.0,40.0,97.0,0.8212785298380955,0.4646000021256334,4.0,38.0,7.0,18.0,0.5959595959595959,0.0332939554893052,
profb,KNN,Baseline,8.0,0.015625,0.0,0.2020387649536132,0.084451675415039,0.4,172.0,255.0,148.0,30.0,0.8127779279168611,0.4574998889501769,15.0,25.0,20.0,7.0,0.6318181818181818,0.2231727955667909,
profb,KNN,Baseline,9.0,0.015625,0.0,0.2017660140991211,0.084451675415039,0.4,176.0,257.0,146.0,26.0,0.824294278063042,0.4810923631691569,14.0,23.0,22.0,8.0,0.6217171717171717,0.1389002927869559,
profb,KNN,Baseline,10.0,0.015625,0.0,0.2020864486694336,0.084451675415039,0.4,169.0,258.0,145.0,33.0,0.803699972974965,0.4500724621281594,17.0,21.0,24.0,5.0,0.6489898989898991,0.2307024179817586,
profb,KNN,IQR Capping,1.0,0.03125,0.0,0.2242870330810547,0.08489513397216797,0.4,170.0,252.0,151.0,31.0,0.7945755095490291,0.4448367911182471,18.0,30.0,15.0,5.0,0.7367149758454107,0.4252964776724258,
profb,KNN,IQR Capping,2.0,0.046875,0.0,0.22455406188964844,0.08489513397216797,0.28199999999999364,176.0,259.0,144.0,25.0,0.8237966495068083,0.489326912734521,14.0,20.0,25.0,9.0,0.5599033816425121,0.05083481087278529,
profb,KNN,IQR Capping,3.0,0.046875,0.015625,0.2242450714111328,0.08501720428466797,0.4,172.0,260.0,144.0,29.0,0.8098061671838825,0.4708097187574319,16.0,23.0,21.0,7.0,0.6650197628458497,0.20851654871459663,
profb,KNN,IQR Capping,4.0,0.046875,0.0,0.22399139404296875,0.08501720428466797,0.4,171.0,268.0,136.0,30.0,0.8268250332495937,0.48436153153881206,8.0,26.0,18.0,15.0,0.5098814229249011,-0.059692920975358305,
profb,KNN,IQR Capping,5.0,0.046875,0.015625,0.22457504272460938,0.08501720428466797,0.3759999999999991,177.0,259.0,144.0,25.0,0.8221322752622656,0.49035979994356144,13.0,21.0,24.0,9.0,0.5555555555555556,0.05437456166805354,
profb,KNN,IQR Capping,6.0,0.046875,0.0,0.22421932220458984,0.08501720428466797,0.4,173.0,266.0,137.0,29.0,0.8276601233324324,0.48729762432873747,12.0,19.0,26.0,10.0,0.5303030303030303,-0.030636671772549678,
profb,KNN,IQR Capping,7.0,0.046875,0.0,0.22454833984375,0.08501720428466797,0.6,105.0,362.0,41.0,97.0,0.8170712232513573,0.46077536866781643,4.0,38.0,7.0,18.0,0.5959595959595959,0.0332939554893052,
profb,KNN,IQR Capping,8.0,0.03125,0.0,0.2245159149169922,0.08501720428466797,0.4,172.0,251.0,152.0,30.0,0.8106527774365525,0.4485061728443215,15.0,24.0,21.0,7.0,0.6262626262626263,0.2026422079700111,
profb,KNN,IQR Capping,9.0,0.03125,0.0,0.22415924072265625,0.08501720428466797,0.4,176.0,253.0,150.0,26.0,0.8219725818735719,0.4721568929986051,14.0,22.0,23.0,8.0,0.6156565656565657,0.11828852011997612,
profb,KNN,IQR Capping,10.0,0.03125,0.0,0.2241830825805664,0.08501720428466797,0.3759999999999991,169.0,251.0,152.0,33.0,0.799805911112203,0.43417672980822924,17.0,21.0,24.0,5.0,0.6489898989898991,0.2307024179817586,
profb,KNN,IQR Removal,1.0,0.03125,0.015625,0.2868080139160156,0.0816116333007812,0.2819999999999936,170.0,253.0,150.0,31.0,0.7966927150846266,0.4470888998784352,18.0,30.0,15.0,5.0,0.763768115942029,0.4252964776724258,
profb,KNN,IQR Removal,2.0,0.046875,0.0,0.2851877212524414,0.0814895629882812,0.4,170.0,255.0,148.0,31.0,0.8106366430872931,0.4516053195019857,14.0,22.0,23.0,9.0,0.5956521739130436,0.0926978134030943,
profb,KNN,IQR Removal,3.0,0.03125,0.0,0.2842540740966797,0.0813674926757812,0.4,168.0,264.0,140.0,33.0,0.8082422048174968,0.4609970355132973,17.0,23.0,21.0,6.0,0.6378458498023716,0.2509370686506382,
profb,KNN,IQR Removal,4.0,0.046875,0.0,0.2870855331420898,0.0823440551757812,0.4,171.0,268.0,136.0,30.0,0.8284505689374908,0.484361531538812,9.0,26.0,18.0,14.0,0.4955533596837945,-0.0172175110787545,
profb,KNN,IQR Removal,5.0,0.03125,0.015625,0.2854957580566406,0.0817337036132812,0.4,170.0,259.0,144.0,32.0,0.8099218730806083,0.4570872710929824,13.0,23.0,22.0,9.0,0.5747474747474748,0.0959168185201952,
profb,KNN,IQR Removal,6.0,0.03125,0.0,0.2856588363647461,0.0816116333007812,0.6,107.0,368.0,35.0,95.0,0.8214136550131439,0.4927815513052715,7.0,33.0,12.0,15.0,0.5348484848484849,0.0536729121550391,
profb,KNN,IQR Removal,7.0,0.03125,0.015625,0.2859029769897461,0.0818557739257812,0.6,104.0,364.0,39.0,98.0,0.8148048055425889,0.464083128564536,4.0,38.0,7.0,18.0,0.5797979797979798,0.0332939554893052,
profb,KNN,IQR Removal,8.0,0.03125,0.0,0.2853918075561523,0.0817337036132812,0.4080000000000041,106.0,364.0,39.0,96.0,0.809688475050979,0.4728104008779631,8.0,39.0,6.0,14.0,0.6191919191919193,0.2660206173968033,
profb,KNN,IQR Removal,9.0,0.046875,0.0,0.2862272262573242,0.0819778442382812,0.6,100.0,368.0,35.0,102.0,0.8188217084735767,0.4623664572074157,8.0,40.0,5.0,14.0,0.6313131313131313,0.2998843868663406,
profb,KNN,IQR Removal,10.0,0.03125,0.0,0.2860918045043945,0.0818557739257812,0.4,169.0,259.0,144.0,33.0,0.8027786649632705,0.4523601428853541,14.0,22.0,23.0,8.0,0.6393939393939393,0.1182885201199761,
profb,KNN,PCA,1.0,0.09375,0.0,0.2058620452880859,0.0854091644287109,0.4,171.0,256.0,147.0,30.0,0.7996123600360481,0.4586423561094672,18.0,29.0,16.0,5.0,0.7309178743961353,0.404085416904136,
profb,KNN,PCA,2.0,0.09375,0.0625,0.2060680389404297,0.0854091644287109,0.4,175.0,263.0,140.0,26.0,0.8247842672493612,0.4935798679283891,14.0,20.0,25.0,9.0,0.5599033816425121,0.0508348108727852,
profb,KNN,PCA,3.0,0.09375,0.0,0.2060756683349609,0.0855312347412109,0.3840000000000032,173.0,262.0,142.0,28.0,0.8127616866164229,0.4801009073821233,16.0,23.0,21.0,7.0,0.6684782608695652,0.2085165487145966,
profb,KNN,PCA,4.0,0.1875,0.0,0.2063217163085937,0.0855312347412109,0.4,171.0,270.0,134.0,30.0,0.8286537608984779,0.4889881342143912,8.0,27.0,17.0,15.0,0.5182806324110671,-0.0378337771345164,
profb,KNN,PCA,5.0,0.09375,0.09375,0.2061786651611328,0.0855312347412109,0.4,177.0,263.0,140.0,25.0,0.824564528413139,0.4993777186902186,13.0,21.0,24.0,9.0,0.5510101010101011,0.0543745616680535,
profb,KNN,PCA,6.0,0.09375,0.0,0.2063236236572265,0.0855312347412109,0.4,174.0,270.0,133.0,28.0,0.8323649362454855,0.501234353576561,12.0,19.0,26.0,10.0,0.5343434343434343,-0.0306366717725496,
profb,KNN,PCA,7.0,0.09375,0.09375,0.2059850692749023,0.0855312347412109,0.4080000000000041,105.0,363.0,40.0,97.0,0.8212785298380955,0.4646000021256334,4.0,38.0,7.0,18.0,0.5959595959595959,0.0332939554893052,
profb,KNN,PCA,8.0,0.1875,0.0,0.2060413360595703,0.0855312347412109,0.4,172.0,255.0,148.0,30.0,0.8127779279168611,0.4574998889501769,15.0,25.0,20.0,7.0,0.6318181818181818,0.2231727955667909,
profb,KNN,PCA,9.0,0.09375,0.09375,0.2058677673339843,0.0855312347412109,0.4,176.0,257.0,146.0,26.0,0.824294278063042,0.4810923631691569,14.0,23.0,22.0,8.0,0.6217171717171717,0.1389002927869559,
profb,KNN,PCA,10.0,0.09375,0.09375,0.2059917449951172,0.0855312347412109,0.4,169.0,258.0,145.0,33.0,0.803699972974965,0.4500724621281594,17.0,21.0,24.0,5.0,0.6489898989898991,0.2307024179817586,
profb,KNN,Quantile Binning,1.0,0.015625,0.0,0.2059221267700195,0.0851697921752929,0.4,165.0,271.0,132.0,36.0,0.8021246126686665,0.4650076726639845,20.0,23.0,22.0,3.0,0.6821256038647343,0.3706079470191224,
profb,KNN,Quantile Binning,2.0,0.015625,0.0,0.206430435180664,0.0851697921752929,0.4,167.0,265.0,138.0,34.0,0.813229139661494,0.4603129047808437,14.0,29.0,16.0,9.0,0.7009661835748793,0.2412007704775336,
profb,KNN,Quantile Binning,3.0,0.03125,0.0,0.2059583663940429,0.0852918624877929,0.4,167.0,270.0,134.0,34.0,0.8126323826412493,0.4702304106359992,14.0,27.0,17.0,9.0,0.6225296442687748,0.2117191611251938,
profb,KNN,Quantile Binning,4.0,0.015625,0.0,0.2062444686889648,0.0852918624877929,0.4,166.0,263.0,141.0,35.0,0.8089810846756318,0.4492653920134478,10.0,26.0,18.0,13.0,0.4846837944664031,0.0247327138310025,
profb,KNN,Quantile Binning,5.0,0.015625,0.015625,0.2062444686889648,0.0852918624877929,0.4,166.0,265.0,138.0,36.0,0.8011817310763334,0.4521278685560518,13.0,22.0,23.0,9.0,0.5914141414141415,0.0751583776039008,
profb,KNN,Quantile Binning,6.0,0.015625,0.0,0.2062520980834961,0.0852918624877929,0.4,163.0,262.0,141.0,39.0,0.8014028449991402,0.4310983959142284,14.0,21.0,24.0,8.0,0.5752525252525252,0.0976543912750021,
profb,KNN,Quantile Binning,7.0,0.015625,0.0,0.2063550949096679,0.0852918624877929,0.4,173.0,269.0,134.0,29.0,0.8178574060880034,0.4942238398001179,12.0,23.0,22.0,10.0,0.5595959595959596,0.0531341822738914,
profb,KNN,Quantile Binning,8.0,0.015625,0.015625,0.2062788009643554,0.0852918624877929,0.4,168.0,259.0,144.0,34.0,0.7991917057710733,0.4476390556083619,15.0,27.0,18.0,7.0,0.6161616161616161,0.264722086685995,
profb,KNN,Quantile Binning,9.0,0.03125,0.0,0.2060995101928711,0.0852918624877929,0.6,105.0,359.0,44.0,97.0,0.8057022823870477,0.4494626810472357,8.0,40.0,5.0,14.0,0.6373737373737374,0.2998843868663406,
profb,KNN,Quantile Binning,10.0,0.015625,0.0,0.2063684463500976,0.0852918624877929,0.3840000000000032,168.0,256.0,147.0,34.0,0.798958307741444,0.4407734084620185,16.0,21.0,24.0,6.0,0.594949494949495,0.185682833019411,
profb,KNN,Quantile Transform,1.0,0.015625,0.015625,0.2385702133178711,0.1168966293334961,0.6,108.0,355.0,48.0,93.0,0.812278557584287,0.4502360506302123,11.0,37.0,8.0,12.0,0.7154589371980676,0.3168220309533656,
profb,KNN,Quantile Transform,2.0,0.015625,0.0,0.2385358810424804,0.1168966293334961,0.6,109.0,363.0,40.0,92.0,0.8280310605780034,0.4842702281011261,7.0,37.0,8.0,16.0,0.6130434782608695,0.1444167463960661,
profb,KNN,Quantile Transform,3.0,0.03125,0.015625,0.238555908203125,0.1170721054077148,0.6,111.0,364.0,40.0,90.0,0.8121397960691592,0.4932759148240341,8.0,38.0,6.0,15.0,0.6877470355731227,0.2469571272057812,
profb,KNN,Quantile Transform,4.0,0.03125,0.0,0.2383441925048828,0.1170721054077148,0.6,120.0,365.0,39.0,81.0,0.8475690852667356,0.5355619112411422,2.0,37.0,7.0,21.0,0.4169960474308299,-0.1004378372463668,
profb,KNN,Quantile Transform,5.0,0.03125,0.0,0.2384910583496093,0.1170721054077148,0.6,121.0,362.0,41.0,81.0,0.8333722330049381,0.5296191185132642,9.0,32.0,13.0,13.0,0.5424242424242425,0.1202020202020202,
profb,KNN,Quantile Transform,6.0,0.03125,0.0,0.2385511398315429,0.1170721054077148,0.6,107.0,369.0,34.0,95.0,0.8246075227870181,0.4967606613893641,11.0,36.0,9.0,11.0,0.6479797979797979,0.3078753547177058,
profb,KNN,Quantile Transform,7.0,0.03125,0.015625,0.238626480102539,0.1170721054077148,0.6,111.0,364.0,39.0,91.0,0.8201176817433604,0.494443736689219,7.0,38.0,7.0,15.0,0.6398989898989899,0.1878478921091462,
profb,KNN,Quantile Transform,8.0,0.015625,0.0,0.2391576766967773,0.1170721054077148,0.6,112.0,364.0,39.0,90.0,0.8163157506817679,0.4987408378100689,7.0,39.0,6.0,15.0,0.6146464646464647,0.2195153711861613,
profb,KNN,Quantile Transform,9.0,0.015625,0.0,0.2385520935058593,0.1170721054077148,0.6,111.0,368.0,35.0,91.0,0.8185637422303024,0.5099222140315567,9.0,37.0,8.0,13.0,0.6419191919191919,0.2496366938306831,
profb,KNN,Quantile Transform,10.0,0.015625,0.0,0.2386198043823242,0.1170721054077148,0.6,113.0,364.0,39.0,89.0,0.819423629707884,0.5030286774886293,14.0,32.0,13.0,8.0,0.6343434343434343,0.3326817424931114,
profb,KNN,Random Undersampling,1.0,0.03125,0.0,0.2149982452392578,0.0591278076171875,0.6,154.0,246.0,157.0,47.0,0.7443428021184401,0.3550638622530523,18.0,25.0,20.0,5.0,0.7743961352657004,0.322214769721896,
profb,KNN,Random Undersampling,2.0,0.015625,0.0,0.2151069641113281,0.0591278076171875,0.8,74.0,364.0,39.0,127.0,0.7313679740256533,0.3279113433180683,6.0,41.0,4.0,17.0,0.6270531400966183,0.229739584156502,
profb,KNN,Random Undersampling,3.0,0.03125,0.0,0.2153587341308593,0.0591278076171875,0.6,151.0,241.0,163.0,50.0,0.7274580069947294,0.3278536635696808,13.0,22.0,22.0,10.0,0.6240118577075099,0.0619932875548906,
profb,KNN,Random Undersampling,4.0,0.015625,0.0,0.2151336669921875,0.0591278076171875,0.6,156.0,256.0,148.0,45.0,0.764020245308113,0.386031162587544,11.0,23.0,21.0,12.0,0.5074110671936759,0.0009392922356801,
profb,KNN,Random Undersampling,5.0,0.015625,0.0,0.2158441543579101,0.05938720703125,0.6,153.0,253.0,150.0,49.0,0.7478011448787559,0.3633366533111261,12.0,23.0,22.0,10.0,0.5686868686868687,0.0531341822738914,
profb,KNN,Random Undersampling,6.0,0.03125,0.0,0.2157115936279297,0.05938720703125,0.6,156.0,249.0,154.0,46.0,0.7476230253298283,0.3680954346219693,11.0,20.0,25.0,11.0,0.4944444444444444,-0.0523254527622094,
profb,KNN,Random Undersampling,7.0,0.015625,0.0,0.2155475616455078,0.05938720703125,0.6080000000000041,92.0,350.0,53.0,110.0,0.7498771589317741,0.3578648183453469,2.0,34.0,11.0,20.0,0.4727272727272728,-0.1823297072147351,
profb,KNN,Random Undersampling,8.0,0.03125,0.0,0.2154874801635742,0.05938720703125,0.6,150.0,254.0,149.0,52.0,0.7425374051052748,0.351692250140782,13.0,30.0,15.0,9.0,0.6661616161616163,0.245251269411975,
profb,KNN,Random Undersampling,9.0,0.015625,0.0,0.2155609130859375,0.05938720703125,0.6,150.0,245.0,158.0,52.0,0.7366594599906641,0.3306593945527091,17.0,25.0,20.0,5.0,0.6585858585858586,0.3100303954757438,
profb,KNN,Random Undersampling,10.0,0.015625,0.015625,0.215768814086914,0.05938720703125,0.6,153.0,257.0,146.0,49.0,0.7494779254600398,0.372722871978075,15.0,24.0,21.0,7.0,0.6378787878787879,0.2026422079700111,
profb,KNN,SMOTE / SMOTENC,1.0,0.109375,0.0,1.0611562728881836,0.1312112808227539,0.6,172.0,280.0,123.0,29.0,0.8596595187832549,0.5189504478367316,18.0,27.0,18.0,5.0,0.7700483091787439,0.3626592603676828,
profb,KNN,SMOTE / SMOTENC,2.0,0.109375,0.0,1.061357498168945,0.131199836730957,0.8,129.0,368.0,35.0,72.0,0.8680480969840624,0.587963281431116,6.0,36.0,9.0,17.0,0.5661835748792271,0.0694523284194821,
profb,KNN,SMOTE / SMOTENC,3.0,0.109375,0.0,1.0617408752441406,0.131443977355957,0.8,126.0,373.0,31.0,75.0,0.8691751637850352,0.5911090028279663,11.0,36.0,8.0,12.0,0.6689723320158103,0.3122723843410607,
profb,KNN,SMOTE / SMOTENC,4.0,0.109375,0.015625,1.061662673950195,0.1314554214477539,0.8,129.0,368.0,36.0,72.0,0.8842852568838973,0.5845152234130905,5.0,38.0,6.0,18.0,0.5291501976284585,0.1038563941617703,
profb,KNN,SMOTE / SMOTENC,5.0,0.09375,0.015625,1.0696392059326172,0.131352424621582,0.6,174.0,286.0,117.0,28.0,0.8689531484165787,0.539015601911891,11.0,29.0,16.0,11.0,0.5984848484848484,0.1382950266759155,
profb,KNN,SMOTE / SMOTENC,6.0,0.109375,0.0,1.0704212188720703,0.1313867568969726,0.8,129.0,366.0,37.0,73.0,0.8766859936614008,0.5779261595772864,7.0,32.0,13.0,15.0,0.5318181818181819,0.0300619033226042,
profb,KNN,SMOTE / SMOTENC,7.0,0.109375,0.0,1.0694608688354492,0.1313066482543945,0.8,129.0,377.0,26.0,73.0,0.8791980935066211,0.6202145255125474,4.0,37.0,8.0,18.0,0.4752525252525252,0.0049484641268347,
profb,KNN,SMOTE / SMOTENC,8.0,0.109375,0.015625,1.069779396057129,0.1313180923461914,0.767999999999995,131.0,358.0,45.0,71.0,0.8690575633245706,0.5574399145522559,7.0,39.0,6.0,15.0,0.6383838383838384,0.2195153711861613,
profb,KNN,SMOTE / SMOTENC,9.0,0.109375,0.015625,1.0692930221557615,0.1313066482543945,0.8,125.0,369.0,34.0,77.0,0.8664103383043018,0.5726179244899313,6.0,37.0,8.0,16.0,0.563131313131313,0.1096751668214891,
profb,KNN,SMOTE / SMOTENC,10.0,0.109375,0.0,1.069498062133789,0.1313409805297851,0.6,174.0,284.0,119.0,28.0,0.8595619487507062,0.5342085725775779,12.0,22.0,23.0,10.0,0.5959595959595959,0.0322888299968974,
profb,KNN,Select Percentile (Mutual Info),1.0,0.65625,0.0,0.479557991027832,0.0491466522216796,0.2519999999999982,167.0,220.0,183.0,34.0,0.7418490673184943,0.3596289428811486,12.0,22.0,23.0,11.0,0.4961352657004831,0.0100607768911756,
profb,KNN,Select Percentile (Mutual Info),2.0,0.078125,0.015625,0.4801855087280273,0.0491466522216796,0.2819999999999936,170.0,253.0,150.0,31.0,0.8050998111181068,0.4470888998784352,15.0,28.0,17.0,8.0,0.644927536231884,0.2600889645061159,
profb,KNN,Select Percentile (Mutual Info),3.0,0.09375,0.0,0.4810819625854492,0.0492153167724609,0.4,167.0,273.0,131.0,34.0,0.817478203044185,0.4772726914561682,11.0,25.0,19.0,12.0,0.5474308300395258,0.0443451483691676,
profb,KNN,Select Percentile (Mutual Info),4.0,0.09375,0.0,0.4804401397705078,0.0492153167724609,0.4,167.0,265.0,139.0,34.0,0.8186604108172011,0.4585965772997505,8.0,30.0,14.0,15.0,0.5163043478260869,0.0299718396998085,
profb,KNN,Select Percentile (Mutual Info),5.0,0.09375,0.0,0.4809808731079101,0.0492153167724609,0.4,169.0,268.0,135.0,33.0,0.8244908237722034,0.4731573411978752,14.0,21.0,24.0,8.0,0.5631313131313131,0.0976543912750021,
profb,KNN,Select Percentile (Mutual Info),6.0,0.09375,0.015625,0.4804544448852539,0.0492153167724609,0.4,168.0,249.0,154.0,34.0,0.797815885806943,0.4248975799434903,13.0,22.0,23.0,9.0,0.5202020202020202,0.0751583776039008,
profb,KNN,Select Percentile (Mutual Info),7.0,0.09375,0.0,0.4801626205444336,0.0492153167724609,0.6,99.0,365.0,38.0,103.0,0.8109353118934722,0.4459925426247044,7.0,38.0,7.0,15.0,0.652020202020202,0.1878478921091462,
profb,KNN,Select Percentile (Mutual Info),8.0,0.09375,0.0,0.4806957244873047,0.0492153167724609,0.6,95.0,361.0,42.0,107.0,0.7971156917180552,0.4124956941981569,6.0,40.0,5.0,16.0,0.6297979797979798,0.2048858799341858,
profb,KNN,Select Percentile (Mutual Info),9.0,0.078125,0.015625,0.480712890625,0.0492153167724609,0.4,167.0,259.0,144.0,35.0,0.8118934722256345,0.4429238505667376,13.0,25.0,20.0,9.0,0.5722222222222223,0.1375795791020404,
profb,KNN,Select Percentile (Mutual Info),10.0,0.09375,0.015625,0.4803104400634765,0.0492153167724609,0.6,114.0,364.0,39.0,88.0,0.8282988968872073,0.5073075013310984,6.0,33.0,12.0,16.0,0.5823232323232324,0.0064209510710784,
profb,KNN,Uniform Binning,1.0,0.015625,0.015625,0.2058429718017578,0.0851449966430664,0.4,171.0,235.0,168.0,30.0,0.788186857276891,0.4119933534868495,15.0,24.0,21.0,8.0,0.5917874396135265,0.1758347929055431,
profb,KNN,Uniform Binning,2.0,0.015625,0.0,0.205967903137207,0.0851449966430664,0.2580000000000041,171.0,230.0,173.0,30.0,0.7782242632988902,0.4010948352118332,13.0,27.0,18.0,10.0,0.6241545893719807,0.1569438226923677,
profb,KNN,Uniform Binning,3.0,0.015625,0.0,0.205937385559082,0.0852670669555664,0.4,176.0,240.0,164.0,25.0,0.8028545391852618,0.4458918988262987,17.0,26.0,18.0,6.0,0.6867588932806323,0.3137236067171736,
profb,KNN,Uniform Binning,4.0,0.015625,0.0,0.2059535980224609,0.0852670669555664,0.4,180.0,236.0,168.0,21.0,0.807133885030294,0.457072262259282,8.0,16.0,28.0,15.0,0.3221343873517787,-0.2747644224380293,
profb,KNN,Uniform Binning,5.0,0.015625,0.015625,0.2061719894409179,0.0852670669555664,0.4,167.0,229.0,174.0,35.0,0.7684937228214136,0.3755901029459916,15.0,22.0,23.0,7.0,0.5833333333333334,0.1617999227987779,
profb,KNN,Uniform Binning,6.0,0.015625,0.0,0.2058696746826172,0.0852670669555664,0.3359999999999957,177.0,229.0,174.0,25.0,0.7993698253200009,0.4247231641935946,12.0,21.0,24.0,10.0,0.4904040404040404,0.0114164624208456,
profb,KNN,Uniform Binning,7.0,0.015625,0.015625,0.2063722610473632,0.0852670669555664,0.4,171.0,239.0,164.0,31.0,0.7902304498439918,0.4170311812024739,13.0,19.0,26.0,9.0,0.4757575757575757,0.0125030058915908,
profb,KNN,Uniform Binning,8.0,0.015625,0.0,0.205693244934082,0.0852670669555664,0.4,179.0,234.0,169.0,23.0,0.784702601773825,0.4453359715482068,16.0,22.0,23.0,6.0,0.6262626262626263,0.2058187123692653,
profb,KNN,Uniform Binning,9.0,0.015625,0.0,0.2063379287719726,0.0852670669555664,0.4,171.0,236.0,167.0,31.0,0.7659202024420804,0.4104320826963477,14.0,23.0,22.0,8.0,0.6176767676767677,0.1389002927869559,
profb,KNN,Uniform Binning,10.0,0.015625,0.0,0.2059001922607422,0.0852670669555664,0.6,100.0,355.0,48.0,102.0,0.7805567157211999,0.4124402370215134,8.0,31.0,14.0,14.0,0.5484848484848486,0.0525252525252525,
profb,KNN,Yeo-Johnson,1.0,0.046875,0.0,0.2049779891967773,0.0845346450805664,0.4,170.0,256.0,147.0,31.0,0.8137044307000976,0.4538697696979363,17.0,29.0,16.0,6.0,0.7246376811594203,0.3631025841633398,
profb,KNN,Yeo-Johnson,2.0,0.046875,0.015625,0.2047872543334961,0.0845346450805664,0.4,175.0,268.0,135.0,26.0,0.8346295816204338,0.5049921024108706,15.0,20.0,25.0,8.0,0.566183574879227,0.0928797020958921,
profb,KNN,Yeo-Johnson,3.0,0.0625,0.0,0.2051000595092773,0.0846567153930664,0.6,102.0,366.0,38.0,99.0,0.8160928033101817,0.4617130350529956,9.0,37.0,7.0,14.0,0.6793478260869565,0.2586023854363889,
profb,KNN,Yeo-Johnson,4.0,0.0625,0.0,0.2051687240600586,0.0846567153930664,0.4,170.0,271.0,133.0,31.0,0.8326991281217674,0.4866171479945729,9.0,25.0,19.0,14.0,0.4693675889328063,-0.0390015871950424,
profb,KNN,Yeo-Johnson,5.0,0.046875,0.0,0.2051267623901367,0.0846567153930664,0.4,176.0,265.0,138.0,26.0,0.8294965973024101,0.4991761248819207,11.0,21.0,24.0,11.0,0.5444444444444445,-0.0313391585264004,
profb,KNN,Yeo-Johnson,6.0,0.0625,0.0,0.2050848007202148,0.0846567153930664,0.6,109.0,368.0,35.0,93.0,0.8337837505834951,0.5013719881509459,8.0,33.0,12.0,14.0,0.5358585858585858,0.0995152661713796,
profb,KNN,Yeo-Johnson,7.0,0.0625,0.0,0.2053232192993164,0.0846567153930664,0.4080000000000041,108.0,366.0,37.0,94.0,0.8255902513328255,0.4892311983826226,6.0,39.0,6.0,16.0,0.5969696969696969,0.1707220123757972,
profb,KNN,Yeo-Johnson,8.0,0.046875,0.0,0.2052507400512695,0.0846567153930664,0.6,103.0,365.0,38.0,99.0,0.8159963639043805,0.4636003491238341,7.0,40.0,5.0,15.0,0.6106060606060606,0.2536087865002785,
profb,KNN,Yeo-Johnson,9.0,0.0625,0.0,0.2047061920166015,0.0846567153930664,0.6,104.0,371.0,32.0,98.0,0.8258727857897452,0.4919349218575987,5.0,38.0,7.0,17.0,0.6277777777777778,0.0878352382513159,
profb,KNN,Yeo-Johnson,10.0,0.046875,0.0,0.2049398422241211,0.0846567153930664,0.4,171.0,258.0,145.0,31.0,0.8135825369137409,0.4595435596237746,16.0,21.0,24.0,6.0,0.6353535353535353,0.185682833019411,
profb,LogisticRegression,Baseline,1.0,0.015625,0.0,0.2020044326782226,0.0027132034301757,0.452646999073202,65.0,365.0,38.0,136.0,0.687715269804822,0.2870250099558844,6.0,38.0,7.0,17.0,0.663768115942029,0.1267077859146183,
profb,LogisticRegression,Baseline,2.0,0.015625,0.0,0.201878547668457,0.0027132034301757,0.3292248446245632,142.0,237.0,166.0,59.0,0.6813698258089206,0.2776506367340122,16.0,24.0,21.0,7.0,0.6975845410628019,0.2175186314508254,
profb,LogisticRegression,Baseline,3.0,0.015625,0.0,0.2021436691284179,0.0027132034301757,0.311423015201525,154.0,219.0,185.0,47.0,0.6852125511058568,0.2925154581279691,17.0,23.0,21.0,6.0,0.6462450592885376,0.2509370686506382,
profb,LogisticRegression,Baseline,4.0,0.015625,0.0,0.2023401260375976,0.0027132034301757,0.3210805958404901,149.0,238.0,166.0,52.0,0.7085980986158318,0.3115140833146885,11.0,21.0,23.0,12.0,0.5187747035573123,-0.0422304616541932,
profb,LogisticRegression,Baseline,5.0,0.015625,0.0,0.202157974243164,0.0027132034301757,0.4418319650785234,78.0,348.0,55.0,124.0,0.6932290003193868,0.2843047781170726,7.0,34.0,11.0,15.0,0.5828282828282828,0.0781215713647883,
profb,LogisticRegression,Baseline,6.0,0.015625,0.0,0.2020845413208007,0.0027132034301757,0.3873855556786246,113.0,292.0,111.0,89.0,0.6914109525096431,0.2773427185202997,12.0,26.0,19.0,10.0,0.6282828282828283,0.1160673679452645,
profb,LogisticRegression,Baseline,7.0,0.015625,0.0,0.202366828918457,0.0027132034301757,0.443782397776756,77.0,347.0,56.0,125.0,0.6861042183622829,0.275841661075111,6.0,39.0,6.0,16.0,0.7010101010101011,0.1707220123757972,
profb,LogisticRegression,Baseline,8.0,0.03125,0.0,0.2019319534301757,0.0027132034301757,0.3185280795159424,147.0,217.0,186.0,55.0,0.6741640665307225,0.2523504555180668,17.0,28.0,17.0,5.0,0.7393939393939394,0.370990451233778,
profb,LogisticRegression,Baseline,9.0,0.03125,0.0,0.2023286819458007,0.0027132034301757,0.2837979205876649,163.0,191.0,212.0,39.0,0.6878976979583814,0.2728748098289593,15.0,22.0,23.0,7.0,0.6646464646464647,0.1617999227987779,
profb,LogisticRegression,Baseline,10.0,0.03125,0.0,0.2021150588989257,0.0027132034301757,0.4485630525576824,76.0,352.0,51.0,126.0,0.6880451072402526,0.2891398188973868,9.0,34.0,11.0,13.0,0.6666666666666667,0.168968629020155,
profb,LogisticRegression,IQR Capping,1.0,0.0625,0.015625,0.22409534454345703,0.0032787322998046875,0.44796071467964904,70.0,358.0,45.0,131.0,0.6882954952285718,0.2839585318464487,8.0,38.0,7.0,15.0,0.6685990338164252,0.2193811643726501,
profb,LogisticRegression,IQR Capping,2.0,0.0625,0.015625,0.22446537017822266,0.0032787322998046875,0.33147346074118106,142.0,243.0,160.0,59.0,0.681863634680197,0.29162687265677906,16.0,24.0,21.0,7.0,0.6966183574879227,0.21751863145082542,
profb,LogisticRegression,IQR Capping,3.0,0.0625,0.015625,0.2251443862915039,0.0032787322998046875,0.31075556366984597,155.0,220.0,184.0,46.0,0.686444017536082,0.29958556528179525,17.0,23.0,21.0,6.0,0.6492094861660079,0.2509370686506382,
profb,LogisticRegression,IQR Capping,4.0,0.046875,0.0,0.2248067855834961,0.0032787322998046875,0.32401085054050266,148.0,243.0,161.0,53.0,0.7094601251169894,0.31829354677952465,11.0,21.0,23.0,12.0,0.5158102766798418,-0.04223046165419322,
profb,LogisticRegression,IQR Capping,5.0,0.046875,0.015625,0.22484588623046875,0.0032787322998046875,0.3408700056266404,138.0,251.0,152.0,64.0,0.6937449328059356,0.2888625520860006,14.0,23.0,22.0,8.0,0.5848484848484848,0.13890029278695595,
profb,LogisticRegression,IQR Capping,6.0,0.046875,0.0,0.22508621215820312,0.0032787322998046875,0.3861172701315333,115.0,294.0,109.0,87.0,0.6917303392870304,0.29185951089861706,12.0,24.0,21.0,10.0,0.6292929292929293,0.07400832531006313,
profb,LogisticRegression,IQR Capping,7.0,0.046875,0.015625,0.22496414184570312,0.0032787322998046875,0.3484620742896003,130.0,261.0,142.0,72.0,0.6867675601307028,0.2760727259454194,15.0,31.0,14.0,7.0,0.704040404040404,0.3513643293914291,
profb,LogisticRegression,IQR Capping,8.0,0.046875,0.0,0.22480201721191406,0.0032787322998046875,0.3181767442626319,147.0,217.0,186.0,55.0,0.6750239540083041,0.25235045551806684,17.0,28.0,17.0,5.0,0.7414141414141414,0.370990451233778,
profb,LogisticRegression,IQR Capping,9.0,0.0625,0.0,0.22466373443603516,0.0032787322998046875,0.28844789116909453,161.0,195.0,208.0,41.0,0.6886224602609144,0.2715887644906775,15.0,22.0,23.0,7.0,0.6636363636363636,0.16179992279877797,
profb,LogisticRegression,IQR Capping,10.0,0.0625,0.015625,0.22484588623046875,0.0032787322998046875,0.44972709360879765,75.0,351.0,52.0,127.0,0.6891875291747537,0.2805336204110679,9.0,34.0,11.0,13.0,0.6656565656565657,0.16896862902015505,
profb,LogisticRegression,IQR Removal,1.0,0.046875,0.015625,0.2868995666503906,0.0029249191284179,0.4477264801946872,73.0,355.0,48.0,128.0,0.686888139945434,0.2873504183749308,9.0,37.0,8.0,14.0,0.6714975845410628,0.233298824225205,
profb,LogisticRegression,IQR Removal,2.0,0.03125,0.015625,0.2857398986816406,0.0029249191284179,0.440452031226735,82.0,340.0,63.0,119.0,0.6818512894584152,0.2776049519256491,7.0,41.0,4.0,16.0,0.7014492753623187,0.2768222012281053,
profb,LogisticRegression,IQR Removal,3.0,0.03125,0.0,0.2852964401245117,0.0029249191284179,0.3109846198705707,153.0,224.0,180.0,48.0,0.6852618097630658,0.2988733657330745,17.0,24.0,20.0,6.0,0.6492094861660079,0.2717319729855377,
profb,LogisticRegression,IQR Removal,4.0,0.046875,0.015625,0.2877721786499023,0.0029249191284179,0.3640996255553002,127.0,283.0,121.0,74.0,0.7090783705236195,0.3182775082102545,9.0,28.0,16.0,14.0,0.517786561264822,0.0271627117888835,
profb,LogisticRegression,IQR Removal,5.0,0.046875,0.0,0.2862100601196289,0.0029249191284179,0.3303015344481038,144.0,238.0,165.0,58.0,0.6928236247942412,0.2862719618928672,14.0,23.0,22.0,8.0,0.5898989898989899,0.1389002927869559,
profb,LogisticRegression,IQR Removal,6.0,0.046875,0.015625,0.2860746383666992,0.0029249191284179,0.3212312329671255,146.0,234.0,169.0,56.0,0.6893840748839152,0.2864273398845529,17.0,18.0,27.0,5.0,0.6303030303030304,0.1708394862889084,
profb,LogisticRegression,IQR Removal,7.0,0.03125,0.0,0.2863225936889648,0.0029249191284179,0.3677215703585589,119.0,286.0,117.0,83.0,0.6855145812347985,0.2888815112916757,11.0,33.0,12.0,11.0,0.696969696969697,0.2307831656885254,
profb,LogisticRegression,IQR Removal,8.0,0.03125,0.0,0.2859449386596679,0.0029249191284179,0.3505877618120973,129.0,254.0,149.0,73.0,0.6739920890352062,0.2544494047130284,15.0,30.0,15.0,7.0,0.7494949494949494,0.3291091890434819,
profb,LogisticRegression,IQR Removal,9.0,0.046875,0.0,0.2864141464233398,0.0029249191284179,0.325859293799386,145.0,233.0,170.0,57.0,0.6871729356558485,0.2794116094946681,13.0,32.0,13.0,9.0,0.6686868686868688,0.2910549492681258,
profb,LogisticRegression,IQR Removal,10.0,0.0625,0.0,0.286992073059082,0.0029249191284179,0.3152674488212025,151.0,221.0,182.0,51.0,0.6877994251038008,0.2805330251961194,16.0,25.0,20.0,6.0,0.6505050505050505,0.2663841231530662,
profb,LogisticRegression,PCA,1.0,0.09375,0.0,0.2062788009643554,0.0037765502929687,0.4526469990732021,65.0,365.0,38.0,136.0,0.687715269804822,0.2870250099558844,6.0,38.0,7.0,17.0,0.663768115942029,0.1267077859146183,
profb,LogisticRegression,PCA,2.0,0.1875,0.03125,0.2064361572265625,0.0037765502929687,0.3292248446245641,142.0,237.0,166.0,59.0,0.6813698258089206,0.2776506367340122,16.0,24.0,21.0,7.0,0.6975845410628019,0.2175186314508254,
profb,LogisticRegression,PCA,3.0,0.1875,0.015625,0.2064886093139648,0.0037765502929687,0.3114230152015245,154.0,219.0,185.0,47.0,0.6852125511058568,0.2925154581279691,17.0,23.0,21.0,6.0,0.6462450592885376,0.2509370686506382,
profb,LogisticRegression,PCA,4.0,0.1875,0.0,0.2062969207763672,0.0037765502929687,0.3210805958404905,149.0,238.0,166.0,52.0,0.7085980986158318,0.3115140833146885,11.0,21.0,23.0,12.0,0.5187747035573123,-0.0422304616541932,
profb,LogisticRegression,PCA,5.0,0.171875,0.0,0.206155776977539,0.0037765502929687,0.4418319650785244,78.0,348.0,55.0,124.0,0.6932290003193868,0.2843047781170726,7.0,34.0,11.0,15.0,0.5828282828282828,0.0781215713647883,
profb,LogisticRegression,PCA,6.0,0.1875,0.0,0.2062482833862304,0.0037765502929687,0.3873855556786237,113.0,292.0,111.0,89.0,0.6914109525096431,0.2773427185202997,12.0,26.0,19.0,10.0,0.6282828282828283,0.1160673679452645,
profb,LogisticRegression,PCA,7.0,0.09375,0.0,0.2066268920898437,0.0037765502929687,0.443782397776756,77.0,347.0,56.0,125.0,0.6861042183622829,0.275841661075111,6.0,39.0,6.0,16.0,0.7010101010101011,0.1707220123757972,
profb,LogisticRegression,PCA,8.0,0.1875,0.0,0.2062416076660156,0.0037765502929687,0.3185280795159492,147.0,217.0,186.0,55.0,0.6741640665307225,0.2523504555180668,17.0,28.0,17.0,5.0,0.7393939393939394,0.370990451233778,
profb,LogisticRegression,PCA,9.0,0.1875,0.09375,0.206155776977539,0.0037765502929687,0.2837979205876657,163.0,191.0,212.0,39.0,0.6878976979583814,0.2728748098289593,15.0,22.0,23.0,7.0,0.6646464646464647,0.1617999227987779,
profb,LogisticRegression,PCA,10.0,0.1875,0.0,0.2064628601074218,0.0037765502929687,0.448563052557683,76.0,352.0,51.0,126.0,0.6880451072402526,0.2891398188973868,9.0,34.0,11.0,13.0,0.6666666666666667,0.168968629020155,
profb,LogisticRegression,Quantile Binning,1.0,0.03125,0.0,0.2063894271850586,0.0035409927368164,0.2756964351974011,160.0,201.0,202.0,41.0,0.680369862844586,0.2834558522039909,18.0,22.0,23.0,5.0,0.6367149758454107,0.2625199631175984,
profb,LogisticRegression,Quantile Binning,2.0,0.03125,0.0,0.2064161300659179,0.0035409927368164,0.2880645012192481,155.0,208.0,195.0,46.0,0.6762835944347739,0.2742173635508332,17.0,22.0,23.0,6.0,0.7246376811594203,0.2191960969463054,
profb,LogisticRegression,Quantile Binning,3.0,0.03125,0.0,0.2067365646362304,0.0035409927368164,0.3032113422501742,150.0,227.0,177.0,51.0,0.6814688931579724,0.2912422585928079,14.0,28.0,16.0,9.0,0.6561264822134388,0.2339914211819908,
profb,LogisticRegression,Quantile Binning,4.0,0.03125,0.015625,0.2064027786254882,0.0035409927368164,0.2728942252361551,160.0,213.0,191.0,41.0,0.703512142259002,0.3084989108242901,15.0,19.0,25.0,8.0,0.5029644268774702,0.081304913427452,
profb,LogisticRegression,Quantile Binning,5.0,0.03125,0.0,0.2068872451782226,0.0035409927368164,0.2723026095045272,163.0,197.0,206.0,39.0,0.6867552760238803,0.2859597972030455,17.0,21.0,24.0,5.0,0.603030303030303,0.2307024179817586,
profb,LogisticRegression,Quantile Binning,6.0,0.015625,0.0,0.206456184387207,0.0035409927368164,0.2925760792080542,154.0,224.0,179.0,48.0,0.6801955629806157,0.3016699524546589,19.0,18.0,27.0,3.0,0.6060606060606061,0.2668912568258342,
profb,LogisticRegression,Quantile Binning,7.0,0.03125,0.0,0.206608772277832,0.0035409927368164,0.2803060186644774,158.0,210.0,193.0,44.0,0.6844704321548779,0.2897925953517249,17.0,24.0,21.0,5.0,0.6565656565656566,0.2900909858463297,
profb,LogisticRegression,Quantile Binning,8.0,0.03125,0.015625,0.2063970565795898,0.0035409927368164,0.3060528083980298,151.0,227.0,176.0,51.0,0.6712650173205906,0.2941123116014588,17.0,28.0,17.0,5.0,0.7393939393939394,0.370990451233778,
profb,LogisticRegression,Quantile Binning,9.0,0.03125,0.0,0.2069158554077148,0.0035409927368164,0.2911526569301026,153.0,217.0,186.0,49.0,0.684924944107314,0.2811343013995178,15.0,26.0,19.0,7.0,0.6535353535353535,0.2438479436498233,
profb,LogisticRegression,Quantile Binning,10.0,0.03125,0.0,0.2067441940307617,0.0035409927368164,0.2695120306589249,164.0,192.0,211.0,38.0,0.6811905756332457,0.2800949830170862,17.0,23.0,22.0,5.0,0.6727272727272728,0.2702572811951568,
profb,LogisticRegression,Quantile Transform,1.0,0.046875,0.0,0.2391529083251953,0.0352678298950195,0.3796905262498518,84.0,336.0,67.0,117.0,0.6791229954446132,0.2738562073882917,10.0,35.0,10.0,13.0,0.6309178743961352,0.2207073973239102,
profb,LogisticRegression,Quantile Transform,2.0,0.046875,0.0,0.2387466430664062,0.0352678298950195,0.3162168109786226,140.0,235.0,168.0,61.0,0.6714813031616113,0.2635935550418627,13.0,26.0,19.0,10.0,0.7004830917874396,0.1355393195313562,
profb,LogisticRegression,Quantile Transform,3.0,0.046875,0.015625,0.2391872406005859,0.0353212356567382,0.2748192362738407,168.0,167.0,237.0,33.0,0.6711984631298951,0.2495008261615184,18.0,19.0,25.0,5.0,0.7312252964426877,0.2123389321432772,
profb,LogisticRegression,Quantile Transform,4.0,0.03125,0.0,0.2403125762939453,0.0353212356567382,0.3821490165059672,96.0,330.0,74.0,105.0,0.7003842175262303,0.3085473179678865,3.0,31.0,13.0,20.0,0.4693675889328063,-0.1837727590122423,
profb,LogisticRegression,Quantile Transform,5.0,0.046875,0.0,0.2391357421875,0.0353212356567382,0.3661283011592714,109.0,306.0,97.0,93.0,0.6862884799646217,0.297472888341259,9.0,30.0,15.0,13.0,0.5808080808080809,0.0741999849937965,
profb,LogisticRegression,Quantile Transform,6.0,0.03125,0.0,0.2390880584716797,0.0353212356567382,0.3744332203202619,97.0,318.0,85.0,105.0,0.682025894897182,0.276902117331994,11.0,30.0,15.0,11.0,0.5848484848484848,0.1606156074556547,
profb,LogisticRegression,Quantile Transform,7.0,0.03125,0.0,0.2393617630004882,0.0353212356567382,0.3814745216427475,85.0,336.0,67.0,117.0,0.6744220327739969,0.2767652804291412,7.0,34.0,11.0,15.0,0.6727272727272727,0.0781215713647883,
profb,LogisticRegression,Quantile Transform,8.0,0.03125,0.0,0.2392711639404297,0.0353212356567382,0.3572281331437538,101.0,298.0,105.0,101.0,0.6621993464855171,0.2383034978192644,14.0,34.0,11.0,8.0,0.7484848484848485,0.3805567931642697,
profb,LogisticRegression,Quantile Transform,9.0,0.03125,0.0,0.2391061782836914,0.0353212356567382,0.3312793189195621,124.0,267.0,136.0,78.0,0.6813748372355846,0.263304383185,13.0,31.0,14.0,9.0,0.6363636363636364,0.2678861705540461,
profb,LogisticRegression,Quantile Transform,10.0,0.046875,0.0,0.2388525009155273,0.0353212356567382,0.3481344841632751,112.0,291.0,112.0,90.0,0.6798884603100509,0.270084322331141,11.0,28.0,17.0,11.0,0.6292929292929292,0.116374131760192,
profb,LogisticRegression,Random Undersampling,1.0,0.03125,0.0,0.2153606414794922,0.0060720443725585,0.4749892579103243,153.0,212.0,191.0,48.0,0.6766909867535771,0.2733648103605429,15.0,23.0,22.0,8.0,0.672463768115942,0.1551082224269599,
profb,LogisticRegression,Random Undersampling,2.0,0.015625,0.0,0.2157440185546875,0.0060720443725585,0.4225919631971269,167.0,172.0,231.0,34.0,0.6719627668111058,0.2560924358929407,19.0,16.0,29.0,4.0,0.697584541062802,0.188604503167705,
profb,LogisticRegression,Random Undersampling,3.0,0.03125,0.015625,0.2154541015625,0.0060720443725585,0.426453073412242,171.0,182.0,222.0,30.0,0.6822200876804098,0.2973986857098175,17.0,19.0,25.0,6.0,0.6393280632411067,0.1678267549813164,
profb,LogisticRegression,Random Undersampling,4.0,0.03125,0.0,0.2155437469482422,0.0060720443725585,0.6449397952393261,75.0,358.0,46.0,126.0,0.702576227772031,0.3053026270829302,3.0,34.0,10.0,20.0,0.5296442687747035,-0.1162698904778486,
profb,LogisticRegression,Random Undersampling,5.0,0.03125,0.0,0.216033935546875,0.006087303161621,0.4438381299014788,166.0,194.0,209.0,36.0,0.6891752450679309,0.2945353293933399,17.0,21.0,24.0,5.0,0.6111111111111112,0.2307024179817586,
profb,LogisticRegression,Random Undersampling,6.0,0.03125,0.015625,0.2162103652954101,0.006087303161621,0.4753079585949203,152.0,216.0,187.0,50.0,0.6840159202024421,0.2740729715391488,18.0,18.0,27.0,4.0,0.6212121212121212,0.2181818181818181,
profb,LogisticRegression,Random Undersampling,7.0,0.03125,0.015625,0.2161846160888672,0.006087303161621,0.5812912018889461,92.0,319.0,84.0,110.0,0.6713264378547036,0.2564812896555559,9.0,36.0,9.0,13.0,0.6737373737373737,0.2215228119522081,
profb,LogisticRegression,Random Undersampling,8.0,0.03125,0.0,0.216379165649414,0.006087303161621,0.4609861410856692,156.0,202.0,201.0,46.0,0.67481512419232,0.2622732805325686,18.0,28.0,17.0,4.0,0.7616161616161616,0.4140567611366845,
profb,LogisticRegression,Random Undersampling,9.0,0.03125,0.015625,0.2164144515991211,0.006087303161621,0.4743789859982004,152.0,222.0,181.0,50.0,0.6797533351350022,0.2875786676156325,14.0,26.0,19.0,8.0,0.6515151515151515,0.2011508328940177,
profb,LogisticRegression,Random Undersampling,10.0,0.03125,0.0,0.2159633636474609,0.006087303161621,0.601025803761605,72.0,348.0,55.0,130.0,0.664852713559197,0.254715024952111,9.0,36.0,9.0,13.0,0.6646464646464647,0.2215228119522081,
profb,LogisticRegression,SMOTE / SMOTENC,1.0,0.109375,0.0,1.061793327331543,0.0250492095947265,0.5113552906774844,137.0,244.0,159.0,64.0,0.6779255089317681,0.2705755492598178,14.0,26.0,19.0,9.0,0.6888888888888889,0.176520903636082,
profb,LogisticRegression,SMOTE / SMOTENC,2.0,0.125,0.0,1.061723709106445,0.0250377655029296,0.4212889719161444,161.0,190.0,213.0,40.0,0.6680863671715862,0.2643942842846968,18.0,18.0,27.0,5.0,0.672463768115942,0.1826086956521739,
profb,LogisticRegression,SMOTE / SMOTENC,3.0,0.109375,0.0,1.0623435974121094,0.0250377655029296,0.4262940744801319,162.0,191.0,213.0,39.0,0.6738461159548791,0.2704657244411586,16.0,22.0,22.0,7.0,0.650197628458498,0.1874926022370806,
profb,LogisticRegression,SMOTE / SMOTENC,4.0,0.109375,0.0,1.0623388290405271,0.0250492095947265,0.4379243742955634,160.0,207.0,197.0,41.0,0.6949657652332397,0.2953504886837886,13.0,22.0,22.0,10.0,0.5069169960474308,0.0619932875548906,
profb,LogisticRegression,SMOTE / SMOTENC,5.0,0.109375,0.0,1.0702743530273438,0.0251903533935546,0.6441992994233642,71.0,353.0,50.0,131.0,0.6760803871950471,0.2681224797597536,7.0,40.0,5.0,15.0,0.6292929292929292,0.2536087865002785,
profb,LogisticRegression,SMOTE / SMOTENC,6.0,0.109375,0.0,1.0704679489135742,0.0252246856689453,0.6322005195060586,71.0,353.0,50.0,131.0,0.677345650197774,0.2681224797597536,6.0,33.0,12.0,16.0,0.6141414141414142,0.0064209510710784,
profb,LogisticRegression,SMOTE / SMOTENC,7.0,0.09375,0.0,1.070185661315918,0.0251445770263671,0.6285622527809741,76.0,346.0,57.0,126.0,0.6707490848340418,0.2673785440331493,6.0,36.0,9.0,16.0,0.6595959595959595,0.0819346490398702,
profb,LogisticRegression,SMOTE / SMOTENC,8.0,0.109375,0.0,1.0701971054077148,0.025156021118164,0.4340973216474409,162.0,184.0,219.0,40.0,0.6666461931552956,0.2525202032882843,16.0,22.0,23.0,6.0,0.6565656565656566,0.2058187123692653,
profb,LogisticRegression,SMOTE / SMOTENC,9.0,0.109375,0.0,1.0700664520263672,0.0251445770263671,0.411954629936948,165.0,181.0,222.0,37.0,0.6743606122398841,0.2612558494164398,16.0,23.0,22.0,6.0,0.6777777777777777,0.2259454543225538,
profb,LogisticRegression,SMOTE / SMOTENC,10.0,0.109375,0.0,1.070272445678711,0.0251789093017578,0.3891817232168861,172.0,170.0,233.0,30.0,0.6747045672309167,0.2740055112057238,17.0,17.0,28.0,5.0,0.6252525252525253,0.1505050505050505,
profb,LogisticRegression,Select Percentile (Mutual Info),1.0,0.75,0.0,0.4829559326171875,0.0030412673950195,0.3387349519389745,110.0,265.0,138.0,91.0,0.6198659308914485,0.1961992522457109,13.0,25.0,20.0,10.0,0.5101449275362319,0.1143270101269961,
profb,LogisticRegression,Select Percentile (Mutual Info),2.0,0.09375,0.0,0.4816522598266601,0.0030412673950195,0.3434767529531767,135.0,242.0,161.0,66.0,0.6626297791439824,0.2565184675676683,17.0,25.0,20.0,6.0,0.702415458937198,0.2799290404746909,
profb,LogisticRegression,Select Percentile (Mutual Info),3.0,0.109375,0.0,0.4806270599365234,0.0030412673950195,0.2977711138994387,153.0,206.0,198.0,48.0,0.6714817004088468,0.2587258570949721,15.0,25.0,19.0,8.0,0.6610671936758894,0.209275398864113,
profb,LogisticRegression,Select Percentile (Mutual Info),4.0,0.09375,0.0,0.4832229614257812,0.0030412673950195,0.4344436544840665,89.0,329.0,75.0,112.0,0.6873553026944486,0.2724716761334943,4.0,34.0,10.0,19.0,0.516798418972332,-0.0623162844351036,
profb,LogisticRegression,Select Percentile (Mutual Info),5.0,0.09375,0.0,0.4794645309448242,0.0030412673950195,0.3388678673628411,135.0,242.0,161.0,67.0,0.6758715573790629,0.2536025156708612,13.0,23.0,22.0,9.0,0.596969696969697,0.0959168185201952,
profb,LogisticRegression,Select Percentile (Mutual Info),6.0,0.09375,0.0,0.4825344085693359,0.0030412673950195,0.4440784421408083,78.0,348.0,55.0,124.0,0.6815590988379234,0.2843047781170726,7.0,32.0,13.0,15.0,0.5797979797979799,0.0300619033226042,
profb,LogisticRegression,Select Percentile (Mutual Info),7.0,0.109375,0.0,0.4815893173217773,0.0030412673950195,0.3811904045479555,109.0,294.0,109.0,93.0,0.6779598555389037,0.2643690547718249,11.0,34.0,11.0,11.0,0.697979797979798,0.2555555555555555,
profb,LogisticRegression,Select Percentile (Mutual Info),8.0,0.09375,0.0,0.4840841293334961,0.0030412673950195,0.3138560911186807,148.0,218.0,185.0,54.0,0.662137925951404,0.2593960979375799,19.0,25.0,20.0,3.0,0.7747474747474747,0.3991344188469397,
profb,LogisticRegression,Select Percentile (Mutual Info),9.0,0.09375,0.0,0.4813098907470703,0.0030412673950195,0.2907149466435605,161.0,189.0,214.0,41.0,0.6734147360145444,0.2584344634527056,16.0,22.0,23.0,6.0,0.6696969696969697,0.2058187123692653,
profb,LogisticRegression,Select Percentile (Mutual Info),10.0,0.09375,0.015625,0.4793691635131836,0.0030412673950195,0.3942645302472168,111.0,296.0,107.0,91.0,0.674274623492126,0.2789697465548322,11.0,32.0,13.0,11.0,0.6848484848484848,0.2067706248493797,
profb,LogisticRegression,Uniform Binning,1.0,0.03125,0.0,0.2062788009643554,0.003523826599121,0.4559929466370625,58.0,370.0,33.0,143.0,0.6693949606804686,0.27223970526186,9.0,37.0,8.0,14.0,0.6463768115942029,0.233298824225205,
profb,LogisticRegression,Uniform Binning,2.0,0.03125,0.015625,0.2059164047241211,0.003523826599121,0.4422755183476052,68.0,356.0,47.0,133.0,0.665932125970643,0.266060180347857,6.0,41.0,4.0,17.0,0.6579710144927536,0.229739584156502,
profb,LogisticRegression,Uniform Binning,3.0,0.015625,0.0,0.2063570022583007,0.003523826599121,0.2761093054892397,163.0,186.0,218.0,38.0,0.6780392591497956,0.2646781782766392,17.0,22.0,22.0,6.0,0.6729249011857708,0.2302044902731774,
profb,LogisticRegression,Uniform Binning,4.0,0.015625,0.0,0.2062940597534179,0.003523826599121,0.450476659835375,76.0,359.0,45.0,125.0,0.6894241662972267,0.3140756910795661,5.0,36.0,8.0,18.0,0.5009881422924901,0.0427113883388015,
profb,LogisticRegression,Uniform Binning,5.0,0.03125,0.0,0.2066907882690429,0.003523826599121,0.409468654413798,92.0,325.0,78.0,110.0,0.6764366262929022,0.2747830269993899,7.0,31.0,14.0,15.0,0.5747474747474748,0.0071580030566315,
profb,LogisticRegression,Uniform Binning,6.0,0.03125,0.0,0.2064332962036132,0.003523826599121,0.4564479641628731,59.0,365.0,38.0,143.0,0.6672481143896029,0.2542183636535823,8.0,39.0,6.0,14.0,0.6676767676767678,0.2660206173968033,
profb,LogisticRegression,Uniform Binning,7.0,0.03125,0.0,0.2065839767456054,0.003523826599121,0.4203470099626307,84.0,342.0,61.0,118.0,0.6726224111244872,0.2921816283267091,8.0,39.0,6.0,14.0,0.6323232323232323,0.2660206173968033,
profb,LogisticRegression,Uniform Binning,8.0,0.015625,0.0,0.2062406539916992,0.003523826599121,0.4610302237974874,56.0,368.0,35.0,146.0,0.6609095152691448,0.251156945762318,8.0,41.0,4.0,14.0,0.6989898989898989,0.3364955606247598,
profb,LogisticRegression,Uniform Binning,9.0,0.015625,0.0,0.2064180374145507,0.003523826599121,0.463897381391806,60.0,366.0,37.0,142.0,0.6735191509225364,0.2637706964285911,6.0,44.0,1.0,16.0,0.6161616161616161,0.3846001402980346,
profb,LogisticRegression,Uniform Binning,10.0,0.03125,0.0,0.2062883377075195,0.003523826599121,0.4029736930590185,97.0,324.0,79.0,105.0,0.6710746136648403,0.2950657287448764,10.0,32.0,13.0,12.0,0.6505050505050506,0.1638460570256198,
profb,LogisticRegression,Yeo-Johnson,1.0,0.0625,0.0,0.2051410675048828,0.0029182434082031,0.3160556967203825,143.0,238.0,165.0,58.0,0.6883325308939177,0.284679177580087,14.0,24.0,21.0,9.0,0.6618357487922705,0.1344485639093475,
profb,LogisticRegression,Yeo-Johnson,2.0,0.0625,0.0,0.2048635482788086,0.0029182434082031,0.3096318943262981,146.0,229.0,174.0,55.0,0.6817772181277237,0.2781368484540922,16.0,23.0,22.0,7.0,0.7149758454106281,0.1970113163442449,
profb,LogisticRegression,Yeo-Johnson,3.0,0.078125,0.0,0.2054033279418945,0.0029182434082031,0.2682130764570945,166.0,189.0,215.0,35.0,0.6862100389143393,0.2864804335898869,17.0,22.0,22.0,6.0,0.6482213438735178,0.2302044902731774,
profb,LogisticRegression,Yeo-Johnson,4.0,0.0625,0.015625,0.2054643630981445,0.0029182434082031,0.325634957231057,141.0,255.0,149.0,60.0,0.7091892025023397,0.3136620559353824,10.0,22.0,22.0,13.0,0.5049407114624507,-0.0619932875548906,
profb,LogisticRegression,Yeo-Johnson,5.0,0.0625,0.0,0.2056455612182617,0.0029182434082031,0.3874255159925627,108.0,305.0,98.0,94.0,0.6934255460285484,0.2900767145260097,11.0,27.0,18.0,11.0,0.591919191919192,0.0947822032963255,
profb,LogisticRegression,Yeo-Johnson,6.0,0.078125,0.0,0.2055120468139648,0.0029182434082031,0.3722056803422616,119.0,286.0,117.0,83.0,0.6909932928776749,0.2888815112916757,13.0,25.0,20.0,9.0,0.6313131313131313,0.1375795791020404,
profb,LogisticRegression,Yeo-Johnson,7.0,0.0625,0.0,0.2050485610961914,0.0029182434082031,0.3530050461636447,124.0,279.0,124.0,78.0,0.6855514335552663,0.293582109224546,13.0,33.0,12.0,9.0,0.7111111111111111,0.3148420891900273,
profb,LogisticRegression,Yeo-Johnson,8.0,0.046875,0.0,0.2053747177124023,0.0029182434082031,0.295843914110896,153.0,211.0,192.0,49.0,0.674114930103432,0.2676927895714167,18.0,26.0,19.0,4.0,0.7363636363636363,0.3739443539276664,
profb,LogisticRegression,Yeo-Johnson,9.0,0.0625,0.0,0.2054052352905273,0.0029182434082031,0.4229873692228302,92.0,325.0,78.0,110.0,0.6890524039997051,0.2747830269993899,8.0,42.0,3.0,14.0,0.6494949494949495,0.3764778043790664,
profb,LogisticRegression,Yeo-Johnson,10.0,0.046875,0.0,0.2054624557495117,0.0029182434082031,0.366977271119987,115.0,288.0,115.0,87.0,0.6869395376262192,0.2758583524686812,13.0,30.0,15.0,9.0,0.6656565656565656,0.245251269411975,
profb,MLP,Baseline,1.0,2.171875,0.0,0.6874103546142578,0.0601205825805664,0.3494525177417574,157.0,240.0,163.0,44.0,0.7472686196807525,0.3555732053569161,16.0,24.0,21.0,7.0,0.6763285024154589,0.2175186314508254,
profb,MLP,Baseline,2.0,3.421875,0.0,0.7044944763183594,0.0613689422607421,0.3389934159759278,151.0,270.0,133.0,50.0,0.7621939928150808,0.3976713572432797,12.0,24.0,21.0,11.0,0.6405797101449275,0.0521331166179102,
profb,MLP,Baseline,3.0,2.890625,0.078125,0.6993570327758789,0.0608816146850585,0.4522655974964203,121.0,319.0,85.0,80.0,0.7603566326781932,0.3892285545316105,9.0,34.0,10.0,14.0,0.700592885375494,0.1727907193353869,
profb,MLP,Baseline,4.0,2.984375,0.0,0.700901985168457,0.0610427856445312,0.4056192205845261,139.0,301.0,103.0,62.0,0.7906630215260332,0.4197621579902831,8.0,27.0,17.0,15.0,0.4980237154150198,-0.0378337771345164,
profb,MLP,Baseline,5.0,2.984375,0.09375,0.6963891983032227,0.0606641769409179,0.2928881217761986,151.0,270.0,133.0,51.0,0.7695870083286244,0.3945235546879204,13.0,25.0,20.0,9.0,0.5949494949494949,0.1375795791020404,
profb,MLP,Baseline,6.0,3.1875,0.0,0.7049531936645508,0.0613689422607421,0.3428138553760865,145.0,294.0,109.0,57.0,0.7894135567402895,0.4274699021761085,13.0,23.0,22.0,9.0,0.593939393939394,0.0959168185201952,
profb,MLP,Baseline,7.0,3.375,0.0,0.7051715850830078,0.0613689422607421,0.45707919632741,88.0,370.0,33.0,114.0,0.7763678352946957,0.4170794129596167,5.0,36.0,9.0,17.0,0.6313131313131313,0.0315024415338319,
profb,MLP,Baseline,8.0,3.53125,0.0,0.7051982879638672,0.0613689422607421,0.4193399797281539,97.0,361.0,42.0,105.0,0.7739970026779354,0.4214947768833344,11.0,38.0,7.0,11.0,0.6737373737373737,0.3649240525396278,
profb,MLP,Baseline,9.0,3.453125,0.046875,0.7051725387573242,0.0613689422607421,0.5196134820812408,74.0,380.0,23.0,128.0,0.7776945188315358,0.3975033552787148,7.0,42.0,3.0,15.0,0.7272727272727273,0.3314700714898118,
profb,MLP,Baseline,10.0,3.28125,0.0,0.7046384811401367,0.0613689422607421,0.2552619527010009,175.0,233.0,170.0,27.0,0.784143674913397,0.4234519602466323,15.0,20.0,25.0,7.0,0.6555555555555556,0.1208872610803457,
profb,MLP,IQR Capping,1.0,2.640625,0.0,0.698857307434082,0.060700416564941406,0.3794227505271486,141.0,272.0,131.0,60.0,0.7468735725837314,0.3565183315682615,15.0,29.0,16.0,8.0,0.6772946859903382,0.28176464074009877,
profb,MLP,IQR Capping,2.0,4.3125,0.09375,0.712925910949707,0.06194877624511719,0.33834078650252986,151.0,270.0,133.0,50.0,0.7620952310408258,0.39767135724327973,12.0,25.0,20.0,11.0,0.6415458937198067,0.07326449704397633,
profb,MLP,IQR Capping,3.0,3.65625,0.09375,0.7069263458251953,0.061461448669433594,0.4983780695188907,105.0,345.0,59.0,96.0,0.7610585685434216,0.3987839133334476,9.0,36.0,8.0,14.0,0.6847826086956522,0.228578901794328,
profb,MLP,IQR Capping,4.0,3.75,0.0,0.7092218399047852,0.06162261962890625,0.42304530634731846,133.0,313.0,91.0,68.0,0.7900719176395252,0.42572657330953845,7.0,29.0,15.0,16.0,0.4980237154150197,-0.036965268963097146,
profb,MLP,IQR Capping,5.0,3.421875,0.09375,0.7046422958374023,0.06124401092529297,0.29298130628382496,150.0,269.0,134.0,52.0,0.7690219394147852,0.3875006709210039,13.0,25.0,20.0,9.0,0.595959595959596,0.1375795791020404,
profb,MLP,IQR Capping,6.0,4.015625,0.09375,0.7124853134155273,0.06194877624511719,0.3554539340048355,138.0,305.0,98.0,64.0,0.7887256467582242,0.425406322059172,13.0,25.0,20.0,9.0,0.5888888888888889,0.1375795791020404,
profb,MLP,IQR Capping,7.0,4.09375,0.09375,0.7128305435180664,0.06194877624511719,0.45838007141107645,87.0,369.0,34.0,115.0,0.7769206201017125,0.4083172404184483,5.0,37.0,8.0,17.0,0.6323232323232323,0.05877733982580276,
profb,MLP,IQR Capping,8.0,4.125,0.0,0.71282958984375,0.06194877624511719,0.42053246665508026,98.0,362.0,41.0,104.0,0.7741812642802741,0.4298263461326701,11.0,37.0,8.0,11.0,0.6747474747474748,0.33571880347955874,
profb,MLP,IQR Capping,9.0,4.125,0.0,0.7130165100097656,0.06194877624511719,0.5299659497912783,68.0,386.0,17.0,134.0,0.776662653858438,0.39960295542428936,5.0,42.0,3.0,17.0,0.7272727272727273,0.23259936657540342,
profb,MLP,IQR Capping,10.0,4.125,0.03125,0.712956428527832,0.06194877624511719,0.2596300653083743,175.0,239.0,164.0,27.0,0.7840945384861067,0.436483558327636,15.0,21.0,24.0,7.0,0.6585858585858586,0.14138014354337383,
profb,MLP,IQR Removal,1.0,3.1875,0.0,0.7307920455932617,0.061589241027832,0.3154681436096779,162.0,293.0,110.0,39.0,0.8360924904015901,0.5048221003473455,14.0,24.0,21.0,9.0,0.6541062801932367,0.1344485639093475,
profb,MLP,IQR Removal,2.0,2.90625,0.0,0.7294950485229492,0.061589241027832,0.36505810014432,151.0,318.0,85.0,50.0,0.841388590546029,0.5218266309632877,12.0,26.0,19.0,11.0,0.6096618357487923,0.0945334136685022,
profb,MLP,IQR Removal,3.0,2.875,0.0,0.7295122146606445,0.061589241027832,0.4096130042922144,135.0,339.0,65.0,66.0,0.8344785971134427,0.5113934650382496,11.0,34.0,10.0,12.0,0.7361660079051384,0.2568945537404474,
profb,MLP,IQR Removal,4.0,2.890625,0.0,0.7308158874511719,0.0615911483764648,0.4320375346603515,129.0,351.0,53.0,72.0,0.8569898034579577,0.5244041654794345,5.0,32.0,12.0,18.0,0.4871541501976285,-0.0603793325494451,
profb,MLP,IQR Removal,5.0,2.8125,0.0,0.729680061340332,0.061589241027832,0.4189773499752646,135.0,350.0,53.0,67.0,0.8445569122669089,0.5470113515156614,8.0,31.0,14.0,14.0,0.593939393939394,0.0525252525252525,
profb,MLP,IQR Removal,6.0,2.890625,0.015625,0.7291831970214844,0.061589241027832,0.3318945997654959,163.0,300.0,103.0,39.0,0.8478736211090092,0.523857302682549,12.0,23.0,22.0,10.0,0.5404040404040403,0.0531341822738914,
profb,MLP,IQR Removal,7.0,2.8125,0.0,0.729771614074707,0.061589241027832,0.3832013812173301,147.0,332.0,71.0,55.0,0.8491634523253815,0.5417821986489647,10.0,27.0,18.0,12.0,0.5424242424242425,0.0519355629343005,
profb,MLP,IQR Removal,8.0,2.71875,0.0,0.729644775390625,0.061589241027832,0.4088946632045898,137.0,346.0,57.0,65.0,0.8418298405522936,0.542377466321131,11.0,33.0,12.0,11.0,0.6828282828282828,0.2307831656885254,
profb,MLP,IQR Removal,9.0,2.796875,0.0,0.7299365997314453,0.0615911483764648,0.3972234038042288,141.0,332.0,71.0,61.0,0.8415595902021963,0.5158249182389856,13.0,37.0,8.0,9.0,0.7111111111111111,0.4182318928803303,
profb,MLP,IQR Removal,10.0,2.90625,0.09375,0.7293233871459961,0.061589241027832,0.3799413763999628,148.0,321.0,82.0,54.0,0.8395941331105815,0.5141240676768671,12.0,27.0,18.0,10.0,0.6616161616161617,0.1373673136877142,
profb,MLP,PCA,1.0,2.625,0.03125,0.6917181015014648,0.0611982345581054,0.4075787058144022,133.0,294.0,109.0,68.0,0.7472562744589707,0.3761921415673202,12.0,29.0,16.0,11.0,0.6792270531400966,0.1597530876049344,
profb,MLP,PCA,2.0,3.375,0.0,0.7065191268920898,0.0624465942382812,0.4383189014581346,110.0,338.0,65.0,91.0,0.7641321926348408,0.4009222978387612,9.0,36.0,9.0,14.0,0.6415458937198067,0.205151057812869,
profb,MLP,PCA,3.0,3.015625,0.09375,0.7015552520751953,0.0620136260986328,0.4049071864603479,128.0,314.0,90.0,73.0,0.7642726959263091,0.4062104608039764,10.0,36.0,8.0,13.0,0.7025691699604744,0.2709663844415311,
profb,MLP,PCA,4.0,3.1875,0.0,0.7032356262207031,0.0621204376220703,0.4731165586270711,111.0,345.0,59.0,90.0,0.7872272301857051,0.4256559298691232,4.0,34.0,10.0,19.0,0.5039525691699605,-0.0623162844351036,
profb,MLP,PCA,5.0,2.140625,0.0,0.6897449493408203,0.0610332489013671,0.2594285946438057,165.0,223.0,180.0,37.0,0.7447731125469869,0.3526523372124434,15.0,20.0,25.0,7.0,0.6191919191919192,0.1208872610803457,
profb,MLP,PCA,6.0,3.46875,0.0,0.7063732147216797,0.0624465942382812,0.3082927853278122,162.0,269.0,134.0,40.0,0.7901383190428225,0.4429091506607399,14.0,21.0,24.0,8.0,0.5828282828282829,0.0976543912750021,
profb,MLP,PCA,7.0,3.46875,0.0,0.7065191268920898,0.0624465942382812,0.3117591216788412,149.0,286.0,117.0,53.0,0.7819939562194433,0.4249986846373829,13.0,25.0,20.0,9.0,0.6191919191919192,0.1375795791020404,
profb,MLP,PCA,8.0,3.53125,0.0625,0.7061443328857422,0.0624465942382812,0.3242240978971448,146.0,295.0,108.0,56.0,0.782301058890008,0.4345715110625227,12.0,31.0,14.0,10.0,0.694949494949495,0.2258352783618902,
profb,MLP,PCA,9.0,3.375,0.0,0.7066745758056641,0.0624465942382812,0.4291788396104294,114.0,335.0,68.0,88.0,0.7748077537282266,0.4068203818618767,10.0,36.0,9.0,12.0,0.698989898989899,0.2652073306484289,
profb,MLP,PCA,10.0,3.828125,0.078125,0.7064447402954102,0.0624465942382812,0.3186137161949452,152.0,277.0,126.0,50.0,0.782816991376557,0.4162047826006336,14.0,29.0,16.0,8.0,0.6626262626262626,0.2651952305915593,
profb,MLP,Quantile Binning,1.0,2.328125,0.0,0.6943674087524414,0.0611982345581054,0.4420257230569006,83.0,359.0,44.0,118.0,0.7464167993778008,0.3512463076646245,8.0,37.0,8.0,15.0,0.6241545893719807,0.1896622200410196,
profb,MLP,Quantile Binning,2.0,1.78125,0.0,0.6836032867431641,0.0602903366088867,0.2641750739866766,162.0,203.0,200.0,39.0,0.7157265780279742,0.2977960259816281,21.0,20.0,25.0,2.0,0.740096618357488,0.3615274624802892,
profb,MLP,Quantile Binning,3.0,2.4375,0.09375,0.6937723159790039,0.0611600875854492,0.3312739394488069,161.0,238.0,166.0,40.0,0.7452095955864244,0.3686996869960823,15.0,27.0,17.0,8.0,0.6452569169960475,0.2526696113979632,
profb,MLP,Quantile Binning,4.0,2.625,0.0,0.694035530090332,0.0611600875854492,0.3322786494016881,158.0,253.0,151.0,43.0,0.7621792029949264,0.3884942670600876,13.0,21.0,23.0,10.0,0.4762845849802372,0.0404618841261481,
profb,MLP,Quantile Binning,5.0,2.4375,0.0,0.6910219192504883,0.0608882904052734,0.3163987510360778,139.0,276.0,127.0,63.0,0.7415423924526447,0.3543853860336928,13.0,27.0,18.0,9.0,0.598989898989899,0.1798092831283197,
profb,MLP,Quantile Binning,6.0,2.21875,0.0,0.689753532409668,0.0607633590698242,0.2831584299646739,157.0,245.0,158.0,45.0,0.7469596835614083,0.3636003741732857,17.0,22.0,23.0,5.0,0.6313131313131314,0.2504784049584763,
profb,MLP,Quantile Binning,7.0,1.3125,0.0,0.6792478561401367,0.0598917007446289,0.4315257304110902,105.0,320.0,83.0,97.0,0.7247500184261604,0.3198149390117309,9.0,33.0,12.0,13.0,0.6454545454545454,0.1441826329978644,
profb,MLP,Quantile Binning,8.0,3.46875,0.0,0.7062520980834961,0.0622110366821289,0.3545076158599016,141.0,290.0,113.0,61.0,0.776871483674422,0.3990634666304518,13.0,33.0,12.0,9.0,0.6868686868686869,0.3148420891900273,
profb,MLP,Quantile Binning,9.0,2.203125,0.0,0.6904153823852539,0.0608720779418945,0.3867611765617221,139.0,270.0,133.0,63.0,0.7313097314694248,0.3394835077210377,13.0,31.0,14.0,9.0,0.697979797979798,0.2678861705540461,
profb,MLP,Quantile Binning,10.0,3.375,0.0,0.7065963745117188,0.0622110366821289,0.2580677947215577,153.0,266.0,137.0,49.0,0.7690833599488982,0.3940985079342725,15.0,29.0,16.0,7.0,0.694949494949495,0.30729311349443,
profb,MLP,Quantile Transform,1.0,2.625,0.09375,0.7243261337280273,0.0926980972290039,0.4708085760425506,100.0,352.0,51.0,101.0,0.750367270348012,0.4036843353353337,10.0,35.0,10.0,13.0,0.6647342995169082,0.2207073973239102,
profb,MLP,Quantile Transform,2.0,3.09375,0.0,0.7355022430419922,0.0936203002929687,0.4226329827347877,99.0,351.0,52.0,102.0,0.757836129526067,0.3955700773386436,9.0,38.0,7.0,14.0,0.6260869565217392,0.2629408050568681,
profb,MLP,Quantile Transform,3.0,3.1875,0.0,0.7334232330322266,0.0935468673706054,0.4074068974277015,133.0,307.0,97.0,68.0,0.769814294862322,0.409074180527637,11.0,34.0,10.0,12.0,0.708498023715415,0.2568945537404474,
profb,MLP,Quantile Transform,4.0,3.15625,0.078125,0.7349042892456055,0.093637466430664,0.458055659296549,123.0,339.0,65.0,78.0,0.7872395448500075,0.4590560179117671,6.0,33.0,11.0,17.0,0.5059288537549408,0.0118602260364981,
profb,MLP,Quantile Transform,5.0,2.75,0.09375,0.7286996841430664,0.0931682586669921,0.4170821164682027,94.0,358.0,45.0,108.0,0.7668476525071862,0.3965000691353273,6.0,35.0,10.0,16.0,0.5656565656565656,0.0556297781077659,
profb,MLP,Quantile Transform,6.0,3.375,0.0,0.7351865768432617,0.0937118530273437,0.4745150964937494,102.0,360.0,43.0,100.0,0.7812814780237328,0.4399688058686442,7.0,33.0,12.0,15.0,0.6303030303030304,0.0536729121550391,
profb,MLP,Quantile Transform,7.0,3.46875,0.09375,0.739384651184082,0.0939998626708984,0.4163205022314362,110.0,349.0,54.0,92.0,0.7788123725523918,0.4355750632137106,11.0,35.0,10.0,11.0,0.6797979797979798,0.2812072629390973,
profb,MLP,Quantile Transform,8.0,3.234375,0.0,0.731287956237793,0.0932950973510742,0.393507722683358,111.0,344.0,59.0,91.0,0.765766651106798,0.4229364461062373,12.0,34.0,11.0,10.0,0.6747474747474748,0.2977202743514311,
profb,MLP,Quantile Transform,9.0,4.0,0.03125,0.739349365234375,0.0939455032348632,0.3188066170305097,157.0,257.0,146.0,45.0,0.7704100434857382,0.3913756437449067,16.0,24.0,21.0,6.0,0.706060606060606,0.2461164370238212,
profb,MLP,Quantile Transform,10.0,3.46875,0.09375,0.7335443496704102,0.0934925079345703,0.351545772920393,147.0,278.0,125.0,55.0,0.7647347861337002,0.3958486470771429,15.0,26.0,19.0,7.0,0.6555555555555556,0.2438479436498233,
profb,MLP,Random Undersampling,1.0,1.140625,0.0,0.6692790985107422,0.0625553131103515,0.4810455151882681,173.0,171.0,232.0,28.0,0.6961223658383022,0.2857346450422864,21.0,17.0,28.0,2.0,0.7188405797101449,0.3066348273857333,
profb,MLP,Random Undersampling,2.0,1.140625,0.078125,0.670130729675293,0.062591552734375,0.4742561119820715,164.0,187.0,216.0,37.0,0.6953816525313878,0.2730864105150875,19.0,19.0,26.0,4.0,0.6753623188405796,0.2483091787439613,
profb,MLP,Random Undersampling,3.0,1.40625,0.0,0.6696310043334961,0.0625553131103515,0.6137246322905957,121.0,301.0,103.0,80.0,0.7029333530367963,0.3385175520565476,8.0,32.0,12.0,15.0,0.6225296442687748,0.077921877690353,
profb,MLP,Random Undersampling,4.0,1.125,0.0,0.6697797775268555,0.062591552734375,0.4962106840248951,163.0,216.0,188.0,38.0,0.724114575636668,0.3298302195654263,13.0,21.0,23.0,10.0,0.4851778656126482,0.0404618841261481,
profb,MLP,Random Undersampling,5.0,2.515625,0.0,0.6902980804443359,0.064767837524414,0.5394930640614692,157.0,239.0,164.0,45.0,0.7362356583052847,0.3499021246052309,13.0,26.0,19.0,9.0,0.6494949494949496,0.1585951355729961,
profb,MLP,Random Undersampling,6.0,2.578125,0.0,0.6901082992553711,0.064767837524414,0.5435415745391103,157.0,245.0,158.0,45.0,0.7454487384222293,0.3636003741732857,17.0,19.0,26.0,5.0,0.6101010101010101,0.1909412947173698,
profb,MLP,Random Undersampling,7.0,2.90625,0.015625,0.6895866394042969,0.064767837524414,0.6100685464700919,131.0,286.0,117.0,71.0,0.7296636611551973,0.3434665672796717,8.0,30.0,15.0,14.0,0.6191919191919192,0.0299718396998085,
profb,MLP,Random Undersampling,8.0,1.78125,0.0,0.6772031784057617,0.0633888244628906,0.5753518103161949,111.0,302.0,101.0,91.0,0.7129572758764711,0.2954388099543974,13.0,37.0,8.0,9.0,0.7727272727272727,0.4182318928803303,
profb,MLP,Random Undersampling,9.0,2.53125,0.0,0.6899805068969727,0.064767837524414,0.5392581152915813,156.0,238.0,165.0,46.0,0.730216445962214,0.3428792408383144,16.0,24.0,21.0,6.0,0.6909090909090909,0.2461164370238212,
profb,MLP,Random Undersampling,10.0,2.53125,0.0,0.6895694732666016,0.064767837524414,0.5304788004535194,152.0,246.0,157.0,50.0,0.733926246222637,0.3423628167046831,14.0,19.0,26.0,8.0,0.6131313131313131,0.0560916891412804,
profb,MLP,SMOTE / SMOTENC,1.0,5.046875,0.0,1.0617084503173828,0.0837621688842773,0.5240030962811929,144.0,299.0,104.0,57.0,0.7760823673197288,0.4390360316645827,12.0,30.0,15.0,11.0,0.6570048309178744,0.1821757751171946,
profb,MLP,SMOTE / SMOTENC,2.0,4.859375,0.0,1.0611963272094729,0.0837507247924804,0.4130768125828863,172.0,249.0,154.0,29.0,0.77945261286619,0.4477333980921429,16.0,17.0,28.0,7.0,0.5652173913043479,0.0726961578880747,
profb,MLP,SMOTE / SMOTENC,3.0,4.6875,0.0625,1.0615997314453125,0.0837507247924804,0.4909637316145023,151.0,283.0,121.0,50.0,0.7894438697601104,0.4277298562416655,12.0,29.0,15.0,11.0,0.6956521739130435,0.1750446959673379,
profb,MLP,SMOTE / SMOTENC,4.0,4.96875,0.0,1.0622167587280271,0.0837621688842773,0.4701305094967181,161.0,275.0,129.0,40.0,0.8081375301709275,0.454151075991578,10.0,26.0,18.0,13.0,0.5009881422924901,0.0247327138310025,
profb,MLP,SMOTE / SMOTENC,5.0,5.0625,0.0,1.0703182220458984,0.0839033126831054,0.5461188139287496,138.0,311.0,92.0,64.0,0.7883571235535464,0.4419223357955986,11.0,31.0,14.0,11.0,0.6505050505050506,0.1834126812415424,
profb,MLP,SMOTE / SMOTENC,6.0,4.96875,0.0,1.0703487396240234,0.0839376449584961,0.5895619064443425,126.0,329.0,74.0,76.0,0.7975087831363782,0.4412412344494869,7.0,31.0,14.0,15.0,0.5616161616161617,0.0071580030566315,
profb,MLP,SMOTE / SMOTENC,7.0,4.828125,0.0,1.070119857788086,0.0838575363159179,0.4278363404088479,160.0,273.0,130.0,42.0,0.787312974473626,0.4432086206634661,14.0,22.0,23.0,8.0,0.5808080808080809,0.1182885201199761,
profb,MLP,SMOTE / SMOTENC,8.0,5.25,0.0,1.069758415222168,0.0838689804077148,0.4936734495438675,144.0,299.0,104.0,58.0,0.7804093064393287,0.4361091322391908,10.0,34.0,11.0,12.0,0.6444444444444444,0.2126949479684809,
profb,MLP,SMOTE / SMOTENC,9.0,4.6875,0.0,1.0700712203979492,0.0838575363159179,0.4524585083185332,152.0,271.0,132.0,50.0,0.7826327297742182,0.4015464384548369,16.0,33.0,12.0,6.0,0.7393939393939394,0.4385669758896494,
profb,MLP,SMOTE / SMOTENC,10.0,5.140625,0.0,1.069875717163086,0.0838918685913086,0.4016992673625718,186.0,208.0,195.0,16.0,0.7846596073999459,0.4267217118280927,16.0,16.0,29.0,6.0,0.6212121212121212,0.0828282828282828,
profb,MLP,Select Percentile (Mutual Info),1.0,1.5625,0.0,0.8209238052368164,0.0379362106323242,0.274234332301282,179.0,129.0,274.0,22.0,0.6315568559189165,0.229227788406496,16.0,14.0,31.0,7.0,0.4840579710144927,0.0069257895185312,
profb,MLP,Select Percentile (Mutual Info),2.0,2.25,0.0,0.8305130004882812,0.0388441085815429,0.3039292424161775,137.0,262.0,141.0,64.0,0.7037270224559584,0.3136071218063678,16.0,24.0,21.0,7.0,0.6666666666666667,0.2175186314508254,
profb,MLP,Select Percentile (Mutual Info),3.0,1.765625,0.0,0.8181333541870117,0.037938117980957,0.3402922248375813,134.0,254.0,150.0,67.0,0.682811191566918,0.2787773155891034,13.0,31.0,13.0,10.0,0.6363636363636365,0.2628414101011744,
profb,MLP,Select Percentile (Mutual Info),4.0,2.96875,0.0,0.8322010040283203,0.0390815734863281,0.305384511190957,148.0,243.0,161.0,53.0,0.7176124328850796,0.3182935467795246,13.0,20.0,24.0,10.0,0.5128458498023716,0.0188702759017734,
profb,MLP,Select Percentile (Mutual Info),5.0,1.96875,0.0,0.8254051208496094,0.0383548736572265,0.3732228978585935,147.0,247.0,156.0,55.0,0.7136820381790041,0.3212781676604552,13.0,26.0,19.0,9.0,0.6414141414141414,0.1585951355729961,
profb,MLP,Select Percentile (Mutual Info),6.0,3.65625,0.0,0.8469352722167969,0.040257453918457,0.4017996142975587,117.0,308.0,95.0,85.0,0.7212490479817213,0.339516031611315,9.0,21.0,24.0,13.0,0.502020202020202,-0.1167054360658687,
profb,MLP,Select Percentile (Mutual Info),7.0,1.59375,0.0,0.8223628997802734,0.0380287170410156,0.4905764859893551,74.0,350.0,53.0,128.0,0.688634744367737,0.2719274219247489,7.0,41.0,4.0,15.0,0.705050505050505,0.2906818421566262,
profb,MLP,Select Percentile (Mutual Info),8.0,2.609375,0.0,0.8343496322631836,0.0391721725463867,0.3829320595585742,95.0,328.0,75.0,107.0,0.7057833574920768,0.2981756721215237,12.0,36.0,9.0,10.0,0.7757575757575756,0.3497195779097138,
profb,MLP,Select Percentile (Mutual Info),9.0,1.75,0.0,0.8225717544555664,0.0381536483764648,0.337187840223814,141.0,248.0,155.0,61.0,0.6925042380168538,0.2956706567797231,13.0,30.0,15.0,9.0,0.6949494949494949,0.245251269411975,
profb,MLP,Select Percentile (Mutual Info),10.0,2.34375,0.0,0.8286514282226562,0.0386991500854492,0.4337727741162387,110.0,313.0,90.0,92.0,0.6987691324963763,0.3220334435069518,13.0,34.0,11.0,9.0,0.7080808080808081,0.3393412647049629,
profb,MLP,Uniform Binning,1.0,2.609375,0.0,0.6950912475585938,0.0611810684204101,0.4135952191652741,118.0,309.0,94.0,83.0,0.7353060997740823,0.3493129370252351,13.0,34.0,11.0,10.0,0.6483091787439613,0.3175674265636949,
profb,MLP,Uniform Binning,2.0,2.8125,0.078125,0.6978816986083984,0.0614528656005859,0.4339795169910528,106.0,316.0,87.0,95.0,0.721880671086256,0.3147634859284799,10.0,34.0,11.0,13.0,0.6666666666666666,0.1949115050215218,
profb,MLP,Uniform Binning,3.0,3.109375,0.03125,0.7013950347900391,0.06170654296875,0.4547772469678353,116.0,326.0,78.0,85.0,0.7552891483178168,0.3875691383153188,9.0,37.0,7.0,14.0,0.6630434782608695,0.2586023854363889,
profb,MLP,Uniform Binning,4.0,2.4375,0.0,0.6949701309204102,0.0611429214477539,0.4813099137146746,101.0,346.0,58.0,100.0,0.7498152800354662,0.3840822682767237,5.0,34.0,10.0,18.0,0.4644268774703557,-0.011255439098214,
profb,MLP,Uniform Binning,5.0,2.15625,0.0,0.6913242340087891,0.0608711242675781,0.4856129115079283,55.0,385.0,18.0,147.0,0.7293934108051003,0.3295387783039956,5.0,39.0,6.0,17.0,0.5828282828282828,0.1190899177117455,
profb,MLP,Uniform Binning,6.0,3.359375,0.09375,0.7069635391235352,0.0621938705444335,0.3859660587804308,134.0,289.0,114.0,68.0,0.756320172960224,0.3648456207318684,14.0,30.0,15.0,8.0,0.6777777777777778,0.2872187978676532,
profb,MLP,Uniform Binning,7.0,3.46875,0.0,0.7069234848022461,0.0621938705444335,0.3821123649602124,95.0,359.0,44.0,107.0,0.760318649730978,0.4048316383846631,9.0,35.0,10.0,13.0,0.6181818181818182,0.1946958578172989,
profb,MLP,Uniform Binning,8.0,2.8125,0.0,0.698369026184082,0.0614891052246093,0.3121147285456783,147.0,260.0,143.0,55.0,0.7454855907426972,0.3520041255949637,17.0,28.0,17.0,5.0,0.6868686868686869,0.370990451233778,
profb,MLP,Uniform Binning,9.0,2.625,0.0,0.6945886611938477,0.0611791610717773,0.3824727147438932,98.0,343.0,60.0,104.0,0.7363646414269218,0.3610170807314535,9.0,39.0,6.0,13.0,0.6929292929292928,0.310668877609508,
profb,MLP,Uniform Binning,10.0,2.796875,0.0,0.7010126113891602,0.06170654296875,0.3035998148963827,135.0,284.0,119.0,67.0,0.7436245485590742,0.3564538133119665,15.0,27.0,18.0,7.0,0.6343434343434343,0.264722086685995,
profb,MLP,Yeo-Johnson,1.0,2.4375,0.0,0.6910238265991211,0.0603342056274414,0.3779502534844828,141.0,278.0,125.0,60.0,0.7452316580867376,0.3714344152661176,14.0,27.0,18.0,9.0,0.6714975845410627,0.1978141420187361,
profb,MLP,Yeo-Johnson,2.0,3.78125,0.0,0.7060127258300781,0.0615825653076171,0.3393611142164078,148.0,279.0,124.0,53.0,0.7605026974309593,0.4059529211612895,12.0,25.0,20.0,11.0,0.6550724637681159,0.0732644970439763,
profb,MLP,Yeo-Johnson,3.0,3.4375,0.0,0.699894905090332,0.0610952377319335,0.4348574324303186,130.0,304.0,100.0,71.0,0.7612556031722574,0.3873867367520372,9.0,33.0,11.0,14.0,0.691699604743083,0.1466161646015854,
profb,MLP,Yeo-Johnson,4.0,3.28125,0.0,0.7023134231567383,0.0612564086914062,0.4066270145439342,138.0,306.0,98.0,63.0,0.7912171814196345,0.4287415350668521,9.0,28.0,16.0,14.0,0.4940711462450593,0.0271627117888835,
profb,MLP,Yeo-Johnson,5.0,3.65625,0.0,0.7054471969604492,0.0615825653076171,0.4120780418718177,116.0,331.0,72.0,86.0,0.776478392256099,0.4031202902631721,8.0,30.0,15.0,14.0,0.601010101010101,0.0299718396998085,
profb,MLP,Yeo-Johnson,6.0,3.75,0.0,0.7060613632202148,0.0615825653076171,0.3439822684980266,145.0,300.0,103.0,57.0,0.7880254526693364,0.443235483389923,11.0,24.0,21.0,11.0,0.5969696969696969,0.0313391585264004,
profb,MLP,Yeo-Johnson,7.0,3.640625,0.0,0.705657958984375,0.0615825653076171,0.4401965426808794,93.0,363.0,40.0,109.0,0.7783332923863107,0.4112515337464977,5.0,34.0,11.0,17.0,0.6212121212121212,-0.0189141245566404,
profb,MLP,Yeo-Johnson,8.0,3.609375,0.0,0.7054433822631836,0.0615825653076171,0.323403815352571,146.0,289.0,114.0,56.0,0.7757904822740337,0.4190635538602156,13.0,31.0,14.0,9.0,0.6686868686868687,0.2678861705540461,
profb,MLP,Yeo-Johnson,9.0,3.5625,0.0,0.7056188583374023,0.0615825653076171,0.3705197969260473,142.0,285.0,118.0,60.0,0.7759747438763729,0.39074370464654,15.0,31.0,14.0,7.0,0.7272727272727273,0.3513643293914291,
profb,MLP,Yeo-Johnson,10.0,3.5625,0.0,0.7056703567504883,0.0615825653076171,0.2853749177931904,163.0,251.0,152.0,39.0,0.7827801390560892,0.4056947565125945,15.0,21.0,24.0,7.0,0.6575757575757576,0.1413801435433738,
profb,RandomForest,Baseline,1.0,0.640625,0.0,0.3435544967651367,2.415072441101074,0.6101000000000004,199.0,403.0,0.0,2.0,1.0,0.9925525762747976,2.0,44.0,1.0,21.0,0.7473429951690821,0.1491376591356997,
profb,RandomForest,Baseline,2.0,0.65625,0.0,0.341644287109375,2.397219657897949,0.600200000000001,199.0,403.0,0.0,2.0,1.0,0.9925525762747976,3.0,45.0,0.0,20.0,0.6763285024154589,0.30050125348238,
profb,RandomForest,Baseline,3.0,0.65625,0.015625,0.337437629699707,2.407748222351074,0.6004000000000002,200.0,404.0,0.0,1.0,1.0,0.996277081979278,1.0,43.0,1.0,22.0,0.6136363636363636,0.0578971735053515,
profb,RandomForest,Baseline,4.0,0.640625,0.015625,0.3407135009765625,2.353729248046875,0.5772000000000003,200.0,404.0,0.0,1.0,1.0,0.996277081979278,0.0,41.0,3.0,23.0,0.4323122529644269,-0.1565338331131353,
profb,RandomForest,Baseline,5.0,0.65625,0.0,0.3422603607177734,2.421175956726074,0.64,201.0,403.0,0.0,1.0,1.0,0.9962863600021632,2.0,44.0,1.0,20.0,0.6257575757575756,0.1559698667262344,
profb,RandomForest,Baseline,6.0,0.65625,0.0,0.3393049240112304,2.391573905944824,0.6268,200.0,403.0,0.0,2.0,1.0,0.992577267558712,2.0,45.0,0.0,20.0,0.6606060606060606,0.2508726030021272,
profb,RandomForest,Baseline,7.0,0.65625,0.0,0.3408737182617187,2.435671806335449,0.6036000000000001,200.0,403.0,0.0,2.0,1.0,0.992577267558712,1.0,44.0,1.0,21.0,0.653030303030303,0.0641118874338769,
profb,RandomForest,Baseline,8.0,0.65625,0.015625,0.3440103530883789,2.399966239929199,0.6236000000000002,200.0,403.0,0.0,2.0,1.0,0.992577267558712,1.0,44.0,1.0,21.0,0.7646464646464647,0.0641118874338769,
profb,RandomForest,Baseline,9.0,0.65625,0.015625,0.3377418518066406,2.390810966491699,0.61,202.0,403.0,0.0,0.0,1.0,1.0,2.0,45.0,0.0,20.0,0.6257575757575757,0.2508726030021272,
profb,RandomForest,Baseline,10.0,0.671875,0.0,0.3391666412353515,2.377535820007324,0.6236000000000002,200.0,403.0,0.0,2.0,1.0,0.992577267558712,4.0,43.0,2.0,18.0,0.6343434343434344,0.2259335719073891,
profb,RandomForest,IQR Capping,1.0,1.484375,0.015625,0.34609508514404297,2.425265312194824,0.61,200.0,403.0,0.0,1.0,1.0,0.9962740299543296,2.0,42.0,3.0,21.0,0.7420289855072464,0.03677848562449136,
profb,RandomForest,IQR Capping,2.0,0.65625,0.0,0.34813690185546875,2.410922050476074,0.6001000000000004,199.0,403.0,0.0,2.0,1.0,0.9925525762747975,4.0,44.0,1.0,19.0,0.6666666666666667,0.2749629639545307,
profb,RandomForest,IQR Capping,3.0,0.671875,0.015625,0.34738636016845703,2.411227226257324,0.6036000000000001,200.0,404.0,0.0,1.0,1.0,0.9962770819792781,1.0,44.0,0.0,22.0,0.6146245059288538,0.17025130615174972,
profb,RandomForest,IQR Capping,4.0,0.671875,0.015625,0.3465442657470703,2.358428955078125,0.5772000000000003,200.0,404.0,0.0,1.0,1.0,0.9962770819792781,0.0,41.0,3.0,23.0,0.4278656126482213,-0.15653383311313537,
profb,RandomForest,IQR Capping,5.0,0.671875,0.015625,0.347412109375,2.427554130554199,0.64,201.0,403.0,0.0,1.0,1.0,0.9962863600021632,2.0,44.0,1.0,20.0,0.6333333333333333,0.15596986672623442,
profb,RandomForest,IQR Capping,6.0,0.703125,0.0,0.3478355407714844,2.403597831726074,0.6336000000000002,200.0,403.0,0.0,2.0,1.0,0.9925772675587119,3.0,45.0,0.0,19.0,0.6494949494949496,0.3096460589417889,
profb,RandomForest,IQR Capping,7.0,0.6875,0.0,0.35116100311279297,2.442660331726074,0.6068,200.0,403.0,0.0,2.0,1.0,0.9925772675587119,2.0,44.0,1.0,20.0,0.6464646464646465,0.15596986672623442,
profb,RandomForest,IQR Capping,8.0,0.6875,0.0,0.34582042694091797,2.406649589538574,0.61,201.0,403.0,0.0,1.0,1.0,0.9962863600021632,1.0,44.0,1.0,21.0,0.764141414141414,0.06411188743387695,
profb,RandomForest,IQR Capping,9.0,0.6875,0.015625,0.3502836227416992,2.408328056335449,0.6168,200.0,403.0,0.0,2.0,1.0,0.9925772675587119,2.0,45.0,0.0,20.0,0.6282828282828282,0.2508726030021272,
profb,RandomForest,IQR Capping,10.0,0.734375,0.015625,0.3512392044067383,2.384219169616699,0.6304000000000002,200.0,403.0,0.0,2.0,1.0,0.9925772675587119,2.0,43.0,2.0,20.0,0.6297979797979798,0.09209582951999047,
profb,RandomForest,IQR Removal,1.0,0.6875,0.015625,0.3710918426513672,2.325355529785156,0.6504000000000002,193.0,403.0,0.0,8.0,0.9983148772267694,0.9703138667524568,1.0,43.0,2.0,22.0,0.7613526570048309,-0.0022259352109805,
profb,RandomForest,IQR Removal,2.0,0.671875,0.0,0.3717775344848633,2.318025588989258,0.4505000000000024,197.0,401.0,2.0,4.0,0.995389059664457,0.9776018485400948,7.0,38.0,7.0,16.0,0.6236714975845411,0.1740963428384692,
profb,RandomForest,IQR Removal,3.0,0.6875,0.015625,0.3712034225463867,2.2989578247070312,0.6172000000000003,194.0,404.0,0.0,7.0,0.9943537264174178,0.9740306158084212,1.0,43.0,1.0,22.0,0.6679841897233202,0.0578971735053515,
profb,RandomForest,IQR Removal,4.0,0.6875,0.015625,0.3740520477294922,2.311470031738281,0.5416000000000007,200.0,404.0,0.0,1.0,0.9998645386926752,0.996277081979278,2.0,41.0,3.0,21.0,0.441699604743083,0.0339220818550933,
profb,RandomForest,IQR Removal,5.0,0.6875,0.0,0.3715696334838867,2.294374465942383,0.4636000000000001,198.0,401.0,2.0,4.0,0.9934464290101468,0.9776762936908948,7.0,39.0,6.0,15.0,0.6449494949494949,0.2195153711861613,
profb,RandomForest,IQR Removal,6.0,0.703125,0.015625,0.3697566986083984,2.283085823059082,0.6172000000000003,194.0,403.0,0.0,8.0,0.9947116920128736,0.9704134167544376,4.0,44.0,1.0,18.0,0.693939393939394,0.285205990165578,
profb,RandomForest,IQR Removal,7.0,0.6875,0.0,0.3709440231323242,2.328709602355957,0.65,196.0,403.0,0.0,6.0,0.9977028720241752,0.9777846610824692,1.0,45.0,0.0,21.0,0.6732323232323233,0.1760446975548825,
profb,RandomForest,IQR Removal,8.0,0.671875,0.015625,0.3689050674438476,2.331456184387207,0.4,198.0,400.0,3.0,4.0,0.9971746554308036,0.9739629924305432,13.0,35.0,10.0,9.0,0.7515151515151516,0.3646573830143367,
profb,RandomForest,IQR Removal,9.0,0.6875,0.015625,0.370828628540039,2.342595100402832,0.4436000000000001,198.0,401.0,2.0,4.0,0.9977888607719334,0.9776762936908948,11.0,38.0,7.0,11.0,0.6363636363636362,0.3649240525396278,
profb,RandomForest,IQR Removal,10.0,0.6875,0.015625,0.3723278045654297,2.337407112121582,0.5068,199.0,402.0,1.0,3.0,0.9977028720241752,0.9851267806248034,8.0,38.0,7.0,14.0,0.6419191919191919,0.2344241347529621,
profb,RandomForest,PCA,1.0,1.71875,0.046875,0.3438539505004883,2.059596061706543,0.6201000000000004,199.0,403.0,0.0,2.0,1.0,0.9925525762747976,2.0,44.0,1.0,21.0,0.721256038647343,0.1491376591356997,
profb,RandomForest,PCA,2.0,1.796875,0.0,0.3429250717163086,2.065863609313965,0.62,200.0,403.0,0.0,1.0,1.0,0.9962740299543296,3.0,45.0,0.0,20.0,0.5608695652173913,0.30050125348238,
profb,RandomForest,PCA,3.0,1.78125,0.0,0.341775894165039,2.043709754943848,0.6008000000000004,200.0,404.0,0.0,1.0,1.0,0.996277081979278,2.0,43.0,1.0,21.0,0.5612648221343873,0.1474594080051275,
profb,RandomForest,PCA,4.0,1.78125,0.078125,0.3464736938476562,2.0333251953125,0.5940000000000003,200.0,404.0,0.0,1.0,1.0,0.996277081979278,0.0,42.0,2.0,23.0,0.4303359683794466,-0.1268223800593415,
profb,RandomForest,PCA,5.0,1.71875,0.09375,0.3437662124633789,2.077946662902832,0.6368,200.0,403.0,0.0,2.0,1.0,0.992577267558712,2.0,43.0,2.0,20.0,0.6525252525252525,0.0920958295199904,
profb,RandomForest,PCA,6.0,1.78125,0.09375,0.3432416915893554,2.0912303924560547,0.62,201.0,403.0,0.0,1.0,1.0,0.9962863600021632,1.0,42.0,3.0,21.0,0.6323232323232323,-0.042043748259126,
profb,RandomForest,PCA,7.0,1.78125,0.078125,0.3404340744018554,2.06937026977539,0.6168,200.0,403.0,0.0,2.0,1.0,0.992577267558712,0.0,44.0,1.0,22.0,0.5979797979797981,-0.086066296582387,
profb,RandomForest,PCA,8.0,1.765625,0.09375,0.3460378646850586,2.105587959289551,0.62,201.0,403.0,0.0,1.0,1.0,0.9962863600021632,2.0,44.0,1.0,20.0,0.6419191919191919,0.1559698667262344,
profb,RandomForest,PCA,9.0,1.78125,0.09375,0.3398008346557617,2.085725784301758,0.6136000000000001,200.0,403.0,0.0,2.0,1.0,0.992577267558712,3.0,44.0,1.0,19.0,0.647979797979798,0.226235407299107,
profb,RandomForest,PCA,10.0,1.6875,0.09375,0.3429536819458008,2.1153564453125,0.63,201.0,403.0,0.0,1.0,1.0,0.9962863600021632,3.0,45.0,0.0,19.0,0.7202020202020201,0.3096460589417889,
profb,RandomForest,Quantile Binning,1.0,0.625,0.015625,0.3387928009033203,3.14785099029541,0.6001000000000004,199.0,403.0,0.0,2.0,1.0,0.9925525762747976,3.0,40.0,5.0,20.0,0.685024154589372,0.0283752176919582,
profb,RandomForest,Quantile Binning,2.0,0.640625,0.015625,0.343658447265625,3.127387046813965,0.6003000000000014,199.0,403.0,0.0,2.0,1.0,0.9925525762747976,2.0,45.0,0.0,21.0,0.6173913043478261,0.2434923767788369,
profb,RandomForest,Quantile Binning,3.0,0.65625,0.0,0.3429374694824219,3.1179351806640625,0.6236000000000002,200.0,404.0,0.0,1.0,1.0,0.996277081979278,2.0,42.0,2.0,21.0,0.6566205533596838,0.0831684798913075,
profb,RandomForest,Quantile Binning,4.0,0.625,0.0,0.343088150024414,3.0146074295043945,0.62,201.0,404.0,0.0,0.0,1.0,1.0,1.0,38.0,6.0,22.0,0.4169960474308301,-0.1441826329978644,
profb,RandomForest,Quantile Binning,5.0,0.640625,0.0,0.3395137786865234,3.074269294738769,0.6268,200.0,403.0,0.0,2.0,1.0,0.992577267558712,1.0,42.0,3.0,21.0,0.5878787878787879,-0.042043748259126,
profb,RandomForest,Quantile Binning,6.0,0.640625,0.015625,0.3451833724975586,3.107550621032715,0.6136000000000001,200.0,403.0,0.0,2.0,1.0,0.992577267558712,1.0,42.0,3.0,21.0,0.6217171717171718,-0.042043748259126,
profb,RandomForest,Quantile Binning,7.0,0.671875,0.0,0.3414793014526367,3.075498580932617,0.61,201.0,403.0,0.0,1.0,1.0,0.9962863600021632,0.0,43.0,2.0,22.0,0.5171717171717172,-0.1226488281343733,
profb,RandomForest,Quantile Binning,8.0,0.640625,0.0,0.3394098281860351,3.119452476501465,0.62,201.0,403.0,0.0,1.0,1.0,0.9962863600021632,2.0,45.0,0.0,20.0,0.6818181818181819,0.2508726030021272,
profb,RandomForest,Quantile Binning,9.0,0.640625,0.0,0.3438148498535156,3.102506637573242,0.61,201.0,403.0,0.0,1.0,1.0,0.9962863600021632,3.0,44.0,1.0,19.0,0.6797979797979797,0.226235407299107,
profb,RandomForest,Quantile Binning,10.0,0.640625,0.015625,0.3429994583129883,3.120978355407715,0.6036000000000001,200.0,403.0,0.0,2.0,1.0,0.992577267558712,3.0,44.0,1.0,19.0,0.5494949494949495,0.226235407299107,
profb,RandomForest,Quantile Transform,1.0,0.65625,0.015625,0.3730592727661133,2.452842712402344,0.62,200.0,403.0,0.0,1.0,1.0,0.9962740299543296,2.0,43.0,2.0,21.0,0.7458937198067633,0.0854796074220287,
profb,RandomForest,Quantile Transform,2.0,0.640625,0.0,0.3745393753051758,2.4349985122680664,0.600200000000001,199.0,403.0,0.0,2.0,1.0,0.9925525762747976,3.0,45.0,0.0,20.0,0.6893719806763285,0.30050125348238,
profb,RandomForest,Quantile Transform,3.0,0.65625,0.0,0.3755035400390625,2.4455718994140625,0.5936000000000001,200.0,404.0,0.0,1.0,1.0,0.996277081979278,1.0,43.0,1.0,22.0,0.6205533596837945,0.0578971735053515,
profb,RandomForest,Quantile Transform,4.0,0.671875,0.0,0.3773555755615234,2.391552925109864,0.5772000000000003,200.0,404.0,0.0,1.0,1.0,0.996277081979278,0.0,41.0,3.0,23.0,0.4412055335968379,-0.1565338331131353,
profb,RandomForest,Quantile Transform,5.0,0.640625,0.0,0.3728723526000976,2.4589996337890625,0.64,201.0,403.0,0.0,1.0,1.0,0.9962863600021632,2.0,44.0,1.0,20.0,0.6237373737373738,0.1559698667262344,
profb,RandomForest,Quantile Transform,6.0,0.65625,0.015625,0.3775920867919922,2.4293975830078125,0.6268,200.0,403.0,0.0,2.0,1.0,0.992577267558712,3.0,45.0,0.0,19.0,0.6676767676767676,0.3096460589417889,
profb,RandomForest,Quantile Transform,7.0,0.671875,0.015625,0.375584602355957,2.473495483398437,0.6068,200.0,403.0,0.0,2.0,1.0,0.992577267558712,1.0,45.0,0.0,21.0,0.6545454545454545,0.1760446975548825,
profb,RandomForest,Quantile Transform,8.0,0.671875,0.015625,0.3785533905029297,2.437798500061035,0.6204000000000002,200.0,403.0,0.0,2.0,1.0,0.992577267558712,1.0,44.0,1.0,21.0,0.7707070707070707,0.0641118874338769,
profb,RandomForest,Quantile Transform,9.0,0.65625,0.0,0.3765850067138672,2.4286346435546875,0.61,202.0,403.0,0.0,0.0,1.0,1.0,2.0,45.0,0.0,20.0,0.6343434343434343,0.2508726030021272,
profb,RandomForest,Quantile Transform,10.0,0.671875,0.015625,0.3794918060302734,2.4153594970703125,0.6236000000000002,200.0,403.0,0.0,2.0,1.0,0.992577267558712,3.0,43.0,2.0,19.0,0.6343434343434343,0.1642642095257443,
profb,RandomForest,Random Undersampling,1.0,0.65625,0.0,0.3074502944946289,1.765949249267578,0.6588999999999999,199.0,378.0,25.0,2.0,0.9918027727368122,0.9052942164067804,5.0,36.0,9.0,18.0,0.7251207729468598,0.0203489231889119,
profb,RandomForest,Random Undersampling,2.0,0.671875,0.0,0.3109254837036133,1.7568025588989258,0.71,191.0,394.0,9.0,10.0,0.9934385146229152,0.929081156172298,4.0,42.0,3.0,19.0,0.6536231884057971,0.1669701611711359,
profb,RandomForest,Random Undersampling,3.0,0.65625,0.0,0.308115005493164,1.726273536682129,0.6660000000000003,199.0,391.0,13.0,2.0,0.9971737845426332,0.9456529298735484,5.0,39.0,5.0,18.0,0.6111660079051383,0.138248877884495,
profb,RandomForest,Random Undersampling,4.0,0.65625,0.0,0.3061227798461914,1.7233772277832031,0.6760000000000003,196.0,388.0,16.0,5.0,0.9954312595438648,0.9235869248631928,1.0,42.0,2.0,22.0,0.466897233201581,-0.0045372125540039,
profb,RandomForest,Random Undersampling,5.0,0.671875,0.0,0.3092861175537109,1.774362564086914,0.7168,190.0,393.0,10.0,12.0,0.9923470014495246,0.9180723982196274,3.0,41.0,4.0,19.0,0.6212121212121213,0.0728879298145468,
profb,RandomForest,Random Undersampling,6.0,0.65625,0.0,0.3112382888793945,1.7380380630493164,0.72,193.0,395.0,8.0,9.0,0.995712846718915,0.9367573798111768,5.0,43.0,2.0,17.0,0.6202020202020202,0.280696070136872,
profb,RandomForest,Random Undersampling,7.0,0.65625,0.015625,0.3108758926391601,1.7532968521118164,0.7064000000000004,195.0,392.0,11.0,7.0,0.9926909564405572,0.9335438364527006,3.0,41.0,4.0,19.0,0.5434343434343434,0.0728879298145468,
profb,RandomForest,Random Undersampling,8.0,0.671875,0.0,0.3077011108398437,1.7598695755004885,0.72,193.0,393.0,10.0,9.0,0.9944660098764218,0.929490553085466,3.0,44.0,1.0,19.0,0.7818181818181817,0.226235407299107,
profb,RandomForest,Random Undersampling,9.0,0.65625,0.015625,0.3101816177368164,1.7400217056274414,0.6856,200.0,385.0,18.0,2.0,0.9852897820799452,0.9287005308986596,4.0,42.0,3.0,18.0,0.645959595959596,0.1767919999757094,
profb,RandomForest,Random Undersampling,10.0,0.671875,0.0,0.3067541122436523,1.765970230102539,0.67,201.0,391.0,12.0,1.0,0.9942510380070264,0.9531153295565508,6.0,38.0,7.0,16.0,0.6318181818181818,0.139146355505982,
profb,RandomForest,SMOTE / SMOTENC,1.0,0.765625,0.0,1.057861328125,2.9468584060668945,0.67,201.0,403.0,0.0,0.0,1.0,1.0,3.0,42.0,3.0,20.0,0.7183574879227054,0.1063658685373969,
profb,RandomForest,SMOTE / SMOTENC,2.0,0.796875,0.015625,1.05810546875,2.9235010147094727,0.65,200.0,403.0,0.0,1.0,1.0,0.9962740299543296,4.0,43.0,2.0,19.0,0.6657004830917873,0.2159549452122908,
profb,RandomForest,SMOTE / SMOTENC,3.0,0.78125,0.015625,1.058330535888672,2.90167236328125,0.63,201.0,404.0,0.0,0.0,1.0,1.0,3.0,38.0,6.0,20.0,0.657608695652174,-0.0082551647051808,
profb,RandomForest,SMOTE / SMOTENC,4.0,0.78125,0.015625,1.0585956573486328,2.870555877685547,0.6368,200.0,404.0,0.0,1.0,1.0,0.996277081979278,2.0,41.0,3.0,21.0,0.4827075098814229,0.0339220818550933,
profb,RandomForest,SMOTE / SMOTENC,5.0,0.78125,0.0,1.066568374633789,2.9396753311157227,0.6536000000000002,200.0,403.0,0.0,2.0,1.0,0.992577267558712,2.0,41.0,4.0,20.0,0.5545454545454546,0.0033225525280498,
profb,RandomForest,SMOTE / SMOTENC,6.0,0.78125,0.015625,1.0668621063232422,2.9316225051879883,0.6404000000000002,200.0,403.0,0.0,2.0,1.0,0.992577267558712,4.0,42.0,3.0,18.0,0.611111111111111,0.1767919999757094,
profb,RandomForest,SMOTE / SMOTENC,7.0,0.78125,0.015625,1.066401481628418,2.946953773498535,0.6368,200.0,403.0,0.0,2.0,1.0,0.992577267558712,3.0,44.0,1.0,19.0,0.6232323232323232,0.226235407299107,
profb,RandomForest,SMOTE / SMOTENC,8.0,0.765625,0.015625,1.06634521484375,2.9712352752685547,0.6536000000000002,200.0,403.0,0.0,2.0,1.0,0.992577267558712,2.0,42.0,3.0,20.0,0.6712121212121211,0.0433224288859105,
profb,RandomForest,SMOTE / SMOTENC,9.0,0.78125,0.015625,1.0660419464111328,2.956880569458008,0.67,201.0,403.0,0.0,1.0,1.0,0.9962863600021632,1.0,45.0,0.0,21.0,0.7474747474747474,0.1760446975548825,
profb,RandomForest,SMOTE / SMOTENC,10.0,0.765625,0.0,1.0667400360107422,2.921048164367676,0.6536000000000002,200.0,403.0,0.0,2.0,1.0,0.992577267558712,4.0,39.0,6.0,18.0,0.6297979797979798,0.0638978451064697,
profb,RandomForest,Select Percentile (Mutual Info),1.0,1.453125,0.0,0.5063400268554688,2.9898910522460938,0.5017761904761926,198.0,402.0,1.0,3.0,0.9999012382257448,0.9850772124074462,9.0,38.0,7.0,14.0,0.6004830917874396,0.2629408050568681,
profb,RandomForest,Select Percentile (Mutual Info),2.0,0.703125,0.0,0.5050382614135742,2.685112953186035,0.6,200.0,403.0,0.0,1.0,1.0,0.9962740299543296,5.0,41.0,4.0,18.0,0.6685990338164252,0.1794048607489118,
profb,RandomForest,Select Percentile (Mutual Info),3.0,0.6875,0.0,0.5056314468383789,2.645126342773437,0.5572000000000003,200.0,404.0,0.0,1.0,1.0,0.996277081979278,2.0,40.0,4.0,21.0,0.6077075098814229,-0.0065724787764836,
profb,RandomForest,Select Percentile (Mutual Info),4.0,0.703125,0.0,0.510890007019043,2.5827178955078125,0.56,201.0,404.0,0.0,0.0,1.0,1.0,3.0,35.0,9.0,20.0,0.4530632411067193,-0.0917696423962782,
profb,RandomForest,Select Percentile (Mutual Info),5.0,0.71875,0.0,0.5035552978515625,2.4362335205078125,0.6068,200.0,403.0,0.0,2.0,1.0,0.992577267558712,2.0,41.0,4.0,20.0,0.7095959595959596,0.0033225525280498,
profb,RandomForest,Select Percentile (Mutual Info),6.0,0.703125,0.015625,0.5088415145874023,2.6379547119140625,0.6,201.0,403.0,0.0,1.0,1.0,0.9962863600021632,4.0,42.0,3.0,18.0,0.648989898989899,0.1767919999757094,
profb,RandomForest,Select Percentile (Mutual Info),7.0,0.71875,0.015625,0.5073337554931641,2.819416046142578,0.4295771428571475,202.0,399.0,4.0,0.0,0.9999017271454193,0.9853170531594456,12.0,34.0,11.0,10.0,0.6368686868686869,0.2977202743514311,
profb,RandomForest,Select Percentile (Mutual Info),8.0,0.703125,0.0,0.5039653778076172,2.641464233398437,0.5836000000000001,200.0,403.0,0.0,2.0,1.0,0.992577267558712,5.0,42.0,3.0,17.0,0.754040404040404,0.2325993665754034,
profb,RandomForest,Select Percentile (Mutual Info),9.0,0.703125,0.015625,0.5098905563354492,2.3959503173828125,0.62,201.0,403.0,0.0,1.0,1.0,0.9962863600021632,2.0,42.0,3.0,20.0,0.6202020202020202,0.0433224288859105,
profb,RandomForest,Select Percentile (Mutual Info),10.0,0.71875,0.015625,0.5053853988647461,2.6275787353515625,0.6072000000000003,200.0,403.0,0.0,2.0,1.0,0.992577267558712,6.0,43.0,2.0,16.0,0.6833333333333333,0.3306129361386237,
profb,RandomForest,Uniform Binning,1.0,0.65625,0.015625,0.340728759765625,3.3497419357299805,0.5301666666666667,199.0,402.0,1.0,2.0,0.999962964334654,0.9888081550896594,7.0,40.0,5.0,16.0,0.666183574879227,0.2398143596120642,
profb,RandomForest,Uniform Binning,2.0,0.65625,0.0,0.3430004119873047,3.3680524826049805,0.4842142857142857,199.0,402.0,1.0,2.0,0.9999444465019812,0.9888081550896594,8.0,41.0,4.0,15.0,0.5913043478260869,0.3213512418801661,
profb,RandomForest,Uniform Binning,3.0,0.671875,0.015625,0.3407697677612304,3.251466751098633,0.4784533333333334,199.0,403.0,1.0,2.0,0.99994458401064,0.9888173340263392,5.0,38.0,6.0,18.0,0.7139328063241107,0.1038563941617703,
profb,RandomForest,Uniform Binning,4.0,0.640625,0.0,0.3448572158813476,3.215142250061035,0.5168333333333333,199.0,402.0,2.0,2.0,0.999901482685582,0.9850992561942762,2.0,36.0,8.0,21.0,0.3829051383399209,-0.126398974065824,
profb,RandomForest,Uniform Binning,5.0,0.640625,0.0,0.3448505401611328,3.335237503051758,0.4063200000000038,202.0,399.0,4.0,0.0,0.9999017271454193,0.9853170531594456,6.0,32.0,13.0,16.0,0.5494949494949495,-0.0168385606760907,
profb,RandomForest,Uniform Binning,6.0,0.65625,0.015625,0.3451871871948242,3.3283796310424805,0.5300266666666673,200.0,403.0,0.0,2.0,0.9999754317863548,0.992577267558712,8.0,38.0,7.0,14.0,0.6550505050505051,0.2344241347529621,
profb,RandomForest,Uniform Binning,7.0,0.640625,0.0,0.3413200378417969,3.287324905395508,0.59,201.0,403.0,0.0,1.0,0.9999938579465888,0.9962863600021632,2.0,40.0,5.0,20.0,0.4833333333333333,-0.0310161403466156,
profb,RandomForest,Uniform Binning,8.0,0.625,0.0,0.3453874588012695,3.352335929870605,0.3955276190476254,202.0,399.0,4.0,0.0,0.999877158931774,0.9853170531594456,8.0,31.0,14.0,14.0,0.5429292929292929,0.0525252525252525,
profb,RandomForest,Uniform Binning,9.0,0.640625,0.0,0.3458824157714844,3.3520307540893555,0.5585,200.0,402.0,1.0,2.0,0.9999447215192984,0.98884523747829,3.0,43.0,2.0,19.0,0.555050505050505,0.1642642095257443,
profb,RandomForest,Uniform Binning,10.0,0.640625,0.0,0.3443288803100586,3.3268537521362305,0.343200000000002,202.0,399.0,4.0,0.0,0.9999324374124756,0.9853170531594456,11.0,23.0,22.0,11.0,0.5676767676767677,0.0104370715180858,
profb,RandomForest,Yeo-Johnson,1.0,0.6875,0.0,0.3434467315673828,2.418473243713379,0.61,200.0,403.0,0.0,1.0,1.0,0.9962740299543296,2.0,43.0,2.0,21.0,0.7483091787439613,0.0854796074220287,
profb,RandomForest,Yeo-Johnson,2.0,0.6875,0.015625,0.3392305374145508,2.400620460510254,0.6003000000000014,199.0,403.0,0.0,2.0,1.0,0.9925525762747976,3.0,45.0,0.0,20.0,0.6898550724637681,0.30050125348238,
profb,RandomForest,Yeo-Johnson,3.0,0.6875,0.015625,0.3427896499633789,2.411149024963379,0.6004000000000002,200.0,404.0,0.0,1.0,1.0,0.996277081979278,1.0,43.0,1.0,22.0,0.6136363636363636,0.0578971735053515,
profb,RandomForest,Yeo-Johnson,4.0,0.6875,0.0,0.3379344940185547,2.35713005065918,0.5836000000000001,200.0,404.0,0.0,1.0,1.0,0.996277081979278,0.0,41.0,3.0,23.0,0.4357707509881423,-0.1565338331131353,
profb,RandomForest,Yeo-Johnson,5.0,0.6875,0.015625,0.3414926528930664,2.424576759338379,0.64,201.0,403.0,0.0,1.0,1.0,0.9962863600021632,2.0,44.0,1.0,20.0,0.6267676767676766,0.1559698667262344,
profb,RandomForest,Yeo-Johnson,6.0,0.6875,0.015625,0.3437786102294922,2.394974708557129,0.6268,200.0,403.0,0.0,2.0,1.0,0.992577267558712,4.0,45.0,0.0,18.0,0.657070707070707,0.3603749850782236,
profb,RandomForest,Yeo-Johnson,7.0,0.6875,0.015625,0.3392190933227539,2.439072608947754,0.6068,200.0,403.0,0.0,2.0,1.0,0.992577267558712,1.0,44.0,1.0,21.0,0.6565656565656565,0.0641118874338769,
profb,RandomForest,Yeo-Johnson,8.0,0.703125,0.0,0.3415470123291015,2.403367042541504,0.6268,200.0,403.0,0.0,2.0,1.0,0.992577267558712,1.0,44.0,1.0,21.0,0.7646464646464646,0.0641118874338769,
profb,RandomForest,Yeo-Johnson,9.0,0.703125,0.0,0.3410882949829101,2.394211769104004,0.61,202.0,403.0,0.0,0.0,1.0,1.0,2.0,45.0,0.0,20.0,0.6272727272727272,0.2508726030021272,
profb,RandomForest,Yeo-Johnson,10.0,0.671875,0.0,0.3400630950927734,2.380936622619629,0.6236000000000002,200.0,403.0,0.0,2.0,1.0,0.992577267558712,3.0,43.0,2.0,19.0,0.6308080808080808,0.1642642095257443,
profb,SVM,Baseline,1.0,0.03125,0.015625,0.2017316818237304,0.0608015060424804,-0.9494315450674424,173.0,280.0,123.0,28.0,0.8306112119304223,0.5236030197185085,20.0,22.0,23.0,3.0,0.7178743961352657,0.3517219745433874,
profb,SVM,Baseline,2.0,0.03125,0.0,0.2021322250366211,0.0600461959838867,-0.8696012217106303,165.0,302.0,101.0,36.0,0.83473451600558,0.5412972862263562,15.0,24.0,21.0,8.0,0.6318840579710144,0.1758347929055431,
profb,SVM,Baseline,3.0,0.03125,0.0,0.2024011611938476,0.0606756210327148,-0.90639601218904,169.0,295.0,109.0,32.0,0.8391335402196934,0.539664700642318,15.0,23.0,21.0,8.0,0.6709486166007905,0.1665524067518191,
profb,SVM,Baseline,4.0,0.03125,0.0,0.2018003463745117,0.0595426559448242,-0.9326539724217932,174.0,282.0,122.0,27.0,0.8315600216738092,0.5311351686152879,12.0,17.0,27.0,11.0,0.4624505928853755,-0.0884670148570475,
profb,SVM,Baseline,5.0,0.03125,0.015625,0.2024202346801757,0.0608015060424804,-0.8228729162116051,160.0,321.0,82.0,42.0,0.843230228730069,0.5666192865719352,11.0,31.0,14.0,11.0,0.6202020202020202,0.1834126812415424,
profb,SVM,Baseline,6.0,0.015625,0.0,0.201934814453125,0.0597944259643554,-0.916345943484858,181.0,281.0,122.0,21.0,0.8415964425226641,0.5596095863475902,15.0,14.0,31.0,7.0,0.5404040404040404,-0.0071580030566315,
profb,SVM,Baseline,7.0,0.03125,0.0,0.2018346786499023,0.0604238510131835,-0.911498883917545,175.0,288.0,115.0,27.0,0.8383657224283223,0.5484445765117382,14.0,20.0,25.0,8.0,0.5828282828282828,0.0769415747174823,
profb,SVM,Baseline,8.0,0.03125,0.015625,0.2023248672485351,0.0602979660034179,-0.9379000767478324,174.0,293.0,110.0,28.0,0.833968012185834,0.5560498813270004,17.0,22.0,23.0,5.0,0.6646464646464646,0.2504784049584763,
profb,SVM,Baseline,9.0,0.015625,0.0,0.2023229598999023,0.0611791610717773,-0.9141128810010866,169.0,294.0,109.0,33.0,0.8277399700267795,0.5357631053871245,14.0,20.0,25.0,8.0,0.6777777777777778,0.0769415747174823,
profb,SVM,Baseline,10.0,0.03125,0.0,0.2023687362670898,0.0613050460815429,-0.922563508027273,177.0,290.0,113.0,25.0,0.8376041078053215,0.5624760372915077,16.0,24.0,21.0,6.0,0.711111111111111,0.2461164370238212,
profb,SVM,IQR Capping,1.0,0.0625,0.0,0.22122764587402344,0.06124114990234375,-0.7878866654509301,139.0,336.0,67.0,62.0,0.8295001419700505,0.522124252383547,16.0,29.0,16.0,7.0,0.7159420289855072,0.3223637869934959,
profb,SVM,IQR Capping,2.0,0.0625,0.015625,0.2243328094482422,0.060611724853515625,-0.8963701693650451,171.0,290.0,113.0,30.0,0.8345863733441972,0.5384647334302322,15.0,23.0,22.0,8.0,0.6289855072463768,0.1551082224269599,
profb,SVM,IQR Capping,3.0,0.0625,0.0,0.22487258911132812,0.061367034912109375,-0.782083841358733,146.0,332.0,72.0,55.0,0.8356854342150632,0.537780025914776,12.0,31.0,13.0,11.0,0.6679841897233202,0.22215217855908362,
profb,SVM,IQR Capping,4.0,0.046875,0.015625,0.22479820251464844,0.060359954833984375,-0.953035347116344,179.0,274.0,130.0,22.0,0.8328653760898478,0.53591577964927,13.0,17.0,27.0,10.0,0.46640316205533594,-0.04686989126994293,
profb,SVM,IQR Capping,5.0,0.046875,0.0,0.2249279022216797,0.060863494873046875,-0.8211594945223257,160.0,321.0,82.0,42.0,0.8431810923027786,0.5666192865719352,11.0,31.0,14.0,11.0,0.6242424242424243,0.1834126812415424,
profb,SVM,IQR Capping,6.0,0.046875,0.015625,0.2249774932861328,0.0599822998046875,-0.8956031938505974,176.0,289.0,114.0,26.0,0.8425668869616489,0.555460306901623,15.0,15.0,30.0,7.0,0.5404040404040404,0.015151515151515152,
profb,SVM,IQR Capping,7.0,0.078125,0.015625,0.2251424789428711,0.060863494873046875,-0.8989922231355376,173.0,292.0,111.0,29.0,0.8390167800899195,0.5490269975600839,14.0,22.0,23.0,8.0,0.5818181818181818,0.11828852011997612,
profb,SVM,IQR Capping,8.0,0.046875,0.0,0.22429561614990234,0.06073760986328125,-0.9280401893193336,172.0,297.0,106.0,30.0,0.8358843328501585,0.5568616329376816,17.0,24.0,21.0,5.0,0.6535353535353535,0.29009098584632975,
profb,SVM,IQR Capping,9.0,0.046875,0.015625,0.2247791290283203,0.061618804931640625,-0.9276007498816506,172.0,291.0,112.0,30.0,0.8261553202466648,0.5420041137931674,15.0,20.0,25.0,7.0,0.6797979797979798,0.12088726108034571,
profb,SVM,IQR Capping,10.0,0.046875,0.0,0.22475242614746094,0.061492919921875,-0.9408393706946798,181.0,281.0,122.0,21.0,0.8380340515441123,0.5596095863475902,16.0,22.0,23.0,6.0,0.706060606060606,0.2058187123692653,
profb,SVM,IQR Removal,1.0,0.046875,0.0,0.2870979309082031,0.0586214065551757,-0.9613558238905509,177.0,266.0,137.0,24.0,0.8277841561423652,0.509917878505471,21.0,19.0,26.0,2.0,0.7198067632850241,0.3433212804186197,
profb,SVM,IQR Removal,2.0,0.046875,0.015625,0.2862462997436523,0.0583696365356445,-0.9444361486389444,182.0,259.0,144.0,19.0,0.8305124501561671,0.5182278906753384,18.0,20.0,25.0,5.0,0.6328502415458938,0.2227888517997197,
profb,SVM,IQR Removal,3.0,0.046875,0.0,0.2850303649902344,0.0583696365356445,-0.8199777929966435,157.0,307.0,97.0,44.0,0.8288754248559184,0.5163116938329798,12.0,26.0,18.0,11.0,0.6551383399209486,0.1075605726401086,
profb,SVM,IQR Removal,4.0,0.046875,0.0,0.287729263305664,0.0581178665161132,-0.953727373522461,179.0,262.0,142.0,22.0,0.8256982414659376,0.5087633708245399,13.0,14.0,30.0,10.0,0.4535573122529644,-0.1154654101055608,
profb,SVM,IQR Removal,5.0,0.03125,0.0,0.2862234115600586,0.0587472915649414,-0.792962859228693,155.0,322.0,81.0,47.0,0.8383534383214996,0.5475601001143003,11.0,31.0,14.0,11.0,0.6131313131313132,0.1834126812415424,
profb,SVM,IQR Removal,6.0,0.046875,0.015625,0.2857570648193359,0.0576143264770507,-0.8262337034717178,165.0,296.0,107.0,37.0,0.8364002653367074,0.5226702106283796,14.0,20.0,25.0,8.0,0.5525252525252525,0.0769415747174823,
profb,SVM,IQR Removal,7.0,0.046875,0.0,0.2863340377807617,0.0581178665161132,-0.8722608183196856,167.0,292.0,111.0,35.0,0.8367565044345624,0.5216974203534197,13.0,22.0,23.0,9.0,0.5616161616161617,0.0751583776039008,
profb,SVM,IQR Removal,8.0,0.046875,0.015625,0.2865638732910156,0.0589990615844726,-0.9115186898612874,170.0,289.0,114.0,32.0,0.8311180994029925,0.5279583462593344,17.0,22.0,23.0,5.0,0.6686868686868687,0.2504784049584763,
profb,SVM,IQR Removal,9.0,0.046875,0.0,0.2867670059204101,0.0591249465942382,-0.9189003738728876,172.0,279.0,124.0,30.0,0.8218558828587573,0.5130227191755098,14.0,20.0,25.0,8.0,0.6636363636363636,0.0769415747174823,
profb,SVM,IQR Removal,10.0,0.03125,0.0,0.2863779067993164,0.0601320266723632,-0.9700631920440772,185.0,255.0,148.0,17.0,0.8355895142864163,0.5200848674595665,16.0,17.0,28.0,6.0,0.6939393939393939,0.1039023776260028,
profb,SVM,PCA,1.0,0.109375,0.09375,0.2061367034912109,0.0618648529052734,-0.949431545067458,173.0,280.0,123.0,28.0,0.8306112119304223,0.5236030197185085,20.0,22.0,23.0,3.0,0.7178743961352657,0.3517219745433874,
profb,SVM,PCA,2.0,0.171875,0.0,0.2059392929077148,0.0611095428466796,-0.869601221710639,165.0,302.0,101.0,36.0,0.83473451600558,0.5412972862263562,15.0,24.0,21.0,8.0,0.6318840579710144,0.1758347929055431,
profb,SVM,PCA,3.0,0.09375,0.0,0.206573486328125,0.0617389678955078,-0.9063960121890482,169.0,295.0,109.0,32.0,0.8391335402196934,0.539664700642318,15.0,23.0,21.0,8.0,0.6709486166007905,0.1665524067518191,
profb,SVM,PCA,4.0,0.1875,0.0,0.2061471939086914,0.0606060028076171,-0.9326539724217898,174.0,282.0,122.0,27.0,0.8315600216738092,0.5311351686152879,12.0,17.0,27.0,11.0,0.4624505928853755,-0.0884670148570475,
profb,SVM,PCA,5.0,0.1875,0.0,0.2066802978515625,0.0618648529052734,-0.8228729162116081,160.0,321.0,82.0,42.0,0.843230228730069,0.5666192865719352,11.0,31.0,14.0,11.0,0.6202020202020202,0.1834126812415424,
profb,SVM,PCA,6.0,0.09375,0.0,0.2066459655761718,0.0608577728271484,-0.916345943484873,181.0,281.0,122.0,21.0,0.8415964425226641,0.5596095863475902,15.0,14.0,31.0,7.0,0.5404040404040404,-0.0071580030566315,
profb,SVM,PCA,7.0,0.1875,0.09375,0.2065753936767578,0.0614871978759765,-0.9114988839175462,175.0,288.0,115.0,27.0,0.8383657224283223,0.5484445765117382,14.0,20.0,25.0,8.0,0.5828282828282828,0.0769415747174823,
profb,SVM,PCA,8.0,0.1875,0.0,0.2063570022583007,0.0613613128662109,-0.9379000767478208,174.0,293.0,110.0,28.0,0.833968012185834,0.5560498813270004,17.0,22.0,23.0,5.0,0.6646464646464646,0.2504784049584763,
profb,SVM,PCA,9.0,0.1875,0.0,0.2063217163085937,0.0622425079345703,-0.9141128810010932,169.0,294.0,109.0,33.0,0.8277399700267795,0.5357631053871245,14.0,20.0,25.0,8.0,0.6777777777777778,0.0769415747174823,
profb,SVM,PCA,10.0,0.1875,0.0,0.2067642211914062,0.0623683929443359,-0.9225635080272616,177.0,290.0,113.0,25.0,0.8376041078053215,0.5624760372915077,16.0,24.0,21.0,6.0,0.711111111111111,0.2461164370238212,
profb,SVM,Quantile Binning,1.0,0.015625,0.0,0.2063379287719726,0.060622215270996,-0.9897418953064462,176.0,247.0,156.0,25.0,0.7801439452859771,0.4626834388304882,20.0,16.0,29.0,3.0,0.7159420289855072,0.2373618431258334,
profb,SVM,Quantile Binning,2.0,0.03125,0.0,0.206273078918457,0.0593633651733398,-0.9582607876255964,167.0,262.0,141.0,34.0,0.7759342246583459,0.4533641578858808,17.0,22.0,23.0,6.0,0.6280193236714976,0.2191960969463054,
profb,SVM,Quantile Binning,3.0,0.03125,0.0,0.2068586349487304,0.0592374801635742,-0.9973898579667342,178.0,243.0,161.0,23.0,0.7736195261317177,0.4621980298197957,20.0,20.0,24.0,3.0,0.6808300395256917,0.3241106719367589,
profb,SVM,Quantile Binning,4.0,0.03125,0.015625,0.2059526443481445,0.0579786300659179,-0.9995596407754456,180.0,239.0,165.0,21.0,0.7790995517462194,0.4634644807595871,18.0,13.0,31.0,5.0,0.4871541501976285,0.0836185326987537,
profb,SVM,Quantile Binning,5.0,0.03125,0.015625,0.2068796157836914,0.0594892501831054,-0.9857735745079992,181.0,245.0,158.0,21.0,0.7803356017983932,0.47885153748985,14.0,25.0,20.0,8.0,0.603030303030303,0.180276689857846,
profb,SVM,Quantile Binning,6.0,0.03125,0.0,0.2065382003784179,0.0592374801635742,-0.9745936058530492,173.0,255.0,148.0,29.0,0.7802864653711029,0.4622682648758953,16.0,19.0,26.0,6.0,0.6141414141414141,0.1451608386296699,
profb,SVM,Quantile Binning,7.0,0.015625,0.0,0.206639289855957,0.0594892501831054,-0.984134015119517,176.0,246.0,157.0,26.0,0.7789843500479081,0.4566740856839481,13.0,17.0,28.0,9.0,0.5565656565656565,-0.0301762656431836,
profb,SVM,Quantile Binning,8.0,0.015625,0.0,0.2068262100219726,0.0588598251342773,-0.991398347399793,177.0,241.0,162.0,25.0,0.7759501756627275,0.450606218048374,19.0,20.0,25.0,3.0,0.701010101010101,0.3047137036147197,
profb,SVM,Quantile Binning,9.0,0.03125,0.0,0.2067785263061523,0.0592374801635742,-0.9902416441757996,177.0,247.0,156.0,25.0,0.7723140800432401,0.4637197281034613,17.0,19.0,26.0,5.0,0.6777777777777778,0.1909412947173698,
profb,SVM,Quantile Binning,10.0,0.03125,0.015625,0.2066907882690429,0.0593633651733398,-0.9707805697885116,166.0,260.0,143.0,36.0,0.770201213669754,0.440521812625361,18.0,27.0,18.0,4.0,0.7525252525252526,0.3938679535191765,
profb,SVM,Quantile Transform,1.0,0.03125,0.0,0.238870620727539,0.0928611755371093,-0.9357231609719204,162.0,287.0,116.0,39.0,0.8175870029505081,0.4898433532643563,15.0,27.0,18.0,8.0,0.6975845410628019,0.238714797145168,
profb,SVM,Quantile Transform,2.0,0.046875,0.015625,0.239410400390625,0.092987060546875,-0.9607713326024216,173.0,280.0,123.0,28.0,0.8307223189264596,0.5236030197185085,15.0,21.0,24.0,8.0,0.6647342995169082,0.1136851224973198,
profb,SVM,Quantile Transform,3.0,0.03125,0.0,0.2389335632324218,0.0929145812988281,-0.9748604836521684,173.0,274.0,130.0,28.0,0.8251194522437317,0.5076725303487376,17.0,21.0,23.0,6.0,0.6778656126482213,0.209479718124847,
profb,SVM,Quantile Transform,4.0,0.03125,0.015625,0.2390317916870117,0.0916557312011718,-0.6143701862823195,112.0,364.0,40.0,89.0,0.8252795428796611,0.4975958163392665,2.0,33.0,11.0,21.0,0.4160079051383399,-0.1957605298861736,
profb,SVM,Quantile Transform,5.0,0.046875,0.0,0.2398233413696289,0.0924110412597656,-0.982229756603814,183.0,259.0,144.0,19.0,0.8330467041741395,0.5191632721407357,16.0,20.0,25.0,6.0,0.6111111111111112,0.165482747075523,
profb,SVM,Quantile Transform,6.0,0.046875,0.0,0.2390031814575195,0.0924110412597656,-0.939898679836812,168.0,287.0,116.0,34.0,0.8292754833796036,0.5139125787255013,17.0,19.0,26.0,5.0,0.6181818181818182,0.1909412947173698,
profb,SVM,Quantile Transform,7.0,0.03125,0.0,0.2397575378417968,0.0926628112792968,-0.9996138262873564,183.0,247.0,156.0,19.0,0.8266958209468589,0.492974197210588,18.0,17.0,28.0,4.0,0.6666666666666666,0.1983789418552178,
profb,SVM,Quantile Transform,8.0,0.03125,0.015625,0.2391424179077148,0.093292236328125,-0.9961302713419824,182.0,264.0,139.0,20.0,0.8263887182762941,0.525474218778144,18.0,22.0,23.0,4.0,0.7232323232323232,0.2959220888879941,
profb,SVM,Quantile Transform,9.0,0.03125,0.0,0.2389192581176757,0.0929145812988281,-0.935543448168082,165.0,296.0,107.0,37.0,0.8322728054443161,0.5226702106283796,15.0,20.0,25.0,7.0,0.6414141414141414,0.1208872610803457,
profb,SVM,Quantile Transform,10.0,0.046875,0.015625,0.2389459609985351,0.0929145812988281,-0.9679096715326956,172.0,279.0,124.0,30.0,0.8270643441515366,0.5130227191755098,18.0,17.0,28.0,4.0,0.6272727272727273,0.1983789418552178,
profb,SVM,Random Undersampling,1.0,0.03125,0.0,0.2151355743408203,0.0509424209594726,-0.0879076676025111,159.0,260.0,143.0,42.0,0.7691566979000779,0.4110884831426886,19.0,27.0,18.0,4.0,0.7565217391304349,0.404749858522422,
profb,SVM,Random Undersampling,2.0,0.03125,0.0,0.2155113220214843,0.0510683059692382,0.2584696401232288,125.0,316.0,87.0,76.0,0.7767983901830796,0.4008445175466131,10.0,34.0,11.0,13.0,0.6454106280193237,0.1949115050215218,
profb,SVM,Random Undersampling,3.0,0.03125,0.015625,0.2154045104980468,0.0501871109008789,-0.0108398902528276,164.0,259.0,145.0,37.0,0.775158859169499,0.4306146992284254,9.0,25.0,19.0,14.0,0.6086956521739131,-0.0390015871950424,
profb,SVM,Random Undersampling,4.0,0.015625,0.0,0.2152061462402343,0.0493059158325195,-0.0090902064552969,163.0,264.0,140.0,38.0,0.7827323777153836,0.4374879225015217,13.0,21.0,23.0,10.0,0.5266798418972332,0.0404618841261481,
profb,SVM,Random Undersampling,5.0,0.03125,0.0,0.2163276672363281,0.0498247146606445,0.0486935582062308,162.0,262.0,141.0,40.0,0.7725597621796919,0.4264243817871324,13.0,28.0,17.0,9.0,0.6,0.2012812721396367,
profb,SVM,Random Undersampling,6.0,0.03125,0.0,0.2162427902221679,0.0500764846801757,-0.0840579359574122,166.0,248.0,155.0,36.0,0.787951748028401,0.4131080785074796,16.0,21.0,24.0,6.0,0.5595959595959596,0.185682833019411,
profb,SVM,Random Undersampling,7.0,0.03125,0.0,0.2160396575927734,0.0507059097290039,0.2453663572894278,140.0,295.0,108.0,62.0,0.7677198240915903,0.4076037276362618,10.0,28.0,17.0,12.0,0.5636363636363636,0.0734994547368502,
profb,SVM,Random Undersampling,8.0,0.03125,0.0,0.2160663604736328,0.0515871047973632,-0.2377711634432948,174.0,232.0,171.0,28.0,0.7844507775839619,0.4163719979432134,19.0,23.0,22.0,3.0,0.7343434343434343,0.3611417597942297,
profb,SVM,Random Undersampling,9.0,0.015625,0.015625,0.2162246704101562,0.0517129898071289,0.1031983882791042,153.0,272.0,131.0,49.0,0.7726826032479179,0.4085693222217534,14.0,27.0,18.0,8.0,0.7131313131313132,0.2222231240962939,
profb,SVM,Random Undersampling,10.0,0.03125,0.015625,0.2162532806396484,0.0528459548950195,0.1087403780793992,141.0,290.0,113.0,61.0,0.7803970223325062,0.3990634666304518,14.0,30.0,15.0,8.0,0.6828282828282828,0.2872187978676532,
profb,SVM,SMOTE / SMOTENC,1.0,0.125,0.0,1.0617399215698242,0.1066837310791015,-0.0437488965367768,154.0,297.0,106.0,47.0,0.8102292507684901,0.4788231137637221,16.0,33.0,12.0,7.0,0.7594202898550725,0.4123858773057611,
profb,SVM,SMOTE / SMOTENC,2.0,0.109375,0.0,1.0614032745361328,0.1030216217041015,-0.2272646090676625,170.0,265.0,138.0,31.0,0.8133402466575311,0.474449780424105,17.0,21.0,24.0,6.0,0.5893719806763285,0.198992000512628,
profb,SVM,SMOTE / SMOTENC,3.0,0.109375,0.0,1.061758041381836,0.1039028167724609,0.0388422211777425,159.0,297.0,107.0,42.0,0.8135190384710114,0.499336543100555,10.0,29.0,15.0,13.0,0.658102766798419,0.0921592007122835,
profb,SVM,SMOTE / SMOTENC,4.0,0.125,0.0,1.0621185302734375,0.1039142608642578,0.0631395581105196,155.0,299.0,105.0,46.0,0.823210679276883,0.4864297287001456,9.0,33.0,11.0,14.0,0.5316205533596838,0.1466161646015854,
profb,SVM,SMOTE / SMOTENC,5.0,0.125,0.0,1.0703516006469729,0.104684829711914,0.1764357785085177,142.0,321.0,82.0,60.0,0.8227280544431614,0.4878362080059016,10.0,30.0,15.0,12.0,0.6363636363636364,0.1176979772672999,
profb,SVM,SMOTE / SMOTENC,6.0,0.109375,0.0,1.070420265197754,0.1044673919677734,0.0584262074773024,159.0,302.0,101.0,43.0,0.8287104144657641,0.5111030638046612,9.0,28.0,17.0,13.0,0.5131313131313131,0.0301762656431836,
profb,SVM,SMOTE / SMOTENC,7.0,0.140625,0.015625,1.0698328018188477,0.1036319732666015,-0.4251051816850823,184.0,248.0,155.0,18.0,0.8227649067636292,0.5000355270709571,17.0,18.0,27.0,5.0,0.5555555555555556,0.1708394862889084,
profb,SVM,SMOTE / SMOTENC,8.0,0.125,0.0,1.070180892944336,0.1064128875732421,-0.275551784340236,181.0,245.0,158.0,21.0,0.8141046114537012,0.47885153748985,14.0,25.0,20.0,8.0,0.6171717171717171,0.180276689857846,
profb,SVM,SMOTE / SMOTENC,9.0,0.125,0.015625,1.0700531005859375,0.105142593383789,-0.4604412697500595,186.0,220.0,183.0,16.0,0.8054934525710635,0.4512266733952779,18.0,23.0,22.0,4.0,0.7767676767676767,0.3152739768975416,
profb,SVM,SMOTE / SMOTENC,10.0,0.125,0.0,1.070148468017578,0.1045475006103515,-0.2477395222452645,172.0,260.0,143.0,30.0,0.8099648674544873,0.4688363300215577,15.0,22.0,23.0,7.0,0.6414141414141414,0.1617999227987779,
profb,SVM,Select Percentile (Mutual Info),1.0,0.6875,0.0,0.4824151992797851,0.0365781784057617,-0.9994600838784652,154.0,249.0,154.0,47.0,0.7131834623409009,0.3619931268869091,14.0,16.0,29.0,9.0,0.4618357487922705,-0.0350773936876154,
profb,SVM,Select Percentile (Mutual Info),2.0,0.09375,0.0,0.4804143905639648,0.0364332199096679,-0.9995779449597818,180.0,233.0,170.0,21.0,0.7679221757218868,0.4521581538223237,17.0,16.0,29.0,6.0,0.5710144927536231,0.0957559224947793,
profb,SVM,Select Percentile (Mutual Info),3.0,0.09375,0.0,0.4831104278564453,0.0349836349487304,-0.9970069834595398,172.0,243.0,161.0,29.0,0.7584109157184374,0.4329069697866672,15.0,21.0,23.0,8.0,0.6195652173913043,0.124048135823523,
profb,SVM,Select Percentile (Mutual Info),4.0,0.09375,0.0,0.4829854965209961,0.0343313217163085,-0.9759995404510552,156.0,264.0,140.0,45.0,0.7498768533569775,0.4047738721102744,10.0,18.0,26.0,13.0,0.4594861660079051,-0.1486738998123583,
profb,SVM,Select Percentile (Mutual Info),5.0,0.09375,0.0,0.4821300506591797,0.0355634689331054,-0.9939687147790268,182.0,258.0,145.0,20.0,0.7998059111122031,0.5121304296238832,17.0,17.0,28.0,5.0,0.598989898989899,0.1505050505050505,
profb,SVM,Select Percentile (Mutual Info),6.0,0.109375,0.0,0.4838857650756836,0.0352735519409179,-0.973198522816118,166.0,266.0,137.0,36.0,0.7683954499668331,0.454463372220913,15.0,15.0,30.0,7.0,0.5797979797979798,0.0151515151515151,
profb,SVM,Select Percentile (Mutual Info),7.0,0.109375,0.0,0.4856595993041992,0.0345487594604492,-0.9995995741361764,166.0,230.0,173.0,36.0,0.7287055008230351,0.3729315895843149,15.0,18.0,27.0,7.0,0.598989898989899,0.0794461346554274,
profb,SVM,Select Percentile (Mutual Info),8.0,0.09375,0.015625,0.4834260940551758,0.0344762802124023,-0.995198652525508,159.0,247.0,156.0,43.0,0.7342456330000245,0.3776318349530553,17.0,20.0,25.0,5.0,0.6757575757575758,0.2108755426039124,
profb,SVM,Select Percentile (Mutual Info),9.0,0.09375,0.0,0.4836664199829101,0.0358533859252929,-0.9967872307923594,176.0,246.0,157.0,26.0,0.7857897452276245,0.4566740856839481,16.0,21.0,24.0,6.0,0.6565656565656566,0.185682833019411,
profb,SVM,Select Percentile (Mutual Info),10.0,0.109375,0.0,0.4852819442749023,0.0359983444213867,-0.9487530600849842,145.0,294.0,109.0,57.0,0.7510011547060413,0.4274699021761085,14.0,28.0,17.0,8.0,0.6777777777777777,0.2435511983113748,
profb,SVM,Uniform Binning,1.0,0.015625,0.0,0.2061338424682617,0.0594720840454101,-0.9076491514293764,129.0,314.0,89.0,72.0,0.7656012740268879,0.4130060899018893,14.0,33.0,12.0,9.0,0.7091787439613526,0.3329827747329171,
profb,SVM,Uniform Binning,2.0,0.046875,0.015625,0.2059469223022461,0.058842658996582,-0.9748964798389932,166.0,255.0,148.0,35.0,0.7720516524079355,0.432558094407413,19.0,23.0,22.0,4.0,0.6309178743961352,0.3260479257225689,
profb,SVM,Uniform Binning,3.0,0.03125,0.0,0.2063550949096679,0.0580873489379882,-0.985822311305818,171.0,260.0,144.0,30.0,0.7855216491798434,0.4660520053765037,15.0,25.0,19.0,8.0,0.6640316205533596,0.209275398864113,
profb,SVM,Uniform Binning,4.0,0.015625,0.0,0.2061920166015625,0.0590944290161132,-0.8443009669661338,137.0,311.0,93.0,64.0,0.7764395842569332,0.4379907722284369,7.0,25.0,19.0,16.0,0.4367588932806324,-0.1241997871906648,
profb,SVM,Uniform Binning,5.0,0.03125,0.0,0.2064657211303711,0.0594720840454101,-0.9761107250945832,172.0,254.0,149.0,30.0,0.7764292558288087,0.4552453811089788,13.0,24.0,21.0,9.0,0.5868686868686869,0.1167054360658687,
profb,SVM,Uniform Binning,6.0,0.03125,0.015625,0.2061166763305664,0.0592203140258789,-0.8077429555205544,108.0,353.0,50.0,94.0,0.7839102768837678,0.4408064187319391,11.0,33.0,12.0,11.0,0.6242424242424243,0.2307831656885254,
profb,SVM,Uniform Binning,7.0,0.015625,0.015625,0.2066621780395507,0.0592203140258789,-0.7719845307401648,112.0,345.0,58.0,90.0,0.780452300813208,0.4307339944802819,5.0,32.0,13.0,17.0,0.5303030303030303,-0.0652796692226313,
profb,SVM,Uniform Binning,8.0,0.03125,0.0,0.2064943313598632,0.0601015090942382,-0.8562896568570498,123.0,332.0,71.0,79.0,0.7734565019777412,0.4372458293725995,11.0,31.0,14.0,11.0,0.6444444444444445,0.1834126812415424,
profb,SVM,Uniform Binning,9.0,0.03125,0.015625,0.2061891555786132,0.0599756240844726,-0.9111070608524208,142.0,303.0,100.0,60.0,0.7717183008623443,0.4378421759874045,11.0,30.0,15.0,11.0,0.6414141414141414,0.1606156074556547,
profb,SVM,Uniform Binning,10.0,0.03125,0.0,0.2064104080200195,0.0602273941040039,-0.9209195531915833,147.0,302.0,101.0,55.0,0.7752069871999606,0.4574881856913875,14.0,24.0,21.0,8.0,0.6484848484848486,0.1595448070434931,
profb,SVM,Yeo-Johnson,1.0,0.0625,0.0,0.2049922943115234,0.0608806610107421,-0.8856457123715712,160.0,303.0,100.0,41.0,0.8278458822512745,0.5213997887141523,17.0,24.0,21.0,6.0,0.7082125603864734,0.2596130430330705,
profb,SVM,Yeo-Johnson,2.0,0.0625,0.015625,0.2052488327026367,0.0599994659423828,-0.8856931365915764,169.0,300.0,103.0,32.0,0.8354135032035851,0.5542566899403736,14.0,24.0,21.0,9.0,0.6492753623188405,0.1344485639093475,
profb,SVM,Yeo-Johnson,3.0,0.0625,0.015625,0.2054815292358398,0.0611324310302734,-0.947689355545768,178.0,279.0,125.0,23.0,0.8299468006502144,0.5427648342723456,16.0,21.0,23.0,7.0,0.6719367588932806,0.1664701892471324,
profb,SVM,Yeo-Johnson,4.0,0.078125,0.0,0.2051477432250976,0.0589923858642578,-0.928904947034913,173.0,287.0,117.0,28.0,0.8380129057681887,0.5384444880252955,13.0,17.0,27.0,10.0,0.4683794466403161,-0.0468698912699429,
profb,SVM,Yeo-Johnson,5.0,0.0625,0.0,0.2053251266479492,0.0603771209716796,-0.8398415477763164,166.0,309.0,94.0,36.0,0.8437707294302632,0.5606627999285934,12.0,30.0,15.0,10.0,0.6363636363636364,0.2030905986149808,
profb,SVM,Yeo-Johnson,6.0,0.046875,0.0,0.2054224014282226,0.0594959259033203,-0.8536092216687223,173.0,298.0,105.0,29.0,0.8418052723386484,0.5638944754545341,15.0,18.0,27.0,7.0,0.5808080808080808,0.0794461346554274,
profb,SVM,Yeo-Johnson,7.0,0.0625,0.0,0.2052621841430664,0.0594959259033203,-0.88211327533594,169.0,294.0,109.0,33.0,0.8364371176571752,0.5357631053871245,14.0,24.0,21.0,8.0,0.6080808080808081,0.1595448070434931,
profb,SVM,Yeo-Johnson,8.0,0.0625,0.0,0.2051334381103515,0.0606288909912109,-0.9623572273647814,181.0,275.0,128.0,21.0,0.8367565044345625,0.5456921653975159,17.0,22.0,23.0,5.0,0.6727272727272727,0.2504784049584763,
profb,SVM,Yeo-Johnson,9.0,0.0625,0.0,0.2052640914916992,0.061258316040039,-0.840431378082743,158.0,313.0,90.0,44.0,0.8284278800088446,0.5358780483494422,13.0,27.0,18.0,9.0,0.6686868686868688,0.1798092831283197,
profb,SVM,Yeo-Johnson,10.0,0.0625,0.0,0.2050580978393554,0.0610065460205078,-0.8892577276637131,169.0,294.0,109.0,33.0,0.8331695452423655,0.5357631053871245,15.0,25.0,20.0,7.0,0.712121212121212,0.2231727955667909,
profb,XGBoost,Baseline,1.0,0.25,0.015625,0.201115608215332,0.1892738342285156,0.7969179946184166,199.0,403.0,0.0,2.0,1.0,0.9925525762747976,5.0,40.0,5.0,18.0,0.7188405797101449,0.1419739003214338,
profb,XGBoost,Baseline,2.0,0.046875,0.0,0.2013483047485351,0.1887550354003906,0.7840548831224443,199.0,403.0,0.0,2.0,1.0,0.9925525762747976,7.0,42.0,3.0,16.0,0.7033816425120774,0.3175052679915702,
profb,XGBoost,Baseline,3.0,0.046875,0.0,0.2014017105102539,0.1921901702880859,0.8059703278541566,200.0,404.0,0.0,1.0,1.0,0.996277081979278,4.0,40.0,4.0,19.0,0.5671936758893281,0.1215396637481148,
profb,XGBoost,Baseline,4.0,0.046875,0.015625,0.2014627456665039,0.1924495697021484,0.7962830233573914,200.0,404.0,0.0,1.0,1.0,0.996277081979278,0.0,39.0,5.0,23.0,0.4496047430830039,-0.2053178638597756,
profb,XGBoost,Baseline,5.0,0.046875,0.015625,0.2015523910522461,0.1901798248291015,0.7647586703300476,200.0,403.0,0.0,2.0,1.0,0.992577267558712,4.0,41.0,4.0,18.0,0.7151515151515152,0.1345857970121831,
profb,XGBoost,Baseline,6.0,0.03125,0.0,0.2017774581909179,0.1884288787841797,0.7798489189147951,200.0,403.0,0.0,2.0,1.0,0.992577267558712,5.0,43.0,2.0,17.0,0.7070707070707072,0.280696070136872,
profb,XGBoost,Baseline,7.0,0.046875,0.0,0.2016248703002929,0.1920604705810547,0.7947979807853699,200.0,403.0,0.0,2.0,1.0,0.992577267558712,2.0,44.0,1.0,20.0,0.6202020202020202,0.1559698667262344,
profb,XGBoost,Baseline,8.0,0.03125,0.0,0.2014570236206054,0.191995620727539,0.7831863689422609,200.0,403.0,0.0,2.0,1.0,0.992577267558712,6.0,40.0,5.0,16.0,0.6636363636363637,0.2048858799341858,
profb,XGBoost,Baseline,9.0,0.046875,0.0,0.2016658782958984,0.1879749298095703,0.7674586462974549,200.0,403.0,0.0,2.0,1.0,0.992577267558712,2.0,40.0,5.0,20.0,0.5838383838383838,-0.0310161403466156,
profb,XGBoost,Baseline,10.0,0.03125,0.0,0.2014169692993164,0.1915416717529297,0.8148668551445007,200.0,403.0,0.0,2.0,1.0,0.992577267558712,5.0,38.0,7.0,17.0,0.5969696969696969,0.0878352382513159,
profb,XGBoost,IQR Capping,1.0,0.078125,0.015625,0.22354412078857422,0.1889963150024414,0.7850543910264972,199.0,403.0,0.0,2.0,1.0,0.9925525762747975,7.0,39.0,6.0,16.0,0.7198067632850241,0.205754845017316,
profb,XGBoost,IQR Capping,2.0,0.0625,0.0,0.22369861602783203,0.1900339126586914,0.7906002444028855,199.0,403.0,0.0,2.0,1.0,0.9925525762747975,7.0,42.0,3.0,16.0,0.7352657004830918,0.3175052679915702,
profb,XGBoost,IQR Capping,3.0,0.078125,0.0,0.22402191162109375,0.1928853988647461,0.8132053065299988,200.0,404.0,0.0,1.0,1.0,0.9962770819792781,4.0,42.0,2.0,19.0,0.6156126482213439,0.21360556023571756,
profb,XGBoost,IQR Capping,4.0,0.0625,0.015625,0.22385025024414062,0.19301509857177734,0.7962830233573914,200.0,404.0,0.0,1.0,1.0,0.9962770819792781,0.0,39.0,5.0,23.0,0.4496047430830039,-0.2053178638597756,
profb,XGBoost,IQR Capping,5.0,0.078125,0.015625,0.223907470703125,0.19204235076904297,0.7823210453987123,200.0,403.0,0.0,2.0,1.0,0.9925772675587119,4.0,39.0,6.0,18.0,0.6888888888888889,0.06389784510646974,
profb,XGBoost,IQR Capping,6.0,0.0625,0.0,0.22414112091064453,0.18841075897216797,0.7678324079513551,200.0,403.0,0.0,2.0,1.0,0.9925772675587119,5.0,42.0,3.0,17.0,0.705050505050505,0.23259936657540342,
profb,XGBoost,IQR Capping,7.0,0.0625,0.0,0.2241497039794922,0.19204235076904297,0.8223105502128601,200.0,403.0,0.0,2.0,1.0,0.9925772675587119,4.0,43.0,2.0,18.0,0.5757575757575758,0.22593357190738914,
profb,XGBoost,IQR Capping,8.0,0.0625,0.015625,0.22425174713134766,0.19256114959716797,0.7831863689422609,200.0,403.0,0.0,2.0,1.0,0.9925772675587119,6.0,40.0,5.0,16.0,0.6636363636363637,0.20488587993418583,
profb,XGBoost,IQR Capping,9.0,0.078125,0.015625,0.22416210174560547,0.18879985809326172,0.76088947057724,200.0,403.0,0.0,2.0,1.0,0.9925772675587119,3.0,41.0,4.0,19.0,0.5787878787878789,0.07288792981454689,
profb,XGBoost,IQR Capping,10.0,0.0625,0.015625,0.22371864318847656,0.1921072006225586,0.8075718307495118,200.0,403.0,0.0,2.0,1.0,0.9925772675587119,4.0,39.0,6.0,18.0,0.6212121212121212,0.06389784510646974,
profb,XGBoost,IQR Removal,1.0,0.0625,0.0,0.2861557006835937,0.1861133575439453,0.4542224130034467,197.0,401.0,2.0,4.0,0.9880745157586756,0.9776018485400948,15.0,33.0,12.0,8.0,0.7497584541062803,0.372759662932106,
profb,XGBoost,IQR Removal,2.0,0.0625,0.0,0.2846050262451172,0.1892890930175781,0.4006560304761039,197.0,401.0,2.0,4.0,0.9860498993864424,0.9776018485400948,15.0,36.0,9.0,8.0,0.7729468599033816,0.4476552880476182,
profb,XGBoost,IQR Removal,3.0,0.0625,0.0,0.2842493057250976,0.1913661956787109,0.821901240348816,194.0,404.0,0.0,7.0,0.984311117678932,0.9740306158084212,6.0,40.0,4.0,17.0,0.575098814229249,0.2264648285346014,
profb,XGBoost,IQR Removal,4.0,0.0625,0.0,0.2879781723022461,0.1890316009521484,0.7093783259391796,200.0,404.0,0.0,1.0,0.9958253288015368,0.996277081979278,2.0,37.0,7.0,21.0,0.4782608695652174,-0.1004378372463668,
profb,XGBoost,IQR Removal,5.0,0.0625,0.0,0.2854681015014648,0.1879940032958984,0.5131249642372135,198.0,401.0,2.0,4.0,0.9882563938776012,0.9776762936908948,9.0,38.0,7.0,13.0,0.694949494949495,0.2792614861009848,
profb,XGBoost,IQR Removal,6.0,0.0625,0.0,0.2849254608154297,0.184427261352539,0.811546196937561,194.0,403.0,0.0,8.0,0.9831953418666928,0.9704134167544376,5.0,45.0,0.0,17.0,0.6191919191919192,0.4061477708054117,
profb,XGBoost,IQR Removal,7.0,0.078125,0.0,0.2857418060302734,0.1898746490478515,0.5069449448585512,198.0,401.0,2.0,4.0,0.9888705992187308,0.9776762936908948,6.0,39.0,6.0,16.0,0.6070707070707071,0.1707220123757972,
profb,XGBoost,IQR Removal,8.0,0.0625,0.0,0.2854280471801758,0.189615249633789,0.6362382745742803,198.0,401.0,2.0,4.0,0.987691324963762,0.9776762936908948,8.0,41.0,4.0,14.0,0.6848484848484848,0.3364955606247598,
profb,XGBoost,IQR Removal,9.0,0.046875,0.0,0.2860546112060547,0.1876697540283203,0.5273157000541715,198.0,401.0,2.0,4.0,0.9896076456280865,0.9776762936908948,8.0,36.0,9.0,14.0,0.5909090909090909,0.1765988838452867,
profb,XGBoost,IQR Removal,10.0,0.0625,0.015625,0.285806655883789,0.1903915405273437,0.7864143037796025,199.0,402.0,1.0,3.0,0.9923592855563472,0.9851267806248034,6.0,38.0,7.0,16.0,0.5868686868686869,0.139146355505982,
profb,XGBoost,PCA,1.0,0.390625,0.09375,0.2057533264160156,0.1739368438720703,0.7988063329458239,199.0,403.0,0.0,2.0,1.0,0.9925525762747976,4.0,43.0,2.0,19.0,0.6676328502415458,0.2159549452122908,
profb,XGBoost,PCA,2.0,0.46875,0.03125,0.2055702209472656,0.1797733306884765,0.8587320041656499,199.0,403.0,0.0,2.0,1.0,0.9925525762747976,3.0,39.0,6.0,20.0,0.5806763285024155,-0.0040467261823062,
profb,XGBoost,PCA,3.0,0.453125,0.0,0.2061834335327148,0.178863525390625,0.8502582883834839,200.0,404.0,0.0,1.0,1.0,0.996277081979278,2.0,41.0,3.0,21.0,0.591897233201581,0.0339220818550933,
profb,XGBoost,PCA,4.0,0.46875,0.0,0.2058582305908203,0.1789283752441406,0.8594405364990235,200.0,404.0,0.0,1.0,1.0,0.996277081979278,2.0,42.0,2.0,21.0,0.4871541501976285,0.0831684798913075,
profb,XGBoost,PCA,5.0,0.46875,0.09375,0.2061634063720703,0.18145751953125,0.8449764919281006,200.0,403.0,0.0,2.0,1.0,0.992577267558712,2.0,43.0,2.0,20.0,0.6535353535353535,0.0920958295199904,
profb,XGBoost,PCA,6.0,0.375,0.0,0.2055072784423828,0.1813278198242187,0.8529255700111389,200.0,403.0,0.0,2.0,1.0,0.992577267558712,5.0,40.0,5.0,17.0,0.6222222222222222,0.1530885872342504,
profb,XGBoost,PCA,7.0,0.46875,0.0,0.2060127258300781,0.1843757629394531,0.8603525876998902,200.0,403.0,0.0,2.0,1.0,0.992577267558712,3.0,42.0,3.0,19.0,0.5555555555555556,0.1146280622177195,
profb,XGBoost,PCA,8.0,0.375,0.09375,0.2057132720947265,0.1820411682128906,0.8582459974288941,200.0,403.0,0.0,2.0,1.0,0.992577267558712,4.0,42.0,3.0,18.0,0.6707070707070707,0.1767919999757094,
profb,XGBoost,PCA,9.0,0.375,0.0,0.2056655883789062,0.1808090209960937,0.87317373752594,200.0,403.0,0.0,2.0,1.0,0.992577267558712,2.0,43.0,2.0,20.0,0.6202020202020202,0.0920958295199904,
profb,XGBoost,PCA,10.0,0.421875,0.0,0.205545425415039,0.184051513671875,0.863601450920105,200.0,403.0,0.0,2.0,1.0,0.992577267558712,4.0,43.0,2.0,18.0,0.6626262626262627,0.2259335719073891,
profb,XGBoost,Quantile Binning,1.0,0.03125,0.0,0.2060422897338867,0.2365922927856445,0.6132917839288724,199.0,403.0,0.0,2.0,1.0,0.9925525762747976,5.0,34.0,11.0,18.0,0.6222222222222222,-0.0301735350065258,
profb,XGBoost,Quantile Binning,2.0,0.046875,0.015625,0.2057657241821289,0.2405481338500976,0.5909631943702713,199.0,403.0,0.0,2.0,1.0,0.9925525762747976,11.0,38.0,7.0,12.0,0.6367149758454106,0.3460628955025164,
profb,XGBoost,Quantile Binning,3.0,0.046875,0.0,0.2063493728637695,0.2408056259155273,0.5792018103599554,200.0,404.0,0.0,1.0,1.0,0.996277081979278,8.0,33.0,11.0,15.0,0.6393280632411067,0.10304988683255,
profb,XGBoost,Quantile Binning,4.0,0.046875,0.0,0.2063665390014648,0.2375631332397461,0.7202985072135928,200.0,404.0,0.0,1.0,1.0,0.996277081979278,3.0,35.0,9.0,20.0,0.3893280632411067,-0.0917696423962782,
profb,XGBoost,Quantile Binning,5.0,0.046875,0.015625,0.2061014175415039,0.2391195297241211,0.6575782442092897,200.0,403.0,0.0,2.0,1.0,0.992577267558712,5.0,40.0,5.0,17.0,0.5212121212121212,0.1530885872342504,
profb,XGBoost,Quantile Binning,6.0,0.046875,0.0,0.2060194015502929,0.2353582382202148,0.6596371126174928,200.0,403.0,0.0,2.0,1.0,0.992577267558712,8.0,35.0,10.0,14.0,0.6474747474747474,0.1498221916584982,
profb,XGBoost,Quantile Binning,7.0,0.03125,0.0,0.2060823440551757,0.2372388839721679,0.6587454509735109,200.0,403.0,0.0,2.0,1.0,0.992577267558712,2.0,36.0,9.0,20.0,0.4878787878787879,-0.1382979689555754,
profb,XGBoost,Quantile Binning,8.0,0.046875,0.0,0.2059144973754882,0.2363958358764648,0.6780931949615479,200.0,403.0,0.0,2.0,1.0,0.992577267558712,5.0,37.0,8.0,17.0,0.5747474747474748,0.0587773398258027,
profb,XGBoost,Quantile Binning,9.0,0.046875,0.0,0.2056951522827148,0.2345800399780273,0.6231033635139468,200.0,403.0,0.0,2.0,1.0,0.992577267558712,5.0,37.0,8.0,17.0,0.6131313131313131,0.0587773398258027,
profb,XGBoost,Quantile Binning,10.0,0.046875,0.015625,0.2061395645141601,0.2378225326538086,0.6395362925529481,200.0,403.0,0.0,2.0,1.0,0.992577267558712,6.0,37.0,8.0,16.0,0.5808080808080808,0.1096751668214891,
profb,XGBoost,Quantile Transform,1.0,0.046875,0.0,0.2390699386596679,0.2218189239501953,0.7969179946184166,199.0,403.0,0.0,2.0,1.0,0.9925525762747976,5.0,40.0,5.0,18.0,0.7188405797101449,0.1419739003214338,
profb,XGBoost,Quantile Transform,2.0,0.046875,0.0,0.2388868331909179,0.2213001251220703,0.7840548831224443,199.0,403.0,0.0,2.0,1.0,0.9925525762747976,7.0,42.0,3.0,16.0,0.7033816425120774,0.3175052679915702,
profb,XGBoost,Quantile Transform,3.0,0.0625,0.0,0.2391719818115234,0.2247886657714843,0.8059703278541566,200.0,404.0,0.0,1.0,1.0,0.996277081979278,4.0,40.0,4.0,19.0,0.5671936758893281,0.1215396637481148,
profb,XGBoost,Quantile Transform,4.0,0.046875,0.0,0.2380924224853515,0.2250480651855468,0.7962830233573914,200.0,404.0,0.0,1.0,1.0,0.996277081979278,0.0,39.0,5.0,23.0,0.4496047430830039,-0.2053178638597756,
profb,XGBoost,Quantile Transform,5.0,0.0625,0.0,0.2400465011596679,0.2227783203125,0.7647586703300476,200.0,403.0,0.0,2.0,1.0,0.992577267558712,4.0,41.0,4.0,18.0,0.7151515151515152,0.1345857970121831,
profb,XGBoost,Quantile Transform,6.0,0.0625,0.015625,0.2390241622924804,0.2210273742675781,0.7798489189147951,200.0,403.0,0.0,2.0,1.0,0.992577267558712,5.0,43.0,2.0,17.0,0.7070707070707072,0.280696070136872,
profb,XGBoost,Quantile Transform,7.0,0.046875,0.0,0.2384910583496093,0.2246589660644531,0.7947979807853699,200.0,403.0,0.0,2.0,1.0,0.992577267558712,2.0,44.0,1.0,20.0,0.6202020202020202,0.1559698667262344,
profb,XGBoost,Quantile Transform,8.0,0.046875,0.0,0.2382526397705078,0.2245941162109375,0.7831863689422609,200.0,403.0,0.0,2.0,1.0,0.992577267558712,6.0,40.0,5.0,16.0,0.6636363636363637,0.2048858799341858,
profb,XGBoost,Quantile Transform,9.0,0.0625,0.0,0.2389192581176757,0.2205734252929687,0.7674586462974549,200.0,403.0,0.0,2.0,1.0,0.992577267558712,2.0,40.0,5.0,20.0,0.5838383838383838,-0.0310161403466156,
profb,XGBoost,Quantile Transform,10.0,0.046875,0.0,0.239018440246582,0.2241401672363281,0.8148668551445007,200.0,403.0,0.0,2.0,1.0,0.992577267558712,5.0,38.0,7.0,17.0,0.5969696969696969,0.0878352382513159,
profb,XGBoost,Random Undersampling,1.0,0.046875,0.015625,0.2147321701049804,0.177896499633789,0.8557530343532561,199.0,366.0,37.0,2.0,0.9617236398651902,0.8674855069660213,11.0,38.0,7.0,12.0,0.7526570048309179,0.3460628955025164,
profb,XGBoost,Random Undersampling,2.0,0.046875,0.0,0.2148571014404297,0.175821304321289,0.8393717241287233,199.0,372.0,31.0,2.0,0.9681987086898016,0.8860982161940139,8.0,36.0,9.0,15.0,0.672463768115942,0.1615145706174496,
profb,XGBoost,Random Undersampling,3.0,0.03125,0.0,0.2143993377685547,0.1752376556396484,0.8530943870544434,200.0,368.0,36.0,1.0,0.9519728092212206,0.8747973119669914,6.0,39.0,5.0,17.0,0.5839920948616601,0.1887146674402899,
profb,XGBoost,Random Undersampling,4.0,0.046875,0.015625,0.2146978378295898,0.1738109588623047,0.8609159255027772,199.0,373.0,31.0,2.0,0.9671321609772918,0.886197943590834,1.0,36.0,8.0,22.0,0.4980237154150198,-0.1926205097875528,
profb,XGBoost,Random Undersampling,5.0,0.046875,0.0,0.215585708618164,0.1791439056396484,0.86127854347229,201.0,368.0,35.0,1.0,0.9596589931946048,0.878093852498765,8.0,37.0,8.0,14.0,0.6464646464646465,0.2047175834365785,
profb,XGBoost,Random Undersampling,6.0,0.046875,0.0,0.2150125503540039,0.1744747161865234,0.8315883612632752,199.0,366.0,37.0,3.0,0.9636513279119476,0.863722819786397,8.0,33.0,12.0,14.0,0.604040404040404,0.0995152661713796,
profb,XGBoost,Random Undersampling,7.0,0.046875,0.015625,0.2156085968017578,0.1783008575439453,0.8697747707366944,200.0,373.0,30.0,2.0,0.9647568975259808,0.8895730734594632,4.0,34.0,11.0,18.0,0.5111111111111111,-0.0705548366732216,
profb,XGBoost,Random Undersampling,8.0,0.046875,0.0,0.2152814865112304,0.1788845062255859,0.85583247423172,201.0,374.0,29.0,1.0,0.9691791759821144,0.8967932466475901,6.0,38.0,7.0,16.0,0.7222222222222222,0.139146355505982,
profb,XGBoost,Random Undersampling,9.0,0.046875,0.0,0.2156105041503906,0.1736316680908203,0.8392438697814941,202.0,369.0,34.0,0.0,0.9584920030464584,0.8852793688549491,6.0,36.0,9.0,16.0,0.5727272727272726,0.0819346490398702,
profb,XGBoost,Random Undersampling,10.0,0.03125,0.0,0.2146854400634765,0.1784954071044922,0.8938203382492066,191.0,376.0,27.0,11.0,0.9641304080780286,0.8629974178751265,7.0,34.0,11.0,15.0,0.6070707070707071,0.0781215713647883,
profb,XGBoost,SMOTE / SMOTENC,1.0,0.140625,0.0,1.0609827041625977,0.2260265350341797,0.8183224958181385,199.0,403.0,0.0,2.0,1.0,0.9925525762747976,6.0,41.0,4.0,17.0,0.681159420289855,0.229739584156502,
profb,XGBoost,SMOTE / SMOTENC,2.0,0.15625,0.0,1.0608739852905271,0.2194652557373047,0.8062458950281148,199.0,403.0,0.0,2.0,1.0,0.9925525762747976,8.0,40.0,5.0,15.0,0.6985507246376812,0.2848019041200136,
profb,XGBoost,SMOTE / SMOTENC,3.0,0.15625,0.0,1.0612735748291016,0.225625991821289,0.8007141590118408,200.0,404.0,0.0,1.0,1.0,0.996277081979278,6.0,37.0,7.0,17.0,0.592885375494071,0.1222020277471266,
profb,XGBoost,SMOTE / SMOTENC,4.0,0.171875,0.0,1.0609664916992188,0.2234325408935547,0.8174157881736757,200.0,404.0,0.0,1.0,1.0,0.996277081979278,2.0,39.0,5.0,21.0,0.4762845849802371,-0.0414141605419398,
profb,XGBoost,SMOTE / SMOTENC,5.0,0.140625,0.015625,1.0695114135742188,0.2240924835205078,0.820838179588318,200.0,403.0,0.0,2.0,1.0,0.992577267558712,5.0,41.0,4.0,17.0,0.6323232323232324,0.1905757854431956,
profb,XGBoost,SMOTE / SMOTENC,6.0,0.140625,0.0,1.069721221923828,0.2219219207763672,0.8060777544975283,200.0,403.0,0.0,2.0,1.0,0.992577267558712,5.0,43.0,2.0,17.0,0.6373737373737375,0.280696070136872,
profb,XGBoost,SMOTE / SMOTENC,7.0,0.140625,0.015625,1.0690031051635742,0.2262516021728515,0.8294426727294922,200.0,403.0,0.0,2.0,1.0,0.992577267558712,2.0,41.0,4.0,20.0,0.5747474747474748,0.0033225525280498,
profb,XGBoost,SMOTE / SMOTENC,8.0,0.140625,0.0,1.0694398880004885,0.222177505493164,0.8205361557006836,200.0,403.0,0.0,2.0,1.0,0.992577267558712,6.0,42.0,3.0,16.0,0.704040404040404,0.2837770819738094,
profb,XGBoost,SMOTE / SMOTENC,9.0,0.15625,0.0,1.0694007873535156,0.2233333587646484,0.8262232995033265,200.0,403.0,0.0,2.0,1.0,0.992577267558712,3.0,41.0,4.0,19.0,0.6656565656565656,0.0728879298145468,
profb,XGBoost,SMOTE / SMOTENC,10.0,0.140625,0.0,1.0695075988769531,0.2174015045166015,0.8078798699378967,200.0,403.0,0.0,2.0,1.0,0.992577267558712,4.0,39.0,6.0,18.0,0.5828282828282829,0.0638978451064697,
profb,XGBoost,Select Percentile (Mutual Info),1.0,0.75,0.015625,0.4828138351440429,0.1921520233154297,0.437908681035042,193.0,390.0,13.0,8.0,0.9951853635050554,0.9223499777828836,9.0,35.0,10.0,14.0,0.557487922705314,0.1782760624335658,
profb,XGBoost,Select Percentile (Mutual Info),2.0,0.109375,0.0,0.4825725555419922,0.1996097564697265,0.6328479462862024,199.0,403.0,0.0,2.0,1.0,0.9925525762747976,10.0,35.0,10.0,13.0,0.6318840579710145,0.2207073973239102,
profb,XGBoost,Select Percentile (Mutual Info),3.0,0.109375,0.0,0.4799060821533203,0.1987648010253906,0.5670603394508366,200.0,404.0,0.0,1.0,1.0,0.996277081979278,6.0,36.0,8.0,17.0,0.6353754940711462,0.0923204213853388,
profb,XGBoost,Select Percentile (Mutual Info),4.0,0.140625,0.0,0.4818897247314453,0.2010345458984375,0.5893813347816469,200.0,404.0,0.0,1.0,1.0,0.996277081979278,7.0,36.0,8.0,16.0,0.5513833992094861,0.1395674448178539,
profb,XGBoost,Select Percentile (Mutual Info),5.0,0.125,0.0,0.4814691543579101,0.1959114074707031,0.6681540536880496,200.0,403.0,0.0,2.0,1.0,0.992577267558712,10.0,38.0,7.0,12.0,0.7262626262626263,0.3226745038160794,
profb,XGBoost,Select Percentile (Mutual Info),6.0,0.109375,0.0,0.4795904159545898,0.2034988403320312,0.6149682831764228,200.0,403.0,0.0,2.0,1.0,0.992577267558712,9.0,38.0,7.0,13.0,0.7252525252525253,0.2792614861009848,
profb,XGBoost,Select Percentile (Mutual Info),7.0,0.125,0.0,0.4804830551147461,0.19610595703125,0.411169022321701,199.0,395.0,8.0,3.0,0.9983907820062404,0.9595390078275494,9.0,30.0,15.0,13.0,0.6121212121212122,0.0741999849937965,
profb,XGBoost,Select Percentile (Mutual Info),8.0,0.109375,0.0,0.4823770523071289,0.2020721435546875,0.5635070133209229,200.0,403.0,0.0,2.0,1.0,0.992577267558712,9.0,38.0,7.0,13.0,0.6505050505050505,0.2792614861009848,
profb,XGBoost,Select Percentile (Mutual Info),9.0,0.109375,0.015625,0.4827404022216797,0.195068359375,0.7266322755813599,200.0,403.0,0.0,2.0,1.0,0.992577267558712,3.0,39.0,6.0,19.0,0.5484848484848485,0.0041731923819677,
profb,XGBoost,Select Percentile (Mutual Info),10.0,0.109375,0.0,0.4814729690551758,0.2021369934082031,0.587828381061554,200.0,403.0,0.0,2.0,1.0,0.992577267558712,7.0,33.0,12.0,15.0,0.6070707070707071,0.0536729121550391,
profb,XGBoost,Uniform Binning,1.0,0.03125,0.0,0.2054967880249023,0.2293767929077148,0.3800691080093387,201.0,398.0,5.0,0.0,0.9998271668950532,0.9816426778420444,11.0,32.0,13.0,12.0,0.6212560386473429,0.1874795650797717,
profb,XGBoost,Uniform Binning,2.0,0.046875,0.0,0.2056131362915039,0.2433195114135742,0.4051919579505921,200.0,397.0,6.0,1.0,0.9994382924089232,0.9742310903346494,10.0,33.0,12.0,13.0,0.6347826086956522,0.1700156174907306,
profb,XGBoost,Uniform Binning,3.0,0.046875,0.0,0.2057943344116211,0.2346925735473632,0.4216751611232758,198.0,402.0,2.0,3.0,0.9997968080390128,0.9813575860734004,11.0,36.0,8.0,12.0,0.7351778656126482,0.3122723843410607,
profb,XGBoost,Uniform Binning,4.0,0.03125,0.015625,0.2055921554565429,0.2379350662231445,0.3483272540569308,201.0,399.0,5.0,0.0,0.999802965371164,0.9816579403402822,4.0,28.0,16.0,19.0,0.2816205533596838,-0.1968552699545762,
profb,XGBoost,Uniform Binning,5.0,0.046875,0.0,0.2060766220092773,0.2313852310180664,0.4574109196662904,197.0,400.0,3.0,5.0,0.9992261012701766,0.9702258067569866,7.0,35.0,10.0,15.0,0.5656565656565657,0.1035610738598903,
profb,XGBoost,Uniform Binning,6.0,0.03125,0.0,0.2055559158325195,0.2344980239868164,0.3899389731884007,201.0,398.0,5.0,1.0,0.9996928973294352,0.9779208793441964,14.0,29.0,16.0,8.0,0.6626262626262626,0.2651952305915593,
profb,XGBoost,Uniform Binning,7.0,0.046875,0.0,0.2061052322387695,0.229893684387207,0.3944564044475561,200.0,397.0,6.0,2.0,0.9993428002849912,0.9705247055289472,8.0,29.0,16.0,14.0,0.4888888888888889,0.0079146650660049,
profb,XGBoost,Uniform Binning,8.0,0.046875,0.0,0.2060766220092773,0.2282075881958007,0.5270454668998724,192.0,401.0,2.0,10.0,0.99834164557895,0.955394611476076,9.0,37.0,8.0,13.0,0.5747474747474747,0.2496366938306831,
profb,XGBoost,Uniform Binning,9.0,0.03125,0.0,0.2058830261230468,0.2313203811645507,0.3848953747749334,201.0,398.0,5.0,1.0,0.9996990393828464,0.9779208793441964,5.0,32.0,13.0,17.0,0.5767676767676768,-0.0652796692226313,
profb,XGBoost,Uniform Binning,10.0,0.03125,0.0,0.2055940628051757,0.2359895706176757,0.4508339715003968,198.0,401.0,2.0,4.0,0.9994533572463946,0.9776762936908948,6.0,32.0,13.0,16.0,0.5303030303030303,-0.0168385606760907,
profb,XGBoost,Yeo-Johnson,1.0,0.078125,0.015625,0.204655647277832,0.1894788742065429,0.7969179946184166,199.0,403.0,0.0,2.0,1.0,0.9925525762747976,5.0,40.0,5.0,18.0,0.7188405797101449,0.1419739003214338,
profb,XGBoost,Yeo-Johnson,2.0,0.078125,0.0,0.2045965194702148,0.1889600753784179,0.7840548831224443,199.0,403.0,0.0,2.0,1.0,0.9925525762747976,7.0,42.0,3.0,16.0,0.7033816425120774,0.3175052679915702,
profb,XGBoost,Yeo-Johnson,3.0,0.09375,0.0,0.2045259475708007,0.1923952102661132,0.8059703278541566,200.0,404.0,0.0,1.0,1.0,0.996277081979278,4.0,40.0,4.0,19.0,0.5671936758893281,0.1215396637481148,
profb,XGBoost,Yeo-Johnson,4.0,0.09375,0.0,0.204538345336914,0.1926546096801757,0.7962830233573914,200.0,404.0,0.0,1.0,1.0,0.996277081979278,0.0,39.0,5.0,23.0,0.4496047430830039,-0.2053178638597756,
profb,XGBoost,Yeo-Johnson,5.0,0.078125,0.015625,0.2047643661499023,0.1903848648071289,0.7647586703300476,200.0,403.0,0.0,2.0,1.0,0.992577267558712,4.0,41.0,4.0,18.0,0.7151515151515152,0.1345857970121831,
profb,XGBoost,Yeo-Johnson,6.0,0.09375,0.0,0.2048063278198242,0.188633918762207,0.7798489189147951,200.0,403.0,0.0,2.0,1.0,0.992577267558712,5.0,43.0,2.0,17.0,0.7070707070707072,0.280696070136872,
profb,XGBoost,Yeo-Johnson,7.0,0.09375,0.0,0.2044782638549804,0.192265510559082,0.7947979807853699,200.0,403.0,0.0,2.0,1.0,0.992577267558712,2.0,44.0,1.0,20.0,0.6202020202020202,0.1559698667262344,
profb,XGBoost,Yeo-Johnson,8.0,0.09375,0.0,0.2043657302856445,0.1922006607055664,0.7831863689422609,200.0,403.0,0.0,2.0,1.0,0.992577267558712,6.0,40.0,5.0,16.0,0.6636363636363637,0.2048858799341858,
profb,XGBoost,Yeo-Johnson,9.0,0.078125,0.0,0.2045316696166992,0.1881799697875976,0.7674586462974549,200.0,403.0,0.0,2.0,1.0,0.992577267558712,2.0,40.0,5.0,20.0,0.5838383838383838,-0.0310161403466156,
profb,XGBoost,Yeo-Johnson,10.0,0.078125,0.0,0.2047128677368164,0.191746711730957,0.8148668551445007,200.0,403.0,0.0,2.0,1.0,0.992577267558712,5.0,38.0,7.0,17.0,0.5969696969696969,0.0878352382513159,
