Dataset,Model,Preprocessor,Fold,Fit_Time_sec,Predict_Time_Test_sec,Peak_Memory_MB,Pipeline_Disk_Size_MB,Optimal_Threshold,Train_TP,Train_TN,Train_FP,Train_FN,Train_ROC_AUC,Train_MCC,Test_TP,Test_TN,Test_FP,Test_FN,Test_ROC_AUC,Test_MCC,Error_Log
steel-plates-fault,GaussianNB,Baseline,1.0,0.03125,0.0,1.222487449645996,0.0045928955078125,1.0,599.0,1141.0,0.0,6.0,1.0,0.9924230374173808,65.0,127.0,0.0,3.0,1.0,0.9663454503498036,
steel-plates-fault,GaussianNB,Baseline,2.0,0.03125,0.015625,1.2200918197631836,0.0045928955078125,1.0,599.0,1141.0,0.0,7.0,1.0,0.991171891137725,67.0,127.0,0.0,0.0,1.0,1.0,
steel-plates-fault,GaussianNB,Baseline,3.0,0.015625,0.0,1.2200441360473633,0.0045928955078125,1.0,600.0,1141.0,0.0,6.0,1.0,0.9924312393623426,66.0,127.0,0.0,1.0,1.0,0.9886246665662776,
steel-plates-fault,GaussianNB,Baseline,4.0,0.03125,0.0,1.2199487686157229,0.0045928955078125,1.0,599.0,1141.0,0.0,7.0,1.0,0.991171891137725,67.0,127.0,0.0,0.0,1.0,1.0,
steel-plates-fault,GaussianNB,Baseline,5.0,0.03125,0.0,1.2200441360473633,0.0045928955078125,1.0,599.0,1141.0,0.0,7.0,1.0,0.991171891137725,67.0,127.0,0.0,0.0,1.0,1.0,
steel-plates-fault,GaussianNB,Baseline,6.0,0.015625,0.0,1.220789909362793,0.0045928955078125,1.0,600.0,1141.0,0.0,6.0,1.0,0.9924312393623426,66.0,127.0,0.0,1.0,1.0,0.9886246665662776,
steel-plates-fault,GaussianNB,Baseline,7.0,0.015625,0.0,1.2205705642700195,0.0045928955078125,1.0,599.0,1141.0,0.0,7.0,1.0,0.991171891137725,65.0,127.0,0.0,2.0,1.0,0.9772963624357158,
steel-plates-fault,GaussianNB,Baseline,8.0,0.015625,0.0,1.219944953918457,0.0045928955078125,0.9999999999999996,594.0,1141.0,0.0,12.0,1.0,0.984883992796265,66.0,127.0,0.0,1.0,1.0,0.9886246665662776,
steel-plates-fault,GaussianNB,Baseline,9.0,0.015625,0.0,1.220107078552246,0.0045928955078125,1.0,598.0,1142.0,0.0,7.0,1.0,0.9911649644851724,66.0,126.0,0.0,2.0,1.0,0.9774573106369644,
steel-plates-fault,GaussianNB,Baseline,10.0,0.03125,0.0,1.2200632095336914,0.0045928955078125,1.0,598.0,1142.0,0.0,7.0,1.0,0.9911649644851724,68.0,126.0,0.0,0.0,1.0,1.0,
steel-plates-fault,GaussianNB,IQR Capping,1.0,0.109375,0.03125,1.8428363800048828,0.005604743957519531,0.9999999999999992,594.0,1141.0,0.0,11.0,1.0,0.9861253377832768,64.0,127.0,0.0,4.0,1.0,0.9552163408075923,
steel-plates-fault,GaussianNB,IQR Capping,2.0,0.109375,0.015625,1.8399600982666016,0.005604743957519531,0.9999999999999992,594.0,1141.0,0.0,12.0,1.0,0.984883992796265,67.0,127.0,0.0,0.0,1.0,1.0,
steel-plates-fault,GaussianNB,IQR Capping,3.0,0.109375,0.015625,1.8399085998535156,0.005604743957519531,0.9999999999999988,594.0,1141.0,0.0,12.0,1.0,0.984883992796265,65.0,127.0,0.0,2.0,1.0,0.9772963624357158,
steel-plates-fault,GaussianNB,IQR Capping,4.0,0.109375,0.015625,1.839864730834961,0.005604743957519531,1.0,597.0,1141.0,0.0,9.0,1.0,0.9886549736430649,67.0,127.0,0.0,0.0,1.0,1.0,
steel-plates-fault,GaussianNB,IQR Capping,5.0,0.109375,0.03125,1.8397655487060547,0.005604743957519531,0.9999999999999988,594.0,1141.0,0.0,12.0,1.0,0.984883992796265,65.0,127.0,0.0,2.0,1.0,0.9772963624357158,
steel-plates-fault,GaussianNB,IQR Capping,6.0,0.109375,0.015625,1.839864730834961,0.005604743957519531,0.9999999999999981,594.0,1141.0,0.0,12.0,1.0,0.984883992796265,66.0,127.0,0.0,1.0,1.0,0.9886246665662776,
steel-plates-fault,GaussianNB,IQR Capping,7.0,0.109375,0.03125,1.8398685455322266,0.005604743957519531,1.0,596.0,1141.0,0.0,10.0,1.0,0.9873973974396775,65.0,127.0,0.0,2.0,1.0,0.9772963624357158,
steel-plates-fault,GaussianNB,IQR Capping,8.0,0.109375,0.015625,1.8398246765136719,0.005604743957519531,0.9999999999999992,594.0,1141.0,0.0,12.0,1.0,0.984883992796265,66.0,127.0,0.0,1.0,1.0,0.9886246665662776,
steel-plates-fault,GaussianNB,IQR Capping,9.0,0.109375,0.03125,1.8397769927978516,0.005604743957519531,0.9999999999999964,594.0,1142.0,0.0,11.0,1.0,0.9861294604568346,67.0,126.0,0.0,1.0,1.0,0.9887041500106404,
steel-plates-fault,GaussianNB,IQR Capping,10.0,0.109375,0.03125,1.8397693634033203,0.005604743957519531,0.9999999999999997,594.0,1142.0,0.0,11.0,1.0,0.9861294604568346,68.0,126.0,0.0,0.0,1.0,1.0,
steel-plates-fault,GaussianNB,IQR Removal,1.0,0.09375,0.0,1.2481346130371094,0.0048046112060546,1.0,599.0,1141.0,0.0,6.0,1.0,0.9924230374173808,65.0,127.0,0.0,3.0,1.0,0.9663454503498036,
steel-plates-fault,GaussianNB,IQR Removal,2.0,0.078125,0.0,1.2480592727661133,0.0048046112060546,1.0,599.0,1141.0,0.0,7.0,1.0,0.991171891137725,67.0,127.0,0.0,0.0,1.0,1.0,
steel-plates-fault,GaussianNB,IQR Removal,3.0,0.078125,0.015625,1.2476930618286133,0.0048046112060546,1.0,600.0,1141.0,0.0,6.0,1.0,0.9924312393623426,66.0,127.0,0.0,1.0,1.0,0.9886246665662776,
steel-plates-fault,GaussianNB,IQR Removal,4.0,0.078125,0.0,1.2479887008666992,0.0048046112060546,1.0,599.0,1141.0,0.0,7.0,1.0,0.991171891137725,67.0,127.0,0.0,0.0,1.0,1.0,
steel-plates-fault,GaussianNB,IQR Removal,5.0,0.0625,0.015625,1.2474441528320312,0.0048046112060546,1.0,599.0,1141.0,0.0,7.0,1.0,0.991171891137725,67.0,127.0,0.0,0.0,1.0,1.0,
steel-plates-fault,GaussianNB,IQR Removal,6.0,0.078125,0.0,1.248091697692871,0.0048046112060546,1.0,600.0,1141.0,0.0,6.0,1.0,0.9924312393623426,66.0,127.0,0.0,1.0,1.0,0.9886246665662776,
steel-plates-fault,GaussianNB,IQR Removal,7.0,0.078125,0.0,1.247724533081055,0.0048046112060546,1.0,599.0,1141.0,0.0,7.0,1.0,0.991171891137725,65.0,127.0,0.0,2.0,1.0,0.9772963624357158,
steel-plates-fault,GaussianNB,IQR Removal,8.0,0.078125,0.0,1.247654914855957,0.0048046112060546,0.9999999999999996,594.0,1141.0,0.0,12.0,1.0,0.984883992796265,66.0,127.0,0.0,1.0,1.0,0.9886246665662776,
steel-plates-fault,GaussianNB,IQR Removal,9.0,0.09375,0.0,1.2480192184448242,0.0048046112060546,1.0,598.0,1142.0,0.0,7.0,1.0,0.9911649644851724,66.0,126.0,0.0,2.0,1.0,0.9774573106369644,
steel-plates-fault,GaussianNB,IQR Removal,10.0,0.078125,0.0,1.2474164962768557,0.0048046112060546,1.0,598.0,1142.0,0.0,7.0,1.0,0.9911649644851724,68.0,126.0,0.0,0.0,1.0,1.0,
steel-plates-fault,GaussianNB,PCA,1.0,0.09375,0.0,1.2200345993041992,0.007267951965332,1.0,604.0,1141.0,0.0,1.0,1.0,0.9987356497401984,68.0,127.0,0.0,0.0,1.0,1.0,
steel-plates-fault,GaussianNB,PCA,2.0,0.1875,0.09375,1.2207536697387695,0.007267951965332,1.0,605.0,1141.0,0.0,1.0,1.0,0.9987370140427682,67.0,127.0,0.0,0.0,1.0,1.0,
steel-plates-fault,GaussianNB,PCA,3.0,0.1875,0.046875,1.2207059860229492,0.007267951965332,1.0,605.0,1141.0,0.0,1.0,1.0,0.9987370140427682,67.0,127.0,0.0,0.0,1.0,1.0,
steel-plates-fault,GaussianNB,PCA,4.0,0.109375,0.0,1.2207536697387695,0.007267951965332,1.0,605.0,1141.0,0.0,1.0,1.0,0.9987370140427682,67.0,127.0,0.0,0.0,1.0,1.0,
steel-plates-fault,GaussianNB,PCA,5.0,0.1875,0.03125,1.220658302307129,0.007267951965332,1.0,605.0,1141.0,0.0,1.0,1.0,0.9987370140427682,67.0,127.0,0.0,0.0,1.0,1.0,
steel-plates-fault,GaussianNB,PCA,6.0,0.1875,0.0,1.2207536697387695,0.007267951965332,1.0,605.0,1141.0,0.0,1.0,1.0,0.9987370140427682,67.0,127.0,0.0,0.0,1.0,1.0,
steel-plates-fault,GaussianNB,PCA,7.0,0.09375,0.09375,1.2207536697387695,0.007267951965332,1.0,605.0,1141.0,0.0,1.0,1.0,0.9987370140427682,67.0,127.0,0.0,0.0,1.0,1.0,
steel-plates-fault,GaussianNB,PCA,8.0,0.1875,0.09375,1.220658302307129,0.007267951965332,1.0,606.0,1141.0,0.0,0.0,1.0,1.0,66.0,127.0,0.0,1.0,1.0,0.9886246665662776,
steel-plates-fault,GaussianNB,PCA,9.0,0.1875,0.0,1.2207059860229492,0.007267951965332,1.0,604.0,1142.0,0.0,1.0,1.0,0.998736032643048,68.0,126.0,0.0,0.0,1.0,1.0,
steel-plates-fault,GaussianNB,PCA,10.0,0.1875,0.0,1.220658302307129,0.007267951965332,1.0,604.0,1142.0,0.0,1.0,1.0,0.998736032643048,68.0,126.0,0.0,0.0,1.0,1.0,
steel-plates-fault,GaussianNB,Quantile Binning,1.0,0.03125,0.0,1.2299509048461914,0.0068702697753906,1.0,605.0,1141.0,0.0,0.0,1.0,1.0,68.0,127.0,0.0,0.0,1.0,1.0,
steel-plates-fault,GaussianNB,Quantile Binning,2.0,0.046875,0.015625,1.2303857803344729,0.0068702697753906,1.0,606.0,1141.0,0.0,0.0,1.0,1.0,67.0,127.0,0.0,0.0,1.0,1.0,
steel-plates-fault,GaussianNB,Quantile Binning,3.0,0.015625,0.015625,1.2306404113769531,0.0068702697753906,1.0,606.0,1141.0,0.0,0.0,1.0,1.0,67.0,127.0,0.0,0.0,1.0,1.0,
steel-plates-fault,GaussianNB,Quantile Binning,4.0,0.03125,0.0,1.2300443649291992,0.0068702697753906,1.0,606.0,1141.0,0.0,0.0,1.0,1.0,67.0,127.0,0.0,0.0,1.0,1.0,
steel-plates-fault,GaussianNB,Quantile Binning,5.0,0.03125,0.0,1.2302122116088867,0.0068702697753906,1.0,606.0,1141.0,0.0,0.0,1.0,1.0,67.0,127.0,0.0,0.0,1.0,1.0,
steel-plates-fault,GaussianNB,Quantile Binning,6.0,0.03125,0.0,1.230778694152832,0.0068702697753906,1.0,606.0,1141.0,0.0,0.0,1.0,1.0,67.0,127.0,0.0,0.0,1.0,1.0,
steel-plates-fault,GaussianNB,Quantile Binning,7.0,0.03125,0.0,1.2303972244262695,0.0068702697753906,1.0,606.0,1141.0,0.0,0.0,1.0,1.0,67.0,127.0,0.0,0.0,1.0,1.0,
steel-plates-fault,GaussianNB,Quantile Binning,8.0,0.03125,0.0,1.2303438186645508,0.0068702697753906,1.0,606.0,1141.0,0.0,0.0,1.0,1.0,67.0,127.0,0.0,0.0,1.0,1.0,
steel-plates-fault,GaussianNB,Quantile Binning,9.0,0.03125,0.0,1.2316312789916992,0.0068702697753906,1.0,605.0,1142.0,0.0,0.0,1.0,1.0,68.0,126.0,0.0,0.0,1.0,1.0,
steel-plates-fault,GaussianNB,Quantile Binning,10.0,0.03125,0.0,1.2305364608764648,0.0068702697753906,1.0,605.0,1142.0,0.0,0.0,1.0,1.0,68.0,126.0,0.0,0.0,1.0,1.0,
steel-plates-fault,GaussianNB,Quantile Transform,1.0,0.078125,0.0,1.4393815994262695,0.1956462860107422,1.0,602.0,1141.0,0.0,3.0,1.0,0.9962087874622828,68.0,127.0,0.0,0.0,1.0,1.0,
steel-plates-fault,GaussianNB,Quantile Transform,2.0,0.078125,0.015625,1.439863204956055,0.1956462860107422,1.0,603.0,1141.0,0.0,3.0,1.0,0.9962128835723592,67.0,127.0,0.0,0.0,1.0,1.0,
steel-plates-fault,GaussianNB,Quantile Transform,3.0,0.109375,0.015625,1.4401979446411133,0.1956462860107422,1.0,603.0,1141.0,0.0,3.0,1.0,0.9962128835723592,67.0,127.0,0.0,0.0,1.0,1.0,
steel-plates-fault,GaussianNB,Quantile Transform,4.0,0.09375,0.0,1.4395837783813477,0.1956462860107422,1.0,603.0,1141.0,0.0,3.0,1.0,0.9962128835723592,67.0,127.0,0.0,0.0,1.0,1.0,
steel-plates-fault,GaussianNB,Quantile Transform,5.0,0.078125,0.015625,1.4401016235351562,0.1956462860107422,1.0,603.0,1141.0,0.0,3.0,1.0,0.9962128835723592,67.0,127.0,0.0,0.0,1.0,1.0,
steel-plates-fault,GaussianNB,Quantile Transform,6.0,0.09375,0.015625,1.4402732849121094,0.1956462860107422,1.0,603.0,1141.0,0.0,3.0,1.0,0.9962128835723592,67.0,127.0,0.0,0.0,1.0,1.0,
steel-plates-fault,GaussianNB,Quantile Transform,7.0,0.09375,0.015625,1.4410638809204102,0.1956462860107422,1.0,604.0,1141.0,0.0,2.0,1.0,0.9974746430588384,66.0,127.0,0.0,1.0,1.0,0.9886246665662776,
steel-plates-fault,GaussianNB,Quantile Transform,8.0,0.078125,0.0,1.440351486206055,0.1956462860107422,1.0,604.0,1141.0,0.0,2.0,1.0,0.9974746430588384,66.0,127.0,0.0,1.0,1.0,0.9886246665662776,
steel-plates-fault,GaussianNB,Quantile Transform,9.0,0.078125,0.015625,1.440079689025879,0.1956462860107422,1.0,603.0,1142.0,0.0,2.0,1.0,0.997472677556836,67.0,126.0,0.0,1.0,1.0,0.9887041500106404,
steel-plates-fault,GaussianNB,Quantile Transform,10.0,0.09375,0.015625,1.4395275115966797,0.1956462860107422,1.0,602.0,1142.0,0.0,3.0,1.0,0.9962099312626904,68.0,126.0,0.0,0.0,1.0,1.0,
steel-plates-fault,GaussianNB,Random Undersampling,1.0,0.046875,0.0,1.3012990951538086,0.0141286849975585,1.0,599.0,1141.0,0.0,6.0,1.0,0.9924230374173808,65.0,127.0,0.0,3.0,1.0,0.9663454503498036,
steel-plates-fault,GaussianNB,Random Undersampling,2.0,0.046875,0.0,1.302934646606445,0.014143943786621,1.0,599.0,1141.0,0.0,7.0,1.0,0.991171891137725,67.0,127.0,0.0,0.0,1.0,1.0,
steel-plates-fault,GaussianNB,Random Undersampling,3.0,0.03125,0.0,1.3026676177978516,0.014143943786621,1.0,599.0,1141.0,0.0,7.0,1.0,0.991171891137725,66.0,127.0,0.0,1.0,1.0,0.9886246665662776,
steel-plates-fault,GaussianNB,Random Undersampling,4.0,0.03125,0.0,1.3028507232666016,0.014143943786621,1.0,599.0,1141.0,0.0,7.0,1.0,0.991171891137725,67.0,127.0,0.0,0.0,1.0,1.0,
steel-plates-fault,GaussianNB,Random Undersampling,5.0,0.03125,0.0,1.3027992248535156,0.014143943786621,1.0,599.0,1141.0,0.0,7.0,1.0,0.991171891137725,67.0,127.0,0.0,0.0,1.0,1.0,
steel-plates-fault,GaussianNB,Random Undersampling,6.0,0.03125,0.0,1.302846908569336,0.014143943786621,1.0,600.0,1141.0,0.0,6.0,1.0,0.9924312393623426,66.0,127.0,0.0,1.0,1.0,0.9886246665662776,
steel-plates-fault,GaussianNB,Random Undersampling,7.0,0.03125,0.0,1.302938461303711,0.014143943786621,1.0,599.0,1141.0,0.0,7.0,1.0,0.991171891137725,65.0,127.0,0.0,2.0,1.0,0.9772963624357158,
steel-plates-fault,GaussianNB,Random Undersampling,8.0,0.03125,0.0,1.3027591705322266,0.014143943786621,0.9999999999999964,594.0,1141.0,0.0,12.0,1.0,0.984883992796265,66.0,127.0,0.0,1.0,1.0,0.9886246665662776,
steel-plates-fault,GaussianNB,Random Undersampling,9.0,0.03125,0.0,1.3007926940917969,0.0141286849975585,1.0,599.0,1142.0,0.0,6.0,1.0,0.9924253103683216,67.0,126.0,0.0,1.0,1.0,0.9887041500106404,
steel-plates-fault,GaussianNB,Random Undersampling,10.0,0.03125,0.0,1.3009252548217771,0.0141286849975585,1.0,598.0,1142.0,0.0,7.0,1.0,0.9911649644851724,68.0,126.0,0.0,0.0,1.0,1.0,
steel-plates-fault,GaussianNB,SMOTE / SMOTENC,1.0,0.625,0.0,9.536556243896484,0.2364702224731445,0.9999999999999996,594.0,1141.0,0.0,11.0,1.0,0.9861253377832768,65.0,127.0,0.0,3.0,1.0,0.9663454503498036,
steel-plates-fault,GaussianNB,SMOTE / SMOTENC,2.0,0.625,0.0,9.561408042907717,0.2367944717407226,1.0,597.0,1141.0,0.0,9.0,1.0,0.9886549736430648,66.0,127.0,0.0,1.0,1.0,0.9886246665662776,
steel-plates-fault,GaussianNB,SMOTE / SMOTENC,3.0,0.640625,0.0,9.561233520507812,0.2368288040161132,1.0,600.0,1141.0,0.0,6.0,1.0,0.9924312393623426,66.0,127.0,0.0,1.0,1.0,0.9886246665662776,
steel-plates-fault,GaussianNB,SMOTE / SMOTENC,4.0,0.65625,0.0,9.56192398071289,0.2368288040161132,1.0,598.0,1141.0,0.0,8.0,1.0,0.9899131370537276,67.0,127.0,0.0,0.0,1.0,1.0,
steel-plates-fault,GaussianNB,SMOTE / SMOTENC,5.0,0.625,0.0,9.561452865600586,0.236851692199707,1.0,595.0,1141.0,0.0,11.0,1.0,0.9861404049786724,66.0,127.0,0.0,1.0,1.0,0.9886246665662776,
steel-plates-fault,GaussianNB,SMOTE / SMOTENC,6.0,0.625,0.0,9.561168670654297,0.2368173599243164,1.0,597.0,1141.0,0.0,9.0,1.0,0.9886549736430648,66.0,127.0,0.0,1.0,1.0,0.9886246665662776,
steel-plates-fault,GaussianNB,SMOTE / SMOTENC,7.0,0.65625,0.015625,9.56120491027832,0.2367715835571289,1.0,598.0,1141.0,0.0,8.0,1.0,0.9899131370537276,65.0,127.0,0.0,2.0,1.0,0.9772963624357158,
steel-plates-fault,GaussianNB,SMOTE / SMOTENC,8.0,0.625,0.0,9.562058448791504,0.2368631362915039,0.9999999999997308,594.0,1141.0,0.0,12.0,1.0,0.984883992796265,66.0,127.0,0.0,1.0,0.9925373134328358,0.9886246665662776,
steel-plates-fault,GaussianNB,SMOTE / SMOTENC,9.0,0.625,0.0,9.53742504119873,0.2365388870239257,0.9999999999999174,594.0,1142.0,0.0,11.0,1.0,0.9861294604568346,66.0,126.0,0.0,2.0,1.0,0.9774573106369644,
steel-plates-fault,GaussianNB,SMOTE / SMOTENC,10.0,0.640625,0.0,9.537623405456545,0.2364702224731445,1.0,598.0,1142.0,0.0,7.0,1.0,0.9911649644851724,68.0,126.0,0.0,0.0,1.0,1.0,
steel-plates-fault,GaussianNB,Select Percentile (Mutual Info),1.0,1.09375,0.015625,2.44024658203125,0.0046033859252929,5.4002817856301635e-75,604.0,889.0,252.0,1.0,0.8988541296962936,0.74008642261161,68.0,94.0,33.0,0.0,0.8627836961556276,0.7059205678635839,
steel-plates-fault,GaussianNB,Select Percentile (Mutual Info),2.0,0.296875,0.0,2.4423751831054688,0.0046033859252929,0.999999006023887,597.0,882.0,259.0,9.0,0.8950048159943076,0.7218736723229247,67.0,104.0,23.0,0.0,0.9048654365965448,0.7807840911707742,
steel-plates-fault,GaussianNB,Select Percentile (Mutual Info),3.0,0.28125,0.015625,2.4419336318969727,0.0046033859252929,1.0091555838406881e-13,603.0,888.0,253.0,3.0,0.9039006661402336,0.7363077582620934,66.0,96.0,31.0,1.0,0.8833000352567869,0.7046510360585614,
steel-plates-fault,GaussianNB,Select Percentile (Mutual Info),4.0,0.28125,0.015625,2.441709518432617,0.0046033859252929,0.4965788863446365,600.0,885.0,256.0,6.0,0.8973571327334311,0.729090715292509,67.0,99.0,28.0,0.0,0.9162651310377248,0.741466161038512,
steel-plates-fault,GaussianNB,Select Percentile (Mutual Info),5.0,0.28125,0.0,2.4421043395996094,0.0046033859252929,5.609910172227616e-48,604.0,889.0,252.0,2.0,0.9042130549601848,0.7387134392519549,67.0,94.0,33.0,0.0,0.874133270654601,0.7042055891648571,
steel-plates-fault,GaussianNB,Select Percentile (Mutual Info),6.0,0.296875,0.0,2.4415340423583984,0.0046033859252929,0.999999120217254,597.0,882.0,259.0,9.0,0.8965154184130071,0.7218736723229247,66.0,103.0,24.0,1.0,0.932659536960865,0.7590458429378336,
steel-plates-fault,GaussianNB,Select Percentile (Mutual Info),7.0,0.296875,0.0,2.441889762878418,0.0046033859252929,0.9999986944634848,597.0,882.0,259.0,9.0,0.8984374774024291,0.7218736723229247,65.0,104.0,23.0,2.0,0.9276648254789048,0.7536120019593522,
steel-plates-fault,GaussianNB,Select Percentile (Mutual Info),8.0,0.28125,0.0,2.4418020248413086,0.0046033859252929,0.9999702497940068,596.0,898.0,243.0,10.0,0.9080716353843974,0.734079750446432,66.0,87.0,40.0,1.0,0.8701962627805853,0.6400202018427503,
steel-plates-fault,GaussianNB,Select Percentile (Mutual Info),9.0,0.296875,0.015625,2.441625595092773,0.0046033859252929,0.9998639677087116,599.0,885.0,257.0,6.0,0.9003596705793808,0.728146056096569,67.0,100.0,26.0,1.0,0.8794351073762839,0.7439509663609525,
steel-plates-fault,GaussianNB,Select Percentile (Mutual Info),10.0,0.28125,0.0,2.4417104721069336,0.0046033859252929,0.9999991370138456,597.0,883.0,259.0,8.0,0.8985779623974178,0.7233328281791359,68.0,103.0,23.0,0.0,0.9208099906629318,0.7815685945534949,
steel-plates-fault,GaussianNB,Uniform Binning,1.0,0.03125,0.015625,1.2312211990356443,0.0068836212158203,1.0,599.0,1141.0,0.0,6.0,1.0,0.9924230374173808,67.0,127.0,0.0,1.0,1.0,0.988734801325887,
steel-plates-fault,GaussianNB,Uniform Binning,2.0,0.015625,0.0,1.2315759658813477,0.0068836212158203,1.0,605.0,1141.0,0.0,1.0,1.0,0.9987370140427682,67.0,127.0,0.0,0.0,1.0,1.0,
steel-plates-fault,GaussianNB,Uniform Binning,3.0,0.03125,0.015625,1.2320547103881836,0.0068836212158203,1.0,605.0,1141.0,0.0,1.0,1.0,0.9987370140427682,67.0,127.0,0.0,0.0,1.0,1.0,
steel-plates-fault,GaussianNB,Uniform Binning,4.0,0.015625,0.0,1.231440544128418,0.0068836212158203,1.0,605.0,1141.0,0.0,1.0,1.0,0.9987370140427682,67.0,127.0,0.0,0.0,1.0,1.0,
steel-plates-fault,GaussianNB,Uniform Binning,5.0,0.03125,0.015625,1.2317838668823242,0.0068836212158203,1.0,605.0,1141.0,0.0,1.0,1.0,0.9987370140427682,67.0,127.0,0.0,0.0,1.0,1.0,
steel-plates-fault,GaussianNB,Uniform Binning,6.0,0.015625,0.0,1.2318792343139648,0.0068836212158203,1.0,605.0,1141.0,0.0,1.0,1.0,0.9987370140427682,67.0,127.0,0.0,0.0,1.0,1.0,
steel-plates-fault,GaussianNB,Uniform Binning,7.0,0.015625,0.0,1.231611251831055,0.0068836212158203,1.0,603.0,1141.0,0.0,3.0,1.0,0.9962128835723592,66.0,127.0,0.0,1.0,1.0,0.9886246665662776,
steel-plates-fault,GaussianNB,Uniform Binning,8.0,0.03125,0.0,1.2313051223754885,0.0068836212158203,1.0,606.0,1141.0,0.0,0.0,1.0,1.0,66.0,127.0,0.0,1.0,0.9925373134328358,0.9886246665662776,
steel-plates-fault,GaussianNB,Uniform Binning,9.0,0.015625,0.0,1.2315874099731443,0.0068836212158203,1.0,604.0,1142.0,0.0,1.0,1.0,0.998736032643048,68.0,126.0,0.0,0.0,1.0,1.0,
steel-plates-fault,GaussianNB,Uniform Binning,10.0,0.03125,0.0,1.232161521911621,0.0068836212158203,1.0,604.0,1142.0,0.0,1.0,1.0,0.998736032643048,68.0,126.0,0.0,0.0,1.0,1.0,
steel-plates-fault,GaussianNB,Yeo-Johnson,1.0,0.1875,0.0,1.500290870666504,0.0049352645874023,1.0,600.0,1141.0,0.0,5.0,1.0,0.9936843529564832,64.0,127.0,0.0,4.0,1.0,0.9552163408075924,
steel-plates-fault,GaussianNB,Yeo-Johnson,2.0,0.1875,0.0,1.5009469985961914,0.0049352645874023,1.0,598.0,1141.0,0.0,8.0,1.0,0.9899131370537276,67.0,127.0,0.0,0.0,1.0,1.0,
steel-plates-fault,GaussianNB,Yeo-Johnson,3.0,0.203125,0.0,1.5008153915405271,0.0049352645874023,1.0,599.0,1141.0,0.0,7.0,1.0,0.991171891137725,66.0,127.0,0.0,1.0,1.0,0.9886246665662776,
steel-plates-fault,GaussianNB,Yeo-Johnson,4.0,0.203125,0.0,1.500807762145996,0.0049352645874023,1.0,602.0,1141.0,0.0,4.0,1.0,0.9949517321090507,67.0,127.0,0.0,0.0,1.0,1.0,
steel-plates-fault,GaussianNB,Yeo-Johnson,5.0,0.203125,0.0,1.5007638931274414,0.0049352645874023,1.0,598.0,1141.0,0.0,8.0,1.0,0.9899131370537276,67.0,127.0,0.0,0.0,1.0,1.0,
steel-plates-fault,GaussianNB,Yeo-Johnson,6.0,0.203125,0.015625,1.5007200241088867,0.0049352645874023,1.0,599.0,1141.0,0.0,7.0,1.0,0.991171891137725,66.0,127.0,0.0,1.0,1.0,0.9886246665662776,
steel-plates-fault,GaussianNB,Yeo-Johnson,7.0,0.21875,0.015625,1.5009069442749023,0.0049352645874023,1.0,599.0,1141.0,0.0,7.0,1.0,0.991171891137725,66.0,127.0,0.0,1.0,1.0,0.9886246665662776,
steel-plates-fault,GaussianNB,Yeo-Johnson,8.0,0.203125,0.0,1.5009069442749023,0.0049352645874023,1.0,599.0,1141.0,0.0,7.0,1.0,0.991171891137725,66.0,127.0,0.0,1.0,1.0,0.9886246665662776,
steel-plates-fault,GaussianNB,Yeo-Johnson,9.0,0.203125,0.0,1.5009031295776367,0.0049352645874023,1.0,598.0,1142.0,0.0,7.0,1.0,0.9911649644851724,67.0,126.0,0.0,1.0,1.0,0.9887041500106404,
steel-plates-fault,GaussianNB,Yeo-Johnson,10.0,0.203125,0.0,1.500840187072754,0.0049352645874023,1.0,597.0,1142.0,0.0,8.0,1.0,0.9899052100223136,68.0,126.0,0.0,0.0,1.0,1.0,
steel-plates-fault,KNN,Baseline,1.0,0.015625,0.0,1.219975471496582,0.4831714630126953,0.6,503.0,1067.0,74.0,102.0,0.967410782190481,0.775471052990113,52.0,113.0,14.0,16.0,0.901806391848078,0.6591420425065754,
steel-plates-fault,KNN,Baseline,2.0,0.21875,0.09375,1.2199678421020508,0.4834461212158203,0.6,505.0,1075.0,66.0,101.0,0.9689599766286884,0.7869248316847604,50.0,112.0,15.0,17.0,0.9291338582677164,0.6327860759804848,
steel-plates-fault,KNN,Baseline,3.0,0.21875,0.078125,1.2199230194091797,0.4834461212158203,0.6,497.0,1080.0,61.0,109.0,0.9686685583545208,0.7826717436561955,43.0,116.0,11.0,24.0,0.9156187566106476,0.5889924520936054,
steel-plates-fault,KNN,Baseline,4.0,0.21875,0.0,1.2198724746704102,0.4834461212158203,0.6,503.0,1070.0,71.0,103.0,0.9679685759987042,0.7780834621902474,53.0,117.0,10.0,14.0,0.9390645199200848,0.7232677483070331,
steel-plates-fault,KNN,Baseline,5.0,0.21875,0.0,1.2208051681518557,0.4834461212158203,0.6,505.0,1071.0,70.0,101.0,0.9686533727868842,0.7819689396938264,48.0,114.0,13.0,19.0,0.8916441414972381,0.6288633645877774,
steel-plates-fault,KNN,Baseline,6.0,0.21875,0.0,1.220231056213379,0.4834461212158203,0.6,505.0,1071.0,70.0,101.0,0.9691516040298156,0.7819689396938264,52.0,111.0,16.0,15.0,0.9053355270889648,0.64789284030548,
steel-plates-fault,KNN,Baseline,7.0,0.21875,0.0,1.2201032638549805,0.4834461212158203,0.6,504.0,1075.0,66.0,102.0,0.968199975124594,0.7856049025809717,49.0,116.0,11.0,18.0,0.9256669408861206,0.6632671939514408,
steel-plates-fault,KNN,Baseline,8.0,0.109375,0.0,1.2202272415161133,0.4834461212158203,0.6,509.0,1068.0,73.0,97.0,0.9670444257396816,0.7835942322424255,47.0,115.0,12.0,20.0,0.8979903631449053,0.6273908404550278,
steel-plates-fault,KNN,Baseline,9.0,0.21875,0.109375,1.2207765579223633,0.4834461212158203,0.5640000000000327,504.0,1069.0,73.0,101.0,0.9694236586530808,0.778094642677492,49.0,111.0,15.0,19.0,0.8770424836601307,0.6104400540852025,
steel-plates-fault,KNN,Baseline,10.0,0.21875,0.109375,1.2198514938354492,0.4834461212158203,0.6,496.0,1075.0,67.0,109.0,0.965809584461073,0.7749254166343911,57.0,114.0,12.0,11.0,0.9507469654528478,0.7405380079544774,
steel-plates-fault,KNN,IQR Capping,1.0,0.09375,0.21875,1.8386707305908203,0.48418331146240234,0.4300000000000182,509.0,1074.0,67.0,96.0,0.9692751754659172,0.7920584493722898,52.0,113.0,14.0,16.0,0.9132700324224178,0.6591420425065754,
steel-plates-fault,KNN,IQR Capping,2.0,0.28125,0.21875,1.8396577835083008,0.48445796966552734,0.6,513.0,1076.0,65.0,93.0,0.9715133213584286,0.7987244754933434,50.0,114.0,13.0,17.0,0.9307204136796332,0.6538168607448003,
steel-plates-fault,KNN,IQR Capping,3.0,0.390625,0.21875,1.8396129608154297,0.48445796966552734,0.6,504.0,1077.0,64.0,102.0,0.9703433095281483,0.7881001243173268,42.0,116.0,11.0,25.0,0.9105065225055823,0.5764846538834036,
steel-plates-fault,KNN,IQR Capping,4.0,0.390625,0.171875,1.8394298553466797,0.48445796966552734,0.6,512.0,1072.0,69.0,94.0,0.9705378294183494,0.7924750348185647,53.0,117.0,10.0,14.0,0.9480550005876132,0.7232677483070331,
steel-plates-fault,KNN,IQR Capping,5.0,0.40625,0.21875,1.8394775390625,0.48445796966552734,0.6,507.0,1069.0,72.0,99.0,0.9700620149657385,0.782161117272922,43.0,113.0,14.0,24.0,0.8740157480314961,0.5548679173708232,
steel-plates-fault,KNN,IQR Capping,6.0,0.5,0.21875,1.8397083282470703,0.48445796966552734,0.6,509.0,1076.0,65.0,97.0,0.9703020915588492,0.793445897560344,52.0,112.0,15.0,15.0,0.917029028087907,0.6580091667646022,
steel-plates-fault,KNN,IQR Capping,7.0,0.390625,0.234375,1.8395652770996094,0.48445796966552734,0.6,505.0,1079.0,62.0,101.0,0.9710845098532641,0.7919199613962928,50.0,115.0,12.0,17.0,0.9168527441532495,0.6645961071148123,
steel-plates-fault,KNN,IQR Capping,8.0,0.296875,0.21875,1.8397083282470703,0.48445796966552734,0.6,515.0,1070.0,71.0,91.0,0.9682491474388456,0.7940078803612519,49.0,114.0,13.0,18.0,0.8989893054412974,0.6413484250411964,
steel-plates-fault,KNN,IQR Capping,9.0,0.390625,0.21875,1.839569091796875,0.48445796966552734,0.6,506.0,1070.0,72.0,99.0,0.9697970792143694,0.78198200186191,53.0,111.0,15.0,15.0,0.9076797385620915,0.6603641456582633,
steel-plates-fault,KNN,IQR Capping,10.0,0.390625,0.21875,1.8395652770996094,0.48445796966552734,0.6,496.0,1075.0,67.0,109.0,0.9670528722988523,0.7749254166343911,56.0,118.0,8.0,12.0,0.9580415499533147,0.7712816515721457,
steel-plates-fault,KNN,IQR Removal,1.0,0.078125,0.109375,1.2477617263793943,0.4833831787109375,0.6,503.0,1067.0,74.0,102.0,0.967410782190481,0.775471052990113,52.0,113.0,14.0,16.0,0.901806391848078,0.6591420425065754,
steel-plates-fault,KNN,IQR Removal,2.0,0.375,0.046875,1.246657371520996,0.4836578369140625,0.6,505.0,1075.0,66.0,101.0,0.9689599766286884,0.7869248316847604,50.0,112.0,15.0,17.0,0.9291338582677164,0.6327860759804848,
steel-plates-fault,KNN,IQR Removal,3.0,0.46875,0.0,1.2472400665283203,0.4836578369140625,0.6,497.0,1080.0,61.0,109.0,0.9686685583545208,0.7826717436561955,43.0,116.0,11.0,24.0,0.9156187566106476,0.5889924520936054,
steel-plates-fault,KNN,IQR Removal,4.0,0.46875,0.109375,1.2470932006835938,0.4836578369140625,0.6,503.0,1070.0,71.0,103.0,0.9679685759987042,0.7780834621902474,53.0,117.0,10.0,14.0,0.9390645199200848,0.7232677483070331,
steel-plates-fault,KNN,IQR Removal,5.0,0.359375,0.109375,1.2470417022705078,0.4836578369140625,0.6,505.0,1071.0,70.0,101.0,0.9686533727868842,0.7819689396938264,48.0,114.0,13.0,19.0,0.8916441414972381,0.6288633645877774,
steel-plates-fault,KNN,IQR Removal,6.0,0.453125,0.0625,1.2473621368408203,0.4836578369140625,0.6,505.0,1071.0,70.0,101.0,0.9691516040298156,0.7819689396938264,52.0,111.0,16.0,15.0,0.9053355270889648,0.64789284030548,
steel-plates-fault,KNN,IQR Removal,7.0,0.40625,0.015625,1.246964454650879,0.4836578369140625,0.6,504.0,1075.0,66.0,102.0,0.968199975124594,0.7856049025809717,49.0,116.0,11.0,18.0,0.9256669408861206,0.6632671939514408,
steel-plates-fault,KNN,IQR Removal,8.0,0.375,0.0625,1.2468652725219729,0.4836578369140625,0.6,509.0,1068.0,73.0,97.0,0.9670444257396816,0.7835942322424255,47.0,115.0,12.0,20.0,0.8979903631449053,0.6273908404550278,
steel-plates-fault,KNN,IQR Removal,9.0,0.46875,0.109375,1.2470169067382812,0.4836578369140625,0.5640000000000327,504.0,1069.0,73.0,101.0,0.9694236586530808,0.778094642677492,49.0,111.0,15.0,19.0,0.8770424836601307,0.6104400540852025,
steel-plates-fault,KNN,IQR Removal,10.0,0.375,0.109375,1.2471418380737305,0.4836578369140625,0.6,496.0,1075.0,67.0,109.0,0.965809584461073,0.7749254166343911,57.0,114.0,12.0,11.0,0.9507469654528478,0.7405380079544774,
steel-plates-fault,KNN,PCA,1.0,0.296875,0.171875,1.2199296951293943,0.3130712509155273,0.6,509.0,1068.0,73.0,96.0,0.9686305328803934,0.7846851137378638,53.0,111.0,16.0,15.0,0.9114752200092636,0.6512442705178569,
steel-plates-fault,KNN,PCA,2.0,0.359375,0.09375,1.2206010818481443,0.3132467269897461,0.6,510.0,1071.0,70.0,96.0,0.9704047749209628,0.7885964903330664,53.0,114.0,13.0,14.0,0.9321894464684451,0.691164465053494,
steel-plates-fault,KNN,PCA,3.0,0.375,0.1875,1.2206010818481443,0.3132467269897461,0.6,510.0,1075.0,66.0,96.0,0.9694198823913942,0.7935267058097845,45.0,117.0,10.0,22.0,0.9236690562933364,0.6255084253894474,
steel-plates-fault,KNN,PCA,4.0,0.375,0.1875,1.220505714416504,0.3132467269897461,0.6,514.0,1070.0,71.0,92.0,0.9704980576935872,0.7926799319791528,54.0,115.0,12.0,13.0,0.9380655776236926,0.7140460190160158,
steel-plates-fault,KNN,PCA,5.0,0.359375,0.1875,1.220505714416504,0.3132467269897461,0.6,518.0,1072.0,69.0,88.0,0.9705349369292756,0.8004281010892955,47.0,114.0,13.0,20.0,0.9096251028322953,0.6163573012694943,
steel-plates-fault,KNN,PCA,6.0,0.375,0.0,1.2204580307006836,0.3132467269897461,0.6,512.0,1071.0,70.0,94.0,0.9708863743517208,0.7912486219630243,54.0,109.0,18.0,13.0,0.919026912680691,0.6537575656362491,
steel-plates-fault,KNN,PCA,7.0,0.359375,0.078125,1.2205533981323242,0.3132467269897461,0.6,515.0,1078.0,63.0,91.0,0.9728872536683992,0.8038362606382646,47.0,115.0,12.0,20.0,0.9220237395698672,0.6273908404550278,
steel-plates-fault,KNN,PCA,8.0,0.375,0.140625,1.220505714416504,0.3132467269897461,0.6,519.0,1071.0,70.0,87.0,0.9703331858163906,0.8005367734516892,49.0,116.0,11.0,18.0,0.9054530497120696,0.6632671939514408,
steel-plates-fault,KNN,PCA,9.0,0.375,0.15625,1.220505714416504,0.3132467269897461,0.6,517.0,1071.0,71.0,88.0,0.972358917948792,0.7978302146879575,50.0,113.0,13.0,18.0,0.885329131652661,0.6440699013700457,
steel-plates-fault,KNN,PCA,10.0,0.375,0.140625,1.2205533981323242,0.3132467269897461,0.6,505.0,1076.0,66.0,100.0,0.9686674096481452,0.7880683241890575,58.0,115.0,11.0,10.0,0.9437441643323996,0.7631054558877429,
steel-plates-fault,KNN,Quantile Binning,1.0,0.21875,0.046875,1.229222297668457,0.4854488372802734,0.4,551.0,962.0,179.0,54.0,0.9475427528411356,0.7272858802843992,59.0,99.0,28.0,9.0,0.8828161185734137,0.6204492854433201,
steel-plates-fault,KNN,Quantile Binning,2.0,0.21875,0.0,1.2299280166625977,0.4857234954833984,0.6,451.0,1079.0,62.0,155.0,0.9492078918671883,0.7210083277969104,41.0,114.0,13.0,26.0,0.8620284404747914,0.5406162727091179,
steel-plates-fault,KNN,Quantile Binning,3.0,0.21875,0.15625,1.2292909622192385,0.4857234954833984,0.4,555.0,956.0,185.0,51.0,0.9498102527167704,0.7260204369611006,52.0,104.0,23.0,15.0,0.8736044188506289,0.5809845094981906,
steel-plates-fault,KNN,Quantile Binning,4.0,0.328125,0.0625,1.2303190231323242,0.4857234954833984,0.4,547.0,941.0,200.0,59.0,0.9410807206925776,0.6997864298551396,59.0,110.0,17.0,8.0,0.9286637677752968,0.7273779789951348,
steel-plates-fault,KNN,Quantile Binning,5.0,0.328125,0.109375,1.2301912307739258,0.4857234954833984,0.4,561.0,945.0,196.0,45.0,0.9514539096328564,0.7242089381595517,49.0,90.0,37.0,18.0,0.8226583617346339,0.4211487101056946,
steel-plates-fault,KNN,Quantile Binning,6.0,0.21875,0.09375,1.231022834777832,0.4857234954833984,0.6,456.0,1071.0,70.0,150.0,0.9474702290562098,0.7171093440873346,46.0,106.0,21.0,21.0,0.8740745093430485,0.5212128334704431,
steel-plates-fault,KNN,Quantile Binning,7.0,0.21875,0.0,1.230149269104004,0.4857234954833984,0.4,555.0,953.0,188.0,51.0,0.9510258212499604,0.7231035684344365,52.0,101.0,26.0,15.0,0.8483958161946175,0.5541143492492389,
steel-plates-fault,KNN,Quantile Binning,8.0,0.328125,0.0,1.230271339416504,0.4857234954833984,0.4,552.0,940.0,201.0,54.0,0.943728794439479,0.7061811564676548,55.0,103.0,24.0,12.0,0.8874133270654601,0.6115589253429365,
steel-plates-fault,KNN,Quantile Binning,9.0,0.25,0.109375,1.2300291061401367,0.4857234954833984,0.4,551.0,956.0,186.0,54.0,0.9484361204787888,0.7205155822206489,53.0,86.0,40.0,15.0,0.8201447245564892,0.4411983705209244,
steel-plates-fault,KNN,Quantile Binning,10.0,0.328125,0.109375,1.230036735534668,0.4857234954833984,0.6,445.0,1079.0,63.0,160.0,0.945683229364172,0.7128348207897657,40.0,120.0,6.0,28.0,0.8950746965452847,0.6064835814548096,
steel-plates-fault,KNN,Quantile Transform,1.0,0.375,0.0625,1.4401063919067385,0.674224853515625,0.4,578.0,961.0,180.0,27.0,0.9627469017318432,0.7657747547319913,54.0,96.0,31.0,14.0,0.8557781380268642,0.5286052685200381,
steel-plates-fault,KNN,Quantile Transform,2.0,0.453125,0.125,1.439859390258789,0.67449951171875,0.4,573.0,955.0,186.0,33.0,0.9591175594334193,0.7514162432088721,57.0,99.0,28.0,10.0,0.890997767070161,0.6040123566048198,
steel-plates-fault,KNN,Quantile Transform,3.0,0.484375,0.15625,1.4408512115478516,0.67449951171875,0.4,569.0,963.0,178.0,37.0,0.9592021647388228,0.7532645522169384,52.0,104.0,23.0,15.0,0.8808908214831356,0.5809845094981906,
steel-plates-fault,KNN,Quantile Transform,4.0,0.375,0.15625,1.4397306442260742,0.67449951171875,0.4,567.0,955.0,186.0,39.0,0.9544555901690082,0.7426073968672307,58.0,102.0,25.0,9.0,0.9193207192384536,0.6427599202543554,
steel-plates-fault,KNN,Quantile Transform,5.0,0.484375,0.109375,1.4396991729736328,0.67449951171875,0.6,467.0,1085.0,56.0,139.0,0.9599310719853756,0.7498983391632738,40.0,110.0,17.0,27.0,0.8499236102949819,0.4834699231391586,
steel-plates-fault,KNN,Quantile Transform,6.0,0.375,0.109375,1.4396848678588867,0.67449951171875,0.6,475.0,1081.0,60.0,131.0,0.9593496816815774,0.7551141601762175,49.0,109.0,18.0,18.0,0.8713714890116349,0.5896110001175227,
steel-plates-fault,KNN,Quantile Transform,7.0,0.390625,0.109375,1.4395952224731443,0.67449951171875,0.6,465.0,1085.0,56.0,141.0,0.9569214371042714,0.7472894395350772,43.0,116.0,11.0,24.0,0.8959337172405689,0.5889924520936054,
steel-plates-fault,KNN,Quantile Transform,8.0,0.375,0.109375,1.439260482788086,0.67449951171875,0.4,573.0,947.0,194.0,33.0,0.956710285401897,0.7438073120569973,55.0,102.0,25.0,12.0,0.8807732988600305,0.6027786202728577,
steel-plates-fault,KNN,Quantile Transform,9.0,0.375,0.109375,1.4404783248901367,0.67449951171875,0.4,568.0,963.0,179.0,37.0,0.9594194612901824,0.7521647154753978,58.0,88.0,38.0,10.0,0.8894724556489263,0.526164454580599,
steel-plates-fault,KNN,Quantile Transform,10.0,0.46875,0.109375,1.4397916793823242,0.67449951171875,0.4,564.0,969.0,173.0,41.0,0.9581175551084802,0.7521843442927765,58.0,107.0,19.0,10.0,0.9092553688141924,0.6847464749702459,
steel-plates-fault,KNN,Random Undersampling,1.0,0.328125,0.03125,1.3006725311279297,0.3454904556274414,0.8,461.0,1058.0,83.0,144.0,0.9422487161472104,0.7081731644540101,50.0,109.0,18.0,18.0,0.8787633163501621,0.5935618341824919,
steel-plates-fault,KNN,Random Undersampling,2.0,0.234375,0.109375,1.3026399612426758,0.3460550308227539,0.4279999999999745,546.0,971.0,170.0,60.0,0.9479539978537732,0.7277965095917514,57.0,106.0,21.0,10.0,0.923375249735574,0.6646636949447884,
steel-plates-fault,KNN,Random Undersampling,3.0,0.234375,0.078125,1.3026390075683594,0.3460550308227539,0.8,465.0,1084.0,57.0,141.0,0.95000549572924,0.745966603059894,39.0,116.0,11.0,28.0,0.8938770713362322,0.5386356475583185,
steel-plates-fault,KNN,Random Undersampling,4.0,0.15625,0.0,1.302682876586914,0.3460550308227539,0.6,548.0,974.0,167.0,58.0,0.9475259094708768,0.7336923332410442,56.0,104.0,23.0,11.0,0.9390645199200848,0.6336237256993676,
steel-plates-fault,KNN,Random Undersampling,5.0,0.234375,0.109375,1.3026437759399414,0.3460550308227539,0.8,469.0,1065.0,76.0,137.0,0.945832357118271,0.7266814403796539,40.0,112.0,15.0,27.0,0.8772476201668822,0.5052421870093158,
steel-plates-fault,KNN,Random Undersampling,6.0,0.234375,0.15625,1.3025083541870115,0.3460550308227539,0.8,470.0,1073.0,68.0,136.0,0.9493879493120214,0.7382036181226104,48.0,114.0,13.0,19.0,0.9135033493947584,0.6288633645877774,
steel-plates-fault,KNN,Random Undersampling,7.0,0.234375,0.109375,1.302464485168457,0.3460550308227539,0.8,464.0,1076.0,65.0,142.0,0.9488058358859548,0.7341682504456274,47.0,120.0,7.0,20.0,0.9256669408861204,0.6857448108625803,
steel-plates-fault,KNN,Random Undersampling,8.0,0.15625,0.0,1.3026437759399414,0.3460550308227539,0.6,543.0,958.0,183.0,63.0,0.9419810079167426,0.7105122012353892,55.0,100.0,27.0,12.0,0.8876483723116698,0.5855164058933849,
steel-plates-fault,KNN,Random Undersampling,9.0,0.234375,0.09375,1.300580978393555,0.3454904556274414,0.6,553.0,958.0,184.0,52.0,0.9492466457280976,0.7253876994625147,56.0,95.0,31.0,12.0,0.8642623716153128,0.5540365890995738,
steel-plates-fault,KNN,Random Undersampling,10.0,0.203125,0.09375,1.3007164001464844,0.3454904556274414,0.6,554.0,946.0,196.0,51.0,0.9427617200503684,0.7152346013277082,62.0,101.0,25.0,6.0,0.9381419234360412,0.6843717931642269,
steel-plates-fault,KNN,SMOTE / SMOTENC,1.0,0.890625,0.046875,9.536630630493164,0.8620996475219727,0.6,557.0,1028.0,113.0,48.0,0.9740708817117072,0.8039901647134008,57.0,99.0,28.0,11.0,0.9071908290875406,0.5937071805377692,
steel-plates-fault,KNN,SMOTE / SMOTENC,2.0,1.140625,0.140625,9.561816215515137,0.8624238967895508,0.6399999999999636,489.0,1106.0,35.0,117.0,0.9745663435756372,0.806315756175314,48.0,116.0,11.0,19.0,0.92684216711717,0.650955956243658,
steel-plates-fault,KNN,SMOTE / SMOTENC,3.0,1.015625,0.0,9.56146240234375,0.8624582290649414,0.8,489.0,1110.0,31.0,117.0,0.974097037223442,0.8117400869192135,39.0,123.0,4.0,28.0,0.925843224820778,0.6303004714372044,
steel-plates-fault,KNN,SMOTE / SMOTENC,4.0,1.15625,0.015625,9.561054229736328,0.8624582290649414,0.6,559.0,1029.0,112.0,47.0,0.9752496941192804,0.8066552078210346,56.0,111.0,16.0,11.0,0.9434128569749676,0.6986368889672584,
steel-plates-fault,KNN,SMOTE / SMOTENC,5.0,1.140625,0.09375,9.56108283996582,0.8624811172485352,0.8,490.0,1096.0,45.0,116.0,0.9741946587296766,0.7942501956328748,44.0,114.0,13.0,23.0,0.9001057703607945,0.5786672487813781,
steel-plates-fault,KNN,SMOTE / SMOTENC,6.0,1.171875,0.1875,9.561086654663086,0.8624467849731445,0.6,559.0,1033.0,108.0,47.0,0.974908380408593,0.8110053002215628,58.0,108.0,19.0,9.0,0.9202021389117404,0.6959108743083611,
steel-plates-fault,KNN,SMOTE / SMOTENC,7.0,1.140625,0.0,9.560766220092772,0.862401008605957,0.6,559.0,1034.0,107.0,47.0,0.9763886116920192,0.8120973500517631,57.0,103.0,24.0,10.0,0.9014572805265012,0.6380644293063427,
steel-plates-fault,KNN,SMOTE / SMOTENC,8.0,1.15625,0.140625,9.561182022094728,0.862492561340332,0.6,554.0,1034.0,107.0,52.0,0.9723760062246364,0.8051866600184118,50.0,108.0,19.0,17.0,0.8840051709954166,0.5926364370810837,
steel-plates-fault,KNN,SMOTE / SMOTENC,9.0,1.015625,0.03125,9.53770923614502,0.8627176284790039,0.8,495.0,1100.0,42.0,110.0,0.9740950340854814,0.805761795651217,46.0,112.0,14.0,22.0,0.88953081232493,0.5836283518927329,
steel-plates-fault,KNN,SMOTE / SMOTENC,10.0,1.15625,0.140625,9.537363052368164,0.8626489639282227,0.6,560.0,1027.0,115.0,45.0,0.974207928673778,0.8060703185294611,61.0,112.0,14.0,7.0,0.9500466853408028,0.7700683439730122,
steel-plates-fault,KNN,Select Percentile (Mutual Info),1.0,1.203125,0.0,2.440438270568848,0.2439546585083007,0.6,553.0,1075.0,66.0,52.0,0.9846343283041554,0.8517090973162071,61.0,114.0,13.0,7.0,0.9587772116720704,0.7804572818420568,
steel-plates-fault,KNN,Select Percentile (Mutual Info),2.0,0.671875,0.0,2.4414548873901367,0.2440919876098632,0.6,558.0,1082.0,59.0,48.0,0.9858318653951283,0.8654831386737808,61.0,113.0,14.0,6.0,0.959454695028793,0.7813398232615405,
steel-plates-fault,KNN,Select Percentile (Mutual Info),3.0,0.6875,0.0,2.4415979385375977,0.2440919876098632,0.6,554.0,1059.0,82.0,52.0,0.9808777547342816,0.8332456397934384,53.0,119.0,8.0,14.0,0.9475849100951932,0.7456092906452212,
steel-plates-fault,KNN,Select Percentile (Mutual Info),4.0,0.6875,0.109375,2.441594123840332,0.2440919876098632,0.6,545.0,1093.0,48.0,61.0,0.9844593793296946,0.8617222484840955,56.0,123.0,4.0,11.0,0.9662122458573276,0.827451818338254,
steel-plates-fault,KNN,Select Percentile (Mutual Info),5.0,0.5625,0.0625,2.442119598388672,0.2440919876098632,0.6,553.0,1089.0,52.0,53.0,0.9855693720116973,0.8673034226538875,58.0,115.0,12.0,9.0,0.9565753907627218,0.7635493321628246,
steel-plates-fault,KNN,Select Percentile (Mutual Info),6.0,0.671875,0.109375,2.441948890686035,0.2440919876098632,0.6,549.0,1076.0,65.0,57.0,0.9834853336341522,0.8463965480357177,58.0,120.0,7.0,9.0,0.9516982019038664,0.8165248954232747,
steel-plates-fault,KNN,Select Percentile (Mutual Info),7.0,0.6875,0.109375,2.44158935546875,0.2440919876098632,0.6,549.0,1077.0,64.0,57.0,0.9823059212143824,0.8475871528858139,59.0,114.0,13.0,8.0,0.9326007756493124,0.7659558739637724,
steel-plates-fault,KNN,Select Percentile (Mutual Info),8.0,0.578125,0.0,2.441856384277344,0.2440919876098632,0.6,544.0,1077.0,64.0,62.0,0.9816457105833284,0.8409506251264205,55.0,118.0,9.0,12.0,0.9456457868139616,0.758500506070863,
steel-plates-fault,KNN,Select Percentile (Mutual Info),9.0,0.6875,0.109375,2.441680908203125,0.2440919876098632,0.6,541.0,1084.0,58.0,64.0,0.9802709470119118,0.8454224436547089,60.0,110.0,16.0,8.0,0.9314892623716152,0.7383307901260631,
steel-plates-fault,KNN,Select Percentile (Mutual Info),10.0,0.5625,0.0,2.441634178161621,0.2440919876098632,0.6,553.0,1091.0,51.0,52.0,0.986088636725478,0.8697297808302681,57.0,113.0,13.0,11.0,0.9487628384687208,0.7303029665766816,
steel-plates-fault,KNN,Uniform Binning,1.0,0.21875,0.125,1.230717658996582,0.4854545593261719,0.4,558.0,992.0,149.0,47.0,0.9592571399598728,0.7675000277187198,58.0,102.0,25.0,10.0,0.8927744326076887,0.6323713647378187,
steel-plates-fault,KNN,Uniform Binning,2.0,0.21875,0.109375,1.2314558029174805,0.4857292175292969,0.4399999999999636,464.0,1081.0,60.0,142.0,0.9572085166448284,0.740705020508711,44.0,115.0,12.0,23.0,0.9005170995416618,0.5899542749086539,
steel-plates-fault,KNN,Uniform Binning,3.0,0.21875,0.0,1.2318506240844729,0.4857292175292969,0.4,555.0,985.0,156.0,51.0,0.9590061986040848,0.7548635940897586,51.0,109.0,18.0,16.0,0.8857680103419908,0.6152819893351177,
steel-plates-fault,KNN,Uniform Binning,4.0,0.21875,0.109375,1.2318944931030271,0.4857292175292969,0.3199999999999818,550.0,992.0,149.0,56.0,0.9569019128030244,0.7548886763893861,58.0,112.0,15.0,9.0,0.941943824186156,0.7337228064237961,
steel-plates-fault,KNN,Uniform Binning,5.0,0.21875,0.0,1.231368064880371,0.4857292175292969,0.4,560.0,995.0,146.0,46.0,0.9605356022017628,0.772214320093641,51.0,97.0,30.0,16.0,0.8589728522740628,0.5061683192526075,
steel-plates-fault,KNN,Uniform Binning,6.0,0.21875,0.046875,1.232377052307129,0.4857292175292969,0.4,556.0,997.0,144.0,50.0,0.9607474770264056,0.7685827285924902,56.0,99.0,28.0,11.0,0.8758961100011752,0.5905061029269046,
steel-plates-fault,KNN,Uniform Binning,7.0,0.21875,0.0625,1.2313203811645508,0.4857292175292969,0.4,553.0,991.0,150.0,53.0,0.9598913002606132,0.7581330329686125,55.0,103.0,24.0,12.0,0.8824773768950523,0.6115589253429365,
steel-plates-fault,KNN,Uniform Binning,8.0,0.21875,0.0,1.231846809387207,0.4857292175292969,0.4,556.0,988.0,153.0,50.0,0.9602767244296736,0.75934697752503,53.0,100.0,27.0,14.0,0.869784933599718,0.5587337794694925,
steel-plates-fault,KNN,Uniform Binning,9.0,0.21875,0.03125,1.231734275817871,0.4857292175292969,0.4,551.0,985.0,157.0,54.0,0.959281237787845,0.7494023993415946,54.0,102.0,24.0,14.0,0.8877217553688143,0.5874115631695083,
steel-plates-fault,KNN,Uniform Binning,10.0,0.21875,0.046875,1.231287956237793,0.4857292175292969,0.4,556.0,983.0,159.0,49.0,0.9585647913621168,0.7545522476429664,58.0,104.0,22.0,10.0,0.9145074696545286,0.6574889488476087,
steel-plates-fault,KNN,Yeo-Johnson,1.0,0.5,0.109375,1.499995231628418,0.4835138320922851,0.6,507.0,1085.0,56.0,98.0,0.973997001325501,0.8031860185372093,53.0,113.0,14.0,15.0,0.9080592867068088,0.6715123301048656,
steel-plates-fault,KNN,Yeo-Johnson,2.0,0.578125,0.109375,1.5006952285766602,0.4837884902954101,0.6,515.0,1074.0,67.0,91.0,0.9730448943229116,0.798903011683623,52.0,118.0,9.0,15.0,0.9506992596074744,0.7222601054337324,
steel-plates-fault,KNN,Yeo-Johnson,3.0,0.5,0.140625,1.5006513595581057,0.4837884902954101,0.6,506.0,1079.0,62.0,100.0,0.971432331664367,0.7932347961946385,46.0,117.0,10.0,21.0,0.920260900223293,0.6378017370040883,
steel-plates-fault,KNN,Yeo-Johnson,4.0,0.59375,0.140625,1.5006074905395508,0.4837884902954101,0.4,595.0,970.0,171.0,11.0,0.972441087228793,0.7980736072306513,61.0,107.0,20.0,6.0,0.9512868727229992,0.7259951693421661,
steel-plates-fault,KNN,Yeo-Johnson,5.0,0.59375,0.015625,1.5006036758422852,0.4837884902954101,0.4,584.0,975.0,166.0,22.0,0.970797430312707,0.7868024112424762,55.0,97.0,30.0,12.0,0.8946997296979669,0.5603135323716163,
steel-plates-fault,KNN,Yeo-Johnson,6.0,0.578125,0.0625,1.5005159378051758,0.4837884902954101,0.6,512.0,1077.0,64.0,94.0,0.9727910784067014,0.7986429831344142,46.0,112.0,15.0,21.0,0.9056880949582796,0.5821649941647998,
steel-plates-fault,KNN,Yeo-Johnson,7.0,0.484375,0.109375,1.5006990432739258,0.4837884902954101,0.6,508.0,1088.0,53.0,98.0,0.9752041374163708,0.8072148564775803,47.0,113.0,14.0,20.0,0.906628275943119,0.6055141793762886,
steel-plates-fault,KNN,Yeo-Johnson,8.0,0.59375,0.109375,1.5006990432739258,0.4837884902954101,0.6,507.0,1082.0,59.0,99.0,0.9722697072511808,0.7983143395470088,49.0,117.0,10.0,18.0,0.928311199905982,0.6745210720322883,
steel-plates-fault,KNN,Yeo-Johnson,9.0,0.5,0.109375,1.5006952285766602,0.4837884902954101,0.4,588.0,974.0,168.0,17.0,0.9733995744742442,0.7920574094914596,62.0,93.0,33.0,6.0,0.9213935574229692,0.6202690304880508,
steel-plates-fault,KNN,Yeo-Johnson,10.0,0.5,0.109375,1.5006952285766602,0.4837884902954101,0.4,588.0,960.0,182.0,17.0,0.9691356327162728,0.7786785189018356,64.0,107.0,19.0,4.0,0.9595588235294118,0.7622135849466828,
steel-plates-fault,LogisticRegression,Baseline,1.0,0.03125,0.0,1.2194643020629885,0.0039119720458984,0.1455971500524007,605.0,1135.0,6.0,0.0,1.0,0.9924581232165332,68.0,125.0,2.0,0.0,0.9921259842519684,0.9778192489870196,
steel-plates-fault,LogisticRegression,Baseline,2.0,0.03125,0.0,1.2212724685668943,0.0039119720458984,0.1431841250169941,606.0,1135.0,6.0,0.0,1.0,0.992466164491064,67.0,125.0,2.0,0.0,1.0,0.9776108253996604,
steel-plates-fault,LogisticRegression,Baseline,3.0,0.03125,0.0,1.2203073501586914,0.0039119720458984,0.1633160145760781,606.0,1135.0,6.0,0.0,1.0,0.992466164491064,67.0,127.0,0.0,0.0,1.0,1.0,
steel-plates-fault,LogisticRegression,Baseline,4.0,0.03125,0.0,1.2204351425170898,0.0039119720458984,0.1423401989000908,606.0,1135.0,6.0,0.0,1.0,0.992466164491064,67.0,126.0,1.0,0.0,1.0,0.9887041500106404,
steel-plates-fault,LogisticRegression,Baseline,5.0,0.03125,0.015625,1.2217588424682615,0.0039119720458984,0.1498360085733761,606.0,1135.0,6.0,0.0,1.0,0.992466164491064,67.0,127.0,0.0,0.0,1.0,1.0,
steel-plates-fault,LogisticRegression,Baseline,6.0,0.03125,0.015625,1.2214479446411133,0.0039119720458984,0.1620234006694674,606.0,1135.0,6.0,0.0,1.0,0.992466164491064,67.0,127.0,0.0,0.0,1.0,1.0,
steel-plates-fault,LogisticRegression,Baseline,7.0,0.03125,0.0,1.2204866409301758,0.0039119720458984,0.1410607269926037,606.0,1135.0,6.0,0.0,1.0,0.992466164491064,66.0,125.0,2.0,1.0,0.9995299095075802,0.9659833960302964,
steel-plates-fault,LogisticRegression,Baseline,8.0,0.046875,0.015625,1.221144676208496,0.0039119720458984,0.1561785674301962,606.0,1135.0,6.0,0.0,1.0,0.992466164491064,66.0,127.0,0.0,1.0,0.9855447173580912,0.9886246665662776,
steel-plates-fault,LogisticRegression,Baseline,9.0,0.03125,0.0,1.220808982849121,0.0039119720458984,0.1473081459064905,605.0,1135.0,7.0,0.0,1.0,0.991212693662284,68.0,124.0,2.0,0.0,1.0,0.9777571632541407,
steel-plates-fault,LogisticRegression,Baseline,10.0,0.03125,0.0,1.2210283279418943,0.0039119720458984,0.1432358614764673,605.0,1135.0,7.0,0.0,1.0,0.991212693662284,68.0,126.0,0.0,0.0,1.0,1.0,
steel-plates-fault,LogisticRegression,IQR Capping,1.0,0.515625,0.03125,1.8388481140136719,0.004923820495605469,0.1572180195271442,605.0,1135.0,6.0,0.0,1.0,0.9924581232165333,68.0,125.0,2.0,0.0,1.0,0.9778192489870196,
steel-plates-fault,LogisticRegression,IQR Capping,2.0,0.125,0.015625,1.8398170471191406,0.004923820495605469,0.1567845307590424,606.0,1135.0,6.0,0.0,1.0,0.992466164491064,67.0,127.0,0.0,0.0,1.0,1.0,
steel-plates-fault,LogisticRegression,IQR Capping,3.0,0.125,0.015625,1.8399124145507812,0.004923820495605469,0.15926384093478807,606.0,1135.0,6.0,0.0,1.0,0.992466164491064,67.0,126.0,1.0,0.0,1.0,0.9887041500106404,
steel-plates-fault,LogisticRegression,IQR Capping,4.0,0.125,0.015625,1.8400039672851562,0.004923820495605469,0.1515698899338449,606.0,1135.0,6.0,0.0,1.0,0.992466164491064,67.0,126.0,1.0,0.0,1.0,0.9887041500106404,
steel-plates-fault,LogisticRegression,IQR Capping,5.0,0.125,0.03125,1.8397703170776367,0.004923820495605469,0.15645523272396628,606.0,1135.0,6.0,0.0,1.0,0.992466164491064,67.0,127.0,0.0,0.0,1.0,1.0,
steel-plates-fault,LogisticRegression,IQR Capping,6.0,0.109375,0.015625,1.839956283569336,0.004923820495605469,0.15565380794928976,606.0,1135.0,6.0,0.0,1.0,0.992466164491064,67.0,127.0,0.0,0.0,1.0,1.0,
steel-plates-fault,LogisticRegression,IQR Capping,7.0,0.109375,0.015625,1.839956283569336,0.004923820495605469,0.14943965016407948,606.0,1135.0,6.0,0.0,1.0,0.992466164491064,67.0,125.0,2.0,0.0,1.0,0.9776108253996605,
steel-plates-fault,LogisticRegression,IQR Capping,8.0,0.140625,0.03125,1.839956283569336,0.004923820495605469,0.1536614888426461,606.0,1135.0,6.0,0.0,1.0,0.992466164491064,67.0,127.0,0.0,0.0,1.0,1.0,
steel-plates-fault,LogisticRegression,IQR Capping,9.0,0.125,0.03125,1.8398723602294922,0.004923820495605469,0.16064187628367288,605.0,1135.0,7.0,0.0,1.0,0.991212693662284,68.0,124.0,2.0,0.0,1.0,0.9777571632541409,
steel-plates-fault,LogisticRegression,IQR Capping,10.0,0.125,0.03125,1.8397703170776367,0.004923820495605469,0.15131663207905413,605.0,1135.0,7.0,0.0,1.0,0.991212693662284,68.0,126.0,0.0,0.0,1.0,1.0,
steel-plates-fault,LogisticRegression,IQR Removal,1.0,0.09375,0.0,1.247868537902832,0.0041236877441406,0.1455971500524007,605.0,1135.0,6.0,0.0,1.0,0.9924581232165332,68.0,125.0,2.0,0.0,0.9921259842519684,0.9778192489870196,
steel-plates-fault,LogisticRegression,IQR Removal,2.0,0.09375,0.0,1.247786521911621,0.0041236877441406,0.1431841250169941,606.0,1135.0,6.0,0.0,1.0,0.992466164491064,67.0,125.0,2.0,0.0,1.0,0.9776108253996604,
steel-plates-fault,LogisticRegression,IQR Removal,3.0,0.09375,0.0,1.2486553192138672,0.0041236877441406,0.1633160145760781,606.0,1135.0,6.0,0.0,1.0,0.992466164491064,67.0,127.0,0.0,0.0,1.0,1.0,
steel-plates-fault,LogisticRegression,IQR Removal,4.0,0.09375,0.0,1.247854232788086,0.0041236877441406,0.1423401989000908,606.0,1135.0,6.0,0.0,1.0,0.992466164491064,67.0,126.0,1.0,0.0,1.0,0.9887041500106404,
steel-plates-fault,LogisticRegression,IQR Removal,5.0,0.09375,0.0,1.2483482360839844,0.0041236877441406,0.1498360085733761,606.0,1135.0,6.0,0.0,1.0,0.992466164491064,67.0,127.0,0.0,0.0,1.0,1.0,
steel-plates-fault,LogisticRegression,IQR Removal,6.0,0.09375,0.0,1.2478675842285156,0.0041236877441406,0.1620234006694674,606.0,1135.0,6.0,0.0,1.0,0.992466164491064,67.0,127.0,0.0,0.0,1.0,1.0,
steel-plates-fault,LogisticRegression,IQR Removal,7.0,0.09375,0.0,1.2487678527832031,0.0041236877441406,0.1410607269926037,606.0,1135.0,6.0,0.0,1.0,0.992466164491064,66.0,125.0,2.0,1.0,0.9995299095075802,0.9659833960302964,
steel-plates-fault,LogisticRegression,IQR Removal,8.0,0.078125,0.015625,1.2472352981567385,0.0041236877441406,0.1561785674301962,606.0,1135.0,6.0,0.0,1.0,0.992466164491064,66.0,127.0,0.0,1.0,0.9855447173580912,0.9886246665662776,
steel-plates-fault,LogisticRegression,IQR Removal,9.0,0.09375,0.0,1.2477455139160156,0.0041236877441406,0.1473081459064905,605.0,1135.0,7.0,0.0,1.0,0.991212693662284,68.0,124.0,2.0,0.0,1.0,0.9777571632541407,
steel-plates-fault,LogisticRegression,IQR Removal,10.0,0.09375,0.0,1.2478275299072266,0.0041236877441406,0.1432358614764673,605.0,1135.0,7.0,0.0,1.0,0.991212693662284,68.0,126.0,0.0,0.0,1.0,1.0,
steel-plates-fault,LogisticRegression,PCA,1.0,0.203125,0.0,1.2200822830200195,0.0068655014038085,0.1350836712818136,605.0,1135.0,6.0,0.0,1.0,0.9924581232165332,68.0,125.0,2.0,0.0,1.0,0.9778192489870196,
steel-plates-fault,LogisticRegression,PCA,2.0,0.234375,0.0,1.2207536697387695,0.0068655014038085,0.1274647883905463,606.0,1135.0,6.0,0.0,1.0,0.992466164491064,67.0,125.0,2.0,0.0,1.0,0.9776108253996604,
steel-plates-fault,LogisticRegression,PCA,3.0,0.28125,0.0,1.220658302307129,0.0068655014038085,0.1469608094725442,606.0,1135.0,6.0,0.0,1.0,0.992466164491064,67.0,126.0,1.0,0.0,1.0,0.9887041500106404,
steel-plates-fault,LogisticRegression,PCA,4.0,0.28125,0.09375,1.2207059860229492,0.0068655014038085,0.136013978642556,606.0,1135.0,6.0,0.0,1.0,0.992466164491064,67.0,126.0,1.0,0.0,1.0,0.9887041500106404,
steel-plates-fault,LogisticRegression,PCA,5.0,0.28125,0.0,1.2207059860229492,0.0068655014038085,0.1402947107106182,606.0,1135.0,6.0,0.0,1.0,0.992466164491064,67.0,127.0,0.0,0.0,1.0,1.0,
steel-plates-fault,LogisticRegression,PCA,6.0,0.28125,0.0,1.2207059860229492,0.0068655014038085,0.1537126024553586,606.0,1135.0,6.0,0.0,1.0,0.992466164491064,67.0,127.0,0.0,0.0,1.0,1.0,
steel-plates-fault,LogisticRegression,PCA,7.0,0.28125,0.09375,1.2207059860229492,0.0068655014038085,0.142680011344903,606.0,1135.0,6.0,0.0,1.0,0.992466164491064,67.0,126.0,1.0,0.0,1.0,0.9887041500106404,
steel-plates-fault,LogisticRegression,PCA,8.0,0.1875,0.0,1.2207536697387695,0.0068655014038085,0.1579050346211195,606.0,1135.0,6.0,0.0,1.0,0.992466164491064,66.0,127.0,0.0,1.0,0.9965918439299564,0.9886246665662776,
steel-plates-fault,LogisticRegression,PCA,9.0,0.28125,0.09375,1.2207059860229492,0.0068655014038085,0.1285716522589126,605.0,1135.0,7.0,0.0,1.0,0.991212693662284,68.0,122.0,4.0,0.0,1.0,0.9562751074501248,
steel-plates-fault,LogisticRegression,PCA,10.0,0.21875,0.0,1.2207536697387695,0.0068655014038085,0.135142936354449,605.0,1135.0,7.0,0.0,1.0,0.991212693662284,68.0,126.0,0.0,0.0,1.0,1.0,
steel-plates-fault,LogisticRegression,Quantile Binning,1.0,0.046875,0.0,1.2301111221313477,0.0061769485473632,0.1661351961885507,605.0,1135.0,6.0,0.0,1.0,0.9924581232165332,68.0,125.0,2.0,0.0,1.0,0.9778192489870196,
steel-plates-fault,LogisticRegression,Quantile Binning,2.0,0.046875,0.0,1.2303686141967771,0.0061769485473632,0.162989177538104,606.0,1135.0,6.0,0.0,1.0,0.992466164491064,67.0,125.0,2.0,0.0,1.0,0.9776108253996604,
steel-plates-fault,LogisticRegression,Quantile Binning,3.0,0.0625,0.015625,1.2311220169067385,0.0061769485473632,0.1635973078813669,606.0,1135.0,6.0,0.0,1.0,0.992466164491064,67.0,127.0,0.0,0.0,1.0,1.0,
steel-plates-fault,LogisticRegression,Quantile Binning,4.0,0.0625,0.015625,1.2309885025024414,0.0061769485473632,0.1606079291110909,606.0,1135.0,6.0,0.0,1.0,0.992466164491064,67.0,126.0,1.0,0.0,1.0,0.9887041500106404,
steel-plates-fault,LogisticRegression,Quantile Binning,5.0,0.0625,0.0,1.2300004959106443,0.0061769485473632,0.1587567966991553,606.0,1135.0,6.0,0.0,1.0,0.992466164491064,67.0,126.0,1.0,0.0,1.0,0.9887041500106404,
steel-plates-fault,LogisticRegression,Quantile Binning,6.0,0.0625,0.0,1.2318735122680664,0.0061769485473632,0.1692245581157052,606.0,1135.0,6.0,0.0,1.0,0.992466164491064,67.0,126.0,1.0,0.0,1.0,0.9887041500106404,
steel-plates-fault,LogisticRegression,Quantile Binning,7.0,0.0625,0.0,1.2310705184936523,0.0061769485473632,0.1634828292218718,606.0,1135.0,6.0,0.0,1.0,0.992466164491064,67.0,125.0,2.0,0.0,1.0,0.9776108253996604,
steel-plates-fault,LogisticRegression,Quantile Binning,8.0,0.0625,0.015625,1.2306318283081057,0.0061769485473632,0.1646910338760716,606.0,1135.0,6.0,0.0,1.0,0.992466164491064,67.0,127.0,0.0,0.0,1.0,1.0,
steel-plates-fault,LogisticRegression,Quantile Binning,9.0,0.046875,0.015625,1.231368064880371,0.0061769485473632,0.1582485089496079,605.0,1135.0,7.0,0.0,1.0,0.991212693662284,68.0,125.0,1.0,0.0,1.0,0.9887799352203986,
steel-plates-fault,LogisticRegression,Quantile Binning,10.0,0.046875,0.015625,1.231001853942871,0.0061769485473632,0.1558577093093989,605.0,1135.0,7.0,0.0,1.0,0.991212693662284,68.0,126.0,0.0,0.0,1.0,1.0,
steel-plates-fault,LogisticRegression,Quantile Transform,1.0,0.109375,0.015625,1.4403047561645508,0.1949529647827148,0.1563276081061617,605.0,1135.0,6.0,0.0,1.0,0.9924581232165332,68.0,126.0,1.0,0.0,1.0,0.9888110774051034,
steel-plates-fault,LogisticRegression,Quantile Transform,2.0,0.125,0.015625,1.4401750564575195,0.1949529647827148,0.159502464332932,606.0,1135.0,6.0,0.0,1.0,0.992466164491064,67.0,125.0,2.0,0.0,1.0,0.9776108253996604,
steel-plates-fault,LogisticRegression,Quantile Transform,3.0,0.109375,0.015625,1.439894676208496,0.1949529647827148,0.1656543363569537,606.0,1135.0,6.0,0.0,1.0,0.992466164491064,67.0,125.0,2.0,0.0,1.0,0.9776108253996604,
steel-plates-fault,LogisticRegression,Quantile Transform,4.0,0.109375,0.015625,1.4402427673339844,0.1949529647827148,0.1555222349507261,606.0,1135.0,6.0,0.0,1.0,0.992466164491064,67.0,126.0,1.0,0.0,1.0,0.9887041500106404,
steel-plates-fault,LogisticRegression,Quantile Transform,5.0,0.109375,0.015625,1.440256118774414,0.1949529647827148,0.154202559277947,606.0,1135.0,6.0,0.0,1.0,0.992466164491064,67.0,127.0,0.0,0.0,1.0,1.0,
steel-plates-fault,LogisticRegression,Quantile Transform,6.0,0.109375,0.015625,1.4405755996704102,0.1949529647827148,0.1687375870475374,606.0,1135.0,6.0,0.0,1.0,0.992466164491064,67.0,127.0,0.0,0.0,1.0,1.0,
steel-plates-fault,LogisticRegression,Quantile Transform,7.0,0.09375,0.015625,1.4400568008422852,0.1949529647827148,0.1603676928143473,606.0,1135.0,6.0,0.0,1.0,0.992466164491064,67.0,125.0,2.0,0.0,1.0,0.9776108253996604,
steel-plates-fault,LogisticRegression,Quantile Transform,8.0,0.109375,0.015625,1.4433841705322266,0.1949529647827148,0.1651449853396009,606.0,1135.0,6.0,0.0,1.0,0.992466164491064,67.0,126.0,1.0,0.0,1.0,0.9887041500106404,
steel-plates-fault,LogisticRegression,Quantile Transform,9.0,0.09375,0.015625,1.4414663314819336,0.1949529647827148,0.1761897662246856,605.0,1135.0,7.0,0.0,1.0,0.991212693662284,68.0,125.0,1.0,0.0,1.0,0.9887799352203986,
steel-plates-fault,LogisticRegression,Quantile Transform,10.0,0.109375,0.015625,1.441936492919922,0.1949529647827148,0.1581574650139298,605.0,1135.0,7.0,0.0,1.0,0.991212693662284,68.0,126.0,0.0,0.0,1.0,1.0,
steel-plates-fault,LogisticRegression,Random Undersampling,1.0,0.046875,0.0,1.3009681701660156,0.0134353637695312,0.2324864989462878,605.0,1135.0,6.0,0.0,1.0,0.9924581232165332,68.0,125.0,2.0,0.0,0.9921259842519684,0.9778192489870196,
steel-plates-fault,LogisticRegression,Random Undersampling,2.0,0.046875,0.0,1.302978515625,0.0134506225585937,0.2141912992510048,606.0,1135.0,6.0,0.0,1.0,0.992466164491064,67.0,125.0,2.0,0.0,1.0,0.9776108253996604,
steel-plates-fault,LogisticRegression,Random Undersampling,3.0,0.046875,0.0,1.3028945922851562,0.0134506225585937,0.2242328186516246,606.0,1135.0,6.0,0.0,0.9991235758106924,0.992466164491064,67.0,127.0,0.0,0.0,1.0,1.0,
steel-plates-fault,LogisticRegression,Random Undersampling,4.0,0.046875,0.0,1.3029823303222656,0.0134506225585937,0.225304305364627,606.0,1135.0,6.0,0.0,0.9991235758106924,0.992466164491064,67.0,126.0,1.0,0.0,1.0,0.9887041500106404,
steel-plates-fault,LogisticRegression,Random Undersampling,5.0,0.046875,0.0,1.3029823303222656,0.0134506225585937,0.2323335795746792,606.0,1135.0,6.0,0.0,1.0,0.992466164491064,67.0,127.0,0.0,0.0,1.0,1.0,
steel-plates-fault,LogisticRegression,Random Undersampling,6.0,0.046875,0.015625,1.302978515625,0.0134506225585937,0.2297315108029032,606.0,1135.0,6.0,0.0,0.9991235758106924,0.992466164491064,67.0,127.0,0.0,0.0,1.0,1.0,
steel-plates-fault,LogisticRegression,Random Undersampling,7.0,0.046875,0.015625,1.3030261993408203,0.0134506225585937,0.2285554023090372,606.0,1135.0,6.0,0.0,1.0,0.992466164491064,66.0,126.0,1.0,1.0,0.998002115407216,0.97720061111764,
steel-plates-fault,LogisticRegression,Random Undersampling,8.0,0.046875,0.0,1.3029823303222656,0.0134506225585937,0.2255483630400616,606.0,1135.0,6.0,0.0,0.9991235758106924,0.992466164491064,66.0,127.0,0.0,1.0,0.9853096721118816,0.9886246665662776,
steel-plates-fault,LogisticRegression,Random Undersampling,9.0,0.046875,0.0,1.3009719848632812,0.0134353637695312,0.2133660573716106,605.0,1135.0,7.0,0.0,1.0,0.991212693662284,68.0,124.0,2.0,0.0,1.0,0.9777571632541407,
steel-plates-fault,LogisticRegression,Random Undersampling,10.0,0.046875,0.0,1.3010597229003906,0.0134353637695312,0.2281360711456188,605.0,1135.0,7.0,0.0,1.0,0.991212693662284,68.0,126.0,0.0,0.0,1.0,1.0,
steel-plates-fault,LogisticRegression,SMOTE / SMOTENC,1.0,0.640625,0.0,9.536571502685549,0.2357473373413086,0.1645695538449928,605.0,1135.0,6.0,0.0,1.0,0.9924581232165332,68.0,124.0,3.0,0.0,0.9921259842519684,0.9670173453984322,
steel-plates-fault,LogisticRegression,SMOTE / SMOTENC,2.0,0.65625,0.015625,9.562399864196776,0.2360715866088867,0.1642823189276069,606.0,1135.0,6.0,0.0,1.0,0.992466164491064,67.0,125.0,2.0,0.0,1.0,0.9776108253996604,
steel-plates-fault,LogisticRegression,SMOTE / SMOTENC,3.0,0.625,0.015625,9.562016487121582,0.2361059188842773,0.1831008920598761,606.0,1135.0,6.0,0.0,1.0,0.992466164491064,67.0,127.0,0.0,0.0,1.0,1.0,
steel-plates-fault,LogisticRegression,SMOTE / SMOTENC,4.0,0.65625,0.0,9.562129974365234,0.2361059188842773,0.1622664165739041,606.0,1135.0,6.0,0.0,1.0,0.992466164491064,67.0,126.0,1.0,0.0,1.0,0.9887041500106404,
steel-plates-fault,LogisticRegression,SMOTE / SMOTENC,5.0,0.671875,0.0,9.561405181884766,0.2361288070678711,0.1719247656095204,606.0,1135.0,6.0,0.0,1.0,0.992466164491064,67.0,127.0,0.0,0.0,1.0,1.0,
steel-plates-fault,LogisticRegression,SMOTE / SMOTENC,6.0,0.640625,0.0,9.561843872070312,0.2360944747924804,0.1846712045083385,606.0,1135.0,6.0,0.0,1.0,0.992466164491064,67.0,127.0,0.0,0.0,1.0,1.0,
steel-plates-fault,LogisticRegression,SMOTE / SMOTENC,7.0,0.640625,0.0,9.562015533447266,0.2360486984252929,0.1559261657301753,606.0,1135.0,6.0,0.0,1.0,0.992466164491064,67.0,125.0,2.0,0.0,0.9998824773768952,0.9776108253996604,
steel-plates-fault,LogisticRegression,SMOTE / SMOTENC,8.0,0.65625,0.015625,9.563140869140623,0.2361402511596679,0.1703679327353429,606.0,1135.0,6.0,0.0,1.0,0.992466164491064,66.0,127.0,0.0,1.0,0.9853096721118816,0.9886246665662776,
steel-plates-fault,LogisticRegression,SMOTE / SMOTENC,9.0,0.625,0.015625,9.538514137268066,0.2358160018920898,0.1732800509088584,605.0,1135.0,7.0,0.0,1.0,0.991212693662284,68.0,123.0,3.0,0.0,1.0,0.9669245013345248,
steel-plates-fault,LogisticRegression,SMOTE / SMOTENC,10.0,0.65625,0.0,9.5388765335083,0.2357473373413086,0.1578412567364781,605.0,1135.0,7.0,0.0,1.0,0.991212693662284,68.0,126.0,0.0,0.0,1.0,1.0,
steel-plates-fault,LogisticRegression,Select Percentile (Mutual Info),1.0,1.09375,0.0,2.4402875900268555,0.0043220520019531,0.523727020976748,552.0,1012.0,129.0,53.0,0.9620385192052788,0.7798347701605699,62.0,106.0,21.0,6.0,0.9525243168133396,0.7194256648605682,
steel-plates-fault,LogisticRegression,Select Percentile (Mutual Info),2.0,0.296875,0.0,2.442766189575196,0.0043220520019531,0.4845718538680186,560.0,985.0,156.0,46.0,0.9583553885625198,0.7620303768669099,66.0,114.0,13.0,1.0,0.981901516041838,0.854271729263678,
steel-plates-fault,LogisticRegression,Select Percentile (Mutual Info),3.0,0.296875,0.015625,2.442901611328125,0.0043220520019531,0.4924545017688452,570.0,1012.0,129.0,36.0,0.9656126436482386,0.8039822376582134,62.0,108.0,19.0,5.0,0.957104242566694,0.747977854351122,
steel-plates-fault,LogisticRegression,Select Percentile (Mutual Info),4.0,0.296875,0.0,2.4422006607055664,0.0043220520019531,0.4950580947019395,556.0,998.0,143.0,50.0,0.9605175241450524,0.7696167447700343,61.0,113.0,14.0,6.0,0.9607474438829476,0.7813398232615405,
steel-plates-fault,LogisticRegression,Select Percentile (Mutual Info),5.0,0.3125,0.0,2.4424991607666016,0.0043220520019531,0.5083380888860322,548.0,1008.0,133.0,58.0,0.9619290588129802,0.7687801525994165,59.0,109.0,18.0,8.0,0.9485250910800328,0.7180685486257453,
steel-plates-fault,LogisticRegression,Select Percentile (Mutual Info),6.0,0.3125,0.015625,2.4428062438964844,0.0043220520019531,0.5011490177643987,557.0,999.0,142.0,49.0,0.9603020337090676,0.7720714228334756,62.0,115.0,12.0,5.0,0.9817839934187332,0.8133428797557526,
steel-plates-fault,LogisticRegression,Select Percentile (Mutual Info),7.0,0.296875,0.0,2.441932678222656,0.0043220520019531,0.5233355159377101,551.0,1028.0,113.0,55.0,0.9667161282298256,0.7944668496529232,58.0,114.0,13.0,9.0,0.9361852156540134,0.7534564646973192,
steel-plates-fault,LogisticRegression,Select Percentile (Mutual Info),8.0,0.296875,0.0,2.442502975463867,0.0043220520019531,0.5024834919440434,563.0,1005.0,136.0,43.0,0.9637976067545404,0.7867994912141238,59.0,107.0,20.0,8.0,0.9420613468092608,0.6998181267686607,
steel-plates-fault,LogisticRegression,Select Percentile (Mutual Info),9.0,0.28125,0.015625,2.442204475402832,0.0043220520019531,0.5240219981093672,554.0,1032.0,110.0,51.0,0.9670507012490774,0.8031523906902788,58.0,107.0,19.0,10.0,0.9439775910364148,0.6847464749702459,
steel-plates-fault,LogisticRegression,Select Percentile (Mutual Info),10.0,0.296875,0.0,2.442503929138184,0.0043220520019531,0.4744373681903705,563.0,989.0,153.0,42.0,0.9597820266025966,0.770667154423581,61.0,114.0,12.0,7.0,0.9746732026143792,0.7897013727040397,
steel-plates-fault,LogisticRegression,Uniform Binning,1.0,0.046875,0.015625,1.231093406677246,0.0061902999877929,0.1451219029134396,605.0,1135.0,6.0,0.0,1.0,0.9924581232165332,68.0,126.0,1.0,0.0,1.0,0.9888110774051034,
steel-plates-fault,LogisticRegression,Uniform Binning,2.0,0.046875,0.0,1.2319269180297852,0.0061902999877929,0.1492956472082099,606.0,1135.0,6.0,0.0,1.0,0.992466164491064,67.0,126.0,1.0,0.0,1.0,0.9887041500106404,
steel-plates-fault,LogisticRegression,Uniform Binning,3.0,0.046875,0.0,1.2317514419555664,0.0061902999877929,0.1551830833298589,606.0,1135.0,6.0,0.0,1.0,0.992466164491064,67.0,126.0,1.0,0.0,1.0,0.9887041500106404,
steel-plates-fault,LogisticRegression,Uniform Binning,4.0,0.0625,0.0,1.2316150665283203,0.0061902999877929,0.1475103942020769,606.0,1135.0,6.0,0.0,1.0,0.992466164491064,67.0,126.0,1.0,0.0,1.0,0.9887041500106404,
steel-plates-fault,LogisticRegression,Uniform Binning,5.0,0.0625,0.015625,1.2317476272583008,0.0061902999877929,0.1466872528634857,606.0,1135.0,6.0,0.0,1.0,0.992466164491064,67.0,126.0,1.0,0.0,1.0,0.9887041500106404,
steel-plates-fault,LogisticRegression,Uniform Binning,6.0,0.046875,0.0,1.2320470809936523,0.0061902999877929,0.1470183497457429,606.0,1135.0,6.0,0.0,1.0,0.992466164491064,67.0,127.0,0.0,0.0,1.0,1.0,
steel-plates-fault,LogisticRegression,Uniform Binning,7.0,0.046875,0.0,1.2321462631225586,0.0061902999877929,0.1530775885726831,606.0,1135.0,6.0,0.0,1.0,0.992466164491064,67.0,126.0,1.0,0.0,1.0,0.9887041500106404,
steel-plates-fault,LogisticRegression,Uniform Binning,8.0,0.046875,0.0,1.2328920364379885,0.0061902999877929,0.150793709807757,606.0,1135.0,6.0,0.0,1.0,0.992466164491064,67.0,127.0,0.0,0.0,1.0,1.0,
steel-plates-fault,LogisticRegression,Uniform Binning,9.0,0.046875,0.015625,1.232503890991211,0.0061902999877929,0.1443446846909352,605.0,1135.0,7.0,0.0,1.0,0.991212693662284,68.0,124.0,2.0,0.0,1.0,0.9777571632541407,
steel-plates-fault,LogisticRegression,Uniform Binning,10.0,0.046875,0.0,1.231766700744629,0.0061902999877929,0.1420705272966868,605.0,1135.0,7.0,0.0,1.0,0.991212693662284,68.0,126.0,0.0,0.0,1.0,1.0,
steel-plates-fault,LogisticRegression,Yeo-Johnson,1.0,0.203125,0.015625,1.5002679824829102,0.0042543411254882,0.1844612017831422,605.0,1135.0,6.0,0.0,1.0,0.9924581232165332,68.0,125.0,2.0,0.0,1.0,0.9778192489870196,
steel-plates-fault,LogisticRegression,Yeo-Johnson,2.0,0.203125,0.015625,1.5009069442749023,0.0042543411254882,0.179996481322234,606.0,1135.0,6.0,0.0,1.0,0.992466164491064,67.0,125.0,2.0,0.0,1.0,0.9776108253996604,
steel-plates-fault,LogisticRegression,Yeo-Johnson,3.0,0.21875,0.0,1.5009946823120115,0.0042543411254882,0.1857544924675693,606.0,1135.0,6.0,0.0,1.0,0.992466164491064,67.0,126.0,1.0,0.0,1.0,0.9887041500106404,
steel-plates-fault,LogisticRegression,Yeo-Johnson,4.0,0.21875,0.0,1.500950813293457,0.0042543411254882,0.1804802143926566,606.0,1135.0,6.0,0.0,1.0,0.992466164491064,67.0,126.0,1.0,0.0,1.0,0.9887041500106404,
steel-plates-fault,LogisticRegression,Yeo-Johnson,5.0,0.203125,0.0,1.500950813293457,0.0042543411254882,0.1796255648659582,606.0,1135.0,6.0,0.0,1.0,0.992466164491064,67.0,127.0,0.0,0.0,1.0,1.0,
steel-plates-fault,LogisticRegression,Yeo-Johnson,6.0,0.21875,0.0,1.5009031295776367,0.0042543411254882,0.1834445495882676,606.0,1135.0,6.0,0.0,1.0,0.992466164491064,67.0,127.0,0.0,0.0,1.0,1.0,
steel-plates-fault,LogisticRegression,Yeo-Johnson,7.0,0.25,0.015625,1.5009946823120115,0.0042543411254882,0.1778210561714818,606.0,1135.0,6.0,0.0,1.0,0.992466164491064,67.0,125.0,2.0,0.0,1.0,0.9776108253996604,
steel-plates-fault,LogisticRegression,Yeo-Johnson,8.0,0.265625,0.0,1.5009946823120115,0.0042543411254882,0.1789600949947877,606.0,1135.0,6.0,0.0,1.0,0.992466164491064,67.0,127.0,0.0,0.0,1.0,1.0,
steel-plates-fault,LogisticRegression,Yeo-Johnson,9.0,0.25,0.0,1.5009946823120115,0.0042543411254882,0.1779569212165823,605.0,1135.0,7.0,0.0,1.0,0.991212693662284,68.0,125.0,1.0,0.0,1.0,0.9887799352203986,
steel-plates-fault,LogisticRegression,Yeo-Johnson,10.0,0.21875,0.0,1.5009946823120115,0.0042543411254882,0.1809362928429322,605.0,1135.0,7.0,0.0,1.0,0.991212693662284,68.0,126.0,0.0,0.0,1.0,1.0,
steel-plates-fault,MLP,Baseline,1.0,4.0625,0.0,1.232391357421875,0.1247406005859375,0.0104180162546502,605.0,1135.0,6.0,0.0,1.0,0.9924581232165332,68.0,126.0,1.0,0.0,1.0,0.9888110774051034,
steel-plates-fault,MLP,Baseline,2.0,4.203125,0.09375,1.2329912185668943,0.1246843338012695,0.0108601528784485,606.0,1135.0,6.0,0.0,1.0,0.992466164491064,67.0,125.0,2.0,0.0,1.0,0.9776108253996604,
steel-plates-fault,MLP,Baseline,3.0,4.21875,0.09375,1.2347774505615234,0.1247224807739257,0.0103189719428521,606.0,1135.0,6.0,0.0,1.0,0.992466164491064,67.0,126.0,1.0,0.0,1.0,0.9887041500106404,
steel-plates-fault,MLP,Baseline,4.0,4.21875,0.0,1.2346506118774414,0.1247224807739257,0.0093712778263392,606.0,1135.0,6.0,0.0,1.0,0.992466164491064,67.0,122.0,5.0,0.0,1.0,0.9454731672878096,
steel-plates-fault,MLP,Baseline,5.0,4.015625,0.0,1.2343435287475586,0.1247224807739257,0.010582692616166,606.0,1135.0,6.0,0.0,1.0,0.992466164491064,67.0,126.0,1.0,0.0,1.0,0.9887041500106404,
steel-plates-fault,MLP,Baseline,6.0,4.203125,0.09375,1.234905242919922,0.1247224807739257,0.0104892817544113,606.0,1135.0,6.0,0.0,1.0,0.992466164491064,67.0,126.0,1.0,0.0,1.0,0.9887041500106404,
steel-plates-fault,MLP,Baseline,7.0,4.265625,0.09375,1.235001564025879,0.1247224807739257,0.0092620357823711,606.0,1135.0,6.0,0.0,1.0,0.992466164491064,67.0,121.0,6.0,0.0,1.0,0.9351188164876144,
steel-plates-fault,MLP,Baseline,8.0,4.3125,0.09375,1.2333898544311523,0.1246843338012695,0.0100426716443041,606.0,1135.0,6.0,0.0,1.0,0.992466164491064,66.0,125.0,2.0,1.0,0.9994123868844752,0.9659833960302964,
steel-plates-fault,MLP,Baseline,9.0,4.3125,0.0,1.235854148864746,0.1247768402099609,0.0087399015228035,605.0,1135.0,7.0,0.0,1.0,0.991212693662284,68.0,125.0,1.0,0.0,1.0,0.9887799352203986,
steel-plates-fault,MLP,Baseline,10.0,3.921875,0.0,1.2331666946411133,0.1246843338012695,0.0102209899360528,605.0,1135.0,7.0,0.0,1.0,0.991212693662284,68.0,125.0,1.0,0.0,1.0,0.9887799352203986,
steel-plates-fault,MLP,IQR Capping,1.0,4.609375,0.09375,1.8388175964355469,0.12566184997558594,0.009447934839321003,605.0,1135.0,6.0,0.0,1.0,0.9924581232165333,68.0,124.0,3.0,0.0,1.0,0.9670173453984322,
steel-plates-fault,MLP,IQR Capping,2.0,5.171875,0.09375,1.8394336700439453,0.1256237030029297,0.010448716135079203,606.0,1135.0,6.0,0.0,1.0,0.992466164491064,67.0,126.0,1.0,0.0,1.0,0.9887041500106404,
steel-plates-fault,MLP,IQR Capping,3.0,5.15625,0.109375,1.8394145965576172,0.12565994262695312,0.009424542975344636,606.0,1135.0,6.0,0.0,1.0,0.992466164491064,67.0,127.0,0.0,0.0,1.0,1.0,
steel-plates-fault,MLP,IQR Capping,4.0,5.34375,0.1875,1.8394145965576172,0.1256237030029297,0.00933216773891254,606.0,1135.0,6.0,0.0,1.0,0.992466164491064,67.0,124.0,3.0,0.0,1.0,0.9667125650120004,
steel-plates-fault,MLP,IQR Capping,5.0,5.234375,0.09375,1.8393669128417969,0.1256237030029297,0.008973962163358133,606.0,1135.0,6.0,0.0,1.0,0.992466164491064,67.0,126.0,1.0,0.0,1.0,0.9887041500106404,
steel-plates-fault,MLP,IQR Capping,6.0,5.03125,0.09375,1.8393192291259766,0.1256418228149414,0.009585727444114067,606.0,1135.0,6.0,0.0,1.0,0.992466164491064,67.0,126.0,1.0,0.0,1.0,0.9887041500106404,
steel-plates-fault,MLP,IQR Capping,7.0,4.875,0.1875,1.8392791748046875,0.1256237030029297,0.010191448634337677,606.0,1135.0,6.0,0.0,1.0,0.992466164491064,67.0,122.0,5.0,0.0,1.0,0.9454731672878096,
steel-plates-fault,MLP,IQR Capping,8.0,4.96875,0.1875,1.8393707275390625,0.1256418228149414,0.009124673053232333,606.0,1135.0,6.0,0.0,1.0,0.992466164491064,67.0,126.0,1.0,0.0,1.0,0.9887041500106404,
steel-plates-fault,MLP,IQR Capping,9.0,5.234375,0.1875,1.8393268585205078,0.1256237030029297,0.00889275598273235,605.0,1135.0,7.0,0.0,1.0,0.991212693662284,68.0,125.0,1.0,0.0,1.0,0.9887799352203986,
steel-plates-fault,MLP,IQR Capping,10.0,5.0625,0.203125,1.8394145965576172,0.1256418228149414,0.009949851712835502,605.0,1135.0,7.0,0.0,1.0,0.991212693662284,68.0,126.0,0.0,0.0,1.0,1.0,
steel-plates-fault,MLP,IQR Removal,1.0,4.65625,0.0,1.2573766708374023,0.1249523162841796,0.0104180162546502,605.0,1135.0,6.0,0.0,1.0,0.9924581232165332,68.0,126.0,1.0,0.0,1.0,0.9888110774051034,
steel-plates-fault,MLP,IQR Removal,2.0,4.59375,0.0,1.254593849182129,0.1248960494995117,0.0108601528784485,606.0,1135.0,6.0,0.0,1.0,0.992466164491064,67.0,125.0,2.0,0.0,1.0,0.9776108253996604,
steel-plates-fault,MLP,IQR Removal,3.0,4.859375,0.0,1.2555818557739258,0.1249341964721679,0.0103189719428521,606.0,1135.0,6.0,0.0,1.0,0.992466164491064,67.0,126.0,1.0,0.0,1.0,0.9887041500106404,
steel-plates-fault,MLP,IQR Removal,4.0,4.640625,0.0,1.2565078735351562,0.1249341964721679,0.0093712778263392,606.0,1135.0,6.0,0.0,1.0,0.992466164491064,67.0,122.0,5.0,0.0,1.0,0.9454731672878096,
steel-plates-fault,MLP,IQR Removal,5.0,4.96875,0.0,1.2564802169799805,0.1249341964721679,0.010582692616166,606.0,1135.0,6.0,0.0,1.0,0.992466164491064,67.0,126.0,1.0,0.0,1.0,0.9887041500106404,
steel-plates-fault,MLP,IQR Removal,6.0,4.6875,0.0,1.256026268005371,0.1249341964721679,0.0104892817544113,606.0,1135.0,6.0,0.0,1.0,0.992466164491064,67.0,126.0,1.0,0.0,1.0,0.9887041500106404,
steel-plates-fault,MLP,IQR Removal,7.0,4.671875,0.0,1.2555427551269531,0.1249341964721679,0.0092620357823711,606.0,1135.0,6.0,0.0,1.0,0.992466164491064,67.0,121.0,6.0,0.0,1.0,0.9351188164876144,
steel-plates-fault,MLP,IQR Removal,8.0,4.78125,0.015625,1.2547979354858398,0.1248960494995117,0.0100426716443041,606.0,1135.0,6.0,0.0,1.0,0.992466164491064,66.0,125.0,2.0,1.0,0.9994123868844752,0.9659833960302964,
steel-plates-fault,MLP,IQR Removal,9.0,4.6875,0.09375,1.2572994232177734,0.1249885559082031,0.0087399015228035,605.0,1135.0,7.0,0.0,1.0,0.991212693662284,68.0,125.0,1.0,0.0,1.0,0.9887799352203986,
steel-plates-fault,MLP,IQR Removal,10.0,4.40625,0.09375,1.2552556991577148,0.1248960494995117,0.0102209899360528,605.0,1135.0,7.0,0.0,1.0,0.991212693662284,68.0,125.0,1.0,0.0,1.0,0.9887799352203986,
steel-plates-fault,MLP,PCA,1.0,4.515625,0.0,1.2198190689086914,0.0882139205932617,0.0108896737555599,605.0,1135.0,6.0,0.0,1.0,0.9924581232165332,68.0,123.0,4.0,0.0,0.994326076887448,0.9563985376032624,
steel-plates-fault,MLP,PCA,2.0,4.03125,0.0,1.220585823059082,0.0881776809692382,0.0099430746301125,606.0,1135.0,6.0,0.0,1.0,0.992466164491064,67.0,126.0,1.0,0.0,1.0,0.9887041500106404,
steel-plates-fault,MLP,PCA,3.0,4.59375,0.0,1.220585823059082,0.08819580078125,0.0101001863553992,606.0,1135.0,6.0,0.0,1.0,0.992466164491064,67.0,127.0,0.0,0.0,1.0,1.0,
steel-plates-fault,MLP,PCA,4.0,4.203125,0.0,1.220585823059082,0.08819580078125,0.0106175725518041,606.0,1135.0,6.0,0.0,1.0,0.992466164491064,67.0,127.0,0.0,0.0,1.0,1.0,
steel-plates-fault,MLP,PCA,5.0,4.59375,0.0,1.2205381393432615,0.0881776809692382,0.0098106465949534,606.0,1135.0,6.0,0.0,1.0,0.992466164491064,67.0,127.0,0.0,0.0,1.0,1.0,
steel-plates-fault,MLP,PCA,6.0,4.3125,0.0,1.2205381393432615,0.08819580078125,0.0088273486800047,606.0,1135.0,6.0,0.0,1.0,0.992466164491064,67.0,125.0,2.0,0.0,1.0,0.9776108253996604,
steel-plates-fault,MLP,PCA,7.0,4.203125,0.0,1.220585823059082,0.08819580078125,0.0091483562186641,606.0,1135.0,6.0,0.0,1.0,0.992466164491064,67.0,121.0,6.0,0.0,1.0,0.9351188164876144,
steel-plates-fault,MLP,PCA,8.0,4.3125,0.03125,1.220585823059082,0.08819580078125,0.0108229713247986,606.0,1135.0,6.0,0.0,1.0,0.992466164491064,67.0,126.0,1.0,0.0,1.0,0.9887041500106404,
steel-plates-fault,MLP,PCA,9.0,4.5625,0.09375,1.2205381393432615,0.08819580078125,0.0084869691694799,605.0,1135.0,7.0,0.0,1.0,0.991212693662284,68.0,123.0,3.0,0.0,1.0,0.9669245013345248,
steel-plates-fault,MLP,PCA,10.0,4.5,0.0,1.220585823059082,0.0882120132446289,0.0082480257323254,605.0,1135.0,7.0,0.0,1.0,0.991212693662284,68.0,125.0,1.0,0.0,1.0,0.9887799352203986,
steel-plates-fault,MLP,Quantile Binning,1.0,4.125,0.03125,1.2390708923339844,0.1269874572753906,0.0077919608222629,605.0,1135.0,6.0,0.0,1.0,0.9924581232165332,68.0,124.0,3.0,0.0,1.0,0.9670173453984322,
steel-plates-fault,MLP,Quantile Binning,2.0,4.125,0.0,1.239301681518555,0.1269674301147461,0.0087032542902482,606.0,1135.0,6.0,0.0,1.0,0.992466164491064,67.0,124.0,3.0,0.0,1.0,0.9667125650120004,
steel-plates-fault,MLP,Quantile Binning,3.0,4.3125,0.0,1.239598274230957,0.1269874572753906,0.0074312178931861,606.0,1135.0,6.0,0.0,1.0,0.992466164491064,67.0,127.0,0.0,0.0,1.0,1.0,
steel-plates-fault,MLP,Quantile Binning,4.0,4.40625,0.0,1.2411470413208008,0.1270761489868164,0.006090287430835,606.0,1135.0,6.0,0.0,1.0,0.992466164491064,67.0,125.0,2.0,0.0,1.0,0.9776108253996604,
steel-plates-fault,MLP,Quantile Binning,5.0,4.28125,0.0,1.2386455535888672,0.1269674301147461,0.0073951407672275,606.0,1135.0,6.0,0.0,1.0,0.992466164491064,67.0,127.0,0.0,0.0,1.0,1.0,
steel-plates-fault,MLP,Quantile Binning,6.0,4.296875,0.0625,1.2401838302612305,0.1270055770874023,0.0081875720222631,606.0,1135.0,6.0,0.0,1.0,0.992466164491064,67.0,125.0,2.0,0.0,1.0,0.9776108253996604,
steel-plates-fault,MLP,Quantile Binning,7.0,4.359375,0.0,1.2405195236206057,0.1270055770874023,0.0089621768500716,606.0,1135.0,6.0,0.0,1.0,0.992466164491064,67.0,126.0,1.0,0.0,1.0,0.9887041500106404,
steel-plates-fault,MLP,Quantile Binning,8.0,4.1875,0.09375,1.2403955459594729,0.1270418167114257,0.0059160250830835,606.0,1135.0,6.0,0.0,1.0,0.992466164491064,67.0,125.0,2.0,0.0,1.0,0.9776108253996604,
steel-plates-fault,MLP,Quantile Binning,9.0,4.21875,0.09375,1.2396564483642578,0.1269874572753906,0.0072955931464356,605.0,1135.0,7.0,0.0,1.0,0.991212693662284,68.0,125.0,1.0,0.0,1.0,0.9887799352203986,
steel-plates-fault,MLP,Quantile Binning,10.0,4.3125,0.0,1.239217758178711,0.1269874572753906,0.007034349963681,605.0,1135.0,7.0,0.0,1.0,0.991212693662284,68.0,126.0,0.0,0.0,1.0,1.0,
steel-plates-fault,MLP,Quantile Transform,1.0,4.6875,0.078125,1.440542221069336,0.3157997131347656,0.016499013659164,605.0,1135.0,6.0,0.0,1.0,0.9924581232165332,68.0,123.0,4.0,0.0,1.0,0.9563985376032624,
steel-plates-fault,MLP,Quantile Transform,2.0,4.59375,0.09375,1.4424543380737305,0.3157815933227539,0.017020082829991,606.0,1135.0,6.0,0.0,1.0,0.992466164491064,67.0,126.0,1.0,0.0,1.0,0.9887041500106404,
steel-plates-fault,MLP,Quantile Transform,3.0,4.578125,0.0,1.4415693283081057,0.315835952758789,0.0167844413804797,606.0,1135.0,6.0,0.0,1.0,0.992466164491064,67.0,125.0,2.0,0.0,1.0,0.9776108253996604,
steel-plates-fault,MLP,Quantile Transform,4.0,4.71875,0.09375,1.4416732788085938,0.3157815933227539,0.0165008101741368,606.0,1135.0,6.0,0.0,1.0,0.992466164491064,67.0,124.0,3.0,0.0,1.0,0.9667125650120004,
steel-plates-fault,MLP,Quantile Transform,5.0,4.65625,0.0,1.441746711730957,0.3158178329467773,0.0166338616584952,606.0,1135.0,6.0,0.0,1.0,0.992466164491064,67.0,125.0,2.0,0.0,1.0,0.9776108253996604,
steel-plates-fault,MLP,Quantile Transform,6.0,4.671875,0.09375,1.4409751892089844,0.3158178329467773,0.0155432924180498,606.0,1135.0,6.0,0.0,1.0,0.992466164491064,67.0,123.0,4.0,0.0,1.0,0.9560022672164136,
steel-plates-fault,MLP,Quantile Transform,7.0,4.78125,0.09375,1.4437923431396484,0.315835952758789,0.0166800985789822,606.0,1135.0,6.0,0.0,1.0,0.992466164491064,67.0,123.0,4.0,0.0,1.0,0.9560022672164136,
steel-plates-fault,MLP,Quantile Transform,8.0,4.71875,0.09375,1.4408884048461914,0.3158178329467773,0.0174798772555662,606.0,1135.0,6.0,0.0,1.0,0.992466164491064,67.0,127.0,0.0,0.0,1.0,1.0,
steel-plates-fault,MLP,Quantile Transform,9.0,4.65625,0.09375,1.4403715133666992,0.3158178329467773,0.0147287852051098,605.0,1135.0,7.0,0.0,1.0,0.991212693662284,68.0,126.0,0.0,0.0,1.0,1.0,
steel-plates-fault,MLP,Quantile Transform,10.0,4.890625,0.09375,1.4407968521118164,0.3158178329467773,0.0154160190476009,605.0,1135.0,7.0,0.0,1.0,0.991212693662284,68.0,125.0,1.0,0.0,1.0,0.9887799352203986,
steel-plates-fault,MLP,Random Undersampling,1.0,4.6875,0.0625,1.3003358840942385,0.1349344253540039,0.0367437741298437,605.0,1135.0,6.0,0.0,1.0,0.9924581232165332,68.0,125.0,2.0,0.0,1.0,0.9778192489870196,
steel-plates-fault,MLP,Random Undersampling,2.0,4.59375,0.0,1.3023452758789062,0.1348752975463867,0.0422265613664736,606.0,1135.0,6.0,0.0,1.0,0.992466164491064,67.0,125.0,2.0,0.0,1.0,0.9776108253996604,
steel-plates-fault,MLP,Random Undersampling,3.0,4.421875,0.0,1.3024845123291016,0.1349134445190429,0.0351529353184339,606.0,1135.0,6.0,0.0,1.0,0.992466164491064,67.0,126.0,1.0,0.0,1.0,0.9887041500106404,
steel-plates-fault,MLP,Random Undersampling,4.0,4.5,0.09375,1.3024845123291016,0.1349315643310547,0.0399215733323477,606.0,1135.0,6.0,0.0,1.0,0.992466164491064,67.0,124.0,3.0,0.0,1.0,0.9667125650120004,
steel-plates-fault,MLP,Random Undersampling,5.0,4.40625,0.078125,1.3024845123291016,0.1348752975463867,0.0340637459955134,606.0,1135.0,6.0,0.0,1.0,0.992466164491064,67.0,127.0,0.0,0.0,1.0,1.0,
steel-plates-fault,MLP,Random Undersampling,6.0,4.59375,0.0,1.3023967742919922,0.1348934173583984,0.029028298244044,606.0,1135.0,6.0,0.0,1.0,0.992466164491064,67.0,126.0,1.0,0.0,1.0,0.9887041500106404,
steel-plates-fault,MLP,Random Undersampling,7.0,4.78125,0.015625,1.3024368286132812,0.1349315643310547,0.0238229573743924,606.0,1135.0,6.0,0.0,1.0,0.992466164491064,67.0,124.0,3.0,0.0,1.0,0.9667125650120004,
steel-plates-fault,MLP,Random Undersampling,8.0,4.5,0.0,1.3024368286132812,0.1348934173583984,0.0466107481867166,606.0,1135.0,6.0,0.0,1.0,0.992466164491064,66.0,127.0,0.0,1.0,0.9988247737689504,0.9886246665662776,
steel-plates-fault,MLP,Random Undersampling,9.0,4.484375,0.09375,1.300518035888672,0.1349344253540039,0.0287723277488176,605.0,1135.0,7.0,0.0,1.0,0.991212693662284,68.0,126.0,0.0,0.0,1.0,1.0,
steel-plates-fault,MLP,Random Undersampling,10.0,4.5,0.015625,1.3005619049072266,0.1348600387573242,0.0231827368447561,605.0,1135.0,7.0,0.0,1.0,0.991212693662284,68.0,126.0,0.0,0.0,1.0,1.0,
steel-plates-fault,MLP,SMOTE / SMOTENC,1.0,5.84375,0.0,9.536998748779297,0.3562793731689453,0.0143527473936145,605.0,1135.0,6.0,0.0,1.0,0.9924581232165332,68.0,125.0,2.0,0.0,1.0,0.9778192489870196,
steel-plates-fault,MLP,SMOTE / SMOTENC,2.0,6.03125,0.0,9.561358451843262,0.3566579818725586,0.0114129886359091,606.0,1135.0,6.0,0.0,1.0,0.992466164491064,67.0,124.0,3.0,0.0,1.0,0.9667125650120004,
steel-plates-fault,MLP,SMOTE / SMOTENC,3.0,6.125,0.09375,9.562641143798828,0.3566722869873047,0.0126377822339654,606.0,1135.0,6.0,0.0,1.0,0.992466164491064,67.0,124.0,3.0,0.0,1.0,0.9667125650120004,
steel-plates-fault,MLP,SMOTE / SMOTENC,4.0,6.140625,0.09375,9.562883377075195,0.3566541671752929,0.0139227711748883,606.0,1135.0,6.0,0.0,1.0,0.992466164491064,67.0,125.0,2.0,0.0,1.0,0.9776108253996604,
steel-plates-fault,MLP,SMOTE / SMOTENC,5.0,5.953125,0.078125,9.561933517456056,0.3567152023315429,0.0115637565989422,606.0,1135.0,6.0,0.0,1.0,0.992466164491064,67.0,127.0,0.0,0.0,1.0,1.0,
steel-plates-fault,MLP,SMOTE / SMOTENC,6.0,6.234375,0.0,9.562084197998049,0.3566808700561523,0.012753324232854,606.0,1135.0,6.0,0.0,1.0,0.992466164491064,67.0,126.0,1.0,0.0,1.0,0.9887041500106404,
steel-plates-fault,MLP,SMOTE / SMOTENC,7.0,6.25,0.0,9.562297821044922,0.3565969467163086,0.0126584566968991,606.0,1135.0,6.0,0.0,1.0,0.992466164491064,67.0,121.0,6.0,0.0,1.0,0.9351188164876144,
steel-plates-fault,MLP,SMOTE / SMOTENC,8.0,6.203125,0.0,9.561606407165527,0.3566722869873047,0.0127869911139165,606.0,1135.0,6.0,0.0,1.0,0.992466164491064,66.0,125.0,2.0,1.0,0.9984722058996356,0.9659833960302964,
steel-plates-fault,MLP,SMOTE / SMOTENC,9.0,5.71875,0.0,9.53904151916504,0.3563299179077148,0.012513767510464,605.0,1135.0,7.0,0.0,1.0,0.991212693662284,68.0,125.0,1.0,0.0,1.0,0.9887799352203986,
steel-plates-fault,MLP,SMOTE / SMOTENC,10.0,6.015625,0.0,9.53848648071289,0.3563156127929687,0.0123043280983052,605.0,1135.0,7.0,0.0,1.0,0.991212693662284,68.0,124.0,2.0,0.0,1.0,0.9777571632541407,
steel-plates-fault,MLP,Select Percentile (Mutual Info),1.0,8.765625,0.015625,2.440526008605957,0.0721330642700195,0.5370732533252236,566.0,1078.0,63.0,39.0,0.987521457906288,0.8725903094259336,66.0,113.0,14.0,2.0,0.98471514590088,0.8335632960320735,
steel-plates-fault,MLP,Select Percentile (Mutual Info),2.0,9.015625,0.0,2.442032814025879,0.0721330642700195,0.4568014089438822,582.0,1059.0,82.0,24.0,0.987203628338294,0.8712696749651766,64.0,114.0,13.0,3.0,0.983899400634622,0.8288569202126664,
steel-plates-fault,MLP,Select Percentile (Mutual Info),3.0,8.84375,0.0,2.442559242248535,0.0721330642700195,0.5993372946901836,558.0,1087.0,54.0,48.0,0.9864255487774894,0.8714672800759454,55.0,123.0,4.0,12.0,0.9770830884945352,0.81591176676407,
steel-plates-fault,MLP,Select Percentile (Mutual Info),4.0,8.671875,0.0,2.441283226013184,0.0721330642700195,0.466270109740193,578.0,1072.0,69.0,28.0,0.9894481998594252,0.8805190060118734,62.0,119.0,8.0,5.0,0.9803737219414737,0.8538441023180138,
steel-plates-fault,MLP,Select Percentile (Mutual Info),5.0,9.046875,0.0,2.4421157836914062,0.0721330642700195,0.460454085894836,579.0,1073.0,68.0,27.0,0.9894756785056243,0.8830093841073117,63.0,116.0,11.0,4.0,0.972852274062757,0.8356609163431099,
steel-plates-fault,MLP,Select Percentile (Mutual Info),6.0,9.25,0.03125,2.442080497741699,0.0721330642700195,0.5930485976394175,540.0,1104.0,37.0,66.0,0.9875304796036132,0.8690009356900592,55.0,124.0,3.0,12.0,0.9853096721118816,0.8280625171901801,
steel-plates-fault,MLP,Select Percentile (Mutual Info),7.0,8.875,0.0,2.442821502685547,0.0721330642700195,0.657444095247338,530.0,1112.0,29.0,76.0,0.9865658344975602,0.8664833953474512,56.0,118.0,9.0,11.0,0.966388529791985,0.7705901905625772,
steel-plates-fault,MLP,Select Percentile (Mutual Info),8.0,8.640625,0.0,2.442471504211426,0.0721330642700195,0.5086265176107474,570.0,1082.0,59.0,36.0,0.9898010835264068,0.881411074801344,61.0,116.0,11.0,6.0,0.9647432130685156,0.8108351972947817,
steel-plates-fault,MLP,Select Percentile (Mutual Info),9.0,8.484375,0.0,2.442594528198242,0.0721330642700195,0.5185217407076088,570.0,1083.0,59.0,35.0,0.9887293569350568,0.8826552915540271,59.0,115.0,11.0,9.0,0.9718720821661996,0.7752946386998559,
steel-plates-fault,MLP,Select Percentile (Mutual Info),10.0,8.703125,0.0,2.442599296569824,0.0721330642700195,0.5390018301554723,561.0,1091.0,51.0,44.0,0.9886685675413583,0.8802540344181985,60.0,120.0,6.0,8.0,0.9851774042950514,0.8406414965939838,
steel-plates-fault,MLP,Uniform Binning,1.0,3.890625,0.078125,1.2386341094970703,0.1269102096557617,0.0067001255271254,605.0,1135.0,6.0,0.0,1.0,0.9924581232165332,68.0,126.0,1.0,0.0,1.0,0.9888110774051034,
steel-plates-fault,MLP,Uniform Binning,2.0,3.75,0.0,1.239397048950195,0.1269264221191406,0.0091626644234017,606.0,1134.0,7.0,0.0,1.0,0.9912193691754824,67.0,127.0,0.0,0.0,1.0,1.0,
steel-plates-fault,MLP,Uniform Binning,3.0,3.921875,0.0,1.2392778396606443,0.1269264221191406,0.0080397675453442,606.0,1135.0,6.0,0.0,1.0,0.992466164491064,67.0,125.0,2.0,0.0,1.0,0.9776108253996604,
steel-plates-fault,MLP,Uniform Binning,4.0,3.84375,0.09375,1.2392663955688477,0.1269264221191406,0.0081932995570324,606.0,1135.0,6.0,0.0,1.0,0.992466164491064,67.0,126.0,1.0,0.0,1.0,0.9887041500106404,
steel-plates-fault,MLP,Uniform Binning,5.0,4.40625,0.0,1.24066162109375,0.1269807815551757,0.0071338253169122,606.0,1135.0,6.0,0.0,1.0,0.992466164491064,67.0,123.0,4.0,0.0,1.0,0.9560022672164136,
steel-plates-fault,MLP,Uniform Binning,6.0,3.84375,0.09375,1.2395448684692385,0.1269083023071289,0.0096379135910738,606.0,1135.0,6.0,0.0,1.0,0.992466164491064,67.0,126.0,1.0,0.0,1.0,0.9887041500106404,
steel-plates-fault,MLP,Uniform Binning,7.0,4.109375,0.0,1.2401866912841797,0.1269445419311523,0.0076534789575638,606.0,1135.0,6.0,0.0,1.0,0.992466164491064,67.0,126.0,1.0,0.0,1.0,0.9887041500106404,
steel-plates-fault,MLP,Uniform Binning,8.0,3.8125,0.0,1.239760398864746,0.1269264221191406,0.0080796572308053,606.0,1135.0,6.0,0.0,1.0,0.992466164491064,67.0,126.0,1.0,0.0,1.0,0.9887041500106404,
steel-plates-fault,MLP,Uniform Binning,9.0,3.9375,0.0,1.239887237548828,0.1269264221191406,0.0110664595358111,605.0,1135.0,7.0,0.0,1.0,0.991212693662284,68.0,124.0,2.0,0.0,1.0,0.9777571632541407,
steel-plates-fault,MLP,Uniform Binning,10.0,3.828125,0.09375,1.2383556365966797,0.1268901824951172,0.0081177890063498,605.0,1135.0,7.0,0.0,1.0,0.991212693662284,68.0,126.0,0.0,0.0,1.0,1.0,
steel-plates-fault,MLP,Yeo-Johnson,1.0,4.5,0.0,1.500035285949707,0.124974250793457,0.0099235080626271,605.0,1135.0,6.0,0.0,1.0,0.9924581232165332,68.0,124.0,3.0,0.0,1.0,0.9670173453984322,
steel-plates-fault,MLP,Yeo-Johnson,2.0,4.734375,0.0,1.5007352828979492,0.1249542236328125,0.0110943006420094,606.0,1135.0,6.0,0.0,1.0,0.992466164491064,67.0,125.0,2.0,0.0,1.0,0.9776108253996604,
steel-plates-fault,MLP,Yeo-Johnson,3.0,4.546875,0.09375,1.500779151916504,0.1249542236328125,0.0108222712179948,606.0,1135.0,6.0,0.0,1.0,0.992466164491064,67.0,126.0,1.0,0.0,1.0,0.9887041500106404,
steel-plates-fault,MLP,Yeo-Johnson,4.0,4.5625,0.03125,1.5006513595581057,0.1249542236328125,0.0106628997528456,606.0,1135.0,6.0,0.0,1.0,0.992466164491064,67.0,125.0,2.0,0.0,1.0,0.9776108253996604,
steel-plates-fault,MLP,Yeo-Johnson,5.0,4.75,0.0,1.5007352828979492,0.1249542236328125,0.0098718100851507,606.0,1135.0,6.0,0.0,1.0,0.992466164491064,67.0,126.0,1.0,0.0,1.0,0.9887041500106404,
steel-plates-fault,MLP,Yeo-Johnson,6.0,4.84375,0.046875,1.5007829666137695,0.1249723434448242,0.0103701549085348,606.0,1135.0,6.0,0.0,1.0,0.992466164491064,67.0,127.0,0.0,0.0,1.0,1.0,
steel-plates-fault,MLP,Yeo-Johnson,7.0,4.59375,0.09375,1.5007352828979492,0.1249542236328125,0.0119737837694169,606.0,1135.0,6.0,0.0,1.0,0.992466164491064,67.0,124.0,3.0,0.0,1.0,0.9667125650120004,
steel-plates-fault,MLP,Yeo-Johnson,8.0,4.8125,0.0,1.5007829666137695,0.1249542236328125,0.0099842095686905,606.0,1135.0,6.0,0.0,1.0,0.992466164491064,67.0,127.0,0.0,0.0,1.0,1.0,
steel-plates-fault,MLP,Yeo-Johnson,9.0,4.9375,0.0,1.500779151916504,0.1249542236328125,0.0100118558954902,605.0,1135.0,7.0,0.0,1.0,0.991212693662284,68.0,125.0,1.0,0.0,1.0,0.9887799352203986,
steel-plates-fault,MLP,Yeo-Johnson,10.0,4.984375,0.0625,1.500779151916504,0.1249723434448242,0.0092549516507801,605.0,1135.0,7.0,0.0,1.0,0.991212693662284,68.0,125.0,1.0,0.0,1.0,0.9887799352203986,
steel-plates-fault,RandomForest,Baseline,1.0,0.796875,0.0,1.219813346862793,1.4947757720947266,0.17,605.0,1134.0,7.0,0.0,1.0,0.99121001477784,68.0,115.0,12.0,0.0,0.9984946734599351,0.8773169549085887,
steel-plates-fault,RandomForest,Baseline,2.0,0.84375,0.015625,1.217484474182129,1.5199470520019531,0.1980000000000018,606.0,1135.0,6.0,0.0,1.0,0.992466164491064,67.0,117.0,10.0,0.0,1.0,0.8953299431648191,
steel-plates-fault,RandomForest,Baseline,3.0,0.8125,0.015625,1.2170019149780271,1.5784025192260742,0.19,606.0,1132.0,9.0,0.0,1.0,0.9887332640471644,67.0,117.0,10.0,0.0,0.999882477376895,0.8953299431648191,
steel-plates-fault,RandomForest,Baseline,4.0,0.8125,0.0,1.2167863845825195,1.5744552612304688,0.1890000000000009,606.0,1135.0,6.0,0.0,1.0,0.992466164491064,67.0,115.0,12.0,0.0,1.0,0.876336529620109,
steel-plates-fault,RandomForest,Baseline,5.0,0.828125,0.015625,1.2174482345581057,1.534163475036621,0.18,606.0,1133.0,8.0,0.0,1.0,0.9899750725074108,67.0,109.0,18.0,0.0,1.0,0.822506477770837,
steel-plates-fault,RandomForest,Baseline,6.0,0.828125,0.0,1.217268943786621,1.5492753982543943,0.2190000000000009,606.0,1135.0,6.0,0.0,1.0,0.992466164491064,67.0,117.0,10.0,0.0,0.99976495475379,0.8953299431648191,
steel-plates-fault,RandomForest,Baseline,7.0,0.796875,0.015625,1.2174482345581057,1.509404182434082,0.1890000000000009,606.0,1135.0,6.0,0.0,1.0,0.992466164491064,67.0,113.0,14.0,0.0,1.0,0.8578912793959014,
steel-plates-fault,RandomForest,Baseline,8.0,0.8125,0.0,1.2164392471313477,1.569854736328125,0.2090000000000009,606.0,1135.0,6.0,0.0,1.0,0.992466164491064,67.0,118.0,9.0,0.0,1.0,0.9050441142485892,
steel-plates-fault,RandomForest,Baseline,9.0,0.8125,0.015625,1.2171087265014648,1.560089111328125,0.1990000000000009,605.0,1135.0,7.0,0.0,1.0,0.991212693662284,68.0,113.0,13.0,0.0,1.0,0.8676926048977024,
steel-plates-fault,RandomForest,Baseline,10.0,0.84375,0.015625,1.2172479629516602,1.6087846755981443,0.83,598.0,1142.0,0.0,7.0,1.0,0.9911649644851724,46.0,126.0,0.0,22.0,1.0,0.7588900773126246,
steel-plates-fault,RandomForest,IQR Capping,1.0,1.625,0.015625,1.8383598327636719,1.5840034484863281,0.17250000000000001,605.0,1135.0,6.0,0.0,1.0000000000000002,0.9924581232165333,68.0,114.0,13.0,0.0,0.9980314960629921,0.8680855200427565,
steel-plates-fault,RandomForest,IQR Capping,2.0,0.921875,0.03125,1.8366546630859375,1.5323858261108398,0.18900000000000092,606.0,1135.0,6.0,0.0,1.0,0.992466164491064,67.0,117.0,10.0,0.0,1.0,0.8953299431648191,
steel-plates-fault,RandomForest,IQR Capping,3.0,0.921875,0.03125,1.8366107940673828,1.560643196105957,0.19900000000000093,606.0,1135.0,6.0,0.0,1.0,0.992466164491064,67.0,118.0,9.0,0.0,0.9997649547537901,0.9050441142485892,
steel-plates-fault,RandomForest,IQR Capping,4.0,0.921875,0.03125,1.836512565612793,1.597137451171875,0.2,606.0,1133.0,8.0,0.0,0.9999999999999999,0.9899750725074108,67.0,114.0,13.0,0.0,1.0,0.8670476650930484,
steel-plates-fault,RandomForest,IQR Capping,5.0,0.921875,0.03125,1.8364715576171875,1.5769758224487305,0.17,606.0,1131.0,10.0,0.0,1.0,0.9874939334128924,67.0,107.0,20.0,0.0,1.0,0.8055041892029011,
steel-plates-fault,RandomForest,IQR Capping,6.0,0.921875,0.03125,1.8366069793701172,1.5745458602905273,0.19800000000000184,606.0,1135.0,6.0,0.0,1.0,0.992466164491064,67.0,115.0,12.0,0.0,0.9999412386884475,0.876336529620109,
steel-plates-fault,RandomForest,IQR Capping,7.0,0.90625,0.03125,1.8365116119384766,1.617293357849121,0.1790000000000009,606.0,1135.0,6.0,0.0,1.0,0.992466164491064,67.0,112.0,15.0,0.0,1.0,0.848863042856252,
steel-plates-fault,RandomForest,IQR Capping,8.0,0.90625,0.03125,1.8364286422729492,1.662735939025879,0.21,606.0,1134.0,7.0,0.0,1.0,0.9912193691754825,67.0,115.0,12.0,0.0,1.0,0.876336529620109,
steel-plates-fault,RandomForest,IQR Capping,9.0,0.921875,0.03125,1.8365592956542969,1.6079654693603516,0.2070000000000027,605.0,1135.0,7.0,0.0,1.0,0.991212693662284,68.0,115.0,11.0,0.0,0.9999416433239963,0.8863485903348113,
steel-plates-fault,RandomForest,IQR Capping,10.0,0.90625,0.015625,1.8364715576171875,1.6236934661865234,0.19,605.0,1134.0,8.0,0.0,1.0,0.9899674730316775,68.0,119.0,7.0,0.0,1.0,0.9253627917180894,
steel-plates-fault,RandomForest,IQR Removal,1.0,0.890625,0.015625,1.248744010925293,1.4949874877929688,0.17,605.0,1134.0,7.0,0.0,1.0,0.99121001477784,68.0,115.0,12.0,0.0,0.9984946734599351,0.8773169549085887,
steel-plates-fault,RandomForest,IQR Removal,2.0,0.890625,0.015625,1.2446413040161133,1.520158767700195,0.1980000000000018,606.0,1135.0,6.0,0.0,1.0,0.992466164491064,67.0,117.0,10.0,0.0,1.0,0.8953299431648191,
steel-plates-fault,RandomForest,IQR Removal,3.0,0.890625,0.015625,1.2447175979614258,1.5786142349243164,0.19,606.0,1132.0,9.0,0.0,1.0,0.9887332640471644,67.0,117.0,10.0,0.0,0.999882477376895,0.8953299431648191,
steel-plates-fault,RandomForest,IQR Removal,4.0,0.875,0.015625,1.243438720703125,1.574666976928711,0.1890000000000009,606.0,1135.0,6.0,0.0,1.0,0.992466164491064,67.0,115.0,12.0,0.0,1.0,0.876336529620109,
steel-plates-fault,RandomForest,IQR Removal,5.0,0.890625,0.0,1.2433624267578125,1.5343751907348633,0.18,606.0,1133.0,8.0,0.0,1.0,0.9899750725074108,67.0,109.0,18.0,0.0,1.0,0.822506477770837,
steel-plates-fault,RandomForest,IQR Removal,6.0,0.890625,0.015625,1.2452726364135742,1.5494871139526367,0.2190000000000009,606.0,1135.0,6.0,0.0,1.0,0.992466164491064,67.0,117.0,10.0,0.0,0.99976495475379,0.8953299431648191,
steel-plates-fault,RandomForest,IQR Removal,7.0,0.890625,0.0,1.2435951232910156,1.5096158981323242,0.1890000000000009,606.0,1135.0,6.0,0.0,1.0,0.992466164491064,67.0,113.0,14.0,0.0,1.0,0.8578912793959014,
steel-plates-fault,RandomForest,IQR Removal,8.0,0.890625,0.015625,1.2438554763793943,1.5700664520263672,0.2090000000000009,606.0,1135.0,6.0,0.0,1.0,0.992466164491064,67.0,118.0,9.0,0.0,1.0,0.9050441142485892,
steel-plates-fault,RandomForest,IQR Removal,9.0,0.890625,0.015625,1.244349479675293,1.5603008270263672,0.1990000000000009,605.0,1135.0,7.0,0.0,1.0,0.991212693662284,68.0,113.0,13.0,0.0,1.0,0.8676926048977024,
steel-plates-fault,RandomForest,IQR Removal,10.0,0.875,0.015625,1.244426727294922,1.6089963912963867,0.83,598.0,1142.0,0.0,7.0,1.0,0.9911649644851724,46.0,126.0,0.0,22.0,1.0,0.7588900773126246,
steel-plates-fault,RandomForest,PCA,1.0,1.8125,0.0,1.2165422439575195,1.309650421142578,0.14,605.0,1131.0,10.0,0.0,1.0,0.9874806851293646,68.0,116.0,11.0,0.0,1.0,0.8866823116416229,
steel-plates-fault,RandomForest,PCA,2.0,1.8125,0.09375,1.2172136306762695,1.3114900588989258,0.14,606.0,1134.0,7.0,0.0,1.0,0.9912193691754824,67.0,115.0,12.0,0.0,1.0,0.876336529620109,
steel-plates-fault,RandomForest,PCA,3.0,1.890625,0.0,1.2171659469604492,1.283390998840332,0.16,606.0,1134.0,7.0,0.0,1.0,0.9912193691754824,67.0,116.0,11.0,0.0,1.0,0.8857623863358874,
steel-plates-fault,RandomForest,PCA,4.0,1.796875,0.0,1.2171659469604492,1.2884550094604492,0.1690000000000009,606.0,1135.0,6.0,0.0,1.0,0.992466164491064,67.0,118.0,9.0,0.0,1.0,0.9050441142485892,
steel-plates-fault,RandomForest,PCA,5.0,1.78125,0.015625,1.2171659469604492,1.2122735977172852,0.9,598.0,1141.0,0.0,8.0,1.0,0.9899131370537276,45.0,127.0,0.0,22.0,1.0,0.75661959031442,
steel-plates-fault,RandomForest,PCA,6.0,1.890625,0.09375,1.2172136306762695,1.2904300689697266,0.1590000000000009,606.0,1135.0,6.0,0.0,1.0,0.992466164491064,67.0,113.0,14.0,0.0,1.0,0.8578912793959014,
steel-plates-fault,RandomForest,PCA,7.0,1.84375,0.09375,1.2171659469604492,1.2841682434082031,0.1590000000000009,606.0,1135.0,6.0,0.0,1.0,0.992466164491064,67.0,117.0,10.0,0.0,1.0,0.8953299431648191,
steel-plates-fault,RandomForest,PCA,8.0,1.84375,0.0,1.217118263244629,1.3220300674438477,0.15,606.0,1134.0,7.0,0.0,1.0,0.9912193691754824,67.0,114.0,13.0,0.0,1.0,0.8670476650930484,
steel-plates-fault,RandomForest,PCA,9.0,1.90625,0.09375,1.2172136306762695,1.276996612548828,0.15,605.0,1134.0,8.0,0.0,1.0,0.9899674730316776,68.0,114.0,12.0,0.0,1.0,0.8769536014223438,
steel-plates-fault,RandomForest,PCA,10.0,1.890625,0.015625,1.2172136306762695,1.3674898147583008,0.1490000000000009,605.0,1135.0,7.0,0.0,1.0,0.991212693662284,68.0,116.0,10.0,0.0,1.0,0.8958821365586003,
steel-plates-fault,RandomForest,Quantile Binning,1.0,0.6875,0.0,1.2261285781860352,2.175032615661621,0.1725,605.0,1135.0,6.0,0.0,1.0,0.9924581232165332,68.0,110.0,17.0,0.0,0.9996526169522928,0.8324141912694495,
steel-plates-fault,RandomForest,Quantile Binning,2.0,0.6875,0.0,1.2269678115844729,2.240936279296875,0.17,606.0,1134.0,7.0,0.0,1.0,0.9912193691754824,67.0,113.0,14.0,0.0,1.0,0.8578912793959014,
steel-plates-fault,RandomForest,Quantile Binning,3.0,0.6875,0.0,1.2267026901245115,2.316657066345215,0.17,606.0,1133.0,8.0,0.0,1.0,0.9899750725074108,67.0,113.0,14.0,0.0,1.0,0.8578912793959014,
steel-plates-fault,RandomForest,Quantile Binning,4.0,0.6875,0.015625,1.2283658981323242,2.217771530151367,0.1890000000000009,606.0,1135.0,6.0,0.0,1.0,0.992466164491064,67.0,116.0,11.0,0.0,1.0,0.8857623863358874,
steel-plates-fault,RandomForest,Quantile Binning,5.0,0.6875,0.0,1.2276239395141602,2.209068298339844,0.2080000000000018,606.0,1135.0,6.0,0.0,1.0,0.992466164491064,67.0,108.0,19.0,0.0,1.0,0.8139508724158135,
steel-plates-fault,RandomForest,Quantile Binning,6.0,0.671875,0.0,1.227534294128418,2.120388984680176,0.86,599.0,1141.0,0.0,7.0,1.0,0.991171891137725,47.0,127.0,0.0,20.0,1.0,0.7784930158801621,
steel-plates-fault,RandomForest,Quantile Binning,7.0,0.6875,0.0,1.227004051208496,2.178850173950196,0.19,606.0,1134.0,7.0,0.0,1.0,0.9912193691754824,67.0,116.0,11.0,0.0,1.0,0.8857623863358874,
steel-plates-fault,RandomForest,Quantile Binning,8.0,0.703125,0.015625,1.2271432876586914,2.2122669219970703,0.1790000000000009,606.0,1135.0,6.0,0.0,1.0,0.992466164491064,67.0,115.0,12.0,0.0,1.0,0.876336529620109,
steel-plates-fault,RandomForest,Quantile Binning,9.0,0.6875,0.0,1.2281179428100586,2.1596240997314453,0.1590000000000009,605.0,1135.0,7.0,0.0,1.0,0.991212693662284,68.0,109.0,17.0,0.0,1.0,0.8319035353113317,
steel-plates-fault,RandomForest,Quantile Binning,10.0,0.703125,0.0,1.2282609939575195,2.215482711791992,0.16,605.0,1134.0,8.0,0.0,1.0,0.9899674730316776,68.0,116.0,10.0,0.0,1.0,0.8958821365586003,
steel-plates-fault,RandomForest,Quantile Transform,1.0,0.875,0.015625,1.438553810119629,1.6855249404907229,0.17,605.0,1134.0,7.0,0.0,1.0,0.99121001477784,68.0,114.0,13.0,0.0,0.9986683649837887,0.8680855200427565,
steel-plates-fault,RandomForest,Quantile Transform,2.0,0.890625,0.015625,1.437851905822754,1.7106962203979492,0.1980000000000018,606.0,1135.0,6.0,0.0,1.0,0.992466164491064,67.0,117.0,10.0,0.0,1.0,0.8953299431648191,
steel-plates-fault,RandomForest,Quantile Transform,3.0,0.90625,0.015625,1.438455581665039,1.7691516876220703,0.19,606.0,1133.0,8.0,0.0,1.0,0.9899750725074108,67.0,117.0,10.0,0.0,1.0,0.8953299431648191,
steel-plates-fault,RandomForest,Quantile Transform,4.0,0.890625,0.015625,1.4395370483398438,1.7652044296264648,0.18,606.0,1133.0,8.0,0.0,1.0,0.9899750725074108,67.0,114.0,13.0,0.0,1.0,0.8670476650930484,
steel-plates-fault,RandomForest,Quantile Transform,5.0,0.875,0.0,1.437861442565918,1.7249126434326172,0.1790000000000009,606.0,1135.0,6.0,0.0,1.0,0.992466164491064,67.0,107.0,20.0,0.0,1.0,0.8055041892029011,
steel-plates-fault,RandomForest,Quantile Transform,6.0,0.875,0.015625,1.4414939880371094,1.7400245666503906,0.2190000000000009,606.0,1135.0,6.0,0.0,1.0,0.992466164491064,67.0,117.0,10.0,0.0,0.99976495475379,0.8953299431648191,
steel-plates-fault,RandomForest,Quantile Transform,7.0,0.875,0.015625,1.4374675750732422,1.700153350830078,0.1890000000000009,606.0,1135.0,6.0,0.0,1.0,0.992466164491064,67.0,113.0,14.0,0.0,1.0,0.8578912793959014,
steel-plates-fault,RandomForest,Quantile Transform,8.0,0.859375,0.015625,1.4380617141723633,1.760603904724121,0.2090000000000009,606.0,1135.0,6.0,0.0,1.0,0.992466164491064,67.0,118.0,9.0,0.0,1.0,0.9050441142485892,
steel-plates-fault,RandomForest,Quantile Transform,9.0,0.875,0.015625,1.4377365112304688,1.750838279724121,0.1990000000000009,605.0,1135.0,7.0,0.0,1.0,0.991212693662284,68.0,114.0,12.0,0.0,1.0,0.8769536014223438,
steel-plates-fault,RandomForest,Quantile Transform,10.0,0.875,0.015625,1.438589096069336,1.7995338439941406,0.83,598.0,1142.0,0.0,7.0,1.0,0.9911649644851724,44.0,126.0,0.0,24.0,1.0,0.7372444721832141,
steel-plates-fault,RandomForest,Random Undersampling,1.0,0.78125,0.015625,1.2982120513916016,1.1753969192504885,0.3925,605.0,1135.0,6.0,0.0,1.0,0.9924581232165332,68.0,121.0,6.0,0.0,0.999015748031496,0.9356844696191816,
steel-plates-fault,RandomForest,Random Undersampling,2.0,0.796875,0.0,1.3001823425292969,1.1664066314697266,0.4180000000000018,606.0,1135.0,6.0,0.0,1.0,0.992466164491064,67.0,127.0,0.0,0.0,1.0,1.0,
steel-plates-fault,RandomForest,Random Undersampling,3.0,0.796875,0.015625,1.3002262115478516,1.2095975875854492,0.5,606.0,1134.0,7.0,0.0,1.0,0.9912193691754824,67.0,126.0,1.0,0.0,0.9998824773768952,0.9887041500106404,
steel-plates-fault,RandomForest,Random Undersampling,4.0,0.8125,0.0,1.300130844116211,1.1891450881958008,0.4550000000000045,606.0,1135.0,6.0,0.0,1.0,0.992466164491064,67.0,127.0,0.0,0.0,1.0,1.0,
steel-plates-fault,RandomForest,Random Undersampling,5.0,0.78125,0.0,1.3002262115478516,1.2112760543823242,0.4870000000000027,606.0,1135.0,6.0,0.0,1.0,0.992466164491064,67.0,127.0,0.0,0.0,1.0,1.0,
steel-plates-fault,RandomForest,Random Undersampling,6.0,0.78125,0.015625,1.3001346588134766,1.1578588485717771,0.3490000000000008,606.0,1135.0,6.0,0.0,1.0,0.992466164491064,67.0,125.0,2.0,0.0,0.9998237160653426,0.9776108253996604,
steel-plates-fault,RandomForest,Random Undersampling,7.0,0.796875,0.0,1.3001346588134766,1.1496248245239258,0.4280000000000018,606.0,1135.0,6.0,0.0,1.0,0.992466164491064,67.0,125.0,2.0,0.0,1.0,0.9776108253996604,
steel-plates-fault,RandomForest,Random Undersampling,8.0,0.78125,0.015625,1.3001346588134766,1.2453031539916992,0.3880000000000018,606.0,1135.0,6.0,0.0,1.0,0.992466164491064,67.0,127.0,0.0,0.0,1.0,1.0,
steel-plates-fault,RandomForest,Random Undersampling,9.0,0.828125,0.015625,1.2982559204101562,1.1988983154296875,0.3870000000000027,605.0,1135.0,7.0,0.0,1.0,0.991212693662284,68.0,124.0,2.0,0.0,0.9998832866479924,0.9777571632541407,
steel-plates-fault,RandomForest,Random Undersampling,10.0,0.828125,0.015625,1.298259735107422,1.153421401977539,0.3890000000000009,605.0,1135.0,7.0,0.0,1.0,0.991212693662284,68.0,125.0,1.0,0.0,0.9996498599439776,0.9887799352203986,
steel-plates-fault,RandomForest,SMOTE / SMOTENC,1.0,1.59375,0.015625,9.533084869384766,1.8013038635253906,0.175,605.0,1135.0,6.0,0.0,1.0,0.9924581232165332,68.0,115.0,12.0,0.0,0.9994210282538212,0.8773169549085887,
steel-plates-fault,RandomForest,SMOTE / SMOTENC,2.0,1.53125,0.015625,9.558480262756348,2.0153112411499023,0.1880000000000018,606.0,1135.0,6.0,0.0,1.0,0.992466164491064,67.0,114.0,13.0,0.0,1.0,0.8670476650930484,
steel-plates-fault,RandomForest,SMOTE / SMOTENC,3.0,1.546875,0.015625,9.559142112731934,1.881468772888184,0.19,606.0,1134.0,7.0,0.0,1.0,0.9912193691754824,67.0,116.0,11.0,0.0,1.0,0.8857623863358874,
steel-plates-fault,RandomForest,SMOTE / SMOTENC,4.0,1.53125,0.015625,9.557758331298828,1.8140192031860352,0.1990000000000009,606.0,1135.0,6.0,0.0,1.0,0.992466164491064,67.0,118.0,9.0,0.0,1.0,0.9050441142485892,
steel-plates-fault,RandomForest,SMOTE / SMOTENC,5.0,1.5625,0.015625,9.55791473388672,2.016111373901367,0.1990000000000009,606.0,1135.0,6.0,0.0,1.0,0.992466164491064,67.0,113.0,14.0,0.0,1.0,0.8578912793959014,
steel-plates-fault,RandomForest,SMOTE / SMOTENC,6.0,1.546875,0.0,9.558019638061523,1.894447326660156,0.1990000000000009,606.0,1135.0,6.0,0.0,1.0,0.992466164491064,67.0,116.0,11.0,0.0,1.0,0.8857623863358874,
steel-plates-fault,RandomForest,SMOTE / SMOTENC,7.0,1.546875,0.0,9.55739402770996,1.916532516479492,0.1780000000000018,606.0,1135.0,6.0,0.0,1.0,0.992466164491064,67.0,113.0,14.0,0.0,1.0,0.8578912793959014,
steel-plates-fault,RandomForest,SMOTE / SMOTENC,8.0,1.546875,0.0,9.558338165283203,1.916934967041016,0.1980000000000018,606.0,1135.0,6.0,0.0,1.0,0.992466164491064,67.0,117.0,10.0,0.0,1.0,0.8953299431648191,
steel-plates-fault,RandomForest,SMOTE / SMOTENC,9.0,1.546875,0.0,9.534984588623049,1.856764793395996,0.1690000000000009,605.0,1135.0,7.0,0.0,1.0,0.991212693662284,68.0,112.0,14.0,0.0,0.9998832866479924,0.8585612216223796,
steel-plates-fault,RandomForest,SMOTE / SMOTENC,10.0,1.578125,0.015625,9.534337043762209,1.9117889404296875,0.1690000000000009,605.0,1135.0,7.0,0.0,1.0,0.991212693662284,68.0,114.0,12.0,0.0,0.9998832866479924,0.8769536014223438,
steel-plates-fault,RandomForest,Select Percentile (Mutual Info),1.0,1.859375,0.0,2.4378576278686523,1.842057228088379,0.36,605.0,1134.0,7.0,0.0,1.0,0.99121001477784,68.0,106.0,21.0,0.0,0.9757989810097268,0.7985654660098285,
steel-plates-fault,RandomForest,Select Percentile (Mutual Info),2.0,1.046875,0.015625,2.438899040222168,1.9298267364501955,0.3380000000000018,606.0,1135.0,6.0,0.0,1.0,0.992466164491064,65.0,114.0,13.0,2.0,0.9868374662122458,0.8415426480576677,
steel-plates-fault,RandomForest,Select Percentile (Mutual Info),3.0,1.0625,0.0,2.439381599426269,1.829686164855957,0.33,606.0,1134.0,7.0,0.0,1.0,0.9912193691754824,66.0,111.0,16.0,1.0,0.9766129980021154,0.8269174897760131,
steel-plates-fault,RandomForest,Select Percentile (Mutual Info),4.0,1.0625,0.015625,2.4389781951904297,1.8944206237792969,0.33,606.0,1132.0,9.0,0.0,1.0,0.9887332640471644,66.0,117.0,10.0,1.0,0.9875426019508756,0.8828358473419073,
steel-plates-fault,RandomForest,Select Percentile (Mutual Info),5.0,1.0625,0.015625,2.4393739700317383,1.84358024597168,0.3280000000000018,606.0,1135.0,6.0,0.0,1.0,0.992466164491064,66.0,108.0,19.0,1.0,0.9759666235750382,0.8006570656542352,
steel-plates-fault,RandomForest,Select Percentile (Mutual Info),6.0,1.0625,0.0,2.4388113021850586,1.9446220397949217,0.3490000000000008,606.0,1135.0,6.0,0.0,1.0,0.992466164491064,65.0,120.0,7.0,2.0,0.9915971324479962,0.9005938439568003,
steel-plates-fault,RandomForest,Select Percentile (Mutual Info),7.0,1.046875,0.015625,2.4395523071289062,1.8246536254882808,0.33,606.0,1133.0,8.0,0.0,1.0,0.9899750725074108,66.0,110.0,17.0,1.0,0.9766129980021154,0.8180478127573881,
steel-plates-fault,RandomForest,Select Percentile (Mutual Info),8.0,1.0625,0.0,2.438982963562012,1.8619050979614256,0.3490000000000008,606.0,1135.0,6.0,0.0,1.0,0.992466164491064,67.0,111.0,16.0,0.0,0.9848395816194616,0.8399587993202673,
steel-plates-fault,RandomForest,Select Percentile (Mutual Info),9.0,1.0625,0.015625,2.4389781951904297,1.842820167541504,0.34,605.0,1134.0,8.0,0.0,1.0,0.9899674730316776,68.0,110.0,16.0,0.0,0.9848856209150328,0.8406706461501816,
steel-plates-fault,RandomForest,Select Percentile (Mutual Info),10.0,1.046875,0.0,2.439242362976074,1.835959434509277,0.3480000000000018,605.0,1135.0,7.0,0.0,1.0,0.991212693662284,66.0,114.0,12.0,2.0,0.9900210084033614,0.85181491178873,
steel-plates-fault,RandomForest,Uniform Binning,1.0,0.65625,0.0,1.2283830642700195,1.9770822525024407,0.14,605.0,1134.0,7.0,0.0,1.0,0.99121001477784,68.0,112.0,15.0,0.0,0.9998842056507642,0.8500071150446924,
steel-plates-fault,RandomForest,Uniform Binning,2.0,0.65625,0.015625,1.2284622192382812,2.299445152282715,0.16,606.0,1134.0,7.0,0.0,1.0,0.9912193691754824,67.0,110.0,17.0,0.0,1.0,0.8311745566408112,
steel-plates-fault,RandomForest,Uniform Binning,3.0,0.671875,0.0,1.228602409362793,2.2424840927124023,0.1590000000000009,606.0,1135.0,6.0,0.0,1.0,0.992466164491064,67.0,112.0,15.0,0.0,1.0,0.848863042856252,
steel-plates-fault,RandomForest,Uniform Binning,4.0,0.65625,0.015625,1.2275934219360352,2.3673324584960938,0.16,606.0,1134.0,7.0,0.0,1.0,0.9912193691754824,67.0,112.0,15.0,0.0,1.0,0.848863042856252,
steel-plates-fault,RandomForest,Uniform Binning,5.0,0.6875,0.0,1.2282991409301758,2.3161983489990234,0.17,606.0,1134.0,7.0,0.0,1.0,0.9912193691754824,67.0,114.0,13.0,0.0,1.0,0.8670476650930484,
steel-plates-fault,RandomForest,Uniform Binning,6.0,0.65625,0.015625,1.227717399597168,2.298201560974121,0.1690000000000009,606.0,1135.0,6.0,0.0,1.0,0.992466164491064,67.0,114.0,13.0,0.0,1.0,0.8670476650930484,
steel-plates-fault,RandomForest,Uniform Binning,7.0,0.671875,0.0,1.2286901473999023,2.0364561080932617,0.1680000000000018,606.0,1135.0,6.0,0.0,1.0,0.992466164491064,67.0,118.0,9.0,0.0,1.0,0.9050441142485892,
steel-plates-fault,RandomForest,Uniform Binning,8.0,0.671875,0.0,1.228163719177246,2.342158317565918,0.16,606.0,1134.0,7.0,0.0,1.0,0.9912193691754824,67.0,115.0,12.0,0.0,1.0,0.876336529620109,
steel-plates-fault,RandomForest,Uniform Binning,9.0,0.671875,0.0,1.2286252975463867,2.178699493408203,0.14,605.0,1134.0,8.0,0.0,1.0,0.9899674730316776,68.0,107.0,19.0,0.0,1.0,0.8147069972288801,
steel-plates-fault,RandomForest,Uniform Binning,10.0,0.65625,0.015625,1.2279634475708008,2.104524612426758,0.86,596.0,1142.0,0.0,9.0,1.0,0.9886460435093024,60.0,126.0,0.0,8.0,1.0,0.910865057867271,
steel-plates-fault,RandomForest,Yeo-Johnson,1.0,0.96875,0.015625,1.4965887069702148,1.4951181411743164,0.17,605.0,1134.0,7.0,0.0,1.0,0.99121001477784,68.0,115.0,12.0,0.0,0.998552570634553,0.8773169549085887,
steel-plates-fault,RandomForest,Yeo-Johnson,2.0,1.0,0.0,1.497359275817871,1.520289421081543,0.1980000000000018,606.0,1135.0,6.0,0.0,1.0,0.992466164491064,67.0,117.0,10.0,0.0,1.0,0.8953299431648191,
steel-plates-fault,RandomForest,Yeo-Johnson,3.0,0.984375,0.015625,1.4974546432495115,1.578744888305664,0.19,606.0,1132.0,9.0,0.0,1.0,0.9887332640471644,67.0,117.0,10.0,0.0,0.9998824773768952,0.8953299431648191,
steel-plates-fault,RandomForest,Yeo-Johnson,4.0,1.0,0.015625,1.4973630905151367,1.5747976303100586,0.18,606.0,1133.0,8.0,0.0,1.0,0.9899750725074108,67.0,114.0,13.0,0.0,1.0,0.8670476650930484,
steel-plates-fault,RandomForest,Yeo-Johnson,5.0,1.015625,0.015625,1.497359275817871,1.534505844116211,0.18,606.0,1133.0,8.0,0.0,1.0,0.9899750725074108,67.0,109.0,18.0,0.0,1.0,0.822506477770837,
steel-plates-fault,RandomForest,Yeo-Johnson,6.0,1.0,0.0,1.4974546432495115,1.5496177673339844,0.2190000000000009,606.0,1135.0,6.0,0.0,1.0,0.992466164491064,67.0,117.0,10.0,0.0,0.99976495475379,0.8953299431648191,
steel-plates-fault,RandomForest,Yeo-Johnson,7.0,1.0,0.015625,1.4974069595336914,1.509746551513672,0.1890000000000009,606.0,1135.0,6.0,0.0,1.0,0.992466164491064,67.0,113.0,14.0,0.0,1.0,0.8578912793959014,
steel-plates-fault,RandomForest,Yeo-Johnson,8.0,1.0,0.0,1.4974069595336914,1.5701971054077148,0.2090000000000009,606.0,1135.0,6.0,0.0,1.0,0.992466164491064,67.0,118.0,9.0,0.0,1.0,0.9050441142485892,
steel-plates-fault,RandomForest,Yeo-Johnson,9.0,0.984375,0.015625,1.497410774230957,1.5604314804077148,0.1990000000000009,605.0,1135.0,7.0,0.0,1.0,0.991212693662284,68.0,113.0,13.0,0.0,1.0,0.8676926048977024,
steel-plates-fault,RandomForest,Yeo-Johnson,10.0,1.015625,0.015625,1.4974069595336914,1.6091270446777344,0.17,605.0,1133.0,9.0,0.0,1.0,0.9887247478928244,68.0,115.0,11.0,0.0,1.0,0.8863485903348113,
steel-plates-fault,SVM,Baseline,1.0,0.453125,0.015625,1.220240592956543,0.2104701995849609,-0.2204503472090959,603.0,1133.0,8.0,2.0,0.9999362600589596,0.9874111013120338,66.0,123.0,4.0,2.0,0.9979157017137564,0.932954601092321,
steel-plates-fault,SVM,Baseline,2.0,0.078125,0.0,1.2209596633911133,0.2110424041748047,-0.1530324777039224,605.0,1134.0,7.0,1.0,0.9999595051529692,0.9899453543990824,66.0,126.0,1.0,1.0,0.9998824773768952,0.97720061111764,
steel-plates-fault,SVM,Baseline,3.0,0.0625,0.015625,1.2207841873168943,0.2093257904052734,-0.1401385915245237,604.0,1133.0,8.0,2.0,0.9999508276857484,0.9874245443071008,65.0,126.0,1.0,2.0,0.99976495475379,0.9657431126037558,
steel-plates-fault,SVM,Baseline,4.0,0.078125,0.015625,1.220820426940918,0.2087535858154297,-0.0812038988639874,604.0,1133.0,8.0,2.0,0.9999508276857484,0.9874245443071008,67.0,126.0,1.0,0.0,0.9998824773768952,0.9887041500106404,
steel-plates-fault,SVM,Baseline,5.0,0.078125,0.015625,1.2208681106567385,0.2064647674560547,-0.0797632955898893,603.0,1132.0,9.0,3.0,0.999930580262233,0.984903734215119,65.0,127.0,0.0,2.0,0.9994123868844752,0.9772963624357158,
steel-plates-fault,SVM,Baseline,6.0,0.078125,0.015625,1.221043586730957,0.207895278930664,-0.1014910319188971,604.0,1133.0,8.0,2.0,0.9999667363756533,0.9874245443071008,66.0,124.0,3.0,1.0,0.9994123868844752,0.9549652731456266,
steel-plates-fault,SVM,Baseline,7.0,0.078125,0.0,1.221482276916504,0.2107563018798828,-0.1255379996492014,604.0,1133.0,8.0,2.0,0.9999450427076012,0.9874245443071008,66.0,124.0,3.0,1.0,0.9991773416382652,0.9549652731456266,
steel-plates-fault,SVM,Baseline,8.0,0.0625,0.0,1.2204656600952148,0.2058925628662109,-0.0873378616390861,604.0,1133.0,8.0,2.0,0.9999291340176962,0.9874245443071008,65.0,126.0,1.0,2.0,0.9989422963920556,0.9657431126037558,
steel-plates-fault,SVM,Baseline,9.0,0.0625,0.0,1.2213621139526367,0.2098979949951172,-0.1247046636928816,604.0,1134.0,8.0,1.0,0.9999638158370844,0.9886909059521912,65.0,126.0,0.0,3.0,0.9994164332399628,0.9662569693304952,
steel-plates-fault,SVM,Baseline,10.0,0.0625,0.015625,1.220799446105957,0.2076091766357422,-0.0795055596388229,603.0,1133.0,9.0,2.0,0.999939210606302,0.9861691182420984,67.0,124.0,2.0,1.0,0.99953314659197,0.966212487287133,
steel-plates-fault,SVM,IQR Capping,1.0,0.171875,0.03125,1.8355522155761719,0.20175457000732422,-0.23872986012557468,605.0,1135.0,6.0,0.0,0.9999608868543615,0.9924581232165333,68.0,124.0,3.0,0.0,0.9991894395553498,0.9670173453984322,
steel-plates-fault,SVM,IQR Capping,2.0,0.125,0.03125,1.8397636413574219,0.20232677459716797,-0.13373824391128802,606.0,1135.0,6.0,0.0,0.9999826450655582,0.992466164491064,67.0,126.0,1.0,0.0,1.0,0.9887041500106404,
steel-plates-fault,SVM,IQR Capping,3.0,0.15625,0.03125,1.8398561477661133,0.2020406723022461,-0.09510140618529352,606.0,1135.0,6.0,0.0,0.9999681826201902,0.992466164491064,66.0,126.0,1.0,1.0,0.9998824773768951,0.9772006111176401,
steel-plates-fault,SVM,IQR Capping,4.0,0.15625,0.03125,1.839768409729004,0.2066183090209961,-0.1218306511209253,606.0,1135.0,6.0,0.0,0.9999739675983375,0.992466164491064,67.0,126.0,1.0,0.0,1.0,0.9887041500106404,
steel-plates-fault,SVM,IQR Capping,5.0,0.171875,0.03125,1.8397207260131836,0.2008962631225586,-0.1259522856662612,606.0,1135.0,6.0,0.0,0.9999652901311165,0.992466164491064,66.0,127.0,0.0,1.0,1.0,0.9886246665662776,
steel-plates-fault,SVM,IQR Capping,6.0,0.15625,0.03125,1.8398113250732422,0.20347118377685547,-0.10314724712368133,606.0,1135.0,6.0,0.0,0.9999667363756533,0.992466164491064,66.0,126.0,1.0,1.0,0.9994123868844753,0.9772006111176401,
steel-plates-fault,SVM,IQR Capping,7.0,0.15625,0.03125,1.8398590087890625,0.20289897918701172,-0.20635967332596006,606.0,1135.0,6.0,0.0,0.9999927687773159,0.992466164491064,67.0,125.0,2.0,0.0,0.9995299095075802,0.9776108253996605,
steel-plates-fault,SVM,IQR Capping,8.0,0.171875,0.03125,1.8398151397705078,0.19946575164794922,-0.10643808430825719,606.0,1135.0,6.0,0.0,0.9999609513975061,0.992466164491064,65.0,127.0,0.0,2.0,0.9996474321306852,0.9772963624357158,
steel-plates-fault,SVM,IQR Capping,9.0,0.15625,0.03125,1.8398122787475586,0.2020406723022461,-0.17762143304015474,605.0,1135.0,7.0,0.0,0.9999797368687673,0.991212693662284,67.0,126.0,0.0,1.0,0.9997665732959851,0.9887041500106404,
steel-plates-fault,SVM,IQR Capping,10.0,0.15625,0.03125,1.8398590087890625,0.20061016082763672,-0.05471458838912634,605.0,1135.0,7.0,0.0,0.9999681579366343,0.991212693662284,68.0,125.0,1.0,0.0,1.0,0.9887799352203986,
steel-plates-fault,SVM,IQR Removal,1.0,0.125,0.015625,1.2479114532470703,0.2106819152832031,-0.2204503472090959,603.0,1133.0,8.0,2.0,0.9999362600589596,0.9874111013120338,66.0,123.0,4.0,2.0,0.9979157017137564,0.932954601092321,
steel-plates-fault,SVM,IQR Removal,2.0,0.125,0.015625,1.2483091354370115,0.2112541198730468,-0.1530324777039224,605.0,1134.0,7.0,1.0,0.9999595051529692,0.9899453543990824,66.0,126.0,1.0,1.0,0.9998824773768952,0.97720061111764,
steel-plates-fault,SVM,IQR Removal,3.0,0.140625,0.015625,1.2477264404296875,0.2095375061035156,-0.1401385915245237,604.0,1133.0,8.0,2.0,0.9999508276857484,0.9874245443071008,65.0,126.0,1.0,2.0,0.99976495475379,0.9657431126037558,
steel-plates-fault,SVM,IQR Removal,4.0,0.125,0.0,1.2481536865234375,0.2089653015136718,-0.0812038988639874,604.0,1133.0,8.0,2.0,0.9999508276857484,0.9874245443071008,67.0,126.0,1.0,0.0,0.9998824773768952,0.9887041500106404,
steel-plates-fault,SVM,IQR Removal,5.0,0.125,0.015625,1.2479829788208008,0.2066764831542968,-0.0797632955898893,603.0,1132.0,9.0,3.0,0.999930580262233,0.984903734215119,65.0,127.0,0.0,2.0,0.9994123868844752,0.9772963624357158,
steel-plates-fault,SVM,IQR Removal,6.0,0.125,0.015625,1.2485198974609375,0.2081069946289062,-0.1014910319188971,604.0,1133.0,8.0,2.0,0.9999667363756533,0.9874245443071008,66.0,124.0,3.0,1.0,0.9994123868844752,0.9549652731456266,
steel-plates-fault,SVM,IQR Removal,7.0,0.109375,0.015625,1.2477741241455078,0.210968017578125,-0.1255379996492014,604.0,1133.0,8.0,2.0,0.9999450427076012,0.9874245443071008,66.0,124.0,3.0,1.0,0.9991773416382652,0.9549652731456266,
steel-plates-fault,SVM,IQR Removal,8.0,0.125,0.015625,1.2486867904663086,0.2061042785644531,-0.0873378616390861,604.0,1133.0,8.0,2.0,0.9999291340176962,0.9874245443071008,65.0,126.0,1.0,2.0,0.9989422963920556,0.9657431126037558,
steel-plates-fault,SVM,IQR Removal,9.0,0.140625,0.015625,1.2475738525390625,0.2101097106933593,-0.1247046636928816,604.0,1134.0,8.0,1.0,0.9999638158370844,0.9886909059521912,65.0,126.0,0.0,3.0,0.9994164332399628,0.9662569693304952,
steel-plates-fault,SVM,IQR Removal,10.0,0.125,0.015625,1.248976707458496,0.2078208923339843,-0.0795055596388229,603.0,1133.0,9.0,2.0,0.999939210606302,0.9861691182420984,67.0,124.0,2.0,1.0,0.99953314659197,0.966212487287133,
steel-plates-fault,SVM,PCA,1.0,0.578125,0.09375,1.2199811935424805,0.138650894165039,-0.2058776805004311,603.0,1133.0,8.0,2.0,0.9999449518691012,0.9874111013120338,66.0,123.0,4.0,2.0,0.9977999073645204,0.932954601092321,
steel-plates-fault,SVM,PCA,2.0,0.5625,0.09375,1.2207002639770508,0.1377162933349609,-0.1266783020026108,606.0,1135.0,6.0,0.0,0.9999450427076012,0.992466164491064,67.0,126.0,1.0,0.0,1.0,0.9887041500106404,
steel-plates-fault,SVM,PCA,3.0,0.59375,0.09375,1.2206525802612305,0.1360340118408203,-0.140167384068127,605.0,1134.0,7.0,1.0,0.999946488952138,0.9899453543990824,67.0,126.0,1.0,0.0,1.0,0.9887041500106404,
steel-plates-fault,SVM,PCA,4.0,0.625,0.09375,1.2207002639770508,0.1384639739990234,-0.0577448346827672,604.0,1133.0,8.0,2.0,0.9999363652403802,0.9874245443071008,66.0,126.0,1.0,1.0,0.9998824773768952,0.97720061111764,
steel-plates-fault,SVM,PCA,5.0,0.5625,0.09375,1.2206048965454102,0.1369686126708984,-0.108779239208136,605.0,1134.0,7.0,1.0,0.999916117816865,0.9899453543990824,65.0,127.0,0.0,2.0,0.9991773416382652,0.9772963624357158,
steel-plates-fault,SVM,PCA,6.0,0.546875,0.09375,1.2206525802612305,0.1365947723388672,-0.0984496653306249,605.0,1134.0,7.0,1.0,0.9999652901311166,0.9899453543990824,66.0,125.0,2.0,1.0,0.9995299095075802,0.9659833960302964,
steel-plates-fault,SVM,PCA,7.0,0.5625,0.09375,1.2206525802612305,0.137155532836914,-0.1385055459063346,605.0,1134.0,7.0,1.0,0.9999493814412116,0.9899453543990824,66.0,124.0,3.0,1.0,0.9996474321306852,0.9549652731456266,
steel-plates-fault,SVM,PCA,8.0,0.484375,0.09375,1.2206525802612305,0.1350994110107422,-0.1176574117097172,604.0,1133.0,8.0,2.0,0.9999247952840858,0.9874245443071008,65.0,127.0,0.0,2.0,0.9991773416382652,0.9772963624357158,
steel-plates-fault,SVM,PCA,9.0,0.46875,0.09375,1.2207002639770508,0.1354732513427734,-0.1695099806145889,604.0,1134.0,8.0,1.0,0.999965263203601,0.9886909059521912,66.0,125.0,1.0,2.0,0.9997665732959852,0.9659833960302964,
steel-plates-fault,SVM,PCA,10.0,0.65625,0.09375,1.2207002639770508,0.1373424530029297,-0.1054293976776791,604.0,1134.0,8.0,1.0,0.999930526407202,0.9886909059521912,67.0,125.0,1.0,1.0,0.9998832866479924,0.9773576097105507,
steel-plates-fault,SVM,Quantile Binning,1.0,0.109375,0.0,1.2309789657592771,0.2791109085083008,-0.1189209666268079,589.0,1119.0,22.0,16.0,0.998357247883182,0.952081947980538,65.0,123.0,4.0,3.0,0.9891153311718388,0.921297716027654,
steel-plates-fault,SVM,Quantile Binning,2.0,0.09375,0.015625,1.2308015823364258,0.2799692153930664,-0.095331317770234,592.0,1121.0,20.0,14.0,0.99773228856628,0.957174823203321,66.0,124.0,3.0,1.0,0.9961217534375368,0.9549652731456266,
steel-plates-fault,SVM,Quantile Binning,3.0,0.09375,0.015625,1.231553077697754,0.2779664993286133,-0.0008483508261945,582.0,1129.0,12.0,24.0,0.9979738114039274,0.9544199777923242,60.0,124.0,3.0,7.0,0.9902456222822894,0.8853198192855765,
steel-plates-fault,SVM,Quantile Binning,4.0,0.09375,0.015625,1.2315807342529297,0.2779664993286133,-0.0991046543347032,590.0,1119.0,22.0,16.0,0.997739519788964,0.9521332030193578,66.0,124.0,3.0,1.0,0.9978845927841108,0.9549652731456266,
steel-plates-fault,SVM,Quantile Binning,5.0,0.09375,0.015625,1.2303228378295898,0.2776803970336914,-0.0882967905530052,589.0,1118.0,23.0,17.0,0.9976946862083228,0.949612392927376,63.0,122.0,5.0,4.0,0.9941238688447526,0.8978211340892643,
steel-plates-fault,SVM,Quantile Binning,6.0,0.078125,0.015625,1.2309846878051758,0.278538703918457,-0.1153274810583536,588.0,1117.0,24.0,18.0,0.9977886921032156,0.9470915828353944,65.0,123.0,4.0,2.0,0.995769185568222,0.9323197208915928,
steel-plates-fault,SVM,Quantile Binning,7.0,0.09375,0.015625,1.2304468154907229,0.2776803970336914,-0.1174993768915958,589.0,1118.0,23.0,17.0,0.997593449090746,0.949612392927376,66.0,122.0,5.0,1.0,0.9929486426137032,0.9334971780476254,
steel-plates-fault,SVM,Quantile Binning,8.0,0.09375,0.015625,1.2299470901489258,0.2759637832641601,0.0258963903774856,580.0,1127.0,14.0,26.0,0.9977424122780376,0.949342641958334,61.0,126.0,1.0,6.0,0.9924785521212834,0.9203206099245868,
steel-plates-fault,SVM,Quantile Binning,9.0,0.09375,0.015625,1.230788230895996,0.2822580337524414,-0.1094971832540892,589.0,1119.0,23.0,16.0,0.9979143448495462,0.9508640903007984,66.0,122.0,4.0,2.0,0.994747899159664,0.9327654911309664,
steel-plates-fault,SVM,Quantile Binning,10.0,0.09375,0.0,1.2319154739379885,0.2799692153930664,0.0205212297969368,579.0,1127.0,15.0,26.0,0.9978332923246156,0.948034673546176,65.0,124.0,2.0,3.0,0.9970821661998132,0.9432626420499524,
steel-plates-fault,SVM,Quantile Transform,1.0,0.140625,0.015625,1.440408706665039,0.4561567306518554,0.0357854307211934,584.0,1131.0,10.0,21.0,0.9980327536378848,0.9607212112156784,65.0,122.0,5.0,3.0,0.9908522464103752,0.9105222771449716,
steel-plates-fault,SVM,Quantile Transform,2.0,0.140625,0.015625,1.440434455871582,0.4570150375366211,0.2031212580339593,570.0,1134.0,7.0,36.0,0.9974502708816018,0.945711325200763,61.0,125.0,2.0,6.0,0.9963567986837466,0.908470115139654,
steel-plates-fault,SVM,Quantile Transform,3.0,0.140625,0.015625,1.442241668701172,0.4512929916381836,0.0771928221788258,582.0,1129.0,12.0,24.0,0.9975833253789884,0.9544199777923242,62.0,127.0,0.0,5.0,0.9927135973674932,0.9435682919982028,
steel-plates-fault,SVM,Quantile Transform,4.0,0.15625,0.03125,1.439716339111328,0.4544401168823242,-0.0325415007348214,588.0,1117.0,24.0,18.0,0.9975442767764944,0.9470915828353944,67.0,122.0,5.0,0.0,0.9958867081913269,0.9454731672878096,
steel-plates-fault,SVM,Quantile Transform,5.0,0.140625,0.03125,1.443699836730957,0.4461431503295898,-0.0212996387790721,588.0,1117.0,24.0,18.0,0.9975052281740006,0.9470915828353944,61.0,123.0,4.0,6.0,0.9920084616288636,0.8854269527143209,
steel-plates-fault,SVM,Quantile Transform,6.0,0.140625,0.015625,1.4420242309570312,0.4527235031127929,0.1059162736812272,581.0,1128.0,13.0,25.0,0.9978552193519088,0.9518813098753292,64.0,120.0,7.0,3.0,0.9837818780115172,0.8884869997100489,
steel-plates-fault,SVM,Quantile Transform,7.0,0.140625,0.015625,1.439615249633789,0.4478597640991211,-0.0228308728433389,588.0,1117.0,24.0,18.0,0.9972449041573744,0.9470915828353944,63.0,121.0,6.0,4.0,0.9940063462216476,0.8870286163835248,
steel-plates-fault,SVM,Quantile Transform,8.0,0.140625,0.015625,1.4423341751098633,0.4504346847534179,0.0779354571359873,579.0,1126.0,15.0,27.0,0.9969281766038128,0.946803974041339,61.0,125.0,2.0,6.0,0.9915383711364438,0.908470115139654,
steel-plates-fault,SVM,Quantile Transform,9.0,0.140625,0.015625,1.441206932067871,0.4535818099975586,0.1027212530603828,579.0,1127.0,15.0,26.0,0.9975626347860068,0.948034673546176,61.0,124.0,2.0,7.0,0.9919467787114844,0.8978448588153333,
steel-plates-fault,SVM,Quantile Transform,10.0,0.15625,0.015625,1.442827224731445,0.4552984237670898,0.0579608697844074,584.0,1132.0,10.0,21.0,0.997876713320114,0.960732935849729,64.0,125.0,1.0,4.0,0.994747899159664,0.943368831107038,
steel-plates-fault,SVM,Random Undersampling,1.0,0.0625,0.015625,1.3009634017944336,0.1870918273925781,0.1891303829029114,602.0,1132.0,9.0,3.0,0.999768218396216,0.984887590359784,65.0,123.0,4.0,3.0,0.9964103751736916,0.921297716027654,
steel-plates-fault,SVM,Random Undersampling,2.0,0.0625,0.015625,1.3029289245605469,0.1865348815917968,0.2670441445347023,603.0,1132.0,9.0,3.0,0.9996919499136592,0.984903734215119,67.0,126.0,1.0,0.0,0.9996474321306852,0.9887041500106404,
steel-plates-fault,SVM,Random Undersampling,3.0,0.0625,0.015625,1.3028411865234375,0.1865348815917968,0.5207533818194165,592.0,1139.0,2.0,14.0,0.9996948424027328,0.9798066569622748,58.0,127.0,0.0,9.0,0.9974145022916912,0.899102078659031,
steel-plates-fault,SVM,Random Undersampling,4.0,0.0625,0.015625,1.3027496337890625,0.1891098022460937,0.4623940338476966,593.0,1140.0,1.0,13.0,0.9996037289969136,0.98234532487927,65.0,126.0,1.0,2.0,0.9994123868844752,0.9657431126037558,
steel-plates-fault,SVM,Random Undersampling,5.0,0.0625,0.015625,1.3029251098632812,0.1871070861816406,0.2686146877302483,601.0,1130.0,11.0,5.0,0.999554556682662,0.9798621140311558,65.0,126.0,1.0,2.0,0.9990598190151604,0.9657431126037558,
steel-plates-fault,SVM,Random Undersampling,6.0,0.0625,0.015625,1.3027935028076172,0.1896820068359375,0.465471038425948,593.0,1140.0,1.0,13.0,0.999608067730524,0.98234532487927,64.0,126.0,1.0,3.0,0.9982371606534258,0.9543290100053672,
steel-plates-fault,SVM,Random Undersampling,7.0,0.0625,0.015625,1.3026504516601562,0.1913986206054687,0.1667802010197376,603.0,1132.0,9.0,3.0,0.9998018644984568,0.984903734215119,66.0,124.0,3.0,1.0,0.9990598190151604,0.9549652731456266,
steel-plates-fault,SVM,Random Undersampling,8.0,0.046875,0.015625,1.302882194519043,0.1853904724121093,0.2916057433302204,598.0,1127.0,14.0,8.0,0.9993954697836128,0.9722996837552108,63.0,126.0,1.0,4.0,0.9981196380303208,0.9429556589104084,
steel-plates-fault,SVM,Random Undersampling,9.0,0.0625,0.015625,1.301006317138672,0.1899528503417968,0.2138212926870547,602.0,1132.0,10.0,3.0,0.99977276345689,0.9836473305320056,65.0,126.0,0.0,3.0,0.9990662931839402,0.9662569693304952,
steel-plates-fault,SVM,Random Undersampling,10.0,0.0625,0.015625,1.3010501861572266,0.1876640319824218,0.4429200332000204,593.0,1141.0,1.0,12.0,0.999788684488573,0.983589807996124,65.0,126.0,0.0,3.0,0.9981325863678804,0.9662569693304952,
steel-plates-fault,SVM,SMOTE / SMOTENC,1.0,0.703125,0.015625,9.536466598510742,0.4646158218383789,-0.1650693648328651,603.0,1133.0,8.0,2.0,0.9999623354893852,0.9874111013120338,66.0,123.0,4.0,2.0,0.9982630847614636,0.932954601092321,
steel-plates-fault,SVM,SMOTE / SMOTENC,2.0,0.71875,0.015625,9.561562538146973,0.4612207412719726,-0.0574437423814579,605.0,1134.0,7.0,1.0,0.9999783063319478,0.9899453543990824,66.0,126.0,1.0,1.0,0.9998824773768952,0.97720061111764,
steel-plates-fault,SVM,SMOTE / SMOTENC,3.0,0.703125,0.015625,9.561483383178713,0.4578218460083008,-0.0598624900139477,605.0,1134.0,7.0,1.0,0.9999725213538004,0.9899453543990824,65.0,127.0,0.0,2.0,1.0,0.9772963624357158,
steel-plates-fault,SVM,SMOTE / SMOTENC,4.0,0.6875,0.015625,9.562769889831545,0.4632577896118164,-0.0042540226563528,605.0,1134.0,7.0,1.0,0.9999739675983376,0.9899453543990824,67.0,125.0,2.0,0.0,0.99976495475379,0.9776108253996604,
steel-plates-fault,SVM,SMOTE / SMOTENC,5.0,0.6875,0.015625,9.561651229858398,0.4561281204223633,-0.0539025884797167,603.0,1132.0,9.0,3.0,0.9999493814412116,0.984903734215119,66.0,127.0,0.0,1.0,0.9998824773768952,0.9886246665662776,
steel-plates-fault,SVM,SMOTE / SMOTENC,6.0,0.6875,0.015625,9.562241554260254,0.4589548110961914,-0.0494787010715267,604.0,1133.0,8.0,2.0,0.9999710751092638,0.9874245443071008,66.0,124.0,3.0,1.0,0.9994123868844752,0.9549652731456266,
steel-plates-fault,SVM,SMOTE / SMOTENC,7.0,0.703125,0.015625,9.56187343597412,0.4617700576782226,-0.0832633853772598,606.0,1135.0,6.0,0.0,0.9999811988210214,0.992466164491064,66.0,123.0,4.0,1.0,0.9991773416382652,0.944138872473203,
steel-plates-fault,SVM,SMOTE / SMOTENC,8.0,0.703125,0.015625,9.562994956970217,0.4601449966430664,-0.064302616254251,603.0,1132.0,9.0,3.0,0.9999551664193588,0.984903734215119,65.0,126.0,1.0,2.0,0.9990598190151604,0.9657431126037558,
steel-plates-fault,SVM,SMOTE / SMOTENC,9.0,0.71875,0.0,9.538196563720703,0.4601068496704101,-0.0701954128708802,605.0,1135.0,7.0,0.0,0.9999826316018005,0.991212693662284,66.0,126.0,0.0,2.0,0.9987161531279176,0.9774573106369644,
steel-plates-fault,SVM,SMOTE / SMOTENC,10.0,0.6875,0.015625,9.537323951721191,0.4583215713500976,-0.0371312618638874,603.0,1133.0,9.0,2.0,0.9999507895384347,0.9861691182420984,67.0,125.0,1.0,1.0,0.9996498599439776,0.9773576097105507,
steel-plates-fault,SVM,Select Percentile (Mutual Info),1.0,1.125,0.015625,2.440373420715332,0.1048650741577148,0.0562554408539937,575.0,1035.0,106.0,30.0,0.9724556536603386,0.8365896496704318,64.0,109.0,18.0,4.0,0.9607457156090784,0.7717885263800921,
steel-plates-fault,SVM,Select Percentile (Mutual Info),2.0,0.328125,0.015625,2.4417877197265625,0.1069478988647461,-0.1999197211296168,590.0,1015.0,126.0,16.0,0.9716073272533212,0.8353886638851067,67.0,112.0,15.0,0.0,0.979903631449054,0.848863042856252,
steel-plates-fault,SVM,Select Percentile (Mutual Info),3.0,0.328125,0.0,2.441800117492676,0.1038236618041992,-0.0810296964113329,590.0,1015.0,126.0,16.0,0.9718387263792112,0.8353886638851067,63.0,109.0,18.0,4.0,0.9645081678223058,0.7699605393600779,
steel-plates-fault,SVM,Select Percentile (Mutual Info),4.0,0.328125,0.015625,2.442318916320801,0.1091794967651367,0.0386322268156965,567.0,1044.0,97.0,39.0,0.974742785409128,0.8341070175560218,61.0,118.0,9.0,6.0,0.9747326360324362,0.8312704097792165,
steel-plates-fault,SVM,Select Percentile (Mutual Info),5.0,0.3125,0.015625,2.442278861999512,0.1036748886108398,-0.1656197866969314,585.0,1027.0,114.0,21.0,0.9759807707326386,0.840802408609834,63.0,109.0,18.0,4.0,0.9442942766482548,0.7699605393600779,
steel-plates-fault,SVM,Select Percentile (Mutual Info),6.0,0.3125,0.015625,2.4418840408325195,0.1054601669311523,0.0055367854545547,584.0,1026.0,115.0,22.0,0.9737000430980872,0.8383477305463927,64.0,119.0,8.0,3.0,0.9857797626043012,0.8781541822912956,
steel-plates-fault,SVM,Select Percentile (Mutual Info),7.0,0.328125,0.015625,2.442489624023437,0.1044187545776367,0.2498518218282707,557.0,1051.0,90.0,49.0,0.9706716070380044,0.828221066007668,58.0,115.0,12.0,9.0,0.9513456340345516,0.7635493321628246,
steel-plates-fault,SVM,Select Percentile (Mutual Info),8.0,0.3125,0.015625,2.441879272460937,0.1044187545776367,-0.0954169792098674,584.0,1026.0,115.0,22.0,0.9767530653152958,0.8383477305463927,62.0,111.0,16.0,5.0,0.9613350569984722,0.7752130406403379,
steel-plates-fault,SVM,Select Percentile (Mutual Info),9.0,0.328125,0.015625,2.4424028396606445,0.1057577133178711,-0.1323019376546399,584.0,1027.0,115.0,21.0,0.9761937155345848,0.8396553908846558,62.0,109.0,17.0,6.0,0.9591503267973857,0.7544163960701411,
steel-plates-fault,SVM,Select Percentile (Mutual Info),10.0,0.328125,0.0,2.442410469055176,0.1062040328979492,-0.1623146089370936,583.0,1026.0,116.0,22.0,0.9751747695068824,0.8371997608503621,65.0,112.0,14.0,3.0,0.9707049486461252,0.8203824932024762,
steel-plates-fault,SVM,Uniform Binning,1.0,0.078125,0.015625,1.232316017150879,0.2513723373413086,-0.1096305795897476,603.0,1133.0,8.0,2.0,0.9999232223437466,0.9874111013120338,66.0,125.0,2.0,2.0,0.9986104678091708,0.9548402037980548,
steel-plates-fault,SVM,Uniform Binning,2.0,0.078125,0.0,1.2316102981567385,0.2499418258666992,0.302676766103801,594.0,1141.0,0.0,12.0,0.9998712842362236,0.984883992796265,66.0,127.0,0.0,1.0,1.0,0.9886246665662776,
steel-plates-fault,SVM,Uniform Binning,3.0,0.078125,0.015625,1.2312116622924805,0.2462224960327148,-0.1065643067736623,603.0,1132.0,9.0,3.0,0.9999045478605704,0.984903734215119,66.0,124.0,3.0,1.0,0.9990598190151604,0.9549652731456266,
steel-plates-fault,SVM,Uniform Binning,4.0,0.078125,0.015625,1.231562614440918,0.2487974166870117,-0.0881238645749784,605.0,1134.0,7.0,1.0,0.9999435964630644,0.9899453543990824,67.0,125.0,2.0,0.0,1.0,0.9776108253996604,
steel-plates-fault,SVM,Uniform Binning,5.0,0.078125,0.015625,1.2319612503051758,0.2445058822631836,0.2784737454592303,594.0,1141.0,0.0,12.0,0.99990020912696,0.984883992796265,64.0,127.0,0.0,3.0,1.0,0.9660125530153516,
steel-plates-fault,SVM,Uniform Binning,6.0,0.078125,0.015625,1.2327032089233398,0.2479391098022461,-0.11646849310557,604.0,1133.0,8.0,2.0,0.9999407039739906,0.9874245443071008,67.0,126.0,1.0,0.0,1.0,0.9887041500106404,
steel-plates-fault,SVM,Uniform Binning,7.0,0.078125,0.015625,1.231825828552246,0.2467947006225586,-0.111040238845355,606.0,1134.0,7.0,0.0,0.9999363652403804,0.9912193691754824,67.0,123.0,4.0,0.0,1.0,0.9560022672164136,
steel-plates-fault,SVM,Uniform Binning,8.0,0.078125,0.015625,1.2319574356079102,0.2439336776733398,-0.1196995376040273,603.0,1132.0,9.0,3.0,0.9998871929261288,0.984903734215119,66.0,126.0,1.0,1.0,0.9991773416382652,0.97720061111764,
steel-plates-fault,SVM,Uniform Binning,9.0,0.078125,0.0,1.232243537902832,0.2453641891479492,0.2769715612227643,594.0,1142.0,0.0,11.0,0.999918947475069,0.9861294604568346,64.0,126.0,0.0,4.0,0.99953314659197,0.955100620128652,
steel-plates-fault,SVM,Uniform Binning,10.0,0.078125,0.015625,1.2318010330200195,0.2479391098022461,-0.1345920028288989,603.0,1133.0,9.0,2.0,0.9999247369411356,0.9861691182420984,68.0,126.0,0.0,0.0,1.0,1.0,
steel-plates-fault,SVM,Yeo-Johnson,1.0,0.25,0.0,1.5001020431518557,0.201085090637207,-0.2378700986809737,605.0,1135.0,6.0,0.0,0.9999652327594324,0.9924581232165332,67.0,123.0,4.0,1.0,0.9989578508568784,0.9446539224438908,
steel-plates-fault,SVM,Yeo-Johnson,2.0,0.25,0.015625,1.500941276550293,0.2025156021118164,0.0451346853079963,606.0,1135.0,6.0,0.0,0.999969628864727,0.992466164491064,67.0,127.0,0.0,0.0,1.0,1.0,
steel-plates-fault,SVM,Yeo-Johnson,3.0,0.265625,0.015625,1.5008459091186523,0.201085090637207,-0.0341288957417768,606.0,1135.0,6.0,0.0,0.9999638438865796,0.992466164491064,67.0,127.0,0.0,0.0,1.0,1.0,
steel-plates-fault,SVM,Yeo-Johnson,4.0,0.265625,0.015625,1.5006303787231443,0.2048044204711914,-0.0767409571330647,606.0,1135.0,6.0,0.0,0.9999754138428744,0.992466164491064,67.0,126.0,1.0,0.0,0.9998824773768952,0.9887041500106404,
steel-plates-fault,SVM,Yeo-Johnson,5.0,0.234375,0.015625,1.5008935928344729,0.1970796585083007,-0.0086553548437682,606.0,1135.0,6.0,0.0,0.9999638438865798,0.992466164491064,65.0,126.0,1.0,2.0,0.99976495475379,0.9657431126037558,
steel-plates-fault,SVM,Yeo-Johnson,6.0,0.234375,0.015625,1.500941276550293,0.1973657608032226,-0.0757094784608892,606.0,1135.0,6.0,0.0,0.9999739675983372,0.992466164491064,66.0,125.0,2.0,1.0,0.9995299095075802,0.9659833960302964,
steel-plates-fault,SVM,Yeo-Johnson,7.0,0.25,0.015625,1.5008459091186523,0.1990823745727539,-0.1044955451534051,606.0,1135.0,6.0,0.0,0.9999811988210217,0.992466164491064,67.0,124.0,3.0,0.0,0.9995299095075802,0.9667125650120004,
steel-plates-fault,SVM,Yeo-Johnson,8.0,0.25,0.015625,1.500941276550293,0.1982240676879882,-0.0815578511840322,605.0,1134.0,7.0,1.0,0.999960951397506,0.9899453543990824,66.0,127.0,0.0,1.0,1.0,0.9886246665662776,
steel-plates-fault,SVM,Yeo-Johnson,9.0,0.25,0.015625,1.5008974075317385,0.2053766250610351,-0.0587279380540759,605.0,1135.0,7.0,0.0,0.9999855263348336,0.991212693662284,66.0,125.0,1.0,2.0,0.99953314659197,0.9659833960302964,
steel-plates-fault,SVM,Yeo-Johnson,10.0,0.265625,0.015625,1.5008058547973633,0.2025156021118164,-0.0796013267774818,605.0,1135.0,7.0,0.0,0.9999826316018006,0.991212693662284,67.0,124.0,2.0,1.0,0.99953314659197,0.966212487287133,
steel-plates-fault,XGBoost,Baseline,1.0,0.59375,0.015625,1.219405174255371,0.1018552780151367,0.0160592747852206,605.0,1135.0,6.0,0.0,1.0,0.9924581232165332,68.0,124.0,3.0,0.0,1.0,0.9670173453984322,
steel-plates-fault,XGBoost,Baseline,2.0,0.078125,0.0,1.2201719284057615,0.1029701232910156,0.0189869947731495,606.0,1135.0,6.0,0.0,1.0,0.992466164491064,67.0,125.0,2.0,0.0,1.0,0.9776108253996604,
steel-plates-fault,XGBoost,Baseline,3.0,0.078125,0.015625,1.2202844619750977,0.1008844375610351,0.0178195117041469,606.0,1135.0,6.0,0.0,1.0,0.992466164491064,67.0,124.0,3.0,0.0,1.0,0.9667125650120004,
steel-plates-fault,XGBoost,Baseline,4.0,0.078125,0.015625,1.219996452331543,0.1024484634399414,0.0196887437254192,606.0,1135.0,6.0,0.0,1.0,0.992466164491064,67.0,126.0,1.0,0.0,1.0,0.9887041500106404,
steel-plates-fault,XGBoost,Baseline,5.0,0.078125,0.0,1.2206144332885742,0.101994514465332,0.0168231092393398,606.0,1135.0,6.0,0.0,1.0,0.992466164491064,67.0,126.0,1.0,0.0,1.0,0.9887041500106404,
steel-plates-fault,XGBoost,Baseline,6.0,0.078125,0.0,1.220442771911621,0.1012744903564453,0.0159802306443452,606.0,1135.0,6.0,0.0,1.0,0.992466164491064,67.0,126.0,1.0,0.0,1.0,0.9887041500106404,
steel-plates-fault,XGBoost,Baseline,7.0,0.078125,0.0,1.220442771911621,0.1010141372680664,0.0183473980054259,606.0,1135.0,6.0,0.0,1.0,0.992466164491064,67.0,123.0,4.0,0.0,1.0,0.9560022672164136,
steel-plates-fault,XGBoost,Baseline,8.0,0.078125,0.0,1.221053123474121,0.1017951965332031,0.0146963373757899,606.0,1135.0,6.0,0.0,1.0,0.992466164491064,67.0,126.0,1.0,0.0,1.0,0.9887041500106404,
steel-plates-fault,XGBoost,Baseline,9.0,0.078125,0.015625,1.2202425003051758,0.10198974609375,0.0203785741701722,605.0,1135.0,7.0,0.0,1.0,0.991212693662284,68.0,125.0,1.0,0.0,1.0,0.9887799352203986,
steel-plates-fault,XGBoost,Baseline,10.0,0.078125,0.015625,1.2198476791381836,0.1021223068237304,0.0158990750089288,605.0,1135.0,7.0,0.0,1.0,0.991212693662284,68.0,126.0,0.0,0.0,1.0,1.0,
steel-plates-fault,XGBoost,IQR Capping,1.0,0.171875,0.015625,1.8382549285888672,0.10312938690185547,0.016158096492290497,605.0,1135.0,6.0,0.0,1.0,0.9924581232165333,68.0,124.0,3.0,0.0,1.0,0.9670173453984322,
steel-plates-fault,XGBoost,IQR Capping,2.0,0.15625,0.03125,1.839019775390625,0.10378742218017578,0.018619660101830998,606.0,1135.0,6.0,0.0,1.0,0.992466164491064,67.0,125.0,2.0,0.0,1.0,0.9776108253996605,
steel-plates-fault,XGBoost,IQR Capping,3.0,0.171875,0.03125,1.8391590118408203,0.10176563262939453,0.016727223806083213,606.0,1135.0,6.0,0.0,1.0,0.992466164491064,67.0,124.0,3.0,0.0,1.0,0.9667125650120004,
steel-plates-fault,XGBoost,IQR Capping,4.0,0.171875,0.015625,1.8392066955566406,0.10358905792236328,0.020416180603206584,606.0,1135.0,6.0,0.0,1.0,0.992466164491064,67.0,126.0,1.0,0.0,1.0,0.9887041500106404,
steel-plates-fault,XGBoost,IQR Capping,5.0,0.171875,0.015625,1.8393020629882812,0.1026773452758789,0.017894044518470795,606.0,1135.0,6.0,0.0,1.0,0.992466164491064,67.0,126.0,1.0,0.0,1.0,0.9887041500106404,
steel-plates-fault,XGBoost,IQR Capping,6.0,0.15625,0.015625,1.839116096496582,0.10228443145751953,0.015202102344483149,606.0,1135.0,6.0,0.0,1.0,0.992466164491064,67.0,126.0,1.0,0.0,1.0,0.9887041500106404,
steel-plates-fault,XGBoost,IQR Capping,7.0,0.1875,0.015625,1.8391590118408203,0.10222148895263672,0.017627746798098226,606.0,1135.0,6.0,0.0,1.0,0.992466164491064,67.0,124.0,3.0,0.0,1.0,0.9667125650120004,
steel-plates-fault,XGBoost,IQR Capping,8.0,0.1875,0.03125,1.8391666412353516,0.10248184204101562,0.015010826103389293,606.0,1135.0,6.0,0.0,0.9999999999999999,0.992466164491064,67.0,126.0,1.0,0.0,1.0,0.9887041500106404,
steel-plates-fault,XGBoost,IQR Capping,9.0,0.15625,0.03125,1.839254379272461,0.10274219512939453,0.018951710127294123,605.0,1135.0,7.0,0.0,1.0,0.991212693662284,68.0,125.0,1.0,0.0,1.0,0.9887799352203986,
steel-plates-fault,XGBoost,IQR Capping,10.0,0.171875,0.015625,1.8391590118408203,0.10300636291503906,0.015476310066878827,605.0,1135.0,7.0,0.0,1.0,0.991212693662284,68.0,126.0,0.0,0.0,1.0,1.0,
steel-plates-fault,XGBoost,IQR Removal,1.0,0.140625,0.015625,1.247079849243164,0.1020669937133789,0.0160592747852206,605.0,1135.0,6.0,0.0,1.0,0.9924581232165332,68.0,124.0,3.0,0.0,1.0,0.9670173453984322,
steel-plates-fault,XGBoost,IQR Removal,2.0,0.140625,0.0,1.2464370727539062,0.1031818389892578,0.0189869947731495,606.0,1135.0,6.0,0.0,1.0,0.992466164491064,67.0,125.0,2.0,0.0,1.0,0.9776108253996604,
steel-plates-fault,XGBoost,IQR Removal,3.0,0.140625,0.0,1.246443748474121,0.1010961532592773,0.0178195117041469,606.0,1135.0,6.0,0.0,1.0,0.992466164491064,67.0,124.0,3.0,0.0,1.0,0.9667125650120004,
steel-plates-fault,XGBoost,IQR Removal,4.0,0.140625,0.0,1.2486333847045898,0.1026601791381836,0.0196887437254192,606.0,1135.0,6.0,0.0,1.0,0.992466164491064,67.0,126.0,1.0,0.0,1.0,0.9887041500106404,
steel-plates-fault,XGBoost,IQR Removal,5.0,0.15625,0.0,1.246835708618164,0.1022062301635742,0.0168231092393398,606.0,1135.0,6.0,0.0,1.0,0.992466164491064,67.0,126.0,1.0,0.0,1.0,0.9887041500106404,
steel-plates-fault,XGBoost,IQR Removal,6.0,0.140625,0.0,1.247105598449707,0.1014862060546875,0.0159802306443452,606.0,1135.0,6.0,0.0,1.0,0.992466164491064,67.0,126.0,1.0,0.0,1.0,0.9887041500106404,
steel-plates-fault,XGBoost,IQR Removal,7.0,0.125,0.0,1.2471370697021484,0.1012258529663086,0.0183473980054259,606.0,1135.0,6.0,0.0,1.0,0.992466164491064,67.0,123.0,4.0,0.0,1.0,0.9560022672164136,
steel-plates-fault,XGBoost,IQR Removal,8.0,0.109375,0.0,1.2470979690551758,0.1020069122314453,0.0146963373757899,606.0,1135.0,6.0,0.0,1.0,0.992466164491064,67.0,126.0,1.0,0.0,1.0,0.9887041500106404,
steel-plates-fault,XGBoost,IQR Removal,9.0,0.125,0.015625,1.247117042541504,0.1022014617919921,0.0203785741701722,605.0,1135.0,7.0,0.0,1.0,0.991212693662284,68.0,125.0,1.0,0.0,1.0,0.9887799352203986,
steel-plates-fault,XGBoost,IQR Removal,10.0,0.140625,0.0,1.247248649597168,0.1023340225219726,0.0158990750089288,605.0,1135.0,7.0,0.0,1.0,0.991212693662284,68.0,126.0,0.0,0.0,1.0,1.0,
steel-plates-fault,XGBoost,PCA,1.0,0.46875,0.09375,1.2193803787231443,0.1070785522460937,0.0149102110881358,605.0,1135.0,6.0,0.0,1.0,0.9924581232165332,68.0,124.0,3.0,0.0,1.0,0.9670173453984322,
steel-plates-fault,XGBoost,PCA,2.0,0.375,0.015625,1.2200517654418943,0.1065559387207031,0.0183633016422391,606.0,1135.0,6.0,0.0,1.0,0.992466164491064,67.0,126.0,1.0,0.0,1.0,0.9887041500106404,
steel-plates-fault,XGBoost,PCA,3.0,0.5625,0.09375,1.2200517654418943,0.1059646606445312,0.0176474070176482,606.0,1135.0,6.0,0.0,1.0,0.992466164491064,67.0,125.0,2.0,0.0,1.0,0.9776108253996604,
steel-plates-fault,XGBoost,PCA,4.0,0.453125,0.0,1.2200040817260742,0.1060295104980468,0.0167648365721106,606.0,1135.0,6.0,0.0,1.0,0.992466164491064,67.0,125.0,2.0,0.0,1.0,0.9776108253996604,
steel-plates-fault,XGBoost,PCA,5.0,0.375,0.09375,1.2200517654418943,0.1064891815185546,0.0161864171735943,606.0,1135.0,6.0,0.0,1.0,0.992466164491064,67.0,124.0,3.0,0.0,1.0,0.9667125650120004,
steel-plates-fault,XGBoost,PCA,6.0,0.46875,0.078125,1.2200040817260742,0.1052465438842773,0.015878972876817,606.0,1135.0,6.0,0.0,1.0,0.992466164491064,67.0,126.0,1.0,0.0,1.0,0.9887041500106404,
steel-plates-fault,XGBoost,PCA,7.0,0.46875,0.0,1.2200040817260742,0.1062269210815429,0.0177105223760009,606.0,1135.0,6.0,0.0,1.0,0.992466164491064,67.0,126.0,1.0,0.0,1.0,0.9887041500106404,
steel-plates-fault,XGBoost,PCA,8.0,0.375,0.09375,1.2200040817260742,0.106297492980957,0.0169209728017449,606.0,1135.0,6.0,0.0,1.0,0.992466164491064,67.0,124.0,3.0,0.0,1.0,0.9667125650120004,
steel-plates-fault,XGBoost,PCA,9.0,0.46875,0.09375,1.2200040817260742,0.1064872741699218,0.0168840998783707,605.0,1135.0,7.0,0.0,1.0,0.991212693662284,68.0,120.0,6.0,0.0,1.0,0.9355003341318886,
steel-plates-fault,XGBoost,PCA,10.0,0.46875,0.0,1.2200517654418943,0.1069507598876953,0.0149904946796596,605.0,1135.0,7.0,0.0,1.0,0.991212693662284,68.0,124.0,2.0,0.0,1.0,0.9777571632541407,
steel-plates-fault,XGBoost,Quantile Binning,1.0,0.0625,0.0,1.2289724349975586,0.1035299301147461,0.0193846859037876,605.0,1135.0,6.0,0.0,1.0,0.9924581232165332,68.0,124.0,3.0,0.0,1.0,0.9670173453984322,
steel-plates-fault,XGBoost,Quantile Binning,2.0,0.0625,0.015625,1.2297563552856443,0.1043119430541992,0.0237392218783498,606.0,1135.0,6.0,0.0,1.0,0.992466164491064,67.0,127.0,0.0,0.0,1.0,1.0,
steel-plates-fault,XGBoost,Quantile Binning,3.0,0.0625,0.015625,1.2300195693969729,0.1043806076049804,0.0198924601078034,606.0,1135.0,6.0,0.0,1.0,0.992466164491064,67.0,126.0,1.0,0.0,1.0,0.9887041500106404,
steel-plates-fault,XGBoost,Quantile Binning,4.0,0.0625,0.0,1.2299699783325195,0.1044425964355468,0.0215459395200015,606.0,1135.0,6.0,0.0,1.0,0.992466164491064,67.0,126.0,1.0,0.0,1.0,0.9887041500106404,
steel-plates-fault,XGBoost,Quantile Binning,5.0,0.0625,0.015625,1.229750633239746,0.104771614074707,0.019330676458776,606.0,1135.0,6.0,0.0,1.0,0.992466164491064,67.0,124.0,3.0,0.0,1.0,0.9667125650120004,
steel-plates-fault,XGBoost,Quantile Binning,6.0,0.0625,0.0,1.2301015853881836,0.1048383712768554,0.019052672944963,606.0,1135.0,6.0,0.0,1.0,0.992466164491064,67.0,127.0,0.0,0.0,1.0,1.0,
steel-plates-fault,XGBoost,Quantile Binning,7.0,0.0625,0.015625,1.2298345565795898,0.1047735214233398,0.0186926599591971,606.0,1135.0,6.0,0.0,1.0,0.992466164491064,67.0,125.0,2.0,0.0,1.0,0.9776108253996604,
steel-plates-fault,XGBoost,Quantile Binning,8.0,0.0625,0.0,1.229710578918457,0.1054229736328125,0.0194807963445783,606.0,1135.0,6.0,0.0,1.0,0.992466164491064,67.0,126.0,1.0,0.0,1.0,0.9887041500106404,
steel-plates-fault,XGBoost,Quantile Binning,9.0,0.0625,0.0,1.229517936706543,0.1043777465820312,0.0218460058793426,605.0,1135.0,7.0,0.0,1.0,0.991212693662284,68.0,124.0,2.0,0.0,1.0,0.9777571632541407,
steel-plates-fault,XGBoost,Quantile Binning,10.0,0.0625,0.0,1.2301549911499023,0.1039209365844726,0.017838429659605,605.0,1135.0,7.0,0.0,1.0,0.991212693662284,68.0,126.0,0.0,0.0,1.0,1.0,
steel-plates-fault,XGBoost,Quantile Transform,1.0,0.140625,0.015625,1.439833641052246,0.292886734008789,0.0160592747852206,605.0,1135.0,6.0,0.0,1.0,0.9924581232165332,68.0,124.0,3.0,0.0,1.0,0.9670173453984322,
steel-plates-fault,XGBoost,Quantile Transform,2.0,0.15625,0.015625,1.439310073852539,0.2940015792846679,0.0189869947731495,606.0,1135.0,6.0,0.0,1.0,0.992466164491064,67.0,125.0,2.0,0.0,1.0,0.9776108253996604,
steel-plates-fault,XGBoost,Quantile Transform,3.0,0.15625,0.015625,1.4400291442871094,0.2919158935546875,0.0178195117041469,606.0,1135.0,6.0,0.0,1.0,0.992466164491064,67.0,124.0,3.0,0.0,1.0,0.9667125650120004,
steel-plates-fault,XGBoost,Quantile Transform,4.0,0.15625,0.015625,1.4397315979003906,0.2934799194335937,0.0196887437254192,606.0,1135.0,6.0,0.0,1.0,0.992466164491064,67.0,126.0,1.0,0.0,1.0,0.9887041500106404,
steel-plates-fault,XGBoost,Quantile Transform,5.0,0.140625,0.015625,1.4394378662109375,0.2930259704589844,0.0168231092393398,606.0,1135.0,6.0,0.0,1.0,0.992466164491064,67.0,126.0,1.0,0.0,1.0,0.9887041500106404,
steel-plates-fault,XGBoost,Quantile Transform,6.0,0.140625,0.015625,1.4405136108398438,0.2923059463500976,0.0159802306443452,606.0,1135.0,6.0,0.0,1.0,0.992466164491064,67.0,126.0,1.0,0.0,1.0,0.9887041500106404,
steel-plates-fault,XGBoost,Quantile Transform,7.0,0.15625,0.0,1.4393806457519531,0.2920455932617187,0.0183473980054259,606.0,1135.0,6.0,0.0,1.0,0.992466164491064,67.0,123.0,4.0,0.0,1.0,0.9560022672164136,
steel-plates-fault,XGBoost,Quantile Transform,8.0,0.140625,0.015625,1.4403209686279297,0.2928266525268554,0.0146963373757899,606.0,1135.0,6.0,0.0,1.0,0.992466164491064,67.0,126.0,1.0,0.0,1.0,0.9887041500106404,
steel-plates-fault,XGBoost,Quantile Transform,9.0,0.140625,0.015625,1.439584732055664,0.2930212020874023,0.0203785741701722,605.0,1135.0,7.0,0.0,1.0,0.991212693662284,68.0,125.0,1.0,0.0,1.0,0.9887799352203986,
steel-plates-fault,XGBoost,Quantile Transform,10.0,0.140625,0.0,1.4402704238891602,0.2931537628173828,0.0158990750089288,605.0,1135.0,7.0,0.0,1.0,0.991212693662284,68.0,126.0,0.0,0.0,1.0,1.0,
steel-plates-fault,XGBoost,Random Undersampling,1.0,0.09375,0.0,1.3000640869140625,0.1096153259277343,0.0314465193077921,605.0,1135.0,6.0,0.0,1.0,0.9924581232165332,68.0,124.0,3.0,0.0,1.0,0.9670173453984322,
steel-plates-fault,XGBoost,Random Undersampling,2.0,0.09375,0.0,1.3021183013916016,0.1100187301635742,0.0366457764059306,606.0,1135.0,6.0,0.0,1.0,0.992466164491064,67.0,125.0,2.0,0.0,1.0,0.9776108253996604,
steel-plates-fault,XGBoost,Random Undersampling,3.0,0.09375,0.0,1.3021183013916016,0.1106653213500976,0.0275792794302106,606.0,1135.0,6.0,0.0,1.0,0.992466164491064,67.0,123.0,4.0,0.0,1.0,0.9560022672164136,
steel-plates-fault,XGBoost,Random Undersampling,4.0,0.0625,0.0,1.3021183013916016,0.1107378005981445,0.0345531783998013,606.0,1135.0,6.0,0.0,1.0,0.992466164491064,67.0,126.0,1.0,0.0,1.0,0.9887041500106404,
steel-plates-fault,XGBoost,Random Undersampling,5.0,0.09375,0.0,1.3020353317260742,0.1117115020751953,0.0358525130897765,606.0,1135.0,6.0,0.0,1.0,0.992466164491064,67.0,125.0,2.0,0.0,1.0,0.9776108253996604,
steel-plates-fault,XGBoost,Random Undersampling,6.0,0.078125,0.0,1.3021183013916016,0.1112518310546875,0.0328984949737789,606.0,1135.0,6.0,0.0,1.0,0.992466164491064,67.0,127.0,0.0,0.0,1.0,1.0,
steel-plates-fault,XGBoost,Random Undersampling,7.0,0.078125,0.015625,1.302165985107422,0.1106681823730468,0.0311356484889985,606.0,1135.0,6.0,0.0,1.0,0.992466164491064,67.0,124.0,3.0,0.0,1.0,0.9667125650120004,
steel-plates-fault,XGBoost,Random Undersampling,8.0,0.09375,0.0,1.3018035888671875,0.1115808486938476,0.0307234788313509,606.0,1135.0,6.0,0.0,1.0,0.992466164491064,67.0,126.0,1.0,0.0,1.0,0.9887041500106404,
steel-plates-fault,XGBoost,Random Undersampling,9.0,0.078125,0.015625,1.3002872467041016,0.1111736297607421,0.0285096645355225,605.0,1135.0,7.0,0.0,1.0,0.991212693662284,68.0,124.0,2.0,0.0,1.0,0.9777571632541407,
steel-plates-fault,XGBoost,Random Undersampling,10.0,0.078125,0.015625,1.3001480102539062,0.1109819412231445,0.0384756520390515,605.0,1135.0,7.0,0.0,1.0,0.991212693662284,68.0,126.0,0.0,0.0,1.0,1.0,
steel-plates-fault,XGBoost,SMOTE / SMOTENC,1.0,0.703125,0.0,9.53637409210205,0.334360122680664,0.0186708476394414,605.0,1135.0,6.0,0.0,1.0,0.9924581232165332,68.0,124.0,3.0,0.0,1.0,0.9670173453984322,
steel-plates-fault,XGBoost,SMOTE / SMOTENC,2.0,0.703125,0.0,9.561955451965332,0.3341627120971679,0.0193638592958451,606.0,1135.0,6.0,0.0,1.0,0.992466164491064,67.0,125.0,2.0,0.0,1.0,0.9776108253996604,
steel-plates-fault,XGBoost,SMOTE / SMOTENC,3.0,0.6875,0.0,9.560895919799805,0.3324394226074219,0.0172846952453255,606.0,1135.0,6.0,0.0,1.0,0.992466164491064,67.0,124.0,3.0,0.0,1.0,0.9667125650120004,
steel-plates-fault,XGBoost,SMOTE / SMOTENC,4.0,0.703125,0.0,9.561150550842283,0.3340644836425781,0.0163948597386479,606.0,1135.0,6.0,0.0,1.0,0.992466164491064,67.0,126.0,1.0,0.0,1.0,0.9887041500106404,
steel-plates-fault,XGBoost,SMOTE / SMOTENC,5.0,0.703125,0.0,9.561083793640137,0.3330459594726562,0.0165732871741056,606.0,1135.0,6.0,0.0,1.0,0.992466164491064,67.0,125.0,2.0,0.0,1.0,0.9776108253996604,
steel-plates-fault,XGBoost,SMOTE / SMOTENC,6.0,0.703125,0.015625,9.56175422668457,0.3335332870483398,0.0170701891183853,606.0,1134.0,7.0,0.0,1.0,0.9912193691754824,67.0,127.0,0.0,0.0,1.0,1.0,
steel-plates-fault,XGBoost,SMOTE / SMOTENC,7.0,0.71875,0.0,9.56113624572754,0.3333625793457031,0.0201370820403099,606.0,1135.0,6.0,0.0,1.0,0.992466164491064,67.0,124.0,3.0,0.0,1.0,0.9667125650120004,
steel-plates-fault,XGBoost,SMOTE / SMOTENC,8.0,0.71875,0.0,9.561849594116213,0.333775520324707,0.0165651666000485,606.0,1135.0,6.0,0.0,1.0,0.992466164491064,67.0,126.0,1.0,0.0,1.0,0.9887041500106404,
steel-plates-fault,XGBoost,SMOTE / SMOTENC,9.0,0.6875,0.0,9.538244247436523,0.3343029022216797,0.0191340975463391,605.0,1135.0,7.0,0.0,1.0,0.991212693662284,68.0,124.0,2.0,0.0,1.0,0.9777571632541407,
steel-plates-fault,XGBoost,SMOTE / SMOTENC,10.0,0.703125,0.0,9.536803245544434,0.3331832885742187,0.018161997757852,605.0,1135.0,7.0,0.0,1.0,0.991212693662284,68.0,126.0,0.0,0.0,1.0,1.0,
steel-plates-fault,XGBoost,Select Percentile (Mutual Info),1.0,1.078125,0.015625,2.440518379211426,0.1684226989746093,0.0965674128383398,605.0,1135.0,6.0,0.0,1.0,0.9924581232165332,68.0,110.0,17.0,0.0,0.9774201018990272,0.8324141912694495,
steel-plates-fault,XGBoost,Select Percentile (Mutual Info),2.0,0.359375,0.015625,2.442551612854004,0.1635608673095703,0.1216248653829106,606.0,1135.0,6.0,0.0,1.0,0.992466164491064,65.0,114.0,13.0,2.0,0.984251968503937,0.8415426480576677,
steel-plates-fault,XGBoost,Select Percentile (Mutual Info),3.0,0.359375,0.0,2.4419374465942383,0.1684246063232422,0.1157835833728315,606.0,1135.0,6.0,0.0,1.0,0.992466164491064,65.0,111.0,16.0,2.0,0.9764954753790104,0.8139259093779896,
steel-plates-fault,XGBoost,Select Percentile (Mutual Info),4.0,0.359375,0.015625,2.4410200119018555,0.1658306121826172,0.0983626112341882,606.0,1135.0,6.0,0.0,1.0,0.992466164491064,63.0,116.0,11.0,4.0,0.9864848983429308,0.8356609163431099,
steel-plates-fault,XGBoost,Select Percentile (Mutual Info),5.0,0.359375,0.0,2.4418888092041016,0.167581558227539,0.0972116507589817,606.0,1135.0,6.0,0.0,1.0,0.992466164491064,67.0,110.0,17.0,0.0,0.9847220589963568,0.8311745566408112,
steel-plates-fault,XGBoost,Select Percentile (Mutual Info),6.0,0.359375,0.015625,2.440968513488769,0.1647281646728515,0.1195342302322395,606.0,1135.0,6.0,0.0,1.0,0.992466164491064,62.0,120.0,7.0,5.0,0.991068280644024,0.8643830641294908,
steel-plates-fault,XGBoost,Select Percentile (Mutual Info),7.0,0.359375,0.0,2.4424638748168945,0.1697216033935547,0.119680555909872,606.0,1135.0,6.0,0.0,1.0,0.992466164491064,65.0,113.0,14.0,2.0,0.9694441179927138,0.832206928907247,
steel-plates-fault,XGBoost,Select Percentile (Mutual Info),8.0,0.359375,0.0,2.4415817260742188,0.1654415130615234,0.0918796308338645,606.0,1135.0,6.0,0.0,1.0,0.992466164491064,65.0,112.0,15.0,2.0,0.9862498530967212,0.8230028242896833,
steel-plates-fault,XGBoost,Select Percentile (Mutual Info),9.0,0.359375,0.0,2.441805839538574,0.1668033599853515,0.0994227051734928,605.0,1135.0,7.0,0.0,1.0,0.991212693662284,67.0,112.0,14.0,1.0,0.9852941176470588,0.8457857379859176,
steel-plates-fault,XGBoost,Select Percentile (Mutual Info),10.0,0.34375,0.015625,2.4417104721069336,0.166543960571289,0.1109597943723204,605.0,1135.0,7.0,0.0,1.0,0.991212693662284,67.0,117.0,9.0,1.0,0.9911297852474324,0.8932524855820572,
steel-plates-fault,XGBoost,Uniform Binning,1.0,0.0625,0.0,1.2316274642944336,0.1054973602294921,0.0195232117548584,605.0,1135.0,6.0,0.0,1.0,0.9924581232165332,68.0,125.0,2.0,0.0,1.0,0.9778192489870196,
steel-plates-fault,XGBoost,Uniform Binning,2.0,0.046875,0.015625,1.231663703918457,0.1044607162475586,0.0228890787810087,606.0,1135.0,6.0,0.0,1.0,0.992466164491064,67.0,126.0,1.0,0.0,1.0,0.9887041500106404,
steel-plates-fault,XGBoost,Uniform Binning,3.0,0.046875,0.0,1.2309141159057615,0.1041278839111328,0.0214758647605777,606.0,1135.0,6.0,0.0,1.0,0.992466164491064,67.0,126.0,1.0,0.0,1.0,0.9887041500106404,
steel-plates-fault,XGBoost,Uniform Binning,4.0,0.0625,0.0,1.2312250137329102,0.1056976318359375,0.0217317648231983,606.0,1135.0,6.0,0.0,1.0,0.992466164491064,67.0,126.0,1.0,0.0,1.0,0.9887041500106404,
steel-plates-fault,XGBoost,Uniform Binning,5.0,0.046875,0.0,1.2311334609985352,0.105173110961914,0.0201113725081086,606.0,1135.0,6.0,0.0,1.0,0.992466164491064,67.0,126.0,1.0,0.0,1.0,0.9887041500106404,
steel-plates-fault,XGBoost,Uniform Binning,6.0,0.046875,0.0,1.2317914962768557,0.1042594909667968,0.0222184436395764,606.0,1135.0,6.0,0.0,1.0,0.992466164491064,67.0,126.0,1.0,0.0,1.0,0.9887041500106404,
steel-plates-fault,XGBoost,Uniform Binning,7.0,0.0625,0.0,1.230870246887207,0.1045207977294921,0.022870832681656,606.0,1135.0,6.0,0.0,1.0,0.992466164491064,67.0,126.0,1.0,0.0,1.0,0.9887041500106404,
steel-plates-fault,XGBoost,Uniform Binning,8.0,0.046875,0.0,1.2309141159057615,0.1053075790405273,0.0223534990102052,606.0,1135.0,6.0,0.0,1.0,0.992466164491064,67.0,127.0,0.0,0.0,1.0,1.0,
steel-plates-fault,XGBoost,Uniform Binning,9.0,0.046875,0.0,1.2316389083862305,0.1057033538818359,0.0238434296101331,605.0,1135.0,7.0,0.0,1.0,0.991212693662284,68.0,125.0,1.0,0.0,1.0,0.9887799352203986,
steel-plates-fault,XGBoost,Uniform Binning,10.0,0.046875,0.0,1.231419563293457,0.1060342788696289,0.0196283932775261,605.0,1135.0,7.0,0.0,1.0,0.991212693662284,68.0,126.0,0.0,0.0,1.0,1.0,
steel-plates-fault,XGBoost,Yeo-Johnson,1.0,0.25,0.0,1.4995450973510742,0.1021976470947265,0.0160592747852206,605.0,1135.0,6.0,0.0,1.0,0.9924581232165332,68.0,124.0,3.0,0.0,1.0,0.9670173453984322,
steel-plates-fault,XGBoost,Yeo-Johnson,2.0,0.28125,0.0,1.5002927780151367,0.1033124923706054,0.0189869947731495,606.0,1135.0,6.0,0.0,1.0,0.992466164491064,67.0,125.0,2.0,0.0,1.0,0.9776108253996604,
steel-plates-fault,XGBoost,Yeo-Johnson,3.0,0.265625,0.015625,1.5002450942993164,0.101226806640625,0.0178195117041469,606.0,1135.0,6.0,0.0,1.0,0.992466164491064,67.0,124.0,3.0,0.0,1.0,0.9667125650120004,
steel-plates-fault,XGBoost,Yeo-Johnson,4.0,0.25,0.015625,1.5002927780151367,0.1027908325195312,0.0196887437254192,606.0,1135.0,6.0,0.0,1.0,0.992466164491064,67.0,126.0,1.0,0.0,1.0,0.9887041500106404,
steel-plates-fault,XGBoost,Yeo-Johnson,5.0,0.265625,0.0,1.500197410583496,0.1023368835449218,0.0168231092393398,606.0,1135.0,6.0,0.0,1.0,0.992466164491064,67.0,126.0,1.0,0.0,1.0,0.9887041500106404,
steel-plates-fault,XGBoost,Yeo-Johnson,6.0,0.265625,0.0,1.5002927780151367,0.1016168594360351,0.0159802306443452,606.0,1135.0,6.0,0.0,1.0,0.992466164491064,67.0,126.0,1.0,0.0,1.0,0.9887041500106404,
steel-plates-fault,XGBoost,Yeo-Johnson,7.0,0.265625,0.0,1.5002927780151367,0.1013565063476562,0.0183473980054259,606.0,1135.0,6.0,0.0,1.0,0.992466164491064,67.0,123.0,4.0,0.0,1.0,0.9560022672164136,
steel-plates-fault,XGBoost,Yeo-Johnson,8.0,0.265625,0.0,1.500197410583496,0.1021375656127929,0.0146963373757899,606.0,1135.0,6.0,0.0,1.0,0.992466164491064,67.0,126.0,1.0,0.0,1.0,0.9887041500106404,
steel-plates-fault,XGBoost,Yeo-Johnson,9.0,0.25,0.015625,1.5001134872436523,0.1023321151733398,0.0203785741701722,605.0,1135.0,7.0,0.0,1.0,0.991212693662284,68.0,125.0,1.0,0.0,1.0,0.9887799352203986,
steel-plates-fault,XGBoost,Yeo-Johnson,10.0,0.265625,0.015625,1.500105857849121,0.1024646759033203,0.0158990750089288,605.0,1135.0,7.0,0.0,1.0,0.991212693662284,68.0,126.0,0.0,0.0,1.0,1.0,
