Dataset,Model,Preprocessor,Fold,Fit_Time_sec,Predict_Time_Test_sec,Peak_Memory_MB,Pipeline_Disk_Size_MB,Optimal_Threshold,Train_TP,Train_TN,Train_FP,Train_FN,Train_ROC_AUC,Train_MCC,Test_TP,Test_TN,Test_FP,Test_FN,Test_ROC_AUC,Test_MCC,Error_Log
tokyo1,GaussianNB,Baseline,1.0,0.015625,0.0,0.9756498336791992,0.0056171417236328,0.999999999893348,528.0,235.0,76.0,24.0,0.861107227736614,0.7460227948410593,58.0,28.0,7.0,3.0,0.8903981264637002,0.7728532853703904,
tokyo1,GaussianNB,Baseline,2.0,0.03125,0.0,0.974003791809082,0.0056171417236328,0.999999999940822,532.0,230.0,81.0,20.0,0.8620916631716297,0.7443911420180543,59.0,28.0,7.0,2.0,0.8831381733021078,0.7966771528304466,
tokyo1,GaussianNB,Baseline,3.0,0.015625,0.0,0.9733848571777344,0.0056171417236328,0.9999999998461948,527.0,234.0,77.0,25.0,0.8619926371219535,0.7407566510775807,60.0,28.0,7.0,1.0,0.897423887587822,0.8214111636628237,
tokyo1,GaussianNB,Baseline,4.0,0.015625,0.0,0.9733772277832032,0.0056171417236328,0.9999999999999996,523.0,239.0,72.0,29.0,0.8669235518896501,0.742861878105859,58.0,25.0,10.0,3.0,0.8501170960187353,0.7042971527455699,
tokyo1,GaussianNB,Baseline,5.0,0.015625,0.0,0.9584941864013672,0.0055704116821289,0.0376212592734664,535.0,233.0,78.0,17.0,0.8673021809031176,0.7603529497593559,58.0,24.0,11.0,3.0,0.8351288056206089,0.6814187658605819,
tokyo1,GaussianNB,Baseline,6.0,0.015625,0.0,0.9734258651733398,0.0056171417236328,0.1616292273953328,529.0,227.0,84.0,23.0,0.8609965515634467,0.7284293342767528,59.0,31.0,4.0,2.0,0.931615925058548,0.8643383076541085,
tokyo1,GaussianNB,Baseline,7.0,0.015625,0.0,0.9732894897460938,0.0056171417236328,1.0,522.0,241.0,71.0,29.0,0.8695204523244451,0.7458617152157017,59.0,25.0,9.0,3.0,0.851280834914611,0.7227694483981509,
tokyo1,GaussianNB,Baseline,8.0,0.015625,0.015625,0.9725322723388672,0.0056171417236328,2.885157589842976e-05,533.0,232.0,80.0,18.0,0.8698112988040393,0.7529648928315006,60.0,22.0,12.0,2.0,0.8180740037950665,0.6790438640176067,
tokyo1,GaussianNB,Baseline,9.0,0.015625,0.015625,0.973027229309082,0.0056171417236328,0.999789924581878,529.0,237.0,75.0,22.0,0.8684675880683141,0.7544474488555855,59.0,23.0,11.0,3.0,0.8166508538899431,0.675953759510942,
tokyo1,GaussianNB,Baseline,10.0,0.015625,0.0,0.9743986129760742,0.0056171417236328,0.9999999488438756,530.0,237.0,75.0,22.0,0.8708948810850985,0.7545832529293366,56.0,25.0,9.0,5.0,0.8367888138862102,0.6737792211031715,
tokyo1,GaussianNB,IQR Capping,1.0,0.140625,0.015625,1.3688163757324219,0.006931304931640625,0.7444843858388404,538.0,228.0,83.0,14.0,0.8764387902511767,0.7564499705367698,58.0,26.0,9.0,3.0,0.8927400468384075,0.7271428173249503,
tokyo1,GaussianNB,IQR Capping,2.0,0.140625,0.03125,1.362457275390625,0.006931304931640625,0.6898457142645448,537.0,227.0,84.0,15.0,0.87428934246703,0.7510770851145279,60.0,28.0,7.0,1.0,0.897423887587822,0.8214111636628237,
tokyo1,GaussianNB,IQR Capping,3.0,0.140625,0.03125,1.3630132675170898,0.006931304931640625,0.9301451617653325,537.0,227.0,84.0,15.0,0.8731651055501188,0.7510770851145279,60.0,28.0,7.0,1.0,0.8964871194379391,0.8214111636628237,
tokyo1,GaussianNB,IQR Capping,4.0,0.15625,0.03125,1.3625125885009766,0.006931304931640625,0.9318554680586296,534.0,232.0,79.0,18.0,0.8766776177827486,0.755032347178922,61.0,24.0,11.0,0.0,0.8662763466042155,0.7622023228463561,
tokyo1,GaussianNB,IQR Capping,5.0,0.140625,0.03125,1.358048439025879,0.006884574890136719,0.9336714662347076,540.0,230.0,81.0,12.0,0.8717379654224334,0.7671957413812535,59.0,25.0,10.0,2.0,0.8688524590163935,0.7295543078198283,
tokyo1,GaussianNB,IQR Capping,6.0,0.140625,0.03125,1.3623647689819336,0.006931304931640625,0.6419065247455531,536.0,226.0,85.0,16.0,0.8717583531385433,0.745704199692286,61.0,29.0,6.0,0.0,0.966744730679157,0.8685453368317605,
tokyo1,GaussianNB,IQR Capping,7.0,0.140625,0.03125,1.3628597259521484,0.006931304931640625,0.9997969813199586,535.0,234.0,78.0,16.0,0.8773674903438968,0.7635986675011607,59.0,25.0,9.0,3.0,0.8517552182163188,0.7227694483981509,
tokyo1,GaussianNB,IQR Capping,8.0,0.125,0.03125,1.3624658584594727,0.006931304931640625,0.9787761841242306,536.0,235.0,77.0,15.0,0.880828563451068,0.7689155548359907,61.0,22.0,12.0,1.0,0.8425047438330171,0.7069537290231133,
tokyo1,GaussianNB,IQR Capping,9.0,0.140625,0.03125,1.3621177673339844,0.006931304931640625,0.9999989964849164,536.0,235.0,77.0,15.0,0.873441062869375,0.7689155548359907,58.0,23.0,11.0,4.0,0.8161764705882353,0.6509505219729474,
tokyo1,GaussianNB,IQR Capping,10.0,0.125,0.03125,1.3638029098510742,0.006931304931640625,1.0,523.0,247.0,65.0,29.0,0.8826237922705313,0.7614207662470537,55.0,25.0,9.0,6.0,0.8493249758919961,0.6512198166424537,
tokyo1,GaussianNB,IQR Removal,1.0,0.109375,0.0,1.010268211364746,0.0058317184448242,0.999999999893348,528.0,235.0,76.0,24.0,0.861107227736614,0.7460227948410593,58.0,28.0,7.0,3.0,0.8903981264637002,0.7728532853703904,
tokyo1,GaussianNB,IQR Removal,2.0,0.09375,0.0,1.008464813232422,0.0058317184448242,0.999999999940822,532.0,230.0,81.0,20.0,0.8620916631716297,0.7443911420180543,59.0,28.0,7.0,2.0,0.8831381733021078,0.7966771528304466,
tokyo1,GaussianNB,IQR Removal,3.0,0.09375,0.015625,1.0087175369262695,0.0058317184448242,0.9999999998461948,527.0,234.0,77.0,25.0,0.8619926371219535,0.7407566510775807,60.0,28.0,7.0,1.0,0.897423887587822,0.8214111636628237,
tokyo1,GaussianNB,IQR Removal,4.0,0.078125,0.0,1.0085840225219729,0.0058317184448242,0.9999999999999996,523.0,239.0,72.0,29.0,0.8669235518896501,0.742861878105859,58.0,25.0,10.0,3.0,0.8501170960187353,0.7042971527455699,
tokyo1,GaussianNB,IQR Removal,5.0,0.09375,0.0,0.9930438995361328,0.0057849884033203,0.0376212592734664,535.0,233.0,78.0,17.0,0.8673021809031176,0.7603529497593559,58.0,24.0,11.0,3.0,0.8351288056206089,0.6814187658605819,
tokyo1,GaussianNB,IQR Removal,6.0,0.09375,0.0,1.008194923400879,0.0058317184448242,0.1616292273953328,529.0,227.0,84.0,23.0,0.8609965515634467,0.7284293342767528,59.0,31.0,4.0,2.0,0.931615925058548,0.8643383076541085,
tokyo1,GaussianNB,IQR Removal,7.0,0.09375,0.0,1.0072708129882812,0.0058317184448242,1.0,522.0,241.0,71.0,29.0,0.8695204523244451,0.7458617152157017,59.0,25.0,9.0,3.0,0.851280834914611,0.7227694483981509,
tokyo1,GaussianNB,IQR Removal,8.0,0.09375,0.0,1.007354736328125,0.0058317184448242,2.885157589842976e-05,533.0,232.0,80.0,18.0,0.8698112988040393,0.7529648928315006,60.0,22.0,12.0,2.0,0.8180740037950665,0.6790438640176067,
tokyo1,GaussianNB,IQR Removal,9.0,0.09375,0.0,1.0072612762451172,0.0058317184448242,0.999789924581878,529.0,237.0,75.0,22.0,0.8684675880683141,0.7544474488555855,59.0,23.0,11.0,3.0,0.8166508538899431,0.675953759510942,
tokyo1,GaussianNB,IQR Removal,10.0,0.09375,0.0,1.008893966674805,0.0058317184448242,0.9999999488438756,530.0,237.0,75.0,22.0,0.8708948810850985,0.7545832529293366,56.0,25.0,9.0,5.0,0.8367888138862102,0.6737792211031715,
tokyo1,GaussianNB,PCA,1.0,0.09375,0.09375,0.7171993255615234,0.0090913772583007,0.9999999999998588,535.0,156.0,155.0,17.0,0.7377790204576169,0.5646097622914802,58.0,20.0,15.0,3.0,0.7648711943793911,0.5889122383853166,
tokyo1,GaussianNB,PCA,2.0,0.09375,0.0,0.7169399261474609,0.0090913772583007,0.9999999999957186,535.0,156.0,155.0,17.0,0.7397391537350296,0.5646097622914802,59.0,19.0,16.0,2.0,0.753864168618267,0.5938662724455263,
tokyo1,GaussianNB,PCA,3.0,0.09375,0.0,0.7171516418457031,0.0090913772583007,0.999999999998948,534.0,155.0,156.0,18.0,0.7391624726222098,0.5585812039882627,60.0,18.0,17.0,1.0,0.7620608899297424,0.6014674949569254,
tokyo1,GaussianNB,PCA,4.0,0.09375,0.0,0.7171516418457031,0.0090913772583007,1.0,531.0,160.0,151.0,21.0,0.7421623794212219,0.5618413386243248,59.0,17.0,18.0,2.0,0.7311475409836066,0.5471486995515963,
tokyo1,GaussianNB,PCA,5.0,0.140625,0.09375,0.7171993255615234,0.0090446472167968,0.9999999999999988,535.0,156.0,155.0,17.0,0.7375110676173167,0.5646097622914802,60.0,15.0,20.0,1.0,0.7096018735362998,0.5323273103454099,
tokyo1,GaussianNB,PCA,6.0,0.09375,0.0,0.7170276641845703,0.0090913772583007,0.9999999999999276,533.0,154.0,157.0,19.0,0.7339898177920686,0.5525526456850454,58.0,23.0,12.0,3.0,0.8135831381733021,0.6584761641775061,
tokyo1,GaussianNB,PCA,7.0,0.171875,0.015625,0.7169322967529297,0.0090913772583007,1.0,531.0,160.0,152.0,20.0,0.7422343989948346,0.5634952283382345,59.0,17.0,17.0,3.0,0.730787476280835,0.5318385958355913,
tokyo1,GaussianNB,PCA,8.0,0.09375,0.0,0.7171039581298828,0.0090913772583007,0.9999999858829592,535.0,157.0,155.0,16.0,0.7434268695611708,0.5690321959003147,61.0,13.0,21.0,1.0,0.7122865275142315,0.4962620360620178,
tokyo1,GaussianNB,PCA,9.0,0.09375,0.078125,0.7172908782958984,0.0090913772583007,1.0,533.0,160.0,152.0,18.0,0.7434559542091302,0.5701342444673019,61.0,14.0,20.0,1.0,0.6961574952561669,0.5211258402740776,
tokyo1,GaussianNB,PCA,10.0,0.140625,0.0,0.7176141738891602,0.0090913772583007,1.0,532.0,160.0,152.0,20.0,0.7421439520624302,0.5636716708407131,57.0,17.0,17.0,4.0,0.7307135969141756,0.5018742431885866,
tokyo1,GaussianNB,Quantile Binning,1.0,0.03125,0.0,0.9846401214599608,0.008920669555664,1.0,515.0,265.0,46.0,37.0,0.9092659257188124,0.7902568340102639,58.0,30.0,5.0,3.0,0.9096018735362996,0.8187718729837107,
tokyo1,GaussianNB,Quantile Binning,2.0,0.03125,0.0,0.983933448791504,0.008920669555664,1.0,517.0,261.0,50.0,35.0,0.9025438044643274,0.7846477221417656,57.0,32.0,3.0,4.0,0.937470725995316,0.8437861219029401,
tokyo1,GaussianNB,Quantile Binning,3.0,0.03125,0.0,0.984272003173828,0.008920669555664,1.0,515.0,260.0,51.0,37.0,0.9003011556922504,0.7771064737389549,58.0,30.0,5.0,3.0,0.9166276346604214,0.8187718729837107,
tokyo1,GaussianNB,Quantile Binning,4.0,0.03125,0.0,0.9835357666015624,0.008920669555664,1.0,515.0,267.0,44.0,37.0,0.9107396663404632,0.7955244289246866,59.0,28.0,7.0,2.0,0.8920374707259954,0.7966771528304466,
tokyo1,GaussianNB,Quantile Binning,5.0,0.03125,0.0,0.9693517684936525,0.0088739395141601,1.0,526.0,257.0,54.0,26.0,0.8996836991472109,0.796943900359256,55.0,28.0,7.0,6.0,0.8784543325526931,0.7061184681987616,
tokyo1,GaussianNB,Quantile Binning,6.0,0.03125,0.0,0.9846105575561525,0.008920669555664,1.0,510.0,266.0,45.0,42.0,0.9079378116408034,0.7808851138568781,57.0,34.0,1.0,4.0,0.9800936768149884,0.8915623801916542,
tokyo1,GaussianNB,Quantile Binning,7.0,0.03125,0.0,0.9835777282714844,0.008920669555664,1.0,516.0,264.0,48.0,35.0,0.9069000418818932,0.7901983027722974,59.0,27.0,7.0,3.0,0.87926944971537,0.7694575109355096,
tokyo1,GaussianNB,Quantile Binning,8.0,0.03125,0.015625,0.9842844009399414,0.008920669555664,1.0,513.0,266.0,46.0,38.0,0.908662571548234,0.7881412238727762,58.0,25.0,9.0,4.0,0.8505692599620494,0.698679025592987,
tokyo1,GaussianNB,Quantile Binning,9.0,0.03125,0.0,0.9825677871704102,0.008920669555664,0.9999999999999662,529.0,246.0,66.0,22.0,0.885601354181209,0.7772107982061351,58.0,27.0,7.0,4.0,0.875,0.7462485614701092,
tokyo1,GaussianNB,Quantile Binning,10.0,0.046875,0.0,0.9858236312866212,0.008920669555664,1.0,518.0,265.0,47.0,34.0,0.9079454663693796,0.7953963124704607,53.0,28.0,6.0,8.0,0.8852459016393442,0.6841838328673733,
tokyo1,GaussianNB,Quantile Transform,1.0,0.078125,0.015625,1.2301292419433594,0.2561368942260742,1.0,514.0,272.0,39.0,38.0,0.9183996225359988,0.806326016216192,57.0,30.0,5.0,4.0,0.9088992974238876,0.7966223039091501,
tokyo1,GaussianNB,Quantile Transform,2.0,0.109375,0.015625,1.2298078536987305,0.2561368942260742,1.0,517.0,267.0,44.0,35.0,0.9105707395498392,0.8003774315743288,58.0,32.0,3.0,3.0,0.935831381733021,0.8651053864168619,
tokyo1,GaussianNB,Quantile Transform,3.0,0.078125,0.015625,1.2313709259033203,0.2561368942260742,1.0,515.0,267.0,44.0,37.0,0.9099911459061466,0.7955244289246866,55.0,32.0,3.0,6.0,0.9412177985948476,0.8030515337610453,
tokyo1,GaussianNB,Quantile Transform,4.0,0.078125,0.015625,1.2312145233154297,0.2561368942260742,1.0,512.0,271.0,40.0,40.0,0.914418192832844,0.7989188685400065,59.0,28.0,7.0,2.0,0.8915690866510538,0.7966771528304466,
tokyo1,GaussianNB,Quantile Transform,5.0,0.078125,0.015625,1.2161884307861328,0.2560901641845703,1.0,528.0,253.0,58.0,24.0,0.8920645183838948,0.7918934437697763,56.0,27.0,8.0,5.0,0.8665105386416861,0.7039533729502659,
tokyo1,GaussianNB,Quantile Transform,6.0,0.078125,0.015625,1.2297821044921875,0.2561368942260742,0.9999999999999944,515.0,265.0,46.0,37.0,0.9135065706696492,0.7902568340102639,58.0,34.0,1.0,3.0,0.9887587822014052,0.9120526480334016,
tokyo1,GaussianNB,Quantile Transform,7.0,0.078125,0.015625,1.229496955871582,0.2561368942260742,1.0,513.0,270.0,42.0,38.0,0.9141682954069524,0.7986801898436359,59.0,27.0,7.0,3.0,0.8783206831119545,0.7694575109355096,
tokyo1,GaussianNB,Quantile Transform,8.0,0.09375,0.015625,1.231557846069336,0.2561368942260742,0.99999999999996,524.0,258.0,54.0,27.0,0.908965051887012,0.7946984920729135,59.0,25.0,9.0,3.0,0.9319259962049335,0.7227694483981509,
tokyo1,GaussianNB,Quantile Transform,9.0,0.09375,0.015625,1.228179931640625,0.2561368942260742,1.0,528.0,248.0,64.0,23.0,0.882582367723021,0.7796097493589705,58.0,27.0,7.0,4.0,0.8752371916508539,0.7462485614701092,
tokyo1,GaussianNB,Quantile Transform,10.0,0.09375,0.015625,1.2308969497680664,0.2564268112182617,1.0,517.0,274.0,38.0,35.0,0.920667270531401,0.8165292906092901,52.0,30.0,4.0,9.0,0.9035679845708776,0.7160680128057814,
tokyo1,GaussianNB,Random Undersampling,1.0,0.03125,0.015625,1.0108604431152344,0.0106697082519531,0.9990043936217472,532.0,230.0,81.0,20.0,0.8609295633533716,0.7443911420180543,58.0,28.0,7.0,3.0,0.8744730679156908,0.7728532853703904,
tokyo1,GaussianNB,Random Undersampling,2.0,0.03125,0.0,1.0108642578125,0.0106611251831054,1.0,529.0,231.0,80.0,23.0,0.8567209562421361,0.7385898459983767,59.0,28.0,7.0,2.0,0.8747072599531616,0.7966771528304466,
tokyo1,GaussianNB,Random Undersampling,3.0,0.03125,0.0,1.0109519958496094,0.0106611251831054,1.0,533.0,231.0,80.0,19.0,0.8580315951349082,0.7497117445984881,60.0,28.0,7.0,1.0,0.8969555035128806,0.8214111636628237,
tokyo1,GaussianNB,Random Undersampling,4.0,0.03125,0.0,1.0108604431152344,0.0106611251831054,0.999999996701503,533.0,231.0,80.0,19.0,0.858698564704786,0.7497117445984881,60.0,25.0,10.0,1.0,0.847775175644028,0.7558778772145486,
tokyo1,GaussianNB,Random Undersampling,5.0,0.03125,0.015625,1.010908126831055,0.0106229782104492,0.99998575856773,535.0,233.0,78.0,17.0,0.8647799291672491,0.7603529497593559,58.0,24.0,11.0,3.0,0.8374707259953161,0.6814187658605819,
tokyo1,GaussianNB,Random Undersampling,6.0,0.03125,0.0,1.010732650756836,0.0106697082519531,1.0,527.0,231.0,80.0,25.0,0.8518512046227689,0.7331018427489392,59.0,31.0,4.0,2.0,0.9194379391100702,0.8643383076541085,
tokyo1,GaussianNB,Random Undersampling,7.0,0.03125,0.0,1.0135021209716797,0.0106849670410156,0.9999999999997604,527.0,235.0,77.0,24.0,0.8622376564754061,0.7439225157653376,59.0,25.0,9.0,3.0,0.8517552182163188,0.7227694483981509,
tokyo1,GaussianNB,Random Undersampling,8.0,0.03125,0.0,1.0134944915771484,0.0106763839721679,1.0,530.0,237.0,75.0,21.0,0.8656347433570664,0.7571878110816447,60.0,23.0,11.0,2.0,0.8211574952561669,0.7020455453347001,
tokyo1,GaussianNB,Random Undersampling,9.0,0.03125,0.0,1.013589859008789,0.0106763839721679,0.999986772544266,530.0,238.0,74.0,21.0,0.8688922239285216,0.7597099154007094,60.0,23.0,11.0,2.0,0.814516129032258,0.7020455453347001,
tokyo1,GaussianNB,Random Undersampling,10.0,0.03125,0.0,1.0135459899902344,0.0106849670410156,0.9999999999997888,530.0,237.0,75.0,22.0,0.8661800910442214,0.7545832529293366,56.0,25.0,9.0,5.0,0.8389585342333654,0.6737792211031715,
tokyo1,GaussianNB,SMOTE / SMOTENC,1.0,0.203125,0.015625,3.880953788757324,0.1572828292846679,0.9999999995297574,528.0,235.0,76.0,24.0,0.8663352206533389,0.7460227948410593,58.0,28.0,7.0,3.0,0.8894613583138173,0.7728532853703904,
tokyo1,GaussianNB,SMOTE / SMOTENC,2.0,0.21875,0.0,3.880127906799317,0.1573400497436523,0.999999999989794,533.0,231.0,80.0,19.0,0.8610664523043945,0.7497117445984881,59.0,28.0,7.0,2.0,0.8836065573770491,0.7966771528304466,
tokyo1,GaussianNB,SMOTE / SMOTENC,3.0,0.203125,0.0,3.878849029541016,0.1573629379272461,1.0,522.0,238.0,73.0,30.0,0.8657381518244094,0.7376459069336474,60.0,28.0,7.0,1.0,0.897423887587822,0.8214111636628237,
tokyo1,GaussianNB,SMOTE / SMOTENC,4.0,0.21875,0.0,3.8806190490722656,0.1573286056518554,1.0,523.0,241.0,70.0,29.0,0.8708671186914583,0.7480114598839467,58.0,25.0,10.0,3.0,0.8501170960187353,0.7042971527455699,
tokyo1,GaussianNB,SMOTE / SMOTENC,5.0,0.203125,0.0,3.8789358139038086,0.1572895050048828,0.0110492611758196,535.0,233.0,78.0,17.0,0.8667021995433152,0.7603529497593559,58.0,24.0,11.0,3.0,0.8351288056206089,0.6814187658605819,
tokyo1,GaussianNB,SMOTE / SMOTENC,6.0,0.21875,0.0,3.879291534423828,0.1572942733764648,0.9878103853290248,530.0,228.0,83.0,22.0,0.8618557481709307,0.7337499368571866,59.0,31.0,4.0,2.0,0.9459016393442622,0.8643383076541085,
tokyo1,GaussianNB,SMOTE / SMOTENC,7.0,0.21875,0.0,3.8740739822387695,0.1578130722045898,0.9999997024473084,528.0,236.0,76.0,23.0,0.8704133510167992,0.7491849823104616,59.0,25.0,9.0,3.0,0.851280834914611,0.7227694483981509,
tokyo1,GaussianNB,SMOTE / SMOTENC,8.0,0.203125,0.0,3.8748350143432617,0.1578359603881836,1.0,522.0,244.0,68.0,29.0,0.8752297687188795,0.7535694044173835,59.0,24.0,10.0,3.0,0.8320683111954459,0.6993933515151203,
tokyo1,GaussianNB,SMOTE / SMOTENC,9.0,0.21875,0.0,3.873805046081543,0.1577787399291992,0.9999999348013708,529.0,237.0,75.0,22.0,0.8681331146167807,0.7544474488555855,59.0,23.0,11.0,3.0,0.8166508538899431,0.675953759510942,
tokyo1,GaussianNB,SMOTE / SMOTENC,10.0,0.203125,0.015625,3.8805761337280273,0.1577901840209961,0.999999999999997,525.0,241.0,71.0,27.0,0.8742538786696394,0.7512916512307739,55.0,25.0,9.0,6.0,0.8367888138862102,0.6512198166424537,
tokyo1,GaussianNB,Select Percentile (Mutual Info),1.0,1.171875,0.015625,2.014568328857422,0.005467414855957,0.962685756803656,518.0,260.0,51.0,34.0,0.9556479798685866,0.7845050495040453,60.0,32.0,3.0,1.0,0.9747072599531617,0.9099047423245062,
tokyo1,GaussianNB,Select Percentile (Mutual Info),2.0,0.34375,0.0,2.015218734741211,0.005467414855957,1.0,522.0,263.0,48.0,30.0,0.9083106155925252,0.8022798482843156,58.0,29.0,6.0,3.0,0.8960187353629977,0.7957733781176919,
tokyo1,GaussianNB,Select Percentile (Mutual Info),3.0,0.359375,0.015625,2.015135765075684,0.005467414855957,0.9976356623342952,515.0,265.0,46.0,37.0,0.9552984761638472,0.7902568340102639,59.0,31.0,4.0,2.0,0.9911007025761124,0.8643383076541085,
tokyo1,GaussianNB,Select Percentile (Mutual Info),4.0,0.34375,0.0,2.0152711868286133,0.005467414855957,0.4344527274896072,521.0,263.0,48.0,31.0,0.9563469872780652,0.799782557463412,60.0,27.0,8.0,1.0,0.9728337236533958,0.7995260635393372,
tokyo1,GaussianNB,Select Percentile (Mutual Info),5.0,0.34375,0.0,1.9817476272583008,0.0054130554199218,0.6786031730226009,524.0,266.0,45.0,28.0,0.9608206346987278,0.8150600654227788,55.0,27.0,8.0,6.0,0.9325526932084308,0.6820725689725172,
tokyo1,GaussianNB,Select Percentile (Mutual Info),6.0,0.34375,0.0,2.014796257019043,0.005467414855957,0.7532296834525809,524.0,257.0,54.0,28.0,0.9556712801155692,0.791816701453946,56.0,34.0,1.0,5.0,0.9807962529274006,0.8716784186866801,
tokyo1,GaussianNB,Select Percentile (Mutual Info),7.0,0.34375,0.0,2.0155344009399414,0.005467414855957,0.988427636907253,517.0,268.0,44.0,34.0,0.960066778351715,0.8031057381680351,58.0,28.0,6.0,4.0,0.944022770398482,0.7700513795421218,
tokyo1,GaussianNB,Select Percentile (Mutual Info),8.0,0.359375,0.0,2.014791488647461,0.005467414855957,0.8034386343905923,521.0,264.0,48.0,30.0,0.9603925264088604,0.8025793736838917,59.0,28.0,6.0,3.0,0.9297912713472486,0.7928284456711043,
tokyo1,GaussianNB,Select Percentile (Mutual Info),9.0,0.328125,0.0,2.015841484069824,0.005467414855957,0.9912421297756592,521.0,264.0,48.0,30.0,0.9589906463772162,0.8025793736838917,57.0,30.0,4.0,5.0,0.9506641366223908,0.7966223039091501,
tokyo1,GaussianNB,Select Percentile (Mutual Info),10.0,0.34375,0.0,2.0169973373413086,0.005467414855957,0.8786928170946724,523.0,265.0,47.0,29.0,0.96445617335563,0.80778812377624,55.0,27.0,7.0,6.0,0.93297974927676,0.7005016141839209,
tokyo1,GaussianNB,Uniform Binning,1.0,0.03125,0.0,0.9877815246582032,0.0089797973632812,1.0,526.0,240.0,71.0,26.0,0.8702554872081643,0.7533932345147004,58.0,28.0,7.0,3.0,0.8786885245901639,0.7728532853703904,
tokyo1,GaussianNB,Uniform Binning,2.0,0.015625,0.0,0.9877538681030272,0.0089797973632812,1.0,530.0,230.0,81.0,22.0,0.8569073582179971,0.7388180269616355,59.0,28.0,7.0,2.0,0.8850117096018735,0.7966771528304466,
tokyo1,GaussianNB,Uniform Binning,3.0,0.015625,0.015625,0.9873113632202148,0.0089797973632812,1.0,524.0,238.0,73.0,28.0,0.8659362039237615,0.7429397020069237,60.0,28.0,7.0,1.0,0.8969555035128806,0.8214111636628237,
tokyo1,GaussianNB,Uniform Binning,4.0,0.015625,0.0,0.9872198104858398,0.0089797973632812,0.9999999999999988,524.0,240.0,71.0,28.0,0.8697254065893099,0.7480778492780706,59.0,26.0,9.0,2.0,0.8639344262295082,0.7519116081424536,
tokyo1,GaussianNB,Uniform Binning,5.0,0.03125,0.0,0.9719343185424804,0.0089330673217773,2.507414544298881e-07,539.0,229.0,82.0,13.0,0.8706137285055222,0.7618228559590116,58.0,24.0,11.0,3.0,0.8426229508196721,0.6814187658605819,
tokyo1,GaussianNB,Uniform Binning,6.0,0.015625,0.0,0.9878339767456056,0.0089797973632812,1.0,524.0,236.0,75.0,28.0,0.8639848082389672,0.7378020776557728,59.0,32.0,3.0,2.0,0.9430913348946136,0.8871261396195388,
tokyo1,GaussianNB,Uniform Binning,7.0,0.015625,0.0,0.9872159957885742,0.0089797973632812,0.9999999999999368,526.0,243.0,69.0,25.0,0.8755380659872494,0.7615738112417137,59.0,25.0,9.0,3.0,0.8498576850094877,0.7227694483981509,
tokyo1,GaussianNB,Uniform Binning,8.0,0.015625,0.0,0.9867677688598632,0.0089797973632812,1.0,522.0,242.0,70.0,29.0,0.8726586858392666,0.7484306582645197,60.0,24.0,10.0,2.0,0.8349146110056926,0.7249655124664183,
tokyo1,GaussianNB,Uniform Binning,9.0,0.015625,0.0,0.9869089126586914,0.0089797973632812,0.9999519510081862,530.0,238.0,74.0,21.0,0.8704860626366979,0.7597099154007094,60.0,23.0,11.0,2.0,0.8218690702087288,0.7020455453347001,
tokyo1,GaussianNB,Uniform Binning,10.0,0.015625,0.0,0.9880571365356444,0.0089797973632812,0.9999114599387962,531.0,238.0,74.0,21.0,0.8763238573021181,0.7598426908974791,56.0,25.0,9.0,5.0,0.8401639344262295,0.6737792211031715,
tokyo1,GaussianNB,Yeo-Johnson,1.0,0.296875,0.015625,1.112870216369629,0.0060644149780273,1.0,525.0,240.0,71.0,27.0,0.8712428351740529,0.7507300345689201,59.0,26.0,9.0,2.0,0.855503512880562,0.7519116081424536,
tokyo1,GaussianNB,Yeo-Johnson,2.0,0.328125,0.015625,1.1126508712768557,0.0060644149780273,0.9999970004362012,538.0,228.0,83.0,14.0,0.8630702735448995,0.7564499705367698,59.0,27.0,8.0,2.0,0.8981264637002342,0.7742769904938871,
tokyo1,GaussianNB,Yeo-Johnson,3.0,0.3125,0.0,1.1126909255981443,0.0060644149780273,1.0,524.0,235.0,76.0,28.0,0.8625343678642993,0.7352333628322258,60.0,28.0,7.0,1.0,0.8908665105386416,0.8214111636628237,
tokyo1,GaussianNB,Yeo-Johnson,4.0,0.296875,0.0,1.1126909255981443,0.0060644149780273,1.0,521.0,244.0,67.0,31.0,0.8744233188871803,0.7505308248027689,60.0,25.0,10.0,1.0,0.8519906323185013,0.7558778772145486,
tokyo1,GaussianNB,Yeo-Johnson,5.0,0.3125,0.0,1.1126909255981443,0.0060176849365234,0.9999999997197924,536.0,226.0,85.0,16.0,0.8615936203923761,0.745704199692286,59.0,23.0,12.0,2.0,0.857377049180328,0.6847499844092956,
tokyo1,GaussianNB,Yeo-Johnson,6.0,0.296875,0.0,1.1127386093139648,0.0060644149780273,0.9999999999999944,523.0,239.0,72.0,29.0,0.8674099445454121,0.742861878105859,58.0,33.0,2.0,3.0,0.965807962529274,0.8884900224011091,
tokyo1,GaussianNB,Yeo-Johnson,7.0,0.3125,0.0,1.1127347946166992,0.0060644149780273,1.0,521.0,245.0,67.0,30.0,0.877158080878589,0.753533453331473,60.0,26.0,8.0,2.0,0.8676470588235294,0.7706878648665366,
tokyo1,GaussianNB,Yeo-Johnson,8.0,0.296875,0.0,1.1127347946166992,0.0060644149780273,0.9999999999999964,522.0,246.0,66.0,29.0,0.8796419098143237,0.7587095537033842,59.0,25.0,9.0,3.0,0.8527039848197343,0.7227694483981509,
tokyo1,GaussianNB,Yeo-Johnson,9.0,0.3125,0.015625,1.1127824783325195,0.0060644149780273,0.9999999999998752,533.0,232.0,80.0,18.0,0.8623598119968355,0.7529648928315006,58.0,22.0,12.0,4.0,0.799573055028463,0.626942006555466,
tokyo1,GaussianNB,Yeo-Johnson,10.0,0.3125,0.0,1.113886833190918,0.0060644149780273,1.0,526.0,245.0,67.0,26.0,0.877845131921219,0.7641566320245513,54.0,25.0,9.0,7.0,0.8423336547733847,0.6294031425753533,
tokyo1,KNN,Baseline,1.0,0.015625,0.0,0.8245401382446289,0.3924064636230469,0.8,508.0,298.0,13.0,44.0,0.9887954937322336,0.8622917904037525,58.0,34.0,1.0,3.0,0.9772833723653396,0.9120526480334016,
tokyo1,KNN,Baseline,2.0,0.0625,0.046875,0.8242692947387695,0.3924064636230469,0.8,509.0,299.0,12.0,43.0,0.9886003541637542,0.8672261312726386,58.0,32.0,3.0,3.0,0.9526932084309132,0.8651053864168619,
tokyo1,KNN,Baseline,3.0,0.125,0.0,0.8242292404174805,0.3924064636230469,0.8,510.0,300.0,11.0,42.0,0.9884430774966216,0.8721604721415246,54.0,35.0,0.0,7.0,0.997423887587822,0.8588975014708023,
tokyo1,KNN,Baseline,4.0,0.0625,0.046875,0.8247957229614258,0.3924064636230469,0.4,543.0,272.0,39.0,9.0,0.9898906053404166,0.8793687284340127,60.0,26.0,9.0,1.0,0.9489461358313818,0.7776898497790747,
tokyo1,KNN,Baseline,5.0,0.0625,0.046875,0.834071159362793,0.3858060836791992,0.8,516.0,302.0,9.0,36.0,0.9919031641735402,0.8909739381582709,52.0,32.0,3.0,9.0,0.9229508196721312,0.74606465664469,
tokyo1,KNN,Baseline,6.0,0.125,0.0625,0.8246641159057617,0.3924064636230469,0.8,508.0,299.0,12.0,44.0,0.9879741600260964,0.8650159805461853,56.0,35.0,0.0,5.0,0.9957845433255268,0.8962581595302719,
tokyo1,KNN,Baseline,7.0,0.046875,0.046875,0.8244447708129883,0.3924064636230469,0.4,540.0,269.0,43.0,11.0,0.9883137884499046,0.8642973473639375,61.0,28.0,6.0,1.0,0.9883776091081594,0.840984230239932,
tokyo1,KNN,Baseline,8.0,0.0625,0.140625,0.824580192565918,0.3924064636230469,0.8,513.0,302.0,10.0,38.0,0.9910361114989064,0.8839228678760779,55.0,31.0,3.0,7.0,0.9295540796963946,0.7812697133477482,
tokyo1,KNN,Baseline,9.0,0.09375,0.0625,0.824620246887207,0.3924064636230469,0.8,506.0,301.0,11.0,45.0,0.9885580994927636,0.8656988162275181,61.0,31.0,3.0,1.0,0.9447343453510436,0.9086606278597036,
tokyo1,KNN,Baseline,10.0,0.0625,0.0,0.8258256912231445,0.3928565979003906,0.8,510.0,302.0,10.0,42.0,0.990175585284281,0.8751116928303232,48.0,31.0,3.0,13.0,0.9163452266152364,0.6716647912913994,
tokyo1,KNN,IQR Capping,1.0,0.140625,0.125,1.3624382019042969,0.3937206268310547,0.6,534.0,283.0,28.0,18.0,0.9893867374994175,0.8838442431226735,59.0,32.0,3.0,2.0,0.9756440281030445,0.8871261396195388,
tokyo1,KNN,IQR Capping,2.0,0.265625,0.125,1.362091064453125,0.3937206268310547,0.6,531.0,280.0,31.0,21.0,0.9890051959550772,0.8686516848265562,60.0,31.0,4.0,1.0,0.9543325526932084,0.8875933832851178,
tokyo1,KNN,IQR Capping,3.0,0.28125,0.125,1.362013816833496,0.3937206268310547,0.6,530.0,284.0,27.0,22.0,0.9885246283610607,0.8764737426173699,59.0,34.0,1.0,2.0,0.9969555035128805,0.9331939228992782,
tokyo1,KNN,IQR Capping,4.0,0.28125,0.125,1.3620119094848633,0.3937206268310547,0.6,534.0,286.0,25.0,18.0,0.9899983689827112,0.8915245912853369,58.0,30.0,5.0,3.0,0.9571428571428571,0.8187718729837107,
tokyo1,KNN,IQR Capping,5.0,0.28125,0.25,1.3575611114501953,0.38712024688720703,0.6,535.0,283.0,28.0,17.0,0.9913031828137377,0.8863558928641501,56.0,29.0,6.0,5.0,0.9208430913348946,0.7513703860539558,
tokyo1,KNN,IQR Capping,6.0,0.34375,0.125,1.3618240356445312,0.3937206268310547,0.6,532.0,281.0,30.0,20.0,0.9887285055221585,0.8737158709252619,59.0,33.0,2.0,2.0,0.967447306791569,0.9100702576112412,
tokyo1,KNN,IQR Capping,7.0,0.28125,0.125,1.3616552352905273,0.3937206268310547,0.6,529.0,282.0,30.0,22.0,0.98843885243613,0.8689270157162569,58.0,31.0,3.0,4.0,0.9686907020872864,0.8418742217643445,
tokyo1,KNN,IQR Capping,8.0,0.28125,0.296875,1.3617801666259766,0.3937206268310547,0.6,531.0,290.0,22.0,20.0,0.9905591232723718,0.8944443226146382,58.0,29.0,5.0,4.0,0.9444971537001897,0.7939048800443309,
tokyo1,KNN,IQR Capping,9.0,0.28125,0.125,1.3620681762695312,0.3937206268310547,0.6,530.0,282.0,30.0,21.0,0.9888722136907254,0.8714090331199671,61.0,31.0,3.0,1.0,0.9587286527514232,0.9086606278597037,
tokyo1,KNN,IQR Capping,10.0,0.328125,0.125,1.3633604049682617,0.39417076110839844,0.6,530.0,284.0,28.0,22.0,0.9891478539576365,0.8741552556847277,56.0,31.0,3.0,5.0,0.9476856316297009,0.8199724069392406,
tokyo1,KNN,IQR Removal,1.0,0.09375,0.0625,0.8634052276611328,0.3926210403442383,0.8,508.0,298.0,13.0,44.0,0.9887954937322336,0.8622917904037525,58.0,34.0,1.0,3.0,0.9772833723653396,0.9120526480334016,
tokyo1,KNN,IQR Removal,2.0,0.28125,0.046875,0.8615779876708984,0.3926210403442383,0.8,509.0,299.0,12.0,43.0,0.9886003541637542,0.8672261312726386,58.0,32.0,3.0,3.0,0.9526932084309132,0.8651053864168619,
tokyo1,KNN,IQR Removal,3.0,0.3125,0.0625,0.861577033996582,0.3926210403442383,0.8,510.0,300.0,11.0,42.0,0.9884430774966216,0.8721604721415246,54.0,35.0,0.0,7.0,0.997423887587822,0.8588975014708023,
tokyo1,KNN,IQR Removal,4.0,0.296875,0.0,0.8618001937866211,0.3926210403442383,0.4,543.0,272.0,39.0,9.0,0.9898906053404166,0.8793687284340127,60.0,26.0,9.0,1.0,0.9489461358313818,0.7776898497790747,
tokyo1,KNN,IQR Removal,5.0,0.234375,0.0625,0.8715581893920898,0.3860206604003906,0.8,516.0,302.0,9.0,36.0,0.9919031641735402,0.8909739381582709,52.0,32.0,3.0,9.0,0.9229508196721312,0.74606465664469,
tokyo1,KNN,IQR Removal,6.0,0.28125,0.0,0.8628511428833008,0.3926210403442383,0.8,508.0,299.0,12.0,44.0,0.9879741600260964,0.8650159805461853,56.0,35.0,0.0,5.0,0.9957845433255268,0.8962581595302719,
tokyo1,KNN,IQR Removal,7.0,0.234375,0.015625,0.8616180419921875,0.3926210403442383,0.4,540.0,269.0,43.0,11.0,0.9883137884499046,0.8642973473639375,61.0,28.0,6.0,1.0,0.9883776091081594,0.840984230239932,
tokyo1,KNN,IQR Removal,8.0,0.234375,0.0,0.8620758056640625,0.3926210403442383,0.8,513.0,302.0,10.0,38.0,0.9910361114989064,0.8839228678760779,55.0,31.0,3.0,7.0,0.9295540796963946,0.7812697133477482,
tokyo1,KNN,IQR Removal,9.0,0.28125,0.046875,0.8618927001953125,0.3926210403442383,0.8,506.0,301.0,11.0,45.0,0.9885580994927636,0.8656988162275181,61.0,31.0,3.0,1.0,0.9447343453510436,0.9086606278597036,
tokyo1,KNN,IQR Removal,10.0,0.28125,0.015625,0.8634119033813477,0.393071174621582,0.8,510.0,302.0,10.0,42.0,0.990175585284281,0.8751116928303232,48.0,31.0,3.0,13.0,0.9163452266152364,0.6716647912913994,
tokyo1,KNN,PCA,1.0,0.203125,0.0625,0.7167797088623047,0.2254858016967773,0.6,530.0,286.0,25.0,22.0,0.9901265203411156,0.8816407172445563,59.0,30.0,5.0,2.0,0.973536299765808,0.8416833807014049,
tokyo1,KNN,PCA,2.0,0.28125,0.0,0.7169551849365234,0.2254858016967773,0.6,527.0,284.0,27.0,25.0,0.989328486881961,0.8691245336889336,59.0,32.0,3.0,2.0,0.981264637002342,0.8871261396195388,
tokyo1,KNN,PCA,3.0,0.203125,0.140625,0.7168788909912109,0.2254858016967773,0.6,526.0,289.0,22.0,26.0,0.9890314087329324,0.8797333315451291,59.0,34.0,1.0,2.0,0.9964871194379392,0.9331939228992782,
tokyo1,KNN,PCA,4.0,0.140625,0.0625,0.7169113159179688,0.2254858016967773,0.6,532.0,289.0,22.0,20.0,0.9911546437392236,0.8942953293831458,58.0,30.0,5.0,3.0,0.9515222482435596,0.8187718729837107,
tokyo1,KNN,PCA,5.0,0.15625,0.140625,0.7167396545410156,0.2188854217529297,0.6,532.0,285.0,26.0,20.0,0.9913701710238128,0.8839907320889769,54.0,28.0,7.0,7.0,0.9229508196721312,0.6852459016393443,
tokyo1,KNN,PCA,6.0,0.140625,0.140625,0.7169151306152344,0.2254858016967773,0.6,529.0,285.0,26.0,23.0,0.9889935458315856,0.8766029370751725,58.0,34.0,1.0,3.0,0.995784543325527,0.9120526480334016,
tokyo1,KNN,PCA,7.0,0.15625,0.0,0.7170505523681641,0.2254858016967773,0.4,541.0,272.0,40.0,10.0,0.9890874400856252,0.8744164353429088,61.0,28.0,6.0,1.0,0.9862428842504743,0.840984230239932,
tokyo1,KNN,PCA,8.0,0.28125,0.125,0.7167854309082031,0.2254858016967773,0.6,528.0,292.0,20.0,23.0,0.9914956489366652,0.8923195788032809,57.0,30.0,4.0,5.0,0.9238614800759012,0.7966223039091501,
tokyo1,KNN,PCA,9.0,0.140625,0.015625,0.7166557312011719,0.2254858016967773,0.4,541.0,268.0,44.0,10.0,0.9886395365070502,0.8644873837711756,61.0,31.0,3.0,1.0,0.9729601518026568,0.9086606278597036,
tokyo1,KNN,PCA,10.0,0.140625,0.0,0.7174739837646484,0.2257375717163086,0.6,526.0,290.0,22.0,26.0,0.9901407469342252,0.8799773451738422,55.0,30.0,4.0,6.0,0.9305689488910318,0.7747095489152849,
tokyo1,KNN,Quantile Binning,1.0,0.125,0.0,0.838261604309082,0.3957099914550781,0.6,526.0,290.0,21.0,26.0,0.9893867374994176,0.8823471892127112,57.0,33.0,2.0,4.0,0.976112412177986,0.8675848703740787,
tokyo1,KNN,Quantile Binning,2.0,0.125,0.0625,0.8374090194702148,0.3957099914550781,0.6,526.0,292.0,19.0,26.0,0.990289622069994,0.8875809506903125,59.0,30.0,5.0,2.0,0.9693208430913348,0.8416833807014049,
tokyo1,KNN,Quantile Binning,3.0,0.140625,0.0625,0.8385124206542969,0.3957099914550781,0.6,527.0,292.0,19.0,25.0,0.989884780278671,0.8899695612339236,56.0,34.0,1.0,5.0,0.9723653395784544,0.8716784186866801,
tokyo1,KNN,Quantile Binning,4.0,0.125,0.0625,0.8378419876098633,0.3957099914550781,0.6,525.0,290.0,21.0,27.0,0.9888653944731814,0.8799565407286745,58.0,32.0,3.0,3.0,0.9721311475409836,0.8651053864168619,
tokyo1,KNN,Quantile Binning,5.0,0.125,0.046875,0.8474283218383789,0.3891096115112304,0.6,530.0,291.0,20.0,22.0,0.9922177175078056,0.8945916702445014,54.0,30.0,5.0,7.0,0.9330210772833722,0.7341815373961104,
tokyo1,KNN,Quantile Binning,6.0,0.125,0.0,0.8381795883178711,0.3957099914550781,0.6,529.0,293.0,18.0,23.0,0.9910701803439116,0.8973767092784487,57.0,34.0,1.0,4.0,0.9646370023419204,0.8915623801916542,
tokyo1,KNN,Quantile Binning,7.0,0.109375,0.0625,0.8377561569213867,0.3957099914550781,0.6,525.0,289.0,23.0,26.0,0.9892386802550142,0.877290464140385,59.0,30.0,4.0,3.0,0.9765180265654648,0.8397622016353391,
tokyo1,KNN,Quantile Binning,8.0,0.125,0.140625,0.8383378982543945,0.3957099914550781,0.6,523.0,295.0,17.0,28.0,0.9908441528223744,0.8882403768459388,58.0,29.0,5.0,4.0,0.9530360531309298,0.7939048800443309,
tokyo1,KNN,Quantile Binning,9.0,0.125,0.0,0.8376741409301758,0.3957099914550781,0.6,526.0,292.0,20.0,25.0,0.9897912885662432,0.8875103937434603,60.0,30.0,4.0,2.0,0.9577798861480076,0.8624575450871764,
tokyo1,KNN,Quantile Binning,10.0,0.125,0.0,0.8387479782104492,0.3961601257324219,0.6,527.0,292.0,20.0,25.0,0.9904223569305092,0.8875849488538792,56.0,32.0,2.0,5.0,0.9481677917068468,0.8446727134963715,
tokyo1,KNN,Quantile Transform,1.0,0.21875,0.0625,1.1259098052978516,0.6429262161254883,0.6,529.0,281.0,30.0,23.0,0.9878052332354724,0.8662613906641131,57.0,32.0,3.0,4.0,0.9789227166276346,0.8437861219029401,
tokyo1,KNN,Quantile Transform,2.0,0.234375,0.0625,1.1251401901245115,0.6429262161254883,0.6,529.0,281.0,30.0,23.0,0.9867771098373644,0.8662613906641131,58.0,30.0,5.0,3.0,0.9770491803278688,0.8187718729837107,
tokyo1,KNN,Quantile Transform,3.0,0.21875,0.109375,1.1264400482177734,0.6429262161254883,0.4639999999999986,525.0,284.0,27.0,27.0,0.9872285521226524,0.8642702362645044,57.0,34.0,1.0,4.0,0.976112412177986,0.8915623801916542,
tokyo1,KNN,Quantile Transform,4.0,0.234375,0.0625,1.1258831024169922,0.6429262161254883,0.6,523.0,287.0,24.0,29.0,0.9888158814483434,0.8673176691469736,57.0,28.0,7.0,4.0,0.9566744730679156,0.7498633755339789,
tokyo1,KNN,Quantile Transform,5.0,0.265625,0.0625,1.1258916854858398,0.6363258361816406,0.6,530.0,286.0,25.0,22.0,0.9895207139195674,0.8816407172445563,56.0,30.0,5.0,5.0,0.926463700234192,0.775175644028103,
tokyo1,KNN,Quantile Transform,6.0,0.28125,0.0625,1.125905990600586,0.6429262161254883,0.6,524.0,284.0,27.0,28.0,0.985871312735915,0.8618564084555521,56.0,33.0,2.0,5.0,0.982903981264637,0.8473069569763498,
tokyo1,KNN,Quantile Transform,7.0,0.25,0.0625,1.1255464553833008,0.6429262161254883,0.6,523.0,285.0,27.0,28.0,0.9873656289264274,0.8620483254787233,58.0,31.0,3.0,4.0,0.9658444022770398,0.8418742217643445,
tokyo1,KNN,Quantile Transform,8.0,0.234375,0.125,1.1257543563842771,0.6429262161254883,0.4639999999999986,526.0,286.0,26.0,25.0,0.9874296151519382,0.871903444528727,58.0,29.0,5.0,4.0,0.9302656546489564,0.7939048800443309,
tokyo1,KNN,Quantile Transform,9.0,0.28125,0.0625,1.1268577575683594,0.6429262161254883,0.6,526.0,285.0,27.0,25.0,0.9875634045325514,0.8693090099993197,59.0,30.0,4.0,3.0,0.9833965844402278,0.8397622016353391,
tokyo1,KNN,Quantile Transform,10.0,0.234375,0.203125,1.1261272430419922,0.6436662673950195,0.6,525.0,286.0,26.0,27.0,0.98869785860275,0.8671521462995972,56.0,28.0,6.0,5.0,0.9397299903567984,0.7466191840712891,
tokyo1,KNN,Random Undersampling,1.0,0.125,0.0625,1.0105648040771484,0.2889766693115234,0.4,534.0,275.0,36.0,18.0,0.9841558320518198,0.8634403543634963,59.0,31.0,4.0,2.0,0.9758782201405152,0.8643383076541085,
tokyo1,KNN,Random Undersampling,2.0,0.09375,0.03125,1.0106124877929688,0.2889680862426758,0.6,516.0,288.0,23.0,36.0,0.9823355002563028,0.8534911872410227,58.0,32.0,3.0,3.0,0.96768149882904,0.8651053864168619,
tokyo1,KNN,Random Undersampling,3.0,0.09375,0.078125,1.0106048583984375,0.2889680862426758,0.6,514.0,289.0,22.0,38.0,0.9803433291392888,0.8515377262893427,57.0,35.0,0.0,4.0,0.9981264637002344,0.9157443103106512,
tokyo1,KNN,Random Undersampling,4.0,0.140625,0.046875,1.0105209350585938,0.2889680862426758,0.4,531.0,279.0,32.0,21.0,0.9857984994640944,0.8660834432874149,60.0,29.0,6.0,1.0,0.946135831381733,0.8433688540952347,
tokyo1,KNN,Random Undersampling,5.0,0.140625,0.046875,1.0105209350585938,0.284214973449707,0.4,538.0,278.0,33.0,14.0,0.9879916352113332,0.8813009854396365,57.0,29.0,6.0,4.0,0.923887587822014,0.7732054383133128,
tokyo1,KNN,Random Undersampling,6.0,0.140625,0.0625,1.0105209350585938,0.2889766693115234,0.6,516.0,291.0,20.0,36.0,0.9843131087189524,0.8614879944876732,56.0,35.0,0.0,5.0,0.9978922716627634,0.8962581595302719,
tokyo1,KNN,Random Undersampling,7.0,0.140625,0.0,1.0132036209106443,0.2898921966552734,0.4,523.0,279.0,33.0,28.0,0.98311345339476,0.8464228047382775,60.0,28.0,6.0,2.0,0.9791271347248576,0.8164472825956933,
tokyo1,KNN,Random Undersampling,8.0,0.078125,0.0,1.0133819580078125,0.2898836135864258,0.4,537.0,277.0,35.0,14.0,0.9871765787146912,0.8764425649634184,59.0,28.0,6.0,3.0,0.9532732447817838,0.7928284456711043,
tokyo1,KNN,Random Undersampling,9.0,0.09375,0.0,1.0132427215576172,0.2898836135864258,0.6,509.0,296.0,16.0,42.0,0.9826917259993484,0.8587702635186248,61.0,31.0,3.0,1.0,0.9444971537001896,0.9086606278597036,
tokyo1,KNN,Random Undersampling,10.0,0.09375,0.0,1.0132904052734375,0.2898921966552734,0.6,517.0,297.0,15.0,35.0,0.9889010823114086,0.8773802542436472,53.0,30.0,4.0,8.0,0.9168273866923818,0.7350787212635911,
tokyo1,KNN,SMOTE / SMOTENC,1.0,0.359375,0.078125,3.879810333251953,0.6523885726928711,0.4,540.0,278.0,33.0,12.0,0.9906566009599702,0.8864727251116027,59.0,31.0,4.0,2.0,0.9733021077283373,0.8643383076541085,
tokyo1,KNN,SMOTE / SMOTENC,2.0,0.40625,0.0,3.87944221496582,0.6524457931518555,0.2160000000000081,537.0,279.0,32.0,15.0,0.9906216505894962,0.8812625999133681,59.0,29.0,6.0,2.0,0.952927400468384,0.8191376992166521,
tokyo1,KNN,SMOTE / SMOTENC,3.0,0.40625,0.078125,3.878682136535645,0.6524686813354492,0.4,536.0,275.0,36.0,16.0,0.9897944918216134,0.8685659688456386,60.0,34.0,1.0,1.0,0.997423887587822,0.9550351288056206,
tokyo1,KNN,SMOTE / SMOTENC,4.0,0.484375,0.078125,3.87973690032959,0.6524343490600586,0.2160000000000081,540.0,282.0,29.0,12.0,0.9915099725057086,0.8965401078727349,59.0,28.0,7.0,2.0,0.9557377049180328,0.7966771528304466,
tokyo1,KNN,SMOTE / SMOTENC,5.0,0.40625,0.078125,3.8790693283081055,0.6440029144287109,0.6,527.0,293.0,18.0,25.0,0.9927769234353884,0.8925841666725314,54.0,32.0,3.0,7.0,0.9252927400468384,0.7835466354387377,
tokyo1,KNN,SMOTE / SMOTENC,6.0,0.40625,0.0,3.878133773803711,0.652400016784668,0.4,536.0,280.0,31.0,16.0,0.9905255370706928,0.8812477559285355,59.0,33.0,2.0,2.0,0.9939110070257612,0.9100702576112412,
tokyo1,KNN,SMOTE / SMOTENC,7.0,0.390625,0.0,3.872821807861328,0.6520185470581055,0.4,537.0,278.0,34.0,14.0,0.9904398762157384,0.878960868035187,61.0,28.0,6.0,1.0,0.99146110056926,0.840984230239932,
tokyo1,KNN,SMOTE / SMOTENC,8.0,0.4375,0.078125,3.874475479125977,0.6520414352416992,0.6,521.0,299.0,13.0,30.0,0.9924787100376936,0.8941257408267933,57.0,30.0,4.0,5.0,0.930977229601518,0.7966223039091501,
tokyo1,KNN,SMOTE / SMOTENC,9.0,0.46875,0.0,3.8730993270874015,0.6519842147827148,0.4,538.0,277.0,35.0,13.0,0.990306086835125,0.8790319086402635,61.0,31.0,3.0,1.0,0.9447343453510436,0.9086606278597036,
tokyo1,KNN,SMOTE / SMOTENC,10.0,0.453125,0.078125,3.880685806274414,0.6528959274291992,0.6,520.0,302.0,10.0,32.0,0.992739107209216,0.8975660534345316,52.0,30.0,4.0,9.0,0.921407907425265,0.7160680128057814,
tokyo1,KNN,Select Percentile (Mutual Info),1.0,1.34375,0.0,2.01462459564209,0.2022008895874023,0.3680000000000064,544.0,268.0,43.0,8.0,0.9904876741693462,0.8721364319950029,59.0,31.0,4.0,2.0,0.976112412177986,0.8643383076541085,
tokyo1,KNN,Select Percentile (Mutual Info),2.0,0.5,0.0,2.0144529342651367,0.2022008895874023,0.8,512.0,300.0,11.0,40.0,0.9909099911459062,0.8766077811945348,57.0,33.0,2.0,4.0,0.9681498829039812,0.8675848703740787,
tokyo1,KNN,Select Percentile (Mutual Info),3.0,0.484375,0.0625,2.014584541320801,0.2022008895874023,0.8,512.0,299.0,12.0,40.0,0.9893838249685446,0.8739006749723748,54.0,35.0,0.0,7.0,0.9964871194379392,0.8588975014708023,
tokyo1,KNN,Select Percentile (Mutual Info),4.0,0.484375,0.0625,2.014755249023437,0.2022008895874023,0.6,530.0,293.0,18.0,22.0,0.9919788899762336,0.8997861534868216,57.0,29.0,6.0,4.0,0.9372365339578456,0.7732054383133128,
tokyo1,KNN,Select Percentile (Mutual Info),5.0,0.53125,0.0625,1.9815607070922847,0.1955928802490234,0.4639999999999986,530.0,289.0,22.0,22.0,0.992462370101123,0.8894053776970036,55.0,30.0,5.0,6.0,0.94192037470726,0.7543783209066021,
tokyo1,KNN,Select Percentile (Mutual Info),6.0,0.484375,0.0,2.014716148376465,0.2022008895874023,0.6,529.0,286.0,25.0,23.0,0.9906624260217158,0.8791928519666186,57.0,33.0,2.0,4.0,0.9901639344262296,0.8675848703740787,
tokyo1,KNN,Select Percentile (Mutual Info),7.0,0.53125,0.0,2.014623641967773,0.2022008895874023,0.6,529.0,284.0,28.0,22.0,0.9895702452417516,0.8740740827956986,60.0,30.0,4.0,2.0,0.9722485768500948,0.8624575450871764,
tokyo1,KNN,Select Percentile (Mutual Info),8.0,0.53125,0.0625,2.0144968032836914,0.2022008895874023,0.4,543.0,272.0,40.0,8.0,0.9911349993019684,0.8797522282049332,59.0,27.0,7.0,3.0,0.9297912713472486,0.7694575109355096,
tokyo1,KNN,Select Percentile (Mutual Info),9.0,0.53125,0.0625,2.015313148498535,0.2022008895874023,0.6,527.0,285.0,27.0,24.0,0.9900559588626738,0.8717470506995241,61.0,31.0,3.0,1.0,0.9430740037950665,0.9086606278597036,
tokyo1,KNN,Select Percentile (Mutual Info),10.0,0.53125,0.0,2.0170555114746094,0.2024297714233398,0.8,517.0,301.0,11.0,35.0,0.9911365431066518,0.8880712632226497,52.0,31.0,3.0,9.0,0.9462391513982642,0.7420164785621604,
tokyo1,KNN,Uniform Binning,1.0,0.109375,0.0625,0.8406896591186523,0.395761489868164,0.8,511.0,300.0,11.0,41.0,0.9897216785497926,0.8743804269887311,57.0,33.0,2.0,4.0,0.9653395784543324,0.8675848703740787,
tokyo1,KNN,Uniform Binning,2.0,0.125,0.0,0.8409090042114258,0.395761489868164,0.4,545.0,264.0,47.0,7.0,0.9882625005825062,0.864989807487428,60.0,28.0,7.0,1.0,0.9831381733021076,0.8214111636628237,
tokyo1,KNN,Uniform Binning,3.0,0.125,0.0,0.840601921081543,0.395761489868164,0.8,512.0,298.0,13.0,40.0,0.9883207511999628,0.8711959072240273,55.0,35.0,0.0,6.0,0.9971896955503512,0.8773209920837068,
tokyo1,KNN,Uniform Binning,4.0,0.0625,0.0625,0.8403387069702148,0.395761489868164,0.8,515.0,298.0,13.0,37.0,0.9901876834894452,0.8779526777060219,54.0,31.0,4.0,7.0,0.9482435597189696,0.7587961105457409,
tokyo1,KNN,Uniform Binning,5.0,0.09375,0.0,0.8506193161010742,0.3891611099243164,0.6,532.0,286.0,25.0,20.0,0.991014842257328,0.8865640116818256,56.0,30.0,5.0,5.0,0.9152224824355972,0.775175644028103,
tokyo1,KNN,Uniform Binning,6.0,0.125,0.0,0.8406972885131836,0.395761489868164,0.6,528.0,281.0,30.0,24.0,0.9873101029870917,0.8637952588449587,58.0,32.0,3.0,3.0,0.9873536299765808,0.8651053864168619,
tokyo1,KNN,Uniform Binning,7.0,0.125,0.0625,0.8406896591186523,0.395761489868164,0.8,512.0,300.0,12.0,39.0,0.9890060030713388,0.8762890113636103,58.0,32.0,2.0,4.0,0.9554079696394686,0.8660436626137549,
tokyo1,KNN,Uniform Binning,8.0,0.125,0.0625,0.8405141830444336,0.395761489868164,0.8,511.0,300.0,12.0,40.0,0.9902362836800224,0.8740510441475174,57.0,30.0,4.0,5.0,0.9442599620493358,0.7966223039091501,
tokyo1,KNN,Uniform Binning,9.0,0.0625,0.046875,0.8406457901000977,0.395761489868164,0.8,510.0,299.0,13.0,41.0,0.9887675089580716,0.8691151322832371,60.0,31.0,3.0,2.0,0.943785578747628,0.8856195232263474,
tokyo1,KNN,Uniform Binning,10.0,0.0625,0.0,0.8420267105102539,0.3962116241455078,0.6,531.0,289.0,23.0,21.0,0.9910755759940544,0.8894893154301525,53.0,30.0,4.0,8.0,0.9341851494696238,0.7350787212635911,
tokyo1,KNN,Yeo-Johnson,1.0,0.4375,0.0625,1.1124391555786133,0.3928537368774414,0.6,530.0,286.0,25.0,22.0,0.9897974043524862,0.8816407172445563,58.0,32.0,3.0,3.0,0.97423887587822,0.8651053864168619,
tokyo1,KNN,Yeo-Johnson,2.0,0.515625,0.15625,1.1123952865600586,0.3928537368774414,0.6,530.0,288.0,23.0,22.0,0.9908575655901952,0.8868152202119208,60.0,31.0,4.0,1.0,0.9669789227166276,0.8875933832851178,
tokyo1,KNN,Yeo-Johnson,3.0,0.46875,0.0,1.1123037338256836,0.3928537368774414,0.6,530.0,287.0,24.0,22.0,0.9900799198471504,0.884227011105461,57.0,34.0,1.0,4.0,0.9934426229508198,0.8915623801916542,
tokyo1,KNN,Yeo-Johnson,4.0,0.421875,0.0625,1.1124868392944336,0.3928537368774414,0.6,531.0,288.0,23.0,21.0,0.9911196933687498,0.8892611702443034,57.0,31.0,4.0,4.0,0.968384074941452,0.8201405152224824,
tokyo1,KNN,Yeo-Johnson,5.0,0.453125,0.0625,1.112391471862793,0.3862533569335937,0.4,543.0,272.0,39.0,9.0,0.9915769607157836,0.8793687284340127,57.0,28.0,7.0,4.0,0.9199063231850118,0.7498633755339789,
tokyo1,KNN,Yeo-Johnson,6.0,0.4375,0.078125,1.1123437881469729,0.3928537368774414,0.6,530.0,287.0,24.0,22.0,0.990324572440468,0.884227011105461,58.0,33.0,2.0,3.0,0.9831381733021076,0.8884900224011091,
tokyo1,KNN,Yeo-Johnson,7.0,0.5,0.0,1.112391471862793,0.3928537368774414,0.4639999999999986,529.0,289.0,23.0,22.0,0.9908150681744148,0.8869739986384895,59.0,32.0,2.0,3.0,0.9627609108159392,0.8871261396195388,
tokyo1,KNN,Yeo-Johnson,8.0,0.5,0.015625,1.112299919128418,0.3928537368774414,0.6,530.0,291.0,21.0,21.0,0.99104774535809,0.8945797850062823,58.0,29.0,5.0,4.0,0.9537476280834914,0.7939048800443309,
tokyo1,KNN,Yeo-Johnson,9.0,0.484375,0.0,1.112391471862793,0.3928537368774414,0.6,530.0,288.0,24.0,21.0,0.9907481734841082,0.8868389824284192,61.0,31.0,3.0,1.0,0.9447343453510436,0.9086606278597036,
tokyo1,KNN,Yeo-Johnson,10.0,0.46875,0.0625,1.1135797500610352,0.3933038711547851,0.5360000000000014,530.0,289.0,23.0,22.0,0.9909420289855072,0.8870478370271518,56.0,31.0,3.0,5.0,0.9590163934426228,0.8199724069392406,
tokyo1,LogisticRegression,Baseline,1.0,0.03125,0.0,0.8247747421264648,0.0044097900390625,0.5697326308758227,525.0,284.0,27.0,27.0,0.9850587166223964,0.8642702362645044,57.0,32.0,3.0,4.0,0.9878220140515224,0.8437861219029401,
tokyo1,LogisticRegression,Baseline,2.0,0.03125,0.0,0.8254384994506836,0.0044097900390625,0.6320326370171395,522.0,289.0,22.0,30.0,0.9863518803299316,0.8702010940955681,60.0,30.0,5.0,1.0,0.9770491803278688,0.8654221130629138,
tokyo1,LogisticRegression,Baseline,3.0,0.03125,0.0,0.825007438659668,0.0044097900390625,0.6624716474965169,516.0,292.0,19.0,36.0,0.985349969709679,0.864157628011552,56.0,34.0,1.0,5.0,0.9892271662763464,0.8716784186866801,
tokyo1,LogisticRegression,Baseline,4.0,0.03125,0.0,0.8255338668823242,0.0044097900390625,0.5556431317505347,525.0,284.0,27.0,27.0,0.9856761731674356,0.8642702362645044,61.0,29.0,6.0,0.0,0.9892271662763464,0.8685453368317605,
tokyo1,LogisticRegression,Baseline,5.0,0.046875,0.0,0.8344945907592773,0.0043859481811523,0.4925998456114206,534.0,284.0,27.0,18.0,0.9886760799664476,0.8864025108688803,55.0,28.0,7.0,6.0,0.9531615925058547,0.7061184681987616,
tokyo1,LogisticRegression,Baseline,6.0,0.03125,0.0,0.8249635696411133,0.0044097900390625,0.6393642053793385,520.0,287.0,24.0,32.0,0.9858742252667878,0.8602011800593695,55.0,35.0,0.0,6.0,0.9873536299765808,0.8773209920837068,
tokyo1,LogisticRegression,Baseline,7.0,0.046875,0.0,0.8253908157348633,0.0044097900390625,0.4891253314288861,530.0,281.0,31.0,21.0,0.9855100283866164,0.8688436870700282,59.0,30.0,4.0,3.0,0.9862428842504743,0.8397622016353391,
tokyo1,LogisticRegression,Baseline,8.0,0.03125,0.0,0.8254461288452148,0.0044097900390625,0.5634569893500865,527.0,287.0,25.0,24.0,0.9868537391223416,0.8769269625653145,58.0,30.0,4.0,4.0,0.9658444022770398,0.8178368121442126,
tokyo1,LogisticRegression,Baseline,9.0,0.046875,0.015625,0.8250904083251953,0.0044097900390625,0.5386213672818899,525.0,285.0,27.0,26.0,0.9861033552049886,0.8668799264921395,60.0,31.0,3.0,2.0,0.9833965844402276,0.8856195232263474,
tokyo1,LogisticRegression,Baseline,10.0,0.03125,0.0,0.825861930847168,0.0044097900390625,0.5466161599710158,528.0,287.0,25.0,24.0,0.9872898086213304,0.8770073647325511,54.0,31.0,3.0,7.0,0.9662487945998072,0.7799005945113711,
tokyo1,LogisticRegression,IQR Capping,1.0,0.34375,0.03125,1.361959457397461,0.0057239532470703125,0.5557940012821354,524.0,283.0,28.0,28.0,0.9838587539027914,0.8592432079780046,57.0,32.0,3.0,4.0,0.9868852459016393,0.8437861219029401,
tokyo1,LogisticRegression,IQR Capping,2.0,0.140625,0.03125,1.3621301651000977,0.0057239532470703125,0.5026017233785748,530.0,280.0,31.0,22.0,0.9844354350156111,0.8661613157407505,60.0,31.0,4.0,1.0,0.9831381733021076,0.8875933832851178,
tokyo1,LogisticRegression,IQR Capping,3.0,0.15625,0.03125,1.362518310546875,0.0057239532470703125,0.5494813367863691,524.0,283.0,28.0,28.0,0.9847033878559113,0.8592432079780046,57.0,33.0,2.0,4.0,0.9826697892271663,0.8675848703740787,
tokyo1,LogisticRegression,IQR Capping,4.0,0.140625,0.03125,1.3620281219482422,0.0057239532470703125,0.5719148447541142,524.0,283.0,28.0,28.0,0.984808238967333,0.8592432079780046,58.0,31.0,4.0,3.0,0.9826697892271663,0.8418742217643445,
tokyo1,LogisticRegression,IQR Capping,5.0,0.15625,0.03125,1.3580474853515625,0.005700111389160156,0.6007347026782832,523.0,290.0,21.0,29.0,0.9877615452723799,0.8752010511136673,54.0,30.0,5.0,7.0,0.9526932084309133,0.7341815373961104,
tokyo1,LogisticRegression,IQR Capping,6.0,0.15625,0.03125,1.3627300262451172,0.0057239532470703125,0.5551996148630841,524.0,283.0,28.0,28.0,0.9839927303229414,0.8592432079780046,58.0,34.0,1.0,3.0,0.9896955503512881,0.9120526480334015,
tokyo1,LogisticRegression,IQR Capping,7.0,0.140625,0.03125,1.3628721237182617,0.0057239532470703125,0.49523489985939506,528.0,279.0,33.0,23.0,0.9839918097631347,0.8587301564697216,60.0,30.0,4.0,2.0,0.9857685009487666,0.8624575450871764,
tokyo1,LogisticRegression,IQR Capping,8.0,0.140625,0.03125,1.3624820709228516,0.0057239532470703125,0.6128534287169427,522.0,290.0,22.0,29.0,0.985678719344781,0.8727430222898019,57.0,30.0,4.0,5.0,0.9753320683111955,0.7966223039091501,
tokyo1,LogisticRegression,IQR Capping,9.0,0.140625,0.03125,1.363062858581543,0.0057239532470703125,0.5937864846030835,520.0,288.0,24.0,31.0,0.9846840243845688,0.8627500909470296,59.0,31.0,3.0,3.0,0.9838709677419354,0.8633776091081594,
tokyo1,LogisticRegression,IQR Capping,10.0,0.140625,0.03125,1.363663673400879,0.0057239532470703125,0.4894058170999306,531.0,282.0,30.0,21.0,0.9860240152359718,0.87149121695778,57.0,29.0,5.0,4.0,0.9633558341369335,0.7927367539586575,
tokyo1,LogisticRegression,IQR Removal,1.0,0.109375,0.015625,0.8630876541137695,0.0046243667602539,0.5697326308758227,525.0,284.0,27.0,27.0,0.9850587166223964,0.8642702362645044,57.0,32.0,3.0,4.0,0.9878220140515224,0.8437861219029401,
tokyo1,LogisticRegression,IQR Removal,2.0,0.109375,0.015625,0.863123893737793,0.0046243667602539,0.6320326370171395,522.0,289.0,22.0,30.0,0.9863518803299316,0.8702010940955681,60.0,30.0,5.0,1.0,0.9770491803278688,0.8654221130629138,
tokyo1,LogisticRegression,IQR Removal,3.0,0.109375,0.0,0.863062858581543,0.0046243667602539,0.6624716474965169,516.0,292.0,19.0,36.0,0.985349969709679,0.864157628011552,56.0,34.0,1.0,5.0,0.9892271662763464,0.8716784186866801,
tokyo1,LogisticRegression,IQR Removal,4.0,0.09375,0.0,0.8620023727416992,0.0046243667602539,0.5556431317505347,525.0,284.0,27.0,27.0,0.9856761731674356,0.8642702362645044,61.0,29.0,6.0,0.0,0.9892271662763464,0.8685453368317605,
tokyo1,LogisticRegression,IQR Removal,5.0,0.109375,0.0,0.8719148635864258,0.0046005249023437,0.4925998456114206,534.0,284.0,27.0,18.0,0.9886760799664476,0.8864025108688803,55.0,28.0,7.0,6.0,0.9531615925058547,0.7061184681987616,
tokyo1,LogisticRegression,IQR Removal,6.0,0.109375,0.015625,0.8629398345947266,0.0046243667602539,0.6393642053793385,520.0,287.0,24.0,32.0,0.9858742252667878,0.8602011800593695,55.0,35.0,0.0,6.0,0.9873536299765808,0.8773209920837068,
tokyo1,LogisticRegression,IQR Removal,7.0,0.109375,0.0,0.8620395660400391,0.0046243667602539,0.4891253314288861,530.0,281.0,31.0,21.0,0.9855100283866164,0.8688436870700282,59.0,30.0,4.0,3.0,0.9862428842504743,0.8397622016353391,
tokyo1,LogisticRegression,IQR Removal,8.0,0.109375,0.0,0.8626060485839844,0.0046243667602539,0.5634569893500865,527.0,287.0,25.0,24.0,0.9868537391223416,0.8769269625653145,58.0,30.0,4.0,4.0,0.9658444022770398,0.8178368121442126,
tokyo1,LogisticRegression,IQR Removal,9.0,0.109375,0.0,0.8625764846801758,0.0046243667602539,0.5386213672818899,525.0,285.0,27.0,26.0,0.9861033552049886,0.8668799264921395,60.0,31.0,3.0,2.0,0.9833965844402276,0.8856195232263474,
tokyo1,LogisticRegression,IQR Removal,10.0,0.09375,0.0,0.8642663955688477,0.0046243667602539,0.5466161599710158,528.0,287.0,25.0,24.0,0.9872898086213304,0.8770073647325511,54.0,31.0,3.0,7.0,0.9662487945998072,0.7799005945113711,
tokyo1,LogisticRegression,PCA,1.0,0.203125,0.0,0.7171039581298828,0.008462905883789,0.4036481764188053,536.0,269.0,42.0,16.0,0.9792394799384874,0.8533990091250765,60.0,31.0,4.0,1.0,0.9826697892271664,0.8875933832851178,
tokyo1,LogisticRegression,PCA,2.0,0.1875,0.09375,0.7172431945800781,0.008462905883789,0.5850883471559655,524.0,283.0,28.0,28.0,0.9786802740109044,0.8592432079780046,59.0,31.0,4.0,2.0,0.9803278688524588,0.8643383076541085,
tokyo1,LogisticRegression,PCA,3.0,0.1875,0.0,0.7171993255615234,0.008462905883789,0.509507156051006,526.0,276.0,35.0,26.0,0.9791404538888112,0.8459201206126208,59.0,33.0,2.0,2.0,0.990632318501171,0.9100702576112412,
tokyo1,LogisticRegression,PCA,4.0,0.28125,0.0,0.7172470092773438,0.008462905883789,0.4475079979602097,533.0,275.0,36.0,19.0,0.9793676312968916,0.8608925893008791,61.0,27.0,8.0,0.0,0.9831381733021076,0.8258253917383211,
tokyo1,LogisticRegression,PCA,5.0,0.1875,0.0,0.7171516418457031,0.0084362030029296,0.5830749165432484,528.0,287.0,24.0,24.0,0.9816102800689688,0.8793513211240039,55.0,29.0,6.0,6.0,0.957377049180328,0.7302107728337236,
tokyo1,LogisticRegression,PCA,6.0,0.1875,0.0,0.7171516418457031,0.008462905883789,0.5169097411240136,526.0,276.0,35.0,26.0,0.9781560184537956,0.8459201206126208,58.0,35.0,0.0,3.0,0.9990632318501173,0.9358178034069587,
tokyo1,LogisticRegression,PCA,7.0,0.1875,0.0,0.7170238494873047,0.008462905883789,0.3986176646340815,535.0,269.0,43.0,16.0,0.9796640141467728,0.8511095228148952,60.0,29.0,5.0,2.0,0.9819734345351044,0.8394083298720995,
tokyo1,LogisticRegression,PCA,8.0,0.1875,0.046875,0.71697998046875,0.008462905883789,0.5118552201724241,529.0,280.0,32.0,22.0,0.979605844850854,0.8637869217698749,59.0,28.0,6.0,3.0,0.9724857685009488,0.7928284456711043,
tokyo1,LogisticRegression,PCA,9.0,0.1875,0.0,0.7171993255615234,0.008462905883789,0.5864515195764111,523.0,283.0,29.0,28.0,0.9805481874447391,0.8568328904189646,59.0,31.0,3.0,3.0,0.9658444022770398,0.8633776091081594,
tokyo1,LogisticRegression,PCA,10.0,0.1875,0.0,0.7177505493164062,0.008462905883789,0.4471333480505197,534.0,276.0,36.0,18.0,0.9831208193979932,0.8637314775739648,55.0,30.0,4.0,6.0,0.9493731918997108,0.7747095489152849,
tokyo1,LogisticRegression,Quantile Binning,1.0,0.0625,0.0,0.838719367980957,0.0077009201049804,0.5659817569964115,522.0,289.0,22.0,30.0,0.9848723146465352,0.8702010940955681,58.0,33.0,2.0,3.0,0.9822014051522248,0.8884900224011091,
tokyo1,LogisticRegression,Quantile Binning,2.0,0.046875,0.0,0.8389692306518555,0.0077009201049804,0.6040375849970369,517.0,293.0,18.0,35.0,0.9854198704506268,0.8691298126728181,58.0,32.0,3.0,3.0,0.981264637002342,0.8651053864168619,
tokyo1,LogisticRegression,Quantile Binning,3.0,0.0625,0.0,0.8391408920288086,0.0077009201049804,0.5688510574087456,518.0,294.0,17.0,34.0,0.9850820168693788,0.8741019973340841,55.0,33.0,2.0,6.0,0.981264637002342,0.8276125270627088,
tokyo1,LogisticRegression,Quantile Binning,4.0,0.0625,0.015625,0.8392791748046875,0.0077009201049804,0.6064699323401658,518.0,294.0,17.0,34.0,0.985635397735216,0.8741019973340841,57.0,34.0,1.0,4.0,0.9718969555035128,0.8915623801916542,
tokyo1,LogisticRegression,Quantile Binning,5.0,0.046875,0.0,0.8486223220825195,0.0076770782470703,0.5392395245364394,530.0,289.0,22.0,22.0,0.9878197958898364,0.8894053776970036,54.0,29.0,6.0,7.0,0.9437939110070258,0.7096744204084331,
tokyo1,LogisticRegression,Quantile Binning,6.0,0.0625,0.0,0.8392667770385742,0.0077009201049804,0.573561284165521,515.0,291.0,20.0,37.0,0.9841733072370568,0.859185443350286,56.0,34.0,1.0,5.0,0.9850117096018736,0.8716784186866801,
tokyo1,LogisticRegression,Quantile Binning,7.0,0.0625,0.0,0.8390426635742188,0.0077009201049804,0.3923437046072271,531.0,282.0,30.0,20.0,0.9850621248080412,0.8739004523701815,60.0,28.0,6.0,2.0,0.9862428842504743,0.8164472825956933,
tokyo1,LogisticRegression,Quantile Binning,8.0,0.046875,0.0,0.8392744064331055,0.0077009201049804,0.5990918765016421,519.0,296.0,16.0,32.0,0.9858648610917212,0.8815406025966226,57.0,30.0,4.0,5.0,0.9691650853889944,0.7966223039091501,
tokyo1,LogisticRegression,Quantile Binning,9.0,0.0625,0.015625,0.8394441604614258,0.0077009201049804,0.5143776558987069,523.0,291.0,21.0,28.0,0.9845502350039554,0.8777394879611882,59.0,31.0,3.0,3.0,0.9843453510436432,0.8633776091081594,
tokyo1,LogisticRegression,Quantile Binning,10.0,0.0625,0.015625,0.8396024703979492,0.0077009201049804,0.5465155911258717,525.0,293.0,19.0,27.0,0.9866220735785952,0.8854313082964639,56.0,30.0,4.0,5.0,0.9662487945998072,0.7954155274004512,
tokyo1,LogisticRegression,Quantile Transform,1.0,0.109375,0.015625,1.129255294799805,0.2549171447753906,0.5450256910582317,525.0,284.0,27.0,27.0,0.9851519176103268,0.8642702362645044,59.0,32.0,3.0,2.0,0.990632318501171,0.8871261396195388,
tokyo1,LogisticRegression,Quantile Transform,2.0,0.109375,0.0,1.1262540817260742,0.2549171447753906,0.3729287751470057,539.0,272.0,39.0,13.0,0.9865732326762664,0.8687945860428592,59.0,28.0,7.0,2.0,0.9807962529274004,0.7966771528304466,
tokyo1,LogisticRegression,Quantile Transform,3.0,0.09375,0.015625,1.1262073516845703,0.2549171447753906,0.5222350779310425,524.0,283.0,28.0,28.0,0.9857984994640944,0.8592432079780046,57.0,32.0,3.0,4.0,0.9850117096018736,0.8437861219029401,
tokyo1,LogisticRegression,Quantile Transform,4.0,0.09375,0.0,1.1263856887817385,0.2549171447753906,0.5749332951497637,522.0,289.0,22.0,30.0,0.9862528542802554,0.8702010940955681,55.0,31.0,4.0,6.0,0.9747072599531617,0.7786493150554331,
tokyo1,LogisticRegression,Quantile Transform,5.0,0.09375,0.015625,1.1264886856079102,0.2548933029174804,0.5405928827467342,528.0,287.0,24.0,24.0,0.987878046507293,0.8793513211240039,56.0,31.0,4.0,5.0,0.960655737704918,0.799082221404771,
tokyo1,LogisticRegression,Quantile Transform,6.0,0.109375,0.0,1.1267881393432615,0.2549171447753906,0.5157659002649434,526.0,285.0,26.0,26.0,0.9852392935365116,0.8692972645510042,56.0,34.0,1.0,5.0,0.986416861826698,0.8716784186866801,
tokyo1,LogisticRegression,Quantile Transform,7.0,0.09375,0.0,1.1260004043579102,0.2549171447753906,0.549833871286553,525.0,285.0,27.0,26.0,0.9853878728651868,0.8668799264921395,58.0,33.0,1.0,4.0,0.989089184060721,0.8903713891971934,
tokyo1,LogisticRegression,Quantile Transform,8.0,0.078125,0.015625,1.125539779663086,0.2549171447753906,0.6207452211208774,519.0,296.0,16.0,32.0,0.9872609241937736,0.8815406025966226,56.0,29.0,5.0,6.0,0.9658444022770398,0.7513703860539558,
tokyo1,LogisticRegression,Quantile Transform,9.0,0.09375,0.015625,1.1276445388793943,0.2549171447753906,0.5475514879216239,526.0,286.0,26.0,25.0,0.9851551956815114,0.871903444528727,59.0,31.0,3.0,3.0,0.9886148007590132,0.8633776091081594,
tokyo1,LogisticRegression,Quantile Transform,10.0,0.09375,0.0,1.1301918029785156,0.2552070617675781,0.5163161051188111,528.0,287.0,25.0,24.0,0.9867149758454106,0.8770073647325511,55.0,30.0,4.0,6.0,0.9672131147540984,0.7747095489152849,
tokyo1,LogisticRegression,Random Undersampling,1.0,0.046875,0.0,1.0110225677490234,0.0094499588012695,0.4846843880903842,521.0,288.0,23.0,31.0,0.9838238035323176,0.8652011370774688,57.0,33.0,2.0,4.0,0.985480093676815,0.8675848703740787,
tokyo1,LogisticRegression,Random Undersampling,2.0,0.03125,0.0,1.0108842849731443,0.0094413757324218,0.4872218997137937,521.0,288.0,23.0,31.0,0.9840043804464328,0.8652011370774688,60.0,30.0,5.0,1.0,0.975175644028103,0.8654221130629138,
tokyo1,LogisticRegression,Random Undersampling,3.0,0.046875,0.0,1.0110225677490234,0.0094413757324218,0.592752270110496,510.0,295.0,16.0,42.0,0.9839461298289762,0.8585991836564479,55.0,35.0,0.0,6.0,0.9943793911007026,0.8773209920837068,
tokyo1,LogisticRegression,Random Undersampling,4.0,0.03125,0.0,1.0109748840332031,0.0094413757324218,0.4793473775117732,520.0,287.0,24.0,32.0,0.9843946595833916,0.8602011800593695,60.0,31.0,4.0,1.0,0.9892271662763468,0.8875933832851178,
tokyo1,LogisticRegression,Random Undersampling,5.0,0.046875,0.015625,1.0107955932617188,0.0094261169433593,0.3827591016018872,534.0,284.0,27.0,18.0,0.9877557202106342,0.8864025108688803,55.0,28.0,7.0,6.0,0.9540983606557376,0.7061184681987616,
tokyo1,LogisticRegression,Random Undersampling,6.0,0.046875,0.0,1.0109748840332031,0.0094499588012695,0.3257441268733216,529.0,279.0,32.0,23.0,0.9834451745188498,0.8611010169587181,58.0,35.0,0.0,3.0,0.9826697892271662,0.9358178034069587,
tokyo1,LogisticRegression,Random Undersampling,7.0,0.046875,0.0,1.0136566162109375,0.009465217590332,0.4021440494248782,523.0,283.0,29.0,28.0,0.9838929219600724,0.8568328904189646,59.0,30.0,4.0,3.0,0.98292220113852,0.8397622016353391,
tokyo1,LogisticRegression,Random Undersampling,8.0,0.03125,0.0,1.0137042999267578,0.0094566345214843,0.4895642839504502,522.0,290.0,22.0,29.0,0.985940481176416,0.8727430222898019,57.0,31.0,3.0,5.0,0.9682163187855788,0.8210543814390143,
tokyo1,LogisticRegression,Random Undersampling,9.0,0.046875,0.0,1.0137004852294922,0.0094566345214843,0.5100164866497391,516.0,293.0,19.0,35.0,0.9841081483549724,0.8666344644747075,58.0,31.0,3.0,4.0,0.9777039848197344,0.8418742217643445,
tokyo1,LogisticRegression,Random Undersampling,10.0,0.046875,0.0,1.0137014389038086,0.009465217590332,0.5530737236236855,513.0,298.0,14.0,39.0,0.9864014306949088,0.8709889516910586,51.0,31.0,3.0,10.0,0.9614271938283512,0.7238000579040069,
tokyo1,LogisticRegression,SMOTE / SMOTENC,1.0,0.234375,0.0,3.880624771118164,0.1560335159301757,0.4915089968947323,521.0,288.0,23.0,31.0,0.9847674635351136,0.8652011370774688,57.0,32.0,3.0,4.0,0.986416861826698,0.8437861219029401,
tokyo1,LogisticRegression,SMOTE / SMOTENC,2.0,0.234375,0.0,3.880782127380371,0.1560907363891601,0.5399192690225252,522.0,289.0,22.0,30.0,0.9860256768721748,0.8702010940955681,60.0,30.0,5.0,1.0,0.976112412177986,0.8654221130629138,
tokyo1,LogisticRegression,SMOTE / SMOTENC,3.0,0.234375,0.0,3.8793258666992174,0.1561136245727539,0.4920221207054457,520.0,287.0,24.0,32.0,0.9850237662519222,0.8602011800593695,57.0,32.0,3.0,4.0,0.9859484777517564,0.8437861219029401,
tokyo1,LogisticRegression,SMOTE / SMOTENC,4.0,0.21875,0.0,3.881375312805176,0.1560792922973632,0.5496469518631661,520.0,287.0,24.0,32.0,0.9855188965003028,0.8602011800593695,59.0,32.0,3.0,2.0,0.9859484777517564,0.8871261396195388,
tokyo1,LogisticRegression,SMOTE / SMOTENC,5.0,0.234375,0.015625,3.880199432373047,0.1560630798339843,0.3491888088975683,537.0,279.0,32.0,15.0,0.988734330583904,0.8812625999133681,55.0,28.0,7.0,6.0,0.951288056206089,0.7061184681987616,
tokyo1,LogisticRegression,SMOTE / SMOTENC,6.0,0.21875,0.0,3.8794546127319336,0.1560449600219726,0.5648304424426656,517.0,293.0,18.0,35.0,0.9858975255137704,0.8691298126728181,55.0,34.0,1.0,6.0,0.9892271662763464,0.852359800696136,
tokyo1,LogisticRegression,SMOTE / SMOTENC,7.0,0.21875,0.0,3.873920440673828,0.1565637588500976,0.4914737602848165,522.0,290.0,22.0,29.0,0.9851493787519195,0.8727430222898019,59.0,31.0,3.0,3.0,0.9867172675521824,0.8633776091081594,
tokyo1,LogisticRegression,SMOTE / SMOTENC,8.0,0.21875,0.0,3.87626838684082,0.1565866470336914,0.5436538133462341,522.0,290.0,22.0,29.0,0.9871213178835684,0.8727430222898019,58.0,30.0,4.0,4.0,0.965370018975332,0.8178368121442126,
tokyo1,LogisticRegression,SMOTE / SMOTENC,9.0,0.234375,0.0,3.8746509552001953,0.156529426574707,0.6225447946558843,512.0,298.0,14.0,39.0,0.9857427055702916,0.8709001724661648,57.0,31.0,3.0,5.0,0.9810246679316889,0.8210543814390143,
tokyo1,LogisticRegression,SMOTE / SMOTENC,10.0,0.21875,0.0,3.881575584411621,0.1565408706665039,0.5487342193317982,519.0,295.0,17.0,33.0,0.986947231512449,0.8766555319417652,51.0,31.0,3.0,10.0,0.9648023143683704,0.7238000579040069,
tokyo1,LogisticRegression,Select Percentile (Mutual Info),1.0,1.25,0.0,2.014345169067383,0.0049114227294921,0.5273515613699178,530.0,280.0,31.0,22.0,0.98188988303276,0.8661613157407505,59.0,32.0,3.0,2.0,0.9873536299765808,0.8871261396195388,
tokyo1,LogisticRegression,Select Percentile (Mutual Info),2.0,0.359375,0.015625,2.0153112411499023,0.0049114227294921,0.542520687038801,529.0,279.0,32.0,23.0,0.9834276993336128,0.8611010169587181,60.0,30.0,5.0,1.0,0.970023419203747,0.8654221130629138,
tokyo1,LogisticRegression,Select Percentile (Mutual Info),3.0,0.34375,0.0,2.015139579772949,0.0049114227294921,0.4727079236439387,532.0,274.0,37.0,20.0,0.983375273777902,0.8558000866477568,59.0,32.0,3.0,2.0,0.989695550351288,0.8871261396195388,
tokyo1,LogisticRegression,Select Percentile (Mutual Info),4.0,0.359375,0.0,2.014218330383301,0.0049114227294921,0.5334723923939231,530.0,280.0,31.0,22.0,0.9826762663684236,0.8661613157407505,59.0,28.0,7.0,2.0,0.9817330210772834,0.7966771528304466,
tokyo1,LogisticRegression,Select Percentile (Mutual Info),5.0,0.359375,0.015625,1.9826898574829104,0.0048799514770507,0.5781064446377117,533.0,283.0,28.0,19.0,0.9851810429190548,0.8813422120868478,54.0,27.0,8.0,7.0,0.9531615925058547,0.6608665503435672,
tokyo1,LogisticRegression,Select Percentile (Mutual Info),6.0,0.359375,0.015625,2.015665054321289,0.0049114227294921,0.4330793677400449,537.0,270.0,41.0,15.0,0.9822160864905168,0.8585308680976708,59.0,33.0,2.0,2.0,0.9920374707259954,0.9100702576112412,
tokyo1,LogisticRegression,Select Percentile (Mutual Info),7.0,0.359375,0.0,2.015446662902832,0.0049114227294921,0.602589560783705,525.0,285.0,27.0,26.0,0.9833810321559868,0.8668799264921395,59.0,31.0,3.0,3.0,0.9857685009487668,0.8633776091081594,
tokyo1,LogisticRegression,Select Percentile (Mutual Info),8.0,0.34375,0.0,2.0154504776000977,0.0049114227294921,0.5314459487374779,528.0,279.0,33.0,23.0,0.9849050677090604,0.8587301564697216,59.0,29.0,5.0,3.0,0.9672675521821632,0.8162544623146492,
tokyo1,LogisticRegression,Select Percentile (Mutual Info),9.0,0.359375,0.0,2.0150070190429688,0.0049114227294921,0.5025589176459944,529.0,280.0,32.0,22.0,0.9844804318488528,0.8637869217698749,60.0,31.0,3.0,2.0,0.9796015180265656,0.8856195232263474,
tokyo1,LogisticRegression,Select Percentile (Mutual Info),10.0,0.359375,0.0,2.0173158645629883,0.0049114227294921,0.6995027424664877,518.0,294.0,18.0,34.0,0.9857569212188776,0.8716902079723027,52.0,31.0,3.0,9.0,0.9546769527483124,0.7420164785621604,
tokyo1,LogisticRegression,Uniform Binning,1.0,0.03125,0.0,0.8411083221435547,0.0077600479125976,0.7048535992884496,513.0,289.0,22.0,39.0,0.9818665827857777,0.849241074027754,56.0,32.0,3.0,5.0,0.9756440281030444,0.8231170927147559,
tokyo1,LogisticRegression,Uniform Binning,2.0,0.046875,0.0,0.8407697677612305,0.0077600479125976,0.43474138395883,535.0,268.0,43.0,17.0,0.9815083414884196,0.8482671501524823,59.0,29.0,6.0,2.0,0.9765807962529274,0.8191376992166521,
tokyo1,LogisticRegression,Uniform Binning,3.0,0.046875,0.0,0.8412046432495117,0.0077600479125976,0.3977950488852216,539.0,263.0,48.0,13.0,0.9795278204948972,0.8462627953409517,61.0,30.0,5.0,0.0,0.9901639344262296,0.8900605553600227,
tokyo1,LogisticRegression,Uniform Binning,4.0,0.046875,0.0,0.8411645889282227,0.0077600479125976,0.5629649529171333,527.0,277.0,34.0,25.0,0.9796064588284636,0.8509804193946532,61.0,27.0,8.0,0.0,0.9859484777517564,0.8258253917383211,
tokyo1,LogisticRegression,Uniform Binning,5.0,0.03125,0.0,0.8508710861206055,0.0077362060546875,0.5418066285631339,534.0,276.0,35.0,18.0,0.983579150939,0.8659850919540013,54.0,27.0,8.0,7.0,0.955503512880562,0.6608665503435672,
tokyo1,LogisticRegression,Uniform Binning,6.0,0.046875,0.0,0.8410215377807617,0.0077600479125976,0.6913024002764179,513.0,289.0,22.0,39.0,0.9789511393820776,0.849241074027754,53.0,34.0,1.0,8.0,0.987822014051522,0.8152709617135552,
tokyo1,LogisticRegression,Uniform Binning,7.0,0.03125,0.0,0.8408975601196289,0.0077600479125976,0.7036994554556135,513.0,290.0,22.0,38.0,0.9811880496998464,0.8517283263527925,56.0,30.0,4.0,6.0,0.97438330170778,0.7760651002642738,
tokyo1,LogisticRegression,Uniform Binning,8.0,0.046875,0.0,0.8408136367797852,0.0077600479125976,0.4925553308388685,531.0,273.0,39.0,20.0,0.981510889292196,0.8509219431124837,59.0,29.0,5.0,3.0,0.9658444022770398,0.8162544623146492,
tokyo1,LogisticRegression,Uniform Binning,9.0,0.03125,0.0,0.8412046432495117,0.0077600479125976,0.7320649487401865,507.0,292.0,20.0,44.0,0.9818482712085252,0.8434775753539383,59.0,30.0,4.0,3.0,0.9644212523719164,0.8397622016353391,
tokyo1,LogisticRegression,Uniform Binning,10.0,0.03125,0.0,0.842717170715332,0.0077600479125976,0.5977807470440966,529.0,280.0,32.0,23.0,0.9825721153846152,0.8613918498853577,55.0,31.0,3.0,6.0,0.9570877531340404,0.7996424622157007,
tokyo1,LogisticRegression,Yeo-Johnson,1.0,0.3125,0.0,1.112910270690918,0.004857063293457,0.4618103800513114,529.0,279.0,32.0,23.0,0.9831772216785498,0.8611010169587181,58.0,32.0,3.0,3.0,0.9873536299765808,0.8651053864168619,
tokyo1,LogisticRegression,Yeo-Johnson,2.0,0.328125,0.0,1.112687110900879,0.004857063293457,0.489029695089216,529.0,279.0,32.0,23.0,0.9837888531618436,0.8611010169587181,60.0,31.0,4.0,1.0,0.9822014051522248,0.8875933832851178,
tokyo1,LogisticRegression,Yeo-Johnson,3.0,0.328125,0.0,1.1126909255981443,0.004857063293457,0.5863155056358161,514.0,290.0,21.0,38.0,0.9837539027913696,0.85421325868902,54.0,34.0,1.0,7.0,0.9850117096018736,0.8335688802707012,
tokyo1,LogisticRegression,Yeo-Johnson,4.0,0.328125,0.0,1.1126947402954102,0.004857063293457,0.4469636532425649,529.0,279.0,32.0,23.0,0.9840975814343632,0.8611010169587181,59.0,29.0,6.0,2.0,0.9798594847775176,0.8191376992166521,
tokyo1,LogisticRegression,Yeo-Johnson,5.0,0.328125,0.0,1.1124200820922852,0.0048332214355468,0.4773001649843085,531.0,281.0,30.0,21.0,0.9871033132951208,0.871221614522783,55.0,28.0,7.0,6.0,0.9466042154566744,0.7061184681987616,
tokyo1,LogisticRegression,Yeo-Johnson,6.0,0.328125,0.0,1.1126470565795898,0.004857063293457,0.5937953089286753,515.0,291.0,20.0,37.0,0.9835849760007456,0.859185443350286,55.0,34.0,1.0,6.0,0.9868852459016392,0.852359800696136,
tokyo1,LogisticRegression,Yeo-Johnson,7.0,0.3125,0.0,1.1126947402954102,0.004857063293457,0.4769373070940234,527.0,278.0,34.0,24.0,0.9831948904090464,0.8536733911695683,60.0,31.0,3.0,2.0,0.9876660341555976,0.8856195232263474,
tokyo1,LogisticRegression,Yeo-Johnson,8.0,0.3125,0.0,1.1127386093139648,0.004857063293457,0.4984282685774822,526.0,286.0,26.0,25.0,0.984730559821304,0.871903444528727,58.0,27.0,7.0,4.0,0.9724857685009488,0.7462485614701092,
tokyo1,LogisticRegression,Yeo-Johnson,9.0,0.296875,0.0,1.1125192642211914,0.004857063293457,0.4812390873266149,529.0,280.0,32.0,22.0,0.984230303876402,0.8637869217698749,59.0,31.0,3.0,3.0,0.98292220113852,0.8633776091081594,
tokyo1,LogisticRegression,Yeo-Johnson,10.0,0.3125,0.0,1.1139230728149414,0.004857063293457,0.5080948328141891,526.0,285.0,27.0,26.0,0.985478214418432,0.8669668924379506,56.0,30.0,4.0,5.0,0.9599807135969142,0.7954155274004512,
tokyo1,MLP,Baseline,1.0,4.796875,0.0,1.2663679122924805,0.1970357894897461,0.5121104001963621,537.0,296.0,15.0,15.0,0.9960972086304116,0.9245945757025024,59.0,31.0,4.0,2.0,0.9892271662763464,0.8643383076541085,
tokyo1,MLP,Baseline,2.0,4.765625,0.0,1.2691316604614258,0.1970357894897461,0.5563120159898217,533.0,300.0,11.0,19.0,0.9963302111002376,0.92520062129466,60.0,29.0,6.0,1.0,0.97423887587822,0.8433688540952347,
tokyo1,MLP,Baseline,3.0,4.734375,0.0,1.2692937850952148,0.1970357894897461,0.5235141237600622,538.0,297.0,14.0,14.0,0.9961321590008856,0.9296216039890024,57.0,33.0,2.0,4.0,0.9882903981264638,0.8675848703740787,
tokyo1,MLP,Baseline,4.0,4.703125,0.09375,1.2690439224243164,0.1970357894897461,0.573964915031726,536.0,303.0,8.0,16.0,0.9968544666573466,0.940200492348958,56.0,32.0,3.0,5.0,0.9733021077283373,0.8231170927147559,
tokyo1,MLP,Baseline,5.0,4.75,0.09375,1.2573747634887695,0.1939678192138672,0.5040406538273182,541.0,300.0,11.0,11.0,0.9976117246842816,0.9447026888485018,54.0,27.0,8.0,7.0,0.9409836065573772,0.6608665503435672,
tokyo1,MLP,Baseline,6.0,4.96875,0.0,1.2695302963256836,0.1970357894897461,0.695980313556038,524.0,309.0,2.0,28.0,0.996493312829116,0.9278589904167012,55.0,35.0,0.0,6.0,0.9817330210772834,0.8773209920837068,
tokyo1,MLP,Baseline,7.0,4.78125,0.0,1.2692222595214844,0.1970357894897461,0.6046108602450743,527.0,304.0,8.0,24.0,0.9958118106938434,0.9212903042550626,58.0,33.0,1.0,4.0,0.9928842504743832,0.8903713891971934,
tokyo1,MLP,Baseline,8.0,4.765625,0.0,1.269087791442871,0.1970357894897461,0.4270820841906894,545.0,296.0,16.0,6.0,0.9973067615989576,0.944695166572328,58.0,30.0,4.0,4.0,0.956831119544592,0.8178368121442126,
tokyo1,MLP,Baseline,9.0,4.953125,0.0,1.2694826126098633,0.1970357894897461,0.5455033125385352,528.0,305.0,7.0,23.0,0.9960270370887432,0.9262590169623676,58.0,31.0,3.0,4.0,0.9843453510436432,0.8418742217643445,
tokyo1,MLP,Baseline,10.0,4.875,0.0,1.2696657180786133,0.1970357894897461,0.6251696551017334,529.0,305.0,7.0,23.0,0.9965335841694538,0.92630877163639,53.0,31.0,3.0,8.0,0.9667309546769528,0.760704798380945,
tokyo1,MLP,IQR Capping,1.0,5.28125,0.234375,1.362563133239746,0.1983499526977539,0.3759958235163116,542.0,284.0,27.0,10.0,0.9943030896127499,0.9067251131789793,59.0,31.0,4.0,2.0,0.9911007025761125,0.8643383076541085,
tokyo1,MLP,IQR Capping,2.0,6.109375,0.1875,1.3621578216552734,0.1983499526977539,0.36305667973207645,543.0,285.0,26.0,9.0,0.9951884989980894,0.9118176158321016,59.0,29.0,6.0,2.0,0.9822014051522249,0.8191376992166521,
tokyo1,MLP,IQR Capping,3.0,5.953125,0.234375,1.3619260787963867,0.1983499526977539,0.5183076292345572,535.0,294.0,17.0,17.0,0.9947108439349457,0.9145405191295027,57.0,33.0,2.0,4.0,0.985480093676815,0.8675848703740787,
tokyo1,MLP,IQR Capping,4.0,6.203125,0.265625,1.3621892929077148,0.1983499526977539,0.4342141148470185,541.0,291.0,20.0,11.0,0.9952525746772916,0.9218246023431074,57.0,30.0,5.0,4.0,0.9798594847775176,0.7966223039091501,
tokyo1,MLP,IQR Capping,5.0,6.484375,0.1875,1.3575420379638672,0.195281982421875,0.5336644774734612,532.0,299.0,12.0,20.0,0.995835080851857,0.9202006642765609,53.0,29.0,6.0,8.0,0.9494145199063232,0.6897137597367876,
tokyo1,MLP,IQR Capping,6.0,6.3125,0.28125,1.3622207641601562,0.1983499526977539,0.7000242584005616,522.0,307.0,4.0,30.0,0.9953050002330024,0.9179647323080936,55.0,34.0,1.0,6.0,0.9836065573770492,0.852359800696136,
tokyo1,MLP,IQR Capping,7.0,6.21875,0.28125,1.3624858856201172,0.1983499526977539,0.2764644070237414,546.0,280.0,32.0,5.0,0.9946775094234259,0.9075205535568767,61.0,29.0,5.0,1.0,0.99146110056926,0.8634370542558771,
tokyo1,MLP,IQR Capping,8.0,6.21875,0.1875,1.3625965118408203,0.1983499526977539,0.40932244505403526,542.0,293.0,19.0,9.0,0.9959863185815999,0.9295248706718682,59.0,29.0,5.0,3.0,0.9625237191650854,0.8162544623146492,
tokyo1,MLP,IQR Capping,9.0,6.296875,0.28125,1.3623542785644531,0.1983499526977539,0.6585004186570498,520.0,306.0,6.0,31.0,0.9943226767183211,0.9104495692346078,58.0,31.0,3.0,4.0,0.9838709677419355,0.8418742217643445,
tokyo1,MLP,IQR Capping,10.0,6.296875,0.1875,1.3631610870361328,0.1983499526977539,0.4004901997165574,544.0,286.0,26.0,8.0,0.9955755295429208,0.914589071935533,57.0,31.0,3.0,4.0,0.9672131147540983,0.8409362955348144,
tokyo1,MLP,IQR Removal,1.0,5.40625,0.0,1.3021488189697266,0.1972503662109375,0.5121104001963621,537.0,296.0,15.0,15.0,0.9960972086304116,0.9245945757025024,59.0,31.0,4.0,2.0,0.9892271662763464,0.8643383076541085,
tokyo1,MLP,IQR Removal,2.0,5.34375,0.0,1.3002862930297852,0.1972503662109375,0.5563120159898217,533.0,300.0,11.0,19.0,0.9963302111002376,0.92520062129466,60.0,29.0,6.0,1.0,0.97423887587822,0.8433688540952347,
tokyo1,MLP,IQR Removal,3.0,5.40625,0.0,1.2995367050170898,0.1972503662109375,0.5235141237600622,538.0,297.0,14.0,14.0,0.9961321590008856,0.9296216039890024,57.0,33.0,2.0,4.0,0.9882903981264638,0.8675848703740787,
tokyo1,MLP,IQR Removal,4.0,5.25,0.078125,1.300349235534668,0.1972503662109375,0.573964915031726,536.0,303.0,8.0,16.0,0.9968544666573466,0.940200492348958,56.0,32.0,3.0,5.0,0.9733021077283373,0.8231170927147559,
tokyo1,MLP,IQR Removal,5.0,5.0625,0.0,1.287637710571289,0.1941823959350586,0.5040406538273182,541.0,300.0,11.0,11.0,0.9976117246842816,0.9447026888485018,54.0,27.0,8.0,7.0,0.9409836065573772,0.6608665503435672,
tokyo1,MLP,IQR Removal,6.0,5.3125,0.0,1.2999839782714844,0.1972503662109375,0.695980313556038,524.0,309.0,2.0,28.0,0.996493312829116,0.9278589904167012,55.0,35.0,0.0,6.0,0.9817330210772834,0.8773209920837068,
tokyo1,MLP,IQR Removal,7.0,5.65625,0.03125,1.2997961044311523,0.1972503662109375,0.6046108602450743,527.0,304.0,8.0,24.0,0.9958118106938434,0.9212903042550626,58.0,33.0,1.0,4.0,0.9928842504743832,0.8903713891971934,
tokyo1,MLP,IQR Removal,8.0,5.8125,0.0,1.300236701965332,0.1972503662109375,0.4270820841906894,545.0,296.0,16.0,6.0,0.9973067615989576,0.944695166572328,58.0,30.0,4.0,4.0,0.956831119544592,0.8178368121442126,
tokyo1,MLP,IQR Removal,9.0,5.4375,0.0,1.3002300262451172,0.1972503662109375,0.5455033125385352,528.0,305.0,7.0,23.0,0.9960270370887432,0.9262590169623676,58.0,31.0,3.0,4.0,0.9843453510436432,0.8418742217643445,
tokyo1,MLP,IQR Removal,10.0,5.34375,0.0,1.3004274368286133,0.1972503662109375,0.6251696551017334,529.0,305.0,7.0,23.0,0.9965335841694538,0.92630877163639,53.0,31.0,3.0,8.0,0.9667309546769528,0.760704798380945,
tokyo1,MLP,PCA,1.0,4.671875,0.0,0.9641904830932616,0.1219329833984375,0.5388652956383395,533.0,292.0,19.0,19.0,0.9931846777575842,0.9044864625565032,59.0,31.0,4.0,2.0,0.9882903981264636,0.8643383076541085,
tokyo1,MLP,PCA,2.0,4.40625,0.0,0.9639339447021484,0.1219329833984375,0.4578344903368674,536.0,286.0,25.0,16.0,0.9927128477561862,0.8965231084329451,60.0,31.0,4.0,1.0,0.9775175644028102,0.8875933832851178,
tokyo1,MLP,PCA,3.0,4.484375,0.0,0.9641933441162108,0.1219329833984375,0.5388325111753004,528.0,295.0,16.0,24.0,0.993138077263619,0.9002008362041637,57.0,33.0,2.0,4.0,0.9887587822014052,0.8675848703740787,
tokyo1,MLP,PCA,4.0,4.59375,0.09375,0.9640111923217772,0.1219329833984375,0.4420223932052369,539.0,289.0,22.0,13.0,0.9938254345496064,0.9117040047790425,58.0,29.0,6.0,3.0,0.9817330210772832,0.7957733781176919,
tokyo1,MLP,PCA,5.0,4.5,0.0,0.9519853591918944,0.1188650131225586,0.4035461707823252,542.0,292.0,19.0,10.0,0.995835080851857,0.9268849011251398,55.0,26.0,9.0,6.0,0.9414519906323184,0.6580433703665529,
tokyo1,MLP,PCA,6.0,4.40625,0.0,0.9639778137207032,0.1219329833984375,0.5500250767209532,528.0,295.0,16.0,24.0,0.992986625658232,0.9002008362041637,54.0,34.0,1.0,7.0,0.9892271662763468,0.8335688802707012,
tokyo1,MLP,PCA,7.0,4.484375,0.03125,0.9641513824462892,0.1219329833984375,0.6349541758604773,524.0,301.0,11.0,27.0,0.9929324305458608,0.9063841661331477,59.0,33.0,1.0,3.0,0.9924098671726757,0.9110329437884952,
tokyo1,MLP,PCA,8.0,4.875,0.09375,0.9645013809204102,0.1219329833984375,0.6063031649387459,525.0,302.0,10.0,26.0,0.9947938480152636,0.9113528788404528,56.0,31.0,3.0,6.0,0.9587286527514232,0.8008680872464807,
tokyo1,MLP,PCA,9.0,4.484375,0.09375,0.963796615600586,0.1219329833984375,0.6256308548477121,524.0,301.0,11.0,27.0,0.993415235701987,0.9063841661331477,58.0,31.0,3.0,4.0,0.98719165085389,0.8418742217643445,
tokyo1,MLP,PCA,10.0,4.5,0.0,0.9644536972045898,0.1219329833984375,0.4964472264653525,528.0,296.0,16.0,24.0,0.9938510312151616,0.9004010298518831,55.0,31.0,3.0,6.0,0.967695274831244,0.7996424622157007,
tokyo1,MLP,Quantile Binning,1.0,4.734375,0.0,1.2773675918579102,0.200326919555664,0.481235583464586,533.0,300.0,11.0,19.0,0.9951593736893612,0.92520062129466,57.0,34.0,1.0,4.0,0.9850117096018736,0.8915623801916542,
tokyo1,MLP,Quantile Binning,2.0,4.59375,0.046875,1.2769365310668943,0.200326919555664,0.5345294338541832,528.0,304.0,7.0,24.0,0.9954331515914068,0.9238238439467444,58.0,31.0,4.0,3.0,0.9826697892271662,0.8418742217643445,
tokyo1,MLP,Quantile Binning,3.0,4.765625,0.09375,1.2774019241333008,0.200326919555664,0.5504671336855161,533.0,300.0,11.0,19.0,0.994739969243674,0.92520062129466,55.0,33.0,2.0,6.0,0.9822014051522248,0.8276125270627088,
tokyo1,MLP,Quantile Binning,4.0,5.046875,0.0,1.2774686813354492,0.200326919555664,0.4835852186115181,539.0,298.0,13.0,13.0,0.9958875064075678,0.934648632275502,59.0,30.0,5.0,2.0,0.9798594847775176,0.8416833807014049,
tokyo1,MLP,Quantile Binning,5.0,4.953125,0.0,1.265812873840332,0.1972589492797851,0.5446210828494153,535.0,302.0,9.0,17.0,0.9962719604827812,0.9352005353308588,55.0,30.0,5.0,6.0,0.9540983606557376,0.7543783209066021,
tokyo1,MLP,Quantile Binning,6.0,5.15625,0.0,1.276881217956543,0.200326919555664,0.363751933741537,533.0,300.0,11.0,19.0,0.995532177641083,0.92520062129466,57.0,34.0,1.0,4.0,0.9831381733021076,0.8915623801916542,
tokyo1,MLP,Quantile Binning,7.0,4.984375,0.0,1.2772254943847656,0.200326919555664,0.4981021404287453,532.0,300.0,12.0,19.0,0.994822932663223,0.922707679003664,60.0,31.0,3.0,2.0,0.99146110056926,0.8856195232263474,
tokyo1,MLP,Quantile Binning,8.0,4.953125,0.09375,1.276686668395996,0.200326919555664,0.6866764605247397,524.0,310.0,2.0,27.0,0.9962131788356832,0.9302242676188294,58.0,30.0,4.0,4.0,0.9667931688804554,0.8178368121442126,
tokyo1,MLP,Quantile Binning,9.0,4.6875,0.0,1.2770462036132812,0.200326919555664,0.4865705089770303,531.0,299.0,13.0,20.0,0.9943575782958722,0.9177112133322778,61.0,31.0,3.0,1.0,0.9881404174573056,0.9086606278597036,
tokyo1,MLP,Quantile Binning,10.0,4.953125,0.0,1.2778196334838867,0.200326919555664,0.4662480071040604,540.0,299.0,13.0,12.0,0.9956684318097362,0.9372501985001552,54.0,29.0,5.0,7.0,0.9643201542912246,0.7294466908913291,
tokyo1,MLP,Quantile Transform,1.0,5.34375,0.046875,1.5286188125610352,0.4475431442260742,0.5691518559094229,539.0,306.0,5.0,13.0,0.9979845286360036,0.9552003634032558,57.0,33.0,2.0,4.0,0.986416861826698,0.8675848703740787,
tokyo1,MLP,Quantile Transform,2.0,5.15625,0.09375,1.5214948654174805,0.4475431442260742,0.5692538079093555,538.0,305.0,6.0,14.0,0.9978622023393448,0.9502004063851563,59.0,32.0,3.0,2.0,0.9850117096018736,0.8871261396195388,
tokyo1,MLP,Quantile Transform,3.0,5.328125,0.09375,1.5222721099853516,0.4475431442260742,0.495738009475335,544.0,303.0,8.0,8.0,0.9982175311058296,0.9597837737080012,56.0,32.0,3.0,5.0,0.9789227166276346,0.8231170927147559,
tokyo1,MLP,Quantile Transform,4.0,5.25,0.09375,1.5227842330932615,0.4475431442260742,0.5477086751597717,538.0,305.0,6.0,14.0,0.9980544293769512,0.9502004063851563,56.0,30.0,5.0,5.0,0.976112412177986,0.775175644028103,
tokyo1,MLP,Quantile Transform,5.0,5.0625,0.078125,1.514796257019043,0.4444751739501953,0.5754683198107502,539.0,306.0,5.0,13.0,0.9984097581434364,0.9552003634032558,54.0,32.0,3.0,7.0,0.951288056206089,0.7835466354387377,
tokyo1,MLP,Quantile Transform,6.0,5.4375,0.015625,1.526597023010254,0.4475431442260742,0.4437528798522915,542.0,301.0,10.0,10.0,0.9977631762896688,0.9497297171350016,58.0,35.0,0.0,3.0,0.9882903981264636,0.9358178034069587,
tokyo1,MLP,Quantile Transform,7.0,5.625,0.09375,1.5282917022705078,0.4475431442260742,0.4267616360910513,541.0,301.0,11.0,10.0,0.9978302852622272,0.9472562150775392,59.0,32.0,2.0,3.0,0.9862428842504743,0.8871261396195388,
tokyo1,MLP,Quantile Transform,8.0,5.328125,0.0625,1.5239028930664062,0.4475431442260742,0.5916789003671645,533.0,310.0,2.0,18.0,0.9980571455163106,0.9511025804988928,59.0,30.0,4.0,3.0,0.9549335863377608,0.8397622016353391,
tokyo1,MLP,Quantile Transform,9.0,5.4375,0.09375,1.5223112106323242,0.4475431442260742,0.3963710179119279,541.0,301.0,11.0,10.0,0.9977139466703896,0.9472562150775392,61.0,31.0,3.0,1.0,0.9876660341555976,0.9086606278597036,
tokyo1,MLP,Quantile Transform,10.0,4.96875,0.09375,1.5261201858520508,0.4478330612182617,0.5116755907471686,543.0,302.0,10.0,9.0,0.9982813080639168,0.9523109069420564,59.0,28.0,6.0,2.0,0.9672131147540984,0.8154966218518089,
tokyo1,MLP,Random Undersampling,1.0,3.75,0.03125,1.182392120361328,0.2020759582519531,0.3577854041930494,531.0,290.0,21.0,21.0,0.9904760240458548,0.8944324059835034,57.0,31.0,4.0,4.0,0.9831381733021078,0.8201405152224824,
tokyo1,MLP,Random Undersampling,2.0,4.234375,0.0,1.1827363967895508,0.2020673751831054,0.3017051094592617,534.0,284.0,27.0,18.0,0.990487674169346,0.8864025108688803,59.0,29.0,6.0,2.0,0.9756440281030446,0.8191376992166521,
tokyo1,MLP,Random Undersampling,3.0,4.0625,0.09375,1.182072639465332,0.2020673751831054,0.5904239155582043,520.0,305.0,6.0,32.0,0.9894624633021112,0.908070474199486,57.0,34.0,1.0,4.0,0.9953161592505856,0.8915623801916542,
tokyo1,MLP,Random Undersampling,4.0,3.953125,0.09375,1.1830072402954102,0.2020673751831054,0.379561509541474,533.0,292.0,19.0,19.0,0.9922526678782796,0.9044864625565032,59.0,29.0,6.0,2.0,0.9798594847775176,0.8191376992166521,
tokyo1,MLP,Random Undersampling,5.0,3.84375,0.0,1.172734260559082,0.1990079879760742,0.4810512088115297,532.0,299.0,12.0,20.0,0.9947690945524024,0.9202006642765608,54.0,28.0,7.0,7.0,0.94519906323185,0.6852459016393443,
tokyo1,MLP,Random Undersampling,6.0,3.9375,0.0,1.1823005676269531,0.2020759582519531,0.3374675707470102,534.0,293.0,18.0,18.0,0.9904468987371268,0.9095134908430028,56.0,33.0,2.0,5.0,0.9859484777517564,0.8473069569763498,
tokyo1,MLP,Random Undersampling,7.0,3.9375,0.015625,1.1841344833374023,0.2020931243896484,0.5989182169450399,512.0,306.0,6.0,39.0,0.9916352552468706,0.8925133711204576,57.0,32.0,2.0,5.0,0.9900379506641366,0.845619738221837,
tokyo1,MLP,Random Undersampling,8.0,3.546875,0.0,1.1802492141723633,0.2017765045166015,0.5164751444116027,519.0,305.0,7.0,32.0,0.9929382474754526,0.9055058946385524,57.0,32.0,2.0,5.0,0.9615749525616698,0.845619738221837,
tokyo1,MLP,Random Undersampling,9.0,3.75,0.0,1.1831092834472656,0.2020845413208007,0.421339779863817,529.0,297.0,15.0,22.0,0.9916876076131976,0.9077182819895054,58.0,31.0,3.0,4.0,0.9848197343453512,0.8418742217643445,
tokyo1,MLP,Random Undersampling,10.0,3.9375,0.015625,1.1836395263671875,0.2020931243896484,0.4811811177297312,517.0,302.0,10.0,35.0,0.9923297565960608,0.8907498480268885,55.0,31.0,3.0,6.0,0.9609450337512054,0.7996424622157007,
tokyo1,MLP,SMOTE / SMOTENC,1.0,6.65625,0.078125,3.880208015441896,0.3486909866333008,0.2975153051576469,548.0,290.0,21.0,4.0,0.9966156391257748,0.9372801290977129,59.0,30.0,5.0,2.0,0.9878220140515224,0.8416833807014049,
tokyo1,MLP,SMOTE / SMOTENC,2.0,6.421875,0.0,3.880626678466797,0.3487482070922851,0.4841643679062741,533.0,300.0,11.0,19.0,0.9965632135700638,0.92520062129466,60.0,29.0,6.0,1.0,0.9718969555035128,0.8433688540952347,
tokyo1,MLP,SMOTE / SMOTENC,3.0,6.71875,0.0,3.879349708557129,0.3487710952758789,0.4794159237615974,534.0,301.0,10.0,18.0,0.9962311850505616,0.9302005783127594,57.0,34.0,1.0,4.0,0.9878220140515224,0.8915623801916542,
tokyo1,MLP,SMOTE / SMOTENC,4.0,6.734375,0.0,3.880813598632813,0.3487367630004883,0.4008753667853481,542.0,301.0,10.0,10.0,0.9969418425835314,0.9497297171350016,55.0,28.0,7.0,6.0,0.97423887587822,0.7061184681987616,
tokyo1,MLP,SMOTE / SMOTENC,5.0,6.453125,0.03125,3.879606246948242,0.3456764221191406,0.3867736614582875,540.0,299.0,12.0,12.0,0.9975359988815882,0.939675660562002,54.0,28.0,7.0,7.0,0.9381733021077284,0.6852459016393443,
tokyo1,MLP,SMOTE / SMOTENC,6.0,6.765625,0.0625,3.878750801086426,0.3487024307250976,0.5363203927431446,534.0,301.0,10.0,18.0,0.9967670907311618,0.9302005783127594,55.0,33.0,2.0,6.0,0.9822014051522248,0.8276125270627088,
tokyo1,MLP,SMOTE / SMOTENC,7.0,6.9375,0.09375,3.874349594116211,0.3492193222045898,0.5817819169491404,528.0,305.0,7.0,23.0,0.9961259248918052,0.9262590169623676,58.0,33.0,1.0,4.0,0.9947817836812144,0.8903713891971934,
tokyo1,MLP,SMOTE / SMOTENC,8.0,6.640625,0.09375,3.875598907470703,0.3492422103881836,0.4785827480635042,535.0,303.0,9.0,16.0,0.9974521848387548,0.9376970760178226,58.0,30.0,4.0,4.0,0.9454459203036052,0.8178368121442126,
tokyo1,MLP,SMOTE / SMOTENC,9.0,6.40625,0.0,3.8733177185058594,0.3491849899291992,0.4446924235913398,533.0,301.0,11.0,18.0,0.9964400390897667,0.9277041446750502,58.0,31.0,3.0,4.0,0.97865275142315,0.8418742217643445,
tokyo1,MLP,SMOTE / SMOTENC,10.0,6.5,0.0,3.880180358886719,0.3491983413696289,0.6380547913879341,525.0,310.0,2.0,27.0,0.9968529357116314,0.9302716406985484,53.0,32.0,2.0,8.0,0.9648023143683704,0.7864906523561068,
tokyo1,MLP,Select Percentile (Mutual Info),1.0,5.28125,0.0,2.014357566833496,0.1092538833618164,0.4619197554368635,541.0,283.0,28.0,11.0,0.9928992497320472,0.9016326105258572,59.0,32.0,3.0,2.0,0.9929742388758782,0.8871261396195388,
tokyo1,MLP,Select Percentile (Mutual Info),2.0,5.265625,0.09375,2.014843940734864,0.1092538833618164,0.5471865932762138,534.0,293.0,18.0,18.0,0.9932254531898038,0.9095134908430028,60.0,30.0,5.0,1.0,0.9728337236533958,0.8654221130629138,
tokyo1,MLP,Select Percentile (Mutual Info),3.0,5.3125,0.0,2.015589714050293,0.1092538833618164,0.4405192291867112,542.0,284.0,27.0,10.0,0.993173027634093,0.9067251131789792,59.0,31.0,4.0,2.0,0.989695550351288,0.8643383076541085,
tokyo1,MLP,Select Percentile (Mutual Info),4.0,5.40625,0.078125,2.015286445617676,0.1092538833618164,0.4645506010784549,541.0,291.0,20.0,11.0,0.9939419357845194,0.9218246023431074,58.0,28.0,7.0,3.0,0.9756440281030444,0.7728532853703904,
tokyo1,MLP,Select Percentile (Mutual Info),5.0,5.671875,0.0,1.9820318222045896,0.1061782836914062,0.6344241624961263,527.0,303.0,8.0,25.0,0.9953516007269676,0.9188516592854784,54.0,28.0,7.0,7.0,0.955503512880562,0.6852459016393443,
tokyo1,MLP,Select Percentile (Mutual Info),6.0,5.4375,0.03125,2.014659881591797,0.1092538833618164,0.5404352189681657,528.0,295.0,16.0,24.0,0.9929400251642668,0.9002008362041637,58.0,34.0,1.0,3.0,0.9925058548009368,0.9120526480334016,
tokyo1,MLP,Select Percentile (Mutual Info),7.0,5.734375,0.0,2.015019416809082,0.1092538833618164,0.4040884134526019,541.0,284.0,28.0,10.0,0.992717204150961,0.9043583073653704,61.0,31.0,3.0,1.0,0.9924098671726757,0.9086606278597036,
tokyo1,MLP,Select Percentile (Mutual Info),8.0,5.453125,0.03125,2.0155935287475586,0.1092538833618164,0.461555308633534,538.0,289.0,23.0,13.0,0.9938980408581136,0.9092978094712548,58.0,30.0,4.0,4.0,0.9701138519924098,0.8178368121442126,
tokyo1,MLP,Select Percentile (Mutual Info),9.0,5.3125,0.0,2.01496696472168,0.1092538833618164,0.4248559333186262,538.0,289.0,23.0,13.0,0.9931127553632092,0.9092978094712548,59.0,31.0,3.0,3.0,0.982447817836812,0.8633776091081594,
tokyo1,MLP,Select Percentile (Mutual Info),10.0,5.4375,0.015625,2.0170440673828125,0.1092519760131836,0.4501432262794932,539.0,290.0,22.0,13.0,0.9940019973987364,0.9118886852474696,57.0,31.0,3.0,4.0,0.9672131147540984,0.8409362955348144,
tokyo1,MLP,Uniform Binning,1.0,4.5625,0.0,1.2797365188598633,0.2003860473632812,0.5212988236361481,540.0,299.0,12.0,12.0,0.9965690386318096,0.939675660562002,58.0,32.0,3.0,3.0,0.9850117096018736,0.8651053864168619,
tokyo1,MLP,Uniform Binning,2.0,4.765625,0.0,1.2795610427856443,0.2003860473632812,0.719150951859332,528.0,304.0,7.0,24.0,0.9962224474579432,0.9238238439467444,60.0,31.0,4.0,1.0,0.956440281030445,0.8875933832851178,
tokyo1,MLP,Uniform Binning,3.0,4.671875,0.046875,1.2797632217407229,0.2003860473632812,0.7021433371057034,529.0,305.0,6.0,23.0,0.9964379747425324,0.9287960286080104,56.0,34.0,1.0,5.0,0.989695550351288,0.8716784186866801,
tokyo1,MLP,Uniform Binning,4.0,5.046875,0.0,1.2798995971679688,0.2003860473632812,0.658214309213747,534.0,301.0,10.0,18.0,0.9963535113472204,0.9302005783127594,56.0,29.0,6.0,5.0,0.9784543325526932,0.7513703860539558,
tokyo1,MLP,Uniform Binning,5.0,4.78125,0.0,1.267923355102539,0.1973180770874023,0.4782044120557029,546.0,296.0,15.0,6.0,0.9975476490050796,0.9471260962532696,54.0,29.0,6.0,7.0,0.9344262295081968,0.7096744204084331,
tokyo1,MLP,Uniform Binning,6.0,4.90625,0.0,1.2799034118652344,0.2003860473632812,0.5712294065965228,536.0,303.0,8.0,16.0,0.996612726594902,0.940200492348958,57.0,33.0,2.0,4.0,0.9873536299765808,0.8675848703740787,
tokyo1,MLP,Uniform Binning,7.0,4.65625,0.0,1.2800397872924805,0.2003860473632812,0.5600069821239027,533.0,301.0,11.0,18.0,0.9960619386662944,0.9277041446750502,58.0,30.0,4.0,4.0,0.9867172675521824,0.8178368121442126,
tokyo1,MLP,Uniform Binning,8.0,4.6875,0.015625,1.2796049118041992,0.2003860473632812,0.5142793135183622,535.0,303.0,9.0,16.0,0.9969897389362,0.9376970760178226,57.0,31.0,3.0,5.0,0.9520872865275142,0.8210543814390143,
tokyo1,MLP,Uniform Binning,9.0,4.96875,0.09375,1.279749870300293,0.2003860473632812,0.4954803420590886,539.0,299.0,13.0,12.0,0.9961637349341524,0.9372091790043642,60.0,30.0,4.0,2.0,0.9701138519924098,0.8624575450871764,
tokyo1,MLP,Uniform Binning,10.0,4.859375,0.0625,1.2807540893554688,0.2003860473632812,0.5870366942429723,536.0,304.0,8.0,16.0,0.9972622863247864,0.9403202873330012,52.0,30.0,4.0,9.0,0.9657666345226614,0.7160680128057814,
tokyo1,MLP,Yeo-Johnson,1.0,5.59375,0.09375,1.2747716903686523,0.1974830627441406,0.3099185249124175,547.0,280.0,31.0,5.0,0.9943788154154434,0.9098494578236128,59.0,31.0,4.0,2.0,0.9892271662763464,0.8643383076541085,
tokyo1,MLP,Yeo-Johnson,2.0,5.609375,0.015625,1.2741804122924805,0.1974830627441406,0.3976052046239456,543.0,285.0,26.0,9.0,0.994402115662426,0.9118176158321016,59.0,29.0,6.0,2.0,0.9798594847775176,0.8191376992166521,
tokyo1,MLP,Yeo-Johnson,3.0,5.8125,0.0,1.274012565612793,0.1974830627441406,0.6000490028388721,525.0,301.0,10.0,27.0,0.993930285661028,0.9089072899629465,56.0,33.0,2.0,5.0,0.981264637002342,0.8473069569763498,
tokyo1,MLP,Yeo-Johnson,4.0,5.65625,0.09375,1.2740659713745115,0.1974830627441406,0.4229889260048196,540.0,290.0,21.0,12.0,0.9949147210960436,0.916764303561075,57.0,29.0,6.0,4.0,0.976112412177986,0.7732054383133128,
tokyo1,MLP,Yeo-Johnson,5.0,5.890625,0.0625,1.261815071105957,0.1944150924682617,0.3469653242882936,544.0,286.0,25.0,8.0,0.9953923761591872,0.916910118485224,54.0,27.0,8.0,7.0,0.946135831381733,0.6608665503435672,
tokyo1,MLP,Yeo-Johnson,6.0,5.78125,0.0,1.2741050720214844,0.1974830627441406,0.5606751069876756,527.0,303.0,8.0,25.0,0.9947050188732002,0.9188516592854784,55.0,34.0,1.0,6.0,0.986416861826698,0.852359800696136,
tokyo1,MLP,Yeo-Johnson,7.0,5.953125,0.0,1.2736263275146484,0.1974830627441406,0.5817044530289806,525.0,302.0,10.0,26.0,0.9940318302387268,0.9113528788404528,59.0,32.0,2.0,3.0,0.9895635673624288,0.8871261396195388,
tokyo1,MLP,Yeo-Johnson,8.0,6.078125,0.0,1.2735834121704102,0.1974830627441406,0.4357660202245526,536.0,296.0,16.0,15.0,0.9955384150030248,0.9221386248946016,59.0,29.0,5.0,3.0,0.9634724857685008,0.8162544623146492,
tokyo1,MLP,Yeo-Johnson,9.0,5.5,0.0,1.2742719650268557,0.1974830627441406,0.6843382165396482,515.0,309.0,3.0,36.0,0.9941656196193402,0.9072841884271916,58.0,31.0,3.0,4.0,0.9848197343453512,0.8418742217643445,
tokyo1,MLP,Yeo-Johnson,10.0,5.59375,0.0625,1.2740297317504885,0.1974830627441406,0.4560541647144586,534.0,293.0,19.0,18.0,0.9948148922333704,0.9071287816163532,57.0,31.0,3.0,4.0,0.967695274831244,0.8409362955348144,
tokyo1,RandomForest,Baseline,1.0,0.734375,0.0,0.8421010971069336,0.6697454452514648,0.4639999999999986,552.0,311.0,0.0,0.0,1.0,1.0,58.0,31.0,4.0,3.0,0.9814988290398128,0.8418742217643445,
tokyo1,RandomForest,Baseline,2.0,0.734375,0.015625,0.8367414474487305,0.6868352890014648,0.4439999999999986,552.0,311.0,0.0,0.0,1.0,1.0,60.0,30.0,5.0,1.0,0.988056206088993,0.8654221130629138,
tokyo1,RandomForest,Baseline,3.0,0.734375,0.015625,0.8329143524169922,0.6805791854858398,0.4371999999999985,552.0,311.0,0.0,0.0,1.0,1.0,59.0,33.0,2.0,2.0,0.9920374707259952,0.9100702576112412,
tokyo1,RandomForest,Baseline,4.0,0.734375,0.0,0.839503288269043,0.6645574569702148,0.4639999999999986,552.0,311.0,0.0,0.0,1.0,1.0,57.0,28.0,7.0,4.0,0.976814988290398,0.7498633755339789,
tokyo1,RandomForest,Baseline,5.0,0.734375,0.015625,0.8309535980224609,0.6236391067504883,0.4883999999999991,552.0,311.0,0.0,0.0,1.0,1.0,56.0,30.0,5.0,5.0,0.9524590163934424,0.775175644028103,
tokyo1,RandomForest,Baseline,6.0,0.75,0.0,0.8370018005371094,0.6880559921264648,0.4099999999999983,552.0,311.0,0.0,0.0,1.0,1.0,58.0,34.0,1.0,3.0,0.994847775175644,0.9120526480334016,
tokyo1,RandomForest,Baseline,7.0,0.75,0.015625,0.8384571075439453,0.6924810409545898,0.35,551.0,310.0,2.0,0.0,1.0,0.9949855730759124,62.0,29.0,5.0,0.0,0.9895635673624288,0.8884192984555803,
tokyo1,RandomForest,Baseline,8.0,0.734375,0.015625,0.8361682891845703,0.6605901718139648,0.4031999999999999,551.0,311.0,1.0,0.0,1.0,0.997491395443414,60.0,27.0,7.0,2.0,0.976280834914611,0.7935491620242836,
tokyo1,RandomForest,Baseline,9.0,0.71875,0.015625,0.8392333984375,0.6770696640014648,0.3927999999999997,551.0,311.0,1.0,0.0,1.0,0.997491395443414,61.0,31.0,3.0,1.0,0.9881404174573056,0.9086606278597036,
tokyo1,RandomForest,Baseline,10.0,0.75,0.0,0.8407220840454102,0.6598272323608398,0.4172000000000003,552.0,311.0,1.0,0.0,1.0,0.9974930322677592,59.0,31.0,3.0,2.0,0.9710703953712632,0.8849718937333941,
tokyo1,RandomForest,IQR Capping,1.0,1.59375,0.03125,1.361618995666504,0.6985254287719727,0.45719999999999855,552.0,311.0,0.0,0.0,1.0,1.0,58.0,31.0,4.0,3.0,0.9803278688524589,0.8418742217643445,
tokyo1,RandomForest,IQR Capping,2.0,0.859375,0.03125,1.3597278594970703,0.6982202529907227,0.4475999999999988,552.0,311.0,0.0,0.0,1.0,1.0,60.0,29.0,6.0,1.0,0.9878220140515221,0.8433688540952347,
tokyo1,RandomForest,IQR Capping,3.0,0.84375,0.03125,1.3594608306884766,0.7006702423095703,0.44039999999999846,552.0,311.0,0.0,0.0,1.0,1.0,59.0,33.0,2.0,2.0,0.9927400468384076,0.9100702576112412,
tokyo1,RandomForest,IQR Capping,4.0,0.859375,0.03125,1.3588762283325195,0.6745691299438477,0.47759999999999875,552.0,311.0,0.0,0.0,1.0,1.0,59.0,28.0,7.0,2.0,0.9817330210772833,0.7966771528304466,
tokyo1,RandomForest,IQR Capping,5.0,0.859375,0.03125,1.354745864868164,0.6379232406616211,0.484799999999999,552.0,311.0,0.0,0.0,1.0,1.0,56.0,29.0,6.0,5.0,0.9491803278688524,0.7513703860539558,
tokyo1,RandomForest,IQR Capping,6.0,0.875,0.046875,1.3596735000610352,0.6998987197875977,0.4167999999999984,552.0,311.0,0.0,0.0,1.0,1.0,58.0,34.0,1.0,3.0,0.9943793911007025,0.9120526480334015,
tokyo1,RandomForest,IQR Capping,7.0,0.875,0.03125,1.3591527938842773,0.7124109268188477,0.35,551.0,309.0,3.0,0.0,1.0,0.9924825045306845,61.0,29.0,5.0,1.0,0.9898007590132827,0.8634370542558771,
tokyo1,RandomForest,IQR Capping,8.0,0.875,0.03125,1.359731674194336,0.6715173721313477,0.40319999999999995,551.0,311.0,1.0,0.0,1.0,0.9974913954434139,60.0,27.0,7.0,2.0,0.9760436432637571,0.7935491620242836,
tokyo1,RandomForest,IQR Capping,9.0,0.859375,0.046875,1.3590059280395508,0.6950159072875977,0.3995999999999998,551.0,311.0,1.0,0.0,1.0,0.9974913954434139,61.0,31.0,3.0,1.0,0.9855313092979127,0.9086606278597037,
tokyo1,RandomForest,IQR Capping,10.0,0.84375,0.03125,1.3604164123535156,0.6753320693969727,0.3912000000000006,552.0,311.0,1.0,0.0,1.0,0.9974930322677593,58.0,31.0,3.0,3.0,0.9732401157184185,0.8625843780135005,
tokyo1,RandomForest,IQR Removal,1.0,0.8125,0.015625,0.8731060028076172,0.6699600219726562,0.4639999999999986,552.0,311.0,0.0,0.0,1.0,1.0,58.0,31.0,4.0,3.0,0.9814988290398128,0.8418742217643445,
tokyo1,RandomForest,IQR Removal,2.0,0.8125,0.0,0.866673469543457,0.6870498657226562,0.4439999999999986,552.0,311.0,0.0,0.0,1.0,1.0,60.0,30.0,5.0,1.0,0.988056206088993,0.8654221130629138,
tokyo1,RandomForest,IQR Removal,3.0,0.796875,0.0,0.868617057800293,0.6807937622070312,0.4371999999999985,552.0,311.0,0.0,0.0,1.0,1.0,59.0,33.0,2.0,2.0,0.9920374707259952,0.9100702576112412,
tokyo1,RandomForest,IQR Removal,4.0,0.796875,0.015625,0.8642215728759766,0.6647720336914062,0.4639999999999986,552.0,311.0,0.0,0.0,1.0,1.0,57.0,28.0,7.0,4.0,0.976814988290398,0.7498633755339789,
tokyo1,RandomForest,IQR Removal,5.0,0.796875,0.015625,0.8689250946044922,0.6238536834716797,0.4883999999999991,552.0,311.0,0.0,0.0,1.0,1.0,56.0,30.0,5.0,5.0,0.9524590163934424,0.775175644028103,
tokyo1,RandomForest,IQR Removal,6.0,0.828125,0.0,0.8650417327880859,0.6882705688476562,0.4099999999999983,552.0,311.0,0.0,0.0,1.0,1.0,58.0,34.0,1.0,3.0,0.994847775175644,0.9120526480334016,
tokyo1,RandomForest,IQR Removal,7.0,0.8125,0.0,0.8688211441040039,0.6926956176757812,0.35,551.0,310.0,2.0,0.0,1.0,0.9949855730759124,62.0,29.0,5.0,0.0,0.9895635673624288,0.8884192984555803,
tokyo1,RandomForest,IQR Removal,8.0,0.828125,0.0,0.86590576171875,0.6608047485351562,0.4031999999999999,551.0,311.0,1.0,0.0,1.0,0.997491395443414,60.0,27.0,7.0,2.0,0.976280834914611,0.7935491620242836,
tokyo1,RandomForest,IQR Removal,9.0,0.796875,0.015625,0.8691225051879883,0.6772842407226562,0.3927999999999997,551.0,311.0,1.0,0.0,1.0,0.997491395443414,61.0,31.0,3.0,1.0,0.9881404174573056,0.9086606278597036,
tokyo1,RandomForest,IQR Removal,10.0,0.8125,0.0,0.8687124252319336,0.6600418090820312,0.4172000000000003,552.0,311.0,1.0,0.0,1.0,0.9974930322677592,59.0,31.0,3.0,2.0,0.9710703953712632,0.8849718937333941,
tokyo1,RandomForest,PCA,1.0,1.671875,0.0,0.7136631011962891,1.0276031494140625,0.4703999999999985,552.0,311.0,0.0,0.0,1.0,1.0,58.0,31.0,4.0,3.0,0.976814988290398,0.8418742217643445,
tokyo1,RandomForest,PCA,2.0,1.828125,0.0,0.7137508392333984,1.0489740371704102,0.4535999999999984,552.0,311.0,0.0,0.0,1.0,1.0,60.0,31.0,4.0,1.0,0.9800936768149884,0.8875933832851178,
tokyo1,RandomForest,PCA,3.0,1.8125,0.09375,0.7135238647460938,1.0150909423828125,0.4335999999999984,552.0,311.0,0.0,0.0,1.0,1.0,59.0,33.0,2.0,2.0,0.9934426229508198,0.9100702576112412,
tokyo1,RandomForest,PCA,4.0,1.78125,0.03125,0.7137508392333984,1.0152435302734375,0.4739999999999986,552.0,311.0,0.0,0.0,1.0,1.0,56.0,30.0,5.0,5.0,0.9721311475409836,0.775175644028103,
tokyo1,RandomForest,PCA,5.0,1.8125,0.0,0.7136154174804688,0.9172573089599608,0.4675999999999987,552.0,311.0,0.0,0.0,1.0,1.0,55.0,28.0,7.0,6.0,0.9428571428571428,0.7061184681987616,
tokyo1,RandomForest,PCA,6.0,1.8125,0.09375,0.713226318359375,1.0341644287109375,0.4331999999999982,552.0,311.0,0.0,0.0,1.0,1.0,59.0,33.0,2.0,2.0,0.9927400468384074,0.9100702576112412,
tokyo1,RandomForest,PCA,7.0,1.828125,0.09375,0.7137069702148438,1.0385894775390625,0.3695999999999998,551.0,311.0,1.0,0.0,1.0,0.997491395443414,61.0,28.0,6.0,1.0,0.9886148007590132,0.840984230239932,
tokyo1,RandomForest,PCA,8.0,1.796875,0.09375,0.7137069702148438,0.9885406494140624,0.4027999999999997,551.0,311.0,1.0,0.0,1.0,0.997491395443414,58.0,29.0,5.0,4.0,0.9748576850094876,0.7939048800443309,
tokyo1,RandomForest,PCA,9.0,1.78125,0.09375,0.7136192321777344,1.0363006591796875,0.4059999999999997,551.0,311.0,1.0,0.0,1.0,0.997491395443414,60.0,31.0,3.0,2.0,0.9848197343453512,0.8856195232263474,
tokyo1,RandomForest,PCA,10.0,1.796875,0.0,0.7143459320068359,0.9772405624389648,0.3668,552.0,311.0,1.0,0.0,1.0,0.9974930322677592,57.0,30.0,4.0,4.0,0.9409353905496626,0.8167791706846673,
tokyo1,RandomForest,Quantile Binning,1.0,0.65625,0.0,0.8462915420532227,1.2033615112304688,0.4639999999999986,552.0,311.0,0.0,0.0,1.0,1.0,58.0,33.0,2.0,3.0,0.9847775175644028,0.8884900224011091,
tokyo1,RandomForest,Quantile Binning,2.0,0.671875,0.0,0.8498153686523438,1.2140426635742188,0.4607999999999987,552.0,311.0,0.0,0.0,1.0,1.0,59.0,30.0,5.0,2.0,0.9805620608899298,0.8416833807014049,
tokyo1,RandomForest,Quantile Binning,3.0,0.671875,0.0,0.8475265502929688,1.2007675170898438,0.4575999999999988,552.0,311.0,0.0,0.0,1.0,1.0,58.0,33.0,2.0,3.0,0.9859484777517564,0.8884900224011091,
tokyo1,RandomForest,Quantile Binning,4.0,0.65625,0.0,0.8479957580566406,1.183821678161621,0.4775999999999987,552.0,311.0,0.0,0.0,1.0,1.0,58.0,31.0,4.0,3.0,0.9817330210772832,0.8418742217643445,
tokyo1,RandomForest,Quantile Binning,5.0,0.671875,0.0,0.8450632095336914,1.0920915603637695,0.474799999999999,552.0,311.0,0.0,0.0,1.0,1.0,54.0,29.0,6.0,7.0,0.9503512880562062,0.7096744204084331,
tokyo1,RandomForest,Quantile Binning,6.0,0.65625,0.015625,0.8491477966308594,1.2117538452148438,0.4163999999999981,552.0,311.0,0.0,0.0,1.0,1.0,58.0,33.0,2.0,3.0,0.9882903981264638,0.8884900224011091,
tokyo1,RandomForest,Quantile Binning,7.0,0.671875,0.015625,0.8478784561157227,1.2091598510742188,0.3631999999999999,551.0,311.0,1.0,0.0,1.0,0.997491395443414,60.0,29.0,5.0,2.0,0.986717267552182,0.8394083298720995,
tokyo1,RandomForest,Quantile Binning,8.0,0.671875,0.0,0.8482551574707031,1.151320457458496,0.4127999999999997,551.0,311.0,1.0,0.0,1.0,0.997491395443414,60.0,28.0,6.0,2.0,0.9729601518026566,0.8164472825956933,
tokyo1,RandomForest,Quantile Binning,9.0,0.671875,0.0,0.847381591796875,1.2038192749023438,0.3895999999999998,551.0,311.0,1.0,0.0,1.0,0.997491395443414,61.0,31.0,3.0,1.0,0.9888519924098672,0.9086606278597036,
tokyo1,RandomForest,Quantile Binning,10.0,0.65625,0.0,0.842625617980957,1.154677391052246,0.4004000000000002,552.0,311.0,1.0,0.0,1.0,0.9974930322677592,59.0,29.0,5.0,2.0,0.9679363548698168,0.8385502710891851,
tokyo1,RandomForest,Quantile Transform,1.0,0.796875,0.015625,1.1255712509155271,0.9199609756469728,0.4639999999999986,552.0,311.0,0.0,0.0,1.0,1.0,59.0,32.0,3.0,2.0,0.9824355971896956,0.8871261396195388,
tokyo1,RandomForest,Quantile Transform,2.0,0.78125,0.03125,1.1234474182128906,0.9370508193969728,0.4439999999999986,552.0,311.0,0.0,0.0,1.0,1.0,60.0,30.0,5.0,1.0,0.9892271662763464,0.8654221130629138,
tokyo1,RandomForest,Quantile Transform,3.0,0.78125,0.015625,1.1265125274658203,0.9307947158813475,0.4371999999999985,552.0,311.0,0.0,0.0,1.0,1.0,59.0,33.0,2.0,2.0,0.9920374707259954,0.9100702576112412,
tokyo1,RandomForest,Quantile Transform,4.0,0.796875,0.015625,1.1283388137817385,0.9147729873657228,0.4639999999999986,552.0,311.0,0.0,0.0,1.0,1.0,58.0,28.0,7.0,3.0,0.9770491803278688,0.7728532853703904,
tokyo1,RandomForest,Quantile Transform,5.0,0.796875,0.015625,1.124434471130371,0.8738546371459961,0.4883999999999991,552.0,311.0,0.0,0.0,1.0,1.0,55.0,30.0,5.0,6.0,0.951053864168618,0.7543783209066021,
tokyo1,RandomForest,Quantile Transform,6.0,0.796875,0.015625,1.1259279251098633,0.9382715225219728,0.4235999999999984,552.0,311.0,0.0,0.0,1.0,1.0,58.0,34.0,1.0,3.0,0.9943793911007026,0.9120526480334016,
tokyo1,RandomForest,Quantile Transform,7.0,0.78125,0.015625,1.122666358947754,0.9426965713500975,0.35,551.0,310.0,2.0,0.0,1.0,0.9949855730759124,61.0,29.0,5.0,1.0,0.9898007590132828,0.8634370542558771,
tokyo1,RandomForest,Quantile Transform,8.0,0.796875,0.015625,1.122054100036621,0.9108057022094728,0.4031999999999999,551.0,311.0,1.0,0.0,1.0,0.997491395443414,60.0,27.0,7.0,2.0,0.9767552182163188,0.7935491620242836,
tokyo1,RandomForest,Quantile Transform,9.0,0.78125,0.015625,1.1231184005737305,0.9272851943969728,0.3927999999999997,551.0,311.0,1.0,0.0,1.0,0.997491395443414,61.0,31.0,3.0,1.0,0.9881404174573054,0.9086606278597036,
tokyo1,RandomForest,Quantile Transform,10.0,0.796875,0.015625,1.13006591796875,0.9103326797485352,0.4172000000000003,552.0,311.0,1.0,0.0,1.0,0.9974930322677592,59.0,31.0,3.0,2.0,0.9708293153326903,0.8849718937333941,
tokyo1,RandomForest,Random Undersampling,1.0,0.703125,0.0,1.00830078125,0.5636978149414062,0.3888,543.0,310.0,1.0,9.0,0.9988175124656322,0.9752001914756528,58.0,32.0,3.0,3.0,0.9843091334894614,0.8651053864168619,
tokyo1,RandomForest,Random Undersampling,2.0,0.71875,0.015625,1.0082502365112305,0.5479726791381836,0.3693999999999999,543.0,310.0,1.0,9.0,0.9971981453003402,0.9752001914756528,60.0,30.0,5.0,1.0,0.9915690866510538,0.8654221130629138,
tokyo1,RandomForest,Random Undersampling,3.0,0.703125,0.0,1.008340835571289,0.5357656478881836,0.3493999999999999,542.0,309.0,2.0,10.0,0.9951302483806328,0.9702002344575535,58.0,33.0,2.0,3.0,0.9957845433255268,0.8884900224011091,
tokyo1,RandomForest,Random Undersampling,4.0,0.703125,0.0,1.00830078125,0.5432424545288086,0.3131999999999999,549.0,308.0,3.0,3.0,0.9981709306118643,0.9849189151405005,59.0,29.0,6.0,2.0,0.981967213114754,0.8191376992166521,
tokyo1,RandomForest,Random Undersampling,5.0,0.703125,0.0,1.008344650268555,0.5208044052124023,0.4375999999999999,544.0,311.0,0.0,8.0,0.9988641129595972,0.980200148493752,55.0,29.0,6.0,6.0,0.9536299765807964,0.7302107728337236,
tokyo1,RandomForest,Random Undersampling,6.0,0.71875,0.0,1.00830078125,0.5453872680664062,0.3288,543.0,310.0,1.0,9.0,0.9976146372151544,0.9752001914756528,59.0,33.0,2.0,2.0,0.994847775175644,0.9100702576112412,
tokyo1,RandomForest,Random Undersampling,7.0,0.734375,0.015625,1.0108871459960938,0.6017160415649414,0.2731999999999999,548.0,308.0,4.0,3.0,0.9993717716040764,0.9824208413336516,61.0,32.0,2.0,1.0,0.9919354838709676,0.9314768448173556,
tokyo1,RandomForest,Random Undersampling,8.0,0.71875,0.0,1.0109748840332031,0.5600423812866211,0.4093999999999999,544.0,312.0,0.0,7.0,0.9981327656010052,0.9826652670602984,59.0,28.0,6.0,3.0,0.9739089184060722,0.7928284456711043,
tokyo1,RandomForest,Random Undersampling,9.0,0.71875,0.015625,1.0110225677490234,0.5370016098022461,0.3193999999999999,543.0,311.0,1.0,8.0,0.997091535204058,0.9776688013889124,61.0,30.0,4.0,1.0,0.9888519924098672,0.8859882140730946,
tokyo1,RandomForest,Random Undersampling,10.0,0.71875,0.0,1.0109786987304688,0.5574569702148438,0.3924000000000001,544.0,312.0,0.0,8.0,0.9993787160906726,0.980239544814119,56.0,30.0,4.0,5.0,0.9578109932497588,0.7954155274004512,
tokyo1,RandomForest,SMOTE / SMOTENC,1.0,0.96875,0.015625,3.877871513366699,0.9303770065307616,0.4335999999999984,552.0,311.0,0.0,0.0,1.0,1.0,58.0,33.0,2.0,3.0,0.9857142857142857,0.8884900224011091,
tokyo1,RandomForest,SMOTE / SMOTENC,2.0,0.96875,0.015625,3.8771839141845694,0.9125728607177734,0.4339999999999986,552.0,311.0,0.0,0.0,1.0,1.0,60.0,30.0,5.0,1.0,0.992271662763466,0.8654221130629138,
tokyo1,RandomForest,SMOTE / SMOTENC,3.0,1.0,0.0,3.876535415649414,0.9330511093139648,0.4607999999999987,552.0,311.0,0.0,0.0,1.0,1.0,59.0,34.0,1.0,2.0,0.9911007025761124,0.9331939228992782,
tokyo1,RandomForest,SMOTE / SMOTENC,4.0,0.984375,0.015625,3.877951622009277,0.9076786041259766,0.4707999999999986,552.0,311.0,0.0,0.0,1.0,1.0,57.0,29.0,6.0,4.0,0.9775175644028103,0.7732054383133128,
tokyo1,RandomForest,SMOTE / SMOTENC,5.0,0.96875,0.0,3.876577377319336,0.8557815551757812,0.4611999999999989,552.0,311.0,0.0,0.0,1.0,1.0,55.0,30.0,5.0,6.0,0.9519906323185012,0.7543783209066021,
tokyo1,RandomForest,SMOTE / SMOTENC,6.0,0.953125,0.0,3.876189231872559,0.9145107269287108,0.4403999999999984,552.0,311.0,0.0,0.0,1.0,1.0,58.0,34.0,1.0,3.0,0.9939110070257612,0.9120526480334016,
tokyo1,RandomForest,SMOTE / SMOTENC,7.0,1.0,0.015625,3.871192932128906,0.9438772201538086,0.3059999999999996,551.0,311.0,1.0,0.0,1.0,0.997491395443414,60.0,31.0,3.0,2.0,0.9919354838709676,0.8856195232263474,
tokyo1,RandomForest,SMOTE / SMOTENC,8.0,1.015625,0.015625,3.872673988342285,0.8662242889404297,0.3687999999999994,551.0,311.0,1.0,0.0,1.0,0.997491395443414,60.0,29.0,5.0,2.0,0.980787476280835,0.8394083298720995,
tokyo1,RandomForest,SMOTE / SMOTENC,9.0,0.96875,0.0,3.8711557388305664,0.9153003692626952,0.3663999999999998,551.0,311.0,1.0,0.0,1.0,0.997491395443414,61.0,31.0,3.0,1.0,0.985056925996205,0.9086606278597036,
tokyo1,RandomForest,SMOTE / SMOTENC,10.0,0.953125,0.015625,3.877373695373535,0.8815898895263672,0.3468,552.0,311.0,1.0,0.0,1.0,0.9974930322677592,59.0,31.0,3.0,2.0,0.9703471552555448,0.8849718937333941,
tokyo1,RandomForest,Select Percentile (Mutual Info),1.0,1.859375,0.0,2.011641502380371,0.6285009384155273,0.4503999999999984,552.0,311.0,0.0,0.0,1.0,1.0,59.0,31.0,4.0,2.0,0.9843091334894614,0.8643383076541085,
tokyo1,RandomForest,Select Percentile (Mutual Info),2.0,1.078125,0.015625,2.011737823486328,0.646514892578125,0.4335999999999984,552.0,311.0,0.0,0.0,1.0,1.0,60.0,30.0,5.0,1.0,0.9892271662763468,0.8654221130629138,
tokyo1,RandomForest,Select Percentile (Mutual Info),3.0,1.0625,0.0,2.0122690200805664,0.646514892578125,0.4371999999999985,552.0,311.0,0.0,0.0,1.0,1.0,59.0,33.0,2.0,2.0,0.9925058548009368,0.9100702576112412,
tokyo1,RandomForest,Select Percentile (Mutual Info),4.0,1.078125,0.0,2.0124406814575195,0.6304845809936523,0.4775999999999987,552.0,311.0,0.0,0.0,1.0,1.0,58.0,28.0,7.0,3.0,0.9810304449648712,0.7728532853703904,
tokyo1,RandomForest,Select Percentile (Mutual Info),5.0,1.0625,0.0,1.978499412536621,0.5860576629638672,0.4815999999999991,552.0,311.0,0.0,0.0,1.0,1.0,57.0,29.0,6.0,4.0,0.9540983606557376,0.7732054383133128,
tokyo1,RandomForest,Select Percentile (Mutual Info),6.0,1.078125,0.015625,2.0119171142578125,0.658721923828125,0.4235999999999984,552.0,311.0,0.0,0.0,1.0,1.0,58.0,34.0,1.0,3.0,0.99672131147541,0.9120526480334016,
tokyo1,RandomForest,Select Percentile (Mutual Info),7.0,1.078125,0.0,2.011826515197754,0.653076171875,0.3395999999999998,551.0,311.0,1.0,0.0,1.0,0.997491395443414,62.0,29.0,5.0,0.0,0.9940702087286528,0.8884192984555803,
tokyo1,RandomForest,Select Percentile (Mutual Info),8.0,1.078125,0.015625,2.011702537536621,0.6245336532592773,0.3995999999999998,551.0,311.0,1.0,0.0,1.0,0.997491395443414,59.0,27.0,7.0,3.0,0.9793643263757116,0.7694575109355096,
tokyo1,RandomForest,Select Percentile (Mutual Info),9.0,1.078125,0.0,2.0124006271362305,0.638427734375,0.3931999999999999,551.0,311.0,1.0,0.0,1.0,0.997491395443414,61.0,31.0,3.0,1.0,0.991698292220114,0.9086606278597036,
tokyo1,RandomForest,Select Percentile (Mutual Info),10.0,1.0625,0.0,2.013556480407715,0.6196508407592773,0.3904000000000002,552.0,311.0,1.0,0.0,1.0,0.9974930322677592,59.0,30.0,4.0,2.0,0.9703471552555448,0.861700339718549,
tokyo1,RandomForest,Uniform Binning,1.0,0.65625,0.015625,0.8490886688232422,1.5161075592041016,0.5522142857142857,550.0,307.0,4.0,2.0,0.999662146418752,0.9849101938823096,58.0,32.0,3.0,3.0,0.9740046838407492,0.8651053864168619,
tokyo1,RandomForest,Uniform Binning,2.0,0.65625,0.0,0.8511133193969727,1.5615901947021484,0.4997142857142858,549.0,307.0,4.0,3.0,0.9997291346288272,0.9823961499568488,60.0,31.0,4.0,1.0,0.9817330210772832,0.8875933832851178,
tokyo1,RandomForest,Uniform Binning,3.0,0.65625,0.015625,0.8524923324584961,1.5277042388916016,0.4824126984126984,550.0,307.0,4.0,2.0,0.99957768302344,0.9849101938823096,58.0,32.0,3.0,3.0,0.981264637002342,0.8651053864168619,
tokyo1,RandomForest,Uniform Binning,4.0,0.640625,0.015625,0.8510074615478516,1.458115577697754,0.5932,549.0,308.0,3.0,3.0,0.999697096789226,0.9849189151405005,55.0,28.0,7.0,6.0,0.9693208430913348,0.7061184681987616,
tokyo1,RandomForest,Uniform Binning,5.0,0.65625,0.0,0.8479413986206055,1.3657751083374023,0.4353373015873016,550.0,307.0,4.0,2.0,0.9997495223449367,0.9849101938823096,56.0,26.0,9.0,5.0,0.924824355971897,0.680284457677867,
tokyo1,RandomForest,Uniform Binning,6.0,0.65625,0.015625,0.8465604782104492,1.5174808502197266,0.5259963369963369,549.0,307.0,4.0,3.0,0.9995951582086772,0.9823961499568488,56.0,33.0,2.0,5.0,0.986416861826698,0.8473069569763498,
tokyo1,RandomForest,Uniform Binning,7.0,0.65625,0.015625,0.8510532379150391,1.5428190231323242,0.4750714285714286,549.0,308.0,4.0,2.0,0.9996102657173438,0.984931448029785,58.0,29.0,5.0,4.0,0.9812618595825428,0.7939048800443309,
tokyo1,RandomForest,Uniform Binning,8.0,0.65625,0.015625,0.8489170074462891,1.480393409729004,0.5090454545454547,549.0,307.0,5.0,2.0,0.9996073572525478,0.9824212167114212,58.0,30.0,4.0,4.0,0.9798387096774192,0.8178368121442126,
tokyo1,RandomForest,Uniform Binning,9.0,0.65625,0.0,0.8512907028198242,1.5391483306884766,0.4950396825396825,549.0,307.0,5.0,2.0,0.999601540322956,0.9824212167114212,60.0,31.0,3.0,2.0,0.9833965844402276,0.8856195232263474,
tokyo1,RandomForest,Uniform Binning,10.0,0.671875,0.015625,0.8479995727539062,1.4173660278320312,0.5286428571428571,551.0,309.0,3.0,1.0,0.9999274201040504,0.9899650460717764,52.0,31.0,3.0,9.0,0.968900675024108,0.7420164785621604,
tokyo1,RandomForest,Yeo-Johnson,1.0,1.015625,0.015625,1.1092004776000977,0.6718711853027344,0.4639999999999986,552.0,311.0,0.0,0.0,1.0,1.0,59.0,31.0,4.0,2.0,0.9784543325526932,0.8643383076541085,
tokyo1,RandomForest,Yeo-Johnson,2.0,1.015625,0.0,1.1091947555541992,0.6862144470214844,0.4507999999999987,552.0,311.0,0.0,0.0,1.0,1.0,60.0,30.0,5.0,1.0,0.9878220140515224,0.8654221130629138,
tokyo1,RandomForest,Yeo-Johnson,3.0,1.015625,0.015625,1.1092424392700195,0.6805686950683594,0.4371999999999985,552.0,311.0,0.0,0.0,1.0,1.0,59.0,33.0,2.0,2.0,0.9920374707259954,0.9100702576112412,
tokyo1,RandomForest,Yeo-Johnson,4.0,1.03125,0.015625,1.1089792251586914,0.6645469665527344,0.4639999999999986,552.0,311.0,0.0,0.0,1.0,1.0,57.0,28.0,7.0,4.0,0.9782201405152224,0.7498633755339789,
tokyo1,RandomForest,Yeo-Johnson,5.0,1.015625,0.015625,1.108931541442871,0.6213397979736328,0.4883999999999991,552.0,311.0,0.0,0.0,1.0,1.0,56.0,30.0,5.0,5.0,0.951990632318501,0.775175644028103,
tokyo1,RandomForest,Yeo-Johnson,6.0,1.0,0.0,1.1091947555541992,0.6895713806152344,0.4099999999999983,552.0,311.0,0.0,0.0,1.0,1.0,58.0,34.0,1.0,3.0,0.994847775175644,0.9120526480334016,
tokyo1,RandomForest,Yeo-Johnson,7.0,0.984375,0.015625,1.1091985702514648,0.6929283142089844,0.35,551.0,310.0,2.0,0.0,1.0,0.9949855730759124,62.0,29.0,5.0,0.0,0.9895635673624288,0.8884192984555803,
tokyo1,RandomForest,Yeo-Johnson,8.0,1.015625,0.015625,1.1091947555541992,0.6613426208496094,0.4031999999999999,551.0,311.0,1.0,0.0,1.0,0.997491395443414,60.0,27.0,7.0,2.0,0.9758064516129032,0.7935491620242836,
tokyo1,RandomForest,Yeo-Johnson,9.0,1.015625,0.0,1.1091947555541992,0.6785850524902344,0.3927999999999997,551.0,311.0,1.0,0.0,1.0,0.997491395443414,61.0,31.0,3.0,1.0,0.9879032258064516,0.9086606278597036,
tokyo1,RandomForest,Yeo-Johnson,10.0,1.015625,0.015625,1.110478401184082,0.6613426208496094,0.4108000000000004,552.0,311.0,1.0,0.0,1.0,0.9974930322677592,58.0,31.0,3.0,3.0,0.9705882352941176,0.8625843780135005,
tokyo1,SVM,Baseline,1.0,0.15625,0.0,0.8248891830444336,0.1000556945800781,0.0979713001077137,536.0,278.0,33.0,16.0,0.9820005592059275,0.8761700972602459,59.0,31.0,4.0,2.0,0.980327868852459,0.8643383076541085,
tokyo1,SVM,Baseline,2.0,0.03125,0.0,0.8246393203735352,0.097747802734375,0.1155059709139216,535.0,277.0,34.0,17.0,0.9821578358730604,0.8710775946071235,59.0,30.0,5.0,2.0,0.9756440281030444,0.8416833807014049,
tokyo1,SVM,Baseline,3.0,0.015625,0.0,0.8249979019165039,0.0995941162109375,0.191158664523235,530.0,280.0,31.0,22.0,0.9828218929120648,0.8661613157407505,60.0,33.0,2.0,1.0,0.994847775175644,0.9323780574747332,
tokyo1,SVM,Baseline,4.0,0.03125,0.0,0.8254327774047852,0.097747802734375,0.0089495506538007,536.0,278.0,33.0,16.0,0.9843830094599002,0.8761700972602459,61.0,28.0,7.0,0.0,0.97423887587822,0.8471405189362208,
tokyo1,SVM,Baseline,5.0,0.03125,0.015625,0.8352785110473633,0.0934667587280273,0.1864540763708067,538.0,280.0,31.0,14.0,0.987825620951582,0.8863551025664903,54.0,30.0,5.0,7.0,0.940046838407494,0.7341815373961104,
tokyo1,SVM,Baseline,6.0,0.03125,0.0,0.825169563293457,0.1032867431640625,0.7113973526613406,521.0,288.0,23.0,31.0,0.9834335243953588,0.8652011370774688,52.0,35.0,0.0,9.0,0.9948477751756442,0.8234636600384225,
tokyo1,SVM,Baseline,7.0,0.03125,0.0,0.8252134323120117,0.1005172729492187,0.0510988268697263,535.0,278.0,34.0,16.0,0.9818569966029131,0.8738246272609267,60.0,29.0,5.0,2.0,0.9852941176470588,0.8394083298720995,
tokyo1,SVM,Baseline,8.0,0.03125,0.015625,0.8245115280151367,0.1005172729492187,0.0984793471772527,536.0,279.0,33.0,15.0,0.9850214063008982,0.8789135739450006,59.0,29.0,5.0,3.0,0.9672675521821632,0.8162544623146492,
tokyo1,SVM,Baseline,9.0,0.03125,0.0,0.8248224258422852,0.1005172729492187,0.0874949005573751,534.0,277.0,35.0,17.0,0.9847014751733444,0.8687356805768528,61.0,31.0,3.0,1.0,0.9587286527514232,0.9086606278597036,
tokyo1,SVM,Baseline,10.0,0.015625,0.0,0.8257570266723633,0.0963630676269531,0.0983073083398807,537.0,279.0,33.0,15.0,0.9852169267930138,0.8789887558824353,55.0,30.0,4.0,6.0,0.9541947926711668,0.7747095489152849,
tokyo1,SVM,IQR Capping,1.0,0.140625,0.03125,1.359267234802246,0.09629249572753906,0.08438269381873373,534.0,276.0,35.0,18.0,0.9806258446339532,0.8659850919540013,59.0,31.0,4.0,2.0,0.9850117096018736,0.8643383076541085,
tokyo1,SVM,IQR Capping,2.0,0.140625,0.03125,1.3622264862060547,0.10044670104980469,0.17241014111217823,535.0,277.0,34.0,17.0,0.980188965003029,0.8710775946071235,60.0,30.0,5.0,1.0,0.9718969555035128,0.8654221130629138,
tokyo1,SVM,IQR Capping,3.0,0.15625,0.03125,1.3625288009643555,0.09721565246582031,0.7298281370821401,516.0,292.0,19.0,36.0,0.9813015517964491,0.864157628011552,54.0,33.0,2.0,7.0,0.9934426229508196,0.8084614418620003,
tokyo1,SVM,IQR Capping,4.0,0.15625,0.03125,1.3622970581054688,0.09767723083496094,-0.16352549925114435,536.0,278.0,33.0,16.0,0.9826587911831866,0.8761700972602459,60.0,29.0,6.0,1.0,0.9770491803278689,0.8433688540952347,
tokyo1,SVM,IQR Capping,5.0,0.140625,0.03125,1.3581743240356445,0.09160327911376953,0.7033405106360748,520.0,296.0,15.0,32.0,0.986188778601053,0.8840463666566162,51.0,31.0,4.0,10.0,0.9283372365339578,0.7023125448316844,
tokyo1,SVM,IQR Capping,6.0,0.140625,0.03125,1.3621749877929688,0.10090827941894531,0.776408964963512,511.0,296.0,15.0,41.0,0.9816860058716622,0.8635463127107518,52.0,34.0,1.0,9.0,0.9887587822014051,0.797433978989101,
tokyo1,SVM,IQR Capping,7.0,0.15625,0.03125,1.3625679016113281,0.09998512268066406,0.10579283023313557,535.0,278.0,34.0,16.0,0.9806412583182094,0.8738246272609267,59.0,30.0,4.0,3.0,0.9833965844402277,0.8397622016353391,
tokyo1,SVM,IQR Capping,8.0,0.15625,0.03125,1.3625688552856445,0.09629249572753906,-0.10119939462765089,536.0,279.0,33.0,15.0,0.9843350086090558,0.8789135739450006,60.0,28.0,6.0,2.0,0.9501897533206831,0.8164472825956933,
tokyo1,SVM,IQR Capping,9.0,0.140625,0.03125,1.3622961044311523,0.09721565246582031,0.10256507304536215,534.0,277.0,35.0,17.0,0.9813509237284191,0.8687356805768528,61.0,31.0,3.0,1.0,0.9672675521821632,0.9086606278597037,
tokyo1,SVM,IQR Capping,10.0,0.15625,0.03125,1.3635683059692383,0.09536933898925781,0.0018219928710666439,536.0,278.0,34.0,16.0,0.985048541434411,0.8739029964462784,57.0,30.0,4.0,4.0,0.9513018322082931,0.8167791706846673,
tokyo1,SVM,IQR Removal,1.0,0.09375,0.0,0.8633756637573242,0.1002702713012695,0.0979713001077137,536.0,278.0,33.0,16.0,0.9820005592059275,0.8761700972602459,59.0,31.0,4.0,2.0,0.980327868852459,0.8643383076541085,
tokyo1,SVM,IQR Removal,2.0,0.109375,0.0,0.8633604049682617,0.0979623794555664,0.1155059709139216,535.0,277.0,34.0,17.0,0.9821578358730604,0.8710775946071235,59.0,30.0,5.0,2.0,0.9756440281030444,0.8416833807014049,
tokyo1,SVM,IQR Removal,3.0,0.109375,0.0,0.8625698089599609,0.0998086929321289,0.191158664523235,530.0,280.0,31.0,22.0,0.9828218929120648,0.8661613157407505,60.0,33.0,2.0,1.0,0.994847775175644,0.9323780574747332,
tokyo1,SVM,IQR Removal,4.0,0.09375,0.0,0.8622074127197266,0.0979623794555664,0.0089495506538007,536.0,278.0,33.0,16.0,0.9843830094599002,0.8761700972602459,61.0,28.0,7.0,0.0,0.97423887587822,0.8471405189362208,
tokyo1,SVM,IQR Removal,5.0,0.09375,0.0,0.8723564147949219,0.0936813354492187,0.1864540763708067,538.0,280.0,31.0,14.0,0.987825620951582,0.8863551025664903,54.0,30.0,5.0,7.0,0.940046838407494,0.7341815373961104,
tokyo1,SVM,IQR Removal,6.0,0.09375,0.0,0.8623380661010742,0.1035013198852539,0.7113973526613406,521.0,288.0,23.0,31.0,0.9834335243953588,0.8652011370774688,52.0,35.0,0.0,9.0,0.9948477751756442,0.8234636600384225,
tokyo1,SVM,IQR Removal,7.0,0.109375,0.0,0.8625221252441406,0.1007318496704101,0.0510988268697263,535.0,278.0,34.0,16.0,0.9818569966029131,0.8738246272609267,60.0,29.0,5.0,2.0,0.9852941176470588,0.8394083298720995,
tokyo1,SVM,IQR Removal,8.0,0.09375,0.0,0.8630809783935547,0.1007318496704101,0.0984793471772527,536.0,279.0,33.0,15.0,0.9850214063008982,0.8789135739450006,59.0,29.0,5.0,3.0,0.9672675521821632,0.8162544623146492,
tokyo1,SVM,IQR Removal,9.0,0.109375,0.0,0.862309455871582,0.1007318496704101,0.0874949005573751,534.0,277.0,35.0,17.0,0.9847014751733444,0.8687356805768528,61.0,31.0,3.0,1.0,0.9587286527514232,0.9086606278597036,
tokyo1,SVM,IQR Removal,10.0,0.109375,0.0,0.8633756637573242,0.0965776443481445,0.0983073083398807,537.0,279.0,33.0,15.0,0.9852169267930138,0.8789887558824353,55.0,30.0,4.0,6.0,0.9541947926711668,0.7747095489152849,
tokyo1,SVM,PCA,1.0,0.109375,0.09375,0.7171459197998047,0.0619211196899414,0.0076069585918333,535.0,277.0,34.0,17.0,0.9786686238874132,0.8710775946071235,59.0,31.0,4.0,2.0,0.97096018735363,0.8643383076541085,
tokyo1,SVM,PCA,2.0,0.1875,0.0,0.7170143127441406,0.0619211196899414,0.0034711609308544,535.0,277.0,34.0,17.0,0.9751269863460552,0.8710775946071235,59.0,30.0,5.0,2.0,0.9859484777517564,0.8416833807014049,
tokyo1,SVM,PCA,3.0,0.171875,0.0,0.71710205078125,0.0621843338012695,-0.3491031841498153,538.0,271.0,40.0,14.0,0.9798219861130528,0.8636627270702649,61.0,32.0,3.0,0.0,0.990632318501171,0.9335033858688307,
tokyo1,SVM,PCA,4.0,0.1875,0.0,0.7170982360839844,0.0608682632446289,-0.1613444654033064,535.0,277.0,34.0,17.0,0.979717135001631,0.8710775946071235,61.0,27.0,8.0,0.0,0.969086651053864,0.8258253917383211,
tokyo1,SVM,PCA,5.0,0.1875,0.0,0.7170181274414062,0.0570411682128906,0.0512634011689243,537.0,279.0,32.0,15.0,0.9831597464933128,0.8812625999133681,55.0,29.0,6.0,6.0,0.9489461358313818,0.7302107728337236,
tokyo1,SVM,PCA,6.0,0.1875,0.0,0.717193603515625,0.0635089874267578,-0.1916898818513718,537.0,270.0,41.0,15.0,0.9740610000466003,0.8585308680976708,59.0,33.0,2.0,2.0,0.9953161592505856,0.9100702576112412,
tokyo1,SVM,PCA,7.0,0.1875,0.0625,0.7171497344970703,0.0603418350219726,-0.0497712693758183,535.0,278.0,34.0,16.0,0.9764239843640932,0.8738246272609267,60.0,29.0,5.0,2.0,0.9734345351043644,0.8394083298720995,
tokyo1,SVM,PCA,8.0,0.1875,0.0,0.7170095443725586,0.061131477355957,-0.0044887024802054,535.0,278.0,34.0,16.0,0.978500628228396,0.8738246272609267,59.0,29.0,5.0,3.0,0.9629981024667932,0.8162544623146492,
tokyo1,SVM,PCA,9.0,0.1875,0.0,0.7170982360839844,0.0616579055786132,-0.1606656733322954,537.0,271.0,41.0,14.0,0.9810426264600494,0.8613660738588917,61.0,31.0,3.0,1.0,0.9667931688804554,0.9086606278597036,
tokyo1,SVM,PCA,10.0,0.1875,0.015625,0.7177848815917969,0.059025764465332,-0.0500297346557715,536.0,278.0,34.0,16.0,0.9810305183946488,0.8739029964462784,56.0,30.0,4.0,5.0,0.9469623915139826,0.7954155274004512,
tokyo1,SVM,Quantile Binning,1.0,0.046875,0.015625,0.839350700378418,0.1038084030151367,-0.0209736485772185,530.0,280.0,31.0,22.0,0.982449088960343,0.8661613157407505,59.0,32.0,3.0,2.0,0.9892271662763468,0.8871261396195388,
tokyo1,SVM,Quantile Binning,2.0,0.03125,0.015625,0.8383779525756836,0.1015005111694336,-0.1660903208707744,535.0,277.0,34.0,17.0,0.982449088960343,0.8710775946071235,60.0,31.0,4.0,1.0,0.9873536299765808,0.8875933832851178,
tokyo1,SVM,Quantile Binning,3.0,0.03125,0.0,0.8389997482299805,0.1028852462768554,0.1006220441048043,526.0,285.0,26.0,26.0,0.9815695046367492,0.8692972645510042,56.0,33.0,2.0,5.0,0.9892271662763464,0.8473069569763498,
tokyo1,SVM,Quantile Binning,4.0,0.046875,0.0,0.8395242691040039,0.1047315597534179,-0.0698417425272157,531.0,281.0,30.0,21.0,0.9843014585954613,0.871221614522783,60.0,31.0,4.0,1.0,0.9892271662763464,0.8875933832851178,
tokyo1,SVM,Quantile Binning,5.0,0.03125,0.015625,0.8488893508911133,0.0958499908447265,0.1619151268903035,529.0,288.0,23.0,23.0,0.9848548394612984,0.8843783494105038,54.0,30.0,5.0,7.0,0.9475409836065574,0.7341815373961104,
tokyo1,SVM,Quantile Binning,6.0,0.03125,0.0,0.8392190933227539,0.1042699813842773,-0.3797744970858891,535.0,277.0,34.0,17.0,0.9838412787175544,0.8710775946071235,59.0,34.0,1.0,2.0,0.984543325526932,0.9331939228992782,
tokyo1,SVM,Quantile Binning,7.0,0.046875,0.0,0.8391714096069336,0.1038084030151367,0.0134380613630143,530.0,281.0,31.0,21.0,0.981502163897808,0.8688436870700282,60.0,30.0,4.0,2.0,0.9843453510436432,0.8624575450871764,
tokyo1,SVM,Quantile Binning,8.0,0.046875,0.0,0.8380117416381836,0.1001157760620117,-0.143719032076529,532.0,283.0,29.0,19.0,0.98493415235702,0.878957217670335,59.0,28.0,6.0,3.0,0.952561669829222,0.7928284456711043,
tokyo1,SVM,Quantile Binning,9.0,0.046875,0.0,0.8390436172485352,0.1015005111694336,0.041835899612555,526.0,286.0,26.0,25.0,0.9832065242682304,0.871903444528727,60.0,31.0,3.0,2.0,0.9852941176470588,0.8856195232263474,
tokyo1,SVM,Quantile Binning,10.0,0.046875,0.015625,0.8393316268920898,0.0987310409545898,0.0308222032845137,528.0,287.0,25.0,24.0,0.986244658119658,0.8770073647325511,55.0,30.0,4.0,6.0,0.9585342333654772,0.7747095489152849,
tokyo1,SVM,Quantile Transform,1.0,0.078125,0.015625,1.127218246459961,0.3547172546386719,0.1679592521122432,533.0,275.0,36.0,19.0,0.981418053031362,0.8608925893008791,59.0,32.0,3.0,2.0,0.989695550351288,0.8871261396195388,
tokyo1,SVM,Quantile Transform,2.0,0.078125,0.015625,1.1263322830200195,0.3547172546386719,0.3463280277929466,529.0,279.0,32.0,23.0,0.9827636422946084,0.8611010169587181,60.0,31.0,4.0,1.0,0.981264637002342,0.8875933832851178,
tokyo1,SVM,Quantile Transform,3.0,0.09375,0.015625,1.126296043395996,0.3574867248535156,-0.005337366316125,533.0,275.0,36.0,19.0,0.9820238594529104,0.8608925893008791,61.0,32.0,3.0,0.0,0.9943793911007024,0.9335033858688307,
tokyo1,SVM,Quantile Transform,4.0,0.078125,0.015625,1.127889633178711,0.3547172546386719,0.2840456772976775,530.0,280.0,31.0,22.0,0.9837014772356588,0.8661613157407505,59.0,30.0,5.0,2.0,0.9798594847775176,0.8416833807014049,
tokyo1,SVM,Quantile Transform,5.0,0.09375,0.015625,1.1273832321166992,0.3494215011596679,0.1302557582143455,536.0,278.0,33.0,16.0,0.9850237662519222,0.8761700972602459,55.0,29.0,6.0,6.0,0.9540983606557376,0.7302107728337236,
tokyo1,SVM,Quantile Transform,6.0,0.078125,0.015625,1.1284217834472656,0.3588714599609375,0.0920763812582476,533.0,275.0,36.0,19.0,0.9817966820448296,0.8608925893008791,59.0,34.0,1.0,2.0,0.9943793911007026,0.9331939228992782,
tokyo1,SVM,Quantile Transform,7.0,0.0625,0.015625,1.125565528869629,0.3505630493164062,0.3448260171795829,530.0,281.0,31.0,21.0,0.9827702545488388,0.8688436870700282,58.0,29.0,5.0,4.0,0.9724857685009488,0.7939048800443309,
tokyo1,SVM,Quantile Transform,8.0,0.09375,0.015625,1.1272201538085938,0.35333251953125,0.2603942683783111,531.0,282.0,30.0,20.0,0.9839627251151752,0.8739004523701815,60.0,28.0,6.0,2.0,0.9705882352941178,0.8164472825956933,
tokyo1,SVM,Quantile Transform,9.0,0.09375,0.015625,1.1286630630493164,0.3542556762695312,0.3439935626304366,528.0,279.0,33.0,23.0,0.9822932663223044,0.8587301564697216,61.0,31.0,3.0,1.0,0.9800759013282732,0.9086606278597036,
tokyo1,SVM,Quantile Transform,10.0,0.09375,0.015625,1.1284294128417969,0.3513145446777344,0.2911944088286963,531.0,282.0,30.0,21.0,0.984665319583798,0.87149121695778,54.0,30.0,4.0,7.0,0.947926711668274,0.75461221093503,
tokyo1,SVM,Random Undersampling,1.0,0.046875,0.0,1.0108776092529297,0.0907869338989257,-0.612677051019017,540.0,273.0,38.0,12.0,0.9846334871149632,0.8739264450154534,59.0,31.0,4.0,2.0,0.9807962529274004,0.8643383076541085,
tokyo1,SVM,Random Undersampling,2.0,0.03125,0.015625,1.0108776092529297,0.0889320373535156,-0.2681326439317242,534.0,276.0,35.0,18.0,0.9832063469872782,0.8659850919540013,60.0,30.0,5.0,1.0,0.9822014051522248,0.8654221130629138,
tokyo1,SVM,Random Undersampling,3.0,0.03125,0.015625,1.0109214782714844,0.0889320373535156,-0.5326798822440533,538.0,271.0,40.0,14.0,0.9824257887133604,0.8636627270702649,61.0,32.0,3.0,0.0,0.9887587822014052,0.9335033858688307,
tokyo1,SVM,Random Undersampling,4.0,0.03125,0.0,1.0108776092529297,0.088470458984375,-0.8455056723891368,545.0,269.0,42.0,7.0,0.9847441632881307,0.8773111593258132,61.0,24.0,11.0,0.0,0.9784543325526932,0.7622023228463561,
tokyo1,SVM,Random Undersampling,5.0,0.03125,0.015625,1.010969161987305,0.0876121520996093,-0.1942553694739777,538.0,280.0,31.0,14.0,0.9870450626776645,0.8863551025664903,56.0,28.0,7.0,5.0,0.9550351288056206,0.727639003642915,
tokyo1,SVM,Random Undersampling,6.0,0.03125,0.015625,1.0109176635742188,0.0898637771606445,-0.6957397846015122,540.0,273.0,38.0,12.0,0.981691830933408,0.8739264450154534,60.0,33.0,2.0,1.0,0.9976580796252928,0.9323780574747332,
tokyo1,SVM,Random Undersampling,7.0,0.03125,0.0,1.0137386322021484,0.0949563980102539,-0.7187622726198166,543.0,268.0,44.0,8.0,0.9841023314253804,0.8698736428873544,60.0,28.0,6.0,2.0,0.9796015180265656,0.8164472825956933,
tokyo1,SVM,Random Undersampling,8.0,0.046875,0.0,1.0135555267333984,0.0917167663574218,-0.2884458156749803,535.0,278.0,34.0,16.0,0.985131927963144,0.8738246272609267,59.0,29.0,5.0,3.0,0.969639468690702,0.8162544623146492,
tokyo1,SVM,Random Undersampling,9.0,0.046875,0.0,1.0136947631835938,0.0907936096191406,-0.2037395908325862,530.0,281.0,31.0,21.0,0.9851435618223277,0.8688436870700282,61.0,31.0,3.0,1.0,0.9838709677419354,0.9086606278597036,
tokyo1,SVM,Random Undersampling,10.0,0.046875,0.0,1.0136432647705078,0.0875711441040039,-0.5300483748339003,537.0,279.0,33.0,15.0,0.9860530471943516,0.8789887558824353,56.0,30.0,4.0,5.0,0.9570877531340404,0.7954155274004512,
tokyo1,SVM,SMOTE / SMOTENC,1.0,0.234375,0.015625,3.880637168884277,0.2802953720092773,-0.5926995140854046,539.0,281.0,30.0,13.0,0.988314926138217,0.8914476052196125,58.0,31.0,4.0,3.0,0.9775175644028102,0.8418742217643445,
tokyo1,SVM,SMOTE / SMOTENC,2.0,0.234375,0.015625,3.880105018615722,0.2738866806030273,-0.8294116630900892,545.0,269.0,42.0,7.0,0.9861946036627988,0.8773111593258132,60.0,29.0,6.0,1.0,0.9882903981264636,0.8433688540952347,
tokyo1,SVM,SMOTE / SMOTENC,3.0,0.21875,0.0,3.879919052124024,0.2836065292358398,-0.6980082778890465,542.0,275.0,36.0,10.0,0.9877964956428538,0.8841901629606418,61.0,31.0,4.0,0.0,0.9939110070257612,0.9117065269091754,
tokyo1,SVM,SMOTE / SMOTENC,4.0,0.25,0.015625,3.881892204284668,0.2715673446655273,-0.8178855548093227,546.0,270.0,41.0,6.0,0.986847010578312,0.8824858866566234,61.0,24.0,11.0,0.0,0.9747072599531617,0.7622023228463561,
tokyo1,SVM,SMOTE / SMOTENC,5.0,0.21875,0.0,3.8795299530029297,0.2710132598876953,-0.44498608402793,539.0,281.0,30.0,13.0,0.9902604967612656,0.8914476052196125,56.0,28.0,7.0,5.0,0.9545667447306792,0.727639003642915,
tokyo1,SVM,SMOTE / SMOTENC,6.0,0.234375,0.0,3.879064559936523,0.2798452377319336,-0.7157799346090192,545.0,269.0,42.0,7.0,0.9873770911971668,0.8773111593258132,60.0,32.0,3.0,1.0,0.9953161592505856,0.9099047423245062,
tokyo1,SVM,SMOTE / SMOTENC,7.0,0.21875,0.0,3.873785972595215,0.2780561447143554,-0.8367218031487565,545.0,270.0,42.0,6.0,0.9853936897947788,0.8802158707799479,61.0,28.0,6.0,1.0,0.9843453510436432,0.840984230239932,
tokyo1,SVM,SMOTE / SMOTENC,8.0,0.21875,0.0,3.875725746154785,0.2711515426635742,-0.6519389437222286,541.0,275.0,37.0,10.0,0.9873714458560192,0.881879175946885,60.0,29.0,5.0,2.0,0.9715370018975332,0.8394083298720995,
tokyo1,SVM,SMOTE / SMOTENC,9.0,0.25,0.0,3.874135971069336,0.2752523422241211,-0.804854005299723,545.0,270.0,42.0,6.0,0.9870573316580576,0.8802158707799479,61.0,30.0,4.0,1.0,0.9791271347248578,0.8859882140730946,
tokyo1,SVM,SMOTE / SMOTENC,10.0,0.21875,0.015625,3.881269454956055,0.2715673446655273,0.2577577184005359,520.0,296.0,16.0,32.0,0.9888517279821628,0.8816208559112276,52.0,31.0,3.0,9.0,0.962873674059788,0.7420164785621604,
tokyo1,SVM,Select Percentile (Mutual Info),1.0,1.125,0.0,2.0155324935913086,0.0535316467285156,0.2222178368032867,535.0,277.0,34.0,17.0,0.9788725010485112,0.8710775946071235,59.0,32.0,3.0,2.0,0.9873536299765808,0.8871261396195388,
tokyo1,SVM,Select Percentile (Mutual Info),2.0,0.359375,0.015625,2.0151376724243164,0.0525703430175781,0.3857373274057984,531.0,281.0,30.0,21.0,0.9789424017894588,0.871221614522783,59.0,30.0,5.0,2.0,0.97096018735363,0.8416833807014049,
tokyo1,SVM,Select Percentile (Mutual Info),3.0,0.359375,0.0,2.0150375366210938,0.05377197265625,0.677676842903123,517.0,293.0,18.0,35.0,0.9843771843981546,0.8691298126728181,56.0,34.0,1.0,5.0,0.99672131147541,0.8716784186866801,
tokyo1,SVM,Select Percentile (Mutual Info),4.0,0.359375,0.0,2.0157432556152344,0.0525703430175781,0.2706933283334349,533.0,283.0,28.0,19.0,0.9817326063656276,0.8813422120868478,60.0,27.0,8.0,1.0,0.9695550351288056,0.7995260635393372,
tokyo1,SVM,Select Percentile (Mutual Info),5.0,0.359375,0.015625,1.9825010299682613,0.0494146347045898,0.4762416584573075,534.0,284.0,27.0,18.0,0.9833286732839368,0.8864025108688803,54.0,30.0,5.0,7.0,0.9330210772833724,0.7341815373961104,
tokyo1,SVM,Select Percentile (Mutual Info),6.0,0.34375,0.0,2.015397071838379,0.05377197265625,0.0698833271556512,539.0,272.0,39.0,13.0,0.9796821846311572,0.8687945860428592,59.0,34.0,1.0,2.0,0.9967213114754098,0.9331939228992782,
tokyo1,SVM,Select Percentile (Mutual Info),7.0,0.375,0.0,2.014779090881348,0.0530509948730468,0.325737124577227,531.0,282.0,30.0,20.0,0.9816766717855646,0.8739004523701815,60.0,30.0,4.0,2.0,0.9838709677419354,0.8624575450871764,
tokyo1,SVM,Select Percentile (Mutual Info),8.0,0.34375,0.0,2.015313148498535,0.0532913208007812,0.3115871697817102,531.0,282.0,30.0,20.0,0.985835776443762,0.8739004523701815,59.0,29.0,5.0,3.0,0.9691650853889944,0.8162544623146492,
tokyo1,SVM,Select Percentile (Mutual Info),9.0,0.359375,0.0,2.015392303466797,0.0520896911621093,0.2771404432080413,530.0,281.0,31.0,21.0,0.9861789752896832,0.8688436870700282,59.0,31.0,3.0,3.0,0.9648956356736242,0.8633776091081594,
tokyo1,SVM,Select Percentile (Mutual Info),10.0,0.34375,0.015625,2.017477035522461,0.0504074096679687,0.7064082690671927,521.0,297.0,15.0,31.0,0.986134336677815,0.8865861798806901,51.0,31.0,3.0,10.0,0.9522661523625844,0.7238000579040069,
tokyo1,SVM,Uniform Binning,1.0,0.015625,0.0,0.8415861129760742,0.0997133255004882,0.0689434952737762,534.0,276.0,35.0,18.0,0.983643226618202,0.8659850919540013,59.0,31.0,4.0,2.0,0.980327868852459,0.8643383076541085,
tokyo1,SVM,Uniform Binning,2.0,0.046875,0.0,0.8411951065063477,0.1015596389770507,0.2983793980634014,529.0,278.0,33.0,23.0,0.9833490610000466,0.8585233126291446,59.0,30.0,5.0,2.0,0.979391100702576,0.8416833807014049,
tokyo1,SVM,Uniform Binning,3.0,0.03125,0.0,0.8411989212036133,0.1020212173461914,0.3185373861263415,528.0,278.0,33.0,24.0,0.9839781676685772,0.8560407181766857,58.0,34.0,1.0,3.0,0.994847775175644,0.9120526480334016,
tokyo1,SVM,Uniform Binning,4.0,0.03125,0.015625,0.841242790222168,0.1010980606079101,0.2814070064101883,530.0,280.0,31.0,22.0,0.984167482175311,0.8661613157407505,61.0,29.0,6.0,0.0,0.9817330210772832,0.8685453368317605,
tokyo1,SVM,Uniform Binning,5.0,0.03125,0.0,0.8515625,0.0931854248046875,0.2121685013719844,536.0,278.0,33.0,16.0,0.9864975068735728,0.8761700972602459,55.0,30.0,5.0,6.0,0.9344262295081966,0.7543783209066021,
tokyo1,SVM,Uniform Binning,6.0,0.015625,0.0,0.8416776657104492,0.1057138442993164,-0.2552471162451203,541.0,264.0,47.0,11.0,0.9840888438417448,0.8541251696178848,60.0,31.0,4.0,1.0,0.9971896955503512,0.8875933832851178,
tokyo1,SVM,Uniform Binning,7.0,0.03125,0.0,0.8411951065063477,0.1015596389770507,0.3019839621547037,529.0,280.0,32.0,22.0,0.983165805761087,0.8637869217698749,59.0,30.0,4.0,3.0,0.9772296015180264,0.8397622016353391,
tokyo1,SVM,Uniform Binning,8.0,0.03125,0.015625,0.8409309387207031,0.0978670120239257,0.0800780067689213,534.0,277.0,35.0,17.0,0.9858096002605984,0.8687356805768528,59.0,28.0,6.0,3.0,0.9677419354838708,0.7928284456711043,
tokyo1,SVM,Uniform Binning,9.0,0.03125,0.0,0.8415765762329102,0.1001749038696289,0.2554369090101341,528.0,279.0,33.0,23.0,0.9847916375820186,0.8587301564697216,60.0,31.0,3.0,2.0,0.956831119544592,0.8856195232263474,
tokyo1,SVM,Uniform Binning,10.0,0.03125,0.0,0.8420495986938477,0.0969438552856445,0.190616364296016,536.0,278.0,34.0,16.0,0.9849295104050538,0.8739029964462784,56.0,30.0,4.0,5.0,0.9604628736740596,0.7954155274004512,
tokyo1,SVM,Yeo-Johnson,1.0,0.3125,0.0,1.1127653121948242,0.0995798110961914,-0.332088964585875,538.0,271.0,40.0,14.0,0.98188988303276,0.8636627270702649,59.0,31.0,4.0,2.0,0.9873536299765808,0.8643383076541085,
tokyo1,SVM,Yeo-Johnson,2.0,0.34375,0.015625,1.1127290725708008,0.0991182327270507,-0.1626373385871198,533.0,275.0,36.0,19.0,0.9802646908057226,0.8608925893008791,60.0,30.0,5.0,1.0,0.9779859484777518,0.8654221130629138,
tokyo1,SVM,Yeo-Johnson,3.0,0.296875,0.0,1.1124658584594729,0.0995798110961914,-0.432858329611532,538.0,271.0,40.0,14.0,0.9822743371079732,0.8636627270702649,61.0,31.0,4.0,0.0,0.9887587822014052,0.9117065269091754,
tokyo1,SVM,Yeo-Johnson,4.0,0.328125,0.015625,1.1127290725708008,0.0977334976196289,-0.3487077027156802,538.0,271.0,40.0,14.0,0.9832704226664803,0.8636627270702649,61.0,27.0,8.0,0.0,0.9840749414519906,0.8258253917383211,
tokyo1,SVM,Yeo-Johnson,5.0,0.3125,0.0,1.1126813888549805,0.0930061340332031,-0.3254174398976319,541.0,274.0,37.0,11.0,0.984790763782096,0.8790583039880476,56.0,27.0,8.0,5.0,0.9423887587822014,0.7039533729502659,
tokyo1,SVM,Yeo-Johnson,6.0,0.3125,0.0,1.1127290725708008,0.0972719192504882,0.6518798691643453,514.0,290.0,21.0,38.0,0.982262686984482,0.85421325868902,53.0,34.0,1.0,8.0,0.9906323185011712,0.8152709617135552,
tokyo1,SVM,Yeo-Johnson,7.0,0.3125,0.0,1.1125497817993164,0.0995798110961914,-0.0316649458320632,533.0,276.0,36.0,18.0,0.9781748801712504,0.8636467338927788,60.0,30.0,4.0,2.0,0.9814990512333964,0.8624575450871764,
tokyo1,SVM,Yeo-Johnson,8.0,0.3125,0.015625,1.1126375198364258,0.0972719192504882,-0.1500229209180141,535.0,278.0,34.0,16.0,0.9833461305784356,0.8738246272609267,60.0,28.0,6.0,2.0,0.9644212523719164,0.8164472825956933,
tokyo1,SVM,Yeo-Johnson,9.0,0.296875,0.015625,1.1127290725708008,0.0977334976196289,-0.3558139095919064,537.0,271.0,41.0,14.0,0.9819500674763832,0.8613660738588917,60.0,31.0,3.0,2.0,0.9724857685009488,0.8856195232263474,
tokyo1,SVM,Yeo-Johnson,10.0,0.296875,0.0,1.1138219833374023,0.0935792922973632,-0.4224841529796319,539.0,272.0,40.0,13.0,0.9852575715347454,0.8665746805312581,59.0,30.0,4.0,2.0,0.9474445515911282,0.861700339718549,
tokyo1,XGBoost,Baseline,1.0,0.75,0.015625,0.824671745300293,0.1187334060668945,0.3362365871667806,552.0,311.0,0.0,0.0,1.0,1.0,57.0,31.0,4.0,4.0,0.9822014051522248,0.8201405152224824,
tokyo1,XGBoost,Baseline,2.0,0.125,0.0,0.8243017196655273,0.1178226470947265,0.3436025384068434,552.0,311.0,0.0,0.0,1.0,1.0,60.0,30.0,5.0,1.0,0.985480093676815,0.8654221130629138,
tokyo1,XGBoost,Baseline,3.0,0.109375,0.0,0.8247404098510742,0.1188640594482421,0.3482101148366873,552.0,311.0,0.0,0.0,1.0,1.0,58.0,32.0,3.0,3.0,0.984543325526932,0.8651053864168619,
tokyo1,XGBoost,Baseline,4.0,0.125,0.0,0.8247365951538086,0.1178264617919921,0.3534312030672973,552.0,311.0,0.0,0.0,1.0,1.0,58.0,28.0,7.0,3.0,0.9770491803278688,0.7728532853703904,
tokyo1,XGBoost,Baseline,5.0,0.125,0.015625,0.834630012512207,0.1153402328491211,0.3408491814136453,552.0,311.0,0.0,0.0,1.0,1.0,57.0,27.0,8.0,4.0,0.9569086651053864,0.7265688715241287,
tokyo1,XGBoost,Baseline,6.0,0.125,0.0,0.8243017196655273,0.1187314987182617,0.3490045276284164,552.0,311.0,0.0,0.0,1.0,1.0,58.0,32.0,3.0,3.0,0.9892271662763468,0.8651053864168619,
tokyo1,XGBoost,Baseline,7.0,0.125,0.0,0.8244810104370117,0.1191205978393554,0.0799572789669036,551.0,311.0,1.0,0.0,1.0,0.997491395443414,61.0,29.0,5.0,1.0,0.9862428842504743,0.8634370542558771,
tokyo1,XGBoost,Baseline,8.0,0.125,0.0,0.8247394561767578,0.1171798706054687,0.0908046311140059,551.0,311.0,1.0,0.0,1.0,0.997491395443414,60.0,28.0,6.0,2.0,0.9777039848197344,0.8164472825956933,
tokyo1,XGBoost,Baseline,9.0,0.125,0.0,0.8247880935668945,0.1182136535644531,0.0785236856341361,551.0,311.0,1.0,0.0,1.0,0.997491395443414,61.0,30.0,4.0,1.0,0.9867172675521824,0.8859882140730946,
tokyo1,XGBoost,Baseline,10.0,0.109375,0.0,0.8252038955688477,0.1170425415039062,0.0910871431231498,552.0,311.0,1.0,0.0,1.0,0.9974930322677592,60.0,29.0,5.0,1.0,0.9705882352941178,0.8627357554346882,
tokyo1,XGBoost,IQR Capping,1.0,0.234375,0.03125,1.3616609573364258,0.12083053588867188,0.3373536199331231,552.0,311.0,0.0,0.0,1.0,1.0,58.0,31.0,4.0,3.0,0.985480093676815,0.8418742217643445,
tokyo1,XGBoost,IQR Capping,2.0,0.265625,0.03125,1.3616046905517578,0.1195974349975586,0.34338634759187164,552.0,311.0,0.0,0.0,1.0,1.0,60.0,30.0,5.0,1.0,0.9859484777517564,0.8654221130629138,
tokyo1,XGBoost,IQR Capping,3.0,0.234375,0.015625,1.362086296081543,0.12037372589111328,0.3437109825015014,552.0,311.0,0.0,0.0,1.0,1.0,58.0,32.0,3.0,3.0,0.9836065573770492,0.8651053864168619,
tokyo1,XGBoost,IQR Capping,4.0,0.25,0.03125,1.3617439270019531,0.11927127838134766,0.3378179639577813,552.0,311.0,0.0,0.0,1.0,1.0,58.0,28.0,7.0,3.0,0.9714285714285714,0.7728532853703904,
tokyo1,XGBoost,IQR Capping,5.0,0.21875,0.03125,1.3575248718261719,0.11718082427978516,0.33578163295983743,552.0,311.0,0.0,0.0,1.0,1.0,57.0,28.0,7.0,4.0,0.955503512880562,0.7498633755339789,
tokyo1,XGBoost,IQR Capping,6.0,0.25,0.03125,1.3618316650390625,0.12102603912353516,0.34834971666335535,552.0,311.0,0.0,0.0,1.0,1.0,58.0,33.0,2.0,3.0,0.9901639344262295,0.8884900224011091,
tokyo1,XGBoost,IQR Capping,7.0,0.25,0.046875,1.361556053161621,0.12180423736572266,0.08310205817222589,551.0,311.0,1.0,0.0,1.0,0.9974913954434139,61.0,27.0,7.0,1.0,0.98719165085389,0.8186062813349223,
tokyo1,XGBoost,IQR Capping,8.0,0.25,0.03125,1.362131118774414,0.11881542205810547,0.09226285189390153,551.0,311.0,1.0,0.0,1.0,0.9974913954434139,59.0,28.0,6.0,3.0,0.9758064516129032,0.7928284456711043,
tokyo1,XGBoost,IQR Capping,9.0,0.234375,0.03125,1.361372947692871,0.12005043029785156,0.08143892914056777,551.0,311.0,1.0,0.0,1.0,0.9974913954434139,61.0,31.0,3.0,1.0,0.9824478178368121,0.9086606278597037,
tokyo1,XGBoost,IQR Capping,10.0,0.25,0.03125,1.3632326126098633,0.1188802719116211,0.09641399055719391,552.0,311.0,1.0,0.0,1.0,0.9974930322677593,59.0,29.0,5.0,2.0,0.9705882352941175,0.8385502710891851,
tokyo1,XGBoost,IQR Removal,1.0,0.1875,0.015625,0.862513542175293,0.1189508438110351,0.3362365871667806,552.0,311.0,0.0,0.0,1.0,1.0,57.0,31.0,4.0,4.0,0.9822014051522248,0.8201405152224824,
tokyo1,XGBoost,IQR Removal,2.0,0.203125,0.0,0.8613157272338867,0.1180400848388671,0.3436025384068434,552.0,311.0,0.0,0.0,1.0,1.0,60.0,30.0,5.0,1.0,0.985480093676815,0.8654221130629138,
tokyo1,XGBoost,IQR Removal,3.0,0.1875,0.015625,0.8620843887329102,0.1190814971923828,0.3482101148366873,552.0,311.0,0.0,0.0,1.0,1.0,58.0,32.0,3.0,3.0,0.984543325526932,0.8651053864168619,
tokyo1,XGBoost,IQR Removal,4.0,0.1875,0.015625,0.8624191284179688,0.1180438995361328,0.3534312030672973,552.0,311.0,0.0,0.0,1.0,1.0,58.0,28.0,7.0,3.0,0.9770491803278688,0.7728532853703904,
tokyo1,XGBoost,IQR Removal,5.0,0.1875,0.015625,0.8715248107910156,0.1155576705932617,0.3408491814136453,552.0,311.0,0.0,0.0,1.0,1.0,57.0,27.0,8.0,4.0,0.9569086651053864,0.7265688715241287,
tokyo1,XGBoost,IQR Removal,6.0,0.1875,0.015625,0.861846923828125,0.1189489364624023,0.3490045276284164,552.0,311.0,0.0,0.0,1.0,1.0,58.0,32.0,3.0,3.0,0.9892271662763468,0.8651053864168619,
tokyo1,XGBoost,IQR Removal,7.0,0.1875,0.015625,0.8611040115356445,0.1193380355834961,0.0799572789669036,551.0,311.0,1.0,0.0,1.0,0.997491395443414,61.0,29.0,5.0,1.0,0.9862428842504743,0.8634370542558771,
tokyo1,XGBoost,IQR Removal,8.0,0.1875,0.0,0.8612871170043945,0.1173973083496093,0.0908046311140059,551.0,311.0,1.0,0.0,1.0,0.997491395443414,60.0,28.0,6.0,2.0,0.9777039848197344,0.8164472825956933,
tokyo1,XGBoost,IQR Removal,9.0,0.1875,0.0,0.8612794876098633,0.1184310913085937,0.0785236856341361,551.0,311.0,1.0,0.0,1.0,0.997491395443414,61.0,30.0,4.0,1.0,0.9867172675521824,0.8859882140730946,
tokyo1,XGBoost,IQR Removal,10.0,0.1875,0.015625,0.8624382019042969,0.1172599792480468,0.0910871431231498,552.0,311.0,1.0,0.0,1.0,0.9974930322677592,60.0,29.0,5.0,1.0,0.9705882352941178,0.8627357554346882,
tokyo1,XGBoost,PCA,1.0,0.578125,0.0,0.7165012359619141,0.1398248672485351,0.3698816782236052,552.0,311.0,0.0,0.0,1.0,1.0,58.0,32.0,3.0,3.0,0.980327868852459,0.8651053864168619,
tokyo1,XGBoost,PCA,2.0,0.46875,0.0,0.7165412902832031,0.1407337188720703,0.3706781011819791,552.0,311.0,0.0,0.0,1.0,1.0,59.0,30.0,5.0,2.0,0.9765807962529274,0.8416833807014049,
tokyo1,XGBoost,PCA,3.0,0.65625,0.0,0.7164134979248047,0.1404075622558593,0.3770242220163295,552.0,311.0,0.0,0.0,1.0,1.0,61.0,31.0,4.0,0.0,0.989695550351288,0.9117065269091754,
tokyo1,XGBoost,PCA,4.0,0.46875,0.09375,0.7165889739990234,0.1390409469604492,0.3697708004713008,552.0,311.0,0.0,0.0,1.0,1.0,58.0,28.0,7.0,3.0,0.9653395784543326,0.7728532853703904,
tokyo1,XGBoost,PCA,5.0,0.46875,0.0,0.7165889739990234,0.1348695755004882,0.3890856498479796,552.0,311.0,0.0,0.0,1.0,1.0,56.0,25.0,10.0,5.0,0.94192037470726,0.6566020490360823,
tokyo1,XGBoost,PCA,6.0,0.5625,0.015625,0.7165012359619141,0.1406679153442382,0.3880976617336225,552.0,311.0,0.0,0.0,1.0,1.0,56.0,33.0,2.0,5.0,0.9807962529274004,0.8473069569763498,
tokyo1,XGBoost,PCA,7.0,0.46875,0.0,0.7164936065673828,0.1406669616699218,0.1171443545818328,551.0,311.0,1.0,0.0,1.0,0.997491395443414,61.0,29.0,5.0,1.0,0.9886148007590134,0.8634370542558771,
tokyo1,XGBoost,PCA,8.0,0.5,0.0,0.7165031433105469,0.1371612548828125,0.1359657472372054,551.0,311.0,1.0,0.0,1.0,0.997491395443414,60.0,27.0,7.0,2.0,0.9644212523719164,0.7935491620242836,
tokyo1,XGBoost,PCA,9.0,0.546875,0.0,0.7165412902832031,0.1389179229736328,0.1143174642324444,551.0,311.0,1.0,0.0,1.0,0.997491395443414,60.0,30.0,4.0,2.0,0.976280834914611,0.8624575450871764,
tokyo1,XGBoost,PCA,10.0,0.65625,0.0,0.7171840667724609,0.1365089416503906,0.1435602378845217,552.0,311.0,1.0,0.0,1.0,0.9974930322677592,56.0,29.0,5.0,5.0,0.9411764705882352,0.7709739633558341,
tokyo1,XGBoost,Quantile Binning,1.0,0.0625,0.015625,0.8377008438110352,0.149881362915039,0.3907016777992221,552.0,311.0,0.0,0.0,1.0,1.0,57.0,32.0,3.0,4.0,0.981264637002342,0.8437861219029401,
tokyo1,XGBoost,Quantile Binning,2.0,0.0625,0.015625,0.838475227355957,0.1515026092529297,0.3538222992420163,552.0,311.0,0.0,0.0,1.0,1.0,58.0,30.0,5.0,3.0,0.979391100702576,0.8187718729837107,
tokyo1,XGBoost,Quantile Binning,3.0,0.0625,0.0,0.838129997253418,0.1515026092529297,0.4121315705776185,552.0,311.0,0.0,0.0,1.0,1.0,56.0,31.0,4.0,5.0,0.9714285714285714,0.799082221404771,
tokyo1,XGBoost,Quantile Binning,4.0,0.0625,0.015625,0.8386564254760742,0.1489086151123047,0.4134689199924435,552.0,311.0,0.0,0.0,1.0,1.0,57.0,27.0,8.0,4.0,0.9718969555035128,0.7265688715241287,
tokyo1,XGBoost,Quantile Binning,5.0,0.0625,0.0,0.8481836318969727,0.1451311111450195,0.4288144910335509,552.0,311.0,0.0,0.0,1.0,1.0,55.0,30.0,5.0,6.0,0.9597189695550352,0.7543783209066021,
tokyo1,XGBoost,Quantile Binning,6.0,0.0625,0.0,0.8387422561645508,0.1481304168701172,0.3827685099840127,552.0,311.0,0.0,0.0,1.0,1.0,57.0,31.0,4.0,4.0,0.9840749414519906,0.8201405152224824,
tokyo1,XGBoost,Quantile Binning,7.0,0.078125,0.0,0.838475227355957,0.1500759124755859,0.1877982133626931,551.0,311.0,1.0,0.0,1.0,0.997491395443414,59.0,29.0,5.0,3.0,0.9852941176470588,0.8162544623146492,
tokyo1,XGBoost,Quantile Binning,8.0,0.0625,0.0,0.8383054733276367,0.1481952667236328,0.2184805101156232,551.0,311.0,1.0,0.0,1.0,0.997491395443414,60.0,28.0,6.0,2.0,0.967741935483871,0.8164472825956933,
tokyo1,XGBoost,Quantile Binning,9.0,0.046875,0.0,0.8381509780883789,0.1513729095458984,0.2128789490461345,551.0,311.0,1.0,0.0,1.0,0.997491395443414,61.0,31.0,3.0,1.0,0.9857685009487668,0.9086606278597036,
tokyo1,XGBoost,Quantile Binning,10.0,0.0625,0.0,0.8387174606323242,0.1476116180419922,0.1558372491598131,552.0,311.0,1.0,0.0,1.0,0.9974930322677592,58.0,26.0,8.0,3.0,0.9657666345226614,0.7448323967826341,
tokyo1,XGBoost,Quantile Transform,1.0,0.171875,0.015625,1.124799728393555,0.3692340850830078,0.3362365871667806,552.0,311.0,0.0,0.0,1.0,1.0,57.0,31.0,4.0,4.0,0.9822014051522248,0.8201405152224824,
tokyo1,XGBoost,Quantile Transform,2.0,0.171875,0.015625,1.1258726119995115,0.3683910369873047,0.3475692641735023,552.0,311.0,0.0,0.0,1.0,1.0,60.0,30.0,5.0,1.0,0.984543325526932,0.8654221130629138,
tokyo1,XGBoost,Quantile Transform,3.0,0.1875,0.015625,1.1247100830078125,0.3693647384643554,0.3482101148366873,552.0,311.0,0.0,0.0,1.0,1.0,58.0,32.0,3.0,3.0,0.984543325526932,0.8651053864168619,
tokyo1,XGBoost,Quantile Transform,4.0,0.1875,0.015625,1.126582145690918,0.3683271408081054,0.3534312030672973,552.0,311.0,0.0,0.0,1.0,1.0,58.0,28.0,7.0,3.0,0.9770491803278688,0.7728532853703904,
tokyo1,XGBoost,Quantile Transform,5.0,0.171875,0.015625,1.1255874633789062,0.3652563095092773,0.3484155359864182,552.0,311.0,0.0,0.0,1.0,1.0,57.0,28.0,7.0,4.0,0.9540983606557376,0.7498633755339789,
tokyo1,XGBoost,Quantile Transform,6.0,0.1875,0.015625,1.125229835510254,0.369232177734375,0.3490045276284164,552.0,311.0,0.0,0.0,1.0,1.0,58.0,32.0,3.0,3.0,0.9892271662763468,0.8651053864168619,
tokyo1,XGBoost,Quantile Transform,7.0,0.1875,0.015625,1.1258478164672852,0.3696212768554687,0.0799572789669036,551.0,311.0,1.0,0.0,1.0,0.997491395443414,61.0,29.0,5.0,1.0,0.9862428842504743,0.8634370542558771,
tokyo1,XGBoost,Quantile Transform,8.0,0.1875,0.015625,1.1262006759643557,0.3672246932983398,0.0888824239373205,551.0,311.0,1.0,0.0,1.0,0.997491395443414,60.0,27.0,7.0,2.0,0.9772296015180264,0.7935491620242836,
tokyo1,XGBoost,Quantile Transform,9.0,0.171875,0.015625,1.1251907348632812,0.3683900833129883,0.0723539155721663,551.0,311.0,1.0,0.0,1.0,0.997491395443414,61.0,30.0,4.0,1.0,0.9876660341555978,0.8859882140730946,
tokyo1,XGBoost,Quantile Transform,10.0,0.171875,0.0,1.1289854049682615,0.367833137512207,0.0910871431231498,552.0,311.0,1.0,0.0,1.0,0.9974930322677592,60.0,29.0,5.0,1.0,0.9705882352941178,0.8627357554346882,
tokyo1,XGBoost,Random Undersampling,1.0,0.125,0.015625,1.0100679397583008,0.117136001586914,0.0830445092916488,543.0,310.0,1.0,9.0,0.9976699753017382,0.9752001914756528,58.0,32.0,3.0,3.0,0.9878220140515224,0.8651053864168619,
tokyo1,XGBoost,Random Undersampling,2.0,0.109375,0.015625,1.0102062225341797,0.1147241592407226,0.105094056725502,543.0,310.0,1.0,9.0,0.996831166410364,0.9752001914756528,60.0,30.0,5.0,1.0,0.989695550351288,0.8654221130629138,
tokyo1,XGBoost,Random Undersampling,3.0,0.109375,0.015625,1.010110855102539,0.1138172149658203,0.0881922015547752,542.0,309.0,2.0,10.0,0.995345775665222,0.9702002344575535,59.0,31.0,4.0,2.0,0.986416861826698,0.8643383076541085,
tokyo1,XGBoost,Random Undersampling,4.0,0.109375,0.015625,1.010114669799805,0.1144657135009765,0.0668300917744635,549.0,308.0,3.0,3.0,0.9979903536977492,0.9849189151405005,60.0,28.0,7.0,1.0,0.981264637002342,0.8214111636628237,
tokyo1,XGBoost,Random Undersampling,5.0,0.109375,0.0,1.0102062225341797,0.1127748489379882,0.1653694130480288,544.0,311.0,0.0,8.0,0.9974486229554032,0.980200148493752,56.0,28.0,7.0,5.0,0.958782201405152,0.727639003642915,
tokyo1,XGBoost,Random Undersampling,6.0,0.109375,0.0,1.009979248046875,0.1127204895019531,0.1387686260044573,544.0,311.0,0.0,8.0,0.9969127172748032,0.980200148493752,58.0,33.0,2.0,3.0,0.9878220140515224,0.8884900224011091,
tokyo1,XGBoost,Random Undersampling,7.0,0.125,0.015625,1.0128402709960938,0.1174116134643554,0.0926479224860668,543.0,311.0,1.0,8.0,0.9991158267020336,0.9776688013889124,60.0,31.0,3.0,2.0,0.9876660341555976,0.8856195232263474,
tokyo1,XGBoost,Random Undersampling,8.0,0.125,0.0,1.0128841400146484,0.1153907775878906,0.202658410668373,544.0,312.0,0.0,7.0,0.9978361021918192,0.9826652670602984,59.0,29.0,5.0,3.0,0.9772296015180264,0.8162544623146492,
tokyo1,XGBoost,Random Undersampling,9.0,0.109375,0.0,1.0129318237304688,0.1131172180175781,0.0907016411423683,543.0,311.0,1.0,8.0,0.9971264367816092,0.9776688013889124,61.0,31.0,3.0,1.0,0.9895635673624288,0.9086606278597036,
tokyo1,XGBoost,Random Undersampling,10.0,0.109375,0.0,1.0128841400146484,0.1158552169799804,0.1658386841416363,544.0,312.0,0.0,8.0,0.9982580824972128,0.980239544814119,58.0,30.0,4.0,3.0,0.9590163934426228,0.8388543238460258,
tokyo1,XGBoost,SMOTE / SMOTENC,1.0,0.3125,0.015625,3.880002021789551,0.2732305526733398,0.3506615254282899,552.0,311.0,0.0,0.0,1.0,1.0,56.0,33.0,2.0,5.0,0.9822014051522248,0.8473069569763498,
tokyo1,XGBoost,SMOTE / SMOTENC,2.0,0.3125,0.0,3.880240440368652,0.2738037109375,0.3460454857349341,552.0,311.0,0.0,0.0,1.0,1.0,59.0,30.0,5.0,2.0,0.9831381733021076,0.8416833807014049,
tokyo1,XGBoost,SMOTE / SMOTENC,3.0,0.328125,0.0,3.878777503967285,0.2740869522094726,0.342858346998686,552.0,311.0,0.0,0.0,1.0,1.0,57.0,32.0,3.0,4.0,0.9779859484777516,0.8437861219029401,
tokyo1,XGBoost,SMOTE / SMOTENC,4.0,0.328125,0.0,3.880809783935547,0.2734718322753906,0.3470512580871527,552.0,311.0,0.0,0.0,1.0,1.0,58.0,28.0,7.0,3.0,0.9733021077283373,0.7728532853703904,
tokyo1,XGBoost,SMOTE / SMOTENC,5.0,0.328125,0.0,3.879592895507813,0.2719020843505859,0.3438167738914435,552.0,311.0,0.0,0.0,1.0,1.0,57.0,29.0,6.0,4.0,0.9550351288056208,0.7732054383133128,
tokyo1,XGBoost,SMOTE / SMOTENC,6.0,0.328125,0.015625,3.877880096435547,0.2735652923583984,0.3517247119545882,552.0,311.0,0.0,0.0,1.0,1.0,58.0,34.0,1.0,3.0,0.990632318501171,0.9120526480334016,
tokyo1,XGBoost,SMOTE / SMOTENC,7.0,0.328125,0.0,3.8730716705322266,0.2762298583984375,0.0710383763909339,551.0,311.0,1.0,0.0,1.0,0.997491395443414,61.0,29.0,5.0,1.0,0.9895635673624288,0.8634370542558771,
tokyo1,XGBoost,SMOTE / SMOTENC,8.0,0.328125,0.015625,3.875411987304688,0.2707967758178711,0.0872497841715809,551.0,311.0,1.0,0.0,1.0,0.997491395443414,60.0,26.0,8.0,2.0,0.9777039848197344,0.7706878648665366,
tokyo1,XGBoost,SMOTE / SMOTENC,9.0,0.3125,0.0,3.873058319091797,0.2744398117065429,0.0760021597146986,551.0,311.0,1.0,0.0,1.0,0.997491395443414,61.0,31.0,3.0,1.0,0.9838709677419356,0.9086606278597036,
tokyo1,XGBoost,SMOTE / SMOTENC,10.0,0.328125,0.0,3.880648612976074,0.274515151977539,0.0929091623425484,552.0,311.0,1.0,0.0,1.0,0.9974930322677592,59.0,28.0,6.0,2.0,0.970106075216972,0.8154966218518089,
tokyo1,XGBoost,Select Percentile (Mutual Info),1.0,1.234375,0.0,2.014967918395996,0.1202354431152343,0.3371651950478501,552.0,311.0,0.0,0.0,1.0,1.0,57.0,31.0,4.0,4.0,0.9840749414519908,0.8201405152224824,
tokyo1,XGBoost,Select Percentile (Mutual Info),2.0,0.4375,0.0,2.0147476196289062,0.1190729141235351,0.3378767099976489,552.0,311.0,0.0,0.0,1.0,1.0,60.0,30.0,5.0,1.0,0.9817330210772832,0.8654221130629138,
tokyo1,XGBoost,Select Percentile (Mutual Info),3.0,0.421875,0.0,2.014349937438965,0.1199798583984375,0.3364538234472222,552.0,311.0,0.0,0.0,1.0,1.0,58.0,32.0,3.0,3.0,0.9840749414519908,0.8651053864168619,
tokyo1,XGBoost,Select Percentile (Mutual Info),4.0,0.421875,0.0,2.0141735076904297,0.1191377639770507,0.3596391236782023,552.0,311.0,0.0,0.0,1.0,1.0,59.0,28.0,7.0,2.0,0.9770491803278688,0.7966771528304466,
tokyo1,XGBoost,Select Percentile (Mutual Info),5.0,0.421875,0.0,1.9818878173828125,0.1169672012329101,0.3586453163623758,552.0,311.0,0.0,0.0,1.0,1.0,57.0,27.0,8.0,4.0,0.9564402810304448,0.7265688715241287,
tokyo1,XGBoost,Select Percentile (Mutual Info),6.0,0.421875,0.015625,2.014927864074707,0.1197195053100586,0.3625972896814295,552.0,311.0,0.0,0.0,1.0,1.0,58.0,34.0,1.0,3.0,0.9929742388758782,0.9120526480334016,
tokyo1,XGBoost,Select Percentile (Mutual Info),7.0,0.421875,0.0,2.014967918395996,0.1214094161987304,0.0820753505825995,551.0,311.0,1.0,0.0,1.0,0.997491395443414,61.0,30.0,4.0,1.0,0.9928842504743832,0.8859882140730946,
tokyo1,XGBoost,Select Percentile (Mutual Info),8.0,0.421875,0.0,2.015047073364258,0.1191997528076171,0.0959067562222478,551.0,311.0,1.0,0.0,1.0,0.997491395443414,60.0,27.0,7.0,2.0,0.9800759013282732,0.7935491620242836,
tokyo1,XGBoost,Select Percentile (Mutual Info),9.0,0.421875,0.0,2.014704704284668,0.1199836730957031,0.094150843322277,551.0,311.0,1.0,0.0,1.0,0.997491395443414,61.0,30.0,4.0,1.0,0.9867172675521824,0.8859882140730946,
tokyo1,XGBoost,Select Percentile (Mutual Info),10.0,0.421875,0.015625,2.0167770385742188,0.1189393997192382,0.1010479122400285,552.0,311.0,1.0,0.0,1.0,0.9974930322677592,60.0,28.0,6.0,1.0,0.9686595949855352,0.8401950351847234,
tokyo1,XGBoost,Uniform Binning,1.0,0.046875,0.0,0.8406782150268555,0.1600570678710937,0.4724219357967377,548.0,307.0,4.0,4.0,0.9993650682697236,0.9798918868540006,57.0,32.0,3.0,4.0,0.9690866510538642,0.8437861219029401,
tokyo1,XGBoost,Uniform Binning,2.0,0.0625,0.0,0.840418815612793,0.1574630737304687,0.4902651917934417,548.0,307.0,4.0,4.0,0.9993213803066312,0.9798918868540006,60.0,31.0,4.0,1.0,0.9681498829039812,0.8875933832851178,
tokyo1,XGBoost,Uniform Binning,3.0,0.046875,0.0,0.8405027389526367,0.1608352661132812,0.4960493671894073,548.0,307.0,4.0,4.0,0.9993679808005964,0.9798918868540006,58.0,33.0,2.0,3.0,0.9765807962529274,0.8884900224011091,
tokyo1,XGBoost,Uniform Binning,4.0,0.046875,0.015625,0.8407297134399414,0.1510429382324218,0.5132479834556577,548.0,307.0,4.0,4.0,0.9992835174052844,0.9798918868540006,55.0,27.0,8.0,6.0,0.9625292740046838,0.6820725689725172,
tokyo1,XGBoost,Uniform Binning,5.0,0.046875,0.0,0.8503446578979492,0.1545934677124023,0.4693709909915924,549.0,307.0,4.0,3.0,0.9995747704925672,0.9823961499568488,55.0,28.0,7.0,6.0,0.9362997658079624,0.7061184681987616,
tokyo1,XGBoost,Uniform Binning,6.0,0.046875,0.0,0.8412561416625977,0.1568794250488281,0.4405387651920316,548.0,307.0,4.0,4.0,0.999292254997903,0.9798918868540006,57.0,31.0,4.0,4.0,0.976112412177986,0.8201405152224824,
tokyo1,XGBoost,Uniform Binning,7.0,0.0625,0.0,0.8411684036254883,0.1564254760742187,0.4612883925437925,547.0,307.0,5.0,4.0,0.9991856298571362,0.977397323297064,57.0,31.0,3.0,5.0,0.963472485768501,0.8210543814390143,
tokyo1,XGBoost,Uniform Binning,8.0,0.046875,0.015625,0.8402833938598633,0.1551284790039062,0.5217428112030028,547.0,307.0,5.0,4.0,0.9990721997300944,0.977397323297064,60.0,29.0,5.0,2.0,0.9729601518026566,0.8394083298720995,
tokyo1,XGBoost,Uniform Binning,9.0,0.046875,0.0,0.8411245346069336,0.1573333740234375,0.4677688479423523,547.0,306.0,6.0,4.0,0.9992757922658104,0.9748773229836576,59.0,31.0,3.0,3.0,0.9625237191650854,0.8633776091081594,
tokyo1,XGBoost,Uniform Binning,10.0,0.046875,0.0,0.8415765762329102,0.15240478515625,0.5119243669509889,550.0,309.0,3.0,2.0,0.9997706475287996,0.9874525599731588,53.0,31.0,3.0,8.0,0.962873674059788,0.760704798380945,
tokyo1,XGBoost,Yeo-Johnson,1.0,0.40625,0.0,1.1122121810913086,0.1184024810791015,0.3414108169078772,552.0,311.0,0.0,0.0,1.0,1.0,58.0,30.0,5.0,3.0,0.979391100702576,0.8187718729837107,
tokyo1,XGBoost,Yeo-Johnson,2.0,0.4375,0.0,1.1120328903198242,0.119053840637207,0.3573497781157439,552.0,311.0,0.0,0.0,1.0,1.0,60.0,30.0,5.0,1.0,0.986416861826698,0.8654221130629138,
tokyo1,XGBoost,Yeo-Johnson,3.0,0.421875,0.015625,1.1120805740356443,0.1200923919677734,0.3423107370734159,552.0,311.0,0.0,0.0,1.0,1.0,58.0,31.0,4.0,3.0,0.9873536299765808,0.8418742217643445,
tokyo1,XGBoost,Yeo-Johnson,4.0,0.40625,0.0,1.1120328903198242,0.1187314987182617,0.3535509580373711,552.0,311.0,0.0,0.0,1.0,1.0,57.0,28.0,7.0,4.0,0.9756440281030444,0.7498633755339789,
tokyo1,XGBoost,Yeo-Johnson,5.0,0.40625,0.0,1.111985206604004,0.1162443161010742,0.3443723469972558,552.0,311.0,0.0,0.0,1.0,1.0,57.0,28.0,7.0,4.0,0.955503512880562,0.7498633755339789,
tokyo1,XGBoost,Yeo-Johnson,6.0,0.390625,0.0,1.111985206604004,0.1187934875488281,0.3623266834020561,552.0,311.0,0.0,0.0,1.0,1.0,58.0,32.0,3.0,3.0,0.9901639344262296,0.8651053864168619,
tokyo1,XGBoost,Yeo-Johnson,7.0,0.390625,0.015625,1.111985206604004,0.1191825866699218,0.0927538040280341,551.0,311.0,1.0,0.0,1.0,0.997491395443414,61.0,28.0,6.0,1.0,0.9843453510436432,0.840984230239932,
tokyo1,XGBoost,Yeo-Johnson,8.0,0.421875,0.015625,1.1120328903198242,0.1182765960693359,0.0941410294175146,551.0,311.0,1.0,0.0,1.0,0.997491395443414,60.0,27.0,7.0,2.0,0.9810246679316889,0.7935491620242836,
tokyo1,XGBoost,Yeo-Johnson,9.0,0.390625,0.0,1.1120805740356443,0.1173000335693359,0.0888213989138602,551.0,311.0,1.0,0.0,1.0,0.997491395443414,61.0,30.0,4.0,1.0,0.986717267552182,0.8859882140730946,
tokyo1,XGBoost,Yeo-Johnson,10.0,0.390625,0.0,1.1132726669311523,0.1184015274047851,0.0986885124444961,552.0,311.0,1.0,0.0,1.0,0.9974930322677592,59.0,29.0,5.0,2.0,0.9696239151398264,0.8385502710891851,
