Dataset,Model,Preprocessor,Fold,Fit_Time_sec,Predict_Time_Test_sec,Peak_Memory_MB,Pipeline_Disk_Size_MB,Iterations,Optimal_Threshold,Train_TP,Train_TN,Train_FP,Train_FN,Train_ROC_AUC,Train_MCC,Test_TP,Test_TN,Test_FP,Test_FN,Test_ROC_AUC,Test_MCC,Error_Log
diabetes,GaussianNB,Baseline,1,0.015625,0.0,0.15227031707763672,0.0018396377563476562,,0.31807433581206157,173,346,104,68,0.8224619640387276,0.47332987893154727,20,35,15,7,0.8266666666666667,0.4223683957499603,
diabetes,GaussianNB,Baseline,2,0.0,0.0,0.15064334869384766,0.0018396377563476562,,0.3114673863427868,174,347,103,67,0.8264084831719687,0.47952604735388843,15,40,10,12,0.7933333333333333,0.36232865092627065,
diabetes,GaussianNB,Baseline,3,0.0,0.0,0.15086650848388672,0.0018396377563476562,,0.18363263429730597,200,304,146,41,0.8292116182572615,0.48175820536895153,20,33,17,7,0.7659259259259258,0.38273618458017133,
diabetes,GaussianNB,Baseline,4,0.015625,0.0,0.15082263946533203,0.0018396377563476562,,0.4951215867469744,145,381,69,96,0.813609958506224,0.4621075162791493,19,48,2,8,0.9348148148148148,0.7111111111111111,
diabetes,GaussianNB,Baseline,5,0.015625,0.0,0.15082263946533203,0.0018396377563476562,,0.17025104480383116,204,295,155,37,0.8243614568925772,0.47888028485132483,25,29,21,2,0.8414814814814814,0.4922594438233207,
diabetes,GaussianNB,Baseline,6,0.0,0.0,0.15082263946533203,0.0018396377563476562,,0.20177898532770172,200,304,146,41,0.8241217150760719,0.48175820536895153,19,34,16,8,0.7992592592592592,0.3677089562999654,
diabetes,GaussianNB,Baseline,7,0.0,0.0,0.15077877044677734,0.0018396377563476562,,0.5625032708198892,143,392,58,98,0.8270262793914245,0.4873919453952335,12,46,4,15,0.8192592592592594,0.4286208662612397,
diabetes,GaussianNB,Baseline,8,0.015625,0.0,0.15077877044677734,0.0018396377563476562,,0.3172563911635969,171,358,92,70,0.8265375749193177,0.49578300419257765,19,35,15,8,0.7740740740740741,0.3879322914310754,
diabetes,GaussianNB,Baseline,9,0.0,0.0,0.15104961395263672,0.0018396377563476562,,0.5219744287256941,145,387,63,97,0.8228191000918275,0.4775693631550681,19,39,11,7,0.8438461538461539,0.49574330754818896,
diabetes,GaussianNB,Baseline,10,0.0,0.0,0.15096187591552734,0.0018396377563476562,,0.24928231404689427,185,337,113,57,0.8335812672176309,0.49439344104153227,17,35,15,9,0.74,0.3400046276937225,
diabetes,GaussianNB,IQR Capping,1,0.03125,0.0,0.22200393676757812,0.0020656585693359375,,0.7234372130437994,123,407,43,118,0.8186537574919319,0.46274161599647207,16,42,8,11,0.8496296296296297,0.44565871858907996,
diabetes,GaussianNB,IQR Capping,2,0.03125,0.0,0.2218456268310547,0.0020656585693359375,,0.4497643771637585,162,363,87,79,0.8275334255417244,0.4753547354713268,14,42,8,13,0.797037037037037,0.378691704962503,
diabetes,GaussianNB,IQR Capping,3,0.03125,0.015625,0.22179794311523438,0.0020656585693359375,,0.22175598102876454,196,307,143,45,0.8271369294605809,0.4723756017907972,19,34,16,8,0.7718518518518519,0.3677089562999654,
diabetes,GaussianNB,IQR Capping,4,0.03125,0.0,0.22175025939941406,0.0020656585693359375,,0.21196029765819693,198,289,161,43,0.8137759336099585,0.44241343461726124,22,42,8,5,0.9340740740740741,0.6407311295324921,
diabetes,GaussianNB,IQR Capping,5,0.03125,0.015625,0.22179794311523438,0.0020656585693359375,,0.21441689266297795,197,308,142,44,0.8262978331028124,0.47844984376257527,22,30,20,5,0.8192592592592592,0.39752319599996266,
diabetes,GaussianNB,IQR Capping,6,0.03125,0.0,0.22179794311523438,0.0020656585693359375,,0.30898717329298825,178,338,112,63,0.8226279391424619,0.4729050842116649,18,39,11,9,0.8096296296296296,0.4398765500800706,
diabetes,GaussianNB,IQR Capping,7,0.03125,0.0,0.22179889678955078,0.0020656585693359375,,0.3161157101231181,174,347,103,67,0.8262886122637161,0.47952604735388843,16,40,10,11,0.8155555555555556,0.3961295342422729,
diabetes,GaussianNB,IQR Capping,8,0.046875,0.015625,0.22175025939941406,0.0020656585693359375,,0.3664074711650354,167,361,89,74,0.8235776855693868,0.4886557165460975,17,36,14,10,0.797037037037037,0.3401851500506696,
diabetes,GaussianNB,IQR Capping,9,0.03125,0.015625,0.22209739685058594,0.0020656585693359375,,0.22958976249436946,193,311,139,49,0.8224609733700642,0.4664180514778683,24,27,23,2,0.8492307692307692,0.452248241855526,
diabetes,GaussianNB,IQR Capping,10,0.03125,0.0,0.22204971313476562,0.0020656585693359375,,0.33003257637712136,175,348,102,67,0.8333516988062443,0.48322163149031033,16,36,14,10,0.7338461538461538,0.3255181959201964,
diabetes,GaussianNB,Quantile Capping,1,0.03125,0.015625,0.2218456268310547,0.002071380615234375,,0.5479246586485644,146,388,62,95,0.8222959889349931,0.4862778528057071,18,38,12,9,0.8385185185185186,0.417489966754203,
diabetes,GaussianNB,Quantile Capping,2,0.03125,0.0,0.2218456268310547,0.002071380615234375,,0.5497972867674328,149,385,65,92,0.8272844628861227,0.48837734156031526,14,44,6,13,0.794074074074074,0.4336735806213181,
diabetes,GaussianNB,Quantile Capping,3,0.03125,0.0,0.2218456268310547,0.002071380615234375,,0.5155106419905624,152,381,69,89,0.8286768095896726,0.48778305552598,15,41,9,12,0.7703703703703704,0.3868989217888074,
diabetes,GaussianNB,Quantile Capping,4,0.046875,0.015625,0.2218456268310547,0.002071380615234375,,0.5078873926931488,145,381,69,96,0.813941908713693,0.4621075162791493,21,48,2,6,0.937037037037037,0.7691865051883202,
diabetes,GaussianNB,Quantile Capping,5,0.03125,0.0,0.2218456268310547,0.002071380615234375,,0.5311018918199356,148,384,66,93,0.8238543107422776,0.48180988524002377,18,43,7,9,0.8422222222222222,0.5366993141845384,
diabetes,GaussianNB,Quantile Capping,6,0.046875,0.015625,0.2218456268310547,0.002071380615234375,,0.2321017878904029,194,319,131,47,0.8256615952051636,0.49066406079887465,18,36,14,9,0.7962962962962963,0.37438839013338365,
diabetes,GaussianNB,Quantile Capping,7,0.03125,0.015625,0.2218456268310547,0.002071380615234375,,0.532381285578867,149,385,65,92,0.825901337021669,0.48837734156031526,15,46,4,12,0.8207407407407408,0.5263532956993116,
diabetes,GaussianNB,Quantile Capping,8,0.03125,0.0,0.22179794311523438,0.002071380615234375,,0.4162003394629016,162,370,80,79,0.8278008298755186,0.4939479393459722,16,35,15,11,0.7696296296296297,0.2846888437924036,
diabetes,GaussianNB,Quantile Capping,9,0.03125,0.015625,0.22209739685058594,0.002071380615234375,,0.5728671480892592,142,391,59,100,0.8229017447199265,0.4786538426004205,18,40,10,8,0.8361538461538462,0.48418202613504197,
diabetes,GaussianNB,Quantile Capping,10,0.046875,0.015625,0.22204971313476562,0.002071380615234375,,0.6269347089197995,142,398,52,100,0.8331221303948577,0.5002917257831742,11,44,6,15,0.7484615384615385,0.3450436816774235,
diabetes,GaussianNB,IQR Removal,1,0.03125,0.0,0.17910194396972656,0.0020389556884765625,,0.6934765540052266,134,390,60,107,0.7918487782388197,0.44828145354104093,17,40,10,10,0.8074074074074072,0.42962962962962964,
diabetes,GaussianNB,IQR Removal,2,0.03125,0.0,0.17777633666992188,0.0020389556884765625,,0.7016059344886418,131,394,56,110,0.7938865836791148,0.4495947776323487,13,44,6,14,0.7999999999999999,0.4000940939272025,
diabetes,GaussianNB,IQR Removal,3,0.03125,0.0,0.1781749725341797,0.0020389556884765625,,0.23297940667241826,187,305,145,54,0.7874043337943752,0.4327909710002652,18,33,17,9,0.7599999999999999,0.31304951684997057,
diabetes,GaussianNB,IQR Removal,4,0.03125,0.0,0.18091106414794922,0.0020389556884765625,,0.6623576230805219,129,385,65,112,0.7717565698478561,0.4144940970405109,17,50,0,10,0.9074074074074073,0.7243558228002942,
diabetes,GaussianNB,IQR Removal,5,0.03125,0.0,0.17929935455322266,0.0020389556884765625,,0.6864140178726422,129,392,58,112,0.7941078838174276,0.4359251339774909,18,43,7,9,0.7933333333333333,0.5366993141845384,
diabetes,GaussianNB,IQR Removal,6,0.03125,0.0,0.17960071563720703,0.0020389556884765625,,0.36535803802396255,170,343,107,71,0.8009497464269248,0.4547413736645239,16,38,12,11,0.7533333333333334,0.349754259914075,
diabetes,GaussianNB,IQR Removal,7,0.03125,0.0,0.18059825897216797,0.0020389556884765625,,0.28323691816509783,178,331,119,63,0.7955555555555555,0.4564565090734927,16,40,10,11,0.7918518518518518,0.3961295342422729,
diabetes,GaussianNB,IQR Removal,8,0.03125,0.0,0.18220806121826172,0.0020389556884765625,,0.3759898830115599,169,349,101,72,0.8036975564776394,0.4657237983949693,16,35,15,11,0.7474074074074073,0.2846888437924036,
diabetes,GaussianNB,IQR Removal,9,0.03125,0.0,0.17872905731201172,0.0020389556884765625,,0.3214026235418634,172,331,119,70,0.7835720844811753,0.43114317977378636,21,31,19,5,0.8176923076923077,0.40637021561225684,
diabetes,GaussianNB,IQR Removal,10,0.03125,0.0,0.17971229553222656,0.0020389556884765625,,0.36816663225851914,170,350,100,72,0.8091551882460972,0.46951518359809225,15,35,15,11,0.7107692307692308,0.26877649204419884,
diabetes,GaussianNB,Quantile Removal,1,0.03125,0.0,0.19330692291259766,0.002044677734375,,0.2140022324813429,198,302,148,43,0.8210511756569848,0.46961185881843726,26,30,20,1,0.825925925925926,0.5477557500815867,
diabetes,GaussianNB,Quantile Removal,2,0.03125,0.0,0.19263267517089844,0.002044677734375,,0.40390369890794126,172,352,98,69,0.8252005532503457,0.48439454109107194,15,40,10,12,0.7874074074074073,0.36232865092627065,
diabetes,GaussianNB,Quantile Removal,3,0.03125,0.0,0.1925945281982422,0.002044677734375,,0.19458927077215682,204,295,155,37,0.8279575841401567,0.47888028485132483,21,33,17,6,0.7659259259259259,0.41782699435409404,
diabetes,GaussianNB,Quantile Removal,4,0.03125,0.0,0.19367122650146484,0.002044677734375,,0.5762726153714118,142,384,66,99,0.8145043798985707,0.45979784994596135,20,49,1,7,0.9340740740740741,0.7722222222222223,
diabetes,GaussianNB,Quantile Removal,5,0.03125,0.0,0.19330787658691406,0.002044677734375,,0.2032830615985651,202,300,150,39,0.8236422314430614,0.4812803877783677,24,30,20,3,0.8481481481481481,0.4714045207910317,
diabetes,GaussianNB,Quantile Removal,6,0.03125,0.0,0.19366073608398438,0.002044677734375,,0.2436302493016361,198,316,134,43,0.8233471645919778,0.4996468630960485,18,34,16,9,0.7837037037037037,0.33312350897200604,
diabetes,GaussianNB,Quantile Removal,7,0.03125,0.0,0.1926889419555664,0.002044677734375,,0.31608330158138725,176,343,107,65,0.8257538035961273,0.47731918872019446,17,39,11,10,0.8200000000000001,0.4063321549001754,
diabetes,GaussianNB,Quantile Removal,8,0.03125,0.0,0.19253063201904297,0.002044677734375,,0.3993421173470914,166,360,90,75,0.8252466574458275,0.48236791743372803,18,35,15,9,0.7755555555555556,0.3535533905932738,
diabetes,GaussianNB,Quantile Removal,9,0.03125,0.0,0.19284725189208984,0.002044677734375,,0.21419277211946325,200,304,146,42,0.8210927456382001,0.47878787878787876,24,28,22,2,0.8300000000000001,0.4688656583437691,
diabetes,GaussianNB,Quantile Removal,10,0.03125,0.0,0.19370460510253906,0.002044677734375,,0.2093323387446018,201,305,145,41,0.8316345270890725,0.48484848484848486,19,33,17,7,0.7576923076923077,0.37128789483997565,
diabetes,GaussianNB,Yeo-Johnson,1,0.078125,0.0,0.20938968658447266,0.0022459030151367188,,0.6039223511208238,137,400,50,104,0.8342000922083911,0.49060370859692204,16,44,6,11,0.877037037037037,0.49918452017784487,
diabetes,GaussianNB,Yeo-Johnson,2,0.0625,0.015625,0.2094430923461914,0.0022459030151367188,,0.5679909136424861,146,395,55,95,0.8421853388658368,0.5074499836467288,13,46,4,14,0.8096296296296296,0.4618833599503053,
diabetes,GaussianNB,Yeo-Johnson,3,0.0625,0.0,0.2093954086303711,0.0022459030151367188,,0.2646161168586107,204,308,142,37,0.8435500230520978,0.5060508984699802,18,34,16,9,0.7844444444444444,0.33312350897200604,
diabetes,GaussianNB,Yeo-Johnson,4,0.078125,0.0,0.2093515396118164,0.0022459030151367188,,0.23883749292833537,205,289,161,36,0.8265191332411248,0.470589879338209,24,40,10,3,0.9340740740740741,0.6619762037264222,
diabetes,GaussianNB,Yeo-Johnson,5,0.0625,0.0,0.2094430923461914,0.0022459030151367188,,0.2004899952776838,213,283,167,28,0.8363577685569387,0.4911469518841821,24,26,24,3,0.845925925925926,0.40267306076981585,
diabetes,GaussianNB,Yeo-Johnson,6,0.0625,0.0,0.20939922332763672,0.0022459030151367188,,0.2604140227795917,203,307,143,38,0.8387275242047025,0.499977725194723,22,32,18,5,0.8266666666666667,0.43438080837749576,
diabetes,GaussianNB,Yeo-Johnson,7,0.078125,0.0,0.2094430923461914,0.0022459030151367188,,0.5709877626691402,145,394,56,96,0.8402397418165054,0.5007639708962304,12,46,4,15,0.8251851851851851,0.4286208662612397,
diabetes,GaussianNB,Yeo-Johnson,8,0.0625,0.0,0.2094430923461914,0.0022459030151367188,,0.5792317688599726,141,397,53,100,0.8380912863070539,0.49558375264178295,15,39,11,12,0.8288888888888889,0.3385786396448106,
diabetes,GaussianNB,Yeo-Johnson,9,0.0625,0.0,0.20969486236572266,0.0022459030151367188,,0.3096389605574779,194,326,124,48,0.8367493112947658,0.5034202514960582,23,29,21,3,0.8615384615384616,0.4464408589717574,
diabetes,GaussianNB,Yeo-Johnson,10,0.0625,0.0,0.20969486236572266,0.0022459030151367188,,0.5638701534582586,146,395,55,96,0.8493296602387512,0.5053539723073642,13,42,8,13,0.7153846153846153,0.36071117824729815,
diabetes,GaussianNB,Quantile Transform,1,0.03125,0.0,0.21260452270507812,0.04934120178222656,,0.42080334439112166,189,335,115,52,0.833969571230982,0.507589657384211,25,31,19,2,0.8725925925925926,0.5264017148833188,
diabetes,GaussianNB,Quantile Transform,2,0.015625,0.0,0.21235275268554688,0.04934120178222656,,0.49214785971781283,176,356,94,65,0.8382203780544029,0.5092888646858754,17,44,6,10,0.8185185185185185,0.5313256180417312,
diabetes,GaussianNB,Quantile Transform,3,0.015625,0.0,0.2127523422241211,0.04934120178222656,,0.46724965162996007,187,347,103,54,0.8428307976025818,0.5282827432971575,19,40,10,8,0.7859259259259259,0.49604652413672967,
diabetes,GaussianNB,Quantile Transform,4,0.015625,0.0,0.21346378326416016,0.04934120178222656,,0.4731843888595234,173,353,97,68,0.8223605348086676,0.4906181219897728,20,43,7,7,0.9266666666666667,0.6007407407407407,
diabetes,GaussianNB,Quantile Transform,5,0.015625,0.0,0.21219730377197266,0.04934120178222656,,0.478277998829849,181,348,102,60,0.8366528354080223,0.5081944025637957,21,41,9,6,0.8525925925925926,0.5849208388379199,
diabetes,GaussianNB,Quantile Transform,6,0.015625,0.0,0.21220874786376953,0.04934120178222656,,0.48387443112559747,173,360,90,68,0.8366159520516367,0.5082911664437394,21,40,10,6,0.8518518518518517,0.5621703750837337,
diabetes,GaussianNB,Quantile Transform,7,0.015625,0.0,0.2117300033569336,0.04934120178222656,,0.4476628174408129,185,345,105,56,0.8376671277086214,0.5159765968337148,16,40,10,11,0.8340740740740741,0.3961295342422729,
diabetes,GaussianNB,Quantile Transform,8,0.015625,0.015625,0.2124795913696289,0.04934120178222656,,0.5213256859386685,169,370,80,72,0.8394190871369295,0.5196289128821217,19,37,13,8,0.7881481481481482,0.4296142637737487,
diabetes,GaussianNB,Quantile Transform,9,0.015625,0.0,0.2119607925415039,0.04940986633300781,,0.47179541254363455,187,346,104,55,0.8380808080808082,0.5232230572696076,22,32,18,4,0.8538461538461538,0.461917223501702,
diabetes,GaussianNB,Quantile Transform,10,0.03125,0.0,0.21291732788085938,0.04940986633300781,,0.4277731795088613,192,337,113,50,0.8450229568411387,0.5208707593112487,17,33,17,9,0.7330769230769231,0.2994500453670523,
diabetes,GaussianNB,Min-Max Scaler,1,0.0,0.0,0.15825557708740234,0.002216339111328125,,0.3180672016739271,173,346,104,68,0.8224435223605349,0.47332987893154727,20,35,15,7,0.8266666666666667,0.4223683957499603,
diabetes,GaussianNB,Min-Max Scaler,2,0.0,0.0,0.15806102752685547,0.002216339111328125,,0.3114616790462737,174,347,103,67,0.8263992623328722,0.47952604735388843,15,40,10,12,0.7933333333333333,0.36232865092627065,
diabetes,GaussianNB,Min-Max Scaler,3,0.015625,0.0,0.15810489654541016,0.002216339111328125,,0.18362739020834834,200,304,146,41,0.8292116182572615,0.48175820536895153,20,33,17,7,0.7659259259259258,0.38273618458017133,
diabetes,GaussianNB,Min-Max Scaler,4,0.0,0.0,0.15810489654541016,0.002216339111328125,,0.49511787421748227,145,381,69,96,0.8136007376671276,0.4621075162791493,19,48,2,8,0.9348148148148148,0.7111111111111111,
diabetes,GaussianNB,Min-Max Scaler,5,0.015625,0.0,0.1579732894897461,0.002216339111328125,,0.1702488910797781,204,295,155,37,0.8243706777316736,0.47888028485132483,25,29,21,2,0.8414814814814814,0.4922594438233207,
diabetes,GaussianNB,Min-Max Scaler,6,0.0,0.0,0.15801715850830078,0.002216339111328125,,0.2017739097874821,200,304,146,41,0.8241217150760719,0.48175820536895153,19,34,16,8,0.7992592592592592,0.3677089562999654,
diabetes,GaussianNB,Min-Max Scaler,7,0.015625,0.0,0.15806102752685547,0.002216339111328125,,0.5624962599890618,143,392,58,98,0.8270355002305207,0.4873919453952335,12,46,4,15,0.8192592592592594,0.4286208662612397,
diabetes,GaussianNB,Min-Max Scaler,8,0.0,0.0,0.15806102752685547,0.002216339111328125,,0.31728095062513884,171,358,92,70,0.8265375749193177,0.49578300419257765,19,35,15,8,0.7740740740740741,0.3879322914310754,
diabetes,GaussianNB,Min-Max Scaler,9,0.015625,0.0,0.15810871124267578,0.002216339111328125,,0.5219684667271288,145,387,63,97,0.8228191000918275,0.4775693631550681,19,39,11,7,0.8438461538461539,0.49574330754818896,
diabetes,GaussianNB,Min-Max Scaler,10,0.015625,0.0,0.15833187103271484,0.002216339111328125,,0.24927515878652895,185,337,113,57,0.8335812672176309,0.49439344104153227,17,35,15,9,0.74,0.3400046276937225,
diabetes,GaussianNB,Standard Scaler,1,0.015625,0.0,0.16362667083740234,0.0020112991333007812,,0.3180672015456424,173,346,104,68,0.8224435223605349,0.47332987893154727,20,35,15,7,0.8266666666666667,0.4223683957499603,
diabetes,GaussianNB,Standard Scaler,2,0.015625,0.0,0.16368961334228516,0.0020112991333007812,,0.3114616789497868,174,347,103,67,0.8263992623328722,0.47952604735388843,15,40,10,12,0.7933333333333333,0.36232865092627065,
diabetes,GaussianNB,Standard Scaler,3,0.0,0.0,0.16373348236083984,0.0020112991333007812,,0.18362739020312674,200,304,146,41,0.8292116182572615,0.48175820536895153,20,33,17,7,0.7659259259259258,0.38273618458017133,
diabetes,GaussianNB,Standard Scaler,4,0.015625,0.0,0.16373348236083984,0.0020112991333007812,,0.49511787431549326,145,381,69,96,0.8136007376671276,0.4621075162791493,19,48,2,8,0.9348148148148148,0.7111111111111111,
diabetes,GaussianNB,Standard Scaler,5,0.015625,0.0,0.16373348236083984,0.0020112991333007812,,0.17024889103082935,204,295,155,37,0.8243706777316736,0.47888028485132483,25,29,21,2,0.8414814814814814,0.4922594438233207,
diabetes,GaussianNB,Standard Scaler,6,0.0,0.0,0.16368961334228516,0.0020112991333007812,,0.20177390980394894,200,304,146,41,0.8241217150760719,0.48175820536895153,19,34,16,8,0.7992592592592592,0.3677089562999654,
diabetes,GaussianNB,Standard Scaler,7,0.0,0.0,0.16373348236083984,0.0020112991333007812,,0.562496260591429,143,392,58,98,0.8270355002305207,0.4873919453952335,12,46,4,15,0.8192592592592594,0.4286208662612397,
diabetes,GaussianNB,Standard Scaler,8,0.0,0.0,0.16373348236083984,0.0020112991333007812,,0.31728095017531005,171,358,92,70,0.8265375749193177,0.49578300419257765,19,35,15,8,0.7740740740740741,0.3879322914310754,
diabetes,GaussianNB,Standard Scaler,9,0.015625,0.0,0.1639242172241211,0.0020112991333007812,,0.5219684670999589,145,387,63,97,0.8228191000918275,0.4775693631550681,19,39,11,7,0.8438461538461539,0.49574330754818896,
diabetes,GaussianNB,Standard Scaler,10,0.015625,0.0,0.1639242172241211,0.0020112991333007812,,0.24927515874416667,185,337,113,57,0.8335812672176309,0.49439344104153227,17,35,15,9,0.74,0.3400046276937225,
diabetes,GaussianNB,Robust Scaler,1,0.015625,0.0,0.15898418426513672,0.0019683837890625,,0.31806720114386916,173,346,104,68,0.8224435223605349,0.47332987893154727,20,35,15,7,0.8266666666666667,0.4223683957499603,
diabetes,GaussianNB,Robust Scaler,2,0.015625,0.0,0.15890026092529297,0.0019683837890625,,0.31146167856989815,174,347,103,67,0.8263992623328722,0.47952604735388843,15,40,10,12,0.7933333333333333,0.36232865092627065,
diabetes,GaussianNB,Robust Scaler,3,0.0,0.0,0.15907001495361328,0.0019683837890625,,0.18362739042255977,200,304,146,41,0.8292116182572615,0.48175820536895153,20,33,17,7,0.7659259259259258,0.38273618458017133,
diabetes,GaussianNB,Robust Scaler,4,0.015625,0.0,0.1590280532836914,0.0019683837890625,,0.49511787392740875,145,381,69,96,0.8136007376671276,0.4621075162791493,19,48,2,8,0.9348148148148148,0.7111111111111111,
diabetes,GaussianNB,Robust Scaler,5,0.015625,0.0,0.15911197662353516,0.0019683837890625,,0.17024889108776298,204,295,155,37,0.8243706777316736,0.47888028485132483,25,29,21,2,0.8414814814814814,0.4922594438233207,
diabetes,GaussianNB,Robust Scaler,6,0.0,0.0,0.15911197662353516,0.0019683837890625,,0.20177390970907216,200,304,146,41,0.8241217150760719,0.48175820536895153,19,34,16,8,0.7992592592592592,0.3677089562999654,
diabetes,GaussianNB,Robust Scaler,7,0.015625,0.0,0.1588144302368164,0.0019683837890625,,0.5624962591800273,143,392,58,98,0.8270355002305207,0.4873919453952335,12,46,4,15,0.8192592592592594,0.4286208662612397,
diabetes,GaussianNB,Robust Scaler,8,0.015625,0.0,0.15902233123779297,0.0019683837890625,,0.31728094921291716,171,358,92,70,0.8265375749193177,0.49578300419257765,19,35,15,8,0.7740740740740741,0.3879322914310754,
diabetes,GaussianNB,Robust Scaler,9,0.0,0.0,0.15916728973388672,0.0019683837890625,,0.5219684665960241,145,387,63,97,0.8228191000918275,0.4775693631550681,19,39,11,7,0.8438461538461539,0.49574330754818896,
diabetes,GaussianNB,Robust Scaler,10,0.0,0.0,0.15916919708251953,0.0019683837890625,,0.24927515866866456,185,337,113,57,0.8335812672176309,0.49439344104153227,17,35,15,9,0.74,0.3400046276937225,
diabetes,GaussianNB,Uniform Binning,1,0.0,0.0,0.1548776626586914,0.002536773681640625,,0.1750590915329076,198,301,149,43,0.8065790686952512,0.46749763518145077,26,28,22,1,0.8007407407407406,0.5150130088831341,
diabetes,GaussianNB,Uniform Binning,2,0.0,0.0,0.1550283432006836,0.002536773681640625,,0.2396048553692755,187,319,131,54,0.809124020285846,0.4635852056667934,16,38,12,11,0.7874074074074073,0.349754259914075,
diabetes,GaussianNB,Uniform Binning,3,0.015625,0.0,0.15511608123779297,0.002536773681640625,,0.1831050308905168,202,300,150,39,0.8135500230520979,0.4812803877783677,19,33,17,8,0.7696296296296297,0.3478335179045545,
diabetes,GaussianNB,Uniform Binning,4,0.0,0.0,0.15507221221923828,0.002536773681640625,,0.4341056875388037,156,363,87,85,0.7993868142000924,0.45310554627314187,19,46,4,8,0.9211111111111111,0.6502560616150257,
diabetes,GaussianNB,Uniform Binning,5,0.0,0.0,0.15511608123779297,0.002536773681640625,,0.1878411759546852,203,301,149,38,0.8118718303365606,0.4873546297501458,22,33,17,5,0.8118518518518518,0.4531761478527484,
diabetes,GaussianNB,Uniform Binning,6,0.015625,0.0,0.15511608123779297,0.002536773681640625,,0.1866003767518272,201,305,145,40,0.8137344398340249,0.4878313786442087,20,33,17,7,0.7637037037037036,0.38273618458017133,
diabetes,GaussianNB,Uniform Binning,7,0.0,0.0,0.15506839752197266,0.002536773681640625,,0.19939680478604688,196,307,143,45,0.813969571230982,0.4723756017907972,20,36,14,7,0.7918518518518518,0.4427410738901448,
diabetes,GaussianNB,Uniform Binning,8,0.0,0.0,0.1549844741821289,0.002536773681640625,,0.4022072682007477,160,368,82,81,0.8152881512217613,0.4812169424758466,15,33,17,12,0.7074074074074074,0.20871076921228857,
diabetes,GaussianNB,Uniform Binning,9,0.0,0.0,0.1551198959350586,0.002536773681640625,,0.1499666636104298,203,279,171,39,0.794641873278237,0.4390648454715324,25,25,25,1,0.8661538461538462,0.46153846153846156,
diabetes,GaussianNB,Uniform Binning,10,0.015625,0.0,0.1551675796508789,0.002536773681640625,,0.3969066327242609,165,366,84,77,0.8194536271808999,0.49198347481464677,14,39,11,12,0.7315384615384616,0.3215685538755756,
diabetes,GaussianNB,Quantile Binning,1,0.015625,0.0,0.15543270111083984,0.0025310516357421875,,0.39946883798504107,179,339,111,62,0.818298755186722,0.47905815744338626,23,36,14,4,0.8496296296296297,0.5461595831717048,
diabetes,GaussianNB,Quantile Binning,2,0.0,0.0,0.15556812286376953,0.0025310516357421875,,0.3743866091319378,185,331,119,56,0.8211111111111111,0.4831198254663605,20,41,9,7,0.8488888888888888,0.5522164981933888,
diabetes,GaussianNB,Quantile Binning,3,0.0,0.0,0.1553506851196289,0.0025310516357421875,,0.3796814430801353,183,336,114,58,0.8258967266021209,0.48712602617446155,19,36,14,8,0.7822222222222222,0.4085505846855608,
diabetes,GaussianNB,Quantile Binning,4,0.0,0.0,0.1552591323852539,0.0025310516357421875,,0.33484545641692864,189,314,136,52,0.8105855232826187,0.4602446323135239,21,44,6,6,0.9311111111111111,0.6577777777777778,
diabetes,GaussianNB,Quantile Binning,5,0.015625,0.0,0.15552425384521484,0.0025310516357421875,,0.4383284835853732,173,346,104,68,0.8237298294144767,0.47332987893154727,19,37,13,8,0.8007407407407408,0.4296142637737487,
diabetes,GaussianNB,Quantile Binning,6,0.015625,0.0,0.1552591323852539,0.0025310516357421875,,0.4207300022600461,176,343,107,65,0.8188888888888889,0.47731918872019446,18,40,10,9,0.8348148148148149,0.4629100498862757,
diabetes,GaussianNB,Quantile Binning,7,0.0,0.015625,0.15543460845947266,0.0025310516357421875,,0.40980982479741884,176,343,107,65,0.8226279391424619,0.47731918872019446,17,40,10,10,0.8207407407407408,0.42962962962962964,
diabetes,GaussianNB,Quantile Binning,8,0.0,0.0,0.15556621551513672,0.0025310516357421875,,0.3946880258534783,181,341,109,60,0.8274273858921162,0.4913643039068291,16,37,13,11,0.7644444444444445,0.3275366019667524,
diabetes,GaussianNB,Quantile Binning,9,0.0,0.0,0.15570735931396484,0.0025310516357421875,,0.39719787478509067,180,339,111,62,0.8248484848484848,0.4802524477715577,24,31,19,2,0.8023076923076923,0.519806645146523,
diabetes,GaussianNB,Quantile Binning,10,0.015625,0.0,0.15557575225830078,0.0025310516357421875,,0.3728617509049536,186,338,112,56,0.8329292929292929,0.5005132224740012,16,34,16,10,0.7307692307692308,0.28382995007475964,
diabetes,GaussianNB,Random Undersampling,1,0.015625,0.0,0.18306922912597656,0.005825996398925781,,0.566212734043089,157,372,78,84,0.8131904103273397,0.48098815534745226,18,36,14,9,0.8177777777777777,0.37438839013338365,
diabetes,GaussianNB,Random Undersampling,2,0.015625,0.0,0.18279743194580078,0.005825996398925781,,0.580933469513286,155,377,73,86,0.8212909174734901,0.4874610349536843,14,42,8,13,0.8007407407407408,0.378691704962503,
diabetes,GaussianNB,Random Undersampling,3,0.015625,0.0,0.18270587921142578,0.005825996398925781,,0.5237126463834638,168,362,88,73,0.8319225449515907,0.494943515658467,18,40,10,9,0.7829629629629629,0.4629100498862757,
diabetes,GaussianNB,Random Undersampling,4,0.015625,0.0,0.18274879455566406,0.005825996398925781,,0.5051485436905809,164,351,99,77,0.8106316274781005,0.4520044363135112,22,47,3,5,0.9385185185185185,0.7691935318622287,
diabetes,GaussianNB,Random Undersampling,5,0.015625,0.0,0.18288421630859375,0.005825996398925781,,0.7278872504664766,139,395,55,102,0.8266943291839558,0.482068810041571,14,44,6,13,0.8488888888888889,0.4336735806213181,
diabetes,GaussianNB,Random Undersampling,6,0.0,0.0,0.18283653259277344,0.005825996398925781,,0.34167481230839797,189,314,136,52,0.8155555555555556,0.4602446323135239,18,34,16,9,0.7659259259259259,0.33312350897200604,
diabetes,GaussianNB,Random Undersampling,7,0.015625,0.0,0.18284034729003906,0.005825996398925781,,0.5094221200548974,172,345,105,69,0.8166436145689259,0.46713371050920616,17,41,9,10,0.8118518518518518,0.4536804288397352,
diabetes,GaussianNB,Random Undersampling,8,0.015625,0.0,0.18284034729003906,0.005825996398925781,,0.4578396678411228,167,361,89,74,0.8161871830336561,0.4886557165460975,18,35,15,9,0.7481481481481481,0.3535533905932738,
diabetes,GaussianNB,Random Undersampling,9,0.0,0.0,0.18333053588867188,0.005841255187988281,,0.30309237150001944,202,299,151,40,0.8210468319559229,0.47617032611280485,23,27,23,3,0.81,0.41212395446777156,
diabetes,GaussianNB,Random Undersampling,10,0.015625,0.0,0.18341827392578125,0.005841255187988281,,0.5652938989614883,167,361,89,75,0.8256565656565656,0.4862782462431474,14,39,11,12,0.7346153846153846,0.3215685538755756,
diabetes,GaussianNB,SMOTE / SMOTENC,1,0.015625,0.0,0.31102657318115234,0.02164936065673828,,0.621249314358061,156,371,79,85,0.8220746887966804,0.47457831936532835,18,38,12,9,0.845925925925926,0.417489966754203,
diabetes,GaussianNB,SMOTE / SMOTENC,2,0.015625,0.0,0.3106412887573242,0.02164936065673828,,0.4916608438680387,173,353,97,68,0.8286952512678655,0.4906181219897728,16,41,9,11,0.8081481481481481,0.4204522053456932,
diabetes,GaussianNB,SMOTE / SMOTENC,3,0.0,0.0,0.31046581268310547,0.02164936065673828,,0.5542121951931935,164,365,85,77,0.8293499308437068,0.4880045004458396,15,38,12,12,0.7859259259259259,0.31555555555555553,
diabetes,GaussianNB,SMOTE / SMOTENC,4,0.0,0.0,0.3108177185058594,0.02164936065673828,,0.47043661245617413,169,349,101,72,0.8170677731673581,0.4657237983949693,21,48,2,6,0.9318518518518518,0.7691865051883202,
diabetes,GaussianNB,SMOTE / SMOTENC,5,0.015625,0.0,0.31086158752441406,0.02164936065673828,,0.5391898660004115,168,362,88,73,0.8271277086214845,0.494943515658467,20,39,11,7,0.8385185185185184,0.5066740688254677,
diabetes,GaussianNB,SMOTE / SMOTENC,6,0.015625,0.015625,0.31050968170166016,0.02164936065673828,,0.49002763523583104,171,351,99,70,0.8217335177501153,0.47817096019237104,17,40,10,10,0.7822222222222222,0.42962962962962964,
diabetes,GaussianNB,SMOTE / SMOTENC,7,0.015625,0.015625,0.3106851577758789,0.02164936065673828,,0.4405683413313698,176,349,101,65,0.8292946058091286,0.4919183841985707,17,40,10,10,0.8244444444444444,0.42962962962962964,
diabetes,GaussianNB,SMOTE / SMOTENC,8,0.0,0.0,0.31086063385009766,0.02164936065673828,,0.4694767800222587,172,359,91,69,0.8326694329183955,0.5020370853181585,19,35,15,8,0.7681481481481481,0.3879322914310754,
diabetes,GaussianNB,SMOTE / SMOTENC,9,0.015625,0.0,0.31075382232666016,0.02171802520751953,,0.43850310762413736,176,349,101,66,0.8280165289256199,0.48940646796778775,22,34,16,4,0.813076923076923,0.4992301766027062,
diabetes,GaussianNB,SMOTE / SMOTENC,10,0.015625,0.0,0.3108377456665039,0.02171802520751953,,0.7695732312793113,136,406,44,106,0.8366391184573002,0.5046068821869695,10,44,6,16,0.75,0.3079293958369561,
diabetes,LogisticRegression,Baseline,1,0.046875,0.0,0.17209625244140625,0.0017652511596679688,175.0,0.3767082222963165,173,367,83,68,0.8390502535730752,0.5263825112203144,18,35,15,9,0.8274074074074074,0.3535533905932738,
diabetes,LogisticRegression,Baseline,2,0.03125,0.0,0.17473220825195312,0.0017652511596679688,143.0,0.3287324306523973,187,347,103,54,0.8442508068234209,0.5282827432971575,18,40,10,9,0.7985185185185184,0.4629100498862757,
diabetes,LogisticRegression,Baseline,3,0.046875,0.0,0.17315292358398438,0.0017652511596679688,144.0,0.4951558495662768,143,399,51,98,0.8415583218072845,0.509098695241995,15,42,8,12,0.8029629629629629,0.4123951744684367,
diabetes,LogisticRegression,Baseline,4,0.046875,0.0,0.17398643493652344,0.0017652511596679688,193.0,0.48017327231744333,140,396,54,101,0.8283356385431073,0.48882628134167694,16,48,2,11,0.9274074074074075,0.6230310409890115,
diabetes,LogisticRegression,Baseline,5,0.046875,0.0,0.17876815795898438,0.0017652511596679688,136.0,0.4127440494606592,161,376,74,80,0.839428307976026,0.506627499275948,18,44,6,9,0.8429629629629629,0.563178312189625,
diabetes,LogisticRegression,Baseline,6,0.03125,0.0,0.17494773864746094,0.0017652511596679688,123.0,0.46124697775872936,148,390,60,93,0.8356016597510373,0.49951785423558,18,44,6,9,0.854074074074074,0.563178312189625,
diabetes,LogisticRegression,Baseline,7,0.046875,0.0,0.1727581024169922,0.0017652511596679688,147.0,0.3619325952345881,177,357,93,64,0.8392438911940987,0.5155124455845763,17,41,9,10,0.8325925925925926,0.4536804288397352,
diabetes,LogisticRegression,Baseline,8,0.046875,0.015625,0.17455673217773438,0.0017652511596679688,187.0,0.36988047675078184,170,364,86,71,0.8424435223605349,0.5075191138832059,19,38,12,8,0.7999999999999999,0.4511777625672017,
diabetes,LogisticRegression,Baseline,9,0.03125,0.0,0.17400836944580078,0.0017652511596679688,116.0,0.29694160599596253,197,322,128,45,0.836712580348944,0.5060476595501193,24,28,22,2,0.8769230769230769,0.4688656583437691,
diabetes,LogisticRegression,Baseline,10,0.03125,0.0,0.17321491241455078,0.0017652511596679688,129.0,0.36281033975450777,177,364,86,65,0.8476951331496786,0.5308079780719025,15,37,13,11,0.7530769230769231,0.31169217932443327,
diabetes,LogisticRegression,IQR Capping,1,0.0625,0.0,0.2221660614013672,0.00199127197265625,128.0,0.40090032143463905,166,374,76,75,0.8421945597049332,0.5194099330862234,18,36,14,9,0.8340740740740741,0.37438839013338365,
diabetes,LogisticRegression,IQR Capping,2,0.078125,0.015625,0.22191238403320312,0.00199127197265625,184.0,0.3584167187272619,179,359,91,62,0.8464269248501615,0.5279596073819781,18,40,10,9,0.8103703703703703,0.4629100498862757,
diabetes,LogisticRegression,IQR Capping,3,0.078125,0.015625,0.22196006774902344,0.00199127197265625,181.0,0.3776567234771265,173,360,90,68,0.8452097740894422,0.5082911664437394,18,40,10,9,0.8118518518518518,0.4629100498862757,
diabetes,LogisticRegression,IQR Capping,4,0.078125,0.015625,0.22191238403320312,0.00199127197265625,160.0,0.3418160461698084,179,346,104,62,0.8314061779621945,0.49584431702635523,20,48,2,7,0.9318518518518519,0.7401701506085286,
diabetes,LogisticRegression,IQR Capping,5,0.0625,0.0,0.2218647003173828,0.00199127197265625,129.0,0.5166179461650693,136,406,44,105,0.8441678192715536,0.506587772600477,13,46,4,14,0.8303703703703703,0.4618833599503053,
diabetes,LogisticRegression,IQR Capping,6,0.078125,0.015625,0.22191238403320312,0.00199127197265625,146.0,0.3495697489252163,177,350,100,64,0.8396772706316274,0.4981145526209118,21,40,10,6,0.8644444444444445,0.5621703750837337,
diabetes,LogisticRegression,IQR Capping,7,0.0625,0.0,0.22191238403320312,0.00199127197265625,158.0,0.3425465290888921,183,350,100,58,0.8421115721530659,0.5205444881012362,17,42,8,10,0.8362962962962963,0.4785757597651158,
diabetes,LogisticRegression,IQR Capping,8,0.0625,0.0,0.22196006774902344,0.00199127197265625,167.0,0.33011782891734903,185,345,105,56,0.8441309359151682,0.5159765968337148,21,36,14,6,0.8148148148148148,0.4770278351999552,
diabetes,LogisticRegression,IQR Capping,9,0.0625,0.0,0.22211647033691406,0.00199127197265625,127.0,0.39020214223208716,168,369,81,74,0.8414325068870523,0.5109248659669632,23,34,16,3,0.8692307692307693,0.5359092068325648,
diabetes,LogisticRegression,IQR Capping,10,0.078125,0.015625,0.22216415405273438,0.00199127197265625,159.0,0.3456402819279731,183,356,94,59,0.8511662075298438,0.5327003233101297,15,36,14,11,0.7484615384615384,0.28997976969473926,
diabetes,LogisticRegression,Quantile Capping,1,0.0625,0.0,0.22191238403320312,0.0019969940185546875,115.0,0.3407157078489862,184,351,99,57,0.8426002766251729,0.5267195308699565,19,33,17,8,0.8303703703703704,0.3478335179045545,
diabetes,LogisticRegression,Quantile Capping,2,0.078125,0.015625,0.22191238403320312,0.0019969940185546875,132.0,0.34139453819591314,182,355,95,59,0.8443245735361917,0.5290953947326175,18,41,9,9,0.8148148148148148,0.4866666666666667,
diabetes,LogisticRegression,Quantile Capping,3,0.0625,0.0,0.22191238403320312,0.0019969940185546875,151.0,0.3738889708408257,172,359,91,69,0.844407561088059,0.5020370853181585,19,39,11,8,0.8029629629629629,0.4733002574487753,
diabetes,LogisticRegression,Quantile Capping,4,0.0625,0.0,0.22186565399169922,0.0019969940185546875,124.0,0.3603188663298082,173,353,97,68,0.8306777316735823,0.4906181219897728,20,48,2,7,0.9266666666666666,0.7401701506085286,
diabetes,LogisticRegression,Quantile Capping,5,0.0625,0.0,0.22196006774902344,0.0019969940185546875,197.0,0.4098590788191159,161,376,74,80,0.8424066390041495,0.506627499275948,17,44,6,10,0.8414814814814815,0.5313256180417312,
diabetes,LogisticRegression,Quantile Capping,6,0.078125,0.0,0.2218170166015625,0.0019969940185546875,165.0,0.5351341060345596,131,408,42,110,0.8394190871369295,0.49529760308639076,15,44,6,12,0.8585185185185185,0.4666666666666667,
diabetes,LogisticRegression,Quantile Capping,7,0.078125,0.015625,0.22191238403320312,0.0019969940185546875,148.0,0.36914212038321387,174,361,89,67,0.8417427385892116,0.5145452475693204,17,41,9,10,0.8318518518518518,0.4536804288397352,
diabetes,LogisticRegression,Quantile Capping,8,0.0625,0.0,0.22196006774902344,0.0019969940185546875,162.0,0.3325408050166317,184,344,106,57,0.8443706777316736,0.5098235236019933,20,36,14,7,0.8125925925925925,0.4427410738901448,
diabetes,LogisticRegression,Quantile Capping,9,0.0625,0.0,0.22206878662109375,0.0019969940185546875,114.0,0.36075567182418905,175,355,95,67,0.8398714416896236,0.5005767999508532,24,31,19,2,0.8692307692307693,0.519806645146523,
diabetes,LogisticRegression,Quantile Capping,10,0.078125,0.015625,0.22211647033691406,0.0019969940185546875,168.0,0.35707415056531927,180,360,90,62,0.8502846648301193,0.5316384163036142,15,37,13,11,0.7530769230769231,0.31169217932443327,
diabetes,LogisticRegression,IQR Removal,1,0.0625,0.0,0.19294261932373047,0.001964569091796875,172.0,0.3281337455291606,186,346,104,55,0.8402581834946979,0.5221296700654361,21,32,18,6,0.8244444444444445,0.39873845146482073,
diabetes,LogisticRegression,IQR Removal,2,0.0625,0.0,0.19186878204345703,0.001964569091796875,142.0,0.33571126160045106,176,356,94,65,0.8426463808206548,0.5092888646858754,16,38,12,11,0.8059259259259258,0.349754259914075,
diabetes,LogisticRegression,IQR Removal,3,0.0625,0.0,0.19703960418701172,0.001964569091796875,152.0,0.26350850768270473,201,312,138,40,0.841982480405717,0.5027468116496877,21,36,14,6,0.8118518518518518,0.4770278351999552,
diabetes,LogisticRegression,IQR Removal,4,0.078125,0.0,0.19707679748535156,0.001964569091796875,218.0,0.5099070675977547,139,402,48,102,0.8286214845550945,0.5042733522517798,17,48,2,10,0.9318518518518518,0.6526124974714206,
diabetes,LogisticRegression,IQR Removal,5,0.0625,0.0,0.1956024169921875,0.001964569091796875,130.0,0.5374035720823449,138,408,42,103,0.839843245735362,0.5204249198400585,13,47,3,14,0.8377777777777777,0.49570177419236866,
diabetes,LogisticRegression,IQR Removal,6,0.0625,0.0,0.1961679458618164,0.001964569091796875,179.0,0.3275779594210253,186,339,111,55,0.8373536191793454,0.5055277364350428,22,38,12,5,0.8585185185185186,0.5523586388082835,
diabetes,LogisticRegression,IQR Removal,7,0.0625,0.0,0.19503211975097656,0.001964569091796875,169.0,0.5466000552119581,134,411,39,107,0.839280774550484,0.516325536468837,14,47,3,13,0.8355555555555556,0.5275014756628025,
diabetes,LogisticRegression,IQR Removal,8,0.0625,0.0,0.19946002960205078,0.001964569091796875,125.0,0.3433281127829722,179,352,98,62,0.8426279391424619,0.5105068894655941,19,37,13,8,0.808888888888889,0.4296142637737487,
diabetes,LogisticRegression,IQR Removal,9,0.0625,0.0,0.193695068359375,0.001964569091796875,171.0,0.35572829854919974,175,355,95,67,0.8375665748393022,0.5005767999508532,23,33,17,3,0.8823076923076923,0.5174642313911472,
diabetes,LogisticRegression,IQR Removal,10,0.0625,0.0,0.1984720230102539,0.001964569091796875,163.0,0.48019115225606596,145,401,49,97,0.8467217630853994,0.5205311369361454,12,44,6,14,0.7376923076923076,0.3811193899422075,
diabetes,LogisticRegression,Quantile Removal,1,0.0625,0.0,0.2046670913696289,0.0019702911376953125,123.0,0.32923178673580017,186,346,104,55,0.8403964960811434,0.5221296700654361,21,31,19,6,0.834074074074074,0.37990634218031794,
diabetes,LogisticRegression,Quantile Removal,2,0.046875,0.015625,0.20662307739257812,0.0019702911376953125,125.0,0.35241842258525363,177,357,93,64,0.8443430152143845,0.5155124455845763,17,39,11,10,0.7962962962962963,0.4063321549001754,
diabetes,LogisticRegression,Quantile Removal,3,0.0625,0.0,0.2041940689086914,0.0019702911376953125,125.0,0.34030090227064297,183,350,100,58,0.8426924850161365,0.5205444881012362,19,40,10,8,0.8088888888888889,0.49604652413672967,
diabetes,LogisticRegression,Quantile Removal,4,0.0625,0.0,0.20477867126464844,0.0019702911376953125,145.0,0.5188911387945824,134,404,46,107,0.8291101890272015,0.49275062536089564,16,48,2,11,0.9281481481481482,0.6230310409890115,
diabetes,LogisticRegression,Quantile Removal,5,0.0625,0.0,0.2051095962524414,0.0019702911376953125,161.0,0.47975123967111993,147,396,54,94,0.840129091747349,0.5141359963972272,14,47,3,13,0.8466666666666667,0.5275014756628025,
diabetes,LogisticRegression,Quantile Removal,6,0.0625,0.0,0.2053699493408203,0.0019702911376953125,180.0,0.5072935712602613,138,401,49,103,0.8367358229598894,0.49743853042435093,19,44,6,8,0.8592592592592593,0.5948228686039609,
diabetes,LogisticRegression,Quantile Removal,7,0.0625,0.0,0.20862770080566406,0.0019702911376953125,140.0,0.3428393249819872,179,352,98,62,0.8395389580451821,0.5105068894655941,18,41,9,9,0.8288888888888888,0.4866666666666667,
diabetes,LogisticRegression,Quantile Removal,8,0.0625,0.0,0.20658397674560547,0.0019702911376953125,140.0,0.3461618262804301,180,353,97,61,0.843015214384509,0.5167030578879352,19,38,12,8,0.8044444444444444,0.4511777625672017,
diabetes,LogisticRegression,Quantile Removal,9,0.046875,0.0,0.20788288116455078,0.0019702911376953125,128.0,0.34337132797903985,182,348,102,60,0.8380624426078972,0.5093476436179015,24,30,20,2,0.8815384615384616,0.5026155365907202,
diabetes,LogisticRegression,Quantile Removal,10,0.046875,0.0,0.20821666717529297,0.0019702911376953125,135.0,0.36493877467045976,175,362,88,67,0.847465564738292,0.5183221994653641,15,39,11,11,0.7515384615384615,0.3569230769230769,
diabetes,LogisticRegression,Yeo-Johnson,1,0.0625,0.0,0.20938968658447266,0.0021867752075195312,9.0,0.37256658522652913,180,353,97,61,0.8431627478100507,0.5167030578879352,21,34,16,6,0.8325925925925926,0.43721065077734916,
diabetes,LogisticRegression,Yeo-Johnson,2,0.078125,0.0,0.2094430923461914,0.0021867752075195312,9.0,0.4014072182593945,169,370,80,72,0.8473305670816045,0.5196289128821217,16,41,9,11,0.8029629629629629,0.4204522053456932,
diabetes,LogisticRegression,Yeo-Johnson,3,0.078125,0.0,0.2094430923461914,0.0021867752075195312,9.0,0.352131515033492,185,345,105,56,0.8462609497464267,0.5159765968337148,19,38,12,8,0.8059259259259259,0.4511777625672017,
diabetes,LogisticRegression,Yeo-Johnson,4,0.078125,0.0,0.2094430923461914,0.0021867752075195312,9.0,0.40297173269698616,165,366,84,76,0.830972798524666,0.494329382933096,18,48,2,9,0.94,0.6819476751034109,
diabetes,LogisticRegression,Yeo-Johnson,5,0.0625,0.0,0.2093954086303711,0.0021867752075195312,9.0,0.3620099919515676,180,347,103,61,0.8418718303365605,0.5020193597950755,22,37,13,5,0.8437037037037037,0.53168727464995,
diabetes,LogisticRegression,Yeo-Johnson,6,0.078125,0.0,0.2094430923461914,0.0021867752075195312,9.0,0.4442832722594131,158,380,70,83,0.8410696173351775,0.5068353610356865,21,44,6,6,0.8548148148148148,0.6577777777777778,
diabetes,LogisticRegression,Yeo-Johnson,7,0.0625,0.015625,0.2094430923461914,0.0021867752075195312,8.0,0.35001486763384426,184,344,106,57,0.841650530198248,0.5098235236019933,17,43,7,10,0.8451851851851852,0.5044185153893525,
diabetes,LogisticRegression,Yeo-Johnson,8,0.0625,0.0,0.2094430923461914,0.0021867752075195312,9.0,0.31916781101772346,193,332,118,48,0.8465836791147995,0.5159591344614292,21,37,13,6,0.8,0.4975498563492141,
diabetes,LogisticRegression,Yeo-Johnson,9,0.078125,0.0,0.2098093032836914,0.0021867752075195312,9.0,0.34801555216148855,185,344,106,57,0.8419375573921029,0.5109457402701647,23,32,18,3,0.8669230769230769,0.4993289519995932,
diabetes,LogisticRegression,Yeo-Johnson,10,0.0625,0.0,0.20969486236572266,0.0021867752075195312,8.0,0.3536264277228571,186,352,98,56,0.852415059687787,0.5339889026631747,14,35,15,12,0.7415384615384615,0.23288530726779577,
diabetes,LogisticRegression,Quantile Transform,1,0.03125,0.015625,0.21956729888916016,0.049254417419433594,13.0,0.33842899117446906,194,333,117,47,0.8393914246196404,0.5220628077120086,22,28,22,5,0.8222222222222222,0.36141013260645766,
diabetes,LogisticRegression,Quantile Transform,2,0.015625,0.0,0.21845054626464844,0.049254417419433594,13.0,0.28599750454175554,204,308,142,37,0.8426924850161365,0.5060508984699802,22,36,14,5,0.8074074074074074,0.5114782075908113,
diabetes,LogisticRegression,Quantile Transform,3,0.015625,0.0,0.21959972381591797,0.049254417419433594,13.0,0.28383290461270344,206,304,146,35,0.841235592438912,0.5055773556654801,22,34,16,5,0.7807407407407407,0.4722646907420217,
diabetes,LogisticRegression,Quantile Transform,4,0.03125,0.0,0.21759033203125,0.049254417419433594,11.0,0.32284846779276766,196,314,136,45,0.8274781005071462,0.4874912463513606,23,44,6,4,0.9362962962962962,0.7207264203633661,
diabetes,LogisticRegression,Quantile Transform,5,0.03125,0.015625,0.21845531463623047,0.049254417419433594,14.0,0.37225058966480884,183,343,107,58,0.8368372521899494,0.5036704503702719,19,42,8,8,0.8496296296296296,0.5437037037037037,
diabetes,LogisticRegression,Quantile Transform,6,0.03125,0.0,0.21814918518066406,0.049254417419433594,13.0,0.2951942439923493,202,306,144,39,0.8338773628400183,0.49390455191946586,25,36,14,2,0.8548148148148148,0.6164892370165314,
diabetes,LogisticRegression,Quantile Transform,7,0.03125,0.0,0.21843433380126953,0.049254417419433594,12.0,0.33882329283093254,192,331,119,49,0.8366528354080222,0.5098554612108497,17,37,13,10,0.84,0.36167967605963075,
diabetes,LogisticRegression,Quantile Transform,8,0.03125,0.0,0.21773910522460938,0.049254417419433594,12.0,0.3727473018020861,180,353,97,61,0.8427939142461964,0.5167030578879352,20,36,14,7,0.7948148148148148,0.4427410738901448,
diabetes,LogisticRegression,Quantile Transform,9,0.03125,0.015625,0.21986675262451172,0.049323081970214844,13.0,0.34412732424388665,193,332,118,49,0.8351515151515153,0.5131770600711738,23,30,20,3,0.87,0.46385012243953183,
diabetes,LogisticRegression,Quantile Transform,10,0.015625,0.0,0.2185220718383789,0.049323081970214844,13.0,0.3355865273157206,198,330,120,44,0.84633608815427,0.5277424475468346,15,34,16,11,0.7384615384615385,0.24802056177378953,
diabetes,LogisticRegression,Min-Max Scaler,1,0.015625,0.0,0.1678028106689453,0.0021419525146484375,8.0,0.3455463590775773,184,344,106,57,0.8361364684186261,0.5098235236019933,21,34,16,6,0.8474074074074074,0.43721065077734916,
diabetes,LogisticRegression,Min-Max Scaler,2,0.015625,0.0,0.1684246063232422,0.0021419525146484375,9.0,0.37274822936746926,176,356,94,65,0.8418994928538497,0.5092888646858754,16,39,11,11,0.7888888888888889,0.3725925925925926,
diabetes,LogisticRegression,Min-Max Scaler,3,0.015625,0.0,0.16835403442382812,0.0021419525146484375,8.0,0.3333967858156163,188,334,116,53,0.839741816505302,0.5014721994047484,19,38,12,8,0.7977777777777778,0.4511777625672017,
diabetes,LogisticRegression,Min-Max Scaler,4,0.015625,0.0,0.1683979034423828,0.0021419525146484375,8.0,0.32938180752418966,188,327,123,53,0.8265836791147994,0.4854407682085319,23,44,6,4,0.9318518518518518,0.7207264203633661,
diabetes,LogisticRegression,Min-Max Scaler,5,0.015625,0.0,0.16882896423339844,0.0021419525146484375,11.0,0.29908281316087143,202,306,144,39,0.8369110189027201,0.49390455191946586,23,33,17,4,0.8333333333333333,0.4888552745746736,
diabetes,LogisticRegression,Min-Max Scaler,6,0.015625,0.0,0.16874122619628906,0.0021419525146484375,11.0,0.3576515107667133,178,345,105,63,0.8343752881512219,0.48966927425763496,21,41,9,6,0.8555555555555555,0.5849208388379199,
diabetes,LogisticRegression,Min-Max Scaler,7,0.015625,0.0,0.1684246063232422,0.0021419525146484375,9.0,0.321523437977681,195,327,123,46,0.8372153065928999,0.5123251782209697,18,39,11,9,0.8318518518518518,0.4398765500800706,
diabetes,LogisticRegression,Min-Max Scaler,8,0.0,0.0,0.1684417724609375,0.0021419525146484375,8.0,0.339116024514102,185,338,112,56,0.839483633010604,0.4993938330148491,19,38,12,8,0.8074074074074074,0.4511777625672017,
diabetes,LogisticRegression,Min-Max Scaler,9,0.0,0.0,0.1682443618774414,0.0021419525146484375,8.0,0.3253951620140894,193,325,125,49,0.8352433425160698,0.497339702483364,24,28,22,2,0.866153846153846,0.4688656583437691,
diabetes,LogisticRegression,Min-Max Scaler,10,0.0,0.015625,0.16862201690673828,0.0021419525146484375,9.0,0.33336563012107334,192,337,113,50,0.8452249770431589,0.5208707593112487,17,31,19,9,0.7553846153846154,0.2601938790610853,
diabetes,LogisticRegression,Standard Scaler,1,0.015625,0.0,0.16768646240234375,0.0019521713256835938,9.0,0.3689780987667546,174,361,89,67,0.8393822037805441,0.5145452475693204,18,33,17,9,0.8274074074074074,0.31304951684997057,
diabetes,LogisticRegression,Standard Scaler,2,0.015625,0.0,0.1679248809814453,0.0019521713256835938,9.0,0.3523602305469449,178,358,92,63,0.8440756108805902,0.5217360264832772,18,41,9,9,0.8007407407407408,0.4866666666666667,
diabetes,LogisticRegression,Standard Scaler,3,0.015625,0.0,0.16796875,0.0019521713256835938,9.0,0.49383700738646474,144,400,50,97,0.8420470262793914,0.515856166542101,15,42,8,12,0.8066666666666666,0.4123951744684367,
diabetes,LogisticRegression,Standard Scaler,4,0.015625,0.0,0.16783714294433594,0.0019521713256835938,9.0,0.46840211116978236,144,393,57,97,0.828584601198709,0.49407795814573197,16,48,2,11,0.9296296296296297,0.6230310409890115,
diabetes,LogisticRegression,Standard Scaler,5,0.0,0.0,0.1677227020263672,0.0019521713256835938,8.0,0.4468743687533929,152,388,62,89,0.8399815583218072,0.5080797105211897,15,45,5,12,0.8392592592592591,0.4957421042418413,
diabetes,LogisticRegression,Standard Scaler,6,0.015625,0.0,0.16744232177734375,0.0019521713256835938,9.0,0.46112320794497097,149,391,59,92,0.8362194559704933,0.5061378549505164,19,44,6,8,0.8548148148148148,0.5948228686039609,
diabetes,LogisticRegression,Standard Scaler,7,0.0,0.0,0.1679248809814453,0.0019521713256835938,9.0,0.36771739200472786,174,361,89,67,0.8394283079760259,0.5145452475693204,17,41,9,10,0.8325925925925926,0.4536804288397352,
diabetes,LogisticRegression,Standard Scaler,8,0.0,0.0,0.16754722595214844,0.0019521713256835938,8.0,0.32563439796448723,187,340,110,54,0.8425726141078838,0.5116616398552366,20,36,14,7,0.8007407407407408,0.4427410738901448,
diabetes,LogisticRegression,Standard Scaler,9,0.0,0.015625,0.1677713394165039,0.0019521713256835938,9.0,0.30103077866655836,195,327,123,47,0.8372176308539945,0.5095008005087522,24,28,22,2,0.8776923076923077,0.4688656583437691,
diabetes,LogisticRegression,Standard Scaler,10,0.015625,0.0,0.1681222915649414,0.0019521713256835938,9.0,0.3644166594077403,176,363,87,66,0.8479155188246098,0.5245650887686333,15,37,13,11,0.7484615384615385,0.31169217932443327,
diabetes,LogisticRegression,Robust Scaler,1,0.015625,0.0,0.16956710815429688,0.0018939971923828125,10.0,0.374192120384607,172,366,84,69,0.8394467496542185,0.5200947121079449,18,34,16,9,0.8266666666666667,0.33312350897200604,
diabetes,LogisticRegression,Robust Scaler,2,0.015625,0.0,0.16945838928222656,0.0018939971923828125,10.0,0.3316851785578232,186,346,104,55,0.8440756108805902,0.5221296700654361,18,39,11,9,0.8,0.4398765500800706,
diabetes,LogisticRegression,Robust Scaler,3,0.015625,0.0,0.16970443725585938,0.0018939971923828125,11.0,0.49463861403248705,143,399,51,98,0.8419363762102351,0.509098695241995,15,43,7,12,0.8066666666666666,0.43893811257017395,
diabetes,LogisticRegression,Robust Scaler,4,0.015625,0.0,0.1692180633544922,0.0018939971923828125,9.0,0.46738323771497353,144,393,57,97,0.8286491470723836,0.49407795814573197,16,48,2,11,0.9296296296296297,0.6230310409890115,
diabetes,LogisticRegression,Robust Scaler,5,0.015625,0.0,0.16950607299804688,0.0018939971923828125,10.0,0.4472041645209449,152,388,62,89,0.8399354541263255,0.5080797105211897,15,45,5,12,0.84,0.4957421042418413,
diabetes,LogisticRegression,Robust Scaler,6,0.015625,0.0,0.16950416564941406,0.0018939971923828125,10.0,0.46143798368877104,148,390,60,93,0.8361733517750115,0.49951785423558,19,44,6,8,0.8555555555555555,0.5948228686039609,
diabetes,LogisticRegression,Robust Scaler,7,0.015625,0.015625,0.16921615600585938,0.0018939971923828125,9.0,0.34047084270032796,182,349,101,59,0.8393637621023513,0.5143694453325159,17,41,9,10,0.8325925925925926,0.4536804288397352,
diabetes,LogisticRegression,Robust Scaler,8,0.015625,0.0,0.1693744659423828,0.0018939971923828125,10.0,0.3262382719780081,187,340,110,54,0.8426371599815584,0.5116616398552366,20,36,14,7,0.8014814814814815,0.4427410738901448,
diabetes,LogisticRegression,Robust Scaler,9,0.015625,0.015625,0.16943836212158203,0.0018939971923828125,10.0,0.3013838784159465,195,327,123,47,0.8373278236914601,0.5095008005087522,24,28,22,2,0.8776923076923077,0.4688656583437691,
diabetes,LogisticRegression,Robust Scaler,10,0.015625,0.015625,0.16944599151611328,0.0018939971923828125,10.0,0.36415751566717347,176,363,87,66,0.8480073461891644,0.5245650887686333,15,37,13,11,0.7492307692307693,0.31169217932443327,
diabetes,LogisticRegression,Uniform Binning,1,0.015625,0.0,0.17083168029785156,0.0024499893188476562,16.0,0.320004745362604,192,324,126,49,0.8246242508068234,0.49404768851315356,23,35,15,4,0.8303703703703704,0.5267023871299493,
diabetes,LogisticRegression,Uniform Binning,2,0.0,0.015625,0.1715850830078125,0.0024499893188476562,19.0,0.2937239989991252,197,315,135,44,0.8301659751037345,0.49356905472370455,21,38,12,6,0.8103703703703704,0.5185449728701349,
diabetes,LogisticRegression,Uniform Binning,3,0.015625,0.0,0.17069244384765625,0.0024499893188476562,15.0,0.29731801510597217,199,317,133,42,0.8316781927155371,0.5057246714683924,18,34,16,9,0.7725925925925926,0.33312350897200604,
diabetes,LogisticRegression,Uniform Binning,4,0.015625,0.0,0.17216110229492188,0.0024499893188476562,24.0,0.49474528434748305,138,394,56,103,0.8157445827570309,0.475311338741465,17,49,1,10,0.9166666666666667,0.6873385344959202,
diabetes,LogisticRegression,Uniform Binning,5,0.015625,0.0,0.1709136962890625,0.0024499893188476562,20.0,0.3043044248087422,195,319,131,46,0.8270401106500691,0.49454292589127036,21,36,14,6,0.8081481481481482,0.4770278351999552,
diabetes,LogisticRegression,Uniform Binning,6,0.0,0.0,0.1704120635986328,0.0024499893188476562,16.0,0.29809298631696696,198,316,134,43,0.8259428307976026,0.4996468630960485,23,32,18,4,0.8362962962962963,0.47038993052672956,
diabetes,LogisticRegression,Uniform Binning,7,0.015625,0.0,0.17170333862304688,0.0024499893188476562,20.0,0.5952902879624618,120,418,32,121,0.8270078377132318,0.49106328140719646,11,46,4,16,0.82,0.39446993708322725,
diabetes,LogisticRegression,Uniform Binning,8,0.015625,0.0,0.17147445678710938,0.0024499893188476562,18.0,0.34056896951023247,191,330,120,50,0.8315076071922545,0.5037517879602703,19,33,17,8,0.7748148148148148,0.3478335179045545,
diabetes,LogisticRegression,Uniform Binning,9,0.015625,0.015625,0.1708383560180664,0.0024499893188476562,18.0,0.4080535088964966,159,366,84,83,0.8085629017447199,0.4699117284320605,21,31,19,5,0.8692307692307693,0.40637021561225684,
diabetes,LogisticRegression,Uniform Binning,10,0.015625,0.0,0.1715402603149414,0.0024499893188476562,18.0,0.4213729617218316,166,374,76,76,0.8392883379247016,0.5170615243342516,14,38,12,12,0.7446153846153846,0.29846153846153844,
diabetes,LogisticRegression,Quantile Binning,1,0.015625,0.0,0.17239952087402344,0.0024442672729492188,21.0,0.3653177648456079,185,345,105,56,0.8398294144767173,0.5159765968337148,23,33,17,4,0.8518518518518519,0.4888552745746736,
diabetes,LogisticRegression,Quantile Binning,2,0.015625,0.0,0.17108917236328125,0.0024442672729492188,21.0,0.34610466577946847,190,336,114,51,0.8397925311203318,0.5137071153636736,22,37,13,5,0.8400000000000001,0.53168727464995,
diabetes,LogisticRegression,Quantile Binning,3,0.015625,0.0,0.17215728759765625,0.0024442672729492188,20.0,0.3462142156580148,195,334,116,46,0.843508529276164,0.5281664809625881,19,36,14,8,0.7985185185185185,0.4085505846855608,
diabetes,LogisticRegression,Quantile Binning,4,0.015625,0.0,0.1722850799560547,0.0024442672729492188,20.0,0.36588229286221224,179,339,111,62,0.8272475795297373,0.47905815744338626,23,46,4,4,0.9377777777777778,0.7718518518518519,
diabetes,LogisticRegression,Quantile Binning,5,0.015625,0.0,0.1720867156982422,0.0024442672729492188,19.0,0.3189684560713628,200,325,125,41,0.842604887044721,0.5271673749812955,22,33,17,5,0.7896296296296296,0.4531761478527484,
diabetes,LogisticRegression,Quantile Binning,6,0.015625,0.0,0.17226791381835938,0.0024442672729492188,21.0,0.3632969875507223,189,342,108,52,0.8360949746426924,0.5239294466956241,19,41,9,8,0.8555555555555555,0.519487944872376,
diabetes,LogisticRegression,Quantile Binning,7,0.015625,0.0,0.17239952087402344,0.0024442672729492188,21.0,0.3322073229920401,196,328,122,45,0.8404610419548179,0.5184176747902417,20,38,12,7,0.845925925925926,0.4848401374141137,
diabetes,LogisticRegression,Quantile Binning,8,0.015625,0.0,0.17217063903808594,0.0024442672729492188,19.0,0.35845890705232175,190,343,107,51,0.8431396957123098,0.5300633501158178,21,37,13,6,0.8229629629629629,0.4975498563492141,
diabetes,LogisticRegression,Quantile Binning,9,0.015625,0.0,0.17259693145751953,0.0024442672729492188,21.0,0.32241226313697013,199,323,127,43,0.843168044077135,0.5159792094224834,24,26,24,2,0.8361538461538462,0.43576382352153775,
diabetes,LogisticRegression,Quantile Binning,10,0.015625,0.0,0.17141437530517578,0.0024442672729492188,21.0,0.35981802254897555,192,351,99,50,0.8503673094582185,0.5539163497682147,16,33,17,10,0.73,0.263584672751353,
diabetes,LogisticRegression,Random Undersampling,1,0.046875,0.0,0.1830921173095703,0.005749702453613281,137.0,0.5065786784718991,174,361,89,67,0.8373167358229598,0.5145452475693204,20,34,16,7,0.84,0.4023817477999735,
diabetes,LogisticRegression,Random Undersampling,2,0.03125,0.0,0.18291187286376953,0.005749702453613281,152.0,0.5237638656365313,172,366,84,69,0.84149377593361,0.5200947121079449,17,42,8,10,0.8155555555555555,0.4785757597651158,
diabetes,LogisticRegression,Random Undersampling,3,0.03125,0.0,0.18291187286376953,0.005749702453613281,157.0,0.7478831089351003,125,416,34,116,0.8404518211157216,0.5017396961312929,12,45,5,15,0.8037037037037037,0.396265244237808,
diabetes,LogisticRegression,Random Undersampling,4,0.03125,0.0,0.18286800384521484,0.005749702453613281,144.0,0.5098187897433917,172,352,98,69,0.8272844628861227,0.48439454109107194,21,47,3,6,0.9348148148148148,0.7394577025904426,
diabetes,LogisticRegression,Random Undersampling,5,0.0625,0.0,0.1829986572265625,0.005749702453613281,177.0,0.4398930687591927,194,319,131,47,0.8383402489626556,0.49066406079887465,22,36,14,5,0.8429629629629629,0.5114782075908113,
diabetes,LogisticRegression,Random Undersampling,6,0.046875,0.0,0.1829547882080078,0.005749702453613281,161.0,0.4855480129070999,184,337,113,57,0.8370769940064546,0.4932599295946553,22,37,13,5,0.8525925925925926,0.53168727464995,
diabetes,LogisticRegression,Random Undersampling,7,0.046875,0.0,0.1829547882080078,0.005749702453613281,164.0,0.5014553572007086,181,348,102,60,0.8395666205624711,0.5081944025637957,18,42,8,9,0.8400000000000001,0.5112313234371975,
diabetes,LogisticRegression,Random Undersampling,8,0.046875,0.0,0.18291187286376953,0.005749702453613281,168.0,0.5370514708250895,166,374,76,75,0.8412263715998156,0.5194099330862234,19,38,12,8,0.7829629629629629,0.4511777625672017,
diabetes,LogisticRegression,Random Undersampling,9,0.078125,0.0,0.1834888458251953,0.005764961242675781,173.0,0.4482259207255584,189,334,116,53,0.8351698806244261,0.5025599303016955,24,28,22,2,0.8592307692307692,0.4688656583437691,
diabetes,LogisticRegression,Random Undersampling,10,0.0625,0.0,0.1833972930908203,0.005764961242675781,160.0,0.43537781177838103,199,324,126,43,0.8468870523415978,0.5181912591065463,17,32,18,9,0.7576923076923077,0.2796827854308572,
diabetes,LogisticRegression,SMOTE / SMOTENC,1,0.046875,0.0,0.31100940704345703,0.02157306671142578,139.0,0.599851227395229,158,387,63,83,0.8373905025357308,0.5268464027321517,16,41,9,11,0.8303703703703704,0.4204522053456932,
diabetes,LogisticRegression,SMOTE / SMOTENC,2,0.0625,0.0,0.3110361099243164,0.02157306671142578,175.0,0.5073740908677298,180,353,97,61,0.8439926233287229,0.5167030578879352,18,39,11,9,0.8037037037037036,0.4398765500800706,
diabetes,LogisticRegression,SMOTE / SMOTENC,3,0.0625,0.0,0.3106412887573242,0.02157306671142578,149.0,0.6664659515529993,140,403,47,101,0.842526509912402,0.5111081740792087,15,43,7,12,0.8103703703703704,0.43893811257017395,
diabetes,LogisticRegression,SMOTE / SMOTENC,4,0.078125,0.0,0.3110799789428711,0.02157306671142578,170.0,0.4932188682647783,176,349,101,65,0.8285108344859383,0.4919183841985707,20,47,3,7,0.9288888888888889,0.709721283401673,
diabetes,LogisticRegression,SMOTE / SMOTENC,5,0.046875,0.0,0.3110361099243164,0.02157306671142578,151.0,0.4593535246794702,187,340,110,54,0.8393822037805441,0.5116616398552366,22,39,11,5,0.8340740740740741,0.5735421669624219,
diabetes,LogisticRegression,SMOTE / SMOTENC,6,0.0625,0.0,0.3110799789428711,0.02157306671142578,191.0,0.5475381861204809,169,363,87,72,0.8364499769479024,0.5012313147708365,19,42,8,8,0.8451851851851852,0.5437037037037037,
diabetes,LogisticRegression,SMOTE / SMOTENC,7,0.046875,0.0,0.3107290267944336,0.02157306671142578,150.0,0.509368836500346,174,361,89,67,0.8397602581834946,0.5145452475693204,16,41,9,11,0.8355555555555556,0.4204522053456932,
diabetes,LogisticRegression,SMOTE / SMOTENC,8,0.109375,0.0,0.3107290267944336,0.02157306671142578,194.0,0.6337751721939688,148,397,53,93,0.8425449515905947,0.5208220091477256,18,40,10,9,0.8014814814814815,0.4629100498862757,
diabetes,LogisticRegression,SMOTE / SMOTENC,9,0.046875,0.0,0.31106090545654297,0.02164173126220703,148.0,0.5076708839308205,176,356,94,66,0.8375482093663911,0.5067891232214055,24,32,18,2,0.8807692307692307,0.5372486108055937,
diabetes,LogisticRegression,SMOTE / SMOTENC,10,0.046875,0.0,0.31106090545654297,0.02164173126220703,204.0,0.5046209680496139,176,363,87,66,0.8469696969696969,0.5245650887686333,15,38,12,11,0.7569230769230769,0.3339815779363246,
diabetes,KNN,Baseline,1,0.0,0.0,0.13983631134033203,0.05955028533935547,,0.6,158,392,58,83,0.8703503918856617,0.5415205551671105,14,42,8,13,0.7603703703703704,0.378691704962503,
diabetes,KNN,Baseline,2,0.0,0.0,0.14009952545166016,0.05955028533935547,,0.6,153,399,51,88,0.8629921622867681,0.5448881708272041,14,42,8,13,0.7829629629629629,0.378691704962503,
diabetes,KNN,Baseline,3,0.0,0.0,0.14009952545166016,0.05955028533935547,,0.6,162,395,55,79,0.8827939142461965,0.5647291778281697,12,38,12,15,0.6266666666666666,0.21061953138798983,
diabetes,KNN,Baseline,4,0.0,0.0,0.14009571075439453,0.05955028533935547,,0.6,153,399,51,88,0.8648178884278469,0.5448881708272041,20,47,3,7,0.8622222222222222,0.709721283401673,
diabetes,KNN,Baseline,5,0.0,0.0,0.14018726348876953,0.05955028533935547,,0.6,155,401,49,86,0.8753112033195021,0.5582023286461754,14,38,12,13,0.7307407407407408,0.2810277450473483,
diabetes,KNN,Baseline,6,0.015625,0.0,0.14009571075439453,0.05955028533935547,,0.6,157,403,47,84,0.8773259566620563,0.5715164864651466,12,42,8,15,0.7285185185185185,0.30953653338027165,
diabetes,KNN,Baseline,7,0.015625,0.0,0.14014339447021484,0.05955028533935547,,0.5799999999999954,153,402,48,88,0.8768879668049793,0.5542520729002177,12,39,11,15,0.6922222222222222,0.233999509108495,
diabetes,KNN,Baseline,8,0.015625,0.0,0.14018726348876953,0.05955028533935547,,0.5999999999999887,154,396,54,87,0.8684508990318118,0.5392378585251986,15,41,9,12,0.7662962962962963,0.3868989217888074,
diabetes,KNN,Baseline,9,0.0,0.0,0.14035606384277344,0.05962657928466797,,0.5579999999999927,162,397,53,80,0.8709917355371901,0.568452513148743,17,37,13,9,0.763076923076923,0.3822598997961939,
diabetes,KNN,Baseline,10,0.0,0.0,0.1401805877685547,0.05962657928466797,,0.6,160,396,54,82,0.8795316804407713,0.5583627085816966,9,41,9,17,0.6446153846153846,0.1854094329448577,
diabetes,KNN,IQR Capping,1,0.046875,0.0,0.22202777862548828,0.05977630615234375,,0.6,160,395,55,81,0.8741124942369756,0.5576136849156241,14,42,8,13,0.7585185185185186,0.378691704962503,
diabetes,KNN,IQR Capping,2,0.046875,0.015625,0.2217731475830078,0.05977630615234375,,0.6,155,402,48,86,0.8671000461041956,0.561327007033192,15,42,8,12,0.8003703703703704,0.4123951744684367,
diabetes,KNN,IQR Capping,3,0.046875,0.015625,0.22177410125732422,0.05977630615234375,,0.6,166,401,49,75,0.8914753342554173,0.5969679506005365,11,38,12,16,0.614074074074074,0.17453428732184775,
diabetes,KNN,IQR Capping,4,0.046875,0.015625,0.2217731475830078,0.05977630615234375,,0.6,153,401,49,88,0.8664407561088059,0.551115008320967,19,47,3,8,0.8600000000000001,0.6799237430008577,
diabetes,KNN,IQR Capping,5,0.03125,0.0,0.2217731475830078,0.05977630615234375,,0.6,160,400,50,81,0.8792853849700322,0.5727857748331209,14,39,11,13,0.74,0.30420509650684807,
diabetes,KNN,IQR Capping,6,0.046875,0.0,0.22186851501464844,0.05977630615234375,,0.6,160,405,45,81,0.8820839096357769,0.5883315345406585,12,42,8,15,0.7318518518518518,0.30953653338027165,
diabetes,KNN,IQR Capping,7,0.0625,0.0,0.22182178497314453,0.05977630615234375,,0.5799999999999954,156,405,45,85,0.8808114338404796,0.5743101111517129,13,40,10,14,0.7077777777777778,0.29346473089514225,
diabetes,KNN,IQR Capping,8,0.03125,0.015625,0.22186851501464844,0.05977630615234375,,0.5999999999999887,155,397,53,86,0.8705532503457815,0.545857859240135,18,40,10,9,0.7977777777777777,0.4629100498862757,
diabetes,KNN,IQR Capping,9,0.03125,0.015625,0.22207260131835938,0.05985260009765625,,0.6,163,400,50,79,0.8753856749311295,0.5810782162984949,18,38,12,8,0.7761538461538461,0.43900160367219143,
diabetes,KNN,IQR Capping,10,0.03125,0.015625,0.22207260131835938,0.05985260009765625,,0.6,160,401,49,82,0.8829706152433425,0.5736106657057125,10,40,10,16,0.6599999999999999,0.19889806323953874,
diabetes,KNN,Quantile Capping,1,0.046875,0.0,0.22182083129882812,0.05978202819824219,,0.6,156,394,56,85,0.8679483633010604,0.5403351627485891,13,42,8,14,0.76,0.34444444444444444,
diabetes,KNN,Quantile Capping,2,0.03125,0.0,0.22182083129882812,0.05978202819824219,,0.5799999999999954,153,402,48,88,0.8643337943752881,0.5542520729002177,14,42,8,13,0.7681481481481481,0.378691704962503,
diabetes,KNN,Quantile Capping,3,0.03125,0.015625,0.2217254638671875,0.05978202819824219,,0.6,160,398,52,81,0.883093591516828,0.5666734526370819,11,38,12,16,0.617037037037037,0.17453428732184775,
diabetes,KNN,Quantile Capping,4,0.03125,0.0,0.2217731475830078,0.05978202819824219,,0.5799999999999954,150,399,51,91,0.8617242969110189,0.5341940346487225,20,47,3,7,0.8603703703703705,0.709721283401673,
diabetes,KNN,Quantile Capping,5,0.046875,0.0,0.22186851501464844,0.05978202819824219,,0.6,153,401,49,88,0.8745781466113417,0.551115008320967,12,38,12,15,0.7018518518518518,0.21061953138798983,
diabetes,KNN,Quantile Capping,6,0.03125,0.015625,0.22182178497314453,0.05978202819824219,,0.5799999999999954,155,404,46,86,0.8753526970954357,0.5676240984012145,12,42,8,15,0.7307407407407407,0.30953653338027165,
diabetes,KNN,Quantile Capping,7,0.03125,0.015625,0.22186851501464844,0.05978202819824219,,0.6,150,402,48,91,0.8733794375288152,0.5436126020822778,12,39,11,15,0.6996296296296296,0.233999509108495,
diabetes,KNN,Quantile Capping,8,0.03125,0.015625,0.22186851501464844,0.05978202819824219,,0.5999999999999887,154,396,54,87,0.8666620562471185,0.5392378585251986,15,41,9,12,0.7696296296296296,0.3868989217888074,
diabetes,KNN,Quantile Capping,9,0.046875,0.0,0.2221202850341797,0.05985832214355469,,0.6,158,397,53,84,0.8683700642791552,0.5543028657630752,17,37,13,9,0.7596153846153846,0.3822598997961939,
diabetes,KNN,Quantile Capping,10,0.03125,0.0,0.22197818756103516,0.05985832214355469,,0.6,157,396,54,85,0.8757116620752985,0.5477205549021759,8,40,10,18,0.6361538461538462,0.12017278061240777,
diabetes,KNN,IQR Removal,1,0.03125,0.0,0.1789112091064453,0.050513267517089844,,0.4,199,325,125,42,0.8502443522360534,0.5232977591198096,19,30,20,8,0.7640740740740741,0.28986305868896545,
diabetes,KNN,IQR Removal,2,0.03125,0.0,0.17766666412353516,0.049979209899902344,,0.6,126,404,46,115,0.8229506685108345,0.46359151403054744,14,47,3,13,0.8181481481481482,0.5275014756628025,
diabetes,KNN,IQR Removal,3,0.015625,0.0,0.17803192138671875,0.050131797790527344,,0.4,200,329,121,41,0.8558644536652835,0.5360606277530401,15,32,18,12,0.65,0.18856180831641267,
diabetes,KNN,IQR Removal,4,0.03125,0.0,0.18059825897216797,0.051047325134277344,,0.559999999999991,142,398,52,99,0.8388888888888889,0.502341223941889,19,46,4,8,0.8651851851851852,0.6502560616150257,
diabetes,KNN,IQR Removal,5,0.015625,0.0,0.1790618896484375,0.050513267517089844,,0.6,150,408,42,91,0.861622867680959,0.5628980456554555,11,42,8,16,0.7381481481481482,0.27383489215509355,
diabetes,KNN,IQR Removal,6,0.03125,0.0,0.18004417419433594,0.050589561462402344,,0.6,148,399,51,93,0.8549838635315814,0.5270452921938517,12,42,8,15,0.7611111111111111,0.30953653338027165,
diabetes,KNN,IQR Removal,7,0.03125,0.0,0.18045520782470703,0.051047325134277344,,0.4,196,334,116,45,0.8524527431996312,0.5319883474117615,20,34,16,7,0.7103703703703703,0.4023817477999735,
diabetes,KNN,IQR Removal,8,0.03125,0.015625,0.18169116973876953,0.051505088806152344,,0.3600000000000023,201,319,131,40,0.8553296449976948,0.5178802882130803,20,34,16,7,0.7581481481481481,0.4023817477999735,
diabetes,KNN,IQR Removal,9,0.03125,0.0,0.17849063873291016,0.050284385681152344,,0.6,146,399,51,96,0.8433884297520662,0.5177855070732708,17,39,11,9,0.7765384615384615,0.4266854105315057,
diabetes,KNN,IQR Removal,10,0.03125,0.0,0.17956829071044922,0.050665855407714844,,0.6,152,398,52,90,0.8512029384756657,0.5360678668387562,8,41,9,18,0.6188461538461538,0.1453737339047013,
diabetes,KNN,Quantile Removal,1,0.015625,0.0,0.1930694580078125,0.05570697784423828,,0.6,153,393,57,88,0.8563254956201015,0.5265711827919565,14,43,7,13,0.7696296296296297,0.40555555555555556,
diabetes,KNN,Quantile Removal,2,0.03125,0.0,0.1922922134399414,0.05540180206298828,,0.559999999999991,146,402,48,95,0.8508805901337022,0.529371109142313,14,43,7,13,0.758888888888889,0.40555555555555556,
diabetes,KNN,Quantile Removal,3,0.03125,0.0,0.19240379333496094,0.05547809600830078,,0.4199999999999932,158,394,56,83,0.8719686491470724,0.5474844484429385,13,38,12,14,0.6325925925925926,0.24608154208742547,
diabetes,KNN,Quantile Removal,4,0.03125,0.0,0.1944103240966797,0.05585956573486328,,0.6,148,399,51,93,0.8531996311664363,0.5270452921938517,19,47,3,8,0.867037037037037,0.6799237430008577,
diabetes,KNN,Quantile Removal,5,0.015625,0.0,0.19321155548095703,0.05570697784423828,,0.6,155,398,52,86,0.8648824343015216,0.548921247499916,15,38,12,12,0.7548148148148148,0.31555555555555553,
diabetes,KNN,Quantile Removal,6,0.03125,0.0,0.19302082061767578,0.05570697784423828,,0.6,150,403,47,91,0.8666528354080222,0.5467845730404733,12,43,7,15,0.7296296296296296,0.33696449304114806,
diabetes,KNN,Quantile Removal,7,0.03125,0.0,0.19249820709228516,0.05547809600830078,,0.6,151,402,48,90,0.8691701244813279,0.5471628581721951,11,39,11,16,0.7103703703703703,0.1979524821394902,
diabetes,KNN,Quantile Removal,8,0.03125,0.0,0.19215011596679688,0.05540180206298828,,0.6,152,396,54,89,0.8629783310281236,0.5320846664861099,15,42,8,12,0.7540740740740741,0.4123951744684367,
diabetes,KNN,Quantile Removal,9,0.03125,0.0,0.19275188446044922,0.05555438995361328,,0.6,158,392,58,84,0.8564876033057851,0.5392844765691918,17,37,13,9,0.7557692307692307,0.3822598997961939,
diabetes,KNN,Quantile Removal,10,0.03125,0.0,0.1930685043334961,0.05570697784423828,,0.6,158,398,52,84,0.8728466483011939,0.5573493832367872,8,41,9,18,0.6134615384615385,0.1453737339047013,
diabetes,KNN,Yeo-Johnson,1,0.0625,0.0,0.20911121368408203,0.05997180938720703,,0.6,164,414,36,77,0.8972568003688335,0.6310598437185183,16,40,10,11,0.8014814814814815,0.3961295342422729,
diabetes,KNN,Yeo-Johnson,2,0.0625,0.0,0.20925235748291016,0.05997180938720703,,0.6,164,414,36,77,0.8943337943752881,0.6310598437185183,12,42,8,15,0.7540740740740741,0.30953653338027165,
diabetes,KNN,Yeo-Johnson,3,0.078125,0.0,0.20916461944580078,0.05997180938720703,,0.6,166,406,44,75,0.9019824804057168,0.6123982822969761,11,42,8,16,0.7022222222222221,0.27383489215509355,
diabetes,KNN,Yeo-Johnson,4,0.0625,0.0,0.20925235748291016,0.05997180938720703,,0.4,216,326,124,25,0.8899815583218073,0.5917121769958659,21,41,9,6,0.8714814814814814,0.5849208388379199,
diabetes,KNN,Yeo-Johnson,5,0.0625,0.0,0.20925235748291016,0.05997180938720703,,0.6,164,410,40,77,0.899820193637621,0.618116038831546,20,41,9,7,0.8218518518518518,0.5522164981933888,
diabetes,KNN,Yeo-Johnson,6,0.0625,0.0,0.20920467376708984,0.05997180938720703,,0.38000000000000683,218,329,121,23,0.9024896265560166,0.6060089251699158,21,28,22,6,0.7840740740740741,0.3245818805368264,
diabetes,KNN,Yeo-Johnson,7,0.078125,0.0,0.20920467376708984,0.05997180938720703,,0.6,164,412,38,77,0.9068372521899493,0.6245538536821575,11,43,7,16,0.7440740740740741,0.30149357345446803,
diabetes,KNN,Yeo-Johnson,8,0.0625,0.0,0.20925235748291016,0.05997180938720703,,0.5799999999999954,163,412,38,78,0.8984555094513601,0.6211122004052019,18,40,10,9,0.7814814814814814,0.4629100498862757,
diabetes,KNN,Yeo-Johnson,9,0.078125,0.0,0.2095041275024414,0.06004810333251953,,0.4,223,326,124,19,0.8943663911845731,0.6160649307129358,22,28,22,4,0.7953846153846154,0.3902661813527945,
diabetes,KNN,Yeo-Johnson,10,0.0625,0.0,0.20946025848388672,0.06004810333251953,,0.6,162,412,38,80,0.9025436179981634,0.6153967716513167,9,38,12,17,0.6784615384615384,0.11262023212245961,
diabetes,KNN,Quantile Transform,1,0.015625,0.0,0.2119741439819336,0.10706043243408203,,0.4,212,331,119,29,0.8841309359151682,0.5869248820394423,23,26,24,4,0.8174074074074075,0.3638541029698089,
diabetes,KNN,Quantile Transform,2,0.03125,0.0,0.2114095687866211,0.10706043243408203,,0.6,158,406,44,83,0.8799585062240664,0.5844963016669628,12,45,5,15,0.774074074074074,0.396265244237808,
diabetes,KNN,Quantile Transform,3,0.015625,0.015625,0.21125316619873047,0.10706043243408203,,0.6,162,407,43,79,0.8950161364684186,0.6016268363268606,12,40,10,15,0.6777777777777778,0.25819888974716115,
diabetes,KNN,Quantile Transform,4,0.03125,0.0,0.21106624603271484,0.10706043243408203,,0.6,162,399,51,79,0.8798662978331029,0.5767911529162791,14,46,4,13,0.8362962962962963,0.4944160539751941,
diabetes,KNN,Quantile Transform,5,0.015625,0.015625,0.21121883392333984,0.10706043243408203,,0.6,158,408,42,83,0.8817934532042415,0.5908845763507741,16,39,11,11,0.7507407407407407,0.3725925925925926,
diabetes,KNN,Quantile Transform,6,0.03125,0.0,0.21138381958007812,0.10706043243408203,,0.6,158,405,45,83,0.8839096357768557,0.5813268503795844,17,44,6,10,0.7692592592592593,0.5313256180417312,
diabetes,KNN,Quantile Transform,7,0.015625,0.015625,0.21143054962158203,0.10706043243408203,,0.559999999999991,157,413,37,84,0.8849054863992624,0.6037032934434791,11,43,7,16,0.6888888888888889,0.30149357345446803,
diabetes,KNN,Quantile Transform,8,0.015625,0.0,0.2113637924194336,0.10706043243408203,,0.6,164,401,49,77,0.882627939142462,0.5899430837075856,19,41,9,8,0.8007407407407408,0.519487944872376,
diabetes,KNN,Quantile Transform,9,0.03125,0.0,0.21156883239746094,0.10720539093017578,,0.6,163,404,46,79,0.8859963269054179,0.5934107345761368,15,37,13,11,0.7080769230769232,0.31169217932443327,
diabetes,KNN,Quantile Transform,10,0.015625,0.0,0.211578369140625,0.10720539093017578,,0.6,161,411,39,81,0.896712580348944,0.6087118764173799,13,41,9,13,0.7007692307692308,0.3347444877124522,
diabetes,KNN,Min-Max Scaler,1,0.0,0.0,0.1579294204711914,0.05992698669433594,,0.6,162,407,43,79,0.8911203319502075,0.6016268363268606,22,42,8,5,0.8855555555555554,0.6407311295324921,
diabetes,KNN,Min-Max Scaler,2,0.015625,0.0,0.15778255462646484,0.05992698669433594,,0.5999999999999887,163,405,45,78,0.8898893499308437,0.5988178649596265,12,44,6,15,0.732962962962963,0.3658010669613767,
diabetes,KNN,Min-Max Scaler,3,0.0,0.0,0.1579141616821289,0.05992698669433594,,0.32000000000000456,209,341,109,32,0.8962240663900415,0.5976201301907781,17,35,15,10,0.7088888888888889,0.31916251649301863,
diabetes,KNN,Min-Max Scaler,4,0.015625,0.0,0.15787029266357422,0.05992698669433594,,0.4,218,339,111,23,0.901134163208852,0.6277993737955578,20,42,8,7,0.8381481481481481,0.5760658398584765,
diabetes,KNN,Min-Max Scaler,5,0.0,0.0,0.1578664779663086,0.05992698669433594,,0.4,213,344,106,28,0.9039972337482711,0.6197241858396731,19,28,22,8,0.7203703703703703,0.2521970109450538,
diabetes,KNN,Min-Max Scaler,6,0.0,0.0,0.15778255462646484,0.05992698669433594,,0.4,209,346,104,32,0.8927893038266482,0.6090151792138292,20,32,18,7,0.8088888888888888,0.3633892979661664,
diabetes,KNN,Min-Max Scaler,7,0.0,0.0,0.1579580307006836,0.05992698669433594,,0.6,164,409,41,77,0.9012171507607193,0.6149221381130627,14,44,6,13,0.7481481481481482,0.4336735806213181,
diabetes,KNN,Min-Max Scaler,8,0.015625,0.015625,0.1579141616821289,0.05992698669433594,,0.6,165,404,46,76,0.89288612263716,0.6026886327411047,19,37,13,8,0.7918518518518519,0.4296142637737487,
diabetes,KNN,Min-Max Scaler,9,0.015625,0.0,0.1581411361694336,0.06000328063964844,,0.4,212,338,112,30,0.8970477502295684,0.5993560783856051,19,32,18,7,0.7684615384615385,0.35191857996361886,
diabetes,KNN,Min-Max Scaler,10,0.0,0.0,0.15800952911376953,0.06000328063964844,,0.4,212,336,114,30,0.8971258034894398,0.5948990436166596,18,34,16,8,0.6946153846153846,0.355229955778562,
diabetes,KNN,Standard Scaler,1,0.015625,0.0,0.1633920669555664,0.059737205505371094,,0.6,170,404,46,71,0.9005255878284923,0.6201292951174918,21,43,7,6,0.897037037037037,0.6326437348445768,
diabetes,KNN,Standard Scaler,2,0.0,0.0,0.1635427474975586,0.059737205505371094,,0.6,165,408,42,76,0.8992023974181651,0.6152123765191829,12,42,8,15,0.7066666666666667,0.30953653338027165,
diabetes,KNN,Standard Scaler,3,0.0,0.0,0.1635427474975586,0.059737205505371094,,0.6,172,405,45,69,0.906883356385431,0.6301542531704893,9,41,9,18,0.7144444444444444,0.17287858644065066,
diabetes,KNN,Standard Scaler,4,0.015625,0.0,0.16349506378173828,0.059737205505371094,,0.4,215,334,116,26,0.8960719225449516,0.6051604492591747,20,42,8,7,0.8522222222222222,0.5760658398584765,
diabetes,KNN,Standard Scaler,5,0.0,0.0,0.16349506378173828,0.059737205505371094,,0.4,213,341,109,28,0.9004840940525588,0.6129637180172731,21,30,20,6,0.7574074074074074,0.3612934707358917,
diabetes,KNN,Standard Scaler,6,0.015625,0.0,0.1635427474975586,0.059737205505371094,,0.6,168,405,45,73,0.9009405255878284,0.6162469452901987,17,41,9,10,0.8214814814814815,0.4536804288397352,
diabetes,KNN,Standard Scaler,7,0.015625,0.0,0.1635427474975586,0.059737205505371094,,0.4,213,348,102,28,0.9041632088520055,0.6288261500945258,18,36,14,9,0.7444444444444445,0.37438839013338365,
diabetes,KNN,Standard Scaler,8,0.0,0.0,0.1635427474975586,0.059737205505371094,,0.6,168,399,51,73,0.8939142461964038,0.5979400160280136,19,40,10,8,0.8077777777777777,0.49604652413672967,
diabetes,KNN,Standard Scaler,9,0.015625,0.0,0.16368961334228516,0.059813499450683594,,0.6,165,402,48,77,0.8940725436179982,0.5942082122390192,15,39,11,11,0.7842307692307693,0.3569230769230769,
diabetes,KNN,Standard Scaler,10,0.0,0.0,0.16373348236083984,0.059813499450683594,,0.4,218,340,110,24,0.9069880624426079,0.6268779444816266,18,34,16,8,0.6911538461538461,0.355229955778562,
diabetes,KNN,Robust Scaler,1,0.0,0.0,0.15877628326416016,0.05967903137207031,,0.34000000000000913,210,335,115,31,0.8870723835869063,0.5880062319519971,23,29,21,4,0.822962962962963,0.4164073266987447,
diabetes,KNN,Robust Scaler,2,0.015625,0.0,0.15862751007080078,0.05967903137207031,,0.4,210,345,105,31,0.8981512217611802,0.6105352395996901,15,33,17,12,0.6892592592592592,0.20871076921228857,
diabetes,KNN,Robust Scaler,3,0.0,0.0,0.15833377838134766,0.05967903137207031,,0.4,208,345,105,33,0.8968234209313047,0.602914963389796,16,36,14,11,0.6859259259259258,0.3058693853650585,
diabetes,KNN,Robust Scaler,4,0.0,0.0,0.15887928009033203,0.05967903137207031,,0.4,213,332,118,28,0.8840802213001382,0.5930034044460197,20,42,8,7,0.8440740740740742,0.5760658398584765,
diabetes,KNN,Robust Scaler,5,0.015625,0.0,0.15879344940185547,0.05967903137207031,,0.4,212,341,109,29,0.8935131396957123,0.6091225571951447,23,31,19,4,0.7892592592592593,0.4521826354499575,
diabetes,KNN,Robust Scaler,6,0.0,0.0,0.15871143341064453,0.05967903137207031,,0.4,213,342,108,28,0.8960627017058552,0.6152110513153202,19,33,17,8,0.7714814814814814,0.3478335179045545,
diabetes,KNN,Robust Scaler,7,0.015625,0.0,0.15879535675048828,0.05967903137207031,,0.4,212,348,102,29,0.8946058091286306,0.6250192309816193,16,38,12,11,0.7518518518518519,0.349754259914075,
diabetes,KNN,Robust Scaler,8,0.0,0.0,0.1588296890258789,0.05967903137207031,,0.32000000000000456,211,343,107,30,0.8919686491470724,0.6098051233293222,20,31,19,7,0.7914814814814815,0.34430075507689306,
diabetes,KNN,Robust Scaler,9,0.015625,0.0,0.15906238555908203,0.05975532531738281,,0.22800000000000864,212,344,106,30,0.8931864095500459,0.6128701337245526,22,34,16,4,0.7996153846153846,0.4992301766027062,
diabetes,KNN,Robust Scaler,10,0.0,0.0,0.15854740142822266,0.05975532531738281,,0.4,212,338,112,30,0.8942607897153352,0.5993560783856051,17,33,17,9,0.6707692307692308,0.2994500453670523,
diabetes,KNN,Uniform Binning,1,0.0,0.0,0.14417552947998047,0.060242652893066406,,0.6,151,413,37,90,0.8825587828492393,0.5829310098794309,18,42,8,9,0.8133333333333334,0.5112313234371975,
diabetes,KNN,Uniform Binning,2,0.015625,0.0,0.14432239532470703,0.060242652893066406,,0.6,166,409,41,75,0.8885799907791609,0.6218414894211096,13,45,5,14,0.7433333333333334,0.43010856046828544,
diabetes,KNN,Uniform Binning,3,0.0,0.0,0.14437007904052734,0.060242652893066406,,0.6,157,407,43,84,0.8912033195020747,0.58418869845615,14,37,13,13,0.6548148148148148,0.25851851851851854,
diabetes,KNN,Uniform Binning,4,0.0,0.0,0.14427852630615234,0.060242652893066406,,0.6,147,412,38,94,0.8828815122176118,0.5656372432592359,15,44,6,12,0.8492592592592594,0.4666666666666667,
diabetes,KNN,Uniform Binning,5,0.015625,0.0,0.14437007904052734,0.060242652893066406,,0.6,160,411,39,81,0.8899170124481327,0.6075155561072254,12,44,6,15,0.7577777777777777,0.3658010669613767,
diabetes,KNN,Uniform Binning,6,0.0,0.0,0.14445781707763672,0.060242652893066406,,0.6,162,412,38,79,0.8910373443983403,0.6176680879292702,13,43,7,14,0.747037037037037,0.3716050570007949,
diabetes,KNN,Uniform Binning,7,0.015625,0.015625,0.14441394805908203,0.060242652893066406,,0.6,154,418,32,87,0.8934485938220378,0.6102097769636383,11,41,9,16,0.721851851851852,0.24746800975974842,
diabetes,KNN,Uniform Binning,8,0.015625,0.0,0.14441394805908203,0.060242652893066406,,0.6,166,406,44,75,0.8899861687413554,0.6123982822969761,14,40,10,13,0.7429629629629629,0.32813912498853487,
diabetes,KNN,Uniform Binning,9,0.0,0.0,0.14453887939453125,0.060318946838378906,,0.5039999999999963,155,411,39,87,0.874435261707989,0.5879958407793827,17,41,9,9,0.7965384615384616,0.47384615384615386,
diabetes,KNN,Uniform Binning,10,0.015625,0.0,0.14445114135742188,0.060318946838378906,,0.6,153,415,35,89,0.884159779614325,0.5944084517910291,9,43,7,17,0.6446153846153847,0.23989848280321,
diabetes,KNN,Quantile Binning,1,0.015625,0.015625,0.14469051361083984,0.06024456024169922,,0.4,215,315,135,26,0.874149377593361,0.5644305304857743,24,33,17,3,0.8603703703703703,0.5249381604221485,
diabetes,KNN,Quantile Binning,2,0.015625,0.0,0.14477825164794922,0.06024456024169922,,0.38000000000000683,211,322,128,30,0.8794882434301521,0.563489231367469,19,37,13,8,0.7625925925925926,0.4296142637737487,
diabetes,KNN,Quantile Binning,3,0.015625,0.0,0.1447763442993164,0.06024456024169922,,0.4,211,332,118,30,0.8831581373905025,0.5852386431469276,16,31,19,11,0.6522222222222223,0.20373063794998086,
diabetes,KNN,Quantile Binning,4,0.0,0.0,0.14473438262939453,0.06024456024169922,,0.38000000000000683,215,326,124,26,0.8874596588289534,0.5877861992545814,18,40,10,9,0.8122222222222222,0.4629100498862757,
diabetes,KNN,Quantile Binning,5,0.015625,0.0,0.14468669891357422,0.06024456024169922,,0.4,215,329,121,26,0.8886537574919318,0.5942612711229951,21,32,18,6,0.7581481481481481,0.39873845146482073,
diabetes,KNN,Quantile Binning,6,0.0,0.0,0.1448221206665039,0.06024456024169922,,0.3600000000000023,209,327,123,32,0.8807284462886122,0.5665027551918318,22,32,18,5,0.7585185185185186,0.43438080837749576,
diabetes,KNN,Quantile Binning,7,0.015625,0.0,0.14473628997802734,0.06024456024169922,,0.4,211,320,130,30,0.8758183494698017,0.5592006594955222,21,38,12,6,0.7977777777777778,0.5185449728701349,
diabetes,KNN,Quantile Binning,8,0.0,0.0,0.14473247528076172,0.06024456024169922,,0.4,215,321,129,26,0.887939142461964,0.5770969190962614,22,35,15,5,0.825925925925926,0.49168511697452694,
diabetes,KNN,Quantile Binning,9,0.015625,0.0,0.14486122131347656,0.06032085418701172,,0.6,163,404,46,79,0.8870844811753903,0.5934107345761368,12,39,11,14,0.7769230769230769,0.24943426871176771,
diabetes,KNN,Quantile Binning,10,0.0,0.0,0.14490509033203125,0.06032085418701172,,0.4,214,330,120,28,0.8853535353535353,0.5894244899747899,16,27,23,10,0.6646153846153846,0.14748455010923445,
diabetes,KNN,Random Undersampling,1,0.0,0.0,0.18294906616210938,0.04759693145751953,,0.6,199,337,113,42,0.8407607192254495,0.5502941014152238,21,33,17,6,0.8137037037037037,0.41782699435409404,
diabetes,KNN,Random Undersampling,2,0.015625,0.015625,0.18272018432617188,0.04759693145751953,,0.6,187,328,122,54,0.8286260949746427,0.4838854452977542,17,35,15,10,0.7537037037037037,0.31916251649301863,
diabetes,KNN,Random Undersampling,3,0.015625,0.0,0.18276405334472656,0.04759693145751953,,0.6,198,339,111,43,0.8613324112494237,0.551066223951006,17,33,17,10,0.6418518518518519,0.27831472651293665,
diabetes,KNN,Random Undersampling,4,0.0,0.0,0.18272018432617188,0.04759693145751953,,0.6,192,323,127,49,0.8242646380820655,0.4918108713665351,21,43,7,6,0.8792592592592592,0.6326437348445768,
diabetes,KNN,Random Undersampling,5,0.0,0.0,0.1826763153076172,0.04759693145751953,,0.6,192,344,106,49,0.843116643614569,0.5399703892526052,18,32,18,9,0.7296296296296296,0.2932852880091356,
diabetes,KNN,Random Undersampling,6,0.015625,0.0,0.18262863159179688,0.04759693145751953,,0.6,192,325,125,49,0.8367312125403411,0.49628973582322544,20,39,11,7,0.788888888888889,0.5066740688254677,
diabetes,KNN,Random Undersampling,7,0.0,0.0,0.1826763153076172,0.04759693145751953,,0.8,139,408,42,102,0.8498294144767173,0.5239913733442148,11,45,5,16,0.7666666666666666,0.3615399583301107,
diabetes,KNN,Random Undersampling,8,0.015625,0.0,0.1826763153076172,0.04759693145751953,,0.6,188,336,114,53,0.8366666666666668,0.5061051600456217,20,33,17,7,0.7111111111111111,0.38273618458017133,
diabetes,KNN,Random Undersampling,9,0.015625,0.0,0.1832103729248047,0.04776477813720703,,0.6,195,335,115,47,0.843769513314968,0.5276492636927614,21,26,24,5,0.7492307692307693,0.3163376027414202,
diabetes,KNN,Random Undersampling,10,0.0,0.0,0.1832113265991211,0.04776477813720703,,0.6,193,330,120,49,0.845514233241506,0.5086244763530247,18,33,17,8,0.7046153846153846,0.3353264809616036,
diabetes,KNN,SMOTE / SMOTENC,1,0.015625,0.0,0.3108186721801758,0.09495067596435547,,0.8,173,413,37,68,0.9149700322729368,0.6586128743381405,13,41,9,14,0.7459259259259259,0.31844529735483207,
diabetes,KNN,SMOTE / SMOTENC,2,0.015625,0.0,0.3104066848754883,0.09495067596435547,,0.8,169,415,35,72,0.8989903181189489,0.6514014333789742,16,41,9,11,0.7911111111111111,0.4204522053456932,
diabetes,KNN,SMOTE / SMOTENC,3,0.015625,0.0,0.3103199005126953,0.09495067596435547,,0.7999999999999887,178,420,30,63,0.9209912402028585,0.698117875683673,11,36,14,16,0.6192592592592592,0.12983443324858032,
diabetes,KNN,SMOTE / SMOTENC,4,0.015625,0.0,0.31023216247558594,0.09495067596435547,,0.8,162,412,38,79,0.8979714153988013,0.6176680879292702,16,44,6,11,0.8392592592592593,0.49918452017784487,
diabetes,KNN,SMOTE / SMOTENC,5,0.015625,0.0,0.31058216094970703,0.09495067596435547,,0.8,173,419,31,68,0.9152697095435685,0.6780297490169167,14,40,10,13,0.7485185185185185,0.32813912498853487,
diabetes,KNN,SMOTE / SMOTENC,6,0.015625,0.0,0.3103599548339844,0.09495067596435547,,0.8,171,418,32,70,0.9110834485938221,0.6679928382139518,11,40,10,16,0.692962962962963,0.2222222222222222,
diabetes,KNN,SMOTE / SMOTENC,7,0.015625,0.0,0.31053829193115234,0.09495067596435547,,0.8,162,419,31,79,0.8957538035961272,0.6408585438383416,13,41,9,14,0.7066666666666667,0.31844529735483207,
diabetes,KNN,SMOTE / SMOTENC,8,0.015625,0.0,0.31049537658691406,0.09495067596435547,,0.8,161,414,36,80,0.904407561088059,0.6207722457601187,15,42,8,12,0.7555555555555555,0.4123951744684367,
diabetes,KNN,SMOTE / SMOTENC,9,0.015625,0.0,0.3105640411376953,0.09501934051513672,,0.7039999999999964,162,418,32,80,0.9032644628099173,0.6352211334696488,18,39,11,8,0.7761538461538463,0.4612631569755697,
diabetes,KNN,SMOTE / SMOTENC,10,0.015625,0.0,0.3105630874633789,0.09501934051513672,,0.8,163,420,30,79,0.9072314049586777,0.6453463895199599,7,37,13,19,0.6146153846153846,0.009944903161976937,
diabetes,SVM,Baseline,1,0.015625,0.0,0.1585855484008789,0.035488128662109375,320.0,-0.3568180297348063,151,380,70,90,0.8295066851083448,0.4812724976582847,18,41,9,9,0.8377777777777778,0.4866666666666667,
diabetes,SVM,Baseline,2,0.015625,0.0,0.1589365005493164,0.03540802001953125,350.0,-0.4074163962116388,155,377,73,86,0.8293499308437067,0.4874610349536843,14,41,9,13,0.8222222222222222,0.3529299526817895,
diabetes,SVM,Baseline,3,0.015625,0.0,0.15902423858642578,0.035327911376953125,340.0,-0.19435300144393206,136,399,51,105,0.835564776394652,0.48376888676949314,16,41,9,11,0.7762962962962963,0.4204522053456932,
diabetes,SVM,Baseline,4,0.015625,0.0,0.15889263153076172,0.0362091064453125,343.0,-0.4004431156805528,153,375,75,88,0.82139234670355,0.47454481756568284,16,47,3,11,0.9014814814814816,0.589482896585366,
diabetes,SVM,Baseline,5,0.015625,0.0,0.1589365005493164,0.0355682373046875,333.0,0.07392495504965625,115,420,30,126,0.8295527893038266,0.4804631176354519,13,48,2,14,0.8385185185185184,0.5319096889176549,
diabetes,SVM,Baseline,6,0.015625,0.0,0.15897655487060547,0.03572845458984375,411.0,-0.20619904924639576,137,400,50,104,0.8269709543568465,0.49060370859692204,13,45,5,14,0.8592592592592593,0.43010856046828544,
diabetes,SVM,Baseline,7,0.015625,0.0,0.15902423858642578,0.035007476806640625,322.0,-0.24644176529662865,140,396,54,101,0.8326325495620103,0.48882628134167694,13,46,4,14,0.7888888888888889,0.4618833599503053,
diabetes,SVM,Baseline,8,0.015625,0.0,0.15880107879638672,0.03540802001953125,314.0,-0.21404714411154624,137,400,50,104,0.8319778699861687,0.49060370859692204,17,41,9,10,0.8007407407407406,0.4536804288397352,
diabetes,SVM,Baseline,9,0.015625,0.015625,0.15912723541259766,0.035167694091796875,287.0,-0.19471552683890517,134,404,46,108,0.8319559228650139,0.49079188129785,17,37,13,9,0.8169230769230769,0.3822598997961939,
diabetes,SVM,Baseline,10,0.0,0.0,0.15908336639404297,0.035247802734375,312.0,-0.2396219650197781,140,396,54,102,0.8358402203856748,0.4867987850145267,14,44,6,12,0.7676923076923077,0.4508356100096212,
diabetes,SVM,IQR Capping,1,0.046875,0.0,0.22217178344726562,0.03579425811767578,406.0,-0.309395731262146,144,393,57,97,0.8303826648224989,0.49407795814573197,17,43,7,10,0.8414814814814814,0.5044185153893525,
diabetes,SVM,IQR Capping,2,0.046875,0.0,0.2220134735107422,0.035233497619628906,327.0,-0.2027379886600696,137,400,50,104,0.832678653757492,0.49060370859692204,12,43,7,15,0.8111111111111111,0.33696449304114806,
diabetes,SVM,IQR Capping,3,0.046875,0.015625,0.2220134735107422,0.035393714904785156,326.0,-0.21323881499625164,137,400,50,104,0.8389857076994006,0.49060370859692204,16,41,9,11,0.765925925925926,0.4204522053456932,
diabetes,SVM,IQR Capping,4,0.046875,0.0,0.22196578979492188,0.036034584045410156,320.0,-0.41964317411370955,154,376,74,87,0.8222498847395112,0.48100292625968355,16,45,5,11,0.9007407407407407,0.5277777777777778,
diabetes,SVM,IQR Capping,5,0.046875,0.0,0.2220134735107422,0.03595447540283203,428.0,-0.3283423878137744,145,387,63,96,0.8320608575380359,0.47965785209077066,16,46,4,11,0.8385185185185186,0.5578106278623646,
diabetes,SVM,IQR Capping,6,0.046875,0.0,0.22187137603759766,0.03563404083251953,354.0,-0.14071961842795552,133,403,47,108,0.8256800368833563,0.48583205174110494,13,45,5,14,0.8688888888888889,0.43010856046828544,
diabetes,SVM,IQR Capping,7,0.046875,0.0,0.2220134735107422,0.035073280334472656,323.0,-0.1926411267173221,138,401,49,103,0.8330567081604425,0.49743853042435093,12,46,4,15,0.7911111111111111,0.4286208662612397,
diabetes,SVM,IQR Capping,8,0.046875,0.0,0.2220134735107422,0.03531360626220703,302.0,-0.23452925157634075,139,395,55,102,0.830465652374366,0.482068810041571,17,41,9,10,0.8096296296296296,0.4536804288397352,
diabetes,SVM,IQR Capping,9,0.03125,0.0,0.22226524353027344,0.03499317169189453,306.0,-0.16711281806527326,135,405,45,107,0.8329752066115703,0.49769938174240974,16,39,11,10,0.8107692307692308,0.39193271931340373,
diabetes,SVM,IQR Capping,10,0.046875,0.0,0.22221755981445312,0.03515338897705078,331.0,-0.271118099691453,140,396,54,102,0.8356014692378329,0.4867987850145267,15,43,7,11,0.7707692307692308,0.4570549736073866,
diabetes,SVM,Quantile Capping,1,0.046875,0.015625,0.22196578979492188,0.03563976287841797,340.0,-0.31342897399605557,145,387,63,96,0.8258275703088981,0.47965785209077066,18,42,8,9,0.8407407407407407,0.5112313234371975,
diabetes,SVM,Quantile Capping,2,0.046875,0.0,0.2220134735107422,0.035399436950683594,344.0,-0.476413238136823,160,368,82,81,0.8281420009220839,0.4812169424758466,15,40,10,12,0.8029629629629629,0.36232865092627065,
diabetes,SVM,Quantile Capping,3,0.046875,0.0,0.22196578979492188,0.035559654235839844,310.0,-0.18930057105156767,136,399,51,105,0.8332319041032734,0.48376888676949314,16,41,9,11,0.7696296296296297,0.4204522053456932,
diabetes,SVM,Quantile Capping,4,0.046875,0.015625,0.22191905975341797,0.03644084930419922,307.0,-0.39790754578270493,153,375,75,88,0.8177501152604888,0.47454481756568284,16,47,3,11,0.9,0.589482896585366,
diabetes,SVM,Quantile Capping,5,0.046875,0.015625,0.2220134735107422,0.035880088806152344,367.0,-0.3537682439912684,148,384,66,93,0.8275057630244353,0.48180988524002377,18,44,6,9,0.8385185185185184,0.563178312189625,
diabetes,SVM,Quantile Capping,6,0.046875,0.015625,0.22187042236328125,0.03596019744873047,351.0,-0.19629714386376043,136,399,51,105,0.8233656062701706,0.48376888676949314,14,45,5,13,0.8644444444444443,0.46322369481325704,
diabetes,SVM,Quantile Capping,7,0.046875,0.015625,0.22191810607910156,0.03515911102294922,318.0,-0.24250465645172475,141,397,53,100,0.8288427846934071,0.49558375264178295,13,46,4,14,0.7896296296296296,0.4618833599503053,
diabetes,SVM,Quantile Capping,8,0.046875,0.015625,0.22196578979492188,0.03515911102294922,281.0,-0.20645911531639818,137,400,50,104,0.83005071461503,0.49060370859692204,17,41,9,10,0.7851851851851852,0.4536804288397352,
diabetes,SVM,Quantile Capping,9,0.046875,0.015625,0.22226524353027344,0.035399436950683594,309.0,-0.22140603175525614,138,401,49,104,0.8286868686868686,0.495434775163761,17,37,13,9,0.8099999999999999,0.3822598997961939,
diabetes,SVM,Quantile Capping,10,0.046875,0.015625,0.22226524353027344,0.035559654235839844,320.0,-0.20800731972053907,136,399,51,106,0.8326721763085398,0.4817871948758217,14,44,6,12,0.7684615384615384,0.4508356100096212,
diabetes,SVM,IQR Removal,1,0.03125,0.0,0.17895793914794922,0.027756690979003906,224.0,-0.39920751030231477,151,380,70,90,0.8207376671277086,0.4812724976582847,16,39,11,11,0.8133333333333334,0.3725925925925926,
diabetes,SVM,IQR Removal,2,0.046875,0.015625,0.17776203155517578,0.02719593048095703,288.0,-0.6352400689085093,168,355,95,73,0.8211065006915628,0.4770207608158349,16,39,11,11,0.8059259259259259,0.3725925925925926,
diabetes,SVM,IQR Removal,3,0.03125,0.0,0.1782217025756836,0.027596473693847656,285.0,-0.9648927748690602,218,267,183,23,0.8307607192254495,0.48082126670515307,20,30,20,7,0.7525925925925925,0.32543187598314016,
diabetes,SVM,IQR Removal,4,0.03125,0.0,0.1818704605102539,0.028878211975097656,224.0,-0.6747079105377428,172,345,105,69,0.8097003227293684,0.46713371050920616,20,42,8,7,0.8940740740740741,0.5760658398584765,
diabetes,SVM,IQR Removal,5,0.03125,0.0,0.1791095733642578,0.02831745147705078,261.0,-0.2650563877198762,137,393,57,104,0.8188105117565698,0.46855386744135896,16,46,4,11,0.8214814814814815,0.5578106278623646,
diabetes,SVM,IQR Removal,6,0.03125,0.0,0.1794576644897461,0.028717994689941406,283.0,-0.24265924324578445,134,397,53,107,0.8139880129091747,0.47009924311463536,13,45,5,14,0.8755555555555555,0.43010856046828544,
diabetes,SVM,IQR Removal,7,0.03125,0.0,0.18078899383544922,0.027756690979003906,259.0,-0.1630341754358923,131,401,49,110,0.8204979253112034,0.4719949045015236,12,45,5,15,0.7674074074074074,0.396265244237808,
diabetes,SVM,IQR Removal,8,0.03125,0.0,0.1819772720336914,0.028878211975097656,225.0,-0.3809584473750279,144,386,64,97,0.8213001383125865,0.4730378513758342,18,40,10,9,0.7881481481481482,0.4629100498862757,
diabetes,SVM,IQR Removal,9,0.03125,0.0,0.17854022979736328,0.027436256408691406,271.0,-0.9541759985756325,215,271,179,27,0.8223691460055096,0.472532025288551,25,19,31,1,0.7907692307692307,0.36796141699314666,
diabetes,SVM,IQR Removal,10,0.046875,0.0,0.17961692810058594,0.027916908264160156,266.0,-0.6152559288840064,164,358,92,78,0.825307621671258,0.4674482522268679,16,41,9,10,0.7353846153846154,0.43963237075742945,
diabetes,SVM,Quantile Removal,1,0.03125,0.015625,0.19330692291259766,0.03296947479248047,300.0,-0.45932577449998546,159,367,83,82,0.8289165514061781,0.47485144404078383,19,39,11,8,0.8377777777777777,0.4733002574487753,
diabetes,SVM,Quantile Removal,2,0.03125,0.0,0.19243526458740234,0.032729148864746094,318.0,-0.13468184872653752,132,402,48,109,0.8285384970032272,0.4789134781213143,11,45,5,16,0.8118518518518518,0.3615399583301107,
diabetes,SVM,Quantile Removal,3,0.03125,0.0,0.1926422119140625,0.03248882293701172,258.0,-0.7835630314530622,201,305,145,40,0.8349285384970031,0.4878313786442087,19,32,18,8,0.7651851851851852,0.32826171838299356,
diabetes,SVM,Quantile Removal,4,0.046875,0.0,0.19498348236083984,0.03377056121826172,334.0,-0.33999505682051756,146,382,68,95,0.820129091747349,0.4686749725994408,16,47,3,11,0.902962962962963,0.589482896585366,
diabetes,SVM,Quantile Removal,5,0.03125,0.0,0.19330692291259766,0.03345012664794922,314.0,-0.12679088819692885,132,402,48,109,0.8282434301521439,0.4789134781213143,14,46,4,13,0.8429629629629629,0.4944160539751941,
diabetes,SVM,Quantile Removal,6,0.03125,0.0,0.19325923919677734,0.03361034393310547,305.0,0.0673982385750229,115,420,30,126,0.8244905486399262,0.4804631176354519,11,45,5,16,0.8651851851851852,0.3615399583301107,
diabetes,SVM,Quantile Removal,7,0.03125,0.015625,0.1926898956298828,0.03248882293701172,300.0,0.29166400030159695,105,430,20,136,0.8307238358690643,0.4843898468980045,5,47,3,22,0.7844444444444444,0.19577186653136464,
diabetes,SVM,Quantile Removal,8,0.03125,0.0,0.19248390197753906,0.03296947479248047,277.0,-0.24229435238084238,139,395,55,102,0.8308713692946057,0.482068810041571,17,41,9,10,0.7992592592592592,0.4536804288397352,
diabetes,SVM,Quantile Removal,9,0.03125,0.0,0.19284725189208984,0.032729148864746094,268.0,-0.4310050103515685,160,368,82,82,0.8287052341597796,0.4789348025711662,20,34,16,6,0.8099999999999999,0.4268349027294209,
diabetes,SVM,Quantile Removal,10,0.046875,0.015625,0.19321155548095703,0.03264904022216797,328.0,-0.41691509869160137,156,377,73,86,0.8334618916437098,0.48889803664480036,15,42,8,11,0.7607692307692308,0.4305521453559812,
diabetes,SVM,Yeo-Johnson,1,0.078125,0.0,0.20938968658447266,0.03509807586669922,654.0,-0.49757615915512327,203,370,80,38,0.8930659289995388,0.6440453434756411,23,33,17,4,0.8222222222222222,0.4888552745746736,
diabetes,SVM,Yeo-Johnson,2,0.078125,0.0,0.2093954086303711,0.03461742401123047,509.0,-0.5610068965134806,195,375,75,46,0.896625172890733,0.6275369017611921,18,38,12,9,0.8140740740740741,0.417489966754203,
diabetes,SVM,Yeo-Johnson,3,0.09375,0.0,0.2094430923461914,0.03413677215576172,543.0,-0.4199986345079047,192,379,71,49,0.9000276625172892,0.6271187078297767,17,37,13,10,0.7644444444444445,0.36167967605963075,
diabetes,SVM,Yeo-Johnson,4,0.078125,0.0,0.2093954086303711,0.034857749938964844,466.0,-0.49916066847313073,196,369,81,45,0.8926325495620102,0.6158417526453934,20,45,5,7,0.9155555555555555,0.6529464230233836,
diabetes,SVM,Yeo-Johnson,5,0.0625,0.015625,0.2094430923461914,0.034857749938964844,522.0,-0.4572254926712421,198,371,79,43,0.8948732134624251,0.6282340894900756,21,39,11,6,0.8355555555555555,0.5400660110544787,
diabetes,SVM,Yeo-Johnson,6,0.0625,0.0,0.2094430923461914,0.034377098083496094,558.0,-0.34241315288570295,181,389,61,60,0.8958782849239281,0.6148924096121653,19,40,10,8,0.8340740740740741,0.49604652413672967,
diabetes,SVM,Yeo-Johnson,7,0.078125,0.0,0.2094430923461914,0.03461742401123047,519.0,-0.5927243924580243,204,357,93,37,0.8937851544490549,0.6159379979985306,17,38,12,10,0.8074074074074074,0.3837065760234115,
diabetes,SVM,Yeo-Johnson,8,0.078125,0.0,0.2094430923461914,0.034697532653808594,524.0,-0.5125937536925247,197,370,80,44,0.8934071000461042,0.6220379210677345,21,34,16,6,0.8192592592592592,0.43721065077734916,
diabetes,SVM,Yeo-Johnson,9,0.078125,0.0,0.20960330963134766,0.034537315368652344,523.0,-0.6983949526827204,218,343,107,24,0.8925528007346188,0.6335554548926018,25,25,25,1,0.8530769230769231,0.46153846153846156,
diabetes,SVM,Yeo-Johnson,10,0.078125,0.0,0.20969486236572266,0.03413677215576172,516.0,-0.43320233742532593,195,375,75,47,0.895583103764922,0.6248232653618971,15,36,14,11,0.7669230769230769,0.28997976969473926,
diabetes,SVM,Quantile Transform,1,0.03125,0.0,0.2118539810180664,0.08386707305908203,378.0,-0.6868947975337003,209,327,123,32,0.8680590133702167,0.5665027551918318,23,24,26,4,0.8296296296296296,0.3291804799191294,
diabetes,SVM,Quantile Transform,2,0.03125,0.015625,0.2131519317626953,0.08290576934814453,402.0,-0.7821586197925812,217,308,142,24,0.8694052558782849,0.557891793691796,22,33,17,5,0.8081481481481482,0.4531761478527484,
diabetes,SVM,Quantile Transform,3,0.03125,0.0,0.21171092987060547,0.0831460952758789,366.0,-0.7789187975784414,219,310,140,22,0.8734255417242969,0.5700474104364839,22,32,18,5,0.78,0.43438080837749576,
diabetes,SVM,Quantile Transform,4,0.03125,0.015625,0.2119760513305664,0.08418750762939453,363.0,-0.4020820271532227,184,357,93,57,0.8582664822498847,0.5414877315772998,19,45,5,8,0.9185185185185185,0.6219381089898975,
diabetes,SVM,Quantile Transform,5,0.03125,0.0,0.2124319076538086,0.08426761627197266,457.0,-0.5433465699710741,200,339,111,41,0.8688243430152145,0.5586848472154854,23,37,13,4,0.8348148148148148,0.5660264374862303,
diabetes,SVM,Quantile Transform,6,0.03125,0.0,0.21236801147460938,0.08322620391845703,332.0,-0.7090354311492792,213,317,133,28,0.868169663439373,0.5607094579472945,23,35,15,4,0.842962962962963,0.5267023871299493,
diabetes,SVM,Quantile Transform,7,0.03125,0.015625,0.2125997543334961,0.08354663848876953,397.0,-0.26293374961126575,172,380,70,69,0.8673674504379898,0.5576029236966001,14,44,6,13,0.8340740740740741,0.4336735806213181,
diabetes,SVM,Quantile Transform,8,0.03125,0.0,0.21317577362060547,0.08330631256103516,367.0,-0.5170565137609707,196,342,108,45,0.8666943291839557,0.5504118632404494,21,33,17,6,0.8207407407407408,0.41782699435409404,
diabetes,SVM,Quantile Transform,9,0.03125,0.015625,0.21340179443359375,0.0836954116821289,417.0,-0.6944329927264159,213,324,126,29,0.8680257116620754,0.5725291617440064,26,27,23,0,0.8307692307692309,0.5352855427198627,
diabetes,SVM,Quantile Transform,10,0.03125,0.0,0.2119579315185547,0.08329486846923828,447.0,-0.8098665250187865,219,309,141,23,0.8736179981634528,0.5647294260808858,22,27,23,4,0.7453846153846153,0.37277341919294116,
diabetes,SVM,Min-Max Scaler,1,0.015625,0.0,0.16149425506591797,0.03322124481201172,325.0,-0.5259061327251822,186,359,91,55,0.8671922544951591,0.553880068421982,22,35,15,5,0.865925925925926,0.49168511697452694,
diabetes,SVM,Min-Max Scaler,2,0.015625,0.0,0.16142749786376953,0.033141136169433594,365.0,-0.06416360961832683,151,407,43,90,0.8751221761180268,0.563158465642843,13,44,6,14,0.8081481481481482,0.4000940939272025,
diabetes,SVM,Min-Max Scaler,3,0.015625,0.0,0.16138362884521484,0.033301353454589844,429.0,0.005030714495245604,147,417,33,94,0.8755647763946519,0.5826920824181746,14,42,8,13,0.8162962962962963,0.378691704962503,
diabetes,SVM,Min-Max Scaler,4,0.015625,0.0,0.16147518157958984,0.03434276580810547,400.0,-0.130268123413961,150,399,51,91,0.8616781927155373,0.5341940346487225,18,48,2,9,0.9281481481481482,0.6819476751034109,
diabetes,SVM,Min-Max Scaler,5,0.015625,0.0,0.16156291961669922,0.03338146209716797,428.0,0.03641294125870289,147,410,40,94,0.8712033195020746,0.558951926871211,12,47,3,15,0.8481481481481482,0.46318981300044104,
diabetes,SVM,Min-Max Scaler,6,0.015625,0.015625,0.16143131256103516,0.03354167938232422,417.0,-0.6192369940142458,204,336,114,37,0.8742646380820656,0.567157647344418,23,38,12,4,0.8474074074074074,0.5863467140999449,
diabetes,SVM,Min-Max Scaler,7,0.015625,0.0,0.1616067886352539,0.03306102752685547,432.0,0.11331389324034324,133,424,26,108,0.8712217611802674,0.5594560487243881,12,47,3,15,0.8237037037037037,0.46318981300044104,
diabetes,SVM,Min-Max Scaler,8,0.015625,0.0,0.16156291961669922,0.03290081024169922,345.0,-0.6309376327746163,200,339,111,41,0.869718764407561,0.5586848472154854,21,33,17,6,0.8303703703703704,0.41782699435409404,
diabetes,SVM,Min-Max Scaler,9,0.015625,0.015625,0.16170597076416016,0.03306102752685547,359.0,-0.5247325589639393,191,357,93,51,0.872910927456382,0.5647904764697662,23,32,18,3,0.8415384615384616,0.4993289519995932,
diabetes,SVM,Min-Max Scaler,10,0.015625,0.0,0.16170978546142578,0.032660484313964844,347.0,-0.5865021222662192,201,346,104,41,0.8793112947658404,0.5758032463399082,16,35,15,10,0.7607692307692308,0.3044563782253105,
diabetes,SVM,Standard Scaler,1,0.015625,0.0,0.1636800765991211,0.034142494201660156,584.0,-0.48814158425961784,194,374,76,47,0.8936560627017058,0.6213133208624912,22,34,16,5,0.8429629629629629,0.4722646907420217,
diabetes,SVM,Standard Scaler,2,0.015625,0.015625,0.1637868881225586,0.033822059631347656,541.0,0.18669879948915635,145,429,21,96,0.8967634854771783,0.6191111904597252,9,45,5,18,0.8162962962962963,0.28867513459481287,
diabetes,SVM,Standard Scaler,3,0.015625,0.0,0.1637868881225586,0.033982276916503906,532.0,-0.15634759731150988,167,409,41,74,0.9011157215306593,0.6252978678193722,14,40,10,13,0.7814814814814814,0.32813912498853487,
diabetes,SVM,Standard Scaler,4,0.015625,0.0,0.1637430191040039,0.03502368927001953,510.0,-0.1329029601974109,160,409,41,81,0.8916182572614106,0.6010541621537067,18,48,2,9,0.9162962962962963,0.6819476751034109,
diabetes,SVM,Standard Scaler,5,0.015625,0.015625,0.1637868881225586,0.03438282012939453,651.0,-0.5866900718056067,205,358,92,36,0.8965145228215767,0.6220719014187244,23,35,15,4,0.8474074074074074,0.5267023871299493,
diabetes,SVM,Standard Scaler,6,0.015625,0.0,0.1637868881225586,0.033982276916503906,489.0,-0.4243841339345617,187,381,69,54,0.8992070078377131,0.6144116987934871,20,41,9,7,0.8392592592592593,0.5522164981933888,
diabetes,SVM,Standard Scaler,7,0.015625,0.0,0.1637868881225586,0.033982276916503906,526.0,0.020472514792769334,158,421,29,83,0.8982019363762102,0.6341349669729288,14,47,3,13,0.8074074074074074,0.5275014756628025,
diabetes,SVM,Standard Scaler,8,0.015625,0.0,0.1637868881225586,0.03358173370361328,495.0,0.03040267032713133,151,421,29,90,0.8956016597510372,0.6103663768973373,16,42,8,11,0.8155555555555555,0.44565871858907996,
diabetes,SVM,Standard Scaler,9,0.015625,0.0,0.16397762298583984,0.034302711486816406,531.0,-0.6730550024152251,215,347,103,27,0.8969329660238752,0.631111780762635,23,28,22,3,0.8192307692307692,0.4292092356444621,
diabetes,SVM,Standard Scaler,10,0.015625,0.0,0.16397762298583984,0.03326129913330078,472.0,-0.28392193499550383,184,392,58,58,0.8991735537190083,0.6314416896235078,15,39,11,11,0.7923076923076923,0.3569230769230769,
diabetes,SVM,Robust Scaler,1,0.015625,0.0,0.16250324249267578,0.03417491912841797,518.0,-0.5233677655633395,195,368,82,46,0.8902627939142462,0.6096455842230523,22,33,17,5,0.82,0.4531761478527484,
diabetes,SVM,Robust Scaler,2,0.03125,0.0,0.1624441146850586,0.03385448455810547,525.0,-0.1641446062733136,162,411,39,79,0.8899585062240664,0.6144261876547035,14,43,7,13,0.8155555555555556,0.40555555555555556,
diabetes,SVM,Robust Scaler,3,0.015625,0.0,0.16218280792236328,0.033774375915527344,500.0,-0.4762650878633684,189,383,67,52,0.8985246657445828,0.6269872970182261,17,37,13,10,0.782962962962963,0.36167967605963075,
diabetes,SVM,Robust Scaler,4,0.03125,0.0,0.16218185424804688,0.03481578826904297,558.0,-0.11219033476237847,155,411,39,86,0.8877455048409405,0.590188350843267,17,48,2,10,0.9133333333333333,0.6526124974714206,
diabetes,SVM,Robust Scaler,5,0.015625,0.0,0.16239643096923828,0.03385448455810547,552.0,-0.6976182635396072,212,344,106,29,0.8949377593360996,0.6158976198985943,24,34,16,3,0.8355555555555555,0.5433297407718514,
diabetes,SVM,Robust Scaler,6,0.015625,0.0,0.16218280792236328,0.03417491912841797,620.0,-0.19383776915245934,168,404,46,73,0.8958967266021209,0.6131590116458534,18,42,8,9,0.8414814814814815,0.5112313234371975,
diabetes,SVM,Robust Scaler,7,0.03125,0.0,0.16234874725341797,0.03369426727294922,548.0,-0.09634363230754188,164,413,37,77,0.8943015214384509,0.6277982131557003,14,46,4,13,0.8014814814814815,0.4944160539751941,
diabetes,SVM,Robust Scaler,8,0.015625,0.0,0.16248607635498047,0.03385448455810547,488.0,-0.5057454322997637,195,368,82,46,0.8930382664822499,0.6096455842230523,20,36,14,7,0.8133333333333334,0.4427410738901448,
diabetes,SVM,Robust Scaler,9,0.03125,0.0,0.1623239517211914,0.03369426727294922,446.0,-0.6965931770382237,213,345,105,29,0.8930394857667585,0.6189506827372466,23,27,23,3,0.8569230769230769,0.41212395446777156,
diabetes,SVM,Robust Scaler,10,0.015625,0.0,0.1624135971069336,0.03337383270263672,507.0,-0.5841145036870958,205,357,93,37,0.8959779614325071,0.6167890696909099,15,35,15,11,0.7946153846153846,0.26877649204419884,
diabetes,SVM,Uniform Binning,1,0.015625,0.015625,0.16294002532958984,0.03473663330078125,431.0,0.09744974896393478,134,418,32,107,0.8497694790225911,0.5409264032280986,19,43,7,8,0.8533333333333333,0.5687822180346598,
diabetes,SVM,Uniform Binning,2,0.015625,0.015625,0.16295909881591797,0.03473663330078125,432.0,-0.011098495600252556,150,411,39,91,0.8621161825726141,0.5727776567841794,13,44,6,14,0.8281481481481482,0.4000940939272025,
diabetes,SVM,Uniform Binning,3,0.015625,0.0,0.16295909881591797,0.034015655517578125,383.0,-0.034725965733642346,151,407,43,90,0.8631950207468879,0.563158465642843,14,42,8,13,0.7637037037037037,0.378691704962503,
diabetes,SVM,Uniform Binning,4,0.015625,0.0,0.16295909881591797,0.035297393798828125,493.0,0.2256224878950308,125,423,27,116,0.8413692946058091,0.5277169203041431,15,49,1,12,0.9151851851851852,0.6298635900546266,
diabetes,SVM,Uniform Binning,5,0.015625,0.0,0.16304683685302734,0.0342559814453125,413.0,0.04335892481591677,138,415,35,103,0.8514845550945136,0.5443627809787654,14,46,4,13,0.8407407407407407,0.4944160539751941,
diabetes,SVM,Uniform Binning,6,0.015625,0.0,0.16295909881591797,0.034656524658203125,439.0,-0.6630914708749076,205,322,128,36,0.8569801751959429,0.5400128683535271,22,33,17,5,0.8192592592592592,0.4531761478527484,
diabetes,SVM,Uniform Binning,7,0.015625,0.0,0.16309070587158203,0.034656524658203125,407.0,0.02010984989731387,136,420,30,105,0.8563854310742278,0.5551418190883943,10,45,5,17,0.7888888888888889,0.32575006116601346,
diabetes,SVM,Uniform Binning,8,0.015625,0.0,0.16273975372314453,0.034336090087890625,534.0,0.06648719130634378,142,412,38,99,0.8533978792070079,0.5480992143192212,14,41,9,13,0.7748148148148148,0.3529299526817895,
diabetes,SVM,Uniform Binning,9,0.015625,0.0,0.16332530975341797,0.03537750244140625,405.0,-0.17123839598300306,146,402,48,96,0.8436776859504133,0.5272776073204691,18,43,7,8,0.8661538461538462,0.5576961876392833,
diabetes,SVM,Uniform Binning,10,0.015625,0.0,0.16301822662353516,0.033054351806640625,367.0,-0.4586585452400845,183,370,80,59,0.8643755739210284,0.5682653138915181,14,37,13,12,0.7484615384615385,0.2760304365592454,
diabetes,SVM,Quantile Binning,1,0.015625,0.0,0.16332530975341797,0.03529167175292969,685.0,-0.6687944442647376,209,341,109,32,0.8707376671277086,0.5976201301907781,25,30,20,2,0.8466666666666666,0.5092255881124567,
diabetes,SVM,Quantile Binning,2,0.03125,0.015625,0.1632375717163086,0.03449058532714844,541.0,-0.8882631655353477,223,314,136,18,0.8770170585523283,0.5943586439258596,25,30,20,2,0.8133333333333334,0.5092255881124567,
diabetes,SVM,Quantile Binning,3,0.015625,0.0,0.16336536407470703,0.03392982482910156,534.0,-0.6718192966712976,214,339,111,27,0.8852143845089904,0.6123417747402776,21,35,15,6,0.768888888888889,0.4569299776953924,
diabetes,SVM,Quantile Binning,4,0.015625,0.015625,0.16332721710205078,0.03553199768066406,596.0,-0.6296080636311439,212,337,113,29,0.8759151682803136,0.6001740033461374,21,43,7,6,0.8992592592592592,0.6326437348445768,
diabetes,SVM,Quantile Binning,5,0.015625,0.0,0.16341304779052734,0.03417015075683594,541.0,-0.6172699849310496,207,339,111,34,0.8791009681881051,0.585435137052234,22,34,16,5,0.7888888888888889,0.4722646907420217,
diabetes,SVM,Quantile Binning,6,0.03125,0.0,0.16336727142333984,0.03481101989746094,547.0,-0.6153270736798031,211,343,107,30,0.8771553711387736,0.6098051233293222,22,35,15,5,0.8414814814814815,0.49168511697452694,
diabetes,SVM,Quantile Binning,7,0.015625,0.0,0.16345500946044922,0.03433036804199219,490.0,-0.5128943269661191,202,355,95,39,0.881134163208852,0.603670191158143,19,36,14,8,0.8118518518518519,0.4085505846855608,
diabetes,SVM,Quantile Binning,8,0.03125,0.0,0.1631479263305664,0.03457069396972656,495.0,-0.6069820784138693,208,347,103,33,0.8754863992623328,0.6075142332201211,20,36,14,7,0.7970370370370371,0.4427410738901448,
diabetes,SVM,Quantile Binning,9,0.015625,0.0,0.16359996795654297,0.03417015075683594,550.0,-0.689892659395496,214,339,111,28,0.8766391184573004,0.6092682557797481,24,28,22,2,0.796923076923077,0.4688656583437691,
diabetes,SVM,Quantile Binning,10,0.03125,0.0,0.16356182098388672,0.03417015075683594,581.0,-0.6327034378567965,212,344,106,30,0.8789807162534437,0.6128701337245526,18,32,18,8,0.7523076923076922,0.3157408869505305,
diabetes,SVM,Random Undersampling,1,0.015625,0.0,0.1831836700439453,0.032332420349121094,256.0,0.5847209960347801,127,404,46,114,0.8131396957123098,0.46726035857646236,13,45,5,14,0.8525925925925926,0.43010856046828544,
diabetes,SVM,Random Undersampling,2,0.015625,0.0,0.1829547882080078,0.032652854919433594,242.0,-0.07321929523901674,182,328,122,59,0.8208575380359613,0.4647674515279726,17,37,13,10,0.7896296296296297,0.36167967605963075,
diabetes,SVM,Random Undersampling,3,0.015625,0.015625,0.18291091918945312,0.032813072204589844,227.0,0.5650174529644882,116,421,29,125,0.8316274781005071,0.48792044050800576,15,44,6,12,0.7637037037037038,0.4666666666666667,
diabetes,SVM,Random Undersampling,4,0.03125,0.0,0.18291091918945312,0.033614158630371094,233.0,0.4673963940589166,123,407,43,118,0.8134163208852005,0.46274161599647207,16,49,1,11,0.9088888888888889,0.658737707087797,
diabetes,SVM,Random Undersampling,5,0.015625,0.0,0.18282032012939453,0.033293724060058594,235.0,0.1291800785172804,157,372,78,84,0.8228584601198708,0.48098815534745226,18,42,8,9,0.8318518518518518,0.5112313234371975,
diabetes,SVM,Random Undersampling,6,0.015625,0.0,0.18291091918945312,0.03209209442138672,238.0,0.6166578797061146,120,418,32,121,0.8176671277086215,0.49106328140719646,9,47,3,18,0.8585185185185185,0.35959378791588203,
diabetes,SVM,Random Undersampling,7,0.015625,0.0,0.18277931213378906,0.03161144256591797,225.0,0.738798225019504,116,421,29,125,0.8248132780082987,0.48792044050800576,6,47,3,21,0.7925925925925926,0.2409359021243241,
diabetes,SVM,Random Undersampling,8,0.015625,0.0,0.1829986572265625,0.032652854919433594,240.0,0.3893471066767272,144,380,70,97,0.8182295988934993,0.4555400599588578,17,40,10,10,0.768148148148148,0.42962962962962964,
diabetes,SVM,Random Undersampling,9,0.015625,0.015625,0.18344593048095703,0.032828330993652344,273.0,0.7452988716004625,111,422,28,131,0.8196969696969698,0.4718874002766205,13,43,7,13,0.7861538461538461,0.38785122331710054,
diabetes,SVM,Random Undersampling,10,0.015625,0.0,0.18344497680664062,0.03194713592529297,263.0,0.5632332755920538,132,409,41,110,0.8201285583103766,0.5003702332976757,12,42,8,14,0.7923076923076923,0.32486683662457994,
diabetes,SVM,SMOTE / SMOTENC,1,0.03125,0.0,0.31096553802490234,0.0702829360961914,491.0,0.8591474024663636,114,425,25,127,0.8298939603503919,0.4963256749127257,12,47,3,15,0.8466666666666667,0.46318981300044104,
diabetes,SVM,SMOTE / SMOTENC,2,0.03125,0.015625,0.31090450286865234,0.06940174102783203,477.0,0.6188397929780531,132,409,41,109,0.8333148916551405,0.5023069142138729,12,45,5,15,0.8037037037037036,0.396265244237808,
diabetes,SVM,SMOTE / SMOTENC,3,0.03125,0.0,0.3106412887573242,0.0677194595336914,403.0,0.5767534955119584,135,405,45,106,0.8355832180728446,0.49966919898068635,15,44,6,12,0.7570370370370371,0.4666666666666667,
diabetes,SVM,SMOTE / SMOTENC,4,0.03125,0.0,0.3107290267944336,0.06852054595947266,469.0,0.514155234381225,126,410,40,115,0.8199907791609036,0.48406473978691567,16,49,1,11,0.9133333333333333,0.658737707087797,
diabetes,SVM,SMOTE / SMOTENC,5,0.03125,0.015625,0.3110799789428711,0.06916141510009766,419.0,0.7358546023658058,119,417,33,122,0.828501613646842,0.48373255362780715,12,49,1,15,0.8392592592592593,0.5406622838040445,
diabetes,SVM,SMOTE / SMOTENC,6,0.03125,0.0,0.31094837188720703,0.07004261016845703,449.0,0.5053303662347396,138,401,49,103,0.829119409866298,0.49743853042435093,12,45,5,15,0.8407407407407408,0.396265244237808,
diabetes,SVM,SMOTE / SMOTENC,7,0.015625,0.0,0.3107290267944336,0.06715869903564453,428.0,0.4836607049930779,132,409,41,109,0.8324020285846013,0.5023069142138729,12,46,4,15,0.797037037037037,0.4286208662612397,
diabetes,SVM,SMOTE / SMOTENC,8,0.03125,0.0,0.31090545654296875,0.06940174102783203,430.0,0.6029312603537933,132,409,41,109,0.8351682803135086,0.5023069142138729,16,44,6,11,0.791111111111111,0.49918452017784487,
diabetes,SVM,SMOTE / SMOTENC,9,0.03125,0.0,0.31084156036376953,0.06810855865478516,447.0,0.5407903444296147,129,413,37,113,0.8303764921946741,0.5034835136079147,14,40,10,12,0.8030769230769231,0.3454408611617303,
diabetes,SVM,SMOTE / SMOTENC,10,0.03125,0.0,0.3106660842895508,0.0669870376586914,370.0,0.3475116489677321,139,402,48,103,0.834710743801653,0.5022585653077306,14,43,7,12,0.78,0.4227339147785078,
diabetes,RandomForest,Baseline,1,0.625,0.0,0.30718326568603516,1.859074592590332,,0.355,241,449,1,0,1.0,0.9968223157159326,26,34,16,1,0.882962962962963,0.6161609537999421,
diabetes,RandomForest,Baseline,2,0.65625,0.015625,0.3082571029663086,1.843191146850586,,0.35,241,448,2,0,1.0,0.993660748278971,20,38,12,7,0.8248148148148148,0.4848401374141137,
diabetes,RandomForest,Baseline,3,0.640625,0.0,0.3090028762817383,1.8218259811401367,,0.375,241,449,1,0,1.0,0.9968223157159326,21,37,13,6,0.7933333333333333,0.4975498563492141,
diabetes,RandomForest,Baseline,4,0.640625,0.0,0.31068897247314453,1.8624200820922852,,0.39,241,448,2,0,1.0,0.993660748278971,21,44,6,6,0.9114814814814814,0.6577777777777778,
diabetes,RandomForest,Baseline,5,0.640625,0.0,0.31095218658447266,1.8477773666381836,,0.34,241,447,3,0,1.0,0.9905151278901474,24,36,14,3,0.874074074074074,0.581140083517877,
diabetes,RandomForest,Baseline,6,0.625,0.0,0.30633544921875,1.8320493698120117,,0.42000000000000004,241,449,1,0,1.0,0.9968223157159326,18,38,12,9,0.8088888888888889,0.417489966754203,
diabetes,RandomForest,Baseline,7,0.640625,0.015625,0.30896472930908203,1.7949676513671875,,0.345,241,449,1,0,1.0,0.9968223157159326,19,39,11,8,0.7981481481481482,0.4733002574487753,
diabetes,RandomForest,Baseline,8,0.640625,0.0,0.30800914764404297,1.8337364196777344,,0.37,241,449,1,0,1.0,0.9968223157159326,21,36,14,6,0.8099999999999999,0.4770278351999552,
diabetes,RandomForest,Baseline,9,0.640625,0.0,0.31072998046875,1.8482294082641602,,0.45400000000000545,242,450,0,0,1.0,1.0,20,37,13,6,0.8315384615384616,0.48741076357931756,
diabetes,RandomForest,Baseline,10,0.640625,0.015625,0.3100776672363281,1.8190908432006836,,0.3875000000000085,242,450,0,0,1.0,1.0,16,38,12,10,0.7511538461538462,0.3691887949279695,
diabetes,RandomForest,IQR Capping,1,0.65625,0.015625,0.3247947692871094,1.8751869201660156,,0.355,241,449,1,0,1.0,0.9968223157159326,26,32,18,1,0.8866666666666667,0.5813989089756058,
diabetes,RandomForest,IQR Capping,2,0.65625,0.0,0.3216276168823242,1.861128807067871,,0.37,241,449,1,0,1.0,0.9968223157159326,19,39,11,8,0.8181481481481481,0.4733002574487753,
diabetes,RandomForest,IQR Capping,3,0.65625,0.015625,0.31923866271972656,1.8333492279052734,,0.345,241,449,1,0,1.0,0.9968223157159326,20,36,14,7,0.7962962962962962,0.4427410738901448,
diabetes,RandomForest,IQR Capping,4,0.65625,0.015625,0.321075439453125,1.8710527420043945,,0.425,241,449,1,0,1.0,0.9968223157159326,20,45,5,7,0.907037037037037,0.6529464230233836,
diabetes,RandomForest,IQR Capping,5,0.671875,0.0,0.323944091796875,1.8672552108764648,,0.33,241,449,1,0,1.0,0.9968223157159326,24,33,17,3,0.8607407407407407,0.5249381604221485,
diabetes,RandomForest,IQR Capping,6,0.65625,0.0,0.31727027893066406,1.8483142852783203,,0.405,241,449,1,0,1.0,0.9968223157159326,19,36,14,8,0.8114814814814815,0.4085505846855608,
diabetes,RandomForest,IQR Capping,7,0.671875,0.0,0.31734466552734375,1.8134984970092773,,0.36,241,448,2,0,1.0,0.993660748278971,20,39,11,7,0.8014814814814815,0.5066740688254677,
diabetes,RandomForest,IQR Capping,8,0.671875,0.015625,0.3226804733276367,1.8298397064208984,,0.385,241,449,1,0,1.0,0.9968223157159326,21,36,14,6,0.8077777777777778,0.4770278351999552,
diabetes,RandomForest,IQR Capping,9,0.65625,0.015625,0.31723785400390625,1.8606624603271484,,0.4555000000000058,242,450,0,0,0.9999999999999999,1.0,18,36,14,8,0.8288461538461539,0.39617930531268536,
diabetes,RandomForest,IQR Capping,10,0.65625,0.0,0.321685791015625,1.8367233276367188,,0.38900000000000884,242,450,0,0,1.0,1.0,16,38,12,10,0.7492307692307691,0.3691887949279695,
diabetes,RandomForest,Quantile Capping,1,0.671875,0.015625,0.32018280029296875,1.867854118347168,,0.35,241,449,1,0,1.0,0.9968223157159326,26,33,17,1,0.8770370370370371,0.5986257928321732,
diabetes,RandomForest,Quantile Capping,2,0.671875,0.015625,0.32083892822265625,1.8418941497802734,,0.365,241,449,1,0,1.0,0.9968223157159326,20,39,11,7,0.8255555555555555,0.5066740688254677,
diabetes,RandomForest,Quantile Capping,3,0.65625,0.015625,0.32079505920410156,1.8202266693115234,,0.375,241,449,1,0,1.0,0.9968223157159326,21,37,13,6,0.7999999999999999,0.4975498563492141,
diabetes,RandomForest,Quantile Capping,4,0.671875,0.015625,0.32479000091552734,1.865553855895996,,0.4,241,449,1,0,1.0,0.9968223157159326,21,44,6,6,0.9144444444444444,0.6577777777777778,
diabetes,RandomForest,Quantile Capping,5,0.65625,0.015625,0.32178688049316406,1.8457145690917969,,0.33,241,448,2,0,0.9999999999999999,0.993660748278971,24,35,15,3,0.8718518518518519,0.5620515406286037,
diabetes,RandomForest,Quantile Capping,6,0.65625,0.015625,0.3227243423461914,1.8415889739990234,,0.41000000000000003,241,449,1,0,1.0,0.9968223157159326,19,37,13,8,0.8011111111111111,0.4296142637737487,
diabetes,RandomForest,Quantile Capping,7,0.65625,0.0,0.3227214813232422,1.80084228515625,,0.35,241,449,1,0,1.0,0.9968223157159326,19,39,11,8,0.7981481481481482,0.4733002574487753,
diabetes,RandomForest,Quantile Capping,8,0.640625,0.0,0.31941699981689453,1.8390007019042969,,0.37,241,449,1,0,1.0,0.9968223157159326,21,36,14,6,0.8092592592592592,0.4770278351999552,
diabetes,RandomForest,Quantile Capping,9,0.640625,0.0,0.31998729705810547,1.8473930358886719,,0.46250000000000513,242,450,0,0,1.0,1.0,19,39,11,7,0.833076923076923,0.49574330754818896,
diabetes,RandomForest,Quantile Capping,10,0.640625,0.0,0.32102012634277344,1.8167285919189453,,0.38600000000000817,242,450,0,0,1.0,1.0,16,37,13,10,0.76,0.34707423212168276,
diabetes,RandomForest,IQR Removal,1,0.640625,0.0,0.3283100128173828,1.485661506652832,,0.29,234,420,30,7,0.9832687874596588,0.886962985148221,26,32,18,1,0.8559259259259259,0.5813989089756058,
diabetes,RandomForest,IQR Removal,2,0.625,0.015625,0.3300199508666992,1.463231086730957,,0.32200000000000045,228,429,21,13,0.9871230982019364,0.8927969796302494,20,40,10,7,0.8211111111111111,0.5291105481433476,
diabetes,RandomForest,IQR Removal,3,0.640625,0.015625,0.32595157623291016,1.468724250793457,,0.38,226,433,17,15,0.9873351775011526,0.8982686538073541,17,36,14,10,0.7855555555555556,0.3401851500506696,
diabetes,RandomForest,IQR Removal,4,0.640625,0.0,0.33291149139404297,1.5146617889404297,,0.35,232,429,21,9,0.9871461502996772,0.9061658470909011,21,42,8,6,0.8874074074074074,0.6083864722500479,
diabetes,RandomForest,IQR Removal,5,0.625,0.0,0.3293037414550781,1.5145092010498047,,0.41,226,432,18,15,0.987372060857538,0.8952122855146856,21,38,12,6,0.855925925925926,0.5185449728701349,
diabetes,RandomForest,IQR Removal,6,0.640625,0.0,0.32855892181396484,1.489018440246582,,0.38,229,429,21,12,0.9882664822498848,0.8961346051510367,18,38,12,9,0.7903703703703704,0.417489966754203,
diabetes,RandomForest,IQR Removal,7,0.640625,0.015625,0.329559326171875,1.485661506652832,,0.35,233,425,25,8,0.986883356385431,0.8978385399781854,19,40,10,8,0.7851851851851852,0.49604652413672967,
diabetes,RandomForest,IQR Removal,8,0.640625,0.015625,0.33300209045410156,1.5207653045654297,,0.33,231,430,20,10,0.987478100507146,0.9057891809515599,21,35,15,6,0.8240740740740741,0.4569299776953924,
diabetes,RandomForest,IQR Removal,9,0.609375,0.0,0.32892704010009766,1.472081184387207,,0.39,229,432,18,13,0.9873232323232324,0.9020868021589548,20,35,15,6,0.82,0.44661387202309655,
diabetes,RandomForest,IQR Removal,10,0.65625,0.0,0.33023738861083984,1.466740608215332,,0.4312,223,438,12,19,0.9894811753902664,0.9010689938303281,14,39,11,12,0.75,0.3215685538755756,
diabetes,RandomForest,Quantile Removal,1,0.65625,0.0,0.34183692932128906,1.7333545684814453,,0.51,234,444,6,7,0.9963254956201014,0.9585495294677504,20,44,6,7,0.902962962962963,0.626333112632122,
diabetes,RandomForest,Quantile Removal,2,0.640625,0.015625,0.3414592742919922,1.696883201599121,,0.425,235,443,7,6,0.9969064084831719,0.9586293251055559,19,41,9,8,0.8211111111111111,0.519487944872376,
diabetes,RandomForest,Quantile Removal,3,0.640625,0.0,0.34500885009765625,1.680556297302246,,0.46499999999999997,235,443,7,6,0.9970078377132319,0.9586293251055559,15,40,10,12,0.7644444444444444,0.36232865092627065,
diabetes,RandomForest,Quantile Removal,4,0.65625,0.0,0.3373241424560547,1.7373275756835938,,0.46499999999999997,234,442,8,7,0.9958644536652835,0.9522638266704931,21,45,5,6,0.898888888888889,0.6838840072295843,
diabetes,RandomForest,Quantile Removal,5,0.640625,0.0,0.3437318801879883,1.6796436309814453,,0.47,234,442,8,7,0.9956615952051636,0.9522638266704931,20,40,10,7,0.8503703703703703,0.5291105481433476,
diabetes,RandomForest,Quantile Removal,6,0.640625,0.015625,0.34131622314453125,1.6802539825439453,,0.33600000000000024,238,439,11,3,0.996542185338866,0.9560458045028135,19,36,14,8,0.8177777777777777,0.4085505846855608,
diabetes,RandomForest,Quantile Removal,7,0.65625,0.0,0.3396787643432617,1.670332908630371,,0.45999999999999996,234,442,8,7,0.9960949746426925,0.9522638266704931,16,42,8,11,0.7744444444444446,0.44565871858907996,
diabetes,RandomForest,Quantile Removal,8,0.65625,0.0,0.33947277069091797,1.7075700759887695,,0.36200000000000043,239,440,10,2,0.9973075149838635,0.9623706869900699,21,35,15,6,0.8237037037037036,0.4569299776953924,
diabetes,RandomForest,Quantile Removal,9,0.625,0.0,0.34006309509277344,1.712458610534668,,0.474500000000001,236,444,6,6,0.9974793388429752,0.9618732782369146,18,37,13,8,0.828076923076923,0.41732801112835244,
diabetes,RandomForest,Quantile Removal,10,0.640625,0.015625,0.34760379791259766,1.681929588317871,,0.4315000000000003,235,443,7,7,0.9965610651974288,0.9555188246097337,13,39,11,13,0.7469230769230769,0.28577380332470415,
diabetes,RandomForest,Yeo-Johnson,1,0.6875,0.015625,0.31562137603759766,1.8597688674926758,,0.36,241,449,1,0,1.0,0.9968223157159326,26,35,15,1,0.8803703703703704,0.6340346202129864,
diabetes,RandomForest,Yeo-Johnson,2,0.671875,0.0,0.31197357177734375,1.8438854217529297,,0.35,241,448,2,0,1.0,0.993660748278971,21,38,12,6,0.8248148148148148,0.5185449728701349,
diabetes,RandomForest,Yeo-Johnson,3,0.71875,0.0,0.31239795684814453,1.8225202560424805,,0.37,241,449,1,0,1.0,0.9968223157159326,21,37,13,6,0.7974074074074073,0.4975498563492141,
diabetes,RandomForest,Yeo-Johnson,4,0.75,0.0,0.3128795623779297,1.863114356994629,,0.39,241,448,2,0,1.0,0.993660748278971,21,44,6,6,0.9103703703703703,0.6577777777777778,
diabetes,RandomForest,Yeo-Johnson,5,0.703125,0.0,0.31414318084716797,1.8484716415405273,,0.345,241,449,1,0,1.0,0.9968223157159326,24,36,14,3,0.8788888888888889,0.581140083517877,
diabetes,RandomForest,Yeo-Johnson,6,0.671875,0.0,0.3095846176147461,1.8327436447143555,,0.42000000000000004,241,449,1,0,1.0,0.9968223157159326,18,38,12,9,0.8125925925925925,0.417489966754203,
diabetes,RandomForest,Yeo-Johnson,7,0.6875,0.015625,0.3121051788330078,1.7956619262695312,,0.35,241,447,3,0,1.0,0.9905151278901474,19,38,12,8,0.8003703703703704,0.4511777625672017,
diabetes,RandomForest,Yeo-Johnson,8,0.734375,0.0,0.31067943572998047,1.8344306945800781,,0.375,241,449,1,0,0.9999999999999999,0.9968223157159326,20,36,14,7,0.8081481481481482,0.4427410738901448,
diabetes,RandomForest,Yeo-Johnson,9,0.703125,0.0,0.31154537200927734,1.848923683166504,,0.45400000000000545,242,450,0,0,1.0,1.0,20,36,14,6,0.8296153846153846,0.46678977660158144,
diabetes,RandomForest,Yeo-Johnson,10,0.65625,0.015625,0.3126382827758789,1.8197851181030273,,0.3875000000000085,242,450,0,0,1.0,1.0,18,38,12,8,0.755,0.43900160367219143,
diabetes,RandomForest,Quantile Transform,1,0.625,0.0,0.36098384857177734,1.9065723419189453,,0.36,241,449,1,0,1.0,0.9968223157159326,26,35,15,1,0.8851851851851852,0.6340346202129864,
diabetes,RandomForest,Quantile Transform,2,0.609375,0.015625,0.3627605438232422,1.8906888961791992,,0.35,241,448,2,0,1.0,0.993660748278971,20,38,12,7,0.8251851851851851,0.4848401374141137,
diabetes,RandomForest,Quantile Transform,3,0.640625,0.0,0.35746288299560547,1.86932373046875,,0.37,241,449,1,0,1.0,0.9968223157159326,21,37,13,6,0.7925925925925926,0.4975498563492141,
diabetes,RandomForest,Quantile Transform,4,0.625,0.015625,0.3622550964355469,1.9099178314208984,,0.39,241,448,2,0,1.0,0.993660748278971,21,44,6,6,0.9122222222222222,0.6577777777777778,
diabetes,RandomForest,Quantile Transform,5,0.625,0.015625,0.365203857421875,1.8952751159667969,,0.35,241,448,2,0,1.0,0.993660748278971,24,36,14,3,0.8766666666666666,0.581140083517877,
diabetes,RandomForest,Quantile Transform,6,0.625,0.015625,0.36102867126464844,1.879547119140625,,0.42000000000000004,241,449,1,0,1.0,0.9968223157159326,17,38,12,10,0.8125925925925926,0.3837065760234115,
diabetes,RandomForest,Quantile Transform,7,0.640625,0.015625,0.3599433898925781,1.8424568176269531,,0.355,241,449,1,0,1.0,0.9968223157159326,19,39,11,8,0.8014814814814815,0.4733002574487753,
diabetes,RandomForest,Quantile Transform,8,0.625,0.015625,0.3579692840576172,1.8812341690063477,,0.375,241,449,1,0,1.0,0.9968223157159326,20,36,14,7,0.8092592592592592,0.4427410738901448,
diabetes,RandomForest,Quantile Transform,9,0.625,0.015625,0.36054515838623047,1.8957958221435547,,0.4455000000000058,242,450,0,0,1.0,1.0,20,34,16,6,0.8246153846153846,0.4268349027294209,
diabetes,RandomForest,Quantile Transform,10,0.640625,0.0,0.3572368621826172,1.8666572570800781,,0.39450000000000784,242,450,0,0,1.0,1.0,16,38,12,10,0.7588461538461537,0.3691887949279695,
diabetes,RandomForest,Min-Max Scaler,1,0.609375,0.0,0.31282997131347656,1.8594512939453125,,0.36,241,449,1,0,1.0,0.9968223157159326,26,34,16,1,0.8814814814814815,0.6161609537999421,
diabetes,RandomForest,Min-Max Scaler,2,0.609375,0.0,0.3107280731201172,1.8435678482055664,,0.35,241,448,2,0,1.0,0.993660748278971,20,38,12,7,0.8240740740740741,0.4848401374141137,
diabetes,RandomForest,Min-Max Scaler,3,0.609375,0.015625,0.31397151947021484,1.8222026824951172,,0.375,241,449,1,0,1.0,0.9968223157159326,21,37,13,6,0.7937037037037037,0.4975498563492141,
diabetes,RandomForest,Min-Max Scaler,4,0.609375,0.015625,0.3100118637084961,1.8627967834472656,,0.39,241,448,2,0,1.0,0.993660748278971,21,44,6,6,0.9111111111111111,0.6577777777777778,
diabetes,RandomForest,Min-Max Scaler,5,0.609375,0.015625,0.3124580383300781,1.848154067993164,,0.34,241,446,4,0,1.0,0.9873852871171515,24,36,14,3,0.8766666666666666,0.581140083517877,
diabetes,RandomForest,Min-Max Scaler,6,0.609375,0.0,0.30870628356933594,1.8324260711669922,,0.42000000000000004,241,449,1,0,1.0,0.9968223157159326,18,38,12,9,0.811111111111111,0.417489966754203,
diabetes,RandomForest,Min-Max Scaler,7,0.609375,0.0,0.3120098114013672,1.795344352722168,,0.35,241,448,2,0,1.0,0.993660748278971,19,38,12,8,0.8018518518518518,0.4511777625672017,
diabetes,RandomForest,Min-Max Scaler,8,0.609375,0.0,0.31214427947998047,1.8341131210327148,,0.37,241,449,1,0,1.0,0.9968223157159326,20,36,14,7,0.8099999999999999,0.4427410738901448,
diabetes,RandomForest,Min-Max Scaler,9,0.625,0.0,0.3091869354248047,1.8486061096191406,,0.45400000000000545,242,450,0,0,1.0,1.0,20,36,14,6,0.8307692307692308,0.46678977660158144,
diabetes,RandomForest,Min-Max Scaler,10,0.59375,0.0,0.30910205841064453,1.819467544555664,,0.3875000000000085,242,450,0,0,1.0,1.0,16,37,13,10,0.7526923076923078,0.34707423212168276,
diabetes,RandomForest,Standard Scaler,1,0.609375,0.0,0.31235504150390625,1.8592510223388672,,0.355,241,449,1,0,1.0,0.9968223157159326,26,35,15,1,0.8807407407407407,0.6340346202129864,
diabetes,RandomForest,Standard Scaler,2,0.609375,0.0,0.3112831115722656,1.843367576599121,,0.35,241,448,2,0,1.0,0.993660748278971,20,38,12,7,0.822962962962963,0.4848401374141137,
diabetes,RandomForest,Standard Scaler,3,0.609375,0.0,0.31351566314697266,1.8220024108886719,,0.375,241,449,1,0,1.0,0.9968223157159326,21,37,13,6,0.7962962962962963,0.4975498563492141,
diabetes,RandomForest,Standard Scaler,4,0.609375,0.0,0.31142425537109375,1.8625965118408203,,0.39,241,448,2,0,1.0,0.993660748278971,21,44,6,6,0.9107407407407407,0.6577777777777778,
diabetes,RandomForest,Standard Scaler,5,0.609375,0.0,0.31183910369873047,1.8479537963867188,,0.345,241,449,1,0,1.0,0.9968223157159326,24,36,14,3,0.8766666666666668,0.581140083517877,
diabetes,RandomForest,Standard Scaler,6,0.609375,0.015625,0.31166839599609375,1.8322257995605469,,0.42000000000000004,241,449,1,0,1.0,0.9968223157159326,18,38,12,9,0.8114814814814815,0.417489966754203,
diabetes,RandomForest,Standard Scaler,7,0.625,0.0,0.31317996978759766,1.7951440811157227,,0.35,241,448,2,0,1.0,0.993660748278971,19,39,11,8,0.7966666666666666,0.4733002574487753,
diabetes,RandomForest,Standard Scaler,8,0.609375,0.0,0.3076457977294922,1.8339128494262695,,0.37,241,449,1,0,1.0,0.9968223157159326,21,36,14,6,0.8114814814814815,0.4770278351999552,
diabetes,RandomForest,Standard Scaler,9,0.625,0.0,0.3131246566772461,1.8484058380126953,,0.45400000000000545,242,450,0,0,0.9999999999999999,1.0,20,37,13,6,0.8323076923076923,0.48741076357931756,
diabetes,RandomForest,Standard Scaler,10,0.609375,0.015625,0.3114662170410156,1.8192672729492188,,0.3875000000000085,242,450,0,0,1.0,1.0,16,38,12,10,0.7530769230769231,0.3691887949279695,
diabetes,RandomForest,Robust Scaler,1,0.625,0.0,0.3090057373046875,1.8592033386230469,,0.36,241,449,1,0,1.0,0.9968223157159326,26,34,16,1,0.8818518518518519,0.6161609537999421,
diabetes,RandomForest,Robust Scaler,2,0.609375,0.015625,0.31139373779296875,1.8433198928833008,,0.35,241,448,2,0,1.0,0.993660748278971,20,38,12,7,0.8240740740740741,0.4848401374141137,
diabetes,RandomForest,Robust Scaler,3,0.609375,0.0,0.31003570556640625,1.8219547271728516,,0.375,241,449,1,0,1.0,0.9968223157159326,21,37,13,6,0.7937037037037036,0.4975498563492141,
diabetes,RandomForest,Robust Scaler,4,0.609375,0.015625,0.31212902069091797,1.862548828125,,0.39,241,448,2,0,1.0,0.993660748278971,21,44,6,6,0.9122222222222223,0.6577777777777778,
diabetes,RandomForest,Robust Scaler,5,0.625,0.015625,0.3095817565917969,1.8479061126708984,,0.34,241,446,4,0,1.0,0.9873852871171515,24,36,14,3,0.8729629629629629,0.581140083517877,
diabetes,RandomForest,Robust Scaler,6,0.609375,0.0,0.3093080520629883,1.8321781158447266,,0.42000000000000004,241,449,1,0,1.0,0.9968223157159326,18,38,12,9,0.8111111111111111,0.417489966754203,
diabetes,RandomForest,Robust Scaler,7,0.625,0.0,0.31360912322998047,1.7950963973999023,,0.345,241,449,1,0,1.0,0.9968223157159326,19,39,11,8,0.8014814814814816,0.4733002574487753,
diabetes,RandomForest,Robust Scaler,8,0.609375,0.0,0.3110990524291992,1.8338651657104492,,0.37,241,449,1,0,1.0,0.9968223157159326,20,36,14,7,0.8066666666666666,0.4427410738901448,
diabetes,RandomForest,Robust Scaler,9,0.625,0.0,0.3093700408935547,1.848358154296875,,0.45400000000000545,242,450,0,0,0.9999999999999999,1.0,20,37,13,6,0.8303846153846154,0.48741076357931756,
diabetes,RandomForest,Robust Scaler,10,0.625,0.0,0.3106269836425781,1.8192195892333984,,0.3875000000000085,242,450,0,0,1.0,1.0,16,38,12,10,0.7511538461538462,0.3691887949279695,
diabetes,RandomForest,Uniform Binning,1,0.59375,0.0,0.31362247467041016,2.7844533920288086,,0.635142857142857,195,443,7,46,0.9745919778699861,0.831517872427331,16,43,7,11,0.8025925925925926,0.47186039625508397,
diabetes,RandomForest,Uniform Binning,2,0.59375,0.015625,0.3123149871826172,2.878922462463379,,0.6086666666666631,202,444,6,39,0.9851406177962194,0.8569978928421474,13,45,5,14,0.7803703703703704,0.43010856046828544,
diabetes,RandomForest,Uniform Binning,3,0.609375,0.015625,0.31163501739501953,2.763235092163086,,0.44142063492063494,218,426,24,23,0.9793222683264178,0.8504158517094885,15,36,14,12,0.7177777777777777,0.2713666279100933,
diabetes,RandomForest,Uniform Binning,4,0.59375,0.0,0.31348609924316406,2.8215322494506836,,0.5529047619047618,188,442,8,53,0.9732365145228217,0.8059591513232963,15,44,6,12,0.8755555555555554,0.4666666666666667,
diabetes,RandomForest,Uniform Binning,5,0.59375,0.0,0.3130817413330078,2.7449159622192383,,0.5092607142857143,193,442,8,48,0.9727201475334256,0.8216925829201545,17,45,5,10,0.812962962962963,0.5594309277855158,
diabetes,RandomForest,Uniform Binning,6,0.578125,0.0,0.3125152587890625,2.776205062866211,,0.5391666666666667,201,442,8,40,0.9772844628861226,0.8469149069205071,17,40,10,10,0.7955555555555556,0.42962962962962964,
diabetes,RandomForest,Uniform Binning,7,0.59375,0.015625,0.3133583068847656,2.7766714096069336,,0.5352420634920635,202,443,7,39,0.9787551867219917,0.853525898546115,11,42,8,16,0.7348148148148148,0.27383489215509355,
diabetes,RandomForest,Uniform Binning,8,0.59375,0.0,0.31534862518310547,2.7600393295288086,,0.5615000000000001,195,443,7,46,0.9736468418626094,0.831517872427331,11,43,7,16,0.7603703703703704,0.30149357345446803,
diabetes,RandomForest,Uniform Binning,9,0.59375,0.015625,0.31610965728759766,2.910050392150879,,0.5029166583416583,199,441,9,43,0.972860422405877,0.8344570513875812,18,40,10,8,0.7676923076923077,0.48418202613504197,
diabetes,RandomForest,Uniform Binning,10,0.59375,0.0,0.3140087127685547,2.888382911682129,,0.5198258333333332,209,444,6,33,0.9850734618916437,0.8762121019500501,10,41,9,16,0.7161538461538461,0.224179415327122,
diabetes,RandomForest,Quantile Binning,1,0.59375,0.015625,0.3136863708496094,2.8740339279174805,,0.4358333333333333,241,449,1,0,0.9999953895804518,0.9968223157159326,22,37,13,5,0.8351851851851851,0.53168727464995,
diabetes,RandomForest,Quantile Binning,2,0.609375,0.0,0.3154258728027344,2.8598432540893555,,0.41783333333333333,241,449,1,0,0.9999953895804519,0.9968223157159326,20,40,10,7,0.8122222222222222,0.5291105481433476,
diabetes,RandomForest,Quantile Binning,3,0.59375,0.0,0.31006336212158203,2.80336856842041,,0.42844047619047615,241,449,1,0,0.9999953895804519,0.9968223157159326,17,40,10,10,0.7529629629629628,0.42962962962962964,
diabetes,RandomForest,Quantile Binning,4,0.59375,0.0,0.3128976821899414,2.8783063888549805,,0.415,241,449,1,0,1.0,0.9968223157159326,21,42,8,6,0.8985185185185185,0.6083864722500479,
diabetes,RandomForest,Quantile Binning,5,0.609375,0.0,0.31268787384033203,2.8490095138549805,,0.4900833333333333,241,449,1,0,0.9999953895804519,0.9968223157159326,14,43,7,13,0.8048148148148148,0.40555555555555556,
diabetes,RandomForest,Quantile Binning,6,0.59375,0.0,0.3152351379394531,2.8483991622924805,,0.46045238095238117,241,448,2,0,0.9999861687413554,0.993660748278971,20,39,11,7,0.7792592592592593,0.5066740688254677,
diabetes,RandomForest,Quantile Binning,7,0.59375,0.015625,0.3125934600830078,2.809319496154785,,0.48650000000000015,241,448,2,0,0.9999815583218072,0.993660748278971,15,42,8,12,0.8096296296296296,0.4123951744684367,
diabetes,RandomForest,Quantile Binning,8,0.59375,0.015625,0.3127155303955078,2.812685012817383,,0.44833333333333336,241,449,1,0,0.9999953895804519,0.9968223157159326,20,37,13,7,0.7944444444444445,0.46354777877784786,
diabetes,RandomForest,Quantile Binning,9,0.59375,0.015625,0.31115245819091797,2.808098793029785,,0.48210000000000025,241,449,1,1,0.999981634527089,0.9936455463728191,15,39,11,11,0.7911538461538462,0.3569230769230769,
diabetes,RandomForest,Quantile Binning,10,0.578125,0.0,0.31106090545654297,2.839235305786133,,0.41300000000000753,242,450,0,0,1.0,1.0,12,37,13,14,0.735,0.20350473699372176,
diabetes,RandomForest,Random Undersampling,1,0.609375,0.0,0.2932014465332031,1.4351062774658203,,0.65,241,424,26,0,0.9909635776855694,0.9222094369103069,18,43,7,9,0.8681481481481481,0.5366993141845384,
diabetes,RandomForest,Random Undersampling,2,0.609375,0.0,0.2956819534301758,1.3722400665283203,,0.67,238,424,26,3,0.9878653757491932,0.9119611057860275,15,47,3,12,0.8862962962962962,0.5587235474821028,
diabetes,RandomForest,Random Undersampling,3,0.59375,0.0,0.2978706359863281,1.3588123321533203,,0.64,241,412,38,0,0.9855278930382665,0.8893009797457004,17,40,10,10,0.7851851851851851,0.42962962962962964,
diabetes,RandomForest,Random Undersampling,4,0.625,0.0,0.29149913787841797,1.4105396270751953,,0.6680000000000001,235,422,28,6,0.9884324573536191,0.896044196229756,14,46,4,13,0.8988888888888888,0.4944160539751941,
diabetes,RandomForest,Random Undersampling,5,0.609375,0.0,0.29502391815185547,1.3990955352783203,,0.6589999999999998,239,419,31,2,0.9890502535730752,0.9013744613040309,17,44,6,10,0.8381481481481482,0.5313256180417312,
diabetes,RandomForest,Random Undersampling,6,0.609375,0.0,0.2955970764160156,1.3498096466064453,,0.6589999999999998,240,420,30,1,0.9818349469801753,0.9075980422027317,14,42,8,13,0.8133333333333332,0.378691704962503,
diabetes,RandomForest,Random Undersampling,7,0.609375,0.0,0.28986549377441406,1.3607959747314453,,0.6680000000000001,237,424,26,4,0.98855693868142,0.9085523584809178,15,44,6,12,0.8248148148148148,0.4666666666666667,
diabetes,RandomForest,Random Undersampling,8,0.609375,0.015625,0.295623779296875,1.3949756622314453,,0.68,235,426,24,6,0.9869986168741355,0.9074982184893342,15,41,9,12,0.7711111111111111,0.3868989217888074,
diabetes,RandomForest,Random Undersampling,9,0.625,0.0,0.29686737060546875,1.4500751495361328,,0.6542000000000002,240,427,23,2,0.991662075298439,0.9241100041778657,14,41,9,12,0.7953846153846154,0.37017951980791003,
diabetes,RandomForest,Random Undersampling,10,0.625,0.0,0.29558277130126953,1.3684406280517578,,0.68,238,431,19,4,0.9900964187327823,0.9289818078323449,14,42,8,12,0.741153846153846,0.3958997306599194,
diabetes,RandomForest,SMOTE / SMOTENC,1,0.65625,0.015625,0.39374351501464844,2.253870964050293,,0.365,241,449,1,0,1.0,0.9968223157159326,27,33,17,0,0.8507407407407407,0.6363961030678928,
diabetes,RandomForest,SMOTE / SMOTENC,2,0.65625,0.0,0.3917999267578125,2.2408981323242188,,0.385,241,449,1,0,1.0,0.9968223157159326,22,39,11,5,0.8448148148148148,0.5735421669624219,
diabetes,RandomForest,SMOTE / SMOTENC,3,0.640625,0.015625,0.39490222930908203,2.1346569061279297,,0.365,241,449,1,0,1.0,0.9968223157159326,22,35,15,5,0.8025925925925925,0.49168511697452694,
diabetes,RandomForest,SMOTE / SMOTENC,4,0.65625,0.0,0.3890390396118164,2.1832141876220703,,0.425,241,449,1,0,1.0,0.9968223157159326,21,42,8,6,0.9074074074074074,0.6083864722500479,
diabetes,RandomForest,SMOTE / SMOTENC,5,0.640625,0.0,0.3916788101196289,2.2184677124023438,,0.405,241,449,1,0,1.0,0.9968223157159326,24,35,15,3,0.8659259259259259,0.5620515406286037,
diabetes,RandomForest,SMOTE / SMOTENC,6,0.65625,0.0,0.39166927337646484,2.157711982727051,,0.44999999999999996,241,449,1,0,1.0,0.9968223157159326,19,36,14,8,0.8092592592592592,0.4085505846855608,
diabetes,RandomForest,SMOTE / SMOTENC,7,0.65625,0.0,0.39076900482177734,2.138782501220703,,0.39,241,449,1,0,1.0,0.9968223157159326,20,37,13,7,0.8177777777777778,0.46354777877784786,
diabetes,RandomForest,SMOTE / SMOTENC,8,0.65625,0.0,0.39415454864501953,2.1952743530273438,,0.385,241,449,1,0,1.0,0.9968223157159326,21,36,14,6,0.8103703703703704,0.4770278351999552,
diabetes,RandomForest,SMOTE / SMOTENC,9,0.640625,0.0,0.3942537307739258,2.1800670623779297,,0.48250000000000515,242,450,0,0,1.0,1.0,19,36,14,7,0.8084615384615385,0.4314542408723264,
diabetes,RandomForest,SMOTE / SMOTENC,10,0.65625,0.0,0.39225101470947266,2.1046314239501953,,0.39450000000000784,242,450,0,0,1.0,1.0,16,34,16,10,0.7369230769230769,0.28382995007475964,
diabetes,MLP,Baseline,1,0.484375,0.0,0.6587581634521484,0.031470298767089844,26.0,0.4602559568367594,145,339,111,96,0.7159059474412172,0.35032413607396895,17,32,18,10,0.6385185185185185,0.2583900773999757,
diabetes,MLP,Baseline,2,0.46875,0.0,0.6560935974121094,0.03136157989501953,22.0,0.5994078533648882,131,367,83,110,0.706620562471185,0.37016312779506855,9,41,9,18,0.5918518518518519,0.17287858644065066,
diabetes,MLP,Baseline,3,0.84375,0.0,0.6633796691894531,0.03171062469482422,35.0,0.5835671055394971,109,407,43,132,0.7503365606270171,0.41042527583391397,11,40,10,16,0.5933333333333333,0.2222222222222222,
diabetes,MLP,Baseline,4,0.8125,0.0,0.6708717346191406,0.03184223175048828,40.0,0.5899607217897159,71,424,26,170,0.687680958967266,0.32491427582196997,4,48,2,23,0.6229629629629629,0.19252235788478064,
diabetes,MLP,Baseline,5,0.71875,0.0,0.6594829559326172,0.03133678436279297,21.0,0.6497390659635242,133,348,102,108,0.6932042415859844,0.3271520917764782,14,41,9,13,0.6859259259259259,0.3529299526817895,
diabetes,MLP,Baseline,6,0.65625,0.0,0.6632976531982422,0.031523704528808594,28.0,0.46884983679919734,120,376,74,121,0.6956846473029046,0.35367685533955684,14,40,10,13,0.7874074074074073,0.32813912498853487,
diabetes,MLP,Baseline,7,0.65625,0.0,0.6589488983154297,0.031495094299316406,27.0,0.49372092801179235,129,371,79,112,0.7071369294605809,0.37373784065178767,14,37,13,13,0.6644444444444445,0.25851851851851854,
diabetes,MLP,Baseline,8,0.84375,0.0,0.6658077239990234,0.03168201446533203,34.0,0.5812239178941309,96,414,36,145,0.7161825726141078,0.38593437278698184,12,45,5,15,0.7511111111111111,0.396265244237808,
diabetes,MLP,Baseline,9,0.9375,0.0,0.6646995544433594,0.03171062469482422,35.0,0.6893067627148187,119,396,54,123,0.7406427915518824,0.40939382724355283,13,47,3,13,0.7261538461538461,0.5120221349381945,
diabetes,MLP,Baseline,10,0.65625,0.0,0.6608295440673828,0.031548500061035156,29.0,0.4492685054500249,127,362,88,115,0.6899265381083562,0.3392698406371314,16,44,6,10,0.7892307692307692,0.5182102165548539,
diabetes,MLP,IQR Capping,1,0.65625,0.0,0.6673641204833984,0.03153228759765625,18.0,0.42676488803346485,102,365,85,139,0.6472199170124482,0.25138494463691075,13,41,9,14,0.6311111111111111,0.31844529735483207,
diabetes,MLP,IQR Capping,2,0.75,0.09375,0.6716270446777344,0.03168201446533203,23.0,0.6432814365149494,101,406,44,140,0.7287782388197327,0.37606059741969805,9,44,6,18,0.6118518518518518,0.25703018524879967,
diabetes,MLP,IQR Capping,3,1.03125,0.015625,0.6753625869750977,0.03215503692626953,39.0,0.4980319028920057,152,353,97,89,0.7647026279391425,0.4121059105987627,14,36,14,13,0.6622222222222223,0.23659846994187425,
diabetes,MLP,IQR Capping,4,0.71875,0.0,0.669525146484375,0.031650543212890625,22.0,0.5251219402218151,129,371,79,112,0.7036053480866759,0.37373784065178767,11,39,11,16,0.6096296296296296,0.1979524821394902,
diabetes,MLP,IQR Capping,5,0.640625,0.0,0.6671295166015625,0.031622886657714844,21.0,0.6170107710525659,124,380,70,117,0.7123374827109268,0.3807067405399809,14,42,8,13,0.6688888888888889,0.378691704962503,
diabetes,MLP,IQR Capping,6,0.9375,0.0,0.6763877868652344,0.03200531005859375,34.0,0.3909781279219532,145,346,104,96,0.7213093591516828,0.3678317331879679,18,41,9,9,0.8400000000000001,0.4866666666666667,
diabetes,MLP,IQR Capping,7,1.125,0.09375,0.6821556091308594,0.03218269348144531,40.0,0.46839678693001535,109,400,50,132,0.726288612263716,0.3863069909451023,11,40,10,16,0.6570370370370371,0.2222222222222222,
diabetes,MLP,IQR Capping,8,0.921875,0.09375,0.6765680313110352,0.03188896179199219,30.0,0.6239540462861122,76,422,28,165,0.6842876901798064,0.33738323004645815,11,45,5,16,0.7496296296296296,0.3615399583301107,
diabetes,MLP,IQR Capping,9,1.21875,0.046875,0.6812572479248047,0.032509803771972656,51.0,0.49173312299646144,174,326,124,68,0.7743250688705234,0.4270758452843746,17,34,16,9,0.7046153846153846,0.31954119545834414,
diabetes,MLP,IQR Capping,10,1.03125,0.0,0.6793985366821289,0.03206443786621094,36.0,0.475876017878336,115,385,65,127,0.7111570247933885,0.35954937285121535,14,46,4,12,0.8146153846153845,0.5115926946071073,
diabetes,MLP,Quantile Capping,1,0.734375,0.09375,0.6706466674804688,0.03171539306640625,24.0,0.6491811970110364,98,409,41,143,0.7052005532503458,0.3751246442813597,12,44,6,15,0.6666666666666666,0.3658010669613767,
diabetes,MLP,Quantile Capping,2,0.75,0.0,0.6721029281616211,0.03168773651123047,23.0,0.5267939127873743,119,382,68,122,0.7035684647302904,0.36757691570320195,7,42,8,20,0.5829629629629629,0.11959043341437206,
diabetes,MLP,Quantile Capping,3,1.03125,0.09375,0.681340217590332,0.03216075897216797,39.0,0.6257473532577237,92,424,26,149,0.7507422775472569,0.4102933746889496,7,44,6,20,0.6096296296296296,0.17739006868265333,
diabetes,MLP,Quantile Capping,4,1.03125,0.09375,0.674504280090332,0.031922340393066406,31.0,0.3414501801505307,168,300,150,73,0.709331489165514,0.3478277708506248,14,35,15,13,0.6444444444444443,0.2151966538534342,
diabetes,MLP,Quantile Capping,5,0.75,0.09375,0.6669521331787109,0.03162860870361328,21.0,0.6825388007213575,123,365,85,118,0.6949008759797142,0.3340178363621691,12,42,8,15,0.6718518518518518,0.30953653338027165,
diabetes,MLP,Quantile Capping,6,0.9375,0.0,0.6743278503417969,0.03183555603027344,28.0,0.4854595076625613,114,384,66,127,0.687422775472568,0.3543791529650819,14,41,9,13,0.8148148148148148,0.3529299526817895,
diabetes,MLP,Quantile Capping,7,1.21875,0.03125,0.6799726486206055,0.03242683410644531,48.0,0.496868066320909,118,395,55,123,0.7530935915168281,0.4041765584291234,13,42,8,14,0.7162962962962963,0.34444444444444444,
diabetes,MLP,Quantile Capping,8,0.75,0.0,0.6704530715942383,0.03162860870361328,21.0,0.7165307966715759,116,372,78,125,0.6867957584140157,0.32664697013913285,14,38,12,13,0.682962962962963,0.2810277450473483,
diabetes,MLP,Quantile Capping,9,1.03125,0.0,0.6789617538452148,0.032070159912109375,36.0,0.5445953879870223,101,398,52,141,0.7000275482093663,0.3468109594713171,11,47,3,15,0.7153846153846153,0.4443349347144874,
diabetes,MLP,Quantile Capping,10,1.03125,0.0,0.6796474456787109,0.03212928771972656,38.0,0.4597746985341606,117,387,63,125,0.7134986225895317,0.3733643737403348,10,47,3,16,0.7946153846153846,0.40897694258947154,
diabetes,MLP,IQR Removal,1,0.9375,0.0,0.6913776397705078,0.032123565673828125,39.0,0.4654063320654733,130,366,84,111,0.7082157676348549,0.36359567147477706,13,39,11,14,0.6251851851851852,0.2693793281882624,
diabetes,MLP,IQR Removal,2,0.703125,0.0,0.6846323013305664,0.03182792663574219,29.0,0.5056989324770094,95,406,44,146,0.6795389580451822,0.3523994510379786,7,47,3,20,0.6548148148148148,0.2828446668813028,
diabetes,MLP,IQR Removal,3,0.65625,0.0,0.683140754699707,0.03179645538330078,28.0,0.6452901851139258,92,417,33,149,0.6900322729368372,0.38183802048544796,10,43,7,17,0.6355555555555555,0.26502901281281355,
diabetes,MLP,IQR Removal,4,0.65625,0.0,0.6848869323730469,0.031739234924316406,26.0,0.6400637853674733,84,423,27,157,0.6900968188105118,0.3745044096941918,6,47,3,21,0.5666666666666667,0.2409359021243241,
diabetes,MLP,IQR Removal,5,0.5625,0.046875,0.6793708801269531,0.03147125244140625,17.0,0.6699745412870486,56,409,41,185,0.5690272014753343,0.19379231394318477,5,46,4,22,0.4985185185185185,0.15622327900298638,
diabetes,MLP,IQR Removal,6,0.5625,0.015625,0.6840171813964844,0.031650543212890625,23.0,0.69082610681031,78,417,33,163,0.6555555555555557,0.3248864349844446,9,47,3,18,0.7933333333333333,0.35959378791588203,
diabetes,MLP,IQR Removal,7,0.65625,0.0,0.6859579086303711,0.03170967102050781,25.0,0.6147683763017642,104,402,48,137,0.6874135546334716,0.37377163693696736,14,40,10,13,0.6607407407407406,0.32813912498853487,
diabetes,MLP,IQR Removal,8,0.609375,0.0,0.6847658157348633,0.031650543212890625,23.0,0.5222549582355217,97,395,55,144,0.6595850622406638,0.32245654248124217,9,43,7,18,0.6985185185185185,0.22737814246785276,
diabetes,MLP,IQR Removal,9,0.84375,0.03125,0.6849117279052734,0.03200340270996094,35.0,0.6094757306974821,107,398,52,135,0.6988521579430669,0.3702191825924013,9,47,3,17,0.6884615384615385,0.3722979575968276,
diabetes,MLP,IQR Removal,10,0.65625,0.0,0.6813440322875977,0.031798362731933594,28.0,0.5819041538496131,115,392,58,127,0.6803489439853077,0.3814010869192073,15,44,6,11,0.796923076923077,0.48475665130971746,
diabetes,MLP,Quantile Removal,1,0.84375,0.0,0.6952905654907227,0.032070159912109375,37.0,0.4432942656633433,118,388,62,123,0.7205809128630705,0.38205344744424463,14,40,10,13,0.6451851851851852,0.32813912498853487,
diabetes,MLP,Quantile Removal,2,0.65625,0.0,0.6929874420166016,0.031683921813964844,24.0,0.48376450850753905,124,366,84,117,0.6951498386353158,0.3406378370771055,9,40,10,18,0.5903703703703703,0.14757569038298454,
diabetes,MLP,Quantile Removal,3,0.9375,0.0,0.6994667053222656,0.03206825256347656,37.0,0.6950650218423846,99,424,26,142,0.7381281696634394,0.4370582347075938,8,43,7,19,0.6118518518518519,0.18831030933158585,
diabetes,MLP,Quantile Removal,4,0.75,0.0,0.6983852386474609,0.031951904296875,33.0,0.5791407160917366,108,399,51,133,0.7149469801751961,0.3790924468709654,10,47,3,17,0.6325925925925926,0.39535339775548806,
diabetes,MLP,Quantile Removal,5,0.65625,0.0,0.6952676773071289,0.03177452087402344,27.0,0.7541691692609068,97,415,35,144,0.7137206085753804,0.3936588731807892,7,47,3,20,0.5622222222222222,0.2828446668813028,
diabetes,MLP,Quantile Removal,6,0.84375,0.0,0.7008733749389648,0.03204059600830078,36.0,0.59682037566506,108,406,44,133,0.7173259566620562,0.40309454805452466,12,45,5,15,0.7755555555555556,0.396265244237808,
diabetes,MLP,Quantile Removal,7,1.03125,0.0,0.7021942138671875,0.032156944274902344,40.0,0.5274854403466166,118,402,48,123,0.7321530659289995,0.42720307634573274,13,44,6,14,0.7133333333333334,0.4000940939272025,
diabetes,MLP,Quantile Removal,8,0.875,0.0,0.6998748779296875,0.03212928771972656,39.0,0.5658074520038888,103,408,42,138,0.720027662517289,0.39097524316480575,14,46,4,13,0.7592592592592592,0.4944160539751941,
diabetes,MLP,Quantile Removal,9,0.84375,0.0,0.7015209197998047,0.03212928771972656,39.0,0.44308416413178753,126,382,68,116,0.7226354453627182,0.39234819963399453,12,45,5,14,0.6976923076923077,0.4116003309349976,
diabetes,MLP,Quantile Removal,10,0.65625,0.0,0.6956977844238281,0.03165626525878906,23.0,0.8433733828985742,56,436,14,186,0.6697337006427915,0.3167651074259092,5,49,1,21,0.7346153846153847,0.3031458986980294,
diabetes,MLP,Yeo-Johnson,1,0.828125,0.0,0.6585636138916016,0.03172492980957031,20.0,0.37021968430923186,199,317,133,42,0.8194651913324114,0.5057246714683924,24,32,18,3,0.8592592592592592,0.5068420748999524,
diabetes,MLP,Yeo-Johnson,2,0.84375,0.0,0.6579723358154297,0.031566619873046875,14.0,0.4167661034482464,191,295,155,50,0.78288612263716,0.4270996458916372,20,33,17,7,0.7777777777777778,0.38273618458017133,
diabetes,MLP,Yeo-Johnson,3,0.953125,0.078125,0.6591358184814453,0.03180694580078125,23.0,0.3471336248425042,208,299,151,33,0.8321438450899032,0.5031915183407006,21,35,15,6,0.8192592592592592,0.4569299776953924,
diabetes,MLP,Yeo-Johnson,4,0.828125,0.078125,0.6579208374023438,0.03167152404785156,18.0,0.39613757419471746,189,321,129,52,0.8093591516828031,0.47577019880533744,20,41,9,7,0.9044444444444444,0.5522164981933888,
diabetes,MLP,Yeo-Johnson,5,0.9375,0.0,0.6589069366455078,0.031646728515625,17.0,0.3942705065815397,188,313,137,53,0.808298755186722,0.4541607466164537,21,34,16,6,0.7955555555555555,0.43721065077734916,
diabetes,MLP,Yeo-Johnson,6,0.84375,0.0,0.6622295379638672,0.0317535400390625,21.0,0.36524892770724215,198,316,134,43,0.828612263715998,0.4996468630960485,22,36,14,5,0.8222222222222222,0.5114782075908113,
diabetes,MLP,Yeo-Johnson,7,0.9375,0.0,0.6593437194824219,0.03183174133300781,24.0,0.36376000764219607,193,318,132,48,0.83005071461503,0.4845801751018045,19,39,11,8,0.8407407407407408,0.4733002574487753,
diabetes,MLP,Yeo-Johnson,8,1.125,0.0,0.6605720520019531,0.03191184997558594,27.0,0.38149509188124353,192,331,119,49,0.8393176579068695,0.5098554612108497,20,36,14,7,0.7866666666666666,0.4427410738901448,
diabetes,MLP,Yeo-Johnson,9,1.21875,0.0,0.6665477752685547,0.031993865966796875,30.0,0.33973322236768694,202,313,137,40,0.8381267217630854,0.5058488474872149,25,30,20,1,0.86,0.542080868547504,
diabetes,MLP,Yeo-Johnson,10,1.125,0.0,0.6656475067138672,0.032047271728515625,32.0,0.3479292086045696,207,318,132,35,0.8500367309458218,0.536158081240302,16,30,20,10,0.7223076923076923,0.20464687117164013,
diabetes,MLP,Quantile Transform,1,1.03125,0.03125,0.7204370498657227,0.07945442199707031,40.0,0.39597363435014393,190,350,100,51,0.8446749654218534,0.5467419629923217,23,33,17,4,0.8518518518518517,0.4888552745746736,
diabetes,MLP,Quantile Transform,2,0.5625,0.0,0.7059783935546875,0.07886314392089844,20.0,0.415835516093165,154,355,95,87,0.7882065467957585,0.42475567557327554,17,40,10,10,0.7888888888888889,0.42962962962962964,
diabetes,MLP,Quantile Transform,3,0.5625,0.0,0.7067975997924805,0.07874679565429688,16.0,0.4563876954176648,114,384,66,127,0.7300599354541264,0.3543791529650819,14,46,4,13,0.8259259259259258,0.4944160539751941,
diabetes,MLP,Quantile Transform,4,0.65625,0.0,0.7091426849365234,0.07886314392089844,20.0,0.3706080908518368,188,306,144,53,0.7971784232365146,0.43886877937260915,21,41,9,6,0.8725925925925926,0.5849208388379199,
diabetes,MLP,Quantile Transform,5,0.46875,0.03125,0.7041130065917969,0.07874679565429688,16.0,0.4490766139358795,121,384,66,120,0.7347994467496544,0.38124655935805973,13,42,8,14,0.6614814814814814,0.34444444444444444,
diabetes,MLP,Quantile Transform,6,0.484375,0.09375,0.7076702117919922,0.07874679565429688,16.0,0.49743670333010176,90,415,35,151,0.7436237897648685,0.3660608164219777,10,45,5,17,0.7614814814814815,0.32575006116601346,
diabetes,MLP,Quantile Transform,7,0.65625,0.0,0.7087879180908203,0.07904243469238281,26.0,0.3778315135828614,201,305,145,40,0.8280774550484093,0.4878313786442087,20,36,14,7,0.8407407407407408,0.4427410738901448,
diabetes,MLP,Quantile Transform,8,0.84375,0.0,0.7136325836181641,0.0791015625,28.0,0.3783512541377735,196,314,136,45,0.8352604887044721,0.4874912463513606,21,35,15,6,0.7733333333333333,0.4569299776953924,
diabetes,MLP,Quantile Transform,9,0.84375,0.0,0.7138347625732422,0.07917022705078125,28.0,0.40822848090001956,183,335,115,59,0.8267768595041323,0.4821538781765945,24,33,17,2,0.8415384615384615,0.5549726475303396,
diabetes,MLP,Quantile Transform,10,1.03125,0.0,0.7181243896484375,0.07934761047363281,34.0,0.41171863019960525,200,332,118,42,0.8471992653810836,0.539903545572223,17,31,19,9,0.7169230769230769,0.2601938790610853,
diabetes,MLP,Min-Max Scaler,1,0.375,0.0,0.6553001403808594,0.031510353088378906,12.0,0.47712168434339297,38,425,25,203,0.5226002766251729,0.1690747913407984,8,46,4,19,0.5474074074074073,0.28455660181961395,
diabetes,MLP,Min-Max Scaler,2,0.375,0.0,0.6559829711914062,0.031510353088378906,12.0,0.47677779924325425,60,406,44,181,0.5324204702627939,0.20150573509550226,2,44,6,25,0.45925925925925926,-0.07182163150854796,
diabetes,MLP,Min-Max Scaler,3,0.375,0.015625,0.6553688049316406,0.031510353088378906,12.0,0.4793857831455206,26,441,9,215,0.5313600737667128,0.19100192730073817,2,50,0,25,0.58,0.2222222222222222,
diabetes,MLP,Min-Max Scaler,4,0.375,0.0,0.6553249359130859,0.031510353088378906,12.0,0.4796678812130506,18,447,3,223,0.5340525587828493,0.18885042066880006,0,49,1,27,0.39777777777777773,-0.08429272304235247,
diabetes,MLP,Min-Max Scaler,5,0.375,0.0,0.6552371978759766,0.031510353088378906,12.0,0.479295586025429,29,437,13,212,0.5383033656062701,0.1823973572085447,3,50,0,24,0.49703703703703705,0.2739983121755955,
diabetes,MLP,Min-Max Scaler,6,0.375,0.0,0.6546630859375,0.031510353088378906,12.0,0.48072996941350377,14,450,0,227,0.5238819732595665,0.19650220094224552,2,50,0,25,0.6074074074074074,0.2222222222222222,
diabetes,MLP,Min-Max Scaler,7,0.296875,0.0,0.6564607620239258,0.031510353088378906,12.0,0.47813751449910624,35,436,14,206,0.5241585984324574,0.211884880824505,0,46,4,27,0.4785185185185185,-0.17201465372429878,
diabetes,MLP,Min-Max Scaler,8,0.375,0.0,0.6529560089111328,0.031510353088378906,12.0,0.4794701730069266,22,444,6,219,0.5313047487321346,0.18841335608507243,2,50,0,25,0.4444444444444444,0.2222222222222222,
diabetes,MLP,Min-Max Scaler,9,0.375,0.0,0.6557636260986328,0.031510353088378906,12.0,0.48065405023300584,31,439,11,211,0.5751239669421488,0.20702449662925582,5,47,3,21,0.5661538461538462,0.20453014248643248,
diabetes,MLP,Min-Max Scaler,10,0.359375,0.0,0.6556272506713867,0.031510353088378906,12.0,0.47980138894616275,26,441,9,216,0.5355371900826447,0.19028192235622016,6,49,1,20,0.65,0.3457843403070657,
diabetes,MLP,Standard Scaler,1,0.46875,0.046875,0.6568107604980469,0.03137969970703125,16.0,0.4481903349505729,151,373,77,90,0.8012909174734901,0.46162860017768137,18,40,10,9,0.8348148148148148,0.4629100498862757,
diabetes,MLP,Standard Scaler,2,0.375,0.0,0.6561899185180664,0.0313262939453125,14.0,0.41963372809615174,187,305,145,54,0.7814200092208392,0.4327909710002652,20,37,13,7,0.8096296296296297,0.46354777877784786,
diabetes,MLP,Standard Scaler,3,0.46875,0.0,0.6552734375,0.0313262939453125,14.0,0.45838815119970805,134,383,67,107,0.7796588289534347,0.42721783064074775,12,46,4,15,0.8266666666666667,0.4286208662612397,
diabetes,MLP,Standard Scaler,4,0.65625,0.0,0.6599636077880859,0.031620025634765625,25.0,0.3690828551994207,194,319,131,47,0.8290548639926232,0.49066406079887465,22,43,7,5,0.9251851851851852,0.664556446306707,
diabetes,MLP,Standard Scaler,5,0.453125,0.0,0.6546688079833984,0.031406402587890625,17.0,0.37850037786322055,203,287,163,38,0.809820193637621,0.45842210794406874,23,34,16,4,0.7866666666666667,0.507613844240676,
diabetes,MLP,Standard Scaler,6,0.46875,0.0,0.6576957702636719,0.031406402587890625,17.0,0.39851632737168546,191,316,134,50,0.817860765329645,0.4724124037076642,21,36,14,6,0.8237037037037037,0.4770278351999552,
diabetes,MLP,Standard Scaler,7,0.65625,0.0,0.6602363586425781,0.03148460388183594,20.0,0.3886775495040201,183,336,114,58,0.8225449515905947,0.48712602617446155,18,36,14,9,0.8207407407407408,0.37438839013338365,
diabetes,MLP,Standard Scaler,8,0.75,0.0,0.6610260009765625,0.03177833557128906,31.0,0.33723640223381096,197,322,128,44,0.8461041954817888,0.508915717890085,21,34,16,6,0.7851851851851852,0.43721065077734916,
diabetes,MLP,Standard Scaler,9,0.65625,0.0,0.6645374298095703,0.03167152404785156,27.0,0.37627748113915577,186,338,112,56,0.836198347107438,0.5005132224740012,24,31,19,2,0.8676923076923077,0.519806645146523,
diabetes,MLP,Standard Scaler,10,0.65625,0.0,0.663029670715332,0.03170013427734375,28.0,0.35945876353777084,201,326,124,41,0.8458677685950413,0.5303348586629731,17,30,20,9,0.7315384615384615,0.2409401066140959,
diabetes,MLP,Robust Scaler,1,0.5625,0.0,0.6606369018554688,0.031525611877441406,21.0,0.4266229985535487,174,347,103,67,0.819354541263255,0.47952604735388843,21,35,15,6,0.8548148148148148,0.4569299776953924,
diabetes,MLP,Robust Scaler,2,0.5625,0.078125,0.6591205596923828,0.03143501281738281,18.0,0.4425475916688132,166,353,97,75,0.810410327339788,0.4645125985646731,16,40,10,11,0.8177777777777777,0.3961295342422729,
diabetes,MLP,Robust Scaler,3,0.734375,0.0,0.6579341888427734,0.03155326843261719,22.0,0.4677234706319554,144,393,57,97,0.8330843706777318,0.49407795814573197,15,44,6,12,0.8229629629629629,0.4666666666666667,
diabetes,MLP,Robust Scaler,4,0.75,0.0,0.6641445159912109,0.031701087951660156,27.0,0.46423342935216744,151,380,70,90,0.8274688796680498,0.4812724976582847,18,47,3,9,0.922962962962963,0.65,
diabetes,MLP,Robust Scaler,5,0.46875,0.0,0.6580410003662109,0.03140735626220703,17.0,0.48192598772601647,121,405,45,120,0.7976671277086215,0.44852620013617633,13,46,4,14,0.7866666666666666,0.4618833599503053,
diabetes,MLP,Robust Scaler,6,0.46875,0.03125,0.6582241058349609,0.03140735626220703,17.0,0.4476616474890294,163,357,93,78,0.8136007376671277,0.4635045200966196,18,40,10,9,0.8081481481481482,0.4629100498862757,
diabetes,MLP,Robust Scaler,7,0.46875,0.0625,0.6593818664550781,0.03143501281738281,18.0,0.43190970310266114,173,340,110,68,0.8082710926694329,0.45879406041403376,16,40,10,11,0.8111111111111111,0.3961295342422729,
diabetes,MLP,Robust Scaler,8,0.84375,0.0,0.6617717742919922,0.03181934356689453,31.0,0.39888474927947537,183,343,107,58,0.8405071461502998,0.5036704503702719,20,37,13,7,0.788888888888889,0.46354777877784786,
diabetes,MLP,Robust Scaler,9,0.65625,0.0,0.6639719009399414,0.031673431396484375,26.0,0.4191453944943568,174,354,96,68,0.8328191000918275,0.49436447668030103,24,31,19,2,0.8761538461538463,0.519806645146523,
diabetes,MLP,Robust Scaler,10,0.796875,0.0625,0.666254997253418,0.03179168701171875,30.0,0.42886242909403216,171,365,85,71,0.8448025711662076,0.51138490493152,14,33,17,12,0.7,0.19158474532226857,
diabetes,MLP,Uniform Binning,1,0.5625,0.0,0.6617050170898438,0.032176971435546875,24.0,0.4843936561945702,114,370,80,127,0.698248040571692,0.31313202753892083,13,40,10,14,0.7074074074074075,0.29346473089514225,
diabetes,MLP,Uniform Binning,2,0.546875,0.0,0.6596155166625977,0.0320587158203125,20.0,0.360955902815743,158,269,181,83,0.6343245735361918,0.2415544068632286,14,30,20,13,0.5585185185185184,0.11388837913572855,
diabetes,MLP,Uniform Binning,3,0.5625,0.0,0.6637535095214844,0.032149314880371094,23.0,0.4844654346631154,95,393,57,146,0.6827616413093591,0.3077950869224635,7,39,11,20,0.5633333333333334,0.04426359942683326,
diabetes,MLP,Uniform Binning,4,0.640625,0.0,0.6602611541748047,0.03220844268798828,25.0,0.5096183492713353,105,382,68,136,0.702217611802674,0.31305551377185614,10,45,5,17,0.7751851851851852,0.32575006116601346,
diabetes,MLP,Uniform Binning,5,0.5625,0.0,0.6645936965942383,0.03211784362792969,22.0,0.4536357033864604,95,385,65,146,0.6564638082065468,0.28216738275117553,10,40,10,17,0.5777777777777777,0.18539948613922522,
diabetes,MLP,Uniform Binning,6,0.46875,0.015625,0.6610307693481445,0.03203105926513672,19.0,0.4609512488182334,75,400,50,166,0.6266851083448595,0.2477317859459509,8,44,6,19,0.6392592592592592,0.2181101016938586,
diabetes,MLP,Uniform Binning,7,0.65625,0.0,0.6647472381591797,0.032265663146972656,27.0,0.48482952400132534,117,373,77,124,0.7062240663900414,0.33340444143923886,12,39,11,15,0.711851851851852,0.233999509108495,
diabetes,MLP,Uniform Binning,8,0.5625,0.0,0.6630983352661133,0.03211784362792969,22.0,0.4078587256740919,131,332,118,110,0.6609128630705394,0.2792833783663783,15,29,21,12,0.6488888888888888,0.12964059832287878,
diabetes,MLP,Uniform Binning,9,0.65625,0.0,0.6647138595581055,0.032238006591796875,26.0,0.4081183709806465,139,333,117,103,0.6893250688705234,0.31053163542453915,12,37,13,14,0.643846153846154,0.20350473699372176,
diabetes,MLP,Uniform Binning,10,0.84375,0.0,0.6653842926025391,0.03253173828125,36.0,0.41793711135542433,156,349,101,86,0.7595454545454545,0.41470751363673325,14,38,12,12,0.7823076923076924,0.29846153846153844,
diabetes,MLP,Quantile Binning,1,0.5625,0.0,0.6637687683105469,0.032143592834472656,23.0,0.5431865597317616,135,391,59,106,0.7744997694790227,0.45503892484114694,13,45,5,14,0.7918518518518518,0.43010856046828544,
diabetes,MLP,Quantile Binning,2,0.65625,0.03125,0.6588592529296875,0.032143592834472656,23.0,0.5181780532547164,146,375,75,95,0.7848916551406179,0.44871970831980834,17,42,8,10,0.7874074074074073,0.4785757597651158,
diabetes,MLP,Quantile Binning,3,0.578125,0.03125,0.6621532440185547,0.032143592834472656,23.0,0.5013255368719625,146,375,75,95,0.7821991701244814,0.44871970831980834,15,39,11,12,0.7474074074074074,0.3385786396448106,
diabetes,MLP,Quantile Binning,4,0.5625,0.0,0.6589908599853516,0.032143592834472656,23.0,0.5022120804950185,155,356,94,86,0.7750760719225449,0.43108055806053197,17,43,7,10,0.8125925925925926,0.5044185153893525,
diabetes,MLP,Quantile Binning,5,0.5625,0.0625,0.6613883972167969,0.03208446502685547,21.0,0.45434510484417406,120,383,67,121,0.744946980175196,0.37441173753063084,13,43,7,14,0.7222222222222222,0.3716050570007949,
diabetes,MLP,Quantile Binning,6,0.5625,0.0,0.6589870452880859,0.03211212158203125,22.0,0.4956195044416089,112,403,47,129,0.7496588289534349,0.40795062316751307,16,45,5,11,0.8362962962962963,0.5277777777777778,
diabetes,MLP,Quantile Binning,7,0.46875,0.0,0.6600074768066406,0.03202533721923828,19.0,0.5173968973880769,89,421,29,152,0.737528815122176,0.3860849678542541,3,46,4,24,0.7133333333333333,0.051639777949432225,
diabetes,MLP,Quantile Binning,8,0.65625,0.0,0.6617956161499023,0.03223228454589844,26.0,0.49712132757315197,159,360,90,82,0.7890502535730752,0.4563800880095576,17,37,13,10,0.7429629629629629,0.36167967605963075,
diabetes,MLP,Quantile Binning,9,0.65625,0.046875,0.6618595123291016,0.03211212158203125,22.0,0.49864557935238984,97,415,35,145,0.7475482093663911,0.3921036780552663,10,41,9,16,0.6853846153846154,0.224179415327122,
diabetes,MLP,Quantile Binning,10,0.9375,0.0,0.6725788116455078,0.03270530700683594,42.0,0.5082269661544673,162,383,67,80,0.8271992653810836,0.5275378631980652,13,39,11,13,0.7061538461538461,0.28577380332470415,
diabetes,MLP,Random Undersampling,1,0.84375,0.0,0.6601390838623047,0.03600311279296875,47.0,0.5325627746961442,132,381,69,109,0.765053019824804,0.41384580513975094,14,38,12,13,0.6355555555555555,0.2810277450473483,
diabetes,MLP,Random Undersampling,2,0.84375,0.0,0.6634426116943359,0.03594970703125,45.0,0.5001507073765425,183,294,156,58,0.7486214845550945,0.3934104561576816,16,30,20,11,0.6222222222222222,0.1841888282182977,
diabetes,MLP,Random Undersampling,3,0.375,0.0,0.6502456665039062,0.03525352478027344,19.0,0.7710661837612014,136,303,147,105,0.6400645458736746,0.23031747797138474,13,32,18,14,0.6096296296296296,0.11819992501760555,
diabetes,MLP,Random Undersampling,4,0.546875,0.0,0.6559276580810547,0.035549163818359375,30.0,0.6335961305203428,133,375,75,108,0.7167727063162749,0.40021784351153344,9,43,7,18,0.6392592592592593,0.22737814246785276,
diabetes,MLP,Random Undersampling,5,0.75,0.0,0.6561117172241211,0.035869598388671875,42.0,0.5811788191992747,125,388,62,116,0.7327247579529738,0.4085858466677753,13,42,8,14,0.6096296296296295,0.34444444444444444,
diabetes,MLP,Random Undersampling,6,0.578125,0.0,0.655853271484375,0.03552055358886719,29.0,0.7497739543064746,79,418,32,162,0.6826556016597509,0.3331560974360691,8,46,4,19,0.7962962962962963,0.28455660181961395,
diabetes,MLP,Random Undersampling,7,0.65625,0.078125,0.650202751159668,0.03549385070800781,28.0,0.5237574863043161,149,336,114,92,0.7100414937759336,0.3581932194297976,17,31,19,10,0.6725925925925926,0.23873705811371665,
diabetes,MLP,Random Undersampling,8,0.5625,0.0,0.6537265777587891,0.03546714782714844,27.0,0.5354157319875024,125,361,89,116,0.6954910096818812,0.3307583898733197,16,35,15,11,0.6903703703703704,0.2846888437924036,
diabetes,MLP,Random Undersampling,9,0.375,0.0,0.6485118865966797,0.03516197204589844,15.0,0.9914756393516305,35,422,28,207,0.5189990817263544,0.13660812416798573,8,47,3,18,0.5876923076923076,0.33398823955871376,
diabetes,MLP,Random Undersampling,10,0.8125,0.0,0.6619491577148438,0.035884857177734375,42.0,0.7325741966501289,122,385,65,120,0.7400459136822772,0.3862541328602468,13,47,3,13,0.8169230769230771,0.5120221349381945,
diabetes,MLP,SMOTE / SMOTENC,1,0.921875,0.0,0.7365074157714844,0.051513671875,34.0,0.7982976018917327,116,400,50,125,0.7597786998616874,0.41298766048543695,12,41,9,15,0.6918518518518518,0.2833333333333333,
diabetes,MLP,SMOTE / SMOTENC,2,0.65625,0.0,0.7339954376220703,0.0511932373046875,22.0,0.5974483083909602,137,352,98,104,0.6961917934532043,0.3527914357049739,9,38,12,18,0.5948148148148147,0.1,
diabetes,MLP,SMOTE / SMOTENC,3,0.5625,0.0,0.7328300476074219,0.05113792419433594,20.0,0.8469978247027091,104,388,62,137,0.6951221761180267,0.32769516532366255,6,44,6,21,0.6362962962962962,0.13448222962707782,
diabetes,MLP,SMOTE / SMOTENC,4,0.9375,0.0,0.7348651885986328,0.051433563232421875,31.0,0.6720181415006745,127,376,74,114,0.7298017519594283,0.3804157413872588,12,43,7,15,0.6940740740740741,0.33696449304114806,
diabetes,MLP,SMOTE / SMOTENC,5,1.453125,0.0,0.7463932037353516,0.05202007293701172,53.0,0.6730691209039656,129,392,58,112,0.7744767173812818,0.4359251339774909,12,44,6,15,0.7059259259259258,0.3658010669613767,
diabetes,MLP,SMOTE / SMOTENC,6,0.65625,0.0,0.7303199768066406,0.05116462707519531,21.0,0.8208268053264112,109,386,64,132,0.6862425080682343,0.34109275828178454,12,43,7,15,0.7881481481481482,0.33696449304114806,
diabetes,MLP,SMOTE / SMOTENC,7,0.84375,0.0,0.7323398590087891,0.051273345947265625,25.0,0.5065312579616996,124,380,70,117,0.7149285384970032,0.3807067405399809,14,36,14,13,0.6725925925925925,0.23659846994187425,
diabetes,MLP,SMOTE / SMOTENC,8,0.640625,0.0,0.7290668487548828,0.05111122131347656,19.0,0.7641244793433006,109,358,92,132,0.6577408944213924,0.2600675118782873,13,37,13,14,0.645925925925926,0.22347685044988602,
diabetes,MLP,SMOTE / SMOTENC,9,1.21875,0.0,0.7481975555419922,0.05182075500488281,43.0,0.6749243147716387,124,394,56,118,0.7652341597796143,0.42171687685225284,14,44,6,12,0.7284615384615385,0.4508356100096212,
diabetes,MLP,SMOTE / SMOTENC,10,0.84375,0.0,0.7349834442138672,0.05147552490234375,30.0,0.6040824671085759,119,382,68,123,0.6922497704315886,0.36578276242833785,11,45,5,15,0.7776923076923077,0.37596030887070225,
