Dataset,Model,Preprocessor,Fold,Fit_Time_sec,Predict_Time_Test_sec,Peak_Memory_MB,Pipeline_Disk_Size_MB,Iterations,Optimal_Threshold,Train_TP,Train_TN,Train_FP,Train_FN,Train_ROC_AUC,Train_MCC,Test_TP,Test_TN,Test_FP,Test_FN,Test_ROC_AUC,Test_MCC,Error_Log
haberman,GaussianNB,Baseline,1,0.0,0.0,0.04800891876220703,0.0016155242919921875,,0.1978566935775097,45,145,57,28,0.6721822867218228,0.3055614525894104,6,14,9,2,0.7934782608695653,0.3140721323960884,
haberman,GaussianNB,Baseline,2,0.015625,0.0,0.04643535614013672,0.0016155242919921875,,0.21514014500690312,33,174,28,40,0.6901532619015327,0.3331355822248133,3,20,3,5,0.6521739130434783,0.2708681694429807,
haberman,GaussianNB,Baseline,3,0.0,0.0,0.04648303985595703,0.0016155242919921875,,0.26693231058797756,28,183,19,45,0.6828970568289705,0.3396039144884743,1,22,1,7,0.5434782608695652,0.14520057987419369,
haberman,GaussianNB,Baseline,4,0.015625,0.0,0.04630756378173828,0.0016155242919921875,,0.17006413091661426,47,155,47,26,0.7198901396989015,0.3827782382212964,4,15,8,4,0.5108695652173914,0.13670414920128873,
haberman,GaussianNB,Baseline,5,0.015625,0.0,0.046347618103027344,0.0016155242919921875,,0.22440749758506742,37,162,40,36,0.6554658890546589,0.3037231908115735,6,20,3,2,0.9402173913043479,0.5972598827888349,
haberman,GaussianNB,Baseline,6,0.0,0.0,0.04650402069091797,0.0016155242919921875,,0.1982833265008259,37,170,33,35,0.7083675424192666,0.3545685654232241,3,16,6,6,0.5050505050505051,0.06060606060606061,
haberman,GaussianNB,Baseline,7,0.0,0.0,0.046530723571777344,0.0016155242919921875,,0.17621606512630256,36,170,33,37,0.6708279910925163,0.3367350103464414,4,18,4,4,0.6818181818181819,0.3181818181818182,
haberman,GaussianNB,Baseline,8,0.0,0.0,0.04652690887451172,0.0016155242919921875,,0.18532640388393531,44,158,45,29,0.7119913624401107,0.35957751947051125,1,18,4,7,0.40340909090909094,-0.06741998624632421,
haberman,GaussianNB,Baseline,9,0.0,0.0,0.046395301818847656,0.0016155242919921875,,0.18114477914511024,37,168,35,36,0.6799041770699777,0.3359236006886736,5,17,5,3,0.8068181818181819,0.3731012536223182,
haberman,GaussianNB,Baseline,10,0.0,0.0,0.046486854553222656,0.0016155242919921875,,0.1792616672615154,45,159,44,28,0.7082124299885283,0.37715205380269845,2,12,10,6,0.4204545454545454,-0.1846372364689991,
haberman,GaussianNB,IQR Capping,1,0.03125,0.0,0.06969261169433594,0.0017271041870117188,,0.18835743862139334,51,135,67,22,0.6861521768615217,0.3273780739397116,6,14,9,2,0.7880434782608695,0.3140721323960884,
haberman,GaussianNB,IQR Capping,2,0.03125,0.0,0.06921100616455078,0.0017271041870117188,,0.21478013254721057,42,161,41,31,0.7121253221212532,0.3581992468664542,4,16,7,4,0.6304347826086957,0.17892962380969743,
haberman,GaussianNB,IQR Capping,3,0.03125,0.0,0.06921005249023438,0.0017271041870117188,,0.20331344271380475,45,156,46,28,0.6879831818798318,0.36478708936997906,3,20,3,5,0.7228260869565217,0.2708681694429807,
haberman,GaussianNB,IQR Capping,4,0.03125,0.0,0.06916236877441406,0.0017271041870117188,,0.16481829230051426,55,136,66,18,0.7351485148514852,0.37957583283100305,3,14,9,5,0.5054347826086957,-0.014646873128709506,
haberman,GaussianNB,IQR Capping,5,0.03125,0.0,0.06925773620605469,0.0017271041870117188,,0.20419104268471788,43,149,53,30,0.6621117591211176,0.30260590569878665,7,19,4,1,0.9456521739130435,0.6411644853180825,
haberman,GaussianNB,IQR Capping,6,0.015625,0.0,0.06916236877441406,0.0017271041870117188,,0.18185150610511477,50,148,55,22,0.7295771756978653,0.3832280343782867,6,9,13,3,0.5909090909090908,0.07059781184061313,
haberman,GaussianNB,IQR Capping,7,0.03125,0.0,0.06924819946289062,0.0017271041870117188,,0.2780632545983682,35,171,32,38,0.6804102840947432,0.3310604713223016,4,19,3,4,0.7727272727272727,0.380198765217406,
haberman,GaussianNB,IQR Capping,8,0.03125,0.0,0.06934356689453125,0.0017271041870117188,,0.23382439707171315,40,171,32,33,0.7391861799041771,0.3920464298594205,1,19,3,7,0.375,-0.014782809899727065,
haberman,GaussianNB,IQR Capping,9,0.015625,0.0,0.06934356689453125,0.0017271041870117188,,0.2550820270781908,37,168,35,36,0.6933328834604224,0.3359236006886736,5,18,4,3,0.8693181818181819,0.42766860172384985,
haberman,GaussianNB,IQR Capping,10,0.03125,0.0,0.06924819946289062,0.0017271041870117188,,0.19783237309799614,45,159,44,28,0.7134084621094542,0.37715205380269845,4,14,8,4,0.5,0.12309149097933272,
haberman,GaussianNB,Quantile Capping,1,0.015625,0.0,0.06916236877441406,0.0017328262329101562,,0.2000727525445846,48,140,62,25,0.6826936118269361,0.3160203964915697,6,14,9,2,0.7663043478260869,0.3140721323960884,
haberman,GaussianNB,Quantile Capping,2,0.03125,0.0,0.06921100616455078,0.0017328262329101562,,0.20250480083354863,41,163,39,32,0.7022921470229214,0.35834399776083814,4,18,5,4,0.6467391304347826,0.2724343325001703,
haberman,GaussianNB,Quantile Capping,3,0.015625,0.0,0.06916236877441406,0.0017328262329101562,,0.21403587087459178,38,168,34,35,0.6898141868981419,0.35379408139137175,2,21,2,6,0.5706521739130435,0.21281413268968716,
haberman,GaussianNB,Quantile Capping,4,0.03125,0.0,0.06925773620605469,0.0017328262329101562,,0.1720549184506615,47,155,47,26,0.7214498847144988,0.3827782382212964,4,15,8,4,0.5163043478260869,0.13670414920128873,
haberman,GaussianNB,Quantile Capping,5,0.015625,0.015625,0.06925773620605469,0.0017328262329101562,,0.21429281283977922,39,161,41,34,0.6507188390071885,0.32208103570592356,6,20,3,2,0.8967391304347826,0.5972598827888349,
haberman,GaussianNB,Quantile Capping,6,0.015625,0.0,0.06921005249023438,0.0017328262329101562,,0.1898024971685184,43,161,42,29,0.7143199233716475,0.3713257938968156,4,13,9,5,0.5404040404040404,0.03252052261138687,
haberman,GaussianNB,Quantile Capping,7,0.03125,0.0,0.06929588317871094,0.0017328262329101562,,0.18306654076929318,46,155,48,27,0.6787907416154936,0.3664015945181364,5,16,6,3,0.7159090909090908,0.3232676249994279,
haberman,GaussianNB,Quantile Capping,8,0.015625,0.0,0.06929588317871094,0.0017328262329101562,,0.18262399814460242,49,151,52,24,0.7273095350563467,0.38006385296132406,2,17,5,6,0.3977272727272727,0.023762422826087874,
haberman,GaussianNB,Quantile Capping,9,0.015625,0.015625,0.06929588317871094,0.0017328262329101562,,0.19589834911968634,36,172,31,37,0.6795667723868006,0.35022018826190215,5,18,4,3,0.8693181818181819,0.42766860172384985,
haberman,GaussianNB,Quantile Capping,10,0.015625,0.0,0.06934356689453125,0.0017328262329101562,,0.19391834258497126,39,173,30,34,0.7092921249746947,0.3936479698416146,2,15,7,6,0.4829545454545454,-0.0657951694959769,
haberman,GaussianNB,IQR Removal,1,0.015625,0.0,0.08054161071777344,0.0018053054809570312,,0.16950842637908212,54,129,73,19,0.6832022243320223,0.33510933692025874,6,17,6,2,0.7826086956521738,0.4394061938612852,
haberman,GaussianNB,IQR Removal,2,0.03125,0.0,0.08078193664550781,0.0018053054809570312,,0.24933718213703088,39,167,35,34,0.7173470771734707,0.35942266731768857,4,17,6,4,0.6195652173913043,0.2238381550780319,
haberman,GaussianNB,IQR Removal,3,0.015625,0.0,0.08032989501953125,0.0018053054809570312,,0.2215116740445109,42,159,43,31,0.6826257968262579,0.34635728879509853,3,20,3,5,0.717391304347826,0.2708681694429807,
haberman,GaussianNB,IQR Removal,4,0.015625,0.0,0.0803375244140625,0.0018053054809570312,,0.18741776868620605,49,149,53,24,0.7245015597450156,0.373753296340344,3,16,7,5,0.4891304347826087,0.06613400036396397,
haberman,GaussianNB,IQR Removal,5,0.015625,0.0,0.08007240295410156,0.0018053054809570312,,0.2458064362486992,39,158,44,34,0.679913196799132,0.3043812940955883,7,19,4,1,0.9402173913043479,0.6411644853180825,
haberman,GaussianNB,IQR Removal,6,0.015625,0.0,0.07964229583740234,0.0018053054809570312,,0.25726210159390317,41,167,36,31,0.7225301039956213,0.38391774281842866,5,15,7,4,0.5808080808080808,0.2212064771005878,
haberman,GaussianNB,IQR Removal,7,0.03125,0.0,0.08014774322509766,0.0018053054809570312,,0.20806767028357812,42,156,47,31,0.6939739523584587,0.32442845080613686,6,17,5,2,0.7386363636363635,0.47968744354753823,
haberman,GaussianNB,IQR Removal,8,0.015625,0.0,0.08078956604003906,0.0018053054809570312,,0.25983792370651093,41,169,34,32,0.7387138133477293,0.3907950884412374,1,18,4,7,0.3977272727272727,-0.06741998624632421,
haberman,GaussianNB,IQR Removal,9,0.015625,0.0,0.08037662506103516,0.0018053054809570312,,0.2695879506483191,39,167,36,34,0.688204332276132,0.3538632464930157,5,17,5,3,0.8522727272727273,0.3731012536223182,
haberman,GaussianNB,IQR Removal,10,0.015625,0.0,0.08008098602294922,0.0018053054809570312,,0.8133017320296994,29,185,18,44,0.7144881570956204,0.3620971296958621,0,17,5,8,0.5738636363636364,-0.26967994498529685,
haberman,GaussianNB,Quantile Removal,1,0.015625,0.0,0.08329105377197266,0.0018110275268554688,,0.19686513056624094,43,157,45,30,0.6757764817577648,0.34671682990006286,5,20,3,3,0.7445652173913043,0.4945652173913043,
haberman,GaussianNB,Quantile Removal,2,0.015625,0.0,0.08327865600585938,0.0018110275268554688,,0.19764104221742643,45,159,43,28,0.6898141868981418,0.3820240427208432,4,14,9,4,0.6304347826086957,0.09638582199437337,
haberman,GaussianNB,Quantile Removal,3,0.015625,0.0,0.0831766128540039,0.0018110275268554688,,0.23767791667152421,37,170,32,36,0.6888647768886478,0.3548941410153703,2,21,2,6,0.5978260869565217,0.21281413268968716,
haberman,GaussianNB,Quantile Removal,4,0.015625,0.0,0.08317852020263672,0.0018110275268554688,,0.1779008396948012,43,162,40,30,0.6973077444730774,0.3761385644567429,3,16,7,5,0.5217391304347826,0.06613400036396397,
haberman,GaussianNB,Quantile Removal,5,0.015625,0.0,0.0831766128540039,0.0018110275268554688,,0.2146468806787786,37,165,37,36,0.6650278041502781,0.3222852510064489,6,20,3,2,0.8369565217391304,0.5972598827888349,
haberman,GaussianNB,Quantile Removal,6,0.015625,0.0,0.08359622955322266,0.0018110275268554688,,0.19615834622343295,40,166,37,32,0.6948891625615764,0.3654955862532449,5,17,5,4,0.6212121212121212,0.31876535509893733,
haberman,GaussianNB,Quantile Removal,7,0.015625,0.0,0.08319568634033203,0.0018110275268554688,,0.21856047871404627,36,170,33,37,0.6708279910925165,0.3367350103464414,4,18,4,4,0.7159090909090908,0.3181818181818182,
haberman,GaussianNB,Quantile Removal,8,0.015625,0.0,0.08329105377197266,0.0018110275268554688,,0.21228814613744734,39,170,33,34,0.7120588433767461,0.3733388201358382,1,19,3,7,0.3977272727272727,-0.014782809899727065,
haberman,GaussianNB,Quantile Removal,9,0.015625,0.0,0.08331012725830078,0.0018110275268554688,,0.21654297761208702,34,173,30,39,0.6518995883662865,0.3323057953100576,5,18,4,3,0.875,0.42766860172384985,
haberman,GaussianNB,Quantile Removal,10,0.015625,0.0,0.08359336853027344,0.0018110275268554688,,0.19362059347912008,41,169,34,32,0.7086173156083406,0.3907950884412374,4,15,7,4,0.4772727272727273,0.16684780645131764,
haberman,GaussianNB,Yeo-Johnson,1,0.03125,0.0,0.061298370361328125,0.00186920166015625,,0.31157400231139193,47,150,52,26,0.6956462769564626,0.35547691206833437,5,19,4,3,0.8260869565217391,0.4348471076445026,
haberman,GaussianNB,Yeo-Johnson,2,0.03125,0.0,0.061351776123046875,0.00186920166015625,,0.36701911237361323,41,166,36,32,0.7235860572358606,0.3770862803795864,4,16,7,4,0.6304347826086957,0.17892962380969743,
haberman,GaussianNB,Yeo-Johnson,3,0.03125,0.0,0.061351776123046875,0.00186920166015625,,0.3445005988869555,45,162,40,28,0.7115149871151499,0.3998174877204412,2,21,2,6,0.7336956521739131,0.21281413268968716,
haberman,GaussianNB,Yeo-Johnson,4,0.03125,0.015625,0.061351776123046875,0.00186920166015625,,0.33687045951881445,47,155,47,26,0.726400379764004,0.3827782382212964,3,16,7,5,0.5706521739130435,0.06613400036396397,
haberman,GaussianNB,Yeo-Johnson,5,0.03125,0.015625,0.06130409240722656,0.00186920166015625,,0.3370646769296307,42,156,46,31,0.6741150142411502,0.3290632234896727,7,20,3,1,0.9510869565217391,0.6969506192202357,
haberman,GaussianNB,Yeo-Johnson,6,0.03125,0.0,0.061351776123046875,0.00186920166015625,,0.4571552960078946,33,183,20,39,0.7306034482758621,0.40102780170175417,2,18,4,7,0.5656565656565656,0.046420708254852755,
haberman,GaussianNB,Yeo-Johnson,7,0.03125,0.0,0.061446189880371094,0.00186920166015625,,0.3333765901029396,43,160,43,30,0.6922869289425736,0.35923308901685763,6,17,5,2,0.8068181818181818,0.47968744354753823,
haberman,GaussianNB,Yeo-Johnson,8,0.03125,0.0,0.061446189880371094,0.00186920166015625,,0.441505280400679,35,180,23,38,0.751130305688643,0.39639493522255514,1,20,2,7,0.3977272727272727,0.0502518907629606,
haberman,GaussianNB,Yeo-Johnson,9,0.03125,0.0,0.061446189880371094,0.00186920166015625,,0.39746116076498217,35,174,29,38,0.6953573115594844,0.35177022644451766,5,18,4,3,0.875,0.42766860172384985,
haberman,GaussianNB,Yeo-Johnson,10,0.03125,0.0,0.061446189880371094,0.00186920166015625,,0.3943159050182941,39,173,30,34,0.7177272420541196,0.3936479698416146,4,16,6,4,0.6477272727272727,0.21320071635561041,
haberman,GaussianNB,Quantile Transform,1,0.015625,0.0,0.08854484558105469,0.010062217712402344,,0.3254591399392243,53,139,63,20,0.6967991319679914,0.37030813126539375,5,15,8,3,0.7336956521739131,0.2457838460856521,
haberman,GaussianNB,Quantile Transform,2,0.015625,0.0,0.08867073059082031,0.010062217712402344,,0.3652416128183335,43,160,42,30,0.7016818120168181,0.3641773551035461,5,18,5,3,0.6576086956521738,0.38154230979209985,
haberman,GaussianNB,Quantile Transform,3,0.015625,0.0,0.088714599609375,0.010062217712402344,,0.38805874078587876,35,173,29,38,0.6905601519056015,0.35099424730169876,3,21,2,5,0.798913043478261,0.342685147574115,
haberman,GaussianNB,Quantile Transform,4,0.015625,0.0,0.088714599609375,0.010062217712402344,,0.3484633298215652,55,141,61,18,0.7103960396039604,0.40365829864642644,4,15,8,4,0.5978260869565217,0.13670414920128873,
haberman,GaussianNB,Quantile Transform,5,0.015625,0.0,0.08866691589355469,0.010062217712402344,,0.3403846989960355,47,144,58,26,0.6703173742031737,0.3242123238976315,8,18,5,0,0.9836956521739131,0.6939779183594883,
haberman,GaussianNB,Quantile Transform,6,0.015625,0.0,0.088714599609375,0.010062217712402344,,0.3338590487719027,53,150,53,19,0.7386083743842365,0.4290783611147738,4,12,10,5,0.43939393939393934,-0.009213166547046367,
haberman,GaussianNB,Quantile Transform,7,0.015625,0.0,0.088897705078125,0.010092735290527344,,0.3490360550505659,50,140,63,23,0.6899925770969701,0.33599185876972837,7,17,5,1,0.8977272727272727,0.5846845821518305,
haberman,GaussianNB,Quantile Transform,8,0.0,0.0,0.08885383605957031,0.010092735290527344,,0.3908128417820569,43,166,37,30,0.7373641946150211,0.3954492584195617,1,17,5,7,0.3806818181818182,-0.11306675421666136,
haberman,GaussianNB,Quantile Transform,9,0.0,0.015625,0.088897705078125,0.010092735290527344,,0.3657662579171266,41,166,37,32,0.686854713543424,0.3716220680178578,6,16,6,2,0.8806818181818182,0.43082021842766455,
haberman,GaussianNB,Quantile Transform,10,0.0,0.015625,0.088897705078125,0.010092735290527344,,0.3538552628186281,43,166,37,30,0.7069302921924558,0.3954492584195617,3,16,6,5,0.5795454545454546,0.09869275424396536,
haberman,GaussianNB,Min-Max Scaler,1,0.015625,0.015625,0.05319690704345703,0.0018014907836914062,,0.1978566936879258,45,145,57,28,0.6721822867218228,0.3055614525894104,6,14,9,2,0.7934782608695653,0.3140721323960884,
haberman,GaussianNB,Min-Max Scaler,2,0.0,0.0,0.053177833557128906,0.0018014907836914062,,0.2151401451984867,33,174,28,40,0.6901532619015327,0.3331355822248133,3,20,3,5,0.6521739130434783,0.2708681694429807,
haberman,GaussianNB,Min-Max Scaler,3,0.0,0.0,0.053221702575683594,0.0018014907836914062,,0.2669323106598681,28,183,19,45,0.6828970568289705,0.3396039144884743,1,22,1,7,0.5434782608695652,0.14520057987419369,
haberman,GaussianNB,Min-Max Scaler,4,0.0,0.0,0.05313396453857422,0.0018014907836914062,,0.17006413120727315,47,155,47,26,0.7198901396989015,0.3827782382212964,4,15,8,4,0.5108695652173914,0.13670414920128873,
haberman,GaussianNB,Min-Max Scaler,5,0.0,0.0,0.05313396453857422,0.0018014907836914062,,0.22440749797964632,37,162,40,36,0.6554658890546589,0.3037231908115735,6,20,3,2,0.9402173913043479,0.5972598827888349,
haberman,GaussianNB,Min-Max Scaler,6,0.015625,0.0,0.05309009552001953,0.0018014907836914062,,0.1982833271208204,37,170,33,35,0.7083675424192666,0.3545685654232241,3,16,6,6,0.5050505050505051,0.06060606060606061,
haberman,GaussianNB,Min-Max Scaler,7,0.015625,0.0,0.053246498107910156,0.0018014907836914062,,0.17621606535131376,36,170,33,37,0.6708279910925163,0.3367350103464414,4,18,4,4,0.6818181818181819,0.3181818181818182,
haberman,GaussianNB,Min-Max Scaler,8,0.0,0.0,0.053246498107910156,0.0018014907836914062,,0.18532640406305048,44,158,45,29,0.7119913624401107,0.35957751947051125,1,18,4,7,0.40340909090909094,-0.06741998624632421,
haberman,GaussianNB,Min-Max Scaler,9,0.015625,0.0,0.05306720733642578,0.0018014907836914062,,0.18114477930653802,37,168,35,36,0.6799041770699777,0.3359236006886736,5,17,5,3,0.8068181818181819,0.3731012536223182,
haberman,GaussianNB,Min-Max Scaler,10,0.0,0.015625,0.053114891052246094,0.0018014907836914062,,0.17926166732248003,45,159,44,28,0.7082124299885283,0.37715205380269845,2,12,10,6,0.4204545454545454,-0.1846372364689991,
haberman,GaussianNB,Standard Scaler,1,0.015625,0.0,0.05884552001953125,0.0016727447509765625,,0.1978566935203804,45,145,57,28,0.6721822867218228,0.3055614525894104,6,14,9,2,0.7934782608695653,0.3140721323960884,
haberman,GaussianNB,Standard Scaler,2,0.0,0.0,0.05895233154296875,0.0016727447509765625,,0.21514014503598847,33,174,28,40,0.6901532619015327,0.3331355822248133,3,20,3,5,0.6521739130434783,0.2708681694429807,
haberman,GaussianNB,Standard Scaler,3,0.015625,0.015625,0.05890464782714844,0.0016727447509765625,,0.2669323108505182,28,183,19,45,0.6828970568289705,0.3396039144884743,1,22,1,7,0.5434782608695652,0.14520057987419369,
haberman,GaussianNB,Standard Scaler,4,0.0,0.0,0.058929443359375,0.0016727447509765625,,0.17006413089655992,47,155,47,26,0.7198901396989015,0.3827782382212964,4,15,8,4,0.5108695652173914,0.13670414920128873,
haberman,GaussianNB,Standard Scaler,5,0.015625,0.0,0.05895233154296875,0.0016727447509765625,,0.22440749777243132,37,162,40,36,0.6554658890546589,0.3037231908115735,6,20,3,2,0.9402173913043479,0.5972598827888349,
haberman,GaussianNB,Standard Scaler,6,0.0,0.0,0.05895233154296875,0.0016727447509765625,,0.19828332689089073,37,170,33,35,0.7083675424192666,0.3545685654232241,3,16,6,6,0.5050505050505051,0.06060606060606061,
haberman,GaussianNB,Standard Scaler,7,0.015625,0.0,0.05904674530029297,0.0016727447509765625,,0.176216065036035,36,170,33,37,0.6708279910925163,0.3367350103464414,4,18,4,4,0.6818181818181819,0.3181818181818182,
haberman,GaussianNB,Standard Scaler,8,0.0,0.0,0.05904674530029297,0.0016727447509765625,,0.18532640377177398,44,158,45,29,0.7119913624401107,0.35957751947051125,1,18,4,7,0.40340909090909094,-0.06741998624632421,
haberman,GaussianNB,Standard Scaler,9,0.015625,0.0,0.05900287628173828,0.0016727447509765625,,0.18114477906077797,37,168,35,36,0.6799041770699777,0.3359236006886736,5,17,5,3,0.8068181818181819,0.3731012536223182,
haberman,GaussianNB,Standard Scaler,10,0.0,0.0,0.05904674530029297,0.0016727447509765625,,0.1792616670722718,45,159,44,28,0.7082124299885283,0.37715205380269845,2,12,10,6,0.4204545454545454,-0.1846372364689991,
haberman,GaussianNB,Robust Scaler,1,0.0,0.0,0.0764455795288086,0.0016679763793945312,,0.19785669354817703,45,145,57,28,0.6721822867218228,0.3055614525894104,6,14,9,2,0.7934782608695653,0.3140721323960884,
haberman,GaussianNB,Robust Scaler,2,0.0,0.0,0.07629585266113281,0.0016679763793945312,,0.21514014493620723,33,174,28,40,0.6901532619015327,0.3331355822248133,3,20,3,5,0.6521739130434783,0.2708681694429807,
haberman,GaussianNB,Robust Scaler,3,0.015625,0.0,0.07629108428955078,0.0016679763793945312,,0.2669323110543715,28,183,19,45,0.6828970568289705,0.3396039144884743,1,22,1,7,0.5434782608695652,0.14520057987419369,
haberman,GaussianNB,Robust Scaler,4,0.015625,0.0,0.0763387680053711,0.0016679763793945312,,0.1700641308018048,47,155,47,26,0.7198901396989015,0.3827782382212964,4,15,8,4,0.5108695652173914,0.13670414920128873,
haberman,GaussianNB,Robust Scaler,5,0.015625,0.0,0.0763387680053711,0.0016679763793945312,,0.22440749765513235,37,162,40,36,0.6554658890546589,0.3037231908115735,6,20,3,2,0.9402173913043479,0.5972598827888349,
haberman,GaussianNB,Robust Scaler,6,0.0,0.0,0.0763387680053711,0.0016679763793945312,,0.19828332629624518,37,170,33,35,0.7083675424192666,0.3545685654232241,3,16,6,6,0.5050505050505051,0.06060606060606061,
haberman,GaussianNB,Robust Scaler,7,0.015625,0.0,0.07643699645996094,0.0016679763793945312,,0.17621606497712022,36,170,33,37,0.6708279910925163,0.3367350103464414,4,18,4,4,0.6818181818181819,0.3181818181818182,
haberman,GaussianNB,Robust Scaler,8,0.0,0.0,0.07648468017578125,0.0016679763793945312,,0.18532640373388642,44,158,45,29,0.7119913624401107,0.35957751947051125,1,18,4,7,0.40340909090909094,-0.06741998624632421,
haberman,GaussianNB,Robust Scaler,9,0.0,0.0,0.07644081115722656,0.0016679763793945312,,0.18114477897234194,37,168,35,36,0.6799041770699777,0.3359236006886736,5,17,5,3,0.8068181818181819,0.3731012536223182,
haberman,GaussianNB,Robust Scaler,10,0.015625,0.0,0.07648468017578125,0.0016679763793945312,,0.17926166708178212,45,159,44,28,0.7082124299885283,0.37715205380269845,2,12,10,6,0.4204545454545454,-0.1846372364689991,
haberman,GaussianNB,Uniform Binning,1,0.015625,0.0,0.052618980407714844,0.0019025802612304688,,0.4963870086301509,17,192,10,56,0.626983588769836,0.27212086950878667,3,23,0,5,0.657608695652174,0.5550096524257162,
haberman,GaussianNB,Uniform Binning,2,0.0,0.0,0.05276966094970703,0.0019025802612304688,,0.5045971083067649,20,191,11,53,0.6357656313576563,0.3064995382176838,3,20,3,5,0.5923913043478262,0.2708681694429807,
haberman,GaussianNB,Uniform Binning,3,0.015625,0.0,0.052725791931152344,0.0019025802612304688,,0.3781493255450817,22,188,14,51,0.6543808490438086,0.3038034417101489,1,23,0,7,0.40217391304347827,0.30956959368344517,
haberman,GaussianNB,Uniform Binning,4,0.0,0.0,0.05276966094970703,0.0019025802612304688,,0.5447021113461209,21,192,10,52,0.646480401464804,0.3325382694533535,2,20,3,6,0.5217391304347827,0.14224666503076472,
haberman,GaussianNB,Uniform Binning,5,0.015625,0.0,0.05276966094970703,0.0019025802612304688,,0.35618618149445974,19,189,13,54,0.6110470636104707,0.26979400870689857,5,22,1,3,0.8505434782608696,0.6440643140088652,
haberman,GaussianNB,Uniform Binning,6,0.0,0.0,0.052681922912597656,0.0019025802612304688,,0.4707419084253586,23,191,12,49,0.6610221674876847,0.3434003637878247,0,21,1,9,0.49747474747474746,-0.11677484162422845,
haberman,GaussianNB,Uniform Binning,7,0.015625,0.0,0.05283832550048828,0.0019025802612304688,,0.1654372106416906,27,182,21,46,0.6309804980093123,0.3100128193943715,3,20,2,5,0.6420454545454545,0.337099931231621,
haberman,GaussianNB,Uniform Binning,8,0.0,0.0,0.052750587463378906,0.0019025802612304688,,0.49083161146029625,22,190,13,51,0.652169512112828,0.3145722262134959,1,21,1,7,0.4772727272727273,0.14101901870444156,
haberman,GaussianNB,Uniform Binning,9,0.0,0.0,0.05283832550048828,0.0019025802612304688,,0.5257085336954482,19,193,10,54,0.608509346109724,0.30350856869627396,1,21,1,7,0.8125,0.14101901870444156,
haberman,GaussianNB,Uniform Binning,10,0.0,0.0,0.05283832550048828,0.0019025802612304688,,0.5587282303705198,21,195,8,52,0.6282475200755786,0.3570860326938254,0,21,1,8,0.33238636363636365,-0.11197850219117086,
haberman,GaussianNB,Quantile Binning,1,0.0,0.0,0.05293560028076172,0.0019044876098632812,,0.28435732782214374,44,152,50,29,0.6871694018716942,0.3306931241634753,5,19,4,3,0.7717391304347826,0.4348471076445026,
haberman,GaussianNB,Quantile Binning,2,0.015625,0.0,0.05289173126220703,0.0019044876098632812,,0.2306026210155713,50,145,57,23,0.7006306795063069,0.36477887598861697,4,15,8,4,0.5733695652173914,0.13670414920128873,
haberman,GaussianNB,Quantile Binning,3,0.015625,0.0,0.052979469299316406,0.0019044876098632812,,0.27182812580046545,45,150,52,28,0.6878814593788145,0.3317805737916185,5,20,3,3,0.7065217391304347,0.4945652173913043,
haberman,GaussianNB,Quantile Binning,4,0.0,0.0,0.052893638610839844,0.0019044876098632812,,0.29484217641427907,45,158,44,28,0.7080903295809033,0.3762192311194663,3,16,7,5,0.4972826086956521,0.06613400036396397,
haberman,GaussianNB,Quantile Binning,5,0.0,0.0,0.052979469299316406,0.0019044876098632812,,0.2886556456811103,41,152,50,32,0.6739793842397938,0.2947825886185874,6,19,4,2,0.8913043478260869,0.5392464645061678,
haberman,GaussianNB,Quantile Binning,6,0.015625,0.0,0.052979469299316406,0.0019044876098632812,,0.2554797385661102,56,126,77,16,0.713772577996716,0.3505396159041381,4,8,14,5,0.47727272727272724,-0.17653997989038583,
haberman,GaussianNB,Quantile Binning,7,0.015625,0.0,0.053048133850097656,0.0019044876098632812,,0.25285399140036396,47,145,58,26,0.6790944058303529,0.3253470954325746,7,17,5,1,0.8039772727272727,0.5846845821518305,
haberman,GaussianNB,Quantile Binning,8,0.0,0.0,0.05300617218017578,0.0019044876098632812,,0.30444032138902594,46,158,45,27,0.7146905999055267,0.3832257338493597,2,17,5,6,0.43465909090909083,0.023762422826087874,
haberman,GaussianNB,Quantile Binning,9,0.015625,0.0,0.052956581115722656,0.0019044876098632812,,0.49739373652441804,27,182,21,46,0.6793980700452122,0.3100128193943715,5,19,3,3,0.8380681818181819,0.48863636363636365,
haberman,GaussianNB,Quantile Binning,10,0.0,0.0,0.053048133850097656,0.0019044876098632812,,0.28940795916264395,42,165,38,31,0.7009919697685404,0.37734308799424665,3,14,8,5,0.5397727272727273,0.010427987903207352,
haberman,GaussianNB,Random Undersampling,1,0.015625,0.0,0.05638885498046875,0.0030374526977539062,,0.33787828645387225,36,166,36,37,0.6748609792486098,0.31633032614199663,5,22,1,3,0.782608695652174,0.6440643140088652,
haberman,GaussianNB,Random Undersampling,2,0.015625,0.0,0.05615997314453125,0.0030374526977539062,,0.4663336964365172,31,178,24,42,0.6994439169944391,0.33763444157841804,3,19,4,5,0.6141304347826086,0.21044478677689665,
haberman,GaussianNB,Random Undersampling,3,0.0,0.0,0.05615997314453125,0.0030374526977539062,,0.45901012788245604,33,174,28,40,0.683575206835752,0.3331355822248133,2,22,1,6,0.75,0.30565748974169876,
haberman,GaussianNB,Random Undersampling,4,0.015625,0.0,0.05602455139160156,0.0030374526977539062,,0.32574089995617994,38,171,31,35,0.709717889597179,0.3738890590339042,3,17,6,5,0.46195652173913043,0.110021557355838,
haberman,GaussianNB,Random Undersampling,5,0.0,0.0,0.05611610412597656,0.0030374526977539062,,0.4051064128769116,33,166,36,40,0.6570934490709345,0.278914468941235,6,21,2,2,0.8532608695652174,0.6630434782608695,
haberman,GaussianNB,Random Undersampling,6,0.015625,0.0,0.05588340759277344,0.0030221939086914062,,0.47425564053926544,30,180,23,42,0.7103858784893268,0.33811699424711505,2,20,2,7,0.5404040404040403,0.17779882030348063,
haberman,GaussianNB,Random Undersampling,7,0.015625,0.0,0.05615997314453125,0.0030374526977539062,,0.3606380759564597,37,168,35,36,0.6781159322491397,0.3359236006886736,4,19,3,4,0.6193181818181818,0.380198765217406,
haberman,GaussianNB,Random Undersampling,8,0.0,0.0,0.05606842041015625,0.0030374526977539062,,0.5279542195481186,30,180,23,43,0.7160064781699169,0.33330148024597234,1,20,2,7,0.38636363636363635,0.0502518907629606,
haberman,GaussianNB,Random Undersampling,9,0.015625,0.0,0.05611610412597656,0.0030374526977539062,,0.3717016975058709,42,162,41,31,0.6734934880896147,0.359114979164279,5,17,5,3,0.7102272727272727,0.3731012536223182,
haberman,GaussianNB,Random Undersampling,10,0.015625,0.0,0.05615997314453125,0.0030374526977539062,,0.36566004723714624,38,172,31,35,0.70935960591133,0.3746769833432235,2,16,6,6,0.48863636363636365,-0.022727272727272728,
haberman,GaussianNB,SMOTE / SMOTENC,1,0.015625,0.0,0.09370899200439453,0.005036354064941406,,0.603050333177161,20,189,13,53,0.6450562864505629,0.2848375472288095,4,22,1,4,0.766304347826087,0.5431236301174653,
haberman,GaussianNB,SMOTE / SMOTENC,2,0.015625,0.0,0.09364891052246094,0.005036354064941406,,0.4517005916163244,40,159,43,33,0.6760477417604774,0.32232061168587695,5,18,5,3,0.6684782608695653,0.38154230979209985,
haberman,GaussianNB,SMOTE / SMOTENC,3,0.015625,0.015625,0.0933847427368164,0.005036354064941406,,0.5446159354971748,26,184,18,47,0.6824901668249017,0.3216668223583589,1,22,1,7,0.48913043478260865,0.14520057987419369,
haberman,GaussianNB,SMOTE / SMOTENC,4,0.015625,0.0,0.0937356948852539,0.005036354064941406,,0.5281304896662646,25,188,14,48,0.6927641394276414,0.3457514754647529,2,18,5,6,0.47282608695652173,0.03412618163949675,
haberman,GaussianNB,SMOTE / SMOTENC,5,0.015625,0.0,0.09360408782958984,0.005036354064941406,,0.44610098016044664,37,162,40,36,0.6417672589176726,0.3037231908115735,7,19,4,1,0.9347826086956521,0.6411644853180825,
haberman,GaussianNB,SMOTE / SMOTENC,6,0.015625,0.0,0.09385967254638672,0.005005836486816406,,0.4307302114576273,37,168,35,35,0.6838738368910782,0.3414750957854406,3,17,5,6,0.6060606060606061,0.110021557355838,
haberman,GaussianNB,SMOTE / SMOTENC,7,0.015625,0.0,0.09380340576171875,0.005036354064941406,,0.43322140916843954,30,175,28,43,0.6644173021121533,0.2955794153907958,3,19,3,5,0.5795454545454545,0.26382242650554316,
haberman,GaussianNB,SMOTE / SMOTENC,8,0.015625,0.0,0.0935831069946289,0.005036354064941406,,0.5067325887030764,31,181,22,42,0.6995073891625616,0.3541564357091073,1,20,2,7,0.41477272727272724,0.0502518907629606,
haberman,GaussianNB,SMOTE / SMOTENC,9,0.015625,0.0,0.09384632110595703,0.005036354064941406,,0.41048889962108814,35,163,40,38,0.6652608138200958,0.27999956259657227,6,16,6,2,0.7670454545454545,0.43082021842766455,
haberman,GaussianNB,SMOTE / SMOTENC,10,0.0,0.0,0.09380245208740234,0.005036354064941406,,0.6195357753986392,24,191,12,49,0.6762939469599838,0.35314995829352075,0,20,2,8,0.4318181818181818,-0.16116459280507606,
haberman,LogisticRegression,Baseline,1,0.015625,0.0,0.08325386047363281,0.00165557861328125,34.0,0.24591004643827444,49,144,58,24,0.6776753017767531,0.34788812150185666,7,17,6,1,0.875,0.5445798942682095,
haberman,LogisticRegression,Baseline,2,0.015625,0.0,0.08310508728027344,0.00165557861328125,35.0,0.3000731783094425,33,177,25,40,0.7035128170351281,0.355348187126435,3,20,3,5,0.6630434782608695,0.2708681694429807,
haberman,LogisticRegression,Baseline,3,0.0,0.0,0.08169746398925781,0.00165557861328125,25.0,0.33354458986909474,28,183,19,45,0.6923911569239117,0.3396039144884743,1,22,1,7,0.7880434782608696,0.14520057987419369,
haberman,LogisticRegression,Baseline,4,0.015625,0.0,0.08274269104003906,0.00165557861328125,28.0,0.2479951405633397,50,156,46,23,0.7240946697409467,0.4235351912437657,3,15,8,5,0.47282608695652173,0.024851336640235755,
haberman,LogisticRegression,Baseline,5,0.015625,0.0,0.08238410949707031,0.00165557861328125,31.0,0.28254028146293536,32,173,29,41,0.6766919842669198,0.313314663767041,7,20,3,1,0.9347826086956522,0.6969506192202357,
haberman,LogisticRegression,Baseline,6,0.015625,0.0,0.083404541015625,0.00165557861328125,38.0,0.2942424791377898,33,178,25,39,0.7093938149972634,0.3612013032139451,2,20,2,7,0.5858585858585859,0.17779882030348063,
haberman,LogisticRegression,Baseline,7,0.015625,0.0,0.08350086212158203,0.00165557861328125,29.0,0.281472806074459,36,172,31,37,0.6940414332950942,0.35022018826190215,4,20,2,4,0.7954545454545454,0.45226701686664544,
haberman,LogisticRegression,Baseline,8,0.015625,0.015625,0.08294391632080078,0.00165557861328125,31.0,0.30432511961912595,34,179,24,39,0.7248127404008368,0.3762318312562033,1,20,2,7,0.4204545454545454,0.0502518907629606,
haberman,LogisticRegression,Baseline,9,0.0,0.0,0.08363628387451172,0.00165557861328125,29.0,0.28773747632294866,32,177,26,41,0.6892840272622984,0.33590562332349955,5,18,4,3,0.8238636363636362,0.42766860172384985,
haberman,LogisticRegression,Baseline,10,0.015625,0.0,0.08333873748779297,0.00165557861328125,31.0,0.23468509850080893,50,153,50,23,0.7108441865173087,0.4024830299108663,6,12,10,2,0.5852272727272727,0.2618924633082486,
haberman,LogisticRegression,IQR Capping,1,0.03125,0.0,0.096343994140625,0.0017671585083007812,39.0,0.22787816460219107,50,142,60,23,0.6892038518920386,0.34963958760769415,6,19,4,2,0.8641304347826086,0.5392464645061678,
haberman,LogisticRegression,IQR Capping,2,0.03125,0.0,0.09566307067871094,0.0017671585083007812,28.0,0.2400777788113081,47,155,47,26,0.7174827071748271,0.3827782382212964,4,16,7,4,0.6358695652173914,0.17892962380969743,
haberman,LogisticRegression,IQR Capping,3,0.03125,0.015625,0.09682655334472656,0.0017671585083007812,35.0,0.23332123070048147,49,144,58,24,0.7008002170080022,0.34788812150185666,4,20,3,4,0.8097826086956522,0.38676339191429654,
haberman,LogisticRegression,IQR Capping,4,0.03125,0.0,0.09536933898925781,0.0017671585083007812,33.0,0.5695972951536905,25,194,8,48,0.7353519598535195,0.41154464119180306,2,19,4,6,0.5,0.08427009716003844,
haberman,LogisticRegression,IQR Capping,5,0.03125,0.0,0.09485244750976562,0.0017671585083007812,32.0,0.28599982392356205,38,163,39,35,0.6834734843347349,0.3220639632035767,7,19,4,1,0.9402173913043479,0.6411644853180825,
haberman,LogisticRegression,IQR Capping,6,0.03125,0.0,0.09715938568115234,0.0017671585083007812,39.0,0.2953246326580441,39,170,33,33,0.724787903667214,0.37910509031198686,5,16,6,4,0.5909090909090908,0.26831446813549886,
haberman,LogisticRegression,IQR Capping,7,0.03125,0.0,0.09540462493896484,0.0017671585083007812,35.0,0.3220310989570132,37,171,32,36,0.6974829610634996,0.35570599684483245,4,19,3,4,0.8352272727272727,0.380198765217406,
haberman,LogisticRegression,IQR Capping,8,0.03125,0.015625,0.09704875946044922,0.0017671585083007812,37.0,0.2713254543565209,43,166,37,30,0.738173965854646,0.3954492584195617,1,18,4,7,0.40909090909090906,-0.06741998624632421,
haberman,LogisticRegression,IQR Capping,9,0.03125,0.0,0.09741878509521484,0.0017671585083007812,41.0,0.29957320270805143,38,169,34,35,0.693940211890141,0.35463121041225587,5,17,5,3,0.8863636363636364,0.3731012536223182,
haberman,LogisticRegression,IQR Capping,10,0.015625,0.0,0.09671497344970703,0.0017671585083007812,35.0,0.321011278581134,38,172,31,35,0.7170524326877658,0.3746769833432235,3,16,6,5,0.6022727272727273,0.09869275424396536,
haberman,LogisticRegression,Quantile Capping,1,0.03125,0.0,0.09617996215820312,0.0017728805541992188,36.0,0.24257336894923368,49,146,56,24,0.6797775667977756,0.35811285206183247,7,17,6,1,0.8695652173913044,0.5445798942682095,
haberman,LogisticRegression,Quantile Capping,2,0.03125,0.0,0.09530067443847656,0.0017728805541992188,31.0,0.24299201516055235,48,150,52,25,0.7064288620642887,0.367278809906153,5,18,5,3,0.6630434782608695,0.38154230979209985,
haberman,LogisticRegression,Quantile Capping,3,0.03125,0.015625,0.09597206115722656,0.0017728805541992188,33.0,0.2812695584293059,35,171,31,38,0.6949003119490031,0.33704811026916365,3,22,1,5,0.7880434782608696,0.4327220698023639,
haberman,LogisticRegression,Quantile Capping,4,0.03125,0.0,0.09613609313964844,0.0017728805541992188,36.0,0.2330475969325148,53,148,54,20,0.7245693747456937,0.415451139448898,4,14,9,4,0.4782608695652174,0.09638582199437337,
haberman,LogisticRegression,Quantile Capping,5,0.03125,0.0,0.09635639190673828,0.0017728805541992188,33.0,0.26374637408173907,36,166,36,37,0.6768276142682761,0.31633032614199663,7,19,4,1,0.9347826086956522,0.6411644853180825,
haberman,LogisticRegression,Quantile Capping,6,0.015625,0.0,0.09574699401855469,0.0017728805541992188,28.0,0.28427651220948413,34,176,27,38,0.7111726874657909,0.35893883680284444,3,18,4,6,0.5808080808080808,0.16448792373994225,
haberman,LogisticRegression,Quantile Capping,7,0.03125,0.0,0.0959482192993164,0.0017728805541992188,30.0,0.2571695230260932,40,165,38,33,0.6936365476752817,0.3533780817544411,4,19,3,4,0.7954545454545454,0.380198765217406,
haberman,LogisticRegression,Quantile Capping,8,0.03125,0.015625,0.09583187103271484,0.0017728805541992188,35.0,0.29769445109044995,36,175,28,37,0.7269721303731695,0.3712346575789778,1,20,2,7,0.40909090909090906,0.0502518907629606,
haberman,LogisticRegression,Quantile Capping,9,0.015625,0.0,0.0962839126586914,0.0017728805541992188,34.0,0.2610708982735161,39,167,36,34,0.6906336459950064,0.3538632464930157,5,17,5,3,0.8352272727272727,0.3731012536223182,
haberman,LogisticRegression,Quantile Capping,10,0.03125,0.0,0.09525012969970703,0.0017728805541992188,25.0,0.2268101168886733,52,149,54,21,0.7114515149470273,0.40474113780835,6,12,10,2,0.5909090909090908,0.2618924633082486,
haberman,LogisticRegression,IQR Removal,1,0.03125,0.0,0.10665607452392578,0.0018453598022460938,33.0,0.2146463662942625,51,135,67,22,0.6890682218906822,0.3273780739397116,6,17,6,2,0.8478260869565217,0.4394061938612852,
haberman,LogisticRegression,IQR Removal,2,0.015625,0.0,0.10760498046875,0.0018453598022460938,35.0,0.23942711488830443,47,153,49,26,0.7147022921470231,0.3717083545816318,4,16,7,4,0.6684782608695652,0.17892962380969743,
haberman,LogisticRegression,IQR Removal,3,0.03125,0.015625,0.10633563995361328,0.0018453598022460938,37.0,0.23174280537780162,49,144,58,24,0.7003933270039333,0.34788812150185666,4,20,3,4,0.7934782608695653,0.38676339191429654,
haberman,LogisticRegression,IQR Removal,4,0.03125,0.0,0.10742759704589844,0.0018453598022460938,37.0,0.29226162709483505,42,167,35,31,0.7326393598263936,0.3954270527715896,3,17,6,5,0.4891304347826087,0.110021557355838,
haberman,LogisticRegression,IQR Removal,5,0.03125,0.0,0.10806751251220703,0.0018453598022460938,40.0,0.29160107625384835,39,161,41,34,0.6781839142818391,0.32208103570592356,7,19,4,1,0.9347826086956521,0.6411644853180825,
haberman,LogisticRegression,IQR Removal,6,0.03125,0.0,0.10809993743896484,0.0018453598022460938,43.0,0.2874689148189816,39,170,33,33,0.7207512315270936,0.37910509031198686,5,16,6,4,0.601010101010101,0.26831446813549886,
haberman,LogisticRegression,IQR Removal,7,0.015625,0.0,0.10802364349365234,0.0018453598022460938,40.0,0.2711901866313393,42,159,44,31,0.6945137998515419,0.3414963568936639,4,18,4,4,0.7954545454545454,0.3181818181818182,
haberman,LogisticRegression,IQR Removal,8,0.03125,0.015625,0.10703754425048828,0.0018453598022460938,32.0,0.2894755473076465,44,167,36,29,0.7389837370942709,0.4135554288448767,1,19,3,7,0.42613636363636365,-0.014782809899727065,
haberman,LogisticRegression,IQR Removal,9,0.03125,0.0,0.10599327087402344,0.0018453598022460938,31.0,0.30006702093338333,38,169,34,35,0.6926580740940687,0.35463121041225587,5,17,5,3,0.8579545454545454,0.3731012536223182,
haberman,LogisticRegression,IQR Removal,10,0.03125,0.0,0.10836410522460938,0.0018453598022460938,43.0,0.23562512704500008,47,156,47,26,0.7123287671232876,0.3837356432132008,5,14,8,3,0.6363636363636364,0.23324125036551555,
haberman,LogisticRegression,Quantile Removal,1,0.03125,0.015625,0.10940742492675781,0.0018510818481445312,33.0,0.23674365527012284,47,147,55,26,0.6878475518784756,0.3396573744648772,6,20,3,2,0.8532608695652174,0.5972598827888349,
haberman,LogisticRegression,Quantile Removal,2,0.015625,0.0,0.11112117767333984,0.0018510818481445312,41.0,0.22660542868413802,51,143,59,22,0.7113793571137935,0.36644918316575636,4,16,7,4,0.6684782608695652,0.17892962380969743,
haberman,LogisticRegression,Quantile Removal,3,0.03125,0.0,0.10997295379638672,0.0018510818481445312,36.0,0.2485259901628581,42,159,43,31,0.6987657669876577,0.34635728879509853,4,20,3,4,0.7608695652173912,0.38676339191429654,
haberman,LogisticRegression,Quantile Removal,4,0.03125,0.0,0.1090536117553711,0.0018510818481445312,31.0,0.20963626434070864,56,139,63,17,0.7320968398209684,0.4057361954313375,3,13,10,5,0.4782608695652174,-0.05301220209690535,
haberman,LogisticRegression,Quantile Removal,5,0.03125,0.0,0.10782909393310547,0.0018510818481445312,31.0,0.22773666372006993,45,145,57,28,0.678590804285908,0.3055614525894104,8,19,4,0,0.9402173913043478,0.7421082385212817,
haberman,LogisticRegression,Quantile Removal,6,0.03125,0.0,0.11005115509033203,0.0018510818481445312,39.0,0.2742319023304868,36,173,30,36,0.7172619047619048,0.36255939228975465,3,17,5,6,0.5757575757575757,0.110021557355838,
haberman,LogisticRegression,Quantile Removal,7,0.03125,0.0,0.1096649169921875,0.0018510818481445312,34.0,0.2688216480655403,36,170,33,37,0.6944463189149065,0.3367350103464414,4,19,3,4,0.8068181818181819,0.380198765217406,
haberman,LogisticRegression,Quantile Removal,8,0.03125,0.0,0.10880851745605469,0.0018510818481445312,30.0,0.23832319297363946,47,156,47,26,0.7362844996288548,0.3837356432132008,2,17,5,6,0.41477272727272724,0.023762422826087874,
haberman,LogisticRegression,Quantile Removal,9,0.03125,0.0,0.10859298706054688,0.0018510818481445312,35.0,0.2604144422218917,38,169,34,35,0.6899588366286524,0.35463121041225587,5,17,5,3,0.8522727272727273,0.3731012536223182,
haberman,LogisticRegression,Quantile Removal,10,0.03125,0.0,0.10916805267333984,0.0018510818481445312,30.0,0.27105278634619,39,173,30,34,0.7136109049193603,0.3936479698416146,3,16,6,5,0.5965909090909091,0.09869275424396536,
haberman,LogisticRegression,Yeo-Johnson,1,0.03125,0.0,0.08224105834960938,0.0019245147705078125,5.0,0.3333830643073461,44,155,47,29,0.6993082869930828,0.34728596418213115,5,20,3,3,0.8369565217391305,0.4945652173913043,
haberman,LogisticRegression,Yeo-Johnson,2,0.03125,0.0,0.08233833312988281,0.0019245147705078125,5.0,0.4441116033258671,32,184,18,41,0.7250101722501017,0.3998470102411375,2,20,3,6,0.6358695652173914,0.14224666503076472,
haberman,LogisticRegression,Yeo-Johnson,3,0.03125,0.0,0.08250045776367188,0.0019245147705078125,6.0,0.42568415007367716,32,181,21,41,0.7085989420859895,0.37435485143619734,2,22,1,6,0.8043478260869565,0.30565748974169876,
haberman,LogisticRegression,Yeo-Johnson,4,0.03125,0.0,0.08245658874511719,0.0019245147705078125,6.0,0.3567080097886677,45,162,40,28,0.7341312898413129,0.3998174877204412,3,16,7,5,0.5434782608695653,0.06613400036396397,
haberman,LogisticRegression,Yeo-Johnson,5,0.03125,0.0,0.0824737548828125,0.0019245147705078125,5.0,0.3549973202881769,40,162,40,33,0.6868642343686424,0.3402125167333809,8,19,4,0,0.9402173913043479,0.7421082385212817,
haberman,LogisticRegression,Yeo-Johnson,6,0.03125,0.015625,0.08258819580078125,0.0019245147705078125,6.0,0.4105296806644236,36,178,25,36,0.7355295566502463,0.3987565778761733,3,16,6,6,0.5757575757575757,0.06060606060606061,
haberman,LogisticRegression,Yeo-Johnson,7,0.03125,0.0,0.0825510025024414,0.0019245147705078125,5.0,0.33965381381622173,44,158,45,29,0.6982927323031243,0.35957751947051125,5,18,4,3,0.8352272727272727,0.42766860172384985,
haberman,LogisticRegression,Yeo-Johnson,8,0.03125,0.0,0.08266544342041016,0.0019245147705078125,6.0,0.34278738483759985,47,159,44,26,0.7499156488292059,0.40069976367629234,2,19,3,6,0.4090909090909091,0.13483997249264842,
haberman,LogisticRegression,Yeo-Johnson,9,0.03125,0.0,0.08250713348388672,0.0019245147705078125,5.0,0.4120243176962351,32,179,24,41,0.7012956339833997,0.35109923033573825,5,19,3,3,0.8522727272727273,0.48863636363636365,
haberman,LogisticRegression,Yeo-Johnson,10,0.03125,0.0,0.08275318145751953,0.0019245147705078125,6.0,0.3548593578552367,43,163,40,30,0.7156353330184223,0.37702854038772754,5,14,8,3,0.6818181818181818,0.23324125036551555,
haberman,LogisticRegression,Quantile Transform,1,0.015625,0.015625,0.09226703643798828,0.010089874267578125,10.0,0.3344819243562904,48,145,57,25,0.6930693069306931,0.341162587979732,6,16,7,2,0.8369565217391305,0.39518187017693085,
haberman,LogisticRegression,Quantile Transform,2,0.015625,0.0,0.09226799011230469,0.010089874267578125,10.0,0.3766782597435008,38,171,31,35,0.7155838871558389,0.3738890590339042,4,20,3,4,0.6467391304347826,0.38676339191429654,
haberman,LogisticRegression,Quantile Transform,3,0.015625,0.0,0.09247207641601562,0.010089874267578125,10.0,0.323718570609315,52,144,58,21,0.7050725620507255,0.3832587787238186,5,21,2,3,0.8152173913043479,0.5630819970516965,
haberman,LogisticRegression,Quantile Transform,4,0.015625,0.015625,0.09275341033935547,0.010089874267578125,10.0,0.3897789904823646,38,176,26,35,0.7255187847551878,0.40945785602851115,3,17,6,5,0.5652173913043479,0.110021557355838,
haberman,LogisticRegression,Quantile Transform,5,0.03125,0.015625,0.09307193756103516,0.010089874267578125,10.0,0.33868456634105376,47,150,52,26,0.6897802793978028,0.35547691206833437,8,17,6,0,0.9130434782608696,0.6498924899144511,
haberman,LogisticRegression,Quantile Transform,6,0.015625,0.0,0.09232616424560547,0.010089874267578125,10.0,0.3686794868471284,46,161,42,26,0.7297824302134648,0.40712537447715025,4,13,9,5,0.4898989898989899,0.03252052261138687,
haberman,LogisticRegression,Quantile Transform,7,0.015625,0.0,0.0930490493774414,0.010120391845703125,10.0,0.33631052437548264,50,153,50,23,0.6998447938457386,0.4024830299108663,5,17,5,3,0.8238636363636364,0.3731012536223182,
haberman,LogisticRegression,Quantile Transform,8,0.015625,0.0,0.09305095672607422,0.010120391845703125,10.0,0.4032092371122468,35,180,23,38,0.7449220595181861,0.39639493522255514,0,17,5,8,0.3806818181818182,-0.26967994498529685,
haberman,LogisticRegression,Quantile Transform,9,0.03125,0.0,0.09237003326416016,0.010120391845703125,10.0,0.37809648654936195,35,180,23,38,0.6987988393278898,0.39639493522255514,6,16,6,2,0.8125,0.43082021842766455,
haberman,LogisticRegression,Quantile Transform,10,0.015625,0.0,0.0924224853515625,0.010120391845703125,10.0,0.37225942516269994,39,167,36,34,0.7013968553883527,0.3538632464930157,4,18,4,4,0.7670454545454545,0.3181818181818182,
haberman,LogisticRegression,Min-Max Scaler,1,0.015625,0.0,0.08335494995117188,0.0018415451049804688,12.0,0.3073931348914065,24,187,15,49,0.6694696866946968,0.3221462977704115,4,22,1,4,0.8804347826086957,0.5431236301174653,
haberman,LogisticRegression,Min-Max Scaler,2,0.015625,0.0,0.08311653137207031,0.0018415451049804688,12.0,0.2826309552297952,33,177,25,40,0.6943577919435778,0.355348187126435,3,20,3,5,0.6739130434782609,0.2708681694429807,
haberman,LogisticRegression,Min-Max Scaler,3,0.015625,0.0,0.08311653137207031,0.0018415451049804688,12.0,0.27155257897230844,39,164,38,34,0.6902888919028889,0.34040473559557993,3,22,1,5,0.7554347826086957,0.4327220698023639,
haberman,LogisticRegression,Min-Max Scaler,4,0.0,0.0,0.08320045471191406,0.0018415451049804688,12.0,0.3040366583582355,29,187,15,44,0.7190085446900855,0.3890551231317581,2,17,6,6,0.4782608695652174,-0.010869565217391304,
haberman,LogisticRegression,Min-Max Scaler,5,0.015625,0.0,0.08317756652832031,0.0018415451049804688,11.0,0.2775992794752748,32,173,29,41,0.6740471992404721,0.313314663767041,7,20,3,1,0.9293478260869565,0.6969506192202357,
haberman,LogisticRegression,Min-Max Scaler,6,0.015625,0.0,0.08333587646484375,0.0018415451049804688,12.0,0.2626054503197953,44,159,44,28,0.7055623973727422,0.3716614916829734,3,15,7,6,0.5656565656565656,0.014712247158412493,
haberman,LogisticRegression,Min-Max Scaler,7,0.015625,0.0,0.0842599868774414,0.0018415451049804688,16.0,0.27328242760362015,35,169,34,38,0.6907348673999595,0.3177640238480503,4,20,2,4,0.7670454545454546,0.45226701686664544,
haberman,LogisticRegression,Min-Max Scaler,8,0.015625,0.0,0.08314990997314453,0.0018415451049804688,12.0,0.3073328829612879,30,183,20,43,0.7179971658006613,0.3577933959826508,1,20,2,7,0.4204545454545454,0.0502518907629606,
haberman,LogisticRegression,Min-Max Scaler,9,0.0,0.0,0.0832815170288086,0.0018415451049804688,12.0,0.2746738343353239,33,175,28,40,0.6877319657196841,0.33390743453258853,5,18,4,3,0.8068181818181818,0.42766860172384985,
haberman,LogisticRegression,Min-Max Scaler,10,0.015625,0.0,0.08345317840576172,0.0018415451049804688,12.0,0.2571099474728726,49,155,48,24,0.7078075443687158,0.4016671360533928,5,13,9,3,0.5852272727272727,0.1913829539560278,
haberman,LogisticRegression,Standard Scaler,1,0.0,0.0,0.08161735534667969,0.001728057861328125,4.0,0.2462403768635864,49,144,58,24,0.6778787467787875,0.34788812150185666,7,17,6,1,0.875,0.5445798942682095,
haberman,LogisticRegression,Standard Scaler,2,0.0,0.0,0.08179473876953125,0.001728057861328125,5.0,0.29929781307122816,33,177,25,40,0.70344500203445,0.355348187126435,3,20,3,5,0.6630434782608695,0.2708681694429807,
haberman,LogisticRegression,Standard Scaler,3,0.0,0.0,0.0816802978515625,0.001728057861328125,4.0,0.33194962979076426,28,183,19,45,0.6923233419232335,0.3396039144884743,1,22,1,7,0.7880434782608696,0.14520057987419369,
haberman,LogisticRegression,Standard Scaler,4,0.015625,0.0,0.08172416687011719,0.001728057861328125,4.0,0.2481213275567832,50,156,46,23,0.7242302997423029,0.4235351912437657,3,15,8,5,0.47282608695652173,0.024851336640235755,
haberman,LogisticRegression,Standard Scaler,5,0.015625,0.015625,0.08176803588867188,0.001728057861328125,4.0,0.28259679226001555,32,173,29,41,0.6765563542655636,0.313314663767041,7,20,3,1,0.9347826086956522,0.6969506192202357,
haberman,LogisticRegression,Standard Scaler,6,0.015625,0.0,0.08179473876953125,0.001728057861328125,5.0,0.29364369732132284,33,178,25,39,0.7092569786535304,0.3612013032139451,2,20,2,7,0.5858585858585859,0.17779882030348063,
haberman,LogisticRegression,Standard Scaler,7,0.0,0.0,0.08184528350830078,0.001728057861328125,4.0,0.2812790445495717,36,172,31,37,0.6941089142317295,0.35022018826190215,4,20,2,4,0.7954545454545454,0.45226701686664544,
haberman,LogisticRegression,Standard Scaler,8,0.015625,0.0,0.08200359344482422,0.001728057861328125,5.0,0.3035334936475089,34,179,24,39,0.7248802213374722,0.3762318312562033,1,20,2,7,0.4204545454545454,0.0502518907629606,
haberman,LogisticRegression,Standard Scaler,9,0.015625,0.0,0.0818014144897461,0.001728057861328125,4.0,0.28732806411599815,32,177,26,41,0.6892840272622984,0.33590562332349955,5,18,4,3,0.8238636363636362,0.42766860172384985,
haberman,LogisticRegression,Standard Scaler,10,0.0,0.0,0.0818014144897461,0.001728057861328125,4.0,0.23524094482572286,50,153,50,23,0.7107767055806734,0.4024830299108663,6,12,10,2,0.5852272727272727,0.2618924633082486,
haberman,LogisticRegression,Robust Scaler,1,0.015625,0.0,0.08337211608886719,0.0017080307006835938,8.0,0.25425377811539407,46,152,50,27,0.6793028617930287,0.35443274236092054,7,20,3,1,0.875,0.6969506192202357,
haberman,LogisticRegression,Robust Scaler,2,0.015625,0.0,0.08306217193603516,0.0017080307006835938,7.0,0.24652612130229173,48,148,54,25,0.704326597043266,0.35670533540261057,5,18,5,3,0.6630434782608695,0.38154230979209985,
haberman,LogisticRegression,Robust Scaler,3,0.015625,0.015625,0.08275222778320312,0.0017080307006835938,7.0,0.33316669977772434,28,183,19,45,0.6933405669334056,0.3396039144884743,1,22,1,7,0.7880434782608696,0.14520057987419369,
haberman,LogisticRegression,Robust Scaler,4,0.015625,0.0,0.08310127258300781,0.0017080307006835938,7.0,0.2460757057826688,50,156,46,23,0.7249762647497626,0.4235351912437657,3,15,8,5,0.46739130434782605,0.024851336640235755,
haberman,LogisticRegression,Robust Scaler,5,0.0,0.015625,0.08300304412841797,0.0017080307006835938,8.0,0.2801233898409824,33,171,31,40,0.6774379492743794,0.31201850815049054,7,20,3,1,0.9347826086956522,0.6969506192202357,
haberman,LogisticRegression,Robust Scaler,6,0.0,0.0,0.08355903625488281,0.0017080307006835938,11.0,0.2603279384641066,41,164,39,31,0.7098043240284619,0.3652321084446021,3,15,7,6,0.5757575757575757,0.014712247158412493,
haberman,LogisticRegression,Robust Scaler,7,0.015625,0.0,0.08290481567382812,0.0017080307006835938,8.0,0.2812447791997827,36,172,31,37,0.6937040286119173,0.35022018826190215,4,19,3,4,0.7954545454545454,0.380198765217406,
haberman,LogisticRegression,Robust Scaler,8,0.015625,0.0,0.08307647705078125,0.0017080307006835938,8.0,0.30474359196036227,34,179,24,39,0.7257574735137324,0.3762318312562033,1,20,2,7,0.41477272727272724,0.0502518907629606,
haberman,LogisticRegression,Robust Scaler,9,0.015625,0.0,0.08322715759277344,0.0017080307006835938,7.0,0.2878889872237935,32,177,26,41,0.6897563938187461,0.33590562332349955,5,18,4,3,0.8295454545454545,0.42766860172384985,
haberman,LogisticRegression,Robust Scaler,10,0.015625,0.0,0.08314132690429688,0.0017080307006835938,7.0,0.25193690122113105,43,166,37,30,0.7113165530737566,0.3954492584195617,4,13,9,4,0.5795454545454546,0.08112739143148366,
haberman,LogisticRegression,Uniform Binning,1,0.015625,0.0,0.08324813842773438,0.00193023681640625,11.0,0.3340234821960001,20,189,13,53,0.6164044486640444,0.2848375472288095,4,23,0,4,0.7771739130434782,0.6526300069150407,
haberman,LogisticRegression,Uniform Binning,2,0.015625,0.0,0.08335494995117188,0.00193023681640625,11.0,0.36790403219132706,20,192,10,53,0.6284416112844161,0.3179414931267768,2,21,2,6,0.6576086956521738,0.21281413268968716,
haberman,LogisticRegression,Uniform Binning,3,0.015625,0.0,0.08253860473632812,0.00193023681640625,10.0,0.34325636097593065,22,188,14,51,0.6570934490709346,0.3038034417101489,1,23,0,7,0.5163043478260869,0.30956959368344517,
haberman,LogisticRegression,Uniform Binning,4,0.015625,0.0,0.08310890197753906,0.00193023681640625,10.0,0.3748447443929578,21,192,10,52,0.642411501424115,0.3325382694533535,2,20,3,6,0.5217391304347826,0.14224666503076472,
haberman,LogisticRegression,Uniform Binning,5,0.015625,0.0,0.08283615112304688,0.00193023681640625,8.0,0.3191921783164718,21,188,14,52,0.6210836837108368,0.28932043798712725,5,20,3,3,0.8614130434782608,0.4945652173913043,
haberman,LogisticRegression,Uniform Binning,6,0.015625,0.0,0.08339881896972656,0.00193023681640625,11.0,0.3622888423771367,22,192,11,50,0.6568486590038314,0.34006366562421725,0,21,1,9,0.4166666666666667,-0.11677484162422845,
haberman,LogisticRegression,Uniform Binning,7,0.015625,0.0,0.08343219757080078,0.00193023681640625,11.0,0.38181232964879275,20,190,13,53,0.63732370605304,0.2853845483880809,3,21,1,5,0.7045454545454545,0.4287014870920849,
haberman,LogisticRegression,Uniform Binning,8,0.015625,0.0,0.08331775665283203,0.00193023681640625,10.0,0.37066893951538843,20,194,9,53,0.6485255415345165,0.3302973006950497,0,21,1,8,0.5,-0.11197850219117086,
haberman,LogisticRegression,Uniform Binning,9,0.015625,0.0,0.08318614959716797,0.00193023681640625,10.0,0.3692805254084652,19,192,11,54,0.6242998852824078,0.29203264555597286,1,21,1,7,0.7954545454545454,0.14101901870444156,
haberman,LogisticRegression,Uniform Binning,10,0.0,0.0,0.08354663848876953,0.00193023681640625,12.0,0.3843124046109618,23,192,11,50,0.6401241649234091,0.35011059954588036,0,20,2,8,0.40056818181818177,-0.16116459280507606,
haberman,LogisticRegression,Quantile Binning,1,0.015625,0.0,0.08321380615234375,0.0019321441650390625,11.0,0.3232258148428674,38,167,35,35,0.6739454767394547,0.34728061847280617,5,20,3,3,0.8260869565217391,0.4945652173913043,
haberman,LogisticRegression,Quantile Binning,2,0.015625,0.0,0.08374977111816406,0.0019321441650390625,13.0,0.26589374638697655,50,145,57,23,0.7045639495456395,0.36477887598861697,4,15,8,4,0.6114130434782609,0.13670414920128873,
haberman,LogisticRegression,Quantile Binning,3,0.0,0.0,0.08339309692382812,0.0019321441650390625,11.0,0.2707567534317073,46,148,54,27,0.691204394412044,0.33304095474540996,5,20,3,3,0.7336956521739132,0.4945652173913043,
haberman,LogisticRegression,Quantile Binning,4,0.015625,0.0,0.08370780944824219,0.0019321441650390625,13.0,0.2747141640830916,50,146,56,23,0.7211108097111081,0.3699010568887509,3,16,7,5,0.4701086956521739,0.06613400036396397,
haberman,LogisticRegression,Quantile Binning,5,0.015625,0.0,0.08343124389648438,0.0019321441650390625,11.0,0.28502500604503783,44,147,55,29,0.6646887291468873,0.30400824719357555,8,18,5,0,0.9402173913043478,0.6939779183594883,
haberman,LogisticRegression,Quantile Binning,6,0.015625,0.0,0.08299446105957031,0.0019321441650390625,11.0,0.3445640965006884,37,173,30,35,0.7208880678708265,0.3749312285872685,2,17,5,7,0.45202020202020204,-0.005482930791331409,
haberman,LogisticRegression,Quantile Binning,7,0.015625,0.0,0.08339786529541016,0.0019321441650390625,10.0,0.2901892190645611,45,151,52,28,0.6755853971253121,0.3328419741407829,6,18,4,2,0.8607954545454545,0.533001790889026,
haberman,LogisticRegression,Quantile Binning,8,0.015625,0.0,0.08388233184814453,0.0019321441650390625,12.0,0.2714308268106773,47,154,49,26,0.7207638842027128,0.3726973602152919,3,17,5,5,0.4744318181818181,0.14772727272727273,
haberman,LogisticRegression,Quantile Binning,9,0.015625,0.0,0.0834188461303711,0.0019321441650390625,11.0,0.32652384485496727,37,167,36,36,0.685268911532492,0.32950941359066066,5,16,6,3,0.8210227272727273,0.3232676249994279,
haberman,LogisticRegression,Quantile Binning,10,0.015625,0.0,0.08371257781982422,0.0019321441650390625,12.0,0.33075056882389586,40,171,32,33,0.7003171604021864,0.3920464298594205,3,16,6,5,0.5397727272727273,0.09869275424396536,
haberman,LogisticRegression,Random Undersampling,1,0.015625,0.0,0.08599281311035156,0.0030755996704101562,32.0,0.4536147876318643,46,146,56,27,0.6893394818933949,0.3226094135271438,6,21,2,2,0.8369565217391304,0.6630434782608695,
haberman,LogisticRegression,Random Undersampling,2,0.015625,0.0,0.0848846435546875,0.0030755996704101562,27.0,0.5053214831585144,41,163,39,32,0.7053438220534383,0.35834399776083814,4,18,5,4,0.6521739130434783,0.2724343325001703,
haberman,LogisticRegression,Random Undersampling,3,0.015625,0.0,0.08196067810058594,0.0030755996704101562,8.0,0.47309902660493247,48,148,54,25,0.6906279669062796,0.35670533540261057,5,22,1,3,0.8097826086956522,0.6440643140088652,
haberman,LogisticRegression,Random Undersampling,4,0.015625,0.0,0.08428573608398438,0.0030755996704101562,31.0,0.4053613219471429,56,137,65,17,0.7306049098060491,0.39616568566452587,3,13,10,5,0.4782608695652174,-0.05301220209690535,
haberman,LogisticRegression,Random Undersampling,5,0.015625,0.0,0.08504295349121094,0.0030755996704101562,28.0,0.5185577135122595,37,165,37,36,0.6748609792486098,0.3222852510064489,7,19,4,1,0.9130434782608696,0.6411644853180825,
haberman,LogisticRegression,Random Undersampling,6,0.015625,0.0,0.08343887329101562,0.0030603408813476562,28.0,0.5331998453436783,37,174,29,35,0.7152777777777778,0.3819268811941219,3,17,5,6,0.5808080808080808,0.110021557355838,
haberman,LogisticRegression,Random Undersampling,7,0.015625,0.0,0.0847482681274414,0.0030755996704101562,35.0,0.5166876520155026,37,171,32,36,0.6948512045347188,0.35570599684483245,4,19,3,4,0.8068181818181819,0.380198765217406,
haberman,LogisticRegression,Random Undersampling,8,0.015625,0.0,0.08608055114746094,0.0030755996704101562,34.0,0.5370352359766478,39,173,30,34,0.7352722855793239,0.3936479698416146,1,19,3,7,0.4147727272727273,-0.014782809899727065,
haberman,LogisticRegression,Random Undersampling,9,0.015625,0.015625,0.08521270751953125,0.0030755996704101562,36.0,0.4594407871080223,49,150,53,24,0.6892840272622984,0.37478011204681894,6,15,7,2,0.8238636363636364,0.3853551092995474,
haberman,LogisticRegression,Random Undersampling,10,0.015625,0.0,0.08587455749511719,0.0030755996704101562,33.0,0.5193585748569366,38,172,31,35,0.7105742627707673,0.3746769833432235,3,16,6,5,0.6306818181818182,0.09869275424396536,
haberman,LogisticRegression,SMOTE / SMOTENC,1,0.015625,0.015625,0.1184225082397461,0.005074501037597656,23.0,0.6036378125482712,24,187,15,49,0.6694018716940187,0.3221462977704115,4,22,1,4,0.8749999999999999,0.5431236301174653,
haberman,LogisticRegression,SMOTE / SMOTENC,2,0.015625,0.0,0.11554813385009766,0.005074501037597656,8.0,0.46177168978101363,52,141,61,21,0.7021565170215652,0.36829286827333235,5,17,6,3,0.6630434782608695,0.3330079109791591,
haberman,LogisticRegression,SMOTE / SMOTENC,3,0.015625,0.0,0.11809062957763672,0.005074501037597656,26.0,0.5866060254265161,28,183,19,45,0.693069306930693,0.3396039144884743,1,22,1,7,0.7880434782608696,0.14520057987419369,
haberman,LogisticRegression,SMOTE / SMOTENC,4,0.03125,0.0,0.11931705474853516,0.005074501037597656,31.0,0.4631343605552459,51,151,51,22,0.7250440797504408,0.4078492182158107,3,14,9,5,0.46195652173913043,-0.014646873128709506,
haberman,LogisticRegression,SMOTE / SMOTENC,5,0.015625,0.0,0.11599254608154297,0.005074501037597656,10.0,0.46476738454279765,50,139,63,23,0.6709277092092771,0.3348172315933897,8,16,7,0,0.9510869565217391,0.6091095901015048,
haberman,LogisticRegression,SMOTE / SMOTENC,6,0.03125,0.015625,0.11981678009033203,0.005043983459472656,33.0,0.6465232313521727,27,188,15,45,0.701115216201423,0.36798871091603014,0,21,1,9,0.5454545454545454,-0.11677484162422845,
haberman,LogisticRegression,SMOTE / SMOTENC,7,0.03125,0.0,0.1192789077758789,0.005074501037597656,28.0,0.4738223531766433,46,152,51,27,0.6897901342870639,0.3500482646189354,6,17,5,2,0.8181818181818181,0.47968744354753823,
haberman,LogisticRegression,SMOTE / SMOTENC,8,0.015625,0.0,0.11923503875732422,0.005074501037597656,28.0,0.5491356766696153,35,177,26,38,0.7267696875632634,0.3735029026017591,1,20,2,7,0.4261363636363636,0.0502518907629606,
haberman,LogisticRegression,SMOTE / SMOTENC,9,0.03125,0.0,0.11802387237548828,0.005074501037597656,27.0,0.47648673922964513,49,150,53,24,0.6857750185572575,0.37478011204681894,5,15,7,3,0.8181818181818181,0.27695585470349865,
haberman,LogisticRegression,SMOTE / SMOTENC,10,0.015625,0.0,0.11752986907958984,0.005074501037597656,20.0,0.5190689442879911,40,165,38,33,0.6908698292732303,0.3533780817544411,3,13,9,5,0.5113636363636364,-0.03077287274483318,
haberman,KNN,Baseline,1,0.015625,0.015625,0.04941082000732422,0.01366424560546875,,0.4,58,156,46,15,0.856232198562322,0.5161198081631545,3,12,11,5,0.5842391304347827,-0.09079380373804832,
haberman,KNN,Baseline,2,0.015625,0.0,0.049721717834472656,0.01366424560546875,,0.3759999999999991,56,153,49,17,0.8450088159500881,0.47676470063653603,4,16,7,4,0.595108695652174,0.17892962380969743,
haberman,KNN,Baseline,3,0.0,0.0,0.049765586853027344,0.01366424560546875,,0.2279999999999973,60,155,47,13,0.8530788010307879,0.5336864208562204,4,14,9,4,0.5054347826086956,0.09638582199437337,
haberman,KNN,Baseline,4,0.0,0.0,0.04980945587158203,0.01366424560546875,,0.32400000000000095,55,155,47,18,0.8470432659704327,0.4760410619667443,2,13,10,6,0.4836956521739131,-0.16599789545870774,
haberman,KNN,Baseline,5,0.0,0.0,0.049674034118652344,0.01366424560546875,,0.4,59,149,53,14,0.8426013834260138,0.4905711442108194,6,18,5,2,0.8641304347826088,0.4870861981486208,
haberman,KNN,Baseline,6,0.0,0.015625,0.049765586853027344,0.01366424560546875,,0.4,52,163,40,20,0.8474616858237548,0.48932932161367865,5,13,9,4,0.6287878787878788,0.13359091493217232,
haberman,KNN,Baseline,7,0.015625,0.0,0.04981422424316406,0.013702392578125,,0.4,57,154,49,16,0.8468520143059586,0.48918969695191267,5,15,7,3,0.7642045454545454,0.27695585470349865,
haberman,KNN,Baseline,8,0.0,0.0,0.04985809326171875,0.013702392578125,,0.4,61,155,48,12,0.8646332411093866,0.5406088144219129,2,18,4,6,0.5056818181818182,0.07537783614444091,
haberman,KNN,Baseline,9,0.0,0.0,0.04981422424316406,0.013702392578125,,0.4,58,152,51,15,0.8443889601187664,0.4901950180100034,6,16,6,2,0.7840909090909091,0.43082021842766455,
haberman,KNN,Baseline,10,0.015625,0.0,0.04990196228027344,0.013702392578125,,0.4,57,153,50,16,0.8539375126526756,0.483877382974609,4,15,7,4,0.5994318181818182,0.16684780645131764,
haberman,KNN,IQR Capping,1,0.015625,0.015625,0.06966781616210938,0.013775825500488281,,0.2279999999999973,57,152,50,16,0.8339549708395497,0.4830141573959394,5,12,11,3,0.6603260869565217,0.12848405416203615,
haberman,KNN,IQR Capping,2,0.03125,0.015625,0.06928062438964844,0.013775825500488281,,0.4,57,148,54,16,0.8293096432930964,0.4621575764371314,3,16,7,5,0.6902173913043479,0.06613400036396397,
haberman,KNN,IQR Capping,3,0.03125,0.0,0.06923294067382812,0.013775825500488281,,0.4,59,153,49,14,0.8347348433473485,0.511459079993327,4,14,9,4,0.5190217391304348,0.09638582199437337,
haberman,KNN,IQR Capping,4,0.015625,0.0,0.06923294067382812,0.013775825500488281,,0.4,55,151,51,18,0.8370405533704055,0.45450084950718617,2,15,8,6,0.4945652173913043,-0.09157015435010396,
haberman,KNN,IQR Capping,5,0.03125,0.015625,0.06928062438964844,0.013775825500488281,,0.4,57,147,55,16,0.8206632307066324,0.45704969691103675,6,16,7,2,0.7771739130434783,0.39518187017693085,
haberman,KNN,IQR Capping,6,0.015625,0.0,0.06928062438964844,0.013775825500488281,,0.3160000000000025,52,164,39,20,0.836035851122058,0.4952742365623046,4,13,9,5,0.595959595959596,0.03252052261138687,
haberman,KNN,IQR Capping,7,0.03125,0.0,0.069366455078125,0.013813972473144531,,0.30000000000000004,57,155,48,16,0.8429718604494231,0.49454965495658176,5,15,7,3,0.6846590909090909,0.27695585470349865,
haberman,KNN,IQR Capping,8,0.015625,0.0,0.069366455078125,0.013813972473144531,,0.4,61,154,49,12,0.8550846885754774,0.5353266268744117,2,18,4,6,0.44886363636363635,0.07537783614444091,
haberman,KNN,IQR Capping,9,0.015625,0.0,0.069366455078125,0.013813972473144531,,0.4,56,152,51,17,0.8334570483838315,0.4670171181468105,6,15,7,2,0.7585227272727273,0.3853551092995474,
haberman,KNN,IQR Capping,10,0.03125,0.0,0.06931877136230469,0.013813972473144531,,0.4,55,154,49,18,0.825190633645995,0.4660547944941706,4,14,8,4,0.6363636363636362,0.12309149097933272,
haberman,KNN,Quantile Capping,1,0.03125,0.015625,0.06918525695800781,0.013781547546386719,,0.4,59,157,45,14,0.8596907635969078,0.5331014960364338,2,12,11,6,0.5407608695652174,-0.20241022618818408,
haberman,KNN,Quantile Capping,2,0.015625,0.0,0.06918525695800781,0.013781547546386719,,0.4,56,152,50,17,0.8422623084226231,0.4714208080308732,4,16,7,4,0.5815217391304348,0.17892962380969743,
haberman,KNN,Quantile Capping,3,0.03125,0.0,0.06918525695800781,0.013781547546386719,,0.2279999999999973,59,154,48,14,0.847212803472128,0.5167956663694601,4,14,9,4,0.5434782608695652,0.09638582199437337,
haberman,KNN,Quantile Capping,4,0.015625,0.0,0.06928062438964844,0.013781547546386719,,0.4,56,155,47,17,0.8487386409873865,0.4875973952147605,2,13,10,6,0.4836956521739131,-0.16599789545870774,
haberman,KNN,Quantile Capping,5,0.015625,0.0,0.0691375732421875,0.013781547546386719,,0.33199999999999935,59,148,54,14,0.8377526108775261,0.4854575966531315,7,18,5,1,0.8967391304347827,0.5907572161912834,
haberman,KNN,Quantile Capping,6,0.03125,0.015625,0.06918525695800781,0.013781547546386719,,0.4,52,162,41,20,0.8447591680350302,0.4834490072446404,5,13,9,4,0.6287878787878788,0.13359091493217232,
haberman,KNN,Quantile Capping,7,0.03125,0.0,0.06931877136230469,0.013819694519042969,,0.4,57,153,50,16,0.8450300290168027,0.483877382974609,5,15,7,3,0.7755681818181819,0.27695585470349865,
haberman,KNN,Quantile Capping,8,0.015625,0.0,0.06931877136230469,0.013819694519042969,,0.4,61,155,48,12,0.8635198056549025,0.5406088144219129,2,18,4,6,0.5056818181818182,0.07537783614444091,
haberman,KNN,Quantile Capping,9,0.03125,0.015625,0.069366455078125,0.013819694519042969,,0.4,58,151,52,15,0.8413860584384911,0.48499157724324965,6,16,6,2,0.7840909090909091,0.43082021842766455,
haberman,KNN,Quantile Capping,10,0.03125,0.0,0.069366455078125,0.013819694519042969,,0.6,33,191,12,40,0.8502598016060463,0.46916444715343947,1,17,5,7,0.625,-0.11306675421666136,
haberman,KNN,IQR Removal,1,0.015625,0.0,0.0804452896118164,0.012739181518554688,,0.32400000000000095,54,154,48,19,0.8294452732944527,0.4589931010290109,4,12,11,4,0.657608695652174,0.019034674690672024,
haberman,KNN,IQR Removal,2,0.015625,0.0,0.08052921295166016,0.012701034545898438,,0.4,53,151,51,20,0.8228333107283331,0.4312113687967586,3,15,8,5,0.6902173913043479,0.024851336640235755,
haberman,KNN,IQR Removal,3,0.015625,0.0,0.0801858901977539,0.012586593627929688,,0.4,56,154,48,17,0.8233419232334191,0.48215643241659617,4,14,9,4,0.5271739130434783,0.09638582199437337,
haberman,KNN,IQR Removal,4,0.015625,0.0,0.08002376556396484,0.012548446655273438,,0.4,53,155,47,20,0.8271056557710565,0.45287344780801075,2,14,9,6,0.48097826086956524,-0.12922695052922592,
haberman,KNN,IQR Removal,5,0.015625,0.015625,0.07992935180664062,0.012548446655273438,,0.4,54,147,55,19,0.8008951580089516,0.421991662739824,6,16,7,2,0.7635869565217391,0.39518187017693085,
haberman,KNN,IQR Removal,6,0.03125,0.0,0.08022785186767578,0.011744499206542969,,0.4,46,163,40,26,0.787595785440613,0.4189899884048617,4,13,9,5,0.6060606060606061,0.03252052261138687,
haberman,KNN,IQR Removal,7,0.015625,0.0,0.0799570083618164,0.011897087097167969,,0.4,56,150,53,17,0.8170254403131115,0.4565858204020638,4,15,7,4,0.6448863636363636,0.16684780645131764,
haberman,KNN,IQR Removal,8,0.015625,0.0,0.0803680419921875,0.012662887573242188,,0.4,57,153,50,16,0.8406437681355017,0.483877382974609,2,18,4,6,0.47159090909090906,0.07537783614444091,
haberman,KNN,IQR Removal,9,0.03125,0.0,0.08013916015625,0.012586593627929688,,0.4,52,151,52,21,0.7979620757136109,0.4151990525541108,6,16,6,2,0.7613636363636362,0.43082021842766455,
haberman,KNN,IQR Removal,10,0.015625,0.0,0.07989025115966797,0.011858940124511719,,0.2,72,91,112,1,0.8009987178622039,0.40660582233501186,7,8,14,1,0.59375,0.23028309323591917,
haberman,KNN,Quantile Removal,1,0.03125,0.0,0.0831003189086914,0.0135498046875,,0.28000000000000114,59,151,51,14,0.8527736335277364,0.5009259476302541,5,12,11,3,0.6711956521739131,0.12848405416203615,
haberman,KNN,Quantile Removal,2,0.03125,0.0,0.08289051055908203,0.01351165771484375,,0.4,54,153,49,19,0.8338193408381933,0.4535689004338801,4,15,8,4,0.6684782608695653,0.13670414920128873,
haberman,KNN,Quantile Removal,3,0.015625,0.0,0.08298587799072266,0.01351165771484375,,0.3759999999999991,57,154,48,16,0.8301912383019123,0.4937149647186365,4,14,9,4,0.5163043478260869,0.09638582199437337,
haberman,KNN,Quantile Removal,4,0.015625,0.0,0.08391571044921875,0.01351165771484375,,0.6,34,190,12,39,0.8515190560151905,0.48077074500902733,2,18,5,6,0.5108695652173914,0.03412618163949675,
haberman,KNN,Quantile Removal,5,0.015625,0.0,0.08293819427490234,0.01351165771484375,,0.28000000000000114,59,151,51,14,0.8414485284144853,0.5009259476302541,6,19,4,2,0.8777173913043479,0.5392464645061678,
haberman,KNN,Quantile Removal,6,0.015625,0.0,0.08295822143554688,0.0135498046875,,0.26400000000000434,50,165,38,22,0.8444170771756979,0.4780531400655039,5,13,9,4,0.6287878787878788,0.13359091493217232,
haberman,KNN,Quantile Removal,7,0.03125,0.0,0.08300590515136719,0.0135498046875,,0.4,56,156,47,17,0.8404750657939132,0.48843330238539057,5,15,7,3,0.7784090909090909,0.27695585470349865,
haberman,KNN,Quantile Removal,8,0.015625,0.0,0.0830526351928711,0.0135498046875,,0.4,59,156,47,14,0.8601457588231325,0.5229691206093376,2,19,3,6,0.45454545454545453,0.13483997249264842,
haberman,KNN,Quantile Removal,9,0.015625,0.0,0.08326244354248047,0.01358795166015625,,0.30000000000000004,57,155,48,16,0.8464808691544639,0.49454965495658176,6,16,6,2,0.7784090909090908,0.43082021842766455,
haberman,KNN,Quantile Removal,10,0.015625,0.0,0.08310127258300781,0.0135498046875,,0.30000000000000004,57,155,48,16,0.8555907956002429,0.49454965495658176,5,15,7,3,0.625,0.27695585470349865,
haberman,KNN,Yeo-Johnson,1,0.03125,0.0,0.06115913391113281,0.013933181762695312,,0.33199999999999935,59,148,54,14,0.8344296758442968,0.4854575966531315,6,17,6,2,0.7527173913043479,0.4394061938612852,
haberman,KNN,Yeo-Johnson,2,0.03125,0.015625,0.061260223388671875,0.013933181762695312,,0.28000000000000114,57,149,53,16,0.8353112708531127,0.4673067565141297,4,16,7,4,0.6793478260869565,0.17892962380969743,
haberman,KNN,Yeo-Johnson,3,0.03125,0.0,0.06121253967285156,0.013933181762695312,,0.4,65,150,52,8,0.8506713685067137,0.5653393398176468,6,15,8,2,0.7853260869565217,0.35361797245345133,
haberman,KNN,Yeo-Johnson,4,0.03125,0.015625,0.06121253967285156,0.013933181762695312,,0.4,61,148,54,12,0.8462294859622949,0.5087424678228168,4,12,11,4,0.5760869565217391,0.019034674690672024,
haberman,KNN,Yeo-Johnson,5,0.03125,0.0,0.06121635437011719,0.013933181762695312,,0.4839999999999975,33,188,14,40,0.8319544283195442,0.448986763497997,1,19,4,7,0.7527173913043478,-0.058191817512585564,
haberman,KNN,Yeo-Johnson,6,0.03125,0.0,0.0611724853515625,0.013933181762695312,,0.4,58,153,50,14,0.8474616858237548,0.5034429376254107,5,14,8,4,0.6161616161616161,0.17653997989038583,
haberman,KNN,Yeo-Johnson,7,0.015625,0.0,0.061310768127441406,0.013971328735351562,,0.25,62,152,51,11,0.8495849922396923,0.5364611501127909,5,13,9,3,0.6392045454545454,0.1913829539560278,
haberman,KNN,Yeo-Johnson,8,0.03125,0.0,0.061310768127441406,0.013971328735351562,,0.4,61,152,51,12,0.8577839260408935,0.5249011299144083,3,18,4,5,0.5539772727272727,0.20198059402174692,
haberman,KNN,Yeo-Johnson,9,0.015625,0.0,0.061310768127441406,0.013971328735351562,,0.35000000000000003,60,144,59,13,0.8387543019097106,0.4731594251885759,6,13,9,2,0.7329545454545454,0.30151134457776363,
haberman,KNN,Yeo-Johnson,10,0.03125,0.0,0.061263084411621094,0.013971328735351562,,0.4,64,149,54,9,0.8668938524866725,0.5444645185204869,3,15,7,5,0.5482954545454546,0.053300179088902604,
haberman,KNN,Quantile Transform,1,0.015625,0.0,0.0885009765625,0.022110939025878906,,0.4,55,154,48,18,0.8272073782720738,0.4705831478243203,5,18,5,3,0.7771739130434783,0.38154230979209985,
haberman,KNN,Quantile Transform,2,0.015625,0.0,0.08873748779296875,0.022110939025878906,,0.4,57,148,54,16,0.8354129933541299,0.4621575764371314,5,14,9,3,0.6983695652173914,0.20548071372295146,
haberman,KNN,Quantile Transform,3,0.0,0.0,0.08873748779296875,0.022110939025878906,,0.4,59,153,49,14,0.8352434558524345,0.511459079993327,6,15,8,2,0.6956521739130436,0.35361797245345133,
haberman,KNN,Quantile Transform,4,0.015625,0.0,0.08869361877441406,0.022110939025878906,,0.4,57,153,49,16,0.8484334734843347,0.48834076655456027,5,13,10,3,0.595108695652174,0.16655340354338022,
haberman,KNN,Quantile Transform,5,0.0,0.0,0.08873748779296875,0.022110939025878906,,0.4,56,146,56,17,0.8251051132510511,0.4402889732611454,7,16,7,1,0.7744565217391304,0.5017552311839513,
haberman,KNN,Quantile Transform,6,0.015625,0.015625,0.08873748779296875,0.022110939025878906,,0.4,54,159,44,18,0.8396278051450465,0.4894929748732432,5,14,8,4,0.6414141414141414,0.17653997989038583,
haberman,KNN,Quantile Transform,7,0.015625,0.0,0.08892059326171875,0.022179603576660156,,0.25,60,150,53,13,0.8366961333423307,0.5030496015556138,6,15,7,2,0.6477272727272727,0.3853551092995474,
haberman,KNN,Quantile Transform,8,0.015625,0.0,0.08887290954589844,0.022179603576660156,,0.4,62,151,52,11,0.8597071327350023,0.5313363072519304,3,17,5,5,0.4914772727272727,0.14772727272727273,
haberman,KNN,Quantile Transform,9,0.015625,0.0,0.08892059326171875,0.022179603576660156,,0.30000000000000004,57,155,48,16,0.8457048383831567,0.49454965495658176,7,13,9,1,0.7585227272727273,0.4129842690630074,
haberman,KNN,Quantile Transform,10,0.015625,0.0,0.08892059326171875,0.022179603576660156,,0.4,58,157,46,15,0.8507659086308118,0.5169105364342303,3,14,8,5,0.5028409090909092,0.010427987903207352,
haberman,KNN,Min-Max Scaler,1,0.0,0.0,0.053145408630371094,0.013850212097167969,,0.4,50,163,39,23,0.8229689407296894,0.46422560110743266,4,15,8,4,0.6847826086956521,0.13670414920128873,
haberman,KNN,Min-Max Scaler,2,0.015625,0.0,0.05304241180419922,0.013850212097167969,,0.27200000000000274,53,156,46,20,0.8370744608707447,0.45841424181785206,4,15,8,4,0.6059782608695652,0.13670414920128873,
haberman,KNN,Min-Max Scaler,3,0.0,0.0,0.053130149841308594,0.013850212097167969,,0.03200000000000216,73,94,108,0,0.8152041231520413,0.43322188201790135,6,9,14,2,0.6657608695652174,0.12922695052922592,
haberman,KNN,Min-Max Scaler,4,0.015625,0.0,0.05299854278564453,0.013850212097167969,,0.27200000000000274,53,156,46,20,0.8357520683575207,0.45841424181785206,2,15,8,6,0.5353260869565217,-0.09157015435010396,
haberman,KNN,Min-Max Scaler,5,0.015625,0.0,0.052910804748535156,0.013850212097167969,,0.2,73,92,110,0,0.8189000406890004,0.4262399126410853,8,11,12,0,0.782608695652174,0.4373835248681493,
haberman,KNN,Min-Max Scaler,6,0.015625,0.015625,0.052910804748535156,0.013850212097167969,,0.0759999999999991,72,102,101,0,0.8265941434044882,0.4572937476992693,7,7,15,2,0.5202020202020202,0.09595959595959595,
haberman,KNN,Min-Max Scaler,7,0.015625,0.0,0.053198814392089844,0.013888359069824219,,0.25,52,164,39,21,0.8396315540859707,0.4880699128109555,3,14,8,5,0.5653409090909092,0.010427987903207352,
haberman,KNN,Min-Max Scaler,8,0.015625,0.0,0.053154945373535156,0.013888359069824219,,0.4,50,163,40,23,0.8254605573925367,0.4590406241961631,3,19,3,5,0.5767045454545454,0.26382242650554316,
haberman,KNN,Min-Max Scaler,9,0.015625,0.015625,0.053198814392089844,0.013888359069824219,,0.4,52,160,43,21,0.8334233079155139,0.46464122525452906,2,16,6,6,0.5056818181818182,-0.022727272727272728,
haberman,KNN,Min-Max Scaler,10,0.015625,0.015625,0.05311107635498047,0.013888359069824219,,0.35000000000000003,55,161,42,18,0.8478642283554896,0.5049048789223077,1,16,6,7,0.5028409090909091,-0.15445574836957118,
haberman,KNN,Standard Scaler,1,0.0,0.0,0.05875396728515625,0.013736724853515625,,0.4,58,152,50,15,0.8452800759528007,0.4945964439786807,6,12,11,2,0.6956521739130435,0.2389310624685482,
haberman,KNN,Standard Scaler,2,0.0,0.0,0.05881309509277344,0.013736724853515625,,0.4,60,147,55,13,0.8482639359826394,0.4920474584372232,4,15,8,4,0.5434782608695652,0.13670414920128873,
haberman,KNN,Standard Scaler,3,0.0,0.0,0.05886077880859375,0.013736724853515625,,0.4,61,146,56,12,0.8304285908042859,0.49871481937631285,5,16,7,3,0.6440217391304348,0.28805517153128696,
haberman,KNN,Standard Scaler,4,0.0,0.0,0.05886077880859375,0.013736724853515625,,0.4,56,155,47,17,0.844873185948732,0.4875973952147605,4,15,8,4,0.6195652173913044,0.13670414920128873,
haberman,KNN,Standard Scaler,5,0.0,0.0,0.05886077880859375,0.013736724853515625,,0.4,57,145,57,16,0.8279872507798725,0.44695323757460054,5,18,5,3,0.7961956521739131,0.38154230979209985,
haberman,KNN,Standard Scaler,6,0.0,0.0,0.05886077880859375,0.013736724853515625,,0.4,56,161,42,16,0.8557060755336618,0.5240350759997873,4,13,9,5,0.5505050505050505,0.03252052261138687,
haberman,KNN,Standard Scaler,7,0.0,0.0,0.058907508850097656,0.013774871826171875,,0.4,56,158,45,17,0.8421958296781159,0.49944011111792913,6,12,10,2,0.6789772727272727,0.2618924633082486,
haberman,KNN,Standard Scaler,8,0.0,0.0,0.058907508850097656,0.013774871826171875,,0.4,60,154,49,13,0.8442202577771779,0.523804215617943,3,18,4,5,0.5426136363636364,0.20198059402174692,
haberman,KNN,Standard Scaler,9,0.015625,0.0,0.058907508850097656,0.013774871826171875,,0.30000000000000004,57,155,48,16,0.842634455766246,0.49454965495658176,5,14,8,3,0.7301136363636364,0.23324125036551555,
haberman,KNN,Standard Scaler,10,0.0,0.0,0.05895519256591797,0.013774871826171875,,0.35000000000000003,61,156,47,12,0.8616978203657466,0.545938982378842,2,16,6,6,0.46590909090909094,-0.022727272727272728,
haberman,KNN,Robust Scaler,1,0.015625,0.0,0.07631111145019531,0.013716697692871094,,0.6,40,186,16,33,0.8508748135087482,0.5139851170680364,2,22,1,6,0.8206521739130435,0.30565748974169876,
haberman,KNN,Robust Scaler,2,0.015625,0.0,0.0762472152709961,0.013716697692871094,,0.4,58,152,50,15,0.849891495998915,0.4945964439786807,5,15,8,3,0.6358695652173914,0.2457838460856521,
haberman,KNN,Robust Scaler,3,0.015625,0.0,0.0762472152709961,0.013716697692871094,,0.4,63,156,46,10,0.8619286586192866,0.5735119536553999,5,15,8,3,0.7201086956521738,0.2457838460856521,
haberman,KNN,Robust Scaler,4,0.0,0.0,0.0762472152709961,0.013716697692871094,,0.4,61,154,48,12,0.8723382612233825,0.5398407778963831,3,12,11,5,0.5190217391304348,-0.09079380373804832,
haberman,KNN,Robust Scaler,5,0.0,0.0,0.07619953155517578,0.013716697692871094,,0.3839999999999975,58,144,58,15,0.8226298657262987,0.4536835497179754,6,21,2,2,0.8967391304347827,0.6630434782608695,
haberman,KNN,Robust Scaler,6,0.0,0.0,0.0762472152709961,0.013716697692871094,,0.32400000000000095,55,156,47,17,0.8449644225506294,0.48450471825272523,7,13,9,2,0.6994949494949495,0.334876478559268,
haberman,KNN,Robust Scaler,7,0.015625,0.015625,0.07639312744140625,0.013754844665527344,,0.4,58,155,48,15,0.8461772049396046,0.5060794087806252,6,15,7,2,0.7869318181818181,0.3853551092995474,
haberman,KNN,Robust Scaler,8,0.015625,0.0,0.07625770568847656,0.013754844665527344,,0.4,59,151,52,14,0.8590998043052838,0.4965848686895913,3,16,6,5,0.4886363636363636,0.09869275424396536,
haberman,KNN,Robust Scaler,9,0.0,0.0,0.07639312744140625,0.013754844665527344,,0.4,61,153,50,12,0.8586274377488359,0.5300911451248259,6,15,7,2,0.7556818181818181,0.3853551092995474,
haberman,KNN,Robust Scaler,10,0.0,0.0,0.07639312744140625,0.013754844665527344,,0.30000000000000004,59,157,46,14,0.8664214859302247,0.5283901668613832,3,12,10,5,0.5028409090909091,-0.07098646750254821,
haberman,KNN,Uniform Binning,1,0.0,0.0,0.052733421325683594,0.013943672180175781,,0.6,32,171,31,41,0.707513902075139,0.29934868974001094,3,22,1,5,0.798913043478261,0.4327220698023639,
haberman,KNN,Uniform Binning,2,0.0,0.0,0.05288410186767578,0.013943672180175781,,0.6,22,189,13,51,0.7069713820697138,0.3140294816040403,1,20,3,7,0.421195652173913,-0.007093804422989573,
haberman,KNN,Uniform Binning,3,0.0,0.0,0.05288410186767578,0.013943672180175781,,0.6,33,176,26,40,0.7419639224196393,0.34781335255477325,2,21,2,6,0.5760869565217391,0.21281413268968716,
haberman,KNN,Uniform Binning,4,0.0,0.0,0.052796363830566406,0.013943672180175781,,0.4,54,120,82,19,0.7194154346941544,0.2948001093442254,3,12,11,5,0.5298913043478262,-0.09079380373804832,
haberman,KNN,Uniform Binning,5,0.0,0.0,0.05288410186767578,0.013943672180175781,,0.5960000000000036,32,170,32,41,0.7137528821375289,0.2925306385748864,4,20,3,4,0.7065217391304348,0.38676339191429654,
haberman,KNN,Uniform Binning,6,0.0,0.0,0.05283641815185547,0.013943672180175781,,0.45600000000000024,36,162,41,36,0.713464696223317,0.29180695999251005,3,16,6,6,0.5,0.06060606060606061,
haberman,KNN,Uniform Binning,7,0.0,0.0,0.05286121368408203,0.013981819152832031,,0.4,56,117,86,17,0.7193130440650517,0.30311802455678144,6,8,14,2,0.5454545454545454,0.10660035817780521,
haberman,KNN,Uniform Binning,8,0.015625,0.0,0.05295276641845703,0.013981819152832031,,0.4,47,147,56,26,0.7360820568189487,0.33557097113613893,1,17,5,7,0.5113636363636364,-0.11306675421666136,
haberman,KNN,Uniform Binning,9,0.015625,0.0,0.052865028381347656,0.013981819152832031,,0.6,31,168,35,42,0.6896551724137929,0.2608244095389237,1,19,3,7,0.4829545454545454,-0.014782809899727065,
haberman,KNN,Uniform Binning,10,0.015625,0.0,0.052908897399902344,0.013981819152832031,,0.30000000000000004,43,152,51,30,0.6946487617248127,0.31439944843294326,2,16,6,6,0.34659090909090917,-0.022727272727272728,
haberman,KNN,Quantile Binning,1,0.0,0.0,0.053093910217285156,0.013953208923339844,,0.4,57,147,55,16,0.8156449206564491,0.45704969691103675,3,16,7,5,0.6467391304347826,0.06613400036396397,
haberman,KNN,Quantile Binning,2,0.0,0.0,0.053093910217285156,0.013953208923339844,,0.4,47,162,40,26,0.797063610470636,0.42330561962517876,4,15,8,4,0.6005434782608696,0.13670414920128873,
haberman,KNN,Quantile Binning,3,0.015625,0.0,0.053093910217285156,0.013953208923339844,,0.6,33,187,15,40,0.8290722907907229,0.4395036603506798,1,20,3,7,0.4701086956521739,-0.007093804422989573,
haberman,KNN,Quantile Binning,4,0.015625,0.0,0.053093910217285156,0.013953208923339844,,0.4,56,147,55,17,0.8136782856367828,0.44537293122844,4,15,8,4,0.6657608695652173,0.13670414920128873,
haberman,KNN,Quantile Binning,5,0.015625,0.0,0.053046226501464844,0.013953208923339844,,0.4,51,152,50,22,0.7930286179302861,0.41321855505797134,6,18,5,2,0.8097826086956522,0.4870861981486208,
haberman,KNN,Quantile Binning,6,0.015625,0.0,0.05305004119873047,0.013953208923339844,,0.21999999999999886,53,160,43,19,0.8313834154351396,0.4835288887192881,3,16,6,6,0.4898989898989899,0.06060606060606061,
haberman,KNN,Quantile Binning,7,0.015625,0.0,0.053162574768066406,0.013991355895996094,,0.35000000000000003,52,158,45,21,0.8196909373102099,0.45328600748785025,5,15,7,3,0.6676136363636364,0.27695585470349865,
haberman,KNN,Quantile Binning,8,0.0,0.0,0.05311870574951172,0.013991355895996094,,0.6,30,192,11,43,0.8214791821310479,0.44245998664497516,1,19,3,7,0.6221590909090908,-0.014782809899727065,
haberman,KNN,Quantile Binning,9,0.0,0.0,0.05307292938232422,0.013991355895996094,,0.4,53,153,50,20,0.8197921587151629,0.43747919196897334,5,14,8,3,0.6335227272727273,0.23324125036551555,
haberman,KNN,Quantile Binning,10,0.0,0.0,0.05312061309814453,0.013991355895996094,,0.4,57,153,50,16,0.8360213239759767,0.483877382974609,4,14,8,4,0.5767045454545454,0.12309149097933272,
haberman,KNN,Random Undersampling,1,0.015625,0.0,0.05631256103515625,0.009553909301757812,,0.37999999999999834,69,92,110,4,0.775769700257697,0.371142970908954,7,7,16,1,0.7010869565217391,0.1793478260869565,
haberman,KNN,Random Undersampling,2,0.0,0.0,0.05603981018066406,0.009553909301757812,,0.6,50,148,54,23,0.78885799538858,0.380266305176921,4,15,8,4,0.6141304347826086,0.13670414920128873,
haberman,KNN,Random Undersampling,3,0.015625,0.0,0.05608367919921875,0.009553909301757812,,0.6,53,146,56,20,0.7757357927573579,0.4051560748603156,4,20,3,4,0.6793478260869565,0.38676339191429654,
haberman,KNN,Random Undersampling,4,0.015625,0.0,0.05599212646484375,0.009553909301757812,,0.42799999999999727,52,147,55,21,0.7910280754102808,0.3985603849621377,5,12,11,3,0.595108695652174,0.12848405416203615,
haberman,KNN,Random Undersampling,5,0.015625,0.0,0.055995941162109375,0.009553909301757812,,0.6,52,131,71,21,0.734165197341652,0.3204658781281935,7,19,4,1,0.921195652173913,0.6411644853180825,
haberman,KNN,Random Undersampling,6,0.0,0.0,0.05572319030761719,0.009462356567382812,,0.5680000000000006,46,155,48,26,0.7703544061302682,0.37299888945212706,6,14,8,3,0.712121212121212,0.27639499641139104,
haberman,KNN,Random Undersampling,7,0.0,0.0,0.055995941162109375,0.009553909301757812,,0.6,56,142,61,17,0.7925973412510965,0.41647721093884305,6,12,10,2,0.6647727272727273,0.2618924633082486,
haberman,KNN,Random Undersampling,8,0.015625,0.0,0.05595207214355469,0.009553909301757812,,0.45,53,143,60,20,0.7846345907281193,0.386109181605494,3,15,7,5,0.4318181818181819,0.053300179088902604,
haberman,KNN,Random Undersampling,9,0.015625,0.0,0.05594825744628906,0.009553909301757812,,0.6,48,147,56,25,0.7488696943113571,0.3473913966340312,4,15,7,4,0.59375,0.16684780645131764,
haberman,KNN,Random Undersampling,10,0.015625,0.0,0.05599689483642578,0.009553909301757812,,0.6,52,148,55,21,0.7832512315270936,0.3995760588356164,3,14,8,5,0.5653409090909091,0.010427987903207352,
haberman,KNN,SMOTE / SMOTENC,1,0.015625,0.0,0.0937643051147461,0.021642684936523438,,0.8,51,191,11,22,0.9204869117048691,0.6806990216757626,2,22,1,6,0.5,0.30565748974169876,
haberman,KNN,SMOTE / SMOTENC,2,0.015625,0.0,0.093353271484375,0.021642684936523438,,0.6480000000000018,49,185,17,24,0.9045503865455039,0.6069951093405762,3,17,6,5,0.6521739130434783,0.110021557355838,
haberman,KNN,SMOTE / SMOTENC,3,0.015625,0.0,0.09317684173583984,0.021642684936523438,,0.7439999999999998,48,189,13,25,0.9206225417062254,0.6304493590913981,1,22,1,7,0.5461956521739131,0.14520057987419369,
haberman,KNN,SMOTE / SMOTENC,4,0.0,0.0,0.0933523178100586,0.021642684936523438,,0.48000000000000115,67,159,43,6,0.9223179167231792,0.6354027120947519,4,13,10,4,0.5842391304347826,0.05734345499245157,
haberman,KNN,SMOTE / SMOTENC,5,0.015625,0.0,0.09330463409423828,0.021642684936523438,,0.6480000000000018,51,187,15,22,0.8970229214702291,0.645558966350778,3,20,3,5,0.7934782608695652,0.2708681694429807,
haberman,KNN,SMOTE / SMOTENC,6,0.015625,0.0,0.09356403350830078,0.021688461303710938,,0.9199999999999988,28,203,0,44,0.8874178981937603,0.565343378313224,0,20,2,9,0.5328282828282829,-0.16796775328675628,
haberman,KNN,SMOTE / SMOTENC,7,0.015625,0.015625,0.0935068130493164,0.021718978881835938,,0.8,48,192,11,25,0.913894324853229,0.6491136967126366,5,15,7,3,0.6534090909090909,0.27695585470349865,
haberman,KNN,SMOTE / SMOTENC,8,0.015625,0.0,0.09368228912353516,0.021718978881835938,,0.8,54,181,22,19,0.9154126459275255,0.6233887638403519,1,19,3,7,0.5056818181818182,-0.014782809899727065,
haberman,KNN,SMOTE / SMOTENC,9,0.0,0.0,0.09363460540771484,0.021718978881835938,,0.7,48,190,13,25,0.8897024090694379,0.6308734450513677,2,18,4,6,0.7017045454545454,0.07537783614444091,
haberman,KNN,SMOTE / SMOTENC,10,0.015625,0.0,0.09359455108642578,0.021718978881835938,,0.7,48,190,13,25,0.9019164586004453,0.6308734450513677,1,18,4,7,0.6221590909090909,-0.06741998624632421,
haberman,SVM,Baseline,1,0.015625,0.0,0.054177284240722656,0.008587837219238281,297.0,-0.9990726403008949,51,148,54,22,0.7528821375288213,0.3920133802260335,6,18,5,2,0.8641304347826088,0.4870861981486208,
haberman,SVM,Baseline,2,0.015625,0.0,0.054404258728027344,0.008378028869628906,231.0,-0.9558071386530196,45,162,40,28,0.7442018174420182,0.3998174877204412,4,16,7,4,0.6684782608695652,0.17892962380969743,
haberman,SVM,Baseline,3,0.015625,0.0,0.054472923278808594,0.008461952209472656,207.0,-0.9795177600496133,48,156,46,25,0.7540349925403499,0.40013994290723676,3,21,2,5,0.8478260869565217,0.342685147574115,
haberman,SVM,Baseline,4,0.0,0.0,0.05436992645263672,0.008336067199707031,126.0,-0.8459448718543418,40,173,29,33,0.743693204936932,0.4118788950709718,3,17,6,5,0.5217391304347826,0.110021557355838,
haberman,SVM,Baseline,5,0.015625,0.0,0.054747581481933594,0.008797645568847656,362.0,-0.9960464861329876,42,164,38,31,0.7507459650074596,0.37647547878829546,6,18,5,2,0.8260869565217391,0.4870861981486208,
haberman,SVM,Baseline,6,0.0,0.0,0.0543212890625,0.008336067199707031,152.0,-0.9824205220257877,50,151,52,22,0.7506499726327313,0.398886675893453,6,13,9,3,0.5808080808080808,0.23395480008935163,
haberman,SVM,Baseline,7,0.0,0.0,0.054436683654785156,0.008503913879394531,267.0,-0.9965321304489942,51,146,57,22,0.7491058775895808,0.377619993173569,6,17,5,2,0.8579545454545455,0.47968744354753823,
haberman,SVM,Baseline,8,0.015625,0.0,0.05424213409423828,0.008378028869628906,131.0,-0.9882958198739256,57,144,59,16,0.759565422768068,0.43800331813484467,2,17,5,6,0.4147727272727273,0.023762422826087874,
haberman,SVM,Baseline,9,0.0,0.0,0.054436683654785156,0.008503913879394531,227.0,-0.9929296346423764,49,150,53,24,0.74178419596464,0.37478011204681894,8,14,8,0,0.875,0.5640760748177662,
haberman,SVM,Baseline,10,0.015625,0.0,0.054490089416503906,0.008461952209472656,194.0,-0.84848403310646,38,174,29,35,0.7310209865712937,0.3885396221411034,4,16,6,4,0.6534090909090909,0.21320071635561041,
haberman,SVM,IQR Capping,1,0.015625,0.015625,0.06976509094238281,0.008657455444335938,303.0,-0.9993926728201017,54,140,62,19,0.7524074325240744,0.3869832149559101,6,16,7,2,0.8478260869565217,0.39518187017693085,
haberman,SVM,IQR Capping,2,0.015625,0.0,0.06937789916992188,0.008531570434570312,210.0,-0.9679780376038529,46,165,37,27,0.7549165875491659,0.42995651722760875,4,16,7,4,0.6630434782608696,0.17892962380969743,
haberman,SVM,IQR Capping,3,0.015625,0.0,0.06942558288574219,0.008615493774414062,299.0,-0.9806994193630532,47,158,44,26,0.7576970025769699,0.3997893397456749,3,21,2,5,0.8695652173913044,0.342685147574115,
haberman,SVM,IQR Capping,4,0.03125,0.0,0.06937789916992188,0.008531570434570312,122.0,-0.9687755863409694,46,163,39,27,0.7596297300962973,0.4176375540288887,3,17,6,5,0.5434782608695652,0.110021557355838,
haberman,SVM,IQR Capping,5,0.03125,0.0,0.06937789916992188,0.008867263793945312,340.0,-0.9982207434893454,43,160,42,30,0.7487793299877932,0.3641773551035461,8,18,5,0,0.9402173913043479,0.6939779183594883,
haberman,SVM,IQR Capping,6,0.015625,0.015625,0.06937789916992188,0.008447647094726562,200.0,-0.9738129770808162,44,164,39,28,0.7783593322386426,0.4012649758821839,6,16,6,3,0.601010101010101,0.3671086215711883,
haberman,SVM,IQR Capping,7,0.015625,0.0,0.06951141357421875,0.008531570434570312,247.0,-0.9900791064154573,45,162,41,28,0.7537620622174236,0.394706553263245,5,17,5,3,0.8579545454545454,0.3731012536223182,
haberman,SVM,IQR Capping,8,0.03125,0.0,0.06946372985839844,0.008489608764648438,149.0,-0.9850316953610526,55,147,56,18,0.7673932114177744,0.42957231581912203,2,18,4,6,0.4204545454545454,0.07537783614444091,
haberman,SVM,IQR Capping,9,0.03125,0.0,0.06951141357421875,0.008741378784179688,264.0,-0.9880863266481067,40,168,35,33,0.7546730548620014,0.3723291674671266,5,18,4,3,0.8920454545454545,0.42766860172384985,
haberman,SVM,IQR Capping,10,0.03125,0.015625,0.06951141357421875,0.008531570434570312,163.0,-0.9545794440278152,37,179,24,36,0.7567987043660167,0.41309837067092964,3,17,5,5,0.6931818181818182,0.14772727272727273,
haberman,SVM,Quantile Capping,1,0.03125,0.0,0.06942558288574219,0.0087890625,310.0,-0.9996648399125067,54,137,65,19,0.7520683575206836,0.37249399261780614,5,16,7,3,0.8315217391304347,0.28805517153128696,
haberman,SVM,Quantile Capping,2,0.03125,0.0,0.06942558288574219,0.00853729248046875,217.0,-0.9441655835272185,44,163,39,29,0.7393191373931913,0.3940778820470315,4,17,6,4,0.6739130434782609,0.2238381550780319,
haberman,SVM,Quantile Capping,3,0.03125,0.0,0.06937789916992188,0.00853729248046875,184.0,-0.9772131343675081,46,160,42,27,0.7518649125186492,0.3996776491312334,3,21,2,5,0.8260869565217391,0.342685147574115,
haberman,SVM,Quantile Capping,4,0.03125,0.015625,0.06942558288574219,0.008495330810546875,151.0,-0.9938028559623138,57,135,67,16,0.7429472399294725,0.3985825892148336,3,14,9,5,0.5,-0.014646873128709506,
haberman,SVM,Quantile Capping,5,0.015625,0.015625,0.06942558288574219,0.009124755859375,452.0,-0.9995635953089066,50,142,60,23,0.7425403499254034,0.34963958760769415,8,16,7,0,0.9456521739130435,0.6091095901015048,
haberman,SVM,Quantile Capping,6,0.03125,0.0,0.06942558288574219,0.008411407470703125,151.0,-0.9753578694493628,50,154,49,22,0.7465448823207446,0.4149549771184028,6,13,9,3,0.5808080808080808,0.23395480008935163,
haberman,SVM,Quantile Capping,7,0.03125,0.0,0.06946372985839844,0.008579254150390625,257.0,-0.9797942958604436,44,161,42,29,0.7460017545043525,0.3769698211400513,5,18,4,3,0.8579545454545455,0.42766860172384985,
haberman,SVM,Quantile Capping,8,0.03125,0.0,0.06946372985839844,0.008495330810546875,170.0,-0.9711343515550872,55,147,56,18,0.759902827451245,0.42957231581912203,2,17,5,6,0.40909090909090906,0.023762422826087874,
haberman,SVM,Quantile Capping,9,0.03125,0.0,0.06936931610107422,0.008579254150390625,212.0,-0.9889072016723244,48,154,49,25,0.7239692286928944,0.38446084557524035,8,13,9,0,0.875,0.5273280443046439,
haberman,SVM,Quantile Capping,10,0.03125,0.0,0.06936836242675781,0.00853729248046875,209.0,-0.8442985559122071,38,174,29,35,0.730751062824752,0.3885396221411034,3,16,6,5,0.6477272727272727,0.09869275424396536,
haberman,SVM,IQR Removal,1,0.015625,0.0,0.08068370819091797,0.008189201354980469,273.0,-0.999203257824946,43,162,40,30,0.7455581174555812,0.3761385644567429,6,20,3,2,0.8641304347826086,0.5972598827888349,
haberman,SVM,IQR Removal,2,0.015625,0.0,0.08076763153076172,0.007853507995605469,308.0,-0.9996328583108296,52,152,50,21,0.7645463176454632,0.42489717915354414,4,14,9,4,0.6793478260869565,0.09638582199437337,
haberman,SVM,IQR Removal,3,0.03125,0.0,0.08042526245117188,0.007433891296386719,245.0,-0.999054744734335,47,158,44,26,0.7642750576427506,0.3997893397456749,3,21,2,5,0.7391304347826086,0.342685147574115,
haberman,SVM,IQR Removal,4,0.015625,0.0,0.0813913345336914,0.007811546325683594,266.0,-0.9996441632084225,51,154,48,22,0.7870269903702698,0.42410179856801283,5,15,8,3,0.5760869565217392,0.2457838460856521,
haberman,SVM,IQR Removal,5,0.03125,0.0,0.0802145004272461,0.007853507995605469,332.0,-0.9993563572352712,27,182,20,46,0.6783873592838736,0.31772734468656977,5,19,4,3,0.7391304347826086,0.4348471076445026,
haberman,SVM,IQR Removal,6,0.03125,0.0,0.07978534698486328,0.007811546325683594,268.0,-0.9993345810392894,15,193,10,57,0.576867816091954,0.24325886797255847,2,19,3,7,0.5404040404040404,0.10596065886762515,
haberman,SVM,IQR Removal,7,0.03125,0.0,0.08014774322509766,0.008273124694824219,281.0,-0.9997219629644711,27,169,34,46,0.6015250691679601,0.21512103032507693,2,15,7,6,0.42045454545454547,-0.0657951694959769,
haberman,SVM,IQR Removal,8,0.015625,0.0,0.08051013946533203,0.007433891296386719,204.0,-0.9984400243287338,46,163,40,27,0.7807544368715839,0.41244328538643865,2,19,3,6,0.5624999999999999,0.13483997249264842,
haberman,SVM,IQR Removal,9,0.03125,0.0,0.08037757873535156,0.008357048034667969,303.0,-0.9994368430867605,21,188,15,52,0.6396180578986437,0.2799747417101786,0,21,1,8,0.5340909090909091,-0.11197850219117086,
haberman,SVM,IQR Removal,10,0.015625,0.0,0.08012866973876953,0.007979393005371094,226.0,-0.9998042104287548,27,177,26,46,0.6116472096632702,0.27073661385656744,4,19,3,4,0.8352272727272727,0.380198765217406,
haberman,SVM,Quantile Removal,1,0.015625,0.0,0.08333969116210938,0.008657455444335938,319.0,-0.9937047205859691,43,160,42,30,0.7498304624983047,0.3641773551035461,5,21,2,3,0.8369565217391304,0.5630819970516965,
haberman,SVM,Quantile Removal,2,0.03125,0.0,0.08317756652832031,0.008195877075195312,149.0,-0.9885069631009181,50,153,49,23,0.7484063474840635,0.40694557694309325,5,16,7,3,0.6684782608695652,0.28805517153128696,
haberman,SVM,Quantile Removal,3,0.015625,0.0,0.08298683166503906,0.008279800415039062,241.0,-0.9853094771651042,46,163,39,27,0.7530855825308558,0.4176375540288887,3,21,2,5,0.8097826086956522,0.342685147574115,
haberman,SVM,Quantile Removal,4,0.03125,0.0,0.0844411849975586,0.008321762084960938,158.0,-0.9750211640927923,53,148,54,20,0.7434219449342193,0.415451139448898,3,14,9,5,0.5163043478260869,-0.014646873128709506,
haberman,SVM,Quantile Removal,5,0.015625,0.015625,0.08317756652832031,0.008825302124023438,464.0,-0.9985864312818177,39,164,38,34,0.6768276142682761,0.34040473559557993,6,20,3,2,0.8260869565217391,0.5972598827888349,
haberman,SVM,Quantile Removal,6,0.015625,0.0,0.08329200744628906,0.008195877075195312,195.0,-0.9868976366599579,50,154,49,22,0.7571496989600437,0.4149549771184028,6,11,11,3,0.5656565656565656,0.15201724802626507,
haberman,SVM,Quantile Removal,7,0.03125,0.0,0.08333873748779297,0.008615493774414062,332.0,-0.9958093453262586,42,165,38,31,0.7418179364329577,0.37734308799424665,5,18,4,3,0.8011363636363636,0.42766860172384985,
haberman,SVM,Quantile Removal,8,0.03125,0.0,0.08333873748779297,0.008321762084960938,153.0,-0.992618288774207,56,143,60,17,0.7639516836493689,0.4213611215757564,2,17,5,6,0.40909090909090906,0.023762422826087874,
haberman,SVM,Quantile Removal,9,0.015625,0.0,0.08326339721679688,0.008363723754882812,295.0,-0.9941955497824546,47,153,50,26,0.731527093596059,0.3672545550970879,8,13,9,0,0.8863636363636364,0.5273280443046439,
haberman,SVM,Quantile Removal,10,0.03125,0.0,0.08333873748779297,0.008321762084960938,139.0,-0.9415775702387841,46,160,43,27,0.7350698427694176,0.39472658813488565,5,14,8,3,0.6647727272727273,0.23324125036551555,
haberman,SVM,Yeo-Johnson,1,0.03125,0.0,0.061298370361328125,0.009307861328125,491.0,-0.9992765481926571,60,146,56,13,0.786179302861793,0.4870337170990081,6,16,7,2,0.842391304347826,0.39518187017693085,
haberman,SVM,Yeo-Johnson,2,0.03125,0.0,0.061351776123046875,0.00905609130859375,385.0,-0.9986332233874845,61,142,60,12,0.8082191780821918,0.4791149498321402,5,15,8,3,0.625,0.2457838460856521,
haberman,SVM,Yeo-Johnson,3,0.03125,0.0,0.061351776123046875,0.00888824462890625,382.0,-0.9995711102950988,61,142,60,12,0.8020480130204801,0.4791149498321402,5,12,11,3,0.6630434782608696,0.12848405416203615,
haberman,SVM,Yeo-Johnson,4,0.03125,0.0,0.061351776123046875,0.009014129638671875,512.0,-0.9995582304661494,61,142,60,12,0.8011325105113253,0.4791149498321402,3,11,12,5,0.5054347826086957,-0.12848405416203615,
haberman,SVM,Yeo-Johnson,5,0.03125,0.0,0.061351776123046875,0.009433746337890625,577.0,-0.9996501379891571,54,146,56,19,0.7733961752339618,0.416877969839943,8,14,9,0,0.875,0.535205579929548,
haberman,SVM,Yeo-Johnson,6,0.03125,0.0,0.061351776123046875,0.00888824462890625,316.0,-0.9744881243092031,54,155,48,18,0.7926587301587302,0.4673811097808708,6,11,11,3,0.6666666666666667,0.15201724802626507,
haberman,SVM,Yeo-Johnson,7,0.046875,0.0,0.06139850616455078,0.00922393798828125,636.0,-0.9996666367041869,60,144,59,13,0.7889196302044673,0.4731594251885759,6,11,11,2,0.6988636363636364,0.22310032643658007,
haberman,SVM,Yeo-Johnson,8,0.03125,0.0,0.06139850616455078,0.008930206298828125,465.0,-0.9988123225152754,62,145,58,11,0.8108509346109724,0.5014505528286004,2,17,5,6,0.5909090909090908,0.023762422826087874,
haberman,SVM,Yeo-Johnson,9,0.03125,0.015625,0.061402320861816406,0.0091400146484375,619.0,-0.9994665537813575,60,144,59,13,0.7948242121600647,0.4731594251885759,8,10,12,0,0.8465909090909091,0.42640143271122083,
haberman,SVM,Yeo-Johnson,10,0.046875,0.0,0.061402320861816406,0.00905609130859375,533.0,-0.9976505055921686,58,153,50,15,0.8100411633713476,0.4954432856172601,5,13,9,3,0.5568181818181819,0.1913829539560278,
haberman,SVM,Quantile Transform,1,0.015625,0.0,0.08856010437011719,0.017609596252441406,533.0,-0.9816915107170837,44,163,39,29,0.7591211175912111,0.3940778820470315,5,20,3,3,0.8315217391304348,0.4945652173913043,
haberman,SVM,Quantile Transform,2,0.015625,0.0,0.08883857727050781,0.017357826232910156,416.0,-0.9035361277539773,47,164,38,26,0.7747863827478639,0.43545762033733626,4,16,7,4,0.6902173913043479,0.17892962380969743,
haberman,SVM,Quantile Transform,3,0.015625,0.0,0.08883476257324219,0.017441749572753906,404.0,-0.9844940194344443,50,156,46,23,0.779804692798047,0.4235351912437657,4,21,2,4,0.6847826086956521,0.457466241725923,
haberman,SVM,Quantile Transform,4,0.015625,0.0,0.08883476257324219,0.01723194122314453,331.0,-0.9996123484107441,60,146,56,13,0.8121185406211853,0.4870337170990081,4,12,11,4,0.5054347826086956,0.019034674690672024,
haberman,SVM,Quantile Transform,5,0.015625,0.0,0.0888824462890625,0.01815509796142578,549.0,-0.932014181774775,36,180,22,37,0.7563746100637462,0.41590638881602576,7,19,4,1,0.9347826086956522,0.6411644853180825,
haberman,SVM,Quantile Transform,6,0.015625,0.0,0.0888824462890625,0.017357826232910156,420.0,-0.9996390112771922,60,139,64,12,0.7865010946907499,0.45771697796994587,7,8,14,2,0.5505050505050505,0.13731430681184992,
haberman,SVM,Quantile Transform,7,0.015625,0.015625,0.0890655517578125,0.01734638214111328,408.0,-0.91291555782714,43,168,35,30,0.7680680207841285,0.40811004054469124,6,19,3,2,0.7954545454545454,0.5921565254637922,
haberman,SVM,Quantile Transform,8,0.03125,0.0,0.0890655517578125,0.01717853546142578,355.0,-0.9997697097899074,64,134,69,9,0.8076793305891085,0.47384564747171576,3,15,7,5,0.4772727272727273,0.053300179088902604,
haberman,SVM,Quantile Transform,9,0.015625,0.0,0.0890655517578125,0.017388343811035156,524.0,-0.9995443420579353,57,149,54,16,0.7859167285241918,0.46307859225435666,8,12,10,0,0.8238636363636362,0.4923659639173309,
haberman,SVM,Quantile Transform,10,0.015625,0.015625,0.0890655517578125,0.017304420471191406,325.0,-0.9994801436892576,59,146,57,14,0.7894594776975504,0.4712877112530212,5,11,11,3,0.5511363636363636,0.11080065755348979,
haberman,SVM,Min-Max Scaler,1,0.0,0.0,0.05742931365966797,0.008983612060546875,561.0,-0.999325401675982,58,142,60,15,0.7772277227722773,0.4438450472041626,5,17,6,3,0.8206521739130436,0.3330079109791591,
haberman,SVM,Min-Max Scaler,2,0.0,0.0,0.05707836151123047,0.008899688720703125,354.0,-0.9426059988754331,52,155,47,21,0.7830598128305981,0.4412580201929325,5,14,9,3,0.6956521739130435,0.20548071372295146,
haberman,SVM,Min-Max Scaler,3,0.0,0.0,0.05699634552001953,0.00885772705078125,315.0,-0.9996527788457693,59,137,65,14,0.7918079479180795,0.4316824569587802,5,20,3,3,0.7445652173913043,0.4945652173913043,
haberman,SVM,Min-Max Scaler,4,0.0,0.0,0.05711650848388672,0.008731842041015625,381.0,-0.9544353839762691,53,153,49,20,0.7950969754509697,0.4419451400912775,3,14,9,5,0.5,-0.014646873128709506,
haberman,SVM,Min-Max Scaler,5,0.0,0.0,0.05710887908935547,0.008941650390625,397.0,-0.9994970803779059,54,143,59,19,0.7655974501559745,0.40176850495327493,7,14,9,1,0.8695652173913042,0.4235215118674525,
haberman,SVM,Min-Max Scaler,6,0.015625,0.0,0.056906700134277344,0.00868988037109375,332.0,-0.9709922063009923,53,149,54,19,0.7925218938149973,0.42389583719235263,6,12,10,3,0.6161616161616161,0.1926686588971131,
haberman,SVM,Min-Max Scaler,7,0.015625,0.0,0.056964874267578125,0.00885772705078125,344.0,-0.9754964138437923,49,155,48,24,0.763614278966192,0.4016671360533928,6,17,5,2,0.8352272727272727,0.47968744354753823,
haberman,SVM,Min-Max Scaler,8,0.015625,0.0,0.05705547332763672,0.00868988037109375,208.0,-0.9550378627347528,53,159,44,20,0.8058573452999528,0.4704922979660027,2,19,3,6,0.5113636363636364,0.13483997249264842,
haberman,SVM,Min-Max Scaler,9,0.015625,0.0,0.057061195373535156,0.00885772705078125,364.0,-0.9528436637208011,47,161,42,26,0.7662797759632903,0.41230112246707284,7,15,7,1,0.8011363636363635,0.4935665654655454,
haberman,SVM,Min-Max Scaler,10,0.015625,0.0,0.056977272033691406,0.008647918701171875,255.0,-0.9808599369772466,54,152,51,19,0.7885147445846548,0.44378888709937964,7,12,10,1,0.6875,0.37521418537061196,
haberman,SVM,Standard Scaler,1,0.015625,0.0,0.05885124206542969,0.008859634399414062,485.0,-0.9988588808531168,56,148,54,17,0.77492201274922,0.45049716095606746,4,16,7,4,0.6956521739130435,0.17892962380969743,
haberman,SVM,Standard Scaler,2,0.015625,0.0,0.0590057373046875,0.008691787719726562,511.0,-0.8678944222196892,45,170,32,28,0.7993354129933541,0.4504493699475993,4,15,8,4,0.7065217391304347,0.13670414920128873,
haberman,SVM,Standard Scaler,3,0.015625,0.0,0.0590057373046875,0.008607864379882812,438.0,-0.9981659852076595,59,145,57,14,0.8091007730910076,0.47035863340849177,4,15,8,4,0.6521739130434783,0.13670414920128873,
haberman,SVM,Standard Scaler,4,0.015625,0.0,0.0590057373046875,0.008314132690429688,339.0,-0.9977009736163902,59,147,55,14,0.8162552556625525,0.480385072290503,3,10,13,5,0.5217391304347826,-0.16655340354338022,
haberman,SVM,Standard Scaler,5,0.0,0.015625,0.0590057373046875,0.008733749389648438,319.0,-0.9992740741512347,58,142,60,15,0.7846534653465346,0.4438450472041626,7,14,9,1,0.8858695652173914,0.4235215118674525,
haberman,SVM,Standard Scaler,6,0.0,0.015625,0.0590057373046875,0.008523941040039062,307.0,-0.9995141338179292,56,146,57,16,0.8029898741105638,0.4440837066979742,6,12,10,3,0.6565656565656566,0.1926686588971131,
haberman,SVM,Standard Scaler,7,0.015625,0.0,0.05910015106201172,0.008859634399414062,419.0,-0.9970847161078153,55,147,56,18,0.7752884810041164,0.42957231581912203,7,13,9,1,0.8295454545454546,0.4129842690630074,
haberman,SVM,Standard Scaler,8,0.0,0.015625,0.05910015106201172,0.008481979370117188,323.0,-0.9949835004009576,56,151,52,17,0.8101761252446185,0.4617794877762055,3,18,4,5,0.6136363636363636,0.20198059402174692,
haberman,SVM,Standard Scaler,9,0.015625,0.0,0.05910015106201172,0.008775711059570312,702.0,-0.9973720966831504,54,152,51,19,0.7860516903974627,0.44378888709937964,7,12,10,1,0.8409090909090908,0.37521418537061196,
haberman,SVM,Standard Scaler,10,0.015625,0.0,0.05910015106201172,0.008481979370117188,621.0,-0.9974985429075535,54,155,48,19,0.7865577974222282,0.4598733260357314,4,13,9,4,0.5795454545454546,0.08112739143148366,
haberman,SVM,Robust Scaler,1,0.015625,0.0,0.0764455795288086,0.0086822509765625,689.0,-0.9996332143452863,56,148,54,17,0.7620371626203716,0.45049716095606746,6,17,6,2,0.7771739130434783,0.4394061938612852,
haberman,SVM,Robust Scaler,2,0.015625,0.0,0.0762948989868164,0.0083465576171875,328.0,-0.9933252465060166,47,164,38,26,0.772141597721416,0.43545762033733626,4,15,8,4,0.6358695652173912,0.13670414920128873,
haberman,SVM,Robust Scaler,3,0.015625,0.0,0.07629108428955078,0.008556365966796875,527.0,-0.9994755567195671,57,143,59,16,0.7752610877526108,0.43700846602745913,4,16,7,4,0.6086956521739131,0.17892962380969743,
haberman,SVM,Robust Scaler,4,0.015625,0.0,0.0763387680053711,0.00826263427734375,326.0,-0.9988923885138353,58,141,61,15,0.7826868303268683,0.4389783982448688,3,13,10,5,0.5869565217391304,-0.05301220209690535,
haberman,SVM,Robust Scaler,5,0.015625,0.0,0.07629108428955078,0.008808135986328125,469.0,-0.999218260777544,56,142,60,17,0.7589515800895158,0.4203333823369428,8,15,8,0,0.9293478260869565,0.5710402407201607,
haberman,SVM,Robust Scaler,6,0.015625,0.0,0.0762472152709961,0.008472442626953125,568.0,-0.9997074358438616,57,142,61,15,0.7756226053639846,0.4362735224079115,8,11,11,1,0.6818181818181819,0.36240210078181406,
haberman,SVM,Robust Scaler,7,0.015625,0.0,0.07644081115722656,0.00859832763671875,522.0,-0.9969177308876906,51,154,49,22,0.7495782441460288,0.41957307856554316,6,13,9,2,0.6875,0.30151134457776363,
haberman,SVM,Robust Scaler,8,0.015625,0.0,0.07648468017578125,0.00843048095703125,455.0,-0.990451288947374,52,155,48,21,0.7716445104258047,0.43666312722021994,2,19,3,6,0.6534090909090909,0.13483997249264842,
haberman,SVM,Robust Scaler,9,0.015625,0.0,0.07644081115722656,0.00843048095703125,486.0,-0.9700866046498511,40,171,32,33,0.723766785882988,0.3920464298594205,5,17,5,3,0.8522727272727273,0.3731012536223182,
haberman,SVM,Robust Scaler,10,0.015625,0.0,0.07648468017578125,0.008472442626953125,546.0,-0.9890960946635575,44,167,36,29,0.7461367163776232,0.4135554288448767,5,13,9,3,0.5397727272727272,0.1913829539560278,
haberman,SVM,Uniform Binning,1,0.015625,0.0,0.05706310272216797,0.009030342102050781,551.0,0.16988846719242923,12,199,3,61,0.646921198969212,0.29076302302213364,1,23,0,7,0.7065217391304347,0.30956959368344517,
haberman,SVM,Uniform Binning,2,0.0,0.0,0.057173728942871094,0.009030342102050781,557.0,-0.9960742527195379,23,189,13,50,0.6706903567069036,0.32821780362431924,2,20,3,6,0.5869565217391304,0.14224666503076472,
haberman,SVM,Uniform Binning,3,0.015625,0.0,0.057402610778808594,0.008988380432128906,437.0,-0.7888482592136491,21,190,12,52,0.6376983588769836,0.3101789660214082,1,23,0,7,0.592391304347826,0.30956959368344517,
haberman,SVM,Uniform Binning,4,0.015625,0.0,0.05714893341064453,0.008946418762207031,985.0,-0.9950572462450744,29,181,21,44,0.6411230164112302,0.33579384840639215,3,16,7,5,0.48369565217391297,0.06613400036396397,
haberman,SVM,Uniform Binning,5,0.015625,0.0,0.05738353729248047,0.009072303771972656,668.0,-0.29154260996745496,18,194,8,55,0.6196595686965956,0.3123640657273712,3,22,1,5,0.7527173913043478,0.4327220698023639,
haberman,SVM,Uniform Binning,6,0.0,0.015625,0.05713367462158203,0.008820533752441406,851.0,-0.9945957770864927,32,180,23,40,0.6217501368363438,0.3639472224560078,0,19,3,9,0.4318181818181818,-0.20935894733965593,
haberman,SVM,Uniform Binning,7,0.015625,0.0,0.057320594787597656,0.008904457092285156,280.0,-0.9994347005185178,30,181,22,43,0.7265335042850393,0.341295430688509,3,20,2,5,0.7329545454545455,0.337099931231621,
haberman,SVM,Uniform Binning,8,0.015625,0.0,0.057229042053222656,0.008862495422363281,478.0,0.17459544260256898,14,201,2,59,0.6577029489169309,0.3433711267093197,0,21,1,8,0.5397727272727273,-0.11197850219117086,
haberman,SVM,Uniform Binning,9,0.015625,0.0,0.05742931365966797,0.008946418762207031,620.0,-0.9992312554908291,34,176,27,39,0.7145218975639381,0.3537051685671738,5,18,4,3,0.7102272727272727,0.42766860172384985,
haberman,SVM,Uniform Binning,10,0.015625,0.0,0.057616233825683594,0.009282112121582031,1488.0,-0.4737917059864941,22,194,9,51,0.6414737836561171,0.35903570050610306,0,20,2,8,0.19602272727272727,-0.16116459280507606,
haberman,SVM,Quantile Binning,1,0.015625,0.0,0.05758953094482422,0.009200096130371094,383.0,-0.9995315494372567,43,159,43,30,0.7383697273836972,0.3582951449944741,4,17,6,4,0.766304347826087,0.2238381550780319,
haberman,SVM,Quantile Binning,2,0.015625,0.0,0.05756855010986328,0.009116172790527344,313.0,-0.9996893717803541,56,139,63,17,0.7804489353044893,0.4057361954313375,4,14,9,4,0.671195652173913,0.09638582199437337,
haberman,SVM,Quantile Binning,3,0.015625,0.0,0.057511329650878906,0.008990287780761719,281.0,-0.9995934926628056,53,146,56,20,0.7788213752882137,0.4051560748603156,4,18,5,4,0.7010869565217391,0.2724343325001703,
haberman,SVM,Quantile Binning,4,0.015625,0.0,0.057435035705566406,0.008948326110839844,242.0,-0.9793555474920925,50,154,48,23,0.7908246304082464,0.4124239345849624,3,15,8,5,0.5516304347826086,0.024851336640235755,
haberman,SVM,Quantile Binning,5,0.015625,0.0,0.05749034881591797,0.009074211120605469,269.0,-0.9954912431044812,44,155,47,29,0.7578665400786655,0.34728596418213115,6,18,5,2,0.766304347826087,0.4870861981486208,
haberman,SVM,Quantile Binning,6,0.0,0.0,0.05736255645751953,0.008864402770996094,261.0,-0.7693668168766927,39,178,25,33,0.7677545155993432,0.4354045856471359,2,17,5,7,0.5934343434343434,-0.005482930791331409,
haberman,SVM,Quantile Binning,7,0.0,0.015625,0.05752277374267578,0.008990287780761719,248.0,-0.9633288826355695,49,155,48,24,0.7855793238410149,0.4016671360533928,5,14,8,3,0.7357954545454546,0.23324125036551555,
haberman,SVM,Quantile Binning,8,0.015625,0.015625,0.057188987731933594,0.008738517761230469,262.0,-0.9960938507927133,53,151,52,20,0.7964774951076321,0.4268686311469789,4,17,5,4,0.6335227272727273,0.2631806779839076,
haberman,SVM,Quantile Binning,9,0.0,0.0,0.057663917541503906,0.009158134460449219,299.0,-0.9948867975761482,49,151,52,24,0.7709697010594507,0.38006385296132406,6,13,9,2,0.7755681818181818,0.30151134457776363,
haberman,SVM,Quantile Binning,10,0.015625,0.0,0.057732582092285156,0.009242057800292969,594.0,-0.9927139439770287,52,152,51,21,0.7858155071192388,0.4204944884968343,4,12,10,4,0.5511363636363636,0.040291148201269014,
haberman,SVM,Random Undersampling,1,0.015625,0.0,0.057720184326171875,0.008989334106445312,139.0,-0.6540158813187149,45,148,54,28,0.6960531669605317,0.3211644688184952,5,20,3,3,0.8152173913043478,0.4945652173913043,
haberman,SVM,Random Undersampling,2,0.015625,0.0,0.057559967041015625,0.009073257446289062,84.0,-0.8394725583523095,56,131,71,17,0.7222297572222975,0.36814574762220215,4,14,9,4,0.6739130434782609,0.09638582199437337,
haberman,SVM,Random Undersampling,3,0.015625,0.0,0.057647705078125,0.009073257446289062,142.0,-0.44974460784164605,38,168,34,35,0.7085989420859894,0.35379408139137175,3,21,2,5,0.8206521739130435,0.342685147574115,
haberman,SVM,Random Undersampling,4,0.015625,0.0,0.057338714599609375,0.008695602416992188,118.0,-0.3981013699611079,39,172,30,34,0.7319612098196121,0.392883977052438,3,17,6,5,0.5380434782608696,0.110021557355838,
haberman,SVM,Random Undersampling,5,0.015625,0.0,0.057750701904296875,0.009199142456054688,93.0,-0.8439189221478703,51,132,70,22,0.6985962294859622,0.3132164214969116,8,16,7,0,0.9510869565217391,0.6091095901015048,
haberman,SVM,Random Undersampling,6,0.0,0.0,0.05727386474609375,0.008806228637695312,92.0,-0.509957029511694,40,169,34,32,0.7252668308702791,0.3846874927504809,5,16,6,4,0.5606060606060606,0.26831446813549886,
haberman,SVM,Random Undersampling,7,0.0,0.015625,0.05772590637207031,0.009115219116210938,111.0,-0.44820869997861945,36,170,33,37,0.6948512045347189,0.3367350103464414,4,19,3,4,0.8465909090909092,0.380198765217406,
haberman,SVM,Random Undersampling,8,0.015625,0.0,0.05742835998535156,0.008863449096679688,75.0,-0.464325139416156,41,169,34,32,0.739860989270531,0.3907950884412374,1,18,4,7,0.409090909090909,-0.06741998624632421,
haberman,SVM,Random Undersampling,9,0.015625,0.0,0.057488441467285156,0.008989334106445312,91.0,-0.4586117105430064,36,170,33,37,0.6985289155813482,0.3367350103464414,5,18,4,3,0.8465909090909091,0.42766860172384985,
haberman,SVM,Random Undersampling,10,0.015625,0.0,0.05744171142578125,0.008821487426757812,118.0,-0.3556185889316209,36,175,28,37,0.7329104527970848,0.3712346575789778,2,16,6,6,0.6193181818181818,-0.022727272727272728,
haberman,SVM,SMOTE / SMOTENC,1,0.015625,0.0,0.09486103057861328,0.020275115966796875,247.0,-0.43794519736994825,43,157,45,30,0.7026990370269904,0.34671682990006286,5,20,3,3,0.8097826086956521,0.4945652173913043,
haberman,SVM,SMOTE / SMOTENC,2,0.03125,0.0,0.0941152572631836,0.01981353759765625,220.0,-0.5786246420034526,48,151,51,25,0.7275871422758714,0.372633133693254,4,15,8,4,0.6521739130434784,0.13670414920128873,
haberman,SVM,SMOTE / SMOTENC,3,0.015625,0.0,0.09439373016357422,0.019939422607421875,223.0,-0.33469089604802105,39,167,35,34,0.7180930421809303,0.35942266731768857,3,22,1,5,0.8097826086956522,0.4327220698023639,
haberman,SVM,SMOTE / SMOTENC,4,0.03125,0.0,0.09360599517822266,0.019351959228515625,260.0,-0.45117806883334544,41,169,33,32,0.7419978299199783,0.39656008362892825,3,17,6,5,0.532608695652174,0.110021557355838,
haberman,SVM,SMOTE / SMOTENC,5,0.015625,0.0,0.09462547302246094,0.020275115966796875,251.0,-0.2821354451462906,34,170,32,39,0.6964261494642615,0.31776618176406274,7,21,2,1,0.9456521739130435,0.7596726579331672,
haberman,SVM,SMOTE / SMOTENC,6,0.015625,0.0,0.09402751922607422,0.01944732666015625,245.0,-0.6629724611761244,54,141,62,18,0.7375136836343733,0.3957654546391716,6,9,13,3,0.5858585858585859,0.07059781184061313,
haberman,SVM,SMOTE / SMOTENC,7,0.03125,0.0,0.09453868865966797,0.0200653076171875,259.0,-0.352852466466554,37,171,32,36,0.7088872393548823,0.35570599684483245,5,19,3,3,0.8636363636363636,0.48863636363636365,
haberman,SVM,SMOTE / SMOTENC,8,0.015625,0.0,0.09436893463134766,0.019687652587890625,229.0,-0.23171835093658555,40,171,32,33,0.7508603819421014,0.3920464298594205,1,19,3,7,0.43181818181818177,-0.014782809899727065,
haberman,SVM,SMOTE / SMOTENC,9,0.03125,0.0,0.09432315826416016,0.0200653076171875,298.0,-0.34392310733536335,37,171,32,36,0.7077063229637627,0.35570599684483245,5,18,4,3,0.8579545454545455,0.42766860172384985,
haberman,SVM,SMOTE / SMOTENC,10,0.015625,0.015625,0.0939779281616211,0.01947784423828125,250.0,-0.20561774282933354,38,174,29,35,0.7240704500978474,0.3885396221411034,3,15,7,5,0.5909090909090908,0.053300179088902604,
haberman,RandomForest,Baseline,1,0.578125,0.015625,0.22189807891845703,1.1153221130371094,,0.3689466666666667,73,198,4,0,0.9994574799945748,0.9639909969236897,4,16,7,4,0.6440217391304348,0.17892962380969743,
haberman,RandomForest,Baseline,2,0.59375,0.0,0.22663211822509766,1.1151695251464844,,0.4260723809523809,72,197,5,1,0.9987793299877933,0.9456502245316866,4,20,3,4,0.6739130434782609,0.38676339191429654,
haberman,RandomForest,Baseline,3,0.578125,0.0,0.2267475128173828,1.1031150817871094,,0.3667266666666668,73,198,4,0,0.9994574799945748,0.9639909969236897,2,20,3,6,0.6141304347826088,0.14224666503076472,
haberman,RandomForest,Baseline,4,0.578125,0.0,0.22536945343017578,1.0861778259277344,,0.44730571428571336,72,200,2,1,0.9996948324969483,0.972190036453143,2,16,7,6,0.5353260869565217,-0.05239121778849429,
haberman,RandomForest,Baseline,5,0.59375,0.015625,0.22511959075927734,1.1453819274902344,,0.41214285714285703,73,197,5,0,0.999084497490845,0.9553699062568188,4,19,4,4,0.8342391304347826,0.32608695652173914,
haberman,RandomForest,Baseline,6,0.59375,0.0,0.2235889434814453,1.0928916931152344,,0.35990666666666665,72,198,5,0,0.9991447728516696,0.9550045963391238,5,15,7,4,0.6818181818181818,0.2212064771005878,
haberman,RandomForest,Baseline,7,0.578125,0.0,0.2259540557861328,1.1139488220214844,,0.4066726190476191,72,200,3,1,0.9994601525069167,0.963238638638674,4,18,4,4,0.7244318181818181,0.3181818181818182,
haberman,RandomForest,Baseline,8,0.578125,0.0,0.22547626495361328,1.0870933532714844,,0.41100000000000003,73,197,6,0,0.9987853431405629,0.9469629303961973,1,19,3,7,0.5340909090909091,-0.014782809899727065,
haberman,RandomForest,Baseline,9,0.578125,0.015625,0.22249412536621094,1.1119651794433594,,0.3696666666666666,73,198,5,0,0.9991564882920575,0.9554296284471926,5,17,5,3,0.7159090909090909,0.3731012536223182,
haberman,RandomForest,Baseline,10,0.59375,0.0,0.22553062438964844,1.0941123962402344,,0.40016666666666667,73,197,6,0,0.9987853431405627,0.9469629303961973,1,14,8,7,0.49715909090909094,-0.23028309323591917,
haberman,RandomForest,IQR Capping,1,0.59375,0.0,0.23335742950439453,1.135422706604004,,0.3905466666666667,73,198,4,0,0.9994574799945748,0.9639909969236897,4,18,5,4,0.6875,0.2724343325001703,
haberman,RandomForest,IQR Capping,2,0.59375,0.0,0.23093700408935547,1.125809669494629,,0.42887238095238095,72,197,5,1,0.9987793299877933,0.9456502245316866,4,19,4,4,0.6548913043478262,0.32608695652173914,
haberman,RandomForest,IQR Capping,3,0.625,0.0,0.23499774932861328,1.128251075744629,,0.41432666666666673,73,198,4,0,0.9994574799945748,0.9639909969236897,2,20,3,6,0.6141304347826088,0.14224666503076472,
haberman,RandomForest,IQR Capping,4,0.609375,0.015625,0.2277984619140625,1.103226661682129,,0.4375057142857132,72,200,2,1,0.9996948324969483,0.972190036453143,2,17,6,6,0.5489130434782609,-0.010869565217391304,
haberman,RandomForest,IQR Capping,5,0.609375,0.0,0.23428630828857422,1.1560306549072266,,0.41214285714285703,73,197,5,0,0.9990844974908449,0.9553699062568188,5,18,5,3,0.8043478260869565,0.38154230979209985,
haberman,RandomForest,IQR Capping,6,0.59375,0.015625,0.2330026626586914,1.103379249572754,,0.43,71,199,4,1,0.999076354679803,0.9539564742443872,4,15,7,5,0.6691919191919192,0.11978324470334771,
haberman,RandomForest,IQR Capping,7,0.609375,0.0,0.23102188110351562,1.131150245666504,,0.4058392857142858,72,200,3,1,0.9994601525069169,0.963238638638674,3,19,3,5,0.7357954545454546,0.26382242650554316,
haberman,RandomForest,IQR Capping,8,0.609375,0.015625,0.2301778793334961,1.104142189025879,,0.41100000000000003,73,197,6,0,0.9987853431405628,0.9469629303961973,1,19,3,7,0.5170454545454545,-0.014782809899727065,
haberman,RandomForest,IQR Capping,9,0.578125,0.0,0.23114681243896484,1.121689796447754,,0.43883333333333335,72,199,4,1,0.999089007355422,0.9544057987654125,4,18,4,4,0.7102272727272727,0.3181818181818182,
haberman,RandomForest,IQR Capping,10,0.59375,0.0,0.23139286041259766,1.107956886291504,,0.40016666666666667,73,197,6,0,0.9987853431405628,0.9469629303961973,1,14,8,7,0.4943181818181818,-0.23028309323591917,
haberman,RandomForest,Quantile Capping,1,0.59375,0.0,0.23057079315185547,1.1134557723999023,,0.3717466666666667,73,198,4,0,0.9994574799945748,0.9639909969236897,3,17,6,5,0.6494565217391304,0.110021557355838,
haberman,RandomForest,Quantile Capping,2,0.59375,0.015625,0.22644615173339844,1.1218481063842773,,0.4260723809523809,72,197,5,1,0.9987793299877933,0.9456502245316866,4,20,3,4,0.671195652173913,0.38676339191429654,
haberman,RandomForest,Quantile Capping,3,0.609375,0.015625,0.22973251342773438,1.1099462509155273,,0.37520000000000014,73,198,4,0,0.9994574799945748,0.9639909969236897,2,20,3,6,0.6114130434782609,0.14224666503076472,
haberman,RandomForest,Quantile Capping,4,0.609375,0.0,0.232391357421875,1.0904150009155273,,0.44730571428571336,72,200,2,1,0.9996948324969483,0.972190036453143,2,17,6,6,0.5597826086956521,-0.010869565217391304,
haberman,RandomForest,Quantile Capping,5,0.59375,0.015625,0.23377704620361328,1.1476354598999023,,0.41214285714285703,73,197,5,0,0.9990844974908449,0.9553699062568188,4,19,4,4,0.8125,0.32608695652173914,
haberman,RandomForest,Quantile Capping,6,0.609375,0.015625,0.23427200317382812,1.0896520614624023,,0.35810666666666663,72,198,5,0,0.9991447728516695,0.9550045963391238,6,14,8,3,0.6843434343434344,0.27639499641139104,
haberman,RandomForest,Quantile Capping,7,0.609375,0.015625,0.2335958480834961,1.1198644638061523,,0.4066726190476191,72,200,3,1,0.9994601525069168,0.963238638638674,3,18,4,5,0.7244318181818182,0.20198059402174692,
haberman,RandomForest,Quantile Capping,8,0.59375,0.0,0.23234272003173828,1.0879735946655273,,0.41100000000000003,73,197,6,0,0.9987853431405628,0.9469629303961973,1,19,3,7,0.53125,-0.014782809899727065,
haberman,RandomForest,Quantile Capping,9,0.59375,0.0,0.2324657440185547,1.1139135360717773,,0.3696666666666666,73,198,5,0,0.9991564882920574,0.9554296284471926,5,17,5,3,0.7073863636363636,0.3731012536223182,
haberman,RandomForest,Quantile Capping,10,0.59375,0.015625,0.23212528228759766,1.1050634384155273,,0.39016666666666666,73,197,6,0,0.9987853431405628,0.9469629303961973,1,15,7,7,0.48011363636363635,-0.19318181818181818,
haberman,RandomForest,IQR Removal,1,0.59375,0.0,0.24523544311523438,0.9804525375366211,,0.47,67,194,8,6,0.9873864098738641,0.8707370499076229,3,19,4,5,0.6847826086956522,0.21044478677689665,
haberman,RandomForest,IQR Removal,2,0.59375,0.0,0.24422931671142578,0.9563436508178711,,0.4046119047619042,71,188,14,2,0.9803336498033365,0.8631392117400772,4,19,4,4,0.7010869565217391,0.32608695652173914,
haberman,RandomForest,IQR Removal,3,0.59375,0.0,0.2484445571899414,0.9247579574584961,,0.4426666666666667,71,189,13,2,0.9797572222975722,0.8707318436615372,1,19,4,7,0.5869565217391305,-0.058191817512585564,
haberman,RandomForest,IQR Removal,4,0.5625,0.0,0.24251270294189453,0.9229269027709961,,0.3259999999999997,69,188,14,4,0.9757900447579004,0.8425608218042474,4,16,7,4,0.5271739130434783,0.17892962380969743,
haberman,RandomForest,IQR Removal,5,0.59375,0.0,0.2446613311767578,0.9648885726928711,,0.3281000000000004,70,184,18,3,0.9717211447172114,0.8233642029805974,6,18,5,2,0.8097826086956522,0.4870861981486208,
haberman,RandomForest,IQR Removal,6,0.59375,0.0,0.2452678680419922,0.9067525863647461,,0.36,67,186,17,5,0.9668513957307061,0.80824829495213,6,13,9,3,0.6313131313131313,0.23395480008935163,
haberman,RandomForest,IQR Removal,7,0.59375,0.0,0.24388504028320312,0.9671773910522461,,0.37,72,186,17,1,0.972299075511168,0.8516644807717528,3,16,6,5,0.6590909090909092,0.09869275424396536,
haberman,RandomForest,IQR Removal,8,0.578125,0.015625,0.24730777740478516,0.9020137786865234,,0.49034523809523806,66,194,9,7,0.9837708347391861,0.8524431127940089,2,19,3,6,0.5625,0.13483997249264842,
haberman,RandomForest,IQR Removal,9,0.59375,0.0,0.24650859832763672,0.9568014144897461,,0.36083333333333334,68,188,15,5,0.9744247250151832,0.824867570973942,5,17,5,3,0.7130681818181819,0.3731012536223182,
haberman,RandomForest,IQR Removal,10,0.578125,0.0,0.24432945251464844,0.9105672836303711,,0.325,73,185,18,0,0.9704770902220123,0.855024539176541,2,11,11,6,0.5340909090909092,-0.22310032643658007,
haberman,RandomForest,Quantile Removal,1,0.59375,0.0,0.24933433532714844,1.0979700088500977,,0.45758333333333334,70,199,3,3,0.9971856774718568,0.9440526244405263,3,17,6,5,0.6304347826086957,0.110021557355838,
haberman,RandomForest,Quantile Removal,2,0.59375,0.0,0.24832630157470703,1.0712671279907227,,0.3753999999999999,72,194,8,1,0.9926081649260816,0.9204199096120149,4,20,3,4,0.6793478260869565,0.38676339191429654,
haberman,RandomForest,Quantile Removal,3,0.59375,0.0,0.24709320068359375,1.0595178604125977,,0.39035047619047586,70,198,4,3,0.995456394954564,0.9350526201419033,2,19,4,6,0.6657608695652174,0.08427009716003844,
haberman,RandomForest,Quantile Removal,4,0.609375,0.0,0.2501201629638672,1.0540246963500977,,0.33586666666666676,72,197,5,1,0.9946765224467652,0.9456502245316866,3,16,7,5,0.5271739130434783,0.06613400036396397,
haberman,RandomForest,Quantile Removal,5,0.59375,0.0,0.2469339370727539,1.1213159561157227,,0.4940000000000009,66,202,0,7,0.997287399972874,0.9347878939272914,3,21,2,5,0.8043478260869565,0.342685147574115,
haberman,RandomForest,Quantile Removal,6,0.609375,0.0,0.24933719635009766,1.0561609268188477,,0.32133999999999985,72,195,8,0,0.9964764641488779,0.9298021400838102,7,13,9,2,0.6843434343434343,0.334876478559268,
haberman,RandomForest,Quantile Removal,7,0.59375,0.0,0.2484598159790039,1.0857629776000977,,0.4,72,197,6,1,0.993926715702814,0.9371856421837759,4,16,6,4,0.6960227272727273,0.21320071635561041,
haberman,RandomForest,Quantile Removal,8,0.59375,0.0,0.24634361267089844,1.03021240234375,,0.4016904761904761,73,195,8,0,0.9953100749038397,0.9304396459112498,1,19,3,7,0.48863636363636365,-0.014782809899727065,
haberman,RandomForest,Quantile Removal,9,0.578125,0.0,0.2471323013305664,1.0795068740844727,,0.3515,72,195,8,1,0.9955462581820635,0.9205282007536977,5,16,6,3,0.7073863636363636,0.3232676249994279,
haberman,RandomForest,Quantile Removal,10,0.59375,0.0,0.24917888641357422,1.0622644424438477,,0.46137499999999987,70,198,5,3,0.9951413725622512,0.9263067966904523,1,18,4,7,0.4772727272727273,-0.06741998624632421,
haberman,RandomForest,Yeo-Johnson,1,0.609375,0.0,0.2245616912841797,1.1158638000488281,,0.37614666666666674,73,198,4,0,0.9994574799945748,0.9639909969236897,5,17,6,3,0.6385869565217391,0.3330079109791591,
haberman,RandomForest,Yeo-Johnson,2,0.609375,0.0,0.2251453399658203,1.1157112121582031,,0.4326466666666667,72,197,5,1,0.9987793299877933,0.9456502245316866,4,20,3,4,0.6902173913043478,0.38676339191429654,
haberman,RandomForest,Yeo-Johnson,3,0.59375,0.0,0.22640228271484375,1.1036567687988281,,0.3739266666666668,73,198,4,0,0.9994574799945748,0.9639909969236897,2,19,4,6,0.6195652173913043,0.08427009716003844,
haberman,RandomForest,Yeo-Johnson,4,0.59375,0.0,0.22694778442382812,1.0867195129394531,,0.44730571428571336,72,200,2,1,0.9996948324969483,0.972190036453143,2,16,7,6,0.5461956521739131,-0.05239121778849429,
haberman,RandomForest,Yeo-Johnson,5,0.609375,0.0,0.22797107696533203,1.1459236145019531,,0.4021428571428571,73,197,5,0,0.9990844974908449,0.9553699062568188,5,18,5,3,0.8097826086956522,0.38154230979209985,
haberman,RandomForest,Yeo-Johnson,6,0.59375,0.0,0.22591400146484375,1.0934333801269531,,0.35710666666666663,72,198,5,0,0.9991447728516694,0.9550045963391238,7,14,8,2,0.6464646464646465,0.3761626197515065,
haberman,RandomForest,Yeo-Johnson,7,0.59375,0.0,0.2267465591430664,1.1144905090332031,,0.4066726190476191,72,200,3,1,0.9994601525069168,0.963238638638674,2,17,5,6,0.6704545454545454,0.023762422826087874,
haberman,RandomForest,Yeo-Johnson,8,0.609375,0.0,0.22775650024414062,1.0876350402832031,,0.41100000000000003,73,197,6,0,0.9987853431405628,0.9469629303961973,1,18,4,7,0.5142045454545454,-0.06741998624632421,
haberman,RandomForest,Yeo-Johnson,9,0.609375,0.015625,0.2259502410888672,1.1125068664550781,,0.3696666666666666,73,198,5,0,0.9991564882920575,0.9554296284471926,5,16,6,3,0.71875,0.3232676249994279,
haberman,RandomForest,Yeo-Johnson,10,0.609375,0.0,0.22544193267822266,1.0946540832519531,,0.40016666666666667,73,197,6,0,0.9987853431405628,0.9469629303961973,1,15,7,7,0.5227272727272727,-0.19318181818181818,
haberman,RandomForest,Quantile Transform,1,0.5625,0.0,0.2324371337890625,1.123764991760254,,0.3689466666666667,73,198,4,0,0.9994574799945749,0.9639909969236897,5,16,7,3,0.6467391304347826,0.28805517153128696,
haberman,RandomForest,Quantile Transform,2,0.578125,0.0,0.2382822036743164,1.123612403869629,,0.4260723809523809,72,197,5,1,0.9987793299877933,0.9456502245316866,4,20,3,4,0.6820652173913044,0.38676339191429654,
haberman,RandomForest,Quantile Transform,3,0.59375,0.0,0.23334407806396484,1.1115493774414062,,0.3639266666666668,73,198,4,0,0.9994574799945748,0.9639909969236897,2,20,3,6,0.625,0.14224666503076472,
haberman,RandomForest,Quantile Transform,4,0.59375,0.0,0.23563003540039062,1.0946121215820312,,0.44730571428571336,72,200,2,1,0.9996948324969482,0.972190036453143,2,16,7,6,0.5407608695652173,-0.05239121778849429,
haberman,RandomForest,Quantile Transform,5,0.59375,0.0,0.2361888885498047,1.153824806213379,,0.41214285714285703,73,197,5,0,0.999084497490845,0.9553699062568188,4,18,5,4,0.8152173913043479,0.2724343325001703,
haberman,RandomForest,Quantile Transform,6,0.59375,0.015625,0.23592853546142578,1.1013259887695312,,0.35710666666666663,72,198,5,0,0.9991447728516694,0.9550045963391238,7,14,8,2,0.6363636363636364,0.3761626197515065,
haberman,RandomForest,Quantile Transform,7,0.578125,0.015625,0.23720932006835938,1.1224136352539062,,0.4066726190476191,72,200,3,1,0.9994601525069168,0.963238638638674,3,19,3,5,0.7215909090909091,0.26382242650554316,
haberman,RandomForest,Quantile Transform,8,0.59375,0.015625,0.23707199096679688,1.0955581665039062,,0.41100000000000003,73,197,6,0,0.9987853431405628,0.9469629303961973,1,19,3,7,0.5227272727272727,-0.014782809899727065,
haberman,RandomForest,Quantile Transform,9,0.59375,0.0,0.23536109924316406,1.1204299926757812,,0.3696666666666666,73,198,5,0,0.9991564882920575,0.9554296284471926,5,17,5,3,0.7159090909090909,0.3731012536223182,
haberman,RandomForest,Quantile Transform,10,0.59375,0.015625,0.23574542999267578,1.1025772094726562,,0.40016666666666667,73,197,6,0,0.9987853431405628,0.9469629303961973,1,14,8,7,0.5255681818181818,-0.23028309323591917,
haberman,RandomForest,Min-Max Scaler,1,0.578125,0.015625,0.22790241241455078,1.1155080795288086,,0.3689466666666667,73,198,4,0,0.9994574799945748,0.9639909969236897,4,17,6,4,0.6440217391304348,0.2238381550780319,
haberman,RandomForest,Min-Max Scaler,2,0.59375,0.015625,0.2278575897216797,1.1153554916381836,,0.4326466666666667,72,197,5,1,0.9987793299877933,0.9456502245316866,4,20,3,4,0.6929347826086957,0.38676339191429654,
haberman,RandomForest,Min-Max Scaler,3,0.59375,0.0,0.2245616912841797,1.1033010482788086,,0.3667266666666668,73,198,4,0,0.9994574799945748,0.9639909969236897,2,19,4,6,0.625,0.08427009716003844,
haberman,RandomForest,Min-Max Scaler,4,0.59375,0.0,0.2258443832397461,1.0863637924194336,,0.44730571428571336,72,200,2,1,0.9996948324969482,0.972190036453143,2,16,7,6,0.5434782608695652,-0.05239121778849429,
haberman,RandomForest,Min-Max Scaler,5,0.578125,0.0,0.22417831420898438,1.1455678939819336,,0.41214285714285703,73,197,5,0,0.999084497490845,0.9553699062568188,4,19,4,4,0.8342391304347826,0.32608695652173914,
haberman,RandomForest,Min-Max Scaler,6,0.578125,0.0,0.22495174407958984,1.0930776596069336,,0.35710666666666663,72,198,5,0,0.9991447728516694,0.9550045963391238,5,14,8,4,0.6515151515151515,0.17653997989038583,
haberman,RandomForest,Min-Max Scaler,7,0.59375,0.0,0.22811126708984375,1.1141347885131836,,0.4066726190476191,72,200,3,1,0.9994601525069168,0.963238638638674,2,18,4,6,0.6704545454545454,0.07537783614444091,
haberman,RandomForest,Min-Max Scaler,8,0.578125,0.0,0.2256641387939453,1.0872793197631836,,0.41100000000000003,73,197,6,0,0.9987853431405628,0.9469629303961973,1,19,3,7,0.5482954545454546,-0.014782809899727065,
haberman,RandomForest,Min-Max Scaler,9,0.59375,0.0,0.22674179077148438,1.1121511459350586,,0.3696666666666666,73,198,5,0,0.9991564882920575,0.9554296284471926,5,17,5,3,0.7159090909090909,0.3731012536223182,
haberman,RandomForest,Min-Max Scaler,10,0.578125,0.0,0.22944164276123047,1.0942983627319336,,0.40016666666666667,73,197,6,0,0.9987853431405628,0.9469629303961973,1,14,8,7,0.5198863636363636,-0.23028309323591917,
haberman,RandomForest,Standard Scaler,1,0.59375,0.0,0.22718429565429688,1.1153841018676758,,0.3689466666666667,73,198,4,0,0.9994574799945748,0.9639909969236897,4,17,6,4,0.654891304347826,0.2238381550780319,
haberman,RandomForest,Standard Scaler,2,0.59375,0.0,0.22673988342285156,1.1152315139770508,,0.4260723809523809,72,197,5,1,0.9987793299877933,0.9456502245316866,4,20,3,4,0.7228260869565217,0.38676339191429654,
haberman,RandomForest,Standard Scaler,3,0.59375,0.0,0.22658443450927734,1.1031770706176758,,0.3667266666666668,73,198,4,0,0.9994574799945748,0.9639909969236897,2,20,3,6,0.6222826086956522,0.14224666503076472,
haberman,RandomForest,Standard Scaler,4,0.578125,0.0,0.22484111785888672,1.0862398147583008,,0.44730571428571336,72,200,2,1,0.9996948324969482,0.972190036453143,2,16,7,6,0.5380434782608696,-0.05239121778849429,
haberman,RandomForest,Standard Scaler,5,0.609375,0.0,0.22520828247070312,1.1454439163208008,,0.41214285714285703,73,197,5,0,0.9990844974908449,0.9553699062568188,4,19,4,4,0.828804347826087,0.32608695652173914,
haberman,RandomForest,Standard Scaler,6,0.578125,0.0,0.2256155014038086,1.0929536819458008,,0.35990666666666665,72,198,5,0,0.9991447728516695,0.9550045963391238,6,15,7,3,0.6666666666666666,0.3205594371693848,
haberman,RandomForest,Standard Scaler,7,0.59375,0.0,0.22768688201904297,1.1140108108520508,,0.4066726190476191,72,200,3,1,0.9994601525069168,0.963238638638674,4,18,4,4,0.71875,0.3181818181818182,
haberman,RandomForest,Standard Scaler,8,0.59375,0.0,0.22402477264404297,1.0871553421020508,,0.41100000000000003,73,197,6,0,0.9987853431405628,0.9469629303961973,1,19,3,7,0.5227272727272727,-0.014782809899727065,
haberman,RandomForest,Standard Scaler,9,0.578125,0.0,0.22461986541748047,1.1120271682739258,,0.3696666666666666,73,198,5,0,0.9991564882920574,0.9554296284471926,5,17,5,3,0.71875,0.3731012536223182,
haberman,RandomForest,Standard Scaler,10,0.59375,0.015625,0.2299032211303711,1.0941743850708008,,0.40016666666666667,73,197,6,0,0.9987853431405628,0.9469629303961973,1,14,8,7,0.5142045454545454,-0.23028309323591917,
haberman,RandomForest,Robust Scaler,1,0.59375,0.015625,0.22855854034423828,1.1153745651245117,,0.3689466666666667,73,198,4,0,0.9994574799945748,0.9639909969236897,4,16,7,4,0.6494565217391304,0.17892962380969743,
haberman,RandomForest,Robust Scaler,2,0.578125,0.0,0.22680282592773438,1.1152219772338867,,0.4260723809523809,72,197,5,1,0.9987793299877933,0.9456502245316866,4,20,3,4,0.7010869565217391,0.38676339191429654,
haberman,RandomForest,Robust Scaler,3,0.5625,0.015625,0.22446060180664062,1.1031675338745117,,0.3667266666666668,73,198,4,0,0.9994574799945748,0.9639909969236897,2,20,3,6,0.6168478260869565,0.14224666503076472,
haberman,RandomForest,Robust Scaler,4,0.59375,0.0,0.22528648376464844,1.0862302780151367,,0.44730571428571336,72,200,2,1,0.9996948324969483,0.972190036453143,2,16,7,6,0.5353260869565217,-0.05239121778849429,
haberman,RandomForest,Robust Scaler,5,0.59375,0.0,0.22745609283447266,1.1454343795776367,,0.41214285714285703,73,197,5,0,0.999084497490845,0.9553699062568188,4,19,4,4,0.8342391304347826,0.32608695652173914,
haberman,RandomForest,Robust Scaler,6,0.578125,0.0,0.22636795043945312,1.0929441452026367,,0.35710666666666663,72,198,5,0,0.9991447728516695,0.9550045963391238,6,15,7,3,0.6590909090909091,0.3205594371693848,
haberman,RandomForest,Robust Scaler,7,0.578125,0.0,0.22618675231933594,1.1140012741088867,,0.4066726190476191,72,200,3,1,0.9994601525069168,0.963238638638674,3,18,4,5,0.71875,0.20198059402174692,
haberman,RandomForest,Robust Scaler,8,0.59375,0.0,0.22801494598388672,1.0871458053588867,,0.41100000000000003,73,197,6,0,0.9987853431405628,0.9469629303961973,1,19,3,7,0.5340909090909091,-0.014782809899727065,
haberman,RandomForest,Robust Scaler,9,0.59375,0.015625,0.22818374633789062,1.1120176315307617,,0.3696666666666666,73,198,5,0,0.9991564882920574,0.9554296284471926,5,17,5,3,0.7159090909090909,0.3731012536223182,
haberman,RandomForest,Robust Scaler,10,0.59375,0.0,0.22269725799560547,1.0941648483276367,,0.40016666666666667,73,197,6,0,0.9987853431405628,0.9469629303961973,1,14,8,7,0.49715909090909094,-0.23028309323591917,
haberman,RandomForest,Uniform Binning,1,0.578125,0.0,0.22386741638183594,0.5474433898925781,,0.4157489601901364,36,178,24,37,0.7894005153940051,0.400227667444254,3,20,3,5,0.782608695652174,0.2708681694429807,
haberman,RandomForest,Uniform Binning,2,0.59375,0.015625,0.2255687713623047,0.5436286926269531,,0.42968648710766155,34,186,16,39,0.8034721280347212,0.4425491181309677,3,17,6,5,0.6141304347826086,0.110021557355838,
haberman,RandomForest,Uniform Binning,3,0.578125,0.015625,0.22581863403320312,0.5880403518676758,,0.39418345746101163,39,180,22,34,0.8118472806184728,0.45206109297144725,2,19,4,6,0.641304347826087,0.08427009716003844,
haberman,RandomForest,Uniform Binning,4,0.578125,0.0,0.22200584411621094,0.5504951477050781,,0.5025188058415612,30,191,11,43,0.8027939780279398,0.44197835906859556,2,20,3,6,0.6847826086956521,0.14224666503076472,
haberman,RandomForest,Uniform Binning,5,0.578125,0.0,0.2277669906616211,0.5643806457519531,,0.389506806722689,29,192,10,44,0.7986233554862336,0.44017218624211835,4,21,2,4,0.75,0.457466241725923,
haberman,RandomForest,Uniform Binning,6,0.578125,0.015625,0.22558307647705078,0.5798006057739258,,0.38532834498834473,44,175,28,28,0.8241995073891625,0.4731800766283525,2,17,5,7,0.5025252525252526,-0.005482930791331409,
haberman,RandomForest,Uniform Binning,7,0.578125,0.0,0.22618389129638672,0.5741462707519531,,0.3192132867132867,51,157,46,22,0.8050138335920102,0.4360797170096978,5,14,8,3,0.7386363636363636,0.23324125036551555,
haberman,RandomForest,Uniform Binning,8,0.59375,0.015625,0.22513103485107422,0.5765962600708008,,0.3902948717948718,40,181,22,33,0.8199946015250692,0.464553326005217,1,18,4,7,0.625,-0.06741998624632421,
haberman,RandomForest,Uniform Binning,9,0.578125,0.0,0.22738265991210938,0.5659065246582031,,0.4132809235024708,39,177,26,34,0.7999527633443553,0.4221987939176527,2,19,3,6,0.6619318181818182,0.13483997249264842,
haberman,RandomForest,Uniform Binning,10,0.578125,0.0,0.22537994384765625,0.5955171585083008,,0.5235,19,201,2,54,0.7851406977528846,0.41658321539075605,0,21,1,8,0.4005681818181818,-0.11197850219117086,
haberman,RandomForest,Quantile Binning,1,0.578125,0.015625,0.22891902923583984,0.8166446685791016,,0.40731962481962486,46,175,27,27,0.8668113386681133,0.4964736199647362,4,17,6,4,0.6385869565217391,0.2238381550780319,
haberman,RandomForest,Quantile Binning,2,0.59375,0.0,0.2259998321533203,0.7913150787353516,,0.4161904761904763,36,187,15,37,0.8488742709887427,0.475917187432431,2,17,6,6,0.611413043478261,-0.010869565217391304,
haberman,RandomForest,Quantile Binning,3,0.578125,0.0,0.2267932891845703,0.7968082427978516,,0.42381171356421365,39,183,19,34,0.862979791129798,0.4764645905056165,1,19,4,7,0.48641304347826086,-0.058191817512585564,
haberman,RandomForest,Quantile Binning,4,0.578125,0.0,0.22582626342773438,0.8094730377197266,,0.28262904761904756,59,145,57,14,0.8509765360097654,0.47035863340849177,4,14,9,4,0.6114130434782609,0.09638582199437337,
haberman,RandomForest,Quantile Binning,5,0.59375,0.0,0.22909832000732422,0.7974185943603516,,0.4656731218781215,28,194,8,45,0.8424318459243185,0.45028961319517097,5,20,3,3,0.7717391304347827,0.4945652173913043,
haberman,RandomForest,Quantile Binning,6,0.59375,0.015625,0.22363948822021484,0.8059635162353516,,0.34590476190476194,49,171,32,23,0.8683976464148878,0.504320030813326,1,13,9,8,0.3712121212121212,-0.28934086078211235,
haberman,RandomForest,Quantile Binning,7,0.59375,0.015625,0.22701263427734375,0.7864322662353516,,0.4535,45,183,20,28,0.8817396585464605,0.5383578241099825,2,17,5,6,0.5994318181818182,0.023762422826087874,
haberman,RandomForest,Quantile Binning,8,0.59375,0.0,0.22470378875732422,0.8030643463134766,,0.44019841269841276,41,186,17,32,0.8786017949929146,0.5173735590206663,3,17,5,5,0.6221590909090909,0.14772727272727273,
haberman,RandomForest,Quantile Binning,9,0.59375,0.0,0.2271595001220703,0.8166446685791016,,0.3958073593073594,47,174,29,26,0.8628787367568662,0.49465991692505046,4,17,5,4,0.6846590909090909,0.2631806779839076,
haberman,RandomForest,Quantile Binning,10,0.578125,0.015625,0.22719955444335938,0.7873477935791016,,0.29963095238095233,63,146,57,10,0.8769147715770295,0.5180214762697755,4,14,8,4,0.5795454545454546,0.12309149097933272,
haberman,RandomForest,Random Undersampling,1,0.59375,0.0,0.2212677001953125,0.6876010894775391,,0.6527999999999997,72,167,35,1,0.9369320493693205,0.7363754746973445,4,17,6,4,0.7663043478260869,0.2238381550780319,
haberman,RandomForest,Random Undersampling,2,0.578125,0.0,0.2235879898071289,0.7159910202026367,,0.5713999999999998,73,168,34,0,0.932659704326597,0.7532662291841048,4,19,4,4,0.6086956521739131,0.32608695652173914,
haberman,RandomForest,Random Undersampling,3,0.578125,0.0,0.22312355041503906,0.6998081207275391,,0.6336000000000002,71,174,28,2,0.9479858944798588,0.7672262310664051,3,19,4,5,0.7228260869565217,0.21044478677689665,
haberman,RandomForest,Random Undersampling,4,0.578125,0.015625,0.22107791900634766,0.6445713043212891,,0.7158000000000001,67,178,24,6,0.938084904380849,0.7498118435026332,3,16,7,5,0.6222826086956522,0.06613400036396397,
haberman,RandomForest,Random Undersampling,5,0.578125,0.0,0.2212839126586914,0.7257566452026367,,0.7073333333333334,69,177,25,4,0.9434422894344228,0.7647357413119847,6,21,2,2,0.8641304347826086,0.6630434782608695,
haberman,RandomForest,Random Undersampling,6,0.59375,0.015625,0.22477149963378906,0.6914005279541016,,0.6136000000000001,70,174,29,2,0.9503968253968255,0.7596019680805314,5,13,9,4,0.6565656565656566,0.13359091493217232,
haberman,RandomForest,Random Undersampling,7,0.578125,0.0,0.22475147247314453,0.7443723678588867,,0.68,71,184,19,2,0.9592077738039003,0.8270350167052863,2,18,4,6,0.6732954545454546,0.07537783614444091,
haberman,RandomForest,Random Undersampling,8,0.578125,0.0,0.21864700317382812,0.6995115280151367,,0.65,71,177,26,2,0.9583642620959578,0.7802055265727473,2,19,3,6,0.4857954545454546,0.13483997249264842,
haberman,RandomForest,Random Undersampling,9,0.59375,0.0,0.22437667846679688,0.6944675445556641,,0.6625000000000001,68,180,23,5,0.9436871583777583,0.7676543900418777,4,17,5,4,0.6590909090909091,0.2631806779839076,
haberman,RandomForest,Random Undersampling,10,0.578125,0.0,0.2236166000366211,0.6790561676025391,,0.69,68,179,24,5,0.9425737229232742,0.7609337532269508,1,16,6,7,0.43465909090909094,-0.15445574836957118,
haberman,RandomForest,SMOTE / SMOTENC,1,0.59375,0.0,0.2606382369995117,1.4362459182739258,,0.44934126984126976,72,199,3,1,0.9993896649938967,0.9631898254769651,6,17,6,2,0.6467391304347827,0.4394061938612852,
haberman,RandomForest,SMOTE / SMOTENC,2,0.609375,0.015625,0.26299095153808594,1.4565486907958984,,0.45924666666666675,72,197,5,1,0.9986436999864371,0.9456502245316866,4,19,4,4,0.6875000000000001,0.32608695652173914,
haberman,RandomForest,SMOTE / SMOTENC,3,0.59375,0.0,0.2616243362426758,1.4995784759521484,,0.41434000000000004,73,198,4,0,0.9994574799945748,0.9639909969236897,3,19,4,5,0.6902173913043479,0.21044478677689665,
haberman,RandomForest,SMOTE / SMOTENC,4,0.59375,0.0,0.26263427734375,1.4440364837646484,,0.45657238095238,72,200,2,1,0.9996948324969483,0.972190036453143,2,14,9,6,0.483695652173913,-0.12922695052922592,
haberman,RandomForest,SMOTE / SMOTENC,5,0.59375,0.0,0.2610301971435547,1.504012107849121,,0.41214285714285703,73,197,5,0,0.9990844974908449,0.9553699062568188,6,18,5,2,0.7907608695652174,0.4870861981486208,
haberman,RandomForest,SMOTE / SMOTENC,6,0.609375,0.0,0.26114368438720703,1.4537715911865234,,0.4375,71,199,4,1,0.9990079365079364,0.9539564742443872,7,12,10,2,0.712121212121212,0.29482132950548373,
haberman,RandomForest,SMOTE / SMOTENC,7,0.59375,0.0,0.25743865966796875,1.4849300384521484,,0.45433333333333337,71,201,2,2,0.9992577096970106,0.9627505229772589,4,14,8,4,0.6590909090909091,0.12309149097933272,
haberman,RandomForest,SMOTE / SMOTENC,8,0.609375,0.0,0.2597503662109375,1.4270992279052734,,0.5001249999999999,71,199,4,2,0.998650381267292,0.9447727176645632,2,20,2,6,0.5710227272727273,0.2069593385961789,
haberman,RandomForest,SMOTE / SMOTENC,9,0.59375,0.0,0.2623100280761719,1.4681453704833984,,0.4005,73,198,5,0,0.9989540454821513,0.9554296284471926,5,15,7,3,0.7130681818181819,0.27695585470349865,
haberman,RandomForest,SMOTE / SMOTENC,10,0.59375,0.0,0.2622661590576172,1.4812679290771484,,0.3976666666666666,73,197,6,0,0.9987853431405628,0.9469629303961973,8,13,9,0,0.6619318181818182,0.5273280443046439,
haberman,MLP,Baseline,1,0.203125,0.0,0.4377307891845703,0.019741058349609375,18.0,0.2379040319662529,2,201,1,71,0.375695103756951,0.09542140340134311,0,23,0,8,0.29891304347826086,0.0,
haberman,MLP,Baseline,2,0.28125,0.015625,0.4372081756591797,0.019741058349609375,18.0,0.23715675960717394,2,201,1,71,0.36213210362132103,0.09542140340134311,0,23,0,8,0.3532608695652174,0.0,
haberman,MLP,Baseline,3,0.28125,0.0,0.43834877014160156,0.019741058349609375,18.0,0.1745009212624139,5,195,7,68,0.36267462362674624,0.07314673297522803,1,23,0,7,0.39673913043478265,0.30956959368344517,
haberman,MLP,Baseline,4,0.28125,0.0,0.43531322479248047,0.019741058349609375,18.0,0.16074581021607642,6,197,5,67,0.35450291604502915,0.12943388579707907,0,21,2,8,0.45652173913043476,-0.15488061853247326,
haberman,MLP,Baseline,5,0.375,0.0,0.43869972229003906,0.019741058349609375,18.0,0.17804399681485494,6,196,6,67,0.3742370812423708,0.11345805876317935,0,22,1,8,0.24456521739130432,-0.1076763804116331,
haberman,MLP,Baseline,6,0.375,0.0,0.4371156692504883,0.019741058349609375,18.0,0.23139177612900777,2,202,1,70,0.36353995621237,0.0967135044198758,0,22,0,9,0.41414141414141414,0.0,
haberman,MLP,Baseline,7,0.28125,0.0,0.43749523162841797,0.019741058349609375,18.0,0.26753737443089676,2,202,1,71,0.36905324245900534,0.09558567989469727,0,22,0,8,0.32954545454545453,0.0,
haberman,MLP,Baseline,8,0.28125,0.0,0.43890380859375,0.019741058349609375,18.0,0.26934612522073803,2,202,1,71,0.3632498819083609,0.09558567989469727,0,22,0,8,0.3920454545454546,0.0,
haberman,MLP,Baseline,9,0.28125,0.0,0.43819236755371094,0.019741058349609375,18.0,0.18924951848835164,6,197,6,67,0.37185370132937445,0.11383939190499265,0,21,1,8,0.3181818181818182,-0.11197850219117086,
haberman,MLP,Baseline,10,0.203125,0.046875,0.4375438690185547,0.019741058349609375,18.0,0.20601928785638315,4,198,5,69,0.34813415210203114,0.07490679037546617,1,21,1,7,0.48863636363636365,0.14101901870444156,
haberman,MLP,IQR Capping,1,0.359375,0.0,0.44596290588378906,0.019852638244628906,18.0,0.2344216160805313,2,201,1,71,0.37745829377458295,0.09542140340134311,0,23,0,8,0.30978260869565216,0.0,
haberman,MLP,IQR Capping,2,0.375,0.0,0.4455404281616211,0.019852638244628906,18.0,0.22626536743944675,2,201,1,71,0.368913603689136,0.09542140340134311,0,23,0,8,0.36413043478260865,0.0,
haberman,MLP,IQR Capping,3,0.46875,0.0,0.4428138732910156,0.019852638244628906,18.0,0.17037469749848863,5,195,7,68,0.366675708666757,0.07314673297522803,1,23,0,7,0.3967391304347826,0.30956959368344517,
haberman,MLP,IQR Capping,4,0.375,0.09375,0.44449615478515625,0.019852638244628906,18.0,0.1538469945497361,6,197,5,67,0.3688796961887969,0.12943388579707907,0,21,2,8,0.4565217391304348,-0.15488061853247326,
haberman,MLP,IQR Capping,5,0.46875,0.0,0.4450197219848633,0.019852638244628906,18.0,0.17053242714295613,6,196,6,67,0.38088295130882954,0.11345805876317935,0,22,1,8,0.30978260869565216,-0.1076763804116331,
haberman,MLP,IQR Capping,6,0.46875,0.0,0.44471263885498047,0.019852638244628906,18.0,0.21953032466752,2,202,1,70,0.37564997263273125,0.0967135044198758,0,22,0,9,0.3939393939393939,0.0,
haberman,MLP,IQR Capping,7,0.375,0.0,0.4457416534423828,0.019852638244628906,18.0,0.25784346695189664,2,202,1,71,0.37661110736217024,0.09558567989469727,0,22,0,8,0.34659090909090906,0.0,
haberman,MLP,IQR Capping,8,0.375,0.0,0.4454460144042969,0.019852638244628906,18.0,0.2624117569496739,2,202,1,71,0.3644645387677981,0.09558567989469727,0,22,0,8,0.39204545454545453,0.0,
haberman,MLP,IQR Capping,9,0.46875,0.09375,0.44600963592529297,0.019852638244628906,18.0,0.18198740083901938,6,197,6,67,0.3833254605573926,0.11383939190499265,0,21,1,8,0.34659090909090906,-0.11197850219117086,
haberman,MLP,IQR Capping,10,0.375,0.0,0.4429464340209961,0.019852638244628906,18.0,0.1966835555367009,4,198,5,69,0.36324988190836094,0.07490679037546617,1,21,1,7,0.47159090909090906,0.14101901870444156,
haberman,MLP,Quantile Capping,1,0.375,0.0625,0.4448690414428711,0.019858360290527344,18.0,0.2387601984169375,2,201,1,71,0.3746778787467788,0.09542140340134311,0,23,0,8,0.29347826086956524,0.0,
haberman,MLP,Quantile Capping,2,0.40625,0.0,0.4449758529663086,0.019858360290527344,18.0,0.23762992863879465,2,201,1,71,0.3619286586192866,0.09542140340134311,0,23,0,8,0.3532608695652174,0.0,
haberman,MLP,Quantile Capping,3,0.375,0.0,0.4448356628417969,0.019858360290527344,18.0,0.15416965897791512,5,193,9,68,0.36253899362538994,0.04808983855647063,1,23,0,7,0.39673913043478265,0.30956959368344517,
haberman,MLP,Quantile Capping,4,0.375,0.0,0.44365882873535156,0.019858360290527344,18.0,0.16108671586345838,6,197,5,67,0.35396039603960394,0.12943388579707907,0,21,2,8,0.45652173913043476,-0.15488061853247326,
haberman,MLP,Quantile Capping,5,0.46875,0.0,0.4447498321533203,0.019858360290527344,18.0,0.24407486735530945,2,201,1,71,0.3732876712328767,0.09542140340134311,0,23,0,8,0.24456521739130432,0.0,
haberman,MLP,Quantile Capping,6,0.375,0.0,0.4421195983886719,0.019858360290527344,18.0,0.23256173057371834,2,202,1,70,0.36189792008757526,0.0967135044198758,0,22,0,9,0.41414141414141414,0.0,
haberman,MLP,Quantile Capping,7,0.375,0.0,0.44530773162841797,0.019858360290527344,18.0,0.268331637943136,2,202,1,71,0.36817599028274506,0.09558567989469727,0,22,0,8,0.32954545454545453,0.0,
haberman,MLP,Quantile Capping,8,0.375,0.09375,0.4453582763671875,0.019858360290527344,18.0,0.27027456677278805,2,202,1,71,0.36217018692219444,0.09558567989469727,0,22,0,8,0.3806818181818182,0.0,
haberman,MLP,Quantile Capping,9,0.375,0.0,0.44279956817626953,0.019858360290527344,18.0,0.18340112442446124,6,197,6,67,0.37097644915311423,0.11383939190499265,0,21,1,8,0.3181818181818182,-0.11197850219117086,
haberman,MLP,Quantile Capping,10,0.375,0.0,0.4437274932861328,0.019858360290527344,18.0,0.14560968649011757,7,192,11,66,0.34725689992577097,0.07449599420919742,1,19,3,7,0.4829545454545454,-0.014782809899727065,
haberman,MLP,IQR Removal,1,0.375,0.0,0.441375732421875,0.019977569580078125,18.0,0.22710031366333183,2,201,1,71,0.37142275871422753,0.09542140340134311,0,23,0,8,0.29891304347826086,0.0,
haberman,MLP,IQR Removal,2,0.359375,0.0,0.4384613037109375,0.01994609832763672,17.0,0.6657044976206083,2,201,1,71,0.3662688186626882,0.09542140340134311,0,23,0,8,0.358695652173913,0.0,
haberman,MLP,IQR Removal,3,0.28125,0.0,0.44132328033447266,0.01994609832763672,17.0,0.5963367642095753,4,196,6,69,0.3671504136715041,0.059189091271952494,1,23,0,7,0.3804347826086957,0.30956959368344517,
haberman,MLP,IQR Removal,4,0.375,0.046875,0.43914794921875,0.01994800567626953,17.0,0.5400801405758306,5,197,5,68,0.35613047606130477,0.1031809834335388,0,22,1,8,0.44565217391304346,-0.1076763804116331,
haberman,MLP,IQR Removal,5,0.375,0.0,0.44138050079345703,0.01994800567626953,17.0,0.571186818233365,5,197,5,68,0.3764071612640716,0.1031809834335388,0,22,1,8,0.23913043478260868,-0.1076763804116331,
haberman,MLP,IQR Removal,6,0.375,0.0,0.44080638885498047,0.01994800567626953,17.0,0.6534890907789466,2,202,1,70,0.36353995621237,0.0967135044198758,0,22,0,9,0.41414141414141414,0.0,
haberman,MLP,IQR Removal,7,0.375,0.0,0.4384136199951172,0.01994800567626953,17.0,0.6297545950851113,2,202,1,71,0.3685808759025575,0.09558567989469727,0,22,0,8,0.3181818181818182,0.0,
haberman,MLP,IQR Removal,8,0.359375,0.0,0.4392538070678711,0.01994609832763672,17.0,0.6315879769140069,2,202,1,71,0.3613604156825697,0.09558567989469727,0,22,0,8,0.38068181818181823,0.0,
haberman,MLP,IQR Removal,9,0.328125,0.0,0.4414787292480469,0.01994609832763672,17.0,0.6381191812188697,2,202,1,71,0.3725285106957285,0.09558567989469727,0,22,0,8,0.3295454545454546,0.0,
haberman,MLP,IQR Removal,10,0.375,0.03125,0.4403228759765625,0.01994800567626953,17.0,0.5459794568461461,4,198,5,69,0.34793170929212497,0.07490679037546617,1,21,1,7,0.5,0.14101901870444156,
haberman,MLP,Quantile Removal,1,0.46875,0.0,0.45448970794677734,0.01995372772216797,17.0,0.7241993902999941,2,201,1,71,0.3822053438220534,0.09542140340134311,0,23,0,8,0.29347826086956524,0.0,
haberman,MLP,Quantile Removal,2,0.375,0.0,0.45299816131591797,0.01995372772216797,17.0,0.6691351195021702,2,201,1,71,0.3696595686965957,0.09542140340134311,0,23,0,8,0.358695652173913,0.0,
haberman,MLP,Quantile Removal,3,0.46875,0.0,0.45971012115478516,0.020249366760253906,27.0,0.6032368531370844,6,191,11,67,0.41862199918621995,0.050857133675624326,1,23,0,7,0.3967391304347826,0.30956959368344517,
haberman,MLP,Quantile Removal,4,0.375,0.0,0.4531068801879883,0.01995372772216797,17.0,0.5885967410502633,5,197,5,68,0.35931778109317775,0.1031809834335388,0,22,1,8,0.45108695652173914,-0.1076763804116331,
haberman,MLP,Quantile Removal,5,0.375,0.015625,0.45285892486572266,0.01995372772216797,17.0,0.5992347505901231,5,197,5,68,0.3795266512952665,0.1031809834335388,0,22,1,8,0.23913043478260868,-0.1076763804116331,
haberman,MLP,Quantile Removal,6,0.375,0.0,0.4574556350708008,0.01995372772216797,17.0,0.6994588390868396,2,202,1,70,0.3679187192118227,0.0967135044198758,0,22,0,9,0.41919191919191917,0.0,
haberman,MLP,Quantile Removal,7,0.375,0.0,0.4543037414550781,0.01995372772216797,17.0,0.7058784250773875,2,202,1,71,0.3734395033403064,0.09558567989469727,0,22,0,8,0.3181818181818182,0.0,
haberman,MLP,Quantile Removal,8,0.5625,0.046875,0.4575929641723633,0.020247459411621094,27.0,0.6658426176373204,2,202,1,71,0.40522302449558,0.09558567989469727,0,22,0,8,0.38636363636363635,0.0,
haberman,MLP,Quantile Removal,9,0.375,0.0,0.4553232192993164,0.01995372772216797,17.0,0.6814289285259968,2,202,1,71,0.37468790066806124,0.09558567989469727,0,22,0,8,0.3522727272727273,0.0,
haberman,MLP,Quantile Removal,10,0.375,0.0,0.4525127410888672,0.01995372772216797,17.0,0.5996412624905361,4,198,5,69,0.3501585802010932,0.07490679037546617,1,21,1,7,0.5,0.14101901870444156,
haberman,MLP,Yeo-Johnson,1,0.5625,0.0,0.4413604736328125,0.020162582397460938,24.0,0.47590912883542974,45,137,65,28,0.6359012613590127,0.26559160981738306,5,9,14,3,0.5163043478260869,0.014646873128709506,
haberman,MLP,Yeo-Johnson,2,0.515625,0.0,0.4393148422241211,0.020242691040039062,27.0,0.46207643949806215,39,158,44,34,0.6784890817848909,0.3043812940955883,4,18,5,4,0.5652173913043479,0.2724343325001703,
haberman,MLP,Yeo-Johnson,3,0.46875,0.0,0.4407539367675781,0.020135879516601562,23.0,0.491888908366559,45,142,60,28,0.658687101586871,0.29031179573343047,5,18,5,3,0.657608695652174,0.38154230979209985,
haberman,MLP,Yeo-Johnson,4,0.46875,0.0,0.4411449432373047,0.020135879516601562,23.0,0.4945712512295662,40,154,48,33,0.6621117591211176,0.2937560106688924,3,14,9,5,0.5054347826086957,-0.014646873128709506,
haberman,MLP,Yeo-Johnson,5,0.46875,0.0,0.44127559661865234,0.020135879516601562,23.0,0.4891041955794107,42,139,63,31,0.6009426285094263,0.23946100348712895,5,16,7,3,0.7228260869565217,0.28805517153128696,
haberman,MLP,Yeo-Johnson,6,0.46875,0.0,0.4427165985107422,0.020214080810546875,26.0,0.4629997732315656,49,139,64,23,0.6816160372194854,0.32639907902815035,4,12,10,5,0.6212121212121212,-0.009213166547046367,
haberman,MLP,Yeo-Johnson,7,0.46875,0.0,0.4415130615234375,0.020162582397460938,24.0,0.5003196365985222,33,175,28,40,0.666576692084486,0.33390743453258853,2,18,4,6,0.7272727272727273,0.07537783614444091,
haberman,MLP,Yeo-Johnson,8,0.46875,0.09375,0.44087982177734375,0.020189285278320312,25.0,0.4915199645601144,41,166,37,32,0.7198191510898172,0.3716220680178578,3,18,4,5,0.4488636363636363,0.20198059402174692,
haberman,MLP,Yeo-Johnson,9,0.46875,0.0,0.4416837692260742,0.020162582397460938,24.0,0.4844024308169742,37,149,54,36,0.6189688912882111,0.2259594654069659,6,16,6,2,0.7613636363636364,0.43082021842766455,
haberman,MLP,Yeo-Johnson,10,0.5625,0.0,0.44573974609375,0.020349502563476562,31.0,0.42488192892150306,46,147,56,27,0.686078682772117,0.32372418365347144,7,15,7,1,0.7556818181818181,0.4935665654655454,
haberman,MLP,Quantile Transform,1,0.4375,0.0,0.4515848159790039,0.0283355712890625,24.0,0.460392497080648,48,137,65,25,0.6440390614403906,0.3013415949134471,5,19,4,3,0.6847826086956522,0.4348471076445026,
haberman,MLP,Quantile Transform,2,0.46875,0.0,0.4532642364501953,0.028547286987304688,32.0,0.42551261544971564,43,151,51,30,0.6742845517428455,0.3133314194775349,5,16,7,3,0.6250000000000001,0.28805517153128696,
haberman,MLP,Quantile Transform,3,0.46875,0.0,0.45058250427246094,0.0283355712890625,24.0,0.46885020397110744,43,143,59,30,0.6360368913603688,0.27146553071394364,4,22,1,4,0.6956521739130436,0.5431236301174653,
haberman,MLP,Quantile Transform,4,0.75,0.0,0.45977783203125,0.028894424438476562,45.0,0.4581212866908785,39,172,30,34,0.7247728197477282,0.392883977052438,3,16,7,5,0.5869565217391304,0.06613400036396397,
haberman,MLP,Quantile Transform,5,0.375,0.0,0.4498939514160156,0.02828216552734375,22.0,0.48153679422751255,39,150,52,34,0.6194561236945613,0.2597803382428916,6,14,9,2,0.6684782608695652,0.3140721323960884,
haberman,MLP,Quantile Transform,6,0.46875,0.0,0.44818592071533203,0.028253555297851562,21.0,0.4818399765569854,48,141,62,24,0.6591748768472907,0.3241763593892431,6,9,13,3,0.5757575757575758,0.07059781184061313,
haberman,MLP,Quantile Transform,7,0.359375,0.0,0.4512166976928711,0.028284072875976562,21.0,0.4944599275519025,47,145,58,26,0.6549699709831972,0.3253470954325746,4,17,5,4,0.6193181818181818,0.2631806779839076,
haberman,MLP,Quantile Transform,8,0.46875,0.0,0.4502601623535156,0.028417587280273438,26.0,0.4981907922109986,37,173,30,36,0.7067278493825494,0.36937990520150277,2,18,4,6,0.41477272727272724,0.07537783614444091,
haberman,MLP,Quantile Transform,9,0.375,0.0,0.451385498046875,0.028284072875976562,21.0,0.4964703488429924,39,156,47,34,0.6299682839597814,0.28828616052408285,5,15,7,3,0.6590909090909091,0.27695585470349865,
haberman,MLP,Quantile Transform,10,0.5625,0.0,0.4572734832763672,0.028764724731445312,39.0,0.41688651412941974,46,149,54,27,0.6891828058573454,0.3341228352921592,7,16,6,1,0.7954545454545454,0.5374689682335793,
haberman,MLP,Min-Max Scaler,1,0.375,0.0,0.4395179748535156,0.020158767700195312,24.0,0.49042808178449804,13,175,27,60,0.4687372846873728,0.05563399644288315,1,19,4,7,0.1684782608695652,-0.058191817512585564,
haberman,MLP,Min-Max Scaler,2,0.375,0.0,0.43950843811035156,0.020158767700195312,24.0,0.49372508980938146,6,190,12,67,0.43177810931778104,0.04068172393673139,0,23,0,8,0.3695652173913043,0.0,
haberman,MLP,Min-Max Scaler,3,0.375,0.0,0.44161415100097656,0.020158767700195312,24.0,0.49295925299934834,6,188,14,67,0.42472534924725347,0.02190944609819358,1,22,1,7,0.5217391304347826,0.14520057987419369,
haberman,MLP,Min-Max Scaler,4,0.34375,0.0,0.4425792694091797,0.020158767700195312,24.0,0.49168783328167115,11,180,22,62,0.45507256205072566,0.05676477809542111,1,21,2,7,0.38586956521739135,0.05630532705768135,
haberman,MLP,Min-Max Scaler,5,0.375,0.015625,0.44126319885253906,0.020158767700195312,24.0,0.4930621827156296,7,189,13,66,0.425437406754374,0.053620486503473765,0,21,2,8,0.4782608695652174,-0.15488061853247326,
haberman,MLP,Min-Max Scaler,6,0.375,0.0,0.4382209777832031,0.020188331604003906,25.0,0.4865441847429315,12,184,19,60,0.46124110563765736,0.10157368895051908,0,18,4,9,0.45454545454545453,-0.24618298195866548,
haberman,MLP,Min-Max Scaler,7,0.375,0.0,0.44238853454589844,0.020158767700195312,24.0,0.45197652614497924,65,28,175,8,0.442809906201498,0.03711786348430399,5,3,19,3,0.5568181818181818,-0.26382242650554316,
haberman,MLP,Min-Max Scaler,8,0.375,0.0,0.4410724639892578,0.020158767700195312,24.0,0.49386712604100014,11,185,18,62,0.4708819758418247,0.08919871270606837,1,20,2,7,0.5454545454545454,0.0502518907629606,
haberman,MLP,Min-Max Scaler,9,0.375,0.0,0.43949317932128906,0.020158767700195312,24.0,0.49329200840060194,7,190,13,66,0.4314393683784331,0.05418730714242832,0,19,3,8,0.45454545454545453,-0.2010075630518424,
haberman,MLP,Min-Max Scaler,10,0.359375,0.0,0.4429588317871094,0.020158767700195312,24.0,0.49081724734368737,14,178,25,59,0.4704096092853769,0.0868970488419821,0,15,7,8,0.30113636363636365,-0.33267391956523024,
haberman,MLP,Standard Scaler,1,0.375,0.0,0.4391660690307617,0.02001476287841797,26.0,0.4794168965690141,33,166,36,40,0.6465482164654822,0.278914468941235,4,18,5,4,0.6956521739130435,0.2724343325001703,
haberman,MLP,Standard Scaler,2,0.375,0.0,0.4401512145996094,0.01996326446533203,24.0,0.5097779847173145,15,197,5,58,0.6336633663366338,0.30730880974571523,0,23,0,8,0.5380434782608696,0.0,
haberman,MLP,Standard Scaler,3,0.375,0.0,0.441802978515625,0.019989967346191406,25.0,0.5003846301680841,18,195,7,55,0.6746236267462363,0.32551641826428573,1,22,1,7,0.5434782608695652,0.14520057987419369,
haberman,MLP,Standard Scaler,4,0.375,0.0,0.44145774841308594,0.01996326446533203,24.0,0.5069421426338705,24,193,9,49,0.6839481893394819,0.38620322239920435,3,18,5,5,0.5217391304347826,0.15760869565217392,
haberman,MLP,Standard Scaler,5,0.359375,0.0,0.44265079498291016,0.02001476287841797,26.0,0.49904982130333886,11,199,3,62,0.633832903838329,0.27287237005272147,2,22,1,6,0.7989130434782609,0.30565748974169876,
haberman,MLP,Standard Scaler,6,0.375,0.0,0.4406623840332031,0.019989967346191406,25.0,0.4963411366188972,30,180,23,42,0.6729953475643131,0.33811699424711505,3,18,4,6,0.606060606060606,0.16448792373994225,
haberman,MLP,Standard Scaler,7,0.390625,0.015625,0.4440574645996094,0.02006816864013672,28.0,0.48599477740995883,23,190,13,50,0.6737971523044739,0.3287582194324067,3,22,0,5,0.6988636363636364,0.5527707983925666,
haberman,MLP,Standard Scaler,8,0.375,0.0,0.44236183166503906,0.020043373107910156,27.0,0.49621457662136104,28,189,14,45,0.6998447938457385,0.38630492612513806,1,20,2,7,0.44886363636363635,0.0502518907629606,
haberman,MLP,Standard Scaler,9,0.375,0.0,0.4421052932739258,0.01996326446533203,24.0,0.51196001189847,14,197,6,59,0.6388082866590188,0.2759878948525375,4,22,0,4,0.8125,0.6504436355879909,
haberman,MLP,Standard Scaler,10,0.375,0.0,0.4413490295410156,0.019989967346191406,25.0,0.5148290296405436,21,196,7,52,0.673662190431203,0.36986950374371924,1,20,2,7,0.6079545454545454,0.0502518907629606,
haberman,MLP,Robust Scaler,1,0.375,0.0,0.4405975341796875,0.019980430603027344,25.0,0.5044073475623287,12,192,10,61,0.49701613997016136,0.18698410511864869,1,22,1,7,0.26086956521739135,0.14520057987419369,
haberman,MLP,Robust Scaler,2,0.515625,0.0,0.44283390045166016,0.020005226135253906,26.0,0.497486795137168,5,198,4,68,0.4772141597721416,0.1208440456916084,0,22,1,8,0.42934782608695654,-0.1076763804116331,
haberman,MLP,Robust Scaler,3,0.375,0.0,0.439849853515625,0.020005226135253906,26.0,0.49057547121033823,15,178,24,58,0.4848094398480944,0.10969969852133916,0,17,6,8,0.32608695652173914,-0.2889260474058461,
haberman,MLP,Robust Scaler,4,0.46875,0.09375,0.4402303695678711,0.020112037658691406,30.0,0.47270305546833497,45,173,29,28,0.7339956598399566,0.47083491625140755,3,14,9,5,0.5,-0.014646873128709506,
haberman,MLP,Robust Scaler,5,0.375,0.0,0.4438657760620117,0.019980430603027344,25.0,0.49367020877644774,17,169,33,56,0.46761833717618334,0.07958120106741086,2,18,5,6,0.3423913043478261,0.03412618163949675,
haberman,MLP,Robust Scaler,6,0.46875,0.0,0.44403648376464844,0.020087242126464844,29.0,0.47503076389658083,46,164,39,26,0.7165777230432403,0.425023213697845,6,16,6,3,0.6666666666666666,0.3671086215711883,
haberman,MLP,Robust Scaler,7,0.375,0.0,0.44245147705078125,0.019980430603027344,25.0,0.4950776623989861,33,169,34,40,0.6069910250354276,0.29274103744310037,2,19,3,6,0.5738636363636364,0.13483997249264842,
haberman,MLP,Robust Scaler,8,0.46875,0.0,0.44516563415527344,0.020033836364746094,27.0,0.4873536447015482,48,157,46,25,0.7354072474525947,0.4010696919082652,2,18,4,6,0.4431818181818182,0.07537783614444091,
haberman,MLP,Robust Scaler,9,0.421875,0.0,0.4406013488769531,0.019980430603027344,25.0,0.49892504276057414,15,184,19,58,0.5090424455091436,0.15015089861538272,1,20,2,7,0.6761363636363636,0.0502518907629606,
haberman,MLP,Robust Scaler,10,0.46875,0.0,0.4419069290161133,0.020140647888183594,31.0,0.4710333800582397,43,166,37,30,0.7074701396855388,0.3954492584195617,5,17,5,3,0.7272727272727273,0.3731012536223182,
haberman,MLP,Uniform Binning,1,0.375,0.0,0.4391059875488281,0.020277023315429688,25.0,0.26334284983260986,72,8,194,1,0.48538586735385864,0.06429307166322341,6,2,21,2,0.19565217391304351,-0.21281413268968716,
haberman,MLP,Uniform Binning,2,0.375,0.0,0.44214820861816406,0.020277023315429688,25.0,0.2692565661190575,65,28,174,8,0.45585243455852437,0.03799762508823604,7,5,18,1,0.41304347826086957,0.10232797512290383,
haberman,MLP,Uniform Binning,3,0.375,0.0,0.4417133331298828,0.020277023315429688,25.0,0.26874444057117447,70,9,193,3,0.4382205343822053,0.007475918600674609,8,1,22,0,0.5652173913043479,0.1076763804116331,
haberman,MLP,Uniform Binning,4,0.46875,0.0,0.4428291320800781,0.02030467987060547,26.0,0.25428505115129113,70,18,184,3,0.48565712735657124,0.07983064481924064,8,1,22,0,0.40760869565217384,0.1076763804116331,
haberman,MLP,Uniform Binning,5,0.28125,0.0,0.4411735534667969,0.0202178955078125,23.0,0.3182817950370925,61,38,164,12,0.4436118269361182,0.027174068657164683,6,3,20,2,0.4809782608695652,-0.14224666503076472,
haberman,MLP,Uniform Binning,6,0.375,0.046875,0.44194793701171875,0.02030467987060547,26.0,0.24891393563872802,66,23,180,6,0.4765325670498085,0.04289367835443343,9,4,18,0,0.49242424242424243,0.24618298195866548,
haberman,MLP,Uniform Binning,7,0.375,0.0,0.4394359588623047,0.02030467987060547,26.0,0.25351206368006385,68,24,179,5,0.4562723530602605,0.07153367928658584,7,4,18,1,0.5568181818181819,0.06741998624632421,
haberman,MLP,Uniform Binning,8,0.4375,0.0,0.4439105987548828,0.02030467987060547,26.0,0.5028981043919589,5,200,3,68,0.4901477832512315,0.14121838099935263,0,22,0,8,0.5284090909090908,0.0,
haberman,MLP,Uniform Binning,9,0.375,0.0,0.44277000427246094,0.02030467987060547,26.0,0.2537643403651182,68,23,180,5,0.4506039543828868,0.06545664991626587,6,5,17,2,0.5255681818181819,-0.023762422826087874,
haberman,MLP,Uniform Binning,10,0.46875,0.0,0.4429807662963867,0.02030467987060547,26.0,0.25411800767073567,70,18,185,3,0.49220595181861126,0.07914070785515576,8,0,22,0,0.32386363636363635,0.0,
haberman,MLP,Quantile Binning,1,0.46875,0.0,0.439056396484375,0.02030658721923828,26.0,0.2583097612471062,55,58,144,18,0.4435779194357792,0.04004338058799374,5,1,22,3,0.16304347826086957,-0.4327220698023639,
haberman,MLP,Quantile Binning,2,0.46875,0.0,0.44164276123046875,0.02030658721923828,26.0,0.2638697542644091,51,58,144,22,0.4193679641936796,-0.01384585823914922,5,10,13,3,0.38315217391304346,0.05301220209690535,
haberman,MLP,Quantile Binning,3,0.375,0.0,0.43944454193115234,0.020158767700195312,21.0,0.25700505552234587,72,2,200,1,0.35762240607622403,-0.016143802388142642,8,0,23,0,0.3586956521739131,0.0,
haberman,MLP,Quantile Binning,4,0.4375,0.0,0.43987274169921875,0.020338058471679688,27.0,0.2522493148413389,52,59,143,21,0.4245219042452191,0.004285622788308092,5,7,16,3,0.4157608695652174,-0.06613400036396397,
haberman,MLP,Quantile Binning,5,0.421875,0.0,0.4428071975708008,0.020338058471679688,27.0,0.2518351934295945,53,55,147,20,0.4073308015733079,-0.001680959555806222,5,7,16,3,0.391304347826087,-0.06613400036396397,
haberman,MLP,Quantile Binning,6,0.375,0.0,0.44263553619384766,0.020338058471679688,27.0,0.4042319684541634,12,175,28,60,0.42388478379857686,0.03583200387690017,0,19,3,9,0.43181818181818177,-0.20935894733965593,
haberman,MLP,Quantile Binning,7,0.375,0.0,0.4418182373046875,0.020219802856445312,23.0,0.5134885430594689,2,198,5,71,0.39223294419326543,0.007761564085250264,0,21,1,8,0.48011363636363635,-0.11197850219117086,
haberman,MLP,Quantile Binning,8,0.328125,0.0,0.4413747787475586,0.02013111114501953,20.0,0.2877092659322549,73,0,203,0,0.35454484108239426,0.0,8,0,22,0,0.5539772727272728,0.0,
haberman,MLP,Quantile Binning,9,0.46875,0.0,0.4434938430786133,0.020338058471679688,27.0,0.20349595130518047,66,16,187,7,0.39982454956474794,-0.027245005101658643,6,3,19,2,0.40625,-0.13483997249264842,
haberman,MLP,Quantile Binning,10,0.375,0.0,0.44402503967285156,0.020338058471679688,27.0,0.2554350342620903,56,54,149,17,0.4499628854848506,0.03343227559602569,6,4,18,2,0.30113636363636365,-0.07537783614444091,
haberman,MLP,Random Undersampling,1,0.1875,0.0,0.3927488327026367,0.02098846435546875,12.0,0.9999998685504439,3,196,6,70,0.42642072426420724,0.028275487014192496,1,21,2,7,0.34782608695652173,0.05630532705768135,
haberman,MLP,Random Undersampling,2,0.34375,0.078125,0.4007911682128906,0.0214691162109375,30.0,0.7177824462970603,2,201,1,71,0.4079750440797504,0.09542140340134311,0,23,0,8,0.3695652173913044,0.0,
haberman,MLP,Random Undersampling,3,0.28125,0.0,0.3986654281616211,0.02130889892578125,24.0,0.5862053462462422,4,196,6,69,0.38118811881188114,0.059189091271952494,1,23,0,7,0.38586956521739135,0.30956959368344517,
haberman,MLP,Random Undersampling,4,0.28125,0.03125,0.3930025100708008,0.02098846435546875,12.0,0.9999999337377246,2,201,1,71,0.4103146616031466,0.09542140340134311,0,23,0,8,0.47282608695652173,0.0,
haberman,MLP,Random Undersampling,5,0.1875,0.0,0.39317798614501953,0.02098846435546875,12.0,0.9999999312215324,2,201,1,71,0.4226569917265699,0.09542140340134311,0,22,1,8,0.3586956521739131,-0.1076763804116331,
haberman,MLP,Random Undersampling,6,0.265625,0.0,0.3905811309814453,0.021266937255859375,23.0,0.7822283323534207,2,202,1,70,0.37886562671045426,0.0967135044198758,0,22,0,9,0.4292929292929293,0.0,
haberman,MLP,Random Undersampling,7,0.28125,0.0,0.39855098724365234,0.021282196044921875,23.0,0.7898365248655325,2,202,1,71,0.3808624063702004,0.09558567989469727,0,22,0,8,0.3409090909090909,0.0,
haberman,MLP,Random Undersampling,8,0.28125,0.03125,0.3972349166870117,0.021282196044921875,23.0,0.786987890388309,2,202,1,71,0.3786355354612322,0.09558567989469727,0,22,0,8,0.38068181818181823,0.0,
haberman,MLP,Random Undersampling,9,0.375,0.0,0.39818286895751953,0.02130889892578125,24.0,0.6512684747346755,2,202,1,71,0.3823132465078615,0.09558567989469727,0,22,0,8,0.3693181818181818,0.0,
haberman,MLP,Random Undersampling,10,0.28125,0.0,0.39304161071777344,0.02098846435546875,12.0,0.9999999288272061,1,201,2,72,0.39489844119036377,0.016361512774768,1,22,0,7,0.5625,0.30794088102571987,
haberman,MLP,SMOTE / SMOTENC,1,0.46875,0.0,0.555938720703125,0.02333354949951172,24.0,0.9803037526961821,5,196,6,68,0.4496812694968127,0.08740989690192354,1,21,2,7,0.3913043478260869,0.05630532705768135,
haberman,MLP,SMOTE / SMOTENC,2,0.375,0.0,0.5565671920776367,0.023146629333496094,17.0,0.7762529318687852,2,201,1,71,0.3737962837379628,0.09542140340134311,0,23,0,8,0.3695652173913044,0.0,
haberman,MLP,SMOTE / SMOTENC,3,0.5625,0.0,0.5649614334106445,0.023598670959472656,34.0,0.3119132710572736,66,46,156,7,0.5674759256747592,0.14758585098194435,6,4,19,2,0.5163043478260869,-0.08427009716003844,
haberman,MLP,SMOTE / SMOTENC,4,0.375,0.03125,0.5608425140380859,0.023385047912597656,26.0,0.9767174893515747,6,197,5,67,0.49237081242370817,0.12943388579707907,0,22,1,8,0.5,-0.1076763804116331,
haberman,MLP,SMOTE / SMOTENC,5,0.375,0.0,0.5555591583251953,0.023146629333496094,17.0,0.7802407623343527,2,201,1,71,0.3854943713549437,0.09542140340134311,0,23,0,8,0.23913043478260868,0.0,
haberman,MLP,SMOTE / SMOTENC,6,0.46875,0.0,0.5645961761474609,0.02346324920654297,30.0,0.5790765327520649,18,182,21,54,0.5687260536398466,0.18467873637657606,0,19,3,9,0.4595959595959596,-0.20935894733965593,
haberman,MLP,SMOTE / SMOTENC,7,0.46875,0.0,0.5612058639526367,0.02341175079345703,27.0,0.9619964346226869,6,197,6,67,0.4760105270261151,0.11383939190499265,0,22,0,8,0.49999999999999994,0.0,
haberman,MLP,SMOTE / SMOTENC,8,0.46875,0.0,0.5610370635986328,0.02333354949951172,24.0,0.9887460974156489,2,202,1,71,0.45124502328092314,0.09558567989469727,0,22,0,8,0.3693181818181818,0.0,
haberman,MLP,SMOTE / SMOTENC,9,0.75,0.0,0.570897102355957,0.02394580841064453,47.0,0.4490842200905945,47,150,53,26,0.6844253998245495,0.351212883946836,5,16,6,3,0.7784090909090909,0.3232676249994279,
haberman,MLP,SMOTE / SMOTENC,10,0.5625,0.0,0.5612020492553711,0.023627281188964844,35.0,0.7363132303481404,30,172,31,43,0.649031648559282,0.2745142324288327,3,17,5,5,0.5,0.14772727272727273,
