Dataset,Model,Preprocessor,Fold,Fit_Time_sec,Predict_Time_Test_sec,Peak_Memory_MB,Pipeline_Disk_Size_MB,Iterations,Optimal_Threshold,Train_TP,Train_TN,Train_FP,Train_FN,Train_ROC_AUC,Train_MCC,Test_TP,Test_TN,Test_FP,Test_FN,Test_ROC_AUC,Test_MCC,Error_Log
pc4,GaussianNB,Baseline,1,0.0,0.0,1.4249248504638672,0.004214286804199219,,0.006501521976377225,68,1062,90,92,0.8270643446180554,0.3487608949675804,4,118,10,14,0.7858072916666667,0.1608962280480689,
pc4,GaussianNB,Baseline,2,0.015625,0.015625,1.4228315353393555,0.004214286804199219,,0.22627158073972742,73,1054,98,87,0.8247829861111111,0.36077012835007527,8,121,7,10,0.8947482638888888,0.42204020171443485,
pc4,GaussianNB,Baseline,3,0.0,0.0,1.4230947494506836,0.004214286804199219,,0.00011764428325182144,103,953,199,57,0.8337944878472222,0.3661418595082262,9,105,23,9,0.7799479166666667,0.2545585623734381,
pc4,GaussianNB,Baseline,4,0.015625,0.015625,1.422835350036621,0.004214286804199219,,0.00027928758225868427,91,993,159,69,0.8287299262152776,0.3588874312704711,12,108,20,6,0.8626302083333334,0.4056380343511697,
pc4,GaussianNB,Baseline,5,0.0,0.0,1.422743797302246,0.004214286804199219,,0.00031575358450753883,98,974,178,62,0.83671875,0.367708881620862,13,108,20,5,0.8682725694444444,0.4448772139887084,
pc4,GaussianNB,Baseline,6,0.015625,0.0,1.422739028930664,0.004214286804199219,,1.1721782351003207e-05,102,926,226,58,0.8193196614583333,0.3335068992567498,10,101,27,8,0.7634548611111112,0.26047446461670587,
pc4,GaussianNB,Baseline,7,0.015625,0.015625,1.4230108261108398,0.004214286804199219,,5.487236275799995e-06,125,831,321,35,0.827536349826389,0.34720497557368335,13,91,37,5,0.8333333333333333,0.3001018586725242,
pc4,GaussianNB,Baseline,8,0.0,0.0,1.3953742980957031,0.004176139831542969,,0.007219930893662649,69,1063,89,91,0.8321940104166666,0.35591765006951775,4,117,11,14,0.7682291666666667,0.14757307721417878,
pc4,GaussianNB,Baseline,9,0.015625,0.0,1.4228906631469727,0.004214286804199219,,0.0035141240926934284,74,1055,97,87,0.8297182324016563,0.36587467325541534,6,117,11,11,0.8451286764705883,0.26700367647058826,
pc4,GaussianNB,Baseline,10,0.0,0.0,1.4230623245239258,0.004214286804199219,,0.0015132671621293004,92,994,158,69,0.8304595841959972,0.3628007394937644,10,106,22,7,0.8687959558823529,0.32298662712673865,
pc4,GaussianNB,IQR Capping,1,0.125,0.015625,1.5460186004638672,0.00501251220703125,,1.4163861631903777e-05,143,691,461,17,0.8050238715277778,0.3240451375042199,13,80,48,5,0.7588975694444444,0.23145915817929527,
pc4,GaussianNB,IQR Capping,2,0.109375,0.03125,1.5438919067382812,0.00501251220703125,,2.5892826293091057e-05,144,679,473,16,0.8012505425347223,0.32086610249216546,17,81,47,1,0.8658854166666666,0.3824841918738175,
pc4,GaussianNB,IQR Capping,3,0.125,0.03125,1.5435924530029297,0.00501251220703125,,0.9554532896767383,93,954,198,67,0.8057942708333334,0.32243945815643743,8,103,25,10,0.763671875,0.1958278533968701,
pc4,GaussianNB,IQR Capping,4,0.125,0.03125,1.5436725616455078,0.00501251220703125,,3.235153232620611e-05,142,703,449,18,0.8041910807291667,0.3273633585054787,16,71,57,2,0.8109809027777777,0.2916666666666667,
pc4,GaussianNB,IQR Capping,5,0.125,0.015625,1.543914794921875,0.00501251220703125,,3.413159597400698e-05,143,691,461,17,0.7996202256944445,0.3240451375042199,17,69,59,1,0.8493923611111112,0.3181911800923381,
pc4,GaussianNB,IQR Capping,6,0.109375,0.03125,1.5438547134399414,0.00501251220703125,,1.7754191634276268e-05,145,693,459,15,0.8071126302083332,0.33339149743223473,13,83,45,5,0.7578125,0.24903552310223934,
pc4,GaussianNB,IQR Capping,7,0.125,0.03125,1.5439023971557617,0.00501251220703125,,0.0012257946446349933,125,805,347,35,0.8069254557291666,0.32730168470740234,13,87,41,5,0.8344184027777778,0.27370262065368095,
pc4,GaussianNB,IQR Capping,8,0.125,0.015625,1.5240020751953125,0.004974365234375,,1.3307882004029852e-05,144,692,460,16,0.8087266710069444,0.32871831746822733,13,82,46,5,0.7361111111111112,0.24309689285099523,
pc4,GaussianNB,IQR Capping,9,0.109375,0.03125,1.5448503494262695,0.00501251220703125,,2.2821289460886914e-05,144,692,460,17,0.8038706651138716,0.32583247034292084,16,70,58,1,0.8065257352941175,0.3140870546757156,
pc4,GaussianNB,IQR Capping,10,0.125,0.015625,1.544809341430664,0.00501251220703125,,2.267651151571717e-05,145,680,472,16,0.7986191985852311,0.3226146099211146,16,76,52,1,0.8543198529411764,0.34484482725203774,
pc4,GaussianNB,Quantile Capping,1,0.125,0.015625,1.4606342315673828,0.0050411224365234375,,0.022793906887622027,95,945,207,65,0.8033474392361111,0.3218755381227864,9,104,24,9,0.7419704861111109,0.24563772551523774,
pc4,GaussianNB,Quantile Capping,2,0.09375,0.03125,1.4608736038208008,0.0050411224365234375,,0.13808493940330832,94,957,195,66,0.8046088324652778,0.33022793532031036,11,112,16,7,0.8901909722222223,0.4116436520194158,
pc4,GaussianNB,Quantile Capping,3,0.109375,0.03125,1.4607515335083008,0.0050411224365234375,,0.054923153133460634,98,948,204,62,0.8115722656250001,0.33847540864232634,8,101,27,10,0.74609375,0.1798231192348587,
pc4,GaussianNB,Quantile Capping,4,0.125,0.03125,1.4605693817138672,0.0050411224365234375,,0.07621993682810804,92,955,197,68,0.8058186848958332,0.31898729991297725,13,106,22,5,0.8348524305555556,0.42382103195130266,
pc4,GaussianNB,Quantile Capping,5,0.125,0.03125,1.4610633850097656,0.0050411224365234375,,0.16057444326292702,93,969,183,67,0.8141493055555555,0.3391340822530543,12,106,22,6,0.8389756944444444,0.3848709608590976,
pc4,GaussianNB,Quantile Capping,6,0.125,0.03125,1.4606542587280273,0.0050411224365234375,,0.0023404508404953326,109,880,272,51,0.8062662760416667,0.32088132328422436,10,97,31,8,0.7348090277777777,0.2292500200363552,
pc4,GaussianNB,Quantile Capping,7,0.109375,0.015625,1.4611320495605469,0.0050411224365234375,,0.00027879027448427565,133,760,392,27,0.8120551215277778,0.32792621376671455,13,81,47,5,0.8207465277777778,0.2372396176806137,
pc4,GaussianNB,Quantile Capping,8,0.109375,0.03125,1.4333887100219727,0.0050029754638671875,,0.004619791807953199,107,891,261,53,0.8096598307291667,0.3220941120729406,9,101,27,9,0.7413194444444444,0.22048822376304322,
pc4,GaussianNB,Quantile Capping,9,0.125,0.015625,1.4610977172851562,0.0050411224365234375,,0.04559286764035048,96,946,206,65,0.80500560731539,0.3253633240731153,10,107,21,7,0.8318014705882354,0.3328426590777102,
pc4,GaussianNB,Quantile Capping,10,0.109375,0.03125,1.461146354675293,0.0050411224365234375,,0.07173173973180817,93,956,196,68,0.8024068322981366,0.32260330351137534,11,105,23,6,0.8635110294117647,0.35488738297069544,
pc4,GaussianNB,IQR Removal,1,0.078125,0.0,1.4554872512817383,0.004458427429199219,,0.006501521976377225,68,1062,90,92,0.8270643446180554,0.3487608949675804,4,118,10,14,0.7858072916666667,0.1608962280480689,
pc4,GaussianNB,IQR Removal,2,0.078125,0.0,1.457016944885254,0.004458427429199219,,0.22627158073972742,73,1054,98,87,0.8247829861111111,0.36077012835007527,8,121,7,10,0.8947482638888888,0.42204020171443485,
pc4,GaussianNB,IQR Removal,3,0.09375,0.0,1.456904411315918,0.004458427429199219,,0.00011764428325182144,103,953,199,57,0.8337944878472222,0.3661418595082262,9,105,23,9,0.7799479166666667,0.2545585623734381,
pc4,GaussianNB,IQR Removal,4,0.078125,0.0,1.456711769104004,0.004458427429199219,,0.00027928758225868427,91,993,159,69,0.8287299262152776,0.3588874312704711,12,108,20,6,0.8626302083333334,0.4056380343511697,
pc4,GaussianNB,IQR Removal,5,0.078125,0.0,1.4567375183105469,0.004458427429199219,,0.00031575358450753883,98,974,178,62,0.83671875,0.367708881620862,13,108,20,5,0.8682725694444444,0.4448772139887084,
pc4,GaussianNB,IQR Removal,6,0.078125,0.0,1.456873893737793,0.004458427429199219,,1.1721782351003207e-05,102,926,226,58,0.8193196614583333,0.3335068992567498,10,101,27,8,0.7634548611111112,0.26047446461670587,
pc4,GaussianNB,IQR Removal,7,0.078125,0.0,1.4569129943847656,0.004458427429199219,,5.487236275799995e-06,125,831,321,35,0.827536349826389,0.34720497557368335,13,91,37,5,0.8333333333333333,0.3001018586725242,
pc4,GaussianNB,IQR Removal,8,0.09375,0.0,1.42950439453125,0.004420280456542969,,0.007219930893662649,69,1063,89,91,0.8321940104166666,0.35591765006951775,4,117,11,14,0.7682291666666667,0.14757307721417878,
pc4,GaussianNB,IQR Removal,9,0.078125,0.0,1.4569683074951172,0.004458427429199219,,0.0035141240926934284,74,1055,97,87,0.8297182324016563,0.36587467325541534,6,117,11,11,0.8451286764705883,0.26700367647058826,
pc4,GaussianNB,IQR Removal,10,0.078125,0.0,1.457066535949707,0.004458427429199219,,0.0015132671621293004,92,994,158,69,0.8304595841959972,0.3628007394937644,10,106,22,7,0.8687959558823529,0.32298662712673865,
pc4,GaussianNB,Quantile Removal,1,0.078125,0.015625,1.6351356506347656,0.004464149475097656,,0.034108048787780024,109,867,285,51,0.7938829210069445,0.3097137966474909,9,94,34,9,0.716579861111111,0.16904396950527606,
pc4,GaussianNB,Quantile Removal,2,0.078125,0.015625,1.6480121612548828,0.004464149475097656,,0.9184193939390409,91,941,211,69,0.7880425347222222,0.2997423774300665,12,113,15,6,0.8880208333333333,0.4653043423719468,
pc4,GaussianNB,Quantile Removal,3,0.09375,0.0,1.6477384567260742,0.004464149475097656,,0.9322026134924207,95,932,220,65,0.7895833333333333,0.3085665723682745,8,101,27,10,0.716796875,0.1798231192348587,
pc4,GaussianNB,Quantile Removal,4,0.09375,0.0,1.6500368118286133,0.004464149475097656,,4.1813477838603485e-05,145,654,498,15,0.7924560546875001,0.3102471846331392,16,64,64,2,0.8070746527777778,0.2568915451961508,
pc4,GaussianNB,Quantile Removal,5,0.078125,0.0,1.6465950012207031,0.004464149475097656,,0.9085606457151869,93,943,209,67,0.7927463107638889,0.3108089577764264,11,103,25,7,0.8279079861111112,0.3171587362837769,
pc4,GaussianNB,Quantile Removal,6,0.078125,0.0,1.6495046615600586,0.004464149475097656,,8.242768663222943e-06,147,630,522,13,0.7889133029513888,0.30479228907914996,13,76,52,5,0.7259114583333333,0.20902149717811055,
pc4,GaussianNB,Quantile Removal,7,0.078125,0.0,1.6476879119873047,0.004464149475097656,,0.0004841747281454419,127,767,385,33,0.7861165364583333,0.3082745800230179,12,82,46,6,0.806640625,0.20646036341497126,
pc4,GaussianNB,Quantile Removal,8,0.078125,0.0,1.6310319900512695,0.004426002502441406,,0.8825348213326475,95,932,220,65,0.7943766276041665,0.3085665723682745,8,107,21,10,0.7330729166666666,0.23104647701076017,
pc4,GaussianNB,Quantile Removal,9,0.078125,0.015625,1.653036117553711,0.004464149475097656,,0.952200325409838,91,954,198,70,0.791486046411318,0.3113945674036634,9,103,25,8,0.8113511029411764,0.25369039077649513,
pc4,GaussianNB,Quantile Removal,10,0.078125,0.015625,1.6164159774780273,0.004426002502441406,,0.8037143844084658,93,943,209,68,0.7915911835748792,0.30881066561828097,11,103,25,6,0.8582261029411764,0.3364027775653357,
pc4,GaussianNB,Yeo-Johnson,1,0.265625,0.0,1.4337587356567383,0.005425453186035156,,0.9962274063273935,130,888,264,30,0.8552978515625002,0.4164219114588113,10,108,20,8,0.7654079861111112,0.324905428818305,
pc4,GaussianNB,Yeo-Johnson,2,0.265625,0.015625,1.4336366653442383,0.005425453186035156,,3.784050870370592e-06,133,865,287,27,0.854587131076389,0.40831019935891244,14,98,30,4,0.8328993055555556,0.38934685177146783,
pc4,GaussianNB,Yeo-Johnson,3,0.265625,0.015625,1.4334096908569336,0.005425453186035156,,0.9999028693025502,106,982,170,54,0.8576280381944446,0.41342856060935435,9,104,24,9,0.8129340277777778,0.24563772551523774,
pc4,GaussianNB,Yeo-Johnson,4,0.265625,0.0,1.4336767196655273,0.005425453186035156,,0.0029184225358105695,137,856,296,23,0.8576388888888888,0.41705770473998943,15,91,37,3,0.8324652777777779,0.3736721238979382,
pc4,GaussianNB,Yeo-Johnson,5,0.28125,0.0,1.4338560104370117,0.005425453186035156,,0.004904857889513318,134,853,299,26,0.8513509114583333,0.4021973056429388,18,88,40,0,0.9153645833333334,0.4619113215385798,
pc4,GaussianNB,Yeo-Johnson,6,0.28125,0.015625,1.433548927307129,0.005425453186035156,,0.000586262946180904,140,833,319,20,0.854513888888889,0.4103667032809033,14,99,29,4,0.8372395833333335,0.39756637272537143,
pc4,GaussianNB,Yeo-Johnson,7,0.25,0.0,1.4339876174926758,0.005425453186035156,,0.9972051217890602,114,951,201,46,0.8536024305555555,0.4121757792108977,12,106,22,6,0.8880208333333334,0.3848709608590976,
pc4,GaussianNB,Yeo-Johnson,8,0.296875,0.0,1.4057855606079102,0.005387306213378906,,0.9265014214570849,138,857,295,22,0.8637071397569445,0.422011171105673,10,95,33,8,0.7881944444444445,0.21474845014929514,
pc4,GaussianNB,Yeo-Johnson,9,0.265625,0.0,1.4336881637573242,0.005425453186035156,,0.0010793121952640075,139,858,294,22,0.8565740381297446,0.4242887693766914,15,87,41,2,0.8478860294117647,0.3713710065016774,
pc4,GaussianNB,Yeo-Johnson,10,0.265625,0.0,1.4340391159057617,0.005425453186035156,,0.0008541343980504039,140,845,307,21,0.8516811162870945,0.4174416242957076,14,94,34,3,0.8708639705882353,0.38140181498840614,
pc4,GaussianNB,Quantile Transform,1,0.09375,0.0,1.6997709274291992,0.27130603790283203,,0.9999999654340795,121,958,194,39,0.8687934027777777,0.45034759225817994,10,114,14,8,0.8016493055555556,0.3957913888235942,
pc4,GaussianNB,Quantile Transform,2,0.078125,0.015625,1.700387954711914,0.27130603790283203,,0.9981297980935786,117,980,172,43,0.8673882378472222,0.4594952425046411,11,112,16,7,0.8229166666666667,0.4116436520194158,
pc4,GaussianNB,Quantile Transform,3,0.078125,0.015625,1.700089454650879,0.27130603790283203,,0.9999994787431788,112,988,164,48,0.8685791015625001,0.4477183198507236,12,104,24,6,0.8216145833333333,0.3654939925441437,
pc4,GaussianNB,Quantile Transform,4,0.09375,0.015625,1.699875831604004,0.27130603790283203,,0.9999947105783876,117,967,185,43,0.8674424913194444,0.44360792193274584,13,105,23,5,0.8420138888888888,0.41382924880451055,
pc4,GaussianNB,Quantile Transform,5,0.09375,0.015625,1.6999025344848633,0.27130603790283203,,0.9999994994736007,109,985,167,51,0.8635660807291666,0.43057344023003896,15,108,20,3,0.9157986111111112,0.5214201970378802,
pc4,GaussianNB,Quantile Transform,6,0.078125,0.0,1.701446533203125,0.27130603790283203,,0.9999696035994977,122,946,206,38,0.8658393012152777,0.4410897699847336,13,109,19,5,0.8715277777777778,0.45599785834374684,
pc4,GaussianNB,Quantile Transform,7,0.078125,0.015625,1.6999950408935547,0.27130603790283203,,0.9999997558157844,106,995,157,54,0.862936740451389,0.4301144819336464,13,110,18,5,0.9233940972222222,0.46755617156680135,
pc4,GaussianNB,Quantile Transform,8,0.09375,0.015625,1.6718921661376953,0.2712678909301758,,0.9999985834152462,133,944,208,27,0.8821858723958332,0.4854857927186915,9,103,25,9,0.7962239583333334,0.23699948642376012,
pc4,GaussianNB,Quantile Transform,9,0.078125,0.015625,1.7005157470703125,0.27130603790283203,,0.999973301976999,119,969,183,42,0.8700504658385093,0.4522670388935116,13,100,28,4,0.8708639705882353,0.3900123838160184,
pc4,GaussianNB,Quantile Transform,10,0.09375,0.015625,1.6992530822753906,0.27130603790283203,,0.9999890373368945,117,967,185,44,0.8634888285024154,0.4412319332569554,13,106,22,4,0.8612132352941176,0.44568693171336804,
pc4,GaussianNB,Min-Max Scaler,1,0.0,0.0,1.4257402420043945,0.005597114562988281,,0.6261811118514177,118,942,210,42,0.862060546875,0.4195731958391368,10,111,17,8,0.769314236111111,0.3579829616668848,
pc4,GaussianNB,Min-Max Scaler,2,0.015625,0.015625,1.4263381958007812,0.005597114562988281,,0.0004860092237156245,98,1014,138,62,0.8601915147569444,0.4197725170121156,11,110,18,7,0.8641493055555556,0.38770028030907744,
pc4,GaussianNB,Min-Max Scaler,3,0.015625,0.015625,1.426295280456543,0.005597114562988281,,0.1672351463545114,89,1057,95,71,0.8673177083333333,0.44648186313443156,6,115,13,12,0.8177083333333334,0.22647556860392604,
pc4,GaussianNB,Min-Max Scaler,4,0.015625,0.0,1.426072120666504,0.005597114562988281,,6.756043920658034e-05,135,893,259,25,0.8672553168402778,0.44182860546150665,13,94,34,5,0.8400607638888888,0.3212979659614491,
pc4,GaussianNB,Min-Max Scaler,5,0.015625,0.0,1.4257287979125977,0.005597114562988281,,0.1018628623146904,90,1045,107,70,0.8655571831597223,0.43019015785410847,14,112,16,4,0.9173177083333334,0.5311497445029681,
pc4,GaussianNB,Min-Max Scaler,6,0.0,0.0,1.4260969161987305,0.005597114562988281,,2.632217503721755e-05,121,919,233,39,0.8549289279513889,0.40841921484395366,12,106,22,6,0.8342013888888888,0.3848709608590976,
pc4,GaussianNB,Min-Max Scaler,7,0.015625,0.0,1.4262113571166992,0.005597114562988281,,4.217364318297225e-05,126,910,242,34,0.8593587239583333,0.4206066025734591,16,102,26,2,0.9099392361111112,0.498051823758702,
pc4,GaussianNB,Min-Max Scaler,8,0.015625,0.0,1.3986587524414062,0.005558967590332031,,0.7517647359690873,122,946,206,38,0.8669731987847221,0.4410897699847336,9,106,22,9,0.7860243055555556,0.2637854221675387,
pc4,GaussianNB,Min-Max Scaler,9,0.015625,0.0,1.4266653060913086,0.005597114562988281,,0.0003145393844511788,120,943,209,41,0.8665027605244997,0.4268346222984556,14,101,27,3,0.8520220588235293,0.4376149054097243,
pc4,GaussianNB,Min-Max Scaler,10,0.015625,0.0,1.4264860153198242,0.005597114562988281,,0.00025940020161595875,130,901,251,31,0.8624967650103519,0.42609377965253015,13,104,24,4,0.8809742647058824,0.425939046261262,
pc4,GaussianNB,Standard Scaler,1,0.015625,0.0,1.4253520965576172,0.0049896240234375,,0.4556694471268542,118,942,210,42,0.8619927300347222,0.4195731958391368,10,111,17,8,0.769314236111111,0.3579829616668848,
pc4,GaussianNB,Standard Scaler,2,0.015625,0.0,1.4256343841552734,0.0049896240234375,,0.0009719542448390242,98,1014,138,62,0.8601508246527778,0.4197725170121156,11,110,18,7,0.8641493055555556,0.38770028030907744,
pc4,GaussianNB,Standard Scaler,3,0.015625,0.015625,1.425379753112793,0.0049896240234375,,0.1672351444608972,89,1057,95,71,0.8673611111111112,0.44648186313443156,6,115,13,12,0.8177083333333334,0.22647556860392604,
pc4,GaussianNB,Standard Scaler,4,0.0,0.0,1.4255952835083008,0.0049896240234375,,6.756010115805772e-05,135,893,259,25,0.8672553168402777,0.44182860546150665,13,94,34,5,0.8400607638888888,0.3212979659614491,
pc4,GaussianNB,Standard Scaler,5,0.015625,0.0,1.4251079559326172,0.0049896240234375,,0.10186289503334059,90,1045,107,70,0.8655924479166667,0.43019015785410847,14,112,16,4,0.9173177083333334,0.5311497445029681,
pc4,GaussianNB,Standard Scaler,6,0.015625,0.0,1.425642967224121,0.0049896240234375,,2.632214809534636e-05,121,919,233,39,0.8548719618055556,0.40841921484395366,12,106,22,6,0.834201388888889,0.3848709608590976,
pc4,GaussianNB,Standard Scaler,7,0.015625,0.015625,1.4257259368896484,0.0049896240234375,,4.2173347732270954e-05,126,910,242,34,0.8593560112847223,0.4206066025734591,16,102,26,2,0.9099392361111112,0.498051823758702,
pc4,GaussianNB,Standard Scaler,8,0.015625,0.015625,1.3980989456176758,0.00495147705078125,,0.6023055758599296,122,946,206,38,0.8669731987847221,0.4410897699847336,9,106,22,9,0.7860243055555556,0.2637854221675387,
pc4,GaussianNB,Standard Scaler,9,0.015625,0.0,1.4257373809814453,0.0049896240234375,,0.0003145396415858261,120,943,209,41,0.8665378062456868,0.4268346222984556,14,101,27,3,0.8517922794117647,0.4376149054097243,
pc4,GaussianNB,Standard Scaler,10,0.015625,0.0,1.4260053634643555,0.0049896240234375,,0.000259400478388489,130,901,251,31,0.8624967650103519,0.42609377965253015,13,104,24,4,0.8809742647058824,0.425939046261262,
pc4,GaussianNB,Robust Scaler,1,0.015625,0.0,1.4314451217651367,0.0047454833984375,,0.13324480838135785,118,942,210,42,0.8619954427083333,0.4195731958391368,10,111,17,8,0.769314236111111,0.3579829616668848,
pc4,GaussianNB,Robust Scaler,2,0.03125,0.015625,1.4306583404541016,0.0047454833984375,,0.005013520379561055,98,1014,138,62,0.8601508246527778,0.4197725170121156,11,110,18,7,0.8641493055555556,0.38770028030907744,
pc4,GaussianNB,Robust Scaler,3,0.03125,0.0,1.4303169250488281,0.0047454833984375,,0.16723661420662927,89,1057,95,71,0.8673611111111112,0.44648186313443156,6,115,13,12,0.8177083333333334,0.22647556860392604,
pc4,GaussianNB,Robust Scaler,4,0.03125,0.0,1.4310121536254883,0.0047454833984375,,6.756031125049784e-05,135,893,259,25,0.8672553168402777,0.44182860546150665,13,94,34,5,0.8400607638888888,0.3212979659614491,
pc4,GaussianNB,Robust Scaler,5,0.015625,0.0,1.4304132461547852,0.0047454833984375,,0.1018637773803948,90,1045,107,70,0.8655924479166667,0.43019015785410847,14,112,16,4,0.9173177083333334,0.5311497445029681,
pc4,GaussianNB,Robust Scaler,6,0.03125,0.0,1.4306268692016602,0.0047454833984375,,2.6322436521845207e-05,121,919,233,39,0.8548719618055556,0.40841921484395366,12,106,22,6,0.8350694444444444,0.3848709608590976,
pc4,GaussianNB,Robust Scaler,7,0.015625,0.0,1.4308280944824219,0.0047454833984375,,4.217383122324204e-05,126,910,242,34,0.8593560112847223,0.4206066025734591,16,102,26,2,0.9099392361111112,0.498051823758702,
pc4,GaussianNB,Robust Scaler,8,0.03125,0.015625,1.4038887023925781,0.00470733642578125,,0.2162719610912251,122,946,206,38,0.8669786241319444,0.4410897699847336,9,106,22,9,0.7860243055555556,0.2637854221675387,
pc4,GaussianNB,Robust Scaler,9,0.015625,0.0,1.4308462142944336,0.0047454833984375,,0.0003145430955587435,120,943,209,41,0.8665378062456868,0.4268346222984556,14,101,27,3,0.8517922794117647,0.4376149054097243,
pc4,GaussianNB,Robust Scaler,10,0.015625,0.0,1.430903434753418,0.0047454833984375,,0.000259404260960804,130,901,251,31,0.8624967650103519,0.42609377965253015,13,104,24,4,0.8809742647058824,0.425939046261262,
pc4,GaussianNB,Uniform Binning,1,0.015625,0.0,1.4366865158081055,0.007061004638671875,,0.9999999999999787,78,1062,90,82,0.8268256293402778,0.40090354369679915,5,118,10,13,0.69921875,0.2161898583392428,
pc4,GaussianNB,Uniform Binning,2,0.015625,0.0,1.436701774597168,0.007061004638671875,,0.999999999976763,88,1030,122,72,0.8251329210069445,0.39633629293897116,10,116,12,8,0.8090277777777778,0.4244027678415638,
pc4,GaussianNB,Uniform Binning,3,0.015625,0.015625,1.4371881484985352,0.007061004638671875,,0.9999999998720435,98,1000,152,62,0.8278455946180556,0.4004032284388005,7,107,21,11,0.7669270833333334,0.1877450532974565,
pc4,GaussianNB,Uniform Binning,4,0.015625,0.0,1.4367456436157227,0.007061004638671875,,0.9999999998101217,111,942,210,49,0.8252360026041667,0.3893203870898999,12,98,30,6,0.7580295138888888,0.31396178257194124,
pc4,GaussianNB,Uniform Binning,5,0.015625,0.0,1.4368810653686523,0.007061004638671875,,1.0,160,127,1025,0,0.5551215277777778,0.12200466508646225,17,11,117,1,0.5151909722222222,0.03636752787892412,
pc4,GaussianNB,Uniform Binning,6,0.015625,0.015625,1.4370088577270508,0.007061004638671875,,0.9999337354212259,111,972,180,49,0.8506293402777778,0.4233556244496736,11,109,19,7,0.8313802083333334,0.37646650773947077,
pc4,GaussianNB,Uniform Binning,7,0.015625,0.0,1.4370126724243164,0.007061004638671875,,0.9999999993577602,95,997,155,65,0.8133355034722223,0.3826107439380879,11,113,15,7,0.8446180555555555,0.4244472534671222,
pc4,GaussianNB,Uniform Binning,8,0.015625,0.0,1.409245491027832,0.007022857666015625,,0.9999999999998863,111,942,210,49,0.8225802951388889,0.3893203870898999,10,103,25,8,0.7404513888888888,0.2774222843214363,
pc4,GaussianNB,Uniform Binning,9,0.015625,0.0,1.4373273849487305,0.007061004638671875,,0.999999938202448,76,1070,82,85,0.8238548136645962,0.4041310876689729,8,118,10,9,0.8338694852941176,0.38290436053680554,
pc4,GaussianNB,Uniform Binning,10,0.015625,0.0,1.4375982284545898,0.007061004638671875,,0.9999999999864164,86,1028,124,75,0.8200995298481712,0.38166630789947664,10,116,12,7,0.8763786764705883,0.44342372881716463,
pc4,GaussianNB,Quantile Binning,1,0.015625,0.0,1.4357690811157227,0.0068798065185546875,,0.9999999510610178,100,963,189,60,0.8212185329861111,0.3639498415423097,8,114,14,10,0.7146267361111113,0.3079313315542173,
pc4,GaussianNB,Quantile Binning,2,0.03125,0.0,1.436274528503418,0.0068798065185546875,,0.9892088841991288,94,996,156,66,0.8168294270833334,0.3766799157711837,7,109,19,11,0.8125,0.20662897928012802,
pc4,GaussianNB,Quantile Binning,3,0.03125,0.015625,1.4358339309692383,0.0068798065185546875,,0.9999752859866639,98,987,165,62,0.8217692057291667,0.38356959573297467,9,103,25,9,0.765625,0.23699948642376012,
pc4,GaussianNB,Quantile Binning,4,0.015625,0.0,1.4360647201538086,0.0068798065185546875,,0.9999951738102733,92,994,158,68,0.8238064236111112,0.36481825943737534,12,107,21,6,0.7795138888888888,0.3950673418703407,
pc4,GaussianNB,Quantile Binning,5,0.03125,0.0,1.435643196105957,0.0068798065185546875,,0.9999812739969398,94,983,169,66,0.8136555989583334,0.3602971526326388,14,107,21,4,0.8828125,0.4726206144945915,
pc4,GaussianNB,Quantile Binning,6,0.03125,0.015625,1.4352312088012695,0.0068798065185546875,,0.9999487936232844,98,974,178,62,0.8219970703125,0.367708881620862,10,107,21,8,0.77734375,0.31472810951735436,
pc4,GaussianNB,Quantile Binning,7,0.03125,0.0,1.436497688293457,0.0068798065185546875,,0.9998544780315168,98,974,178,62,0.8162380642361111,0.367708881620862,11,109,19,7,0.8684895833333333,0.37646650773947077,
pc4,GaussianNB,Quantile Binning,8,0.03125,0.0,1.408299446105957,0.0068416595458984375,,0.9999999701901223,102,965,187,58,0.8257785373263888,0.3751904769496428,9,110,18,9,0.7326388888888888,0.3043222713143538,
pc4,GaussianNB,Quantile Binning,9,0.03125,0.0,1.4362812042236328,0.0068798065185546875,,0.9999383110901316,98,974,178,63,0.8194120945479642,0.365615795776362,11,107,21,6,0.8175551470588236,0.3746787473622542,
pc4,GaussianNB,Quantile Binning,10,0.03125,0.015625,1.436025619506836,0.0068798065185546875,,0.9999801842081257,92,994,158,69,0.8156675940303657,0.3628007394937644,10,108,20,7,0.8511029411764706,0.34307483295334795,
pc4,GaussianNB,Random Undersampling,1,0.03125,0.0,0.5446577072143555,0.0068950653076171875,,0.549225829949684,69,1076,76,91,0.8391655815972222,0.38123262001670005,4,122,6,14,0.8268229166666667,0.22822891916337784,
pc4,GaussianNB,Random Undersampling,2,0.03125,0.015625,0.5491847991943359,0.0069332122802734375,,0.0008990647374597557,150,620,532,10,0.7951009114583333,0.3115672838136083,18,80,48,0,0.8782552083333333,0.41286141192238524,
pc4,GaussianNB,Random Undersampling,3,0.015625,0.0,0.5543022155761719,0.0069713592529296875,,2.123530461164662e-06,148,618,534,12,0.790673828125,0.3022430074367047,16,61,67,2,0.7282986111111112,0.242583653850385,
pc4,GaussianNB,Random Undersampling,4,0.015625,0.0,0.5492324829101562,0.0069332122802734375,,7.760593883589734e-07,156,560,592,4,0.7940348307291667,0.30479052866534406,18,62,66,0,0.8428819444444444,0.3221717598690842,
pc4,GaussianNB,Random Undersampling,5,0.015625,0.0,0.5495395660400391,0.0069332122802734375,,3.132022271961155e-07,136,698,454,24,0.7808241102430558,0.2998912984523188,16,66,62,2,0.7838541666666667,0.26660784057665393,
pc4,GaussianNB,Random Undersampling,6,0.015625,0.0,0.5495433807373047,0.0069332122802734375,,1.0719305776213477e-08,155,533,619,5,0.7783365885416667,0.28703081381114126,16,52,76,2,0.7183159722222222,0.20099112531803787,
pc4,GaussianNB,Random Undersampling,7,0.03125,0.0,0.5544300079345703,0.0069713592529296875,,4.4741313786575264e-07,140,675,477,20,0.7886013454861112,0.3021991848587085,15,73,55,3,0.7795138888888888,0.26563536578624275,
pc4,GaussianNB,Random Undersampling,8,0.03125,0.0,0.5445613861083984,0.0068950653076171875,,4.6120068197554055e-06,136,737,415,24,0.8138916015625,0.32471227451637336,11,86,42,7,0.7612847222222223,0.19347593284035305,
pc4,GaussianNB,Random Undersampling,9,0.015625,0.015625,0.5517959594726562,0.0069484710693359375,,6.477837011678533e-07,136,710,442,25,0.7913162094547964,0.30462822511972415,16,75,53,1,0.8058363970588236,0.33954913690642047,
pc4,GaussianNB,Random Undersampling,10,0.015625,0.0,0.5569801330566406,0.0069866180419921875,,0.012060925530638079,124,829,323,37,0.8187758799171843,0.3390385985100405,14,94,34,3,0.8559283088235294,0.38140181498840614,
pc4,GaussianNB,SMOTE / SMOTENC,1,0.265625,0.0,6.424295425415039,0.072723388671875,,0.2141137320416946,68,1075,77,92,0.8437825520833334,0.37380365736428334,4,118,10,14,0.8161892361111112,0.1608962280480689,
pc4,GaussianNB,SMOTE / SMOTENC,2,0.296875,0.0,6.417675971984863,0.07265472412109375,,0.20949084048358235,98,987,165,62,0.8396782769097223,0.38356959573297467,12,113,15,6,0.908203125,0.4653043423719468,
pc4,GaussianNB,SMOTE / SMOTENC,3,0.28125,0.0,6.421168327331543,0.0726318359375,,0.02628848962151132,95,997,155,65,0.8433132595486111,0.3826107439380879,8,108,20,10,0.79296875,0.24066161272106393,
pc4,GaussianNB,SMOTE / SMOTENC,4,0.265625,0.0,6.416238784790039,0.07266616821289062,,0.005382291085263315,88,1004,148,72,0.8376491970486112,0.35912884824010455,12,110,18,6,0.8760850694444444,0.4280275866606365,
pc4,GaussianNB,SMOTE / SMOTENC,5,0.265625,0.0,6.402460098266602,0.07256317138671875,,0.05814309279368348,85,1040,112,75,0.8574679904513889,0.3975879462607287,11,115,13,7,0.8713107638888888,0.4520030063024315,
pc4,GaussianNB,SMOTE / SMOTENC,6,0.265625,0.0,6.41823673248291,0.07268905639648438,,0.0003246082654720503,102,939,213,58,0.8291775173611111,0.34673838541555674,10,102,26,8,0.791232638888889,0.26882348002341006,
pc4,GaussianNB,SMOTE / SMOTENC,7,0.265625,0.015625,6.4120683670043945,0.072540283203125,,0.0001248759549204337,128,834,318,32,0.8398383246527779,0.361956689561788,13,93,35,5,0.8407118055555555,0.3140838782288946,
pc4,GaussianNB,SMOTE / SMOTENC,8,0.265625,0.015625,6.41916561126709,0.07278060913085938,,0.005828178004617759,94,996,156,66,0.8451470269097223,0.3766799157711837,9,107,21,9,0.7721354166666667,0.2733443498971392,
pc4,GaussianNB,SMOTE / SMOTENC,9,0.265625,0.0,6.408629417419434,0.07305908203125,,0.025855233934275947,76,1057,95,85,0.8428900319185645,0.3796729368444593,6,117,11,11,0.8561580882352942,0.26700367647058826,
pc4,GaussianNB,SMOTE / SMOTENC,10,0.265625,0.0,6.4168548583984375,0.0731048583984375,,0.02253861795236756,99,988,164,62,0.8424829623878536,0.38726699787064905,11,107,21,6,0.8839613970588235,0.3746787473622542,
pc4,LogisticRegression,Baseline,1,0.515625,0.0,1.3387174606323242,0.0032243728637695312,2000.0,0.5926121521839945,65,1138,14,95,0.9068793402777778,0.5421188653705815,6,126,2,12,0.8619791666666667,0.45897106488949513,
pc4,LogisticRegression,Baseline,2,0.515625,0.015625,1.3392133712768555,0.0032243728637695312,2000.0,0.3232961139752935,89,1096,56,71,0.9058213975694445,0.5298118730650337,9,125,3,9,0.8832465277777777,0.5704506515865525,
pc4,LogisticRegression,Baseline,3,0.515625,0.0,1.3393049240112305,0.0032243728637695312,2000.0,0.48627483156891327,70,1130,22,90,0.8936360677083334,0.5361754945211521,6,125,3,12,0.9357638888888888,0.42361900528456065,
pc4,LogisticRegression,Baseline,4,0.515625,0.0,1.3391294479370117,0.0032243728637695312,2000.0,0.14331881856976195,136,986,166,24,0.9064480251736111,0.5487404352231654,16,105,23,2,0.9027777777777777,0.5269708865084681,
pc4,LogisticRegression,Baseline,5,0.515625,0.015625,1.3392572402954102,0.0032243728637695312,2000.0,0.27680002805105297,92,1086,66,68,0.9050889756944445,0.5205230174140765,12,117,11,6,0.9084201388888888,0.52408098458374,
pc4,LogisticRegression,Baseline,6,0.515625,0.0,1.339085578918457,0.0032243728637695312,2000.0,0.2316048570146472,103,1084,68,57,0.9125325520833334,0.568322634369997,7,118,10,11,0.8823784722222222,0.3185315603952408,
pc4,LogisticRegression,Baseline,7,0.515625,0.0,1.3393049240112305,0.0032243728637695312,2000.0,0.30072522629037246,95,1089,63,65,0.9018880208333334,0.5419932827198884,8,122,6,10,0.8702256944444444,0.44391850871093713,
pc4,LogisticRegression,Baseline,8,0.515625,0.0,1.3190584182739258,0.0032091140747070312,2000.0,0.5109871781446994,71,1131,21,89,0.9072699652777778,0.5452971523117609,7,123,5,11,0.9027777777777777,0.41874610672018336,
pc4,LogisticRegression,Baseline,9,0.515625,0.0,1.3402490615844727,0.0032243728637695312,2000.0,0.13392253981707153,140,977,175,21,0.9108355978260869,0.5512322836334137,15,105,23,2,0.9007352941176471,0.5140369673735221,
pc4,LogisticRegression,Baseline,10,0.515625,0.0,1.3398141860961914,0.0032243728637695312,2000.0,0.3445120766098966,87,1107,45,74,0.9139708419599724,0.5468066391798216,7,124,4,10,0.7578125,0.4623300791460221,
pc4,LogisticRegression,IQR Capping,1,0.625,0.03125,1.5451478958129883,0.0040225982666015625,2000.0,0.10529502411773574,144,928,224,16,0.9153645833333333,0.5139342251528978,16,106,22,2,0.908420138888889,0.5372360280322772,
pc4,LogisticRegression,IQR Capping,2,0.640625,0.03125,1.5436210632324219,0.0040225982666015625,2000.0,0.12619774388760818,134,958,194,26,0.9046386718749999,0.5056394924215238,15,111,17,3,0.9270833333333333,0.5567175063289013,
pc4,LogisticRegression,IQR Capping,3,0.625,0.015625,1.543757438659668,0.0040225982666015625,2000.0,0.15509907316452945,126,989,163,34,0.9109429253472222,0.51007810183764,14,112,16,4,0.9184027777777777,0.5311497445029681,
pc4,LogisticRegression,IQR Capping,4,0.625,0.03125,1.5435905456542969,0.0040225982666015625,2000.0,0.11847923977597574,135,959,193,25,0.9170274522569445,0.5110186359579231,13,103,25,5,0.8641493055555556,0.394796935854228,
pc4,LogisticRegression,IQR Capping,5,0.625,0.015625,1.5434284210205078,0.0040225982666015625,2000.0,0.16369521270080786,126,1002,150,34,0.9195963541666667,0.5277277580805851,15,104,24,3,0.89453125,0.47988536054137126,
pc4,LogisticRegression,IQR Capping,6,0.609375,0.03125,1.5436344146728516,0.0040225982666015625,2000.0,0.19916396717452892,114,1043,109,46,0.9175238715277778,0.5383012199419375,8,111,17,10,0.8363715277777778,0.271969696969697,
pc4,LogisticRegression,IQR Capping,7,0.625,0.03125,1.5438928604125977,0.0040225982666015625,2000.0,0.1247909843942509,133,970,182,27,0.9175509982638889,0.5157849860535209,13,111,17,5,0.8693576388888888,0.4795886655818023,
pc4,LogisticRegression,IQR Capping,8,0.625,0.015625,1.5239572525024414,0.0040073394775390625,2000.0,0.09508302039819636,142,940,212,18,0.9137641059027778,0.5186194479936385,14,103,25,4,0.8910590277777777,0.43279983457427434,
pc4,LogisticRegression,IQR Capping,9,0.625,0.03125,1.5443058013916016,0.0040225982666015625,2000.0,0.14206471452935163,129,979,173,32,0.9121619435817806,0.5074425670762926,14,103,25,3,0.8965992647058824,0.4557784980445191,
pc4,LogisticRegression,IQR Capping,10,0.609375,0.03125,1.5445804595947266,0.0040225982666015625,2000.0,0.11084926680719952,143,927,225,18,0.911717132505176,0.5060125775502243,14,107,21,3,0.9094669117647058,0.49578352481293264,
pc4,LogisticRegression,Quantile Capping,1,0.640625,0.03125,1.413935661315918,0.00405120849609375,2000.0,0.19009971176401058,119,1048,104,41,0.9330403645833334,0.5693076122117036,11,113,15,7,0.8936631944444444,0.4244472534671222,
pc4,LogisticRegression,Quantile Capping,2,0.609375,0.015625,1.413752555847168,0.00405120849609375,2000.0,0.29717595480238057,95,1089,63,65,0.9090386284722223,0.5419932827198884,10,124,4,8,0.8888888888888888,0.5854296490423713,
pc4,LogisticRegression,Quantile Capping,3,0.609375,0.03125,1.4139833450317383,0.00405120849609375,2000.0,0.5155197670852916,64,1137,15,96,0.9122775607638889,0.5323272911502318,7,126,2,11,0.9513888888888888,0.5102413789141766,
pc4,LogisticRegression,Quantile Capping,4,0.609375,0.03125,1.4138336181640625,0.00405120849609375,2000.0,0.15532148887252384,133,1022,130,27,0.9255072699652778,0.5872034728609135,14,108,20,4,0.9014756944444444,0.48345194381598927,
pc4,LogisticRegression,Quantile Capping,5,0.625,0.03125,1.4140558242797852,0.00405120849609375,2000.0,0.27665862127072743,105,1086,66,55,0.932861328125,0.5821594681046585,10,115,13,8,0.8932291666666666,0.4097075559600837,
pc4,LogisticRegression,Quantile Capping,6,0.625,0.03125,1.4137544631958008,0.00405120849609375,2000.0,0.3854771438764042,83,1117,35,77,0.9133734809027777,0.5585863420097005,3,125,3,15,0.9032118055555556,0.23721003602393428,
pc4,LogisticRegression,Quantile Capping,7,0.625,0.03125,1.4138727188110352,0.00405120849609375,2000.0,0.22514398092802496,117,1046,106,43,0.9184353298611112,0.5569050553037971,13,120,8,5,0.9049479166666667,0.6180700462007377,
pc4,LogisticRegression,Quantile Capping,8,0.625,0.03125,1.3938255310058594,0.00403594970703125,2000.0,0.30543589128254156,104,1085,67,56,0.920269097222222,0.5752410512373277,11,117,11,7,0.9105902777777778,0.482638485985237,
pc4,LogisticRegression,Quantile Capping,9,0.609375,0.03125,1.4146852493286133,0.00405120849609375,2000.0,0.1675286947958198,123,1025,127,38,0.9117683531746031,0.546137944316036,14,108,20,3,0.9136029411764706,0.5066828712619958,
pc4,LogisticRegression,Quantile Capping,10,0.625,0.015625,1.4144420623779297,0.00405120849609375,2000.0,0.18244571412648075,128,1017,135,33,0.9163216011042098,0.5555154287720309,9,117,11,8,0.8207720588235294,0.4137403366563026,
pc4,LogisticRegression,IQR Removal,1,0.578125,0.0,1.3733339309692383,0.0034685134887695312,2000.0,0.5926121521839945,65,1138,14,95,0.9068793402777778,0.5421188653705815,6,126,2,12,0.8619791666666667,0.45897106488949513,
pc4,LogisticRegression,IQR Removal,2,0.59375,0.0,1.3751249313354492,0.0034685134887695312,2000.0,0.3232961139752935,89,1096,56,71,0.9058213975694445,0.5298118730650337,9,125,3,9,0.8832465277777777,0.5704506515865525,
pc4,LogisticRegression,IQR Removal,3,0.578125,0.0,1.3752174377441406,0.0034685134887695312,2000.0,0.48627483156891327,70,1130,22,90,0.8936360677083334,0.5361754945211521,6,125,3,12,0.9357638888888888,0.42361900528456065,
pc4,LogisticRegression,IQR Removal,4,0.59375,0.0,1.3753557205200195,0.0034685134887695312,2000.0,0.14331881856976195,136,986,166,24,0.9064480251736111,0.5487404352231654,16,105,23,2,0.9027777777777777,0.5269708865084681,
pc4,LogisticRegression,IQR Removal,5,0.59375,0.0,1.3751697540283203,0.0034685134887695312,2000.0,0.27680002805105297,92,1086,66,68,0.9050889756944445,0.5205230174140765,12,117,11,6,0.9084201388888888,0.52408098458374,
pc4,LogisticRegression,IQR Removal,6,0.59375,0.0,1.3752985000610352,0.0034685134887695312,2000.0,0.2316048570146472,103,1084,68,57,0.9125325520833334,0.568322634369997,7,118,10,11,0.8823784722222222,0.3185315603952408,
pc4,LogisticRegression,IQR Removal,7,0.59375,0.0,1.3751697540283203,0.0034685134887695312,2000.0,0.30072522629037246,95,1089,63,65,0.9018880208333334,0.5419932827198884,8,122,6,10,0.8702256944444444,0.44391850871093713,
pc4,LogisticRegression,IQR Removal,8,0.578125,0.0,1.3549938201904297,0.0034532546997070312,2000.0,0.5109871781446994,71,1131,21,89,0.9072699652777778,0.5452971523117609,7,123,5,11,0.9027777777777777,0.41874610672018336,
pc4,LogisticRegression,IQR Removal,9,0.609375,0.0,1.3762054443359375,0.0034685134887695312,2000.0,0.13392253981707153,140,977,175,21,0.9108355978260869,0.5512322836334137,15,105,23,2,0.9007352941176471,0.5140369673735221,
pc4,LogisticRegression,IQR Removal,10,0.578125,0.0,1.3760194778442383,0.0034685134887695312,2000.0,0.3445120766098966,87,1107,45,74,0.9139708419599724,0.5468066391798216,7,124,4,10,0.7578125,0.4623300791460221,
pc4,LogisticRegression,Quantile Removal,1,0.578125,0.0,1.6350164413452148,0.0034742355346679688,2000.0,0.2078876892571766,121,1050,102,39,0.9184407552083332,0.5817101691196099,11,114,14,7,0.8654513888888888,0.43787878787878787,
pc4,LogisticRegression,Quantile Removal,2,0.578125,0.0,1.648432731628418,0.0034742355346679688,2000.0,0.3475608219629936,98,1092,60,62,0.91669921875,0.5634635480257004,12,125,3,6,0.9053819444444444,0.6965073262146909,
pc4,LogisticRegression,Quantile Removal,3,0.59375,0.0,1.647862434387207,0.0034742355346679688,2000.0,0.20472346961977358,117,1046,106,43,0.9120171440972222,0.5569050553037971,14,117,11,4,0.9470486111111112,0.6037878787878788,
pc4,LogisticRegression,Quantile Removal,4,0.578125,0.0,1.6506280899047852,0.0034742355346679688,2000.0,0.271437502564287,104,1085,67,56,0.9121012369791667,0.5752410512373277,12,117,11,6,0.9110243055555555,0.52408098458374,
pc4,LogisticRegression,Quantile Removal,5,0.578125,0.0,1.6466608047485352,0.0034742355346679688,2000.0,0.3075655113921786,104,1085,67,56,0.9094618055555556,0.5752410512373277,13,114,14,5,0.9292534722222222,0.5189650327244778,
pc4,LogisticRegression,Quantile Removal,6,0.578125,0.0,1.6488418579101562,0.0034742355346679688,2000.0,0.577508721768341,81,1128,24,79,0.9186360677083333,0.5853998811669848,5,122,6,13,0.8537326388888888,0.2876121099263404,
pc4,LogisticRegression,Quantile Removal,7,0.578125,0.0,1.6480817794799805,0.0034742355346679688,2000.0,0.41329128873030935,93,1100,52,67,0.915087890625,0.5595277236747004,8,121,7,10,0.8802083333333333,0.42204020171443485,
pc4,LogisticRegression,Quantile Removal,8,0.578125,0.0,1.6321029663085938,0.0034589767456054688,2000.0,0.34253771526386123,102,1096,56,58,0.9181369357638889,0.5920905684334498,8,117,11,10,0.8806423611111112,0.3503161416982077,
pc4,LogisticRegression,Quantile Removal,9,0.578125,0.0,1.6531314849853516,0.0034742355346679688,2000.0,0.336821573025214,101,1095,57,60,0.9156125992063492,0.582552109225584,11,122,6,6,0.9117647058823529,0.6001838235294118,
pc4,LogisticRegression,Quantile Removal,10,0.546875,0.0,1.6154699325561523,0.0034589767456054688,2000.0,0.2651892745949718,108,1076,76,53,0.9136042097998618,0.5715054491699654,10,122,6,7,0.8979779411764706,0.5558543368839082,
pc4,LogisticRegression,Yeo-Johnson,1,0.28125,0.0,1.2059335708618164,0.00444793701171875,62.0,0.1956476433970497,144,1007,145,16,0.9469129774305556,0.611243820503638,16,112,16,2,0.9440104166666666,0.6070773303214784,
pc4,LogisticRegression,Yeo-Johnson,2,0.28125,0.0,1.2060747146606445,0.00444793701171875,70.0,0.2631763078091977,136,1038,114,24,0.9457139756944445,0.62577469878116,13,117,11,5,0.9474826388888888,0.5644262412601061,
pc4,LogisticRegression,Yeo-Johnson,3,0.296875,0.0,1.2059831619262695,0.00444793701171875,70.0,0.28624579173305653,130,1046,106,30,0.9463541666666667,0.6138322570825511,15,118,10,3,0.9505208333333334,0.6590909090909091,
pc4,LogisticRegression,Yeo-Johnson,4,0.296875,0.015625,1.2060747146606445,0.00444793701171875,70.0,0.2947698994804407,128,1057,95,32,0.9504258897569445,0.6251191182972823,13,113,15,5,0.9157986111111112,0.505244409839101,
pc4,LogisticRegression,Yeo-Johnson,5,0.265625,0.0,1.2059831619262695,0.00444793701171875,71.0,0.2188078594883259,142,1018,134,18,0.9475314670138889,0.6191671160575698,18,106,22,0,0.9383680555555556,0.610455772353739,
pc4,LogisticRegression,Yeo-Johnson,6,0.296875,0.015625,1.2060747146606445,0.00444793701171875,74.0,0.2164068705021598,140,1016,136,20,0.9482693142361112,0.6077371963104466,16,112,16,2,0.9227430555555556,0.6070773303214784,
pc4,LogisticRegression,Yeo-Johnson,7,0.28125,0.0,1.2060747146606445,0.00444793701171875,64.0,0.3828275274375796,109,1090,62,51,0.9478949652777778,0.6098331355739813,8,126,2,10,0.9401041666666666,0.5581439904292508,
pc4,LogisticRegression,Yeo-Johnson,8,0.296875,0.0,1.205979347229004,0.00443267822265625,59.0,0.17788415632988583,148,998,154,12,0.9520670572916666,0.6151399173013251,14,106,22,4,0.8910590277777778,0.46216450506487744,
pc4,LogisticRegression,Yeo-Johnson,9,0.28125,0.0,1.206954002380371,0.00444793701171875,66.0,0.2395331589754808,139,1028,124,22,0.94890064268461,0.6193337991139343,14,112,16,3,0.9223345588235293,0.5547593043500946,
pc4,LogisticRegression,Yeo-Johnson,10,0.28125,0.015625,1.2068586349487305,0.00444793701171875,61.0,0.30050288184471485,127,1055,97,34,0.9471402691511388,0.614405736604368,14,120,8,3,0.9577205882352942,0.6824439543877552,
pc4,LogisticRegression,Quantile Transform,1,0.109375,0.015625,1.3633298873901367,0.27030086517333984,119.0,0.2632678118250655,145,1034,118,15,0.9539388020833333,0.657020802161921,14,114,14,4,0.9305555555555556,0.5581609692627085,
pc4,LogisticRegression,Quantile Transform,2,0.109375,0.015625,1.3635435104370117,0.27030086517333984,95.0,0.23836467766527283,148,1024,128,12,0.9492458767361112,0.653456875298939,15,112,16,3,0.9644097222222223,0.5694415462664327,
pc4,LogisticRegression,Quantile Transform,3,0.109375,0.015625,1.3635454177856445,0.27030086517333984,106.0,0.3382094264319757,132,1061,91,28,0.9510687934027777,0.6499242321130951,15,119,9,3,0.9609375,0.6768494762177807,
pc4,LogisticRegression,Quantile Transform,4,0.109375,0.0,1.3630666732788086,0.27030086517333984,105.0,0.35001529610190735,128,1070,82,32,0.9537733289930557,0.6504377473642693,14,115,13,4,0.93359375,0.5726257230770088,
pc4,LogisticRegression,Quantile Transform,5,0.09375,0.015625,1.3634977340698242,0.27030086517333984,107.0,0.3566648443058482,130,1072,80,30,0.9527180989583334,0.6631428200855342,15,114,14,3,0.9440104166666666,0.5965720180401671,
pc4,LogisticRegression,Quantile Transform,6,0.109375,0.015625,1.3623647689819336,0.27030086517333984,108.0,0.40824939510782254,115,1096,56,45,0.9526801215277778,0.6513436367779657,7,119,9,11,0.9322916666666667,0.3352919719642497,
pc4,LogisticRegression,Quantile Transform,7,0.109375,0.015625,1.363459587097168,0.27030086517333984,108.0,0.377221886919234,123,1078,74,37,0.9507378472222223,0.6453647543704149,10,124,4,8,0.9592013888888888,0.5854296490423713,
pc4,LogisticRegression,Quantile Transform,8,0.109375,0.0,1.3633718490600586,0.27028560638427734,103.0,0.24904694888218087,150,1026,126,10,0.958523220486111,0.6648867950460621,14,109,19,4,0.8854166666666667,0.494687086107076,
pc4,LogisticRegression,Quantile Transform,9,0.109375,0.015625,1.3642988204956055,0.27030086517333984,98.0,0.33792431691018193,135,1063,89,26,0.9551603476535542,0.6637887498902517,14,114,14,3,0.9071691176470589,0.5820356984744515,
pc4,LogisticRegression,Quantile Transform,10,0.109375,0.015625,1.3642492294311523,0.27030086517333984,103.0,0.37488502599284407,125,1080,72,36,0.9505963164251208,0.6557070267635366,12,120,8,5,0.9517463235294117,0.600245047998781,
pc4,LogisticRegression,Min-Max Scaler,1,0.015625,0.0,1.0968799591064453,0.004604339599609375,26.0,0.23320983080225996,110,1026,126,50,0.8912489149305556,0.4925449195385289,11,116,12,7,0.8598090277777778,0.4668942702719118,
pc4,LogisticRegression,Min-Max Scaler,2,0.03125,0.0,1.0967731475830078,0.004604339599609375,28.0,0.21097300228674726,120,983,169,40,0.8845160590277779,0.47635619561564074,13,112,16,5,0.9053819444444444,0.4921361491746223,
pc4,LogisticRegression,Min-Max Scaler,3,0.015625,0.0,1.0966453552246094,0.004604339599609375,26.0,0.40625587368144267,53,1139,13,107,0.8882432725694445,0.47902490534667197,5,126,2,13,0.87109375,0.40340314628859464,
pc4,LogisticRegression,Min-Max Scaler,4,0.015625,0.0,1.0967731475830078,0.004604339599609375,26.0,0.29296094897087377,84,1091,61,76,0.8924886067708334,0.4926670598029503,9,118,10,9,0.8615451388888888,0.4122364282453485,
pc4,LogisticRegression,Min-Max Scaler,5,0.015625,0.0,1.0966453552246094,0.004604339599609375,28.0,0.22661626926994446,109,1025,127,51,0.8890299479166668,0.4864805526613278,13,106,22,5,0.8897569444444444,0.42382103195130266,
pc4,LogisticRegression,Min-Max Scaler,6,0.015625,0.0,1.0967731475830078,0.004604339599609375,27.0,0.2975404876406006,88,1095,57,72,0.9035698784722223,0.522382910412617,7,122,6,11,0.8749999999999999,0.3948093993251863,
pc4,LogisticRegression,Min-Max Scaler,7,0.015625,0.0,1.0967731475830078,0.004604339599609375,26.0,0.21420449731448854,118,994,158,42,0.886252170138889,0.4820080790920928,12,114,14,6,0.8958333333333333,0.4789018220138707,
pc4,LogisticRegression,Min-Max Scaler,8,0.015625,0.0,1.0967731475830078,0.004589080810546875,26.0,0.2517991132791153,104,1046,106,56,0.893017578125,0.4979768747090904,9,112,16,9,0.8250868055555556,0.32727272727272727,
pc4,LogisticRegression,Min-Max Scaler,9,0.015625,0.0,1.0976219177246094,0.004604339599609375,29.0,0.22231128733588013,119,1008,144,42,0.8927088724982748,0.5033003984922917,13,104,24,4,0.8667279411764706,0.425939046261262,
pc4,LogisticRegression,Min-Max Scaler,10,0.015625,0.0,1.0975341796875,0.004604339599609375,23.0,0.1860886079169335,133,943,209,28,0.8874277518978606,0.481780798579748,14,111,17,3,0.9094669117647058,0.5419962259954479,
pc4,LogisticRegression,Standard Scaler,1,0.03125,0.0,1.1957159042358398,0.004012107849121094,51.0,0.22294411066702205,122,1051,101,38,0.9355197482638888,0.5879114475735631,12,114,14,6,0.8771701388888888,0.4789018220138707,
pc4,LogisticRegression,Standard Scaler,2,0.03125,0.0,1.1958703994750977,0.004012107849121094,50.0,0.24573257087388423,110,1065,87,50,0.9272894965277777,0.5605990042276275,14,121,7,4,0.9136284722222221,0.6774373006384401,
pc4,LogisticRegression,Standard Scaler,3,0.03125,0.0,1.195775032043457,0.004012107849121094,54.0,0.6002967955711628,62,1148,4,98,0.9293511284722222,0.57493385275466,5,125,3,13,0.9453125,0.36742765577219144,
pc4,LogisticRegression,Standard Scaler,4,0.03125,0.0,1.1958703994750977,0.004012107849121094,52.0,0.38108163785309773,85,1119,33,75,0.934421115451389,0.5748693423811172,11,120,8,7,0.9058159722222223,0.5360770013396302,
pc4,LogisticRegression,Standard Scaler,5,0.03125,0.0,1.1958703994750977,0.004012107849121094,61.0,0.2354142653235395,116,1058,94,44,0.9346516927083333,0.5742073110366799,14,113,15,4,0.9110243055555556,0.5443540836073947,
pc4,LogisticRegression,Standard Scaler,6,0.03125,0.0,1.1958227157592773,0.004012107849121094,52.0,0.3851293499718355,87,1121,31,73,0.9359700520833334,0.591152342752534,4,124,4,14,0.9053819444444444,0.27588424665488775,
pc4,LogisticRegression,Standard Scaler,7,0.03125,0.0,1.1958703994750977,0.004012107849121094,58.0,0.4272796530132777,83,1130,22,77,0.9351725260416667,0.6025682610867605,8,125,3,10,0.9014756944444444,0.5244055387754704,
pc4,LogisticRegression,Standard Scaler,8,0.03125,0.0,1.1958703994750977,0.003996849060058594,58.0,0.32425354955543456,98,1105,47,62,0.9353515625,0.5966725369367838,7,118,10,11,0.8849826388888888,0.3185315603952408,
pc4,LogisticRegression,Standard Scaler,9,0.015625,0.0,1.1967496871948242,0.004012107849121094,58.0,0.22061293478419666,119,1047,105,42,0.9348230460662525,0.5650227233184844,14,114,14,3,0.921875,0.5820356984744515,
pc4,LogisticRegression,Standard Scaler,10,0.015625,0.0,1.1967496871948242,0.004012107849121094,56.0,0.2838454350690535,104,1085,67,57,0.9332891218081436,0.5728486270910749,8,124,4,9,0.9149816176470589,0.5129936664743946,
pc4,LogisticRegression,Robust Scaler,1,0.046875,0.0,1.1016788482666016,0.0037527084350585938,141.0,0.3662808130634808,94,1114,38,66,0.9383409288194444,0.6032129964430338,8,122,6,10,0.8776041666666666,0.44391850871093713,
pc4,LogisticRegression,Robust Scaler,2,0.046875,0.0,1.1012344360351562,0.0037527084350585938,115.0,0.4827373255881776,73,1133,19,87,0.9297417534722222,0.5635404678929785,10,127,1,8,0.923611111111111,0.6822678246748902,
pc4,LogisticRegression,Robust Scaler,3,0.046875,0.0,1.1020698547363281,0.0037527084350585938,118.0,0.4388862803848815,81,1128,24,79,0.9318956163194445,0.5853998811669848,9,125,3,9,0.9461805555555555,0.5704506515865525,
pc4,LogisticRegression,Robust Scaler,4,0.0625,0.0,1.1018943786621094,0.0037527084350585938,127.0,0.3782515739378958,87,1121,31,73,0.9365912543402779,0.591152342752534,11,119,9,7,0.9110243055555556,0.5171023775106439,
pc4,LogisticRegression,Robust Scaler,5,0.046875,0.0,1.1021175384521484,0.0037527084350585938,120.0,0.22203640872543895,124,1053,99,36,0.9371256510416667,0.6003140044814695,14,113,15,4,0.9040798611111112,0.5443540836073947,
pc4,LogisticRegression,Robust Scaler,6,0.0625,0.0,1.1022377014160156,0.0037527084350585938,107.0,0.3998004751859153,89,1123,29,71,0.9378689236111111,0.6074353431239508,4,125,3,14,0.9066840277777777,0.30589178973539133,
pc4,LogisticRegression,Robust Scaler,7,0.0625,0.0,1.1014823913574219,0.0037527084350585938,141.0,0.4293679837899419,85,1132,20,75,0.9380154079861112,0.6197366410065362,9,125,3,9,0.9019097222222222,0.5704506515865525,
pc4,LogisticRegression,Robust Scaler,8,0.046875,0.0,1.101480484008789,0.0037374496459960938,140.0,0.3869142102634709,89,1123,29,71,0.9374728732638888,0.6074353431239508,7,121,7,11,0.8884548611111112,0.3731629385452201,
pc4,LogisticRegression,Robust Scaler,9,0.0625,0.0,1.1028728485107422,0.0037527084350585938,127.0,0.20604255647041295,125,1040,112,36,0.9378208031400965,0.5792162637509604,14,111,17,3,0.9131433823529411,0.5419962259954479,
pc4,LogisticRegression,Robust Scaler,10,0.0625,0.0,1.1028308868408203,0.0037527084350585938,122.0,0.2797343350519703,106,1087,65,55,0.9362491373360939,0.5866468906801189,8,123,5,9,0.9159007352941176,0.4859342439239439,
pc4,LogisticRegression,Uniform Binning,1,0.03125,0.0,1.103647232055664,0.0060558319091796875,46.0,0.38965169049265325,62,1122,30,98,0.8742078993055555,0.4632022321962816,5,124,4,13,0.8383246527777778,0.3369966316549446,
pc4,LogisticRegression,Uniform Binning,2,0.03125,0.0,1.1037540435791016,0.0060558319091796875,48.0,0.35863235803517274,64,1111,41,96,0.8676920572916668,0.4394686518488917,8,124,4,10,0.8893229166666667,0.49459837915336796,
pc4,LogisticRegression,Uniform Binning,3,0.03125,0.0,1.1036148071289062,0.0060558319091796875,49.0,0.36336527415096764,67,1114,38,93,0.871682400173611,0.46522122172855523,5,123,5,13,0.8441840277777777,0.3107076869798461,
pc4,LogisticRegression,Uniform Binning,4,0.03125,0.0,1.1037063598632812,0.0060558319091796875,53.0,0.18890485760429637,111,987,165,49,0.8745795355902778,0.442003359977162,12,106,22,6,0.8385416666666667,0.3848709608590976,
pc4,LogisticRegression,Uniform Binning,5,0.03125,0.0,1.1037540435791016,0.0060558319091796875,55.0,0.38165558574914266,65,1125,27,95,0.8707166883680556,0.490567205568108,8,120,8,10,0.843967013888889,0.4019849255157217,
pc4,LogisticRegression,Uniform Binning,6,0.015625,0.0,1.1037101745605469,0.0060558319091796875,42.0,0.35340747814519885,73,1106,46,87,0.8962375217013889,0.4743721933068872,6,123,5,12,0.873046875,0.3665432528760504,
pc4,LogisticRegression,Uniform Binning,7,0.03125,0.015625,1.1037540435791016,0.0060558319091796875,58.0,0.39414062885591267,61,1120,32,99,0.871533203125,0.4507110378654052,6,125,3,12,0.8528645833333333,0.42361900528456065,
pc4,LogisticRegression,Uniform Binning,8,0.03125,0.0,1.1037540435791016,0.0060405731201171875,47.0,0.3948389222426345,63,1123,29,97,0.8732069227430557,0.4723238899868904,5,122,6,13,0.8244357638888888,0.2876121099263404,
pc4,LogisticRegression,Uniform Binning,9,0.03125,0.0,1.1045551300048828,0.0060558319091796875,60.0,0.19388642160774797,108,1010,142,53,0.8766929779158041,0.457426393595582,12,106,22,5,0.8338694852941176,0.40548587906779554,
pc4,LogisticRegression,Uniform Binning,10,0.015625,0.0,1.1045074462890625,0.0060558319091796875,41.0,0.27822695736215164,84,1076,76,77,0.8724470540027605,0.456990657689453,7,122,6,10,0.8377757352941176,0.41089647462791423,
pc4,LogisticRegression,Quantile Binning,1,0.0625,0.0,1.1048412322998047,0.0058746337890625,161.0,0.3363018763384988,99,1080,72,61,0.9096788194444444,0.5406489669006741,7,122,6,11,0.8884548611111112,0.3948093993251863,
pc4,LogisticRegression,Quantile Binning,2,0.0625,0.0,1.1052131652832031,0.0058746337890625,137.0,0.2693176537919128,108,1050,102,52,0.9012749565972221,0.5233870201516202,11,118,10,7,0.9166666666666666,0.49933553732533276,
pc4,LogisticRegression,Quantile Binning,3,0.078125,0.0,1.1051349639892578,0.0058746337890625,144.0,0.2293177621835781,116,1018,134,44,0.908251953125,0.5071581354430761,15,111,17,3,0.91015625,0.5567175063289013,
pc4,LogisticRegression,Quantile Binning,4,0.0625,0.0,1.1052188873291016,0.0058746337890625,136.0,0.4391816281989714,79,1113,39,81,0.9119981553819444,0.5260203412668668,7,120,8,11,0.8736979166666666,0.3534234205893709,
pc4,LogisticRegression,Quantile Binning,5,0.046875,0.0,1.1051769256591797,0.0058746337890625,94.0,0.36336580724875217,88,1095,57,72,0.9056993272569445,0.522382910412617,10,113,15,8,0.8993055555555556,0.38257575757575757,
pc4,LogisticRegression,Quantile Binning,6,0.0625,0.0,1.1047096252441406,0.0058746337890625,157.0,0.22344866950870274,122,1024,128,38,0.9097981770833334,0.5427431044445012,10,117,11,8,0.8923611111111112,0.43996828288763035,
pc4,LogisticRegression,Quantile Binning,7,0.078125,0.0,1.1050777435302734,0.0058746337890625,166.0,0.24254354790245458,118,1034,118,42,0.9111518012152778,0.5410598545561377,8,123,5,10,0.8823784722222222,0.4679593641747767,
pc4,LogisticRegression,Quantile Binning,8,0.078125,0.0,1.1051712036132812,0.005859375,146.0,0.24864190746129997,114,1043,109,46,0.912863498263889,0.5383012199419375,11,108,20,7,0.8580729166666666,0.36567079686717,
pc4,LogisticRegression,Quantile Binning,9,0.078125,0.0,1.1059722900390625,0.0058746337890625,145.0,0.4105889302443552,87,1107,45,74,0.9071746678743962,0.5468066391798216,6,116,12,11,0.8676470588235294,0.2528782896285226,
pc4,LogisticRegression,Quantile Binning,10,0.0625,0.0,1.1060142517089844,0.0058746337890625,157.0,0.3477134085874448,98,1079,73,63,0.9122859515182885,0.5314538363239429,9,120,8,8,0.8625919117647058,0.46691176470588236,
pc4,LogisticRegression,Random Undersampling,1,0.4375,0.0,0.5448646545410156,0.0059375762939453125,2000.0,0.5080570414135333,140,964,188,20,0.9162814670138889,0.537914353639919,13,100,28,5,0.8528645833333333,0.3683241319143657,
pc4,LogisticRegression,Random Undersampling,2,0.453125,0.0,0.5494823455810547,0.0059528350830078125,2000.0,0.4706252126746427,152,871,281,8,0.908154296875,0.49135970022524245,17,101,27,1,0.947265625,0.5255560539087705,
pc4,LogisticRegression,Random Undersampling,3,0.4375,0.015625,0.5546360015869141,0.0059680938720703125,2000.0,0.7379614691771811,98,1079,73,62,0.9159884982638888,0.5337305500333434,12,120,8,6,0.9418402777777778,0.5776938278449569,
pc4,LogisticRegression,Random Undersampling,4,0.453125,0.0,0.5492115020751953,0.0059528350830078125,2000.0,0.7527478647891125,105,1060,92,55,0.9099310980902777,0.5279967926342477,12,116,12,6,0.9309895833333334,0.5082146237812688,
pc4,LogisticRegression,Random Undersampling,5,0.453125,0.0,0.5497455596923828,0.0059528350830078125,2000.0,0.4453922981645926,142,953,199,18,0.9171495225694445,0.5332830866122874,18,97,31,0,0.9305555555555556,0.5276173822390771,
pc4,LogisticRegression,Random Undersampling,6,0.421875,0.0,0.5494823455810547,0.0059528350830078125,2000.0,0.5121642876525497,142,979,173,18,0.9282877604166667,0.5648630314000266,11,107,21,7,0.84765625,0.35527821035859247,
pc4,LogisticRegression,Random Undersampling,7,0.453125,0.015625,0.5545883178710938,0.0059680938720703125,2000.0,0.7045472241265311,107,1075,77,53,0.9273166232638888,0.567223385667671,11,118,10,7,0.8897569444444444,0.49933553732533276,
pc4,LogisticRegression,Random Undersampling,8,0.4375,0.0,0.5446271896362305,0.0059375762939453125,2000.0,0.4175452118000789,145,969,183,15,0.9314643012152777,0.564810071321915,14,101,27,4,0.900173611111111,0.4146821692070358,
pc4,LogisticRegression,Random Undersampling,9,0.4375,0.015625,0.5520906448364258,0.0059680938720703125,2000.0,0.6794793419074899,118,1033,119,43,0.9199043521394066,0.5369549221393203,15,118,10,2,0.9126838235294117,0.6849328183743822,
pc4,LogisticRegression,Random Undersampling,10,0.4375,0.0,0.5571861267089844,0.0059833526611328125,2000.0,0.4746420380606538,142,964,188,19,0.9190929089026914,0.5435122892001264,11,115,13,6,0.8115808823529412,0.47219672151739994,
pc4,LogisticRegression,SMOTE / SMOTENC,1,0.859375,0.015625,6.424567222595215,0.07169914245605469,2000.0,0.40410506147319164,137,1000,152,23,0.9240668402777776,0.5719015965779721,13,105,23,5,0.8372395833333334,0.41382924880451055,
pc4,LogisticRegression,SMOTE / SMOTENC,2,0.84375,0.0,6.417469024658203,0.07163047790527344,2000.0,0.3946542863973421,134,984,168,26,0.9115180121527777,0.5376738548768054,14,114,14,4,0.8854166666666666,0.5581609692627085,
pc4,LogisticRegression,SMOTE / SMOTENC,3,0.84375,0.015625,6.4208526611328125,0.07160758972167969,2000.0,0.4544925072664934,129,1005,147,31,0.9117947048611111,0.5448726377012697,14,116,12,4,0.9479166666666667,0.5878109591073678,
pc4,LogisticRegression,SMOTE / SMOTENC,4,0.859375,0.0,6.416563987731934,0.07164192199707031,2000.0,0.40671955032484264,134,983,169,26,0.9159423828125,0.5363777932985082,17,107,21,1,0.9153645833333333,0.5847157254249603,
pc4,LogisticRegression,SMOTE / SMOTENC,5,0.859375,0.0,6.402616500854492,0.07153892517089844,2000.0,0.39139401088128783,139,961,191,21,0.9173285590277778,0.5301500544940629,17,100,28,1,0.9249131944444444,0.5166876629633712,
pc4,LogisticRegression,SMOTE / SMOTENC,6,0.859375,0.0,6.418444633483887,0.07166481018066406,2000.0,0.6015296907787243,108,1063,89,52,0.9207465277777778,0.5475581195902756,6,116,12,12,0.8858506944444444,0.23958333333333334,
pc4,LogisticRegression,SMOTE / SMOTENC,7,0.84375,0.0,6.412267684936523,0.07151603698730469,2000.0,0.6044633181061952,105,1060,92,55,0.9150390625,0.5279967926342477,10,121,7,8,0.8958333333333333,0.5133874590727764,
pc4,LogisticRegression,SMOTE / SMOTENC,8,0.875,0.0,6.418649673461914,0.07177925109863281,2000.0,0.4788735011427214,124,1026,126,36,0.9177625868055557,0.5546047607783097,13,111,17,5,0.9092881944444444,0.4795886655818023,
pc4,LogisticRegression,SMOTE / SMOTENC,9,0.859375,0.0,6.408304214477539,0.07203483581542969,2000.0,0.38622493381010153,138,975,177,23,0.9163836050724637,0.5403571401239937,15,106,22,2,0.9044117647058822,0.5242848451591648,
pc4,LogisticRegression,SMOTE / SMOTENC,10,0.828125,0.0,6.417269706726074,0.07208061218261719,2000.0,0.41308015703376827,135,985,167,26,0.9163916925465839,0.5405478839859613,8,112,16,9,0.7748161764705882,0.29915074522416574,
pc4,KNN,Baseline,1,0.0,0.125,1.3381681442260742,0.49330615997314453,,0.2,160,794,358,0,0.8949435763888889,0.4614016286181301,7,73,55,11,0.4876302083333333,-0.027136331028399567,
pc4,KNN,Baseline,2,0.09375,0.0,1.338582992553711,0.49330615997314453,,0.4,84,1072,80,76,0.8849609374999999,0.45074893585520887,5,122,6,13,0.660373263888889,0.2876121099263404,
pc4,KNN,Baseline,3,0.09375,0.0,1.338536262512207,0.49330615997314453,,0.2,160,746,406,0,0.8793836805555555,0.4278533629601494,11,83,45,7,0.640625,0.17548689039154614,
pc4,KNN,Baseline,4,0.078125,0.09375,1.3389787673950195,0.49330615997314453,,0.2,160,759,393,0,0.8800320095486112,0.43660838707571614,14,76,52,4,0.7139756944444444,0.2454231726427512,
pc4,KNN,Baseline,5,0.09375,0.0,1.3389387130737305,0.49330615997314453,,0.2,160,770,382,0,0.8854763454861111,0.44420093780262493,10,68,60,8,0.5700954861111112,0.05712588511532102,
pc4,KNN,Baseline,6,0.09375,0.046875,1.339066505432129,0.49330615997314453,,0.4,87,1069,83,73,0.8914577907986112,0.4596167772484771,4,116,12,14,0.5477430555555556,0.13521311130983366,
pc4,KNN,Baseline,7,0.09375,0.0,1.3388824462890625,0.49330615997314453,,0.2,160,770,382,0,0.8857747395833333,0.44420093780262493,10,80,48,8,0.6202256944444444,0.12131004404043509,
pc4,KNN,Baseline,8,0.09375,0.0,1.3188152313232422,0.4832887649536133,,0.2,160,779,373,0,0.8896620008680556,0.45054572796937375,10,81,47,8,0.6061197916666666,0.12694513476502658,
pc4,KNN,Baseline,9,0.09375,0.0625,1.3396587371826172,0.4936800003051758,,0.2,161,773,379,0,0.8858587819185645,0.44728008884887605,12,69,59,5,0.6486672794117647,0.15763502838244484,
pc4,KNN,Baseline,10,0.09375,0.015625,1.3399744033813477,0.4936800003051758,,0.4,84,1070,82,77,0.8871554736024845,0.44468725658647473,5,110,18,12,0.6422334558823529,0.13516778216829692,
pc4,KNN,IQR Capping,1,0.4375,0.1875,1.5448226928710938,0.49410438537597656,,0.4,91,1070,82,69,0.9023790147569445,0.48123257779037903,6,111,17,12,0.5935329861111112,0.1809606987127712,
pc4,KNN,IQR Capping,2,0.453125,0.1875,1.5435590744018555,0.49410438537597656,,0.4,91,1065,87,69,0.8919216579861111,0.47132280401176774,7,122,6,11,0.7105034722222222,0.3948093993251863,
pc4,KNN,IQR Capping,3,0.390625,0.1875,1.5432929992675781,0.49410438537597656,,0.4,92,1054,98,68,0.8923366970486111,0.4555620388278437,5,115,13,13,0.62890625,0.1762152777777778,
pc4,KNN,IQR Capping,4,0.4375,0.1875,1.5433425903320312,0.49410438537597656,,0.2920000000000073,91,1059,93,69,0.8941596137152779,0.45989758786034707,10,109,19,8,0.728515625,0.33548234587630504,
pc4,KNN,IQR Capping,5,0.34375,0.1875,1.5436487197875977,0.49410438537597656,,0.2,160,777,375,0,0.8900417751736112,0.4491251447410057,11,71,57,7,0.6278211805555556,0.1092748874466543,
pc4,KNN,IQR Capping,6,0.453125,0.1875,1.5436038970947266,0.49410438537597656,,0.4,93,1067,85,67,0.8989691840277778,0.4849266301043284,5,115,13,13,0.5874565972222222,0.1762152777777778,
pc4,KNN,IQR Capping,7,0.515625,0.1875,1.5434579849243164,0.49410438537597656,,0.4,93,1062,90,67,0.8983723958333333,0.47521442247883317,6,112,16,12,0.6128472222222222,0.19145989526687088,
pc4,KNN,IQR Capping,8,0.421875,0.1875,1.5234870910644531,0.4840869903564453,,0.4,92,1062,90,68,0.8986897786458333,0.470390412253169,4,120,8,14,0.626736111111111,0.19118928942062963,
pc4,KNN,IQR Capping,9,0.453125,0.1875,1.5445528030395508,0.4944782257080078,,0.4,88,1076,76,73,0.8989793607660456,0.47681676161449577,5,108,20,12,0.6401654411764706,0.11741705457846552,
pc4,KNN,IQR Capping,10,0.359375,0.1875,1.5444211959838867,0.4944782257080078,,0.4,94,1070,82,67,0.898569595410628,0.4935609988057035,6,110,18,11,0.6663602941176471,0.1837867610286763,
pc4,KNN,Quantile Capping,1,0.4375,0.203125,1.4136171340942383,0.49413299560546875,,0.4,87,1071,81,73,0.8973280164930556,0.4636403577867563,3,110,18,15,0.484375,0.02439750182371333,
pc4,KNN,Quantile Capping,2,0.515625,0.28125,1.4133129119873047,0.49413299560546875,,0.4,83,1071,81,77,0.8841905381944444,0.4437059837324712,6,122,6,12,0.6948784722222222,0.3428938342869988,
pc4,KNN,Quantile Capping,3,0.453125,0.1875,1.4134836196899414,0.49413299560546875,,0.2,160,746,406,0,0.8804633246527778,0.4278533629601494,11,83,45,7,0.6438802083333334,0.17548689039154614,
pc4,KNN,Quantile Capping,4,0.4375,0.1875,1.413609504699707,0.49413299560546875,,0.2,160,757,395,0,0.8800130208333333,0.4352464123223067,14,76,52,4,0.7139756944444444,0.2454231726427512,
pc4,KNN,Quantile Capping,5,0.4375,0.1875,1.413681983947754,0.49413299560546875,,0.2,160,775,377,0,0.8876708984375,0.447710685896693,9,69,59,9,0.5368923611111112,0.02574539233036358,
pc4,KNN,Quantile Capping,6,0.453125,0.25,1.4132766723632812,0.49413299560546875,,0.4,88,1068,84,72,0.892724609375,0.46255547595877977,4,115,13,14,0.5492621527777778,0.12367566171770522,
pc4,KNN,Quantile Capping,7,0.359375,0.1875,1.4139814376831055,0.49413299560546875,,0.2,160,769,383,0,0.8853325737847222,0.4435034544382141,10,79,49,8,0.6208767361111112,0.11573273128552165,
pc4,KNN,Quantile Capping,8,0.4375,0.1875,1.393594741821289,0.4841156005859375,,0.4,86,1068,84,74,0.8912896050347221,0.45268108057303086,3,119,9,15,0.6032986111111112,0.11533701698744506,
pc4,KNN,Quantile Capping,9,0.421875,0.1875,1.4143552780151367,0.4945068359375,,0.2,161,771,381,0,0.8860151397515528,0.44587615179882345,12,70,58,5,0.6511948529411765,0.16272474223883313,
pc4,KNN,Quantile Capping,10,0.4375,0.1875,1.414494514465332,0.4945068359375,,0.4,85,1072,80,76,0.8897758152173914,0.4537024848390641,5,109,19,12,0.6413143382352942,0.12610476893093156,
pc4,KNN,IQR Removal,1,0.328125,0.0,1.3729133605957031,0.49355030059814453,,0.2,160,794,358,0,0.8949435763888889,0.4614016286181301,7,73,55,11,0.4876302083333333,-0.027136331028399567,
pc4,KNN,IQR Removal,2,0.40625,0.0,1.3747444152832031,0.49355030059814453,,0.4,84,1072,80,76,0.8849609374999999,0.45074893585520887,5,122,6,13,0.660373263888889,0.2876121099263404,
pc4,KNN,IQR Removal,3,0.40625,0.0,1.374751091003418,0.49355030059814453,,0.2,160,746,406,0,0.8793836805555555,0.4278533629601494,11,83,45,7,0.640625,0.17548689039154614,
pc4,KNN,IQR Removal,4,0.40625,0.0,1.3745203018188477,0.49355030059814453,,0.2,160,759,393,0,0.8800320095486112,0.43660838707571614,14,76,52,4,0.7139756944444444,0.2454231726427512,
pc4,KNN,IQR Removal,5,0.40625,0.09375,1.374751091003418,0.49355030059814453,,0.2,160,770,382,0,0.8854763454861111,0.44420093780262493,10,68,60,8,0.5700954861111112,0.05712588511532102,
pc4,KNN,IQR Removal,6,0.40625,0.1875,1.3756237030029297,0.49355030059814453,,0.4,87,1069,83,73,0.8914577907986112,0.4596167772484771,4,116,12,14,0.5477430555555556,0.13521311130983366,
pc4,KNN,IQR Removal,7,0.40625,0.0,1.3745851516723633,0.49355030059814453,,0.2,160,770,382,0,0.8857747395833333,0.44420093780262493,10,80,48,8,0.6202256944444444,0.12131004404043509,
pc4,KNN,IQR Removal,8,0.40625,0.0,1.3547286987304688,0.4835329055786133,,0.2,160,779,373,0,0.8896620008680556,0.45054572796937375,10,81,47,8,0.6061197916666666,0.12694513476502658,
pc4,KNN,IQR Removal,9,0.390625,0.0625,1.3756980895996094,0.4939241409301758,,0.2,161,773,379,0,0.8858587819185645,0.44728008884887605,12,69,59,5,0.6486672794117647,0.15763502838244484,
pc4,KNN,IQR Removal,10,0.40625,0.0,1.3757810592651367,0.4939241409301758,,0.4,84,1070,82,77,0.8871554736024845,0.44468725658647473,5,110,18,12,0.6422334558823529,0.13516778216829692,
pc4,KNN,Quantile Removal,1,0.421875,0.0,1.6343364715576172,0.4415922164916992,,0.2,150,772,380,10,0.8448974609375,0.40521963447988935,10,74,54,8,0.5729166666666667,0.08857528653919984,
pc4,KNN,Quantile Removal,2,0.34375,0.0,1.647627830505371,0.4453306198120117,,0.0759999999999991,150,751,401,10,0.8413845486111111,0.3907827621350895,9,91,37,9,0.6098090277777778,0.14928498060683335,
pc4,KNN,Quantile Removal,3,0.28125,0.0,1.6475811004638672,0.4453306198120117,,0.2,148,735,417,12,0.8270643446180554,0.3720712996765273,10,79,49,8,0.5883246527777778,0.11573273128552165,
pc4,KNN,Quantile Removal,4,0.40625,0.0,1.6515579223632812,0.4460783004760742,,0.2,151,746,406,9,0.8350965711805556,0.39147796102631643,13,74,54,5,0.685546875,0.19815904934589335,
pc4,KNN,Quantile Removal,5,0.34375,0.0,1.6459646224975586,0.44495677947998047,,0.2,152,761,391,8,0.8462266710069444,0.40567012984634565,6,68,60,12,0.44140624999999994,-0.08945330591651679,
pc4,KNN,Quantile Removal,6,0.34375,0.078125,1.6488771438598633,0.44570446014404297,,0.2,149,760,392,11,0.839990234375,0.3928506511115284,9,78,50,9,0.5659722222222222,0.07327801076369712,
pc4,KNN,Quantile Removal,7,0.421875,0.0625,1.6476640701293945,0.4453306198120117,,0.2,150,759,393,10,0.8384711371527778,0.3962117986983785,9,79,49,9,0.5842013888888888,0.078734884353167,
pc4,KNN,Quantile Removal,8,0.28125,0.0,1.6309280395507812,0.4366636276245117,,0.2,150,761,391,10,0.8431993272569445,0.39758240102209613,10,82,46,8,0.5963541666666667,0.1326422649782255,
pc4,KNN,Quantile Removal,9,0.34375,0.015625,1.6528568267822266,0.4468259811401367,,0.2,152,761,391,9,0.8450709541062802,0.40274155276707146,12,70,58,5,0.673483455882353,0.16272474223883313,
pc4,KNN,Quantile Removal,10,0.328125,0.09375,1.6157341003417969,0.4322690963745117,,0.4,74,1073,79,87,0.8461385006901312,0.39975858762791167,5,112,16,12,0.6206341911764706,0.15459586842363746,
pc4,KNN,Yeo-Johnson,1,0.453125,0.0,1.2057867050170898,0.49453258514404297,,0.4,143,1033,119,17,0.959646267361111,0.6470176121714422,13,114,14,5,0.9090711805555556,0.5189650327244778,
pc4,KNN,Yeo-Johnson,2,0.59375,0.046875,1.2057886123657227,0.49453258514404297,,0.33800000000001096,147,1023,129,13,0.9583577473958333,0.6477419154253774,16,108,20,2,0.8980034722222223,0.558835017585611,
pc4,KNN,Yeo-Johnson,3,0.59375,0.0625,1.205744743347168,0.49453258514404297,,0.6,100,1115,37,60,0.9565917968750001,0.6344176232538548,10,124,4,8,0.9361979166666666,0.5854296490423713,
pc4,KNN,Yeo-Johnson,4,0.59375,0.0625,1.2058839797973633,0.49453258514404297,,0.6,106,1118,34,54,0.9627549913194444,0.6708919612127682,8,119,9,10,0.9066840277777778,0.383483526621086,
pc4,KNN,Yeo-Johnson,5,0.578125,0.09375,1.205836296081543,0.49453258514404297,,0.6,107,1121,31,53,0.9617214626736111,0.6846042743852964,11,116,12,7,0.876736111111111,0.4668942702719118,
pc4,KNN,Yeo-Johnson,6,0.546875,0.09375,1.2058839797973633,0.49453258514404297,,0.6,111,1111,41,49,0.961572265625,0.6729251241229909,8,123,5,10,0.8897569444444444,0.4679593641747767,
pc4,KNN,Yeo-Johnson,7,0.65625,0.171875,1.2057485580444336,0.49453258514404297,,0.4,145,1024,128,15,0.9571614583333333,0.6409735788979168,17,113,15,1,0.9147135416666667,0.6574371543140556,
pc4,KNN,Yeo-Johnson,8,0.609375,0.0,1.2058839797973633,0.4845151901245117,,0.4,148,1027,125,12,0.9599772135416667,0.658187498156529,13,108,20,5,0.8956163194444444,0.4448772139887084,
pc4,KNN,Yeo-Johnson,9,0.703125,0.0,1.2067155838012695,0.4949064254760742,,0.6,113,1111,41,48,0.964385459799862,0.6791869976305844,4,121,7,13,0.7596507352941178,0.21943927669611918,
pc4,KNN,Yeo-Johnson,10,0.59375,0.0,1.2065763473510742,0.4949064254760742,,0.6,113,1111,41,48,0.961139686853002,0.6791869976305844,8,119,9,9,0.9193474264705882,0.40027573529411764,
pc4,KNN,Quantile Transform,1,0.421875,0.09375,1.362513542175293,0.7603979110717773,,0.4,138,1046,106,22,0.9587863498263889,0.6479932856341515,12,115,13,6,0.8658854166666667,0.49318181818181817,
pc4,KNN,Quantile Transform,2,0.421875,0.09375,1.3627557754516602,0.7603979110717773,,0.4,140,1043,109,20,0.9566189236111111,0.6512191119266829,16,116,12,2,0.9071180555555556,0.6639940881099233,
pc4,KNN,Quantile Transform,3,0.375,0.09375,1.3632688522338867,0.7603979110717773,,0.4,139,1044,108,21,0.9541531032986111,0.6487310021095194,14,116,12,4,0.9429253472222222,0.5878109591073678,
pc4,KNN,Quantile Transform,4,0.421875,0.09375,1.3630552291870117,0.7603979110717773,,0.4,139,1050,102,21,0.9605875651041667,0.6593159145032785,16,115,13,2,0.9214409722222222,0.6487899524729396,
pc4,KNN,Quantile Transform,5,0.421875,0.203125,1.3631830215454102,0.7603979110717773,,0.4,137,1043,109,23,0.9570339626736111,0.638535762685161,15,105,23,3,0.88671875,0.4897563306395942,
pc4,KNN,Quantile Transform,6,0.421875,0.09375,1.362635612487793,0.7603979110717773,,0.4,138,1058,94,22,0.9619791666666667,0.6697725252361668,13,115,13,5,0.869140625,0.5333563905606192,
pc4,KNN,Quantile Transform,7,0.484375,0.171875,1.3632593154907227,0.7603979110717773,,0.4,138,1045,107,22,0.9569905598958333,0.6462435579123822,13,116,12,5,0.9021267361111112,0.5484848484848485,
pc4,KNN,Quantile Transform,8,0.40625,0.09375,1.3628511428833008,0.7503805160522461,,0.6,114,1105,47,46,0.9599419487847223,0.6699029300620214,8,119,9,10,0.8352864583333334,0.383483526621086,
pc4,KNN,Quantile Transform,9,0.328125,0.09375,1.3632574081420898,0.7607717514038086,,0.6,118,1107,45,43,0.9638328157349897,0.6901862066186006,4,117,11,13,0.8106617647058824,0.1577744263429379,
pc4,KNN,Quantile Transform,10,0.328125,0.109375,1.3634424209594727,0.7607717514038086,,0.4,142,1047,105,19,0.9597702079020014,0.6637456439750014,13,114,14,4,0.9131433823529411,0.5415857068963369,
pc4,KNN,Min-Max Scaler,1,0.09375,0.09375,1.0965614318847656,0.4946889877319336,,0.6,79,1134,18,81,0.9429063585069444,0.5979345893957602,3,124,4,15,0.7248263888888888,0.20838043318218796,
pc4,KNN,Min-Max Scaler,2,0.0,0.03125,1.0964469909667969,0.4946889877319336,,0.4,121,1046,106,39,0.9377468532986111,0.5746202350470178,11,112,16,7,0.8433159722222222,0.4116436520194158,
pc4,KNN,Min-Max Scaler,3,0.09375,0.0,1.0964107513427734,0.4946889877319336,,0.6,79,1134,18,81,0.9412109375000001,0.5979345893957602,5,125,3,13,0.8504774305555556,0.36742765577219144,
pc4,KNN,Min-Max Scaler,4,0.15625,0.0,1.0966129302978516,0.4946889877319336,,0.4,125,1053,99,35,0.9473063151041666,0.6046830723406396,12,108,20,6,0.769314236111111,0.4056380343511697,
pc4,KNN,Min-Max Scaler,5,0.0,0.09375,1.0965824127197266,0.4946889877319336,,0.4,125,1037,115,35,0.9405273437499999,0.576766987967708,13,109,19,5,0.8704427083333334,0.45599785834374684,
pc4,KNN,Min-Max Scaler,6,0.09375,0.0,1.0964908599853516,0.4946889877319336,,0.6,86,1131,21,74,0.9472927517361112,0.6208615262560317,4,125,3,14,0.72265625,0.30589178973539133,
pc4,KNN,Min-Max Scaler,7,0.09375,0.0,1.0964546203613281,0.4946889877319336,,0.6,84,1130,22,76,0.9410536024305555,0.6074726202140784,6,126,2,12,0.8248697916666667,0.45897106488949513,
pc4,KNN,Min-Max Scaler,8,0.09375,0.0,1.0965347290039062,0.48467159271240234,,0.6,83,1127,25,77,0.9404839409722222,0.5917795786200626,5,121,7,13,0.8207465277777779,0.2670415618538142,
pc4,KNN,Min-Max Scaler,9,0.1875,0.0,1.0972480773925781,0.49506282806396484,,0.4,128,1046,106,33,0.9450159592822637,0.6025407958166816,10,115,13,7,0.81640625,0.4285709021443906,
pc4,KNN,Min-Max Scaler,10,0.09375,0.0,1.0973834991455078,0.49506282806396484,,0.4,125,1042,110,36,0.9410989259834368,0.5826214559045051,10,114,14,7,0.8230698529411764,0.41451472941965517,
pc4,KNN,Standard Scaler,1,0.09375,0.140625,1.195572853088379,0.4940967559814453,,0.4,134,1059,93,26,0.9568793402777778,0.654670570980123,8,118,10,10,0.8619791666666666,0.3663194444444444,
pc4,KNN,Standard Scaler,2,0.1875,0.0,1.195631980895996,0.4940967559814453,,0.4,135,1071,81,25,0.9594970703125,0.6824633021336196,14,115,13,4,0.9014756944444444,0.5726257230770088,
pc4,KNN,Standard Scaler,3,0.109375,0.0,1.195631980895996,0.4940967559814453,,0.22599999999997636,136,1065,87,24,0.9600477430555556,0.6747293459289079,11,116,12,7,0.8982204861111112,0.4668942702719118,
pc4,KNN,Standard Scaler,4,0.09375,0.0,1.1956796646118164,0.4940967559814453,,0.4,136,1070,82,24,0.9606743706597222,0.6846775830182835,14,109,19,4,0.8713107638888888,0.494687086107076,
pc4,KNN,Standard Scaler,5,0.09375,0.015625,1.1955842971801758,0.4940967559814453,,0.4,134,1067,85,26,0.9591145833333333,0.6701709076421976,14,108,20,4,0.8830295138888888,0.48345194381598927,
pc4,KNN,Standard Scaler,6,0.109375,0.0,1.1955881118774414,0.4940967559814453,,0.4,140,1067,85,20,0.9647515190972222,0.6955517084854514,10,119,9,8,0.8324652777777778,0.47415671479248933,
pc4,KNN,Standard Scaler,7,0.09375,0.0625,1.1956796646118164,0.4940967559814453,,0.4,136,1064,88,24,0.9597710503472223,0.6727759726216954,14,114,14,4,0.9073350694444444,0.5581609692627085,
pc4,KNN,Standard Scaler,8,0.09375,0.078125,1.1955842971801758,0.48407936096191406,,0.4019999999999982,97,1131,21,63,0.9605468749999999,0.672567344609618,4,124,4,14,0.8530815972222223,0.27588424665488775,
pc4,KNN,Standard Scaler,9,0.1875,0.0,1.1965112686157227,0.49447059631347656,,0.4,136,1066,86,25,0.9613634403036577,0.6738748270708842,12,114,14,5,0.8596047794117647,0.5002476904650919,
pc4,KNN,Standard Scaler,10,0.09375,0.0,1.196558952331543,0.49447059631347656,,0.4,142,1061,91,19,0.9640161318150449,0.6893851465585283,11,115,13,6,0.8915441176470589,0.47219672151739994,
pc4,KNN,Robust Scaler,1,0.1875,0.09375,1.1001815795898438,0.4938373565673828,,0.6,97,1126,26,63,0.9591389973958333,0.6552665120300251,4,125,3,14,0.9131944444444444,0.30589178973539133,
pc4,KNN,Robust Scaler,2,0.234375,0.0,1.1005306243896484,0.4938373565673828,,0.24800000000000183,133,1075,77,27,0.9620144314236111,0.6822004291674315,12,112,16,6,0.8723958333333333,0.4523278504154936,
pc4,KNN,Robust Scaler,3,0.1875,0.09375,1.0997447967529297,0.4938373565673828,,0.4,132,1070,82,28,0.9607638888888889,0.6676448599824852,16,111,17,2,0.8912760416666665,0.5943068303438114,
pc4,KNN,Robust Scaler,4,0.265625,0.0,1.1003684997558594,0.4938373565673828,,0.4,135,1070,82,25,0.9615695529513888,0.6804352934538997,14,114,14,4,0.8793402777777777,0.5581609692627085,
pc4,KNN,Robust Scaler,5,0.1875,0.0,1.0999011993408203,0.4938373565673828,,0.6,98,1134,18,62,0.9624782986111111,0.6879787677793805,7,125,3,11,0.8940972222222223,0.47566522261278255,
pc4,KNN,Robust Scaler,6,0.1875,0.09375,1.10003662109375,0.4938373565673828,,0.4,138,1073,79,22,0.9667236328125,0.6992428307785805,8,119,9,10,0.7983940972222222,0.383483526621086,
pc4,KNN,Robust Scaler,7,0.1875,0.09375,1.1001224517822266,0.4938373565673828,,0.6,97,1130,22,63,0.9602756076388889,0.66902700490571,8,126,2,10,0.9110243055555556,0.5581439904292508,
pc4,KNN,Robust Scaler,8,0.1875,0.0625,1.1000652313232422,0.48381996154785156,,0.4,135,1066,86,25,0.9622233072916667,0.6724483952882442,12,118,10,6,0.8550347222222223,0.5408742041289103,
pc4,KNN,Robust Scaler,9,0.1875,0.09375,1.101797103881836,0.49421119689941406,,0.6,101,1132,20,60,0.9648410541752933,0.691696334819585,7,124,4,10,0.8527113970588235,0.4623300791460221,
pc4,KNN,Robust Scaler,10,0.1875,0.0,1.10137939453125,0.49421119689941406,,0.4,141,1062,90,20,0.9647709627329193,0.6871201549349769,11,118,10,6,0.8529411764705882,0.5200806660556064,
pc4,KNN,Uniform Binning,1,0.09375,0.078125,1.1034603118896484,0.49614810943603516,,0.4,108,1062,90,52,0.9096761067708333,0.5456252113179176,5,121,7,13,0.7756076388888888,0.2670415618538142,
pc4,KNN,Uniform Binning,2,0.09375,0.09375,1.1035594940185547,0.49614810943603516,,0.4,109,1065,87,51,0.9132080078125,0.5560381425676227,14,115,13,4,0.825954861111111,0.5726257230770088,
pc4,KNN,Uniform Binning,3,0.09375,0.09375,1.103607177734375,0.49614810943603516,,0.4,102,1073,79,58,0.9057861328125,0.5398456409187272,6,114,14,12,0.7543402777777778,0.21414512583907888,
pc4,KNN,Uniform Binning,4,0.09375,0.09375,1.1035194396972656,0.49614810943603516,,0.4,103,1073,79,57,0.9060655381944445,0.5445155261337348,10,111,17,8,0.8151041666666666,0.3579829616668848,
pc4,KNN,Uniform Binning,5,0.09375,0.0,1.103424072265625,0.49614810943603516,,0.4,111,1055,97,49,0.9219563802083334,0.5461077914161934,10,110,18,8,0.7560763888888888,0.34649473156827876,
pc4,KNN,Uniform Binning,6,0.109375,0.015625,1.1035194396972656,0.49614810943603516,,0.4,114,1066,86,46,0.9284722222222223,0.580678181336079,8,119,9,10,0.7406684027777778,0.383483526621086,
pc4,KNN,Uniform Binning,7,0.09375,0.03125,1.1036548614501953,0.49614810943603516,,0.4,109,1060,92,51,0.9148274739583333,0.5463696571269118,8,113,15,10,0.7497829861111112,0.29533412733642744,
pc4,KNN,Uniform Binning,8,0.09375,0.0,1.103607177734375,0.4861307144165039,,0.4,111,1060,92,49,0.907470703125,0.5554720507310851,8,112,16,10,0.6469184027777778,0.28336815386591957,
pc4,KNN,Uniform Binning,9,0.09375,0.0,1.1044082641601562,0.4965219497680664,,0.4,109,1058,94,52,0.9083554390959283,0.5401994242852223,8,111,17,9,0.7274816176470589,0.2876717837172405,
pc4,KNN,Uniform Binning,10,0.09375,0.0,1.1044082641601562,0.4965219497680664,,0.4,107,1063,89,54,0.9182221575224292,0.5405970082901526,8,117,11,9,0.7761948529411765,0.3667194456438831,
pc4,KNN,Quantile Binning,1,0.1875,0.015625,1.1050281524658203,0.4959745407104492,,0.4,128,1040,112,32,0.9346761067708333,0.5948414693740846,10,111,17,8,0.7886284722222222,0.3579829616668848,
pc4,KNN,Quantile Binning,2,0.171875,0.046875,1.104574203491211,0.4959745407104492,,0.4,124,1023,129,36,0.9308593749999999,0.5499271547788123,14,105,23,4,0.8450520833333334,0.4520576980375575,
pc4,KNN,Quantile Binning,3,0.1875,0.0,1.1051158905029297,0.4959745407104492,,0.4,120,1039,113,40,0.9305365668402779,0.5581937968813004,11,118,10,7,0.8352864583333335,0.49933553732533276,
pc4,KNN,Quantile Binning,4,0.1875,0.03125,1.1051197052001953,0.4959745407104492,,0.4,131,1032,120,29,0.940869140625,0.5944900098011118,10,108,20,8,0.8111979166666666,0.324905428818305,
pc4,KNN,Quantile Binning,5,0.1875,0.0,1.1049861907958984,0.4959745407104492,,0.4,127,1030,122,33,0.9324381510416666,0.5740000270196925,14,109,19,4,0.8446180555555556,0.494687086107076,
pc4,KNN,Quantile Binning,6,0.1875,0.0,1.1049938201904297,0.4959745407104492,,0.4,128,1039,113,32,0.9388726128472222,0.593149586634792,9,113,15,9,0.7569444444444444,0.33957977134475686,
pc4,KNN,Quantile Binning,7,0.1875,0.03125,1.1044425964355469,0.4959745407104492,,0.4,127,1035,117,33,0.9382107204861111,0.5821426836014786,9,115,13,9,0.8046875000000001,0.36616704969789055,
pc4,KNN,Quantile Binning,8,0.1875,0.09375,1.1051616668701172,0.48595714569091797,,0.4,128,1028,124,32,0.9327826605902778,0.5751295658402351,11,112,16,7,0.8648003472222223,0.4116436520194158,
pc4,KNN,Quantile Binning,9,0.1875,0.0,1.1057014465332031,0.49634838104248047,,0.4,131,1038,114,30,0.9429024327122153,0.6017250571643636,12,106,22,5,0.7849264705882353,0.40548587906779554,
pc4,KNN,Quantile Binning,10,0.28125,0.03125,1.1052875518798828,0.49634838104248047,,0.34400000000000547,133,1035,117,28,0.9381577812284334,0.605278978129672,11,115,13,6,0.796875,0.47219672151739994,
pc4,KNN,Random Undersampling,1,0.09375,0.0,0.5443191528320312,0.1203145980834961,,0.6,125,632,520,35,0.7221516927083333,0.21591090318538303,9,64,64,9,0.5483940972222222,0.0,
pc4,KNN,Random Undersampling,2,0.0625,0.09375,0.5488376617431641,0.12276363372802734,,0.6,124,667,485,36,0.7239203559027778,0.23227082601483381,12,77,51,6,0.701171875,0.17804833501132772,
pc4,KNN,Random Undersampling,3,0.0625,0.03125,0.5539150238037109,0.1252126693725586,,0.6,121,682,470,39,0.7308810763888889,0.22905158603487627,9,78,50,9,0.5546875,0.07327801076369712,
pc4,KNN,Random Undersampling,4,0.0625,0.0625,0.5489730834960938,0.12276363372802734,,0.6480000000000018,62,1004,148,98,0.7250271267361111,0.23117034756252733,7,109,19,11,0.7033420138888888,0.20662897928012802,
pc4,KNN,Random Undersampling,5,0.0625,0.03125,0.5491085052490234,0.12276363372802734,,0.6,121,701,451,39,0.7322916666666666,0.24069990872753994,9,76,52,9,0.5959201388888888,0.06249397270840973,
pc4,KNN,Random Undersampling,6,0.0625,0.0,0.5491523742675781,0.12276363372802734,,0.6,119,695,457,41,0.7362467447916666,0.22883707748579482,12,72,56,6,0.6569010416666666,0.15103963500479967,
pc4,KNN,Random Undersampling,7,0.0625,0.0,0.5539140701293945,0.1252126693725586,,0.6,125,675,477,35,0.7303900824652778,0.2411274754307531,9,78,50,9,0.6063368055555556,0.07327801076369712,
pc4,KNN,Random Undersampling,8,0.0625,0.0,0.5440425872802734,0.1203145980834961,,0.8,63,991,161,97,0.7270860460069445,0.2208867253019615,1,108,20,17,0.5555555555555556,-0.09433700705169154,
pc4,KNN,Random Undersampling,9,0.0625,0.0,0.5516271591186523,0.12351131439208984,,0.6,125,679,473,36,0.7264438837129055,0.24092832356095722,12,67,61,5,0.6318933823529411,0.1475514296593886,
pc4,KNN,Random Undersampling,10,0.03125,0.03125,0.5565519332885742,0.1259756088256836,,0.6,122,660,492,39,0.7195641390614217,0.21738279880567937,7,73,55,10,0.5985753676470589,-0.011654677769523841,
pc4,KNN,SMOTE / SMOTENC,1,0.328125,0.109375,6.423823356628418,0.9325122833251953,,1.0,100,1152,0,60,0.9624945746527778,0.770752493308062,3,120,8,15,0.5815972222222223,0.12974982402692048,
pc4,KNN,SMOTE / SMOTENC,2,0.796875,0.0,6.417176246643066,0.9324436187744141,,1.0,91,1152,0,69,0.9523139105902778,0.7325362356971405,3,124,4,15,0.791015625,0.20838043318218796,
pc4,KNN,SMOTE / SMOTENC,3,0.765625,0.140625,6.420821189880371,0.9324207305908203,,1.0,96,1152,0,64,0.9571533203125,0.7539370349250519,2,120,8,16,0.6686197916666667,0.06327138353044139,
pc4,KNN,SMOTE / SMOTENC,4,0.640625,0.0,6.416281700134277,0.9324550628662109,,1.0,96,1152,0,64,0.9517659505208333,0.7539370349250519,5,120,8,13,0.8231336805555556,0.2485094696260056,
pc4,KNN,SMOTE / SMOTENC,5,0.640625,0.0625,6.401803016662598,0.9323520660400391,,1.0,98,1152,0,62,0.9511094835069445,0.7623772756181237,2,120,8,16,0.6197916666666667,0.06327138353044139,
pc4,KNN,SMOTE / SMOTENC,6,0.765625,0.140625,6.417934417724609,0.9324779510498047,,1.0,96,1152,0,64,0.952463107638889,0.7539370349250519,1,118,10,17,0.5826822916666666,-0.02811246187249944,
pc4,KNN,SMOTE / SMOTENC,7,0.875,0.015625,6.411266326904297,0.9323291778564453,,1.0,93,1152,0,67,0.9468967013888889,0.7411495848592222,3,121,7,15,0.6393229166666667,0.1457501513469096,
pc4,KNN,SMOTE / SMOTENC,8,0.78125,0.140625,6.418173789978027,0.9150218963623047,,1.0,89,1152,0,71,0.9499267578125,0.7238490737734052,4,125,3,14,0.6614583333333333,0.30589178973539133,
pc4,KNN,SMOTE / SMOTENC,9,0.890625,0.140625,6.408358573913574,0.9328479766845703,,1.0,90,1152,0,71,0.9496096445824707,0.7256401889321891,3,119,9,14,0.6725643382352942,0.12395558258952422,
pc4,KNN,SMOTE / SMOTENC,10,0.78125,0.140625,6.416898727416992,0.9328937530517578,,1.0,89,1152,0,72,0.951132785541753,0.7213027632609669,1,120,8,16,0.6401654411764706,-0.004901960784313725,
pc4,SVM,Baseline,1,0.421875,0.015625,1.3385772705078125,0.13941383361816406,695.0,-1.0003920990014716,93,825,327,67,0.6050998263888889,0.20859987220453835,7,91,37,11,0.5256076388888888,0.07152538011776166,
pc4,SVM,Baseline,2,0.03125,0.0,1.3393049240112305,0.14249610900878906,533.0,-0.9996958274917926,7,1145,7,153,0.44108072916666663,0.1199836632148407,2,127,1,16,0.40017361111111116,0.23939058916936184,
pc4,SVM,Baseline,3,0.03125,0.0,1.3393049240112305,0.1413402557373047,787.0,-0.9996759893900304,7,1145,7,153,0.44319661458333337,0.1199836632148407,1,127,1,17,0.5230034722222223,0.13503775335159762,
pc4,SVM,Baseline,4,0.03125,0.0,1.3392562866210938,0.14365196228027344,1124.0,-1.0003505775252115,93,812,340,67,0.6109185112847222,0.19910518464991384,11,80,48,7,0.5794270833333333,0.15818745180734617,
pc4,SVM,Baseline,5,0.03125,0.0,1.3392572402954102,0.1397991180419922,529.0,-0.9999554043129123,45,987,165,115,0.5026746961805555,0.12317722943177563,4,111,17,14,0.4192708333333334,0.08376475626141576,
pc4,SVM,Baseline,6,0.03125,0.015625,1.3392572402954102,0.1401844024658203,1805.0,-1.0003626746331573,94,800,352,66,0.6125108506944444,0.19477059769660163,11,86,42,7,0.6028645833333333,0.19347593284035305,
pc4,SVM,Baseline,7,0.03125,0.0,1.3387746810913086,0.14249610900878906,1759.0,-0.9994142660825016,10,1148,4,150,0.5088595920138889,0.18799283637348313,0,125,3,18,0.4609375,-0.0543155118283426,
pc4,SVM,Baseline,8,0.046875,0.0,1.3191862106323242,0.14011192321777344,1673.0,-1.0004950994306245,96,802,350,64,0.6231716579861111,0.20460507368867142,8,87,41,10,0.55859375,0.08642529857982591,
pc4,SVM,Baseline,9,0.03125,0.0,1.3402490615844727,0.14249610900878906,1114.0,-1.0002448880955699,67,864,288,94,0.5449906185300208,0.12269875521724798,7,98,30,10,0.5261948529411764,0.13090164956755346,
pc4,SVM,Baseline,10,0.03125,0.0,1.3398981094360352,0.13748741149902344,644.0,-0.9995711450721037,8,1146,6,153,0.4864400017253278,0.14205161565003285,1,127,1,16,0.4508272058823529,0.1407053195139795,
pc4,SVM,IQR Capping,1,0.125,0.03125,1.5450077056884766,0.14676189422607422,395.0,-0.9996648557251395,12,1137,15,148,0.4673882378472222,0.14285601053634792,1,124,4,17,0.5407986111111112,0.04393920866735805,
pc4,SVM,IQR Capping,2,0.140625,0.03125,1.5438432693481445,0.14445018768310547,318.0,-0.9995792979996126,8,1146,6,152,0.5241102430555555,0.14265338760105484,0,127,1,18,0.44878472222222227,-0.03114205494515249,
pc4,SVM,IQR Capping,3,0.140625,0.03125,1.5434141159057617,0.15061473846435547,482.0,-1.0000924010095138,128,598,554,32,0.6711046006944446,0.20900024366766862,13,66,62,5,0.6063368055555556,0.15645142207728638,
pc4,SVM,IQR Capping,4,0.140625,0.015625,1.543863296508789,0.14560604095458984,309.0,-0.9998779909107142,90,783,369,70,0.6258978949652777,0.16617171293958202,10,83,45,8,0.5711805555555556,0.13840589232829298,
pc4,SVM,IQR Capping,5,0.125,0.015625,1.5438928604125977,0.14753246307373047,394.0,-0.9996621791689608,16,1128,24,144,0.49138454861111114,0.15067980128644737,0,126,2,18,0.4852430555555555,-0.04419417382415922,
pc4,SVM,IQR Capping,6,0.140625,0.03125,1.5438928604125977,0.14868831634521484,444.0,-0.9996011046938922,8,1146,6,152,0.42517361111111107,0.14265338760105484,0,126,2,18,0.41189236111111116,-0.04419417382415922,
pc4,SVM,IQR Capping,7,0.140625,0.03125,1.5434446334838867,0.14136791229248047,264.0,-0.99969633808436,27,1126,26,133,0.544970703125,0.24295455125637158,1,127,1,17,0.6106770833333334,0.13503775335159762,
pc4,SVM,IQR Capping,8,0.140625,0.03125,1.523519515991211,0.14733028411865234,418.0,-0.9999637028864442,46,1001,151,114,0.530224609375,0.14329069583236662,4,108,20,14,0.5607638888888888,0.05852168395057035,
pc4,SVM,IQR Capping,9,0.140625,0.03125,1.5450286865234375,0.15022945404052734,484.0,-0.9999437156674493,56,984,168,105,0.5891859687715666,0.17613149369215028,6,109,19,11,0.5124080882352942,0.17416863095805718,
pc4,SVM,IQR Capping,10,0.140625,0.03125,1.5447273254394531,0.14984416961669922,462.0,-1.0002707561180293,149,356,796,12,0.6239917615596964,0.17124992430853667,16,39,89,1,0.6714154411764706,0.17697001647084706,
pc4,SVM,Quantile Capping,1,0.140625,0.03125,1.4140443801879883,0.13947010040283203,387.0,-0.9997124496079087,31,1117,35,129,0.6726019965277779,0.2445808116827012,1,120,8,17,0.5464409722222222,-0.009492862863519566,
pc4,SVM,Quantile Capping,2,0.140625,0.03125,1.4137287139892578,0.14717578887939453,474.0,-0.9998526395393027,33,1080,72,127,0.6328721788194445,0.17335876309236892,5,119,9,13,0.7326388888888888,0.23165179821378595,
pc4,SVM,Quantile Capping,3,0.140625,0.03125,1.4135990142822266,0.14255237579345703,301.0,-0.9997916627091894,68,866,286,92,0.6102376302083333,0.13029481689474925,6,98,30,12,0.6167534722222223,0.07548245498194273,
pc4,SVM,Quantile Capping,4,0.140625,0.03125,1.4139328002929688,0.13985538482666016,380.0,-1.0000330418956864,47,1081,71,113,0.6990804036458333,0.2654923353241982,2,116,12,16,0.6124131944444444,0.01938508771663481,
pc4,SVM,Quantile Capping,5,0.15625,0.03125,1.4136581420898438,0.13947010040283203,392.0,-0.9999960960305254,50,1070,82,110,0.7230523003472222,0.2625128569366991,2,114,14,16,0.6501736111111112,0.0018272042068896441,
pc4,SVM,Quantile Capping,6,0.125,0.03125,1.4141693115234375,0.1406259536743164,309.0,-1.0002137325081657,76,874,278,84,0.5823079427083333,0.17227585809462917,8,88,40,10,0.5499131944444444,0.09234187522396901,
pc4,SVM,Quantile Capping,7,0.140625,0.015625,1.4141321182250977,0.1375436782836914,260.0,-1.0003131224506656,114,702,450,46,0.6925347222222221,0.2127566416210647,11,83,45,7,0.7530381944444444,0.17548689039154614,
pc4,SVM,Quantile Capping,8,0.140625,0.015625,1.3940038681030273,0.1386728286743164,392.0,-0.9997153640411462,46,962,190,114,0.5382703993055555,0.10442543939765808,4,113,15,14,0.5316840277777778,0.10263499550964439,
pc4,SVM,Quantile Capping,9,0.125,0.015625,1.4147510528564453,0.1437082290649414,486.0,-0.9997307717322944,16,1141,11,145,0.46669308574879226,0.20761537897523066,0,127,1,17,0.3602941176470589,-0.030369541118985943,
pc4,SVM,Quantile Capping,10,0.140625,0.03125,1.414576530456543,0.14717578887939453,504.0,-0.9999721793449048,46,1079,73,115,0.6936033471359558,0.2540348524217124,7,119,9,10,0.8299632352941176,0.35059403421455326,
pc4,SVM,IQR Removal,1,0.109375,0.015625,1.3737077713012695,0.1396808624267578,695.0,-1.0003920990014716,93,825,327,67,0.6050998263888889,0.20859987220453835,7,91,37,11,0.5256076388888888,0.07152538011776166,
pc4,SVM,IQR Removal,2,0.109375,0.0,1.3748159408569336,0.1427631378173828,533.0,-0.9996958274917926,7,1145,7,153,0.44108072916666663,0.1199836632148407,2,127,1,16,0.40017361111111116,0.23939058916936184,
pc4,SVM,IQR Removal,3,0.109375,0.0,1.3747997283935547,0.14160728454589844,787.0,-0.9996759893900304,7,1145,7,153,0.44319661458333337,0.1199836632148407,1,127,1,17,0.5230034722222223,0.13503775335159762,
pc4,SVM,IQR Removal,4,0.09375,0.0,1.3763656616210938,0.1439189910888672,1124.0,-1.0003505775252115,93,812,340,67,0.6109185112847222,0.19910518464991384,11,80,48,7,0.5794270833333333,0.15818745180734617,
pc4,SVM,IQR Removal,5,0.09375,0.015625,1.3750371932983398,0.14006614685058594,529.0,-0.9999554043129123,45,987,165,115,0.5026746961805555,0.12317722943177563,4,111,17,14,0.4192708333333334,0.08376475626141576,
pc4,SVM,IQR Removal,6,0.109375,0.015625,1.3750925064086914,0.14045143127441406,1805.0,-1.0003626746331573,94,800,352,66,0.6125108506944444,0.19477059769660163,11,86,42,7,0.6028645833333333,0.19347593284035305,
pc4,SVM,IQR Removal,7,0.109375,0.0,1.3750410079956055,0.1427631378173828,1759.0,-0.9994142660825016,10,1148,4,150,0.5088595920138889,0.18799283637348313,0,125,3,18,0.4609375,-0.0543155118283426,
pc4,SVM,IQR Removal,8,0.109375,0.015625,1.3550434112548828,0.1403789520263672,1673.0,-1.0004950994306245,96,802,350,64,0.6231716579861111,0.20460507368867142,8,87,41,10,0.55859375,0.08642529857982591,
pc4,SVM,IQR Removal,9,0.109375,0.015625,1.3762054443359375,0.1427631378173828,1114.0,-1.0002448880955699,67,864,288,94,0.5449906185300208,0.12269875521724798,7,98,30,10,0.5261948529411764,0.13090164956755346,
pc4,SVM,IQR Removal,10,0.109375,0.0,1.3760261535644531,0.1377544403076172,644.0,-0.9995711450721037,8,1146,6,153,0.4864400017253278,0.14205161565003285,1,127,1,16,0.4508272058823529,0.1407053195139795,
pc4,SVM,Quantile Removal,1,0.09375,0.0,1.6345815658569336,0.12388992309570312,877.0,-0.9999907639283502,58,987,165,102,0.5626708984375,0.19102962652055833,7,109,19,11,0.6419270833333334,0.20662897928012802,
pc4,SVM,Quantile Removal,2,0.109375,0.015625,1.6479854583740234,0.1250457763671875,603.0,-0.9997806615988976,29,1089,63,131,0.4656032986111111,0.16218752510619083,4,124,4,14,0.4357638888888889,0.27588424665488775,
pc4,SVM,Quantile Removal,3,0.109375,0.0,1.6478080749511719,0.123504638671875,583.0,-1.000012952048823,100,766,386,60,0.6742784288194444,0.19645905934988064,9,83,45,9,0.5325520833333334,0.10108671302760139,
pc4,SVM,Quantile Removal,4,0.078125,0.015625,1.6516551971435547,0.12427520751953125,554.0,-0.999959293632855,47,1054,98,113,0.6867594401041668,0.217795441663533,7,113,15,11,0.6002604166666667,0.2496956134105441,
pc4,SVM,Quantile Removal,5,0.109375,0.0,1.6466035842895508,0.12466049194335938,630.0,-0.9997850864718989,65,1007,145,95,0.6064670138888889,0.2502279566444247,11,105,23,7,0.775173611111111,0.3355804693806518,
pc4,SVM,Quantile Removal,6,0.109375,0.0,1.6488962173461914,0.12273406982421875,478.0,-0.9997217393141999,40,1113,39,120,0.6705783420138889,0.29732950986183876,4,123,5,14,0.6336805555555556,0.25037425802532853,
pc4,SVM,Quantile Removal,7,0.09375,0.0,1.647848129272461,0.12735748291015625,636.0,-0.9997714857813327,33,1106,46,127,0.654736328125,0.2287884903193908,4,124,4,14,0.7656249999999999,0.27588424665488775,
pc4,SVM,Quantile Removal,8,0.109375,0.0,1.6308040618896484,0.12301254272460938,613.0,-0.9997959666336682,38,1085,67,122,0.6193495008680556,0.21627971289180808,1,123,5,17,0.5381944444444444,0.027315095057301522,
pc4,SVM,Quantile Removal,9,0.09375,0.0,1.6528749465942383,0.12774276733398438,718.0,-0.9997869277359297,36,1083,69,125,0.5661016218081436,0.1979599727427254,4,119,9,13,0.5303308823529411,0.1857831667398252,
pc4,SVM,Quantile Removal,10,0.109375,0.0,1.6156902313232422,0.12187957763671875,406.0,-0.9997678404319069,44,1025,127,117,0.6333300983436854,0.15890071941975578,7,113,15,10,0.6824448529411764,0.2641585596392217,
pc4,SVM,Yeo-Johnson,1,0.296875,0.015625,1.2060213088989258,0.13985919952392578,464.0,-0.8779616565428882,140,1069,83,20,0.958349609375,0.6995344597447207,14,118,10,4,0.9513888888888888,0.6206378587389434,
pc4,SVM,Yeo-Johnson,2,0.28125,0.015625,1.2059392929077148,0.13985919952392578,441.0,-0.8532270077317217,139,1068,84,21,0.9611436631944444,0.6933331812907675,15,119,9,3,0.921875,0.6768494762177807,
pc4,SVM,Yeo-Johnson,3,0.28125,0.0,1.2060747146606445,0.14255619049072266,485.0,-0.9062881757987904,141,1057,95,19,0.9582356770833332,0.6805402927317632,15,115,13,3,0.9500868055555556,0.6110775286863159,
pc4,SVM,Yeo-Johnson,4,0.28125,0.015625,1.2060747146606445,0.1417856216430664,435.0,-0.8801286321459721,143,1059,93,17,0.9620524088541667,0.6926690264861654,15,107,21,3,0.9144965277777778,0.5104997613252442,
pc4,SVM,Yeo-Johnson,5,0.296875,0.0,1.2060747146606445,0.14217090606689453,443.0,-0.8190335085845073,138,1080,72,22,0.965847439236111,0.7139631109705938,17,112,16,1,0.9605034722222222,0.644116702462179,
pc4,SVM,Yeo-Johnson,6,0.28125,0.0,1.2060747146606445,0.14255619049072266,468.0,-0.8667159466111315,137,1066,86,23,0.9596950954861111,0.6809306243828611,15,116,12,3,0.92578125,0.6262864134295397,
pc4,SVM,Yeo-Johnson,7,0.265625,0.015625,1.2060747146606445,0.14140033721923828,514.0,-0.8605262725443713,133,1075,77,27,0.9570963541666666,0.6822004291674315,10,122,6,8,0.9496527777777778,0.5353708326186657,
pc4,SVM,Yeo-Johnson,8,0.296875,0.0,1.2059831619262695,0.13755130767822266,426.0,-0.9609644143836292,155,1031,121,5,0.9633572048611111,0.6934615944138698,15,107,21,3,0.8515624999999999,0.5104997613252442,
pc4,SVM,Yeo-Johnson,9,0.28125,0.015625,1.2069063186645508,0.14140033721923828,448.0,-0.9389555304099244,151,1040,112,10,0.9588536275017254,0.6889538394869198,12,103,25,5,0.8625919117647058,0.3767661468123106,
pc4,SVM,Yeo-Johnson,10,0.28125,0.015625,1.2069063186645508,0.13985919952392578,436.0,-0.9025177882260342,150,1052,100,11,0.9643288474810214,0.7058187356128532,15,113,15,2,0.9140625,0.6076804221992812,
pc4,SVM,Quantile Transform,1,0.109375,0.015625,1.3633298873901367,0.40456676483154297,379.0,-0.9699515521369891,146,1035,117,14,0.9431477864583334,0.662838912937005,14,116,12,4,0.8880208333333334,0.5878109591073678,
pc4,SVM,Quantile Transform,2,0.09375,0.015625,1.3636598587036133,0.40264034271240234,362.0,-0.9761474202451632,150,1026,126,10,0.9511393229166667,0.6648867950460621,16,110,18,2,0.9505208333333335,0.582032926772881,
pc4,SVM,Quantile Transform,3,0.09375,0.015625,1.3634920120239258,0.40456676483154297,421.0,-0.9622625245474951,142,1044,108,18,0.9416558159722221,0.6613596677825853,14,114,14,4,0.9388020833333333,0.5581609692627085,
pc4,SVM,Quantile Transform,4,0.09375,0.015625,1.3635454177856445,0.4049520492553711,356.0,-0.9555930861600486,141,1043,109,19,0.9418484157986111,0.655428839615681,17,109,19,1,0.9353298611111112,0.6071702738459779,
pc4,SVM,Quantile Transform,5,0.109375,0.015625,1.3629579544067383,0.4049520492553711,383.0,-0.9555620861527141,146,1035,117,14,0.9472493489583332,0.662838912937005,18,104,24,0,0.9457465277777778,0.5900968443520824,
pc4,SVM,Quantile Transform,6,0.109375,0.015625,1.3634977340698242,0.4080343246459961,478.0,-0.9811071421223324,144,1033,119,16,0.9405056423611111,0.6512026913868371,17,112,16,1,0.9427083333333333,0.644116702462179,
pc4,SVM,Quantile Transform,7,0.109375,0.015625,1.3633699417114258,0.40726375579833984,433.0,-0.9801090245987409,144,1033,119,16,0.9394639756944444,0.6512026913868371,15,121,7,3,0.9322916666666666,0.7155813585599299,
pc4,SVM,Quantile Transform,8,0.109375,0.015625,1.3635377883911133,0.3988828659057617,382.0,-0.9199875197210544,143,1045,107,17,0.9454969618055554,0.6672904959494894,12,106,22,6,0.8155381944444443,0.3848709608590976,
pc4,SVM,Quantile Transform,9,0.09375,0.015625,1.3643884658813477,0.40572261810302734,343.0,-0.9331178131980196,145,1034,118,16,0.9445118400621118,0.6541438193004271,14,107,21,3,0.8575367647058824,0.49578352481293264,
pc4,SVM,Quantile Transform,10,0.09375,0.015625,1.3643407821655273,0.40726375579833984,405.0,-0.908899710090367,140,1055,97,21,0.9491351794340925,0.6697762814901891,11,117,11,6,0.9227941176470588,0.5031787852098123,
pc4,SVM,Min-Max Scaler,1,0.03125,0.015625,1.0969276428222656,0.14387893676757812,518.0,-0.9993044611408126,135,1024,128,25,0.9295464409722222,0.5988396944110814,16,108,20,2,0.919704861111111,0.558835017585611,
pc4,SVM,Min-Max Scaler,2,0.03125,0.0,1.0968208312988281,0.14850234985351562,670.0,-0.9960320235238856,138,1027,125,22,0.9266384548611113,0.6162940267363333,17,104,24,1,0.92578125,0.5537562810850463,
pc4,SVM,Min-Max Scaler,3,0.03125,0.0,1.0966815948486328,0.14542007446289062,607.0,-0.9979671952707648,140,1029,123,20,0.9304578993055556,0.6279302482865012,14,110,18,4,0.90625,0.506357682336324,
pc4,SVM,Min-Max Scaler,4,0.03125,0.015625,1.0967731475830078,0.14619064331054688,539.0,-0.9860143530958826,134,1050,102,26,0.9385986328125,0.6380897245913555,12,111,17,6,0.8624131944444444,0.4399182147418499,
pc4,SVM,Min-Max Scaler,5,0.03125,0.0,1.0967731475830078,0.14927291870117188,639.0,-0.9989654033368597,142,1031,121,18,0.931081814236111,0.6395664698366692,17,98,30,1,0.9114583333333333,0.4996610953544969,
pc4,SVM,Min-Max Scaler,6,0.046875,0.0,1.0968208312988281,0.14426422119140625,513.0,-0.9965237259172748,142,1031,121,18,0.9355088975694443,0.6395664698366692,12,107,21,6,0.8606770833333333,0.3950673418703407,
pc4,SVM,Min-Max Scaler,7,0.03125,0.0,1.0967731475830078,0.1481170654296875,697.0,-0.9981280811777858,142,1031,121,18,0.9327690972222222,0.6395664698366692,14,111,17,4,0.9110243055555556,0.5184988589166171,
pc4,SVM,Min-Max Scaler,8,0.046875,0.0,1.0967769622802734,0.139984130859375,523.0,-0.9965003909379995,140,1029,123,20,0.9350802951388889,0.6279302482865012,14,106,22,4,0.80078125,0.46216450506487744,
pc4,SVM,Min-Max Scaler,9,0.03125,0.015625,1.0976219177246094,0.14696121215820312,644.0,-0.9849713799787654,133,1048,104,28,0.9355077855417528,0.627514939878549,14,105,23,3,0.8768382352941175,0.4751119457102134,
pc4,SVM,Min-Max Scaler,10,0.03125,0.0,1.0975303649902344,0.14888763427734375,624.0,-0.9929134251542757,137,1039,113,24,0.9325612491373361,0.6289353916551265,12,115,13,5,0.9016544117647058,0.5146780892356072,
pc4,SVM,Standard Scaler,1,0.03125,0.015625,1.1957159042358398,0.135955810546875,602.0,-0.9982770397099493,140,1042,110,20,0.9453938802083334,0.6494980114487768,17,106,22,1,0.9388020833333334,0.574056412475565,
pc4,SVM,Standard Scaler,2,0.03125,0.015625,1.1958227157592773,0.14327621459960938,688.0,-0.978904174359433,139,1054,98,21,0.9454372829861112,0.6665717395537379,17,111,17,1,0.9249131944444444,0.6313234182513268,
pc4,SVM,Standard Scaler,3,0.03125,0.015625,1.1958227157592773,0.1405792236328125,558.0,-0.9700335999639845,136,1052,100,24,0.9443684895833334,0.6502184583457576,15,109,19,3,0.9223090277777778,0.5327424352944351,
pc4,SVM,Standard Scaler,4,0.03125,0.0,1.195826530456543,0.1374969482421875,477.0,-0.9683978637430858,139,1055,97,21,0.9491997612847222,0.6684115589773609,13,109,19,5,0.8901909722222222,0.45599785834374684,
pc4,SVM,Standard Scaler,5,0.03125,0.0,1.1958227157592773,0.14134979248046875,635.0,-0.9937497409358987,146,1048,104,14,0.9526258680555555,0.685082980450202,15,108,20,3,0.9348958333333333,0.5214201970378802,
pc4,SVM,Standard Scaler,6,0.03125,0.0,1.1958227157592773,0.13711166381835938,556.0,-0.6620833948624881,95,1129,23,65,0.9495062934027778,0.6562843442382011,5,124,4,13,0.8793402777777778,0.3369966316549446,
pc4,SVM,Standard Scaler,7,0.03125,0.015625,1.1958703994750977,0.14019393920898438,597.0,-0.9735506127765732,136,1052,100,24,0.9412977430555556,0.6502184583457576,13,114,14,5,0.9201388888888888,0.5189650327244778,
pc4,SVM,Standard Scaler,8,0.03125,0.015625,1.1958703994750977,0.13333892822265625,580.0,-0.996375365221342,144,1046,106,16,0.9485677083333334,0.6732213241163937,13,108,20,5,0.873263888888889,0.4448772139887084,
pc4,SVM,Standard Scaler,9,0.03125,0.015625,1.196702003479004,0.13826751708984375,524.0,-0.9900041176781456,145,1047,105,16,0.9491163086611456,0.6762482187060352,14,101,27,3,0.8805147058823529,0.4376149054097243,
pc4,SVM,Standard Scaler,10,0.03125,0.0,1.1966581344604492,0.1405792236328125,674.0,-0.9936734505030712,144,1046,106,17,0.9490758712905452,0.6703341153246717,15,111,17,2,0.9053308823529411,0.5814472283043165,
pc4,SVM,Robust Scaler,1,0.03125,0.015625,1.1015472412109375,0.1299276351928711,417.0,-0.999668371543519,133,1022,130,27,0.9214680989583333,0.5872034728609135,16,108,20,2,0.9058159722222223,0.558835017585611,
pc4,SVM,Robust Scaler,2,0.03125,0.0,1.1021175384521484,0.13686275482177734,510.0,-0.9933522754877107,131,1033,119,29,0.9208224826388889,0.5961205579466391,15,110,18,3,0.8971354166666667,0.5444969582254436,
pc4,SVM,Robust Scaler,3,0.03125,0.0,1.101470947265625,0.13378047943115234,380.0,-0.6181438082188975,81,1128,24,79,0.9097276475694445,0.5853998811669848,6,122,6,12,0.9171006944444444,0.3428938342869988,
pc4,SVM,Robust Scaler,4,0.046875,0.0,1.1021595001220703,0.13378047943115234,455.0,-0.9817401306841073,127,1043,109,33,0.9225721571180556,0.5956391564509477,13,109,19,5,0.8776041666666666,0.45599785834374684,
pc4,SVM,Robust Scaler,5,0.046875,0.0,1.1017646789550781,0.13339519500732422,447.0,-0.992468149059167,131,1033,119,29,0.9246419270833335,0.5961205579466391,15,106,22,3,0.9188368055555556,0.4999535063927705,
pc4,SVM,Robust Scaler,6,0.03125,0.015625,1.1021480560302734,0.12915706634521484,381.0,-0.537884000184103,76,1136,16,84,0.9206000434027778,0.5909054412648049,4,128,0,14,0.8684895833333334,0.4475633910915675,
pc4,SVM,Robust Scaler,7,0.03125,0.0,1.1021595001220703,0.13378047943115234,465.0,-0.45649074097433195,68,1141,11,92,0.9148817274305555,0.5714935880316306,9,126,2,9,0.9144965277777777,0.6033366817251803,
pc4,SVM,Robust Scaler,8,0.046875,0.015625,1.1014823913574219,0.1289358139038086,445.0,-0.9877497667813648,129,1045,107,31,0.9269422743055555,0.6077678902053499,11,112,16,7,0.8758680555555556,0.4116436520194158,
pc4,SVM,Robust Scaler,9,0.046875,0.0,1.1028709411621094,0.13378047943115234,402.0,-0.9836815196925575,126,1041,111,35,0.9232040415804001,0.5852535982669089,14,104,24,3,0.8694852941176471,0.46528918433286764,
pc4,SVM,Robust Scaler,10,0.03125,0.0,1.1023674011230469,0.13570690155029297,397.0,-0.9890242189516532,131,1033,119,30,0.9225489561766735,0.5934507713669448,14,111,17,3,0.9044117647058824,0.5419962259954479,
pc4,SVM,Uniform Binning,1,0.03125,0.0,1.103464126586914,0.15804481506347656,1471.0,-0.9364540361593144,81,1115,37,79,0.8368218315972222,0.5423033416382836,6,122,6,12,0.7701822916666666,0.3428938342869988,
pc4,SVM,Uniform Binning,2,0.046875,0.015625,1.1037540435791016,0.1584300994873047,1439.0,-0.9536133002483214,92,1098,54,68,0.8341959635416667,0.5495373992553109,11,118,10,7,0.8051215277777778,0.49933553732533276,
pc4,SVM,Uniform Binning,3,0.03125,0.015625,1.1038684844970703,0.15765953063964844,1181.0,-0.9737882519341473,100,1081,71,60,0.8614501953125,0.5475673837680048,8,114,14,10,0.7282986111111112,0.3079313315542173,
pc4,SVM,Uniform Binning,4,0.046875,0.015625,1.1037063598632812,0.15958595275878906,1213.0,-0.9282793395209075,82,1116,36,78,0.8459554036458333,0.550444841823992,10,117,11,8,0.8124999999999999,0.43996828288763035,
pc4,SVM,Uniform Binning,5,0.046875,0.0,1.1037063598632812,0.1557331085205078,1227.0,-0.9607471372603407,92,1099,53,68,0.8574462890625,0.5520987610222837,9,114,14,9,0.8092447916666667,0.3525208416482556,
pc4,SVM,Uniform Binning,6,0.03125,0.0,1.1037540435791016,0.1568889617919922,1319.0,-0.9995158274441999,121,1050,102,39,0.8949191623263889,0.5817101691196099,8,108,20,10,0.7319878472222222,0.24066161272106393,
pc4,SVM,Uniform Binning,7,0.046875,0.015625,1.1037063598632812,0.1584300994873047,1295.0,-0.9721885314047459,94,1088,64,66,0.8532931857638888,0.5348365276179511,11,111,17,7,0.7756076388888888,0.3994112909918862,
pc4,SVM,Uniform Binning,8,0.03125,0.0,1.1036186218261719,0.15163230895996094,1101.0,-0.6841316326160722,59,1145,7,101,0.8529649522569445,0.5429642036186639,4,124,4,14,0.7779947916666666,0.27588424665488775,
pc4,SVM,Uniform Binning,9,0.046875,0.0,1.1044197082519531,0.15958595275878906,1436.0,-0.9499012913958582,93,1100,52,68,0.8655700051759834,0.5572551242483564,9,115,13,8,0.7516084558823529,0.38366867242451697,
pc4,SVM,Uniform Binning,10,0.03125,0.015625,1.1043720245361328,0.15920066833496094,1352.0,-0.9706844467358388,97,1089,63,64,0.8681714760179434,0.5492678253431377,8,117,11,9,0.7109375,0.3667194456438831,
pc4,SVM,Quantile Binning,1,0.046875,0.0,1.105255126953125,0.14514923095703125,660.0,-0.9674879192025425,128,1057,95,32,0.9308485243055556,0.6251191182972823,15,119,9,3,0.9166666666666667,0.6768494762177807,
pc4,SVM,Quantile Binning,2,0.046875,0.0,1.1051769256591797,0.14784622192382812,695.0,-0.970547478874414,133,1049,103,27,0.9290581597222223,0.6320253577141544,13,115,13,5,0.8706597222222222,0.5333563905606192,
pc4,SVM,Quantile Binning,3,0.046875,0.0,1.1051712036132812,0.1474609375,708.0,-0.9969869140170754,144,1033,119,16,0.9349663628472222,0.6512026913868371,15,109,19,3,0.9201388888888888,0.5327424352944351,
pc4,SVM,Quantile Binning,4,0.046875,0.015625,1.1052608489990234,0.14206695556640625,566.0,-0.9996634084192566,141,1030,122,19,0.9328803168402778,0.6337483590615852,16,101,27,2,0.9075520833333334,0.4889753340134096,
pc4,SVM,Quantile Binning,5,0.046875,0.015625,1.1051712036132812,0.1474609375,611.0,-0.9737365702156069,137,1053,99,23,0.9366563585069445,0.6562828252229588,16,108,20,2,0.9322916666666667,0.558835017585611,
pc4,SVM,Quantile Binning,6,0.046875,0.0,1.1051769256591797,0.14553451538085938,519.0,-0.9939371309473405,141,1030,122,19,0.933056640625,0.6337483590615852,11,101,27,7,0.8728298611111112,0.29983754106886173,
pc4,SVM,Quantile Binning,7,0.046875,0.0,1.1053028106689453,0.14399337768554688,606.0,-0.9875263588414314,139,1041,111,21,0.9378011067708333,0.6435671832818727,11,115,13,7,0.85546875,0.4520030063024315,
pc4,SVM,Quantile Binning,8,0.046875,0.0,1.1052608489990234,0.14503097534179688,714.0,-0.9831489212760439,137,1039,113,23,0.9349989149305555,0.6317055269480643,15,106,22,3,0.8680555555555556,0.4999535063927705,
pc4,SVM,Quantile Binning,9,0.046875,0.0,1.1060142517089844,0.14514923095703125,584.0,-0.9800020000019397,135,1050,102,26,0.9260670074189095,0.6395896089104461,13,104,24,4,0.8396139705882353,0.425939046261262,
pc4,SVM,Quantile Binning,10,0.046875,0.015625,1.1060199737548828,0.1459197998046875,653.0,-0.97078611015353,137,1052,100,24,0.9390285326086956,0.6516642779423434,11,112,16,6,0.7697610294117647,0.4314455561249921,
pc4,SVM,Random Undersampling,1,0.03125,0.0,0.5449008941650391,0.11160659790039062,205.0,-0.8517924442074631,119,667,485,41,0.699169921875,0.21188881836804252,10,76,52,8,0.6154513888888888,0.09930742418903671,
pc4,SVM,Random Undersampling,2,0.015625,0.015625,0.5493907928466797,0.1126556396484375,187.0,-0.8985007580207482,123,580,572,37,0.6794216579861111,0.1784739442028079,15,76,52,3,0.7643229166666666,0.28177529560167497,
pc4,SVM,Random Undersampling,3,0.03125,0.0,0.5540981292724609,0.114044189453125,190.0,-0.861864271118092,118,666,486,42,0.6946506076388889,0.20721563840403512,11,73,55,7,0.6388888888888888,0.1198444931830257,
pc4,SVM,Random Undersampling,4,0.03125,0.0,0.5497455596923828,0.11643218994140625,177.0,-0.8438781390779703,114,676,476,46,0.6952229817708334,0.1968821776587196,15,67,61,3,0.7074652777777777,0.2347873878239694,
pc4,SVM,Random Undersampling,5,0.03125,0.015625,0.5496578216552734,0.11076736450195312,190.0,-0.8092490953401653,109,710,442,51,0.6861653645833333,0.19729061982313503,12,72,56,6,0.7135416666666667,0.15103963500479967,
pc4,SVM,Random Undersampling,6,0.03125,0.0,0.5493946075439453,0.10850143432617188,168.0,-0.8342188564438677,117,665,487,43,0.6969184027777777,0.20254245844002772,11,77,51,7,0.6449652777777778,0.1414553425948488,
pc4,SVM,Random Undersampling,7,0.03125,0.0,0.554539680480957,0.11211776733398438,168.0,-0.889903480112017,123,619,533,37,0.6844509548611112,0.20031442298435617,11,74,54,7,0.7196180555555556,0.12518320435392336,
pc4,SVM,Random Undersampling,8,0.03125,0.0,0.5448503494262695,0.11234664916992188,172.0,-0.8769385525170416,124,633,519,36,0.705908203125,0.21239999563345685,10,73,55,8,0.5933159722222222,0.08326405794182976,
pc4,SVM,Random Undersampling,9,0.015625,0.015625,0.5520381927490234,0.11304855346679688,184.0,-0.7783612803657395,109,723,429,52,0.6921395143202208,0.20317000649285807,11,78,50,6,0.7385110294117647,0.167109135651149,
pc4,SVM,Random Undersampling,10,0.03125,0.0,0.5572261810302734,0.112518310546875,193.0,-0.8202331033402189,113,674,478,48,0.6832783385093169,0.1891720770986268,15,73,55,2,0.7513786764705883,0.2914252201913648,
pc4,SVM,SMOTE / SMOTENC,1,0.421875,0.015625,6.424436569213867,0.7915811538696289,1407.0,0.9928562420138669,35,1095,57,125,0.7015353732638889,0.2169174718498437,2,117,11,16,0.6137152777777778,0.029059575077234525,
pc4,SVM,SMOTE / SMOTENC,2,0.421875,0.015625,6.417647361755371,0.814244270324707,1214.0,-0.7547857181809046,113,661,491,47,0.6815212673611112,0.18384973858399814,16,83,45,2,0.7903645833333333,0.3581830472824594,
pc4,SVM,SMOTE / SMOTENC,3,0.4375,0.015625,6.421104431152344,0.788792610168457,1284.0,-0.7446017090141623,118,666,486,42,0.6985785590277778,0.20721563840403512,11,73,55,7,0.6397569444444444,0.1198444931830257,
pc4,SVM,SMOTE / SMOTENC,4,0.421875,0.015625,6.416296005249023,0.8142557144165039,1155.0,-0.7706230708449355,113,688,464,47,0.6975504557291666,0.20006614300363307,14,71,57,4,0.6948784722222222,0.21868939655328717,
pc4,SVM,SMOTE / SMOTENC,5,0.421875,0.03125,6.402022361755371,0.8126115798950195,1152.0,-0.6793878772998887,109,723,429,51,0.6956542968749999,0.20548403129578283,12,73,55,6,0.7118055555555556,0.15635092621800256,
pc4,SVM,SMOTE / SMOTENC,6,0.421875,0.015625,6.417965888977051,0.796940803527832,1293.0,-0.7413248882792898,117,665,487,43,0.6974066840277777,0.20254245844002772,11,77,51,7,0.6471354166666667,0.1414553425948488,
pc4,SVM,SMOTE / SMOTENC,7,0.421875,0.03125,6.4120283126831055,0.8033418655395508,1179.0,0.9721242921890639,32,1105,47,128,0.6884223090277779,0.2189969160990411,3,120,8,15,0.7165798611111112,0.12974982402692048,
pc4,SVM,SMOTE / SMOTENC,8,0.421875,0.03125,6.418665885925293,0.7800607681274414,1340.0,-0.7322889566946936,118,666,486,42,0.7039008246527778,0.20721563840403512,10,75,53,8,0.5759548611111112,0.09392193723898516,
pc4,SVM,SMOTE / SMOTENC,9,0.421875,0.015625,6.408681869506836,0.8242807388305664,1420.0,-0.7117063751782114,109,709,443,52,0.6840843900966183,0.19433842053485917,10,75,53,7,0.6870404411764706,0.11304010793883688,
pc4,SVM,SMOTE / SMOTENC,10,0.421875,0.015625,6.416593551635742,0.7869539260864258,1473.0,-0.7111496028862431,114,675,477,47,0.690206608005521,0.1938393501496715,15,71,57,2,0.7412683823529411,0.28120522967150013,
pc4,RandomForest,Baseline,1,0.671875,0.0,1.3386259078979492,1.499690055847168,,0.6368000000000007,157,1151,1,3,0.9998914930555556,0.9857120990400032,2,128,0,16,0.9494357638888888,0.31426968052735443,
pc4,RandomForest,Baseline,2,0.671875,0.0,1.3392133712768555,1.4911365509033203,,0.63,158,1151,1,2,0.9999077690972222,0.9893004068599294,4,127,1,14,0.9568142361111112,0.38760659074419423,
pc4,RandomForest,Baseline,3,0.671875,0.015625,1.3392562866210938,1.521204948425293,,0.6068000000000007,157,1151,1,3,0.9997721354166667,0.9857120990400032,4,128,0,14,0.955078125,0.4475633910915675,
pc4,RandomForest,Baseline,4,0.6875,0.0,1.3392572402954102,1.4861011505126953,,0.6040000000000032,158,1152,0,2,0.9999972873263888,0.9928688541419406,3,126,2,15,0.9422743055555556,0.2730507967185822,
pc4,RandomForest,Baseline,5,0.6875,0.015625,1.3392572402954102,1.510371208190918,,0.61,158,1151,1,2,0.9999240451388888,0.9893004068599294,4,128,0,14,0.9409722222222222,0.4475633910915675,
pc4,RandomForest,Baseline,6,0.6875,0.0,1.3391695022583008,1.4906787872314453,,0.6268000000000007,157,1151,1,3,0.9998914930555556,0.9857120990400032,1,128,0,17,0.9461805555555556,0.2214546129433066,
pc4,RandomForest,Baseline,7,0.6875,0.0,1.3393049240112305,1.525477409362793,,0.6268000000000007,158,1152,0,2,1.0,0.9928688541419406,3,127,1,15,0.956814236111111,0.3199378928506127,
pc4,RandomForest,Baseline,8,0.6875,0.015625,1.3190107345581055,1.454660415649414,,0.6227533333333343,158,1152,0,2,0.9999945746527779,0.9928688541419406,3,127,1,15,0.9453125,0.3199378928506127,
pc4,RandomForest,Baseline,9,0.6875,0.0,1.3401212692260742,1.489161491394043,,0.6411999999999989,158,1152,0,3,0.9999973041752933,0.9893520383746573,2,128,0,15,0.9395680147058824,0.32450956572593465,
pc4,RandomForest,Baseline,10,0.671875,0.0,1.3398065567016602,1.4632129669189453,,0.6376655555555553,158,1152,0,3,0.9999892167011732,0.9893520383746573,4,128,0,13,0.94921875,0.46216916140145214,
pc4,RandomForest,IQR Capping,1,0.78125,0.03125,1.544844627380371,1.5729408264160156,,0.6251000000000004,157,1151,1,3,0.9999240451388889,0.9857120990400032,2,128,0,16,0.9411892361111112,0.31426968052735443,
pc4,RandomForest,IQR Capping,2,0.78125,0.03125,1.5436592102050781,1.579965591430664,,0.6468000000000007,157,1151,1,3,0.9998914930555556,0.9857120990400032,2,127,1,16,0.953125,0.23939058916936184,
pc4,RandomForest,IQR Capping,3,0.765625,0.03125,1.5431175231933594,1.5813302993774414,,0.6168000000000007,157,1151,1,3,0.9998046875,0.9857120990400032,4,127,1,14,0.9565972222222222,0.38760659074419423,
pc4,RandomForest,IQR Capping,4,0.796875,0.015625,1.5434207916259766,1.5669870376586914,,0.5915600000000011,158,1152,0,2,0.9999972873263889,0.9928688541419406,4,126,2,14,0.9309895833333334,0.34215750650725063,
pc4,RandomForest,IQR Capping,5,0.796875,0.03125,1.5433473587036133,1.580575942993164,,0.6336000000000013,157,1151,1,3,0.9998643663194444,0.9857120990400032,1,128,0,17,0.9453125,0.2214546129433066,
pc4,RandomForest,IQR Capping,6,0.796875,0.03125,1.5433883666992188,1.583017349243164,,0.64,158,1151,1,2,0.9999240451388889,0.9893004068599294,0,128,0,18,0.9405381944444444,0.0,
pc4,RandomForest,IQR Capping,7,0.796875,0.03125,1.5439186096191406,1.617959976196289,,0.62,159,1152,0,1,1.0,0.9964377140359381,2,127,1,16,0.9442274305555554,0.23939058916936184,
pc4,RandomForest,IQR Capping,8,0.78125,0.03125,1.5233163833618164,1.5396661758422852,,0.633320000000001,158,1152,0,2,0.9999945746527779,0.9928688541419406,3,127,1,15,0.9279513888888888,0.3199378928506127,
pc4,RandomForest,IQR Capping,9,0.78125,0.03125,1.5443391799926758,1.5662240982055664,,0.6477999999999997,158,1152,0,3,0.9999973041752933,0.9893520383746573,1,128,0,16,0.9113051470588235,0.2286647801900118,
pc4,RandomForest,IQR Capping,10,0.796875,0.015625,1.5448598861694336,1.5679025650024414,,0.6276655555555553,158,1152,0,3,0.9999892167011732,0.9893520383746573,4,126,2,13,0.923483455882353,0.3548259921350143,
pc4,RandomForest,Quantile Capping,1,0.8125,0.015625,1.413620948791504,1.500783920288086,,0.6251000000000004,157,1151,1,3,0.9998697916666667,0.9857120990400032,3,127,1,15,0.9490017361111112,0.3199378928506127,
pc4,RandomForest,Quantile Capping,2,0.8125,0.03125,1.4135656356811523,1.4995546340942383,,0.63,159,1151,1,1,0.9999023437500001,0.9928819444444444,3,127,1,15,0.958984375,0.3199378928506127,
pc4,RandomForest,Quantile Capping,3,0.796875,0.03125,1.4133634567260742,1.528097152709961,,0.61,158,1151,1,2,0.9997938368055556,0.9893004068599294,4,127,1,14,0.9578993055555556,0.38760659074419423,
pc4,RandomForest,Quantile Capping,4,0.796875,0.03125,1.413198471069336,1.491933822631836,,0.5904000000000019,158,1152,0,2,0.9999972873263888,0.9928688541419406,3,126,2,15,0.9346788194444444,0.2730507967185822,
pc4,RandomForest,Quantile Capping,5,0.8125,0.03125,1.4140424728393555,1.525960922241211,,0.63,158,1151,1,2,0.9999240451388889,0.9893004068599294,4,128,0,14,0.9357638888888888,0.4475633910915675,
pc4,RandomForest,Quantile Capping,6,0.8125,0.03125,1.4134798049926758,1.493459701538086,,0.6334000000000003,157,1151,1,3,0.9998806423611111,0.9857120990400032,1,128,0,17,0.9348958333333333,0.2214546129433066,
pc4,RandomForest,Quantile Capping,7,0.8125,0.03125,1.4139404296875,1.525045394897461,,0.6168000000000007,158,1152,0,2,1.0,0.9928688541419406,4,127,1,14,0.958984375,0.38760659074419423,
pc4,RandomForest,Quantile Capping,8,0.796875,0.03125,1.3933601379394531,1.465672492980957,,0.6226666666666667,159,1151,1,1,0.9999891493055556,0.9928819444444444,3,128,0,15,0.9385850694444444,0.38624363966821407,
pc4,RandomForest,Quantile Capping,9,0.78125,0.03125,1.4143972396850586,1.4885683059692383,,0.6355999999999995,158,1152,0,3,0.9999973041752933,0.9893520383746573,1,128,0,16,0.9310661764705882,0.2286647801900118,
pc4,RandomForest,Quantile Capping,10,0.78125,0.015625,1.4145851135253906,1.4835329055786133,,0.6376655555555553,158,1152,0,3,0.9999892167011732,0.9893520383746573,3,128,0,14,0.9462316176470589,0.3988384128140615,
pc4,RandomForest,IQR Removal,1,0.765625,0.015625,1.373509407043457,1.502248764038086,,0.6368000000000007,157,1151,1,3,0.9998914930555556,0.9857120990400032,2,128,0,16,0.9494357638888888,0.31426968052735443,
pc4,RandomForest,IQR Removal,2,0.78125,0.0,1.3747596740722656,1.493703842163086,,0.63,158,1151,1,2,0.9999077690972222,0.9893004068599294,4,127,1,14,0.9568142361111112,0.38760659074419423,
pc4,RandomForest,IQR Removal,3,0.78125,0.015625,1.3750381469726562,1.523763656616211,,0.6068000000000007,157,1151,1,3,0.9997721354166667,0.9857120990400032,4,128,0,14,0.955078125,0.4475633910915675,
pc4,RandomForest,IQR Removal,4,0.78125,0.0,1.3750314712524414,1.4886598587036133,,0.6040000000000032,158,1152,0,2,0.9999972873263888,0.9928688541419406,3,126,2,15,0.9422743055555556,0.2730507967185822,
pc4,RandomForest,IQR Removal,5,0.765625,0.015625,1.375260353088379,1.512929916381836,,0.61,158,1151,1,2,0.9999240451388888,0.9893004068599294,4,128,0,14,0.9409722222222222,0.4475633910915675,
pc4,RandomForest,IQR Removal,6,0.796875,0.0,1.3767423629760742,1.493246078491211,,0.6268000000000007,157,1151,1,3,0.9998914930555556,0.9857120990400032,1,128,0,17,0.9461805555555556,0.2214546129433066,
pc4,RandomForest,IQR Removal,7,0.765625,0.0,1.3749542236328125,1.528036117553711,,0.6268000000000007,158,1152,0,2,1.0,0.9928688541419406,3,127,1,15,0.956814236111111,0.3199378928506127,
pc4,RandomForest,IQR Removal,8,0.765625,0.015625,1.3550424575805664,1.457219123840332,,0.6227533333333343,158,1152,0,2,0.9999945746527779,0.9928688541419406,3,127,1,15,0.9453125,0.3199378928506127,
pc4,RandomForest,IQR Removal,9,0.78125,0.0,1.3761720657348633,1.491720199584961,,0.6411999999999989,158,1152,0,3,0.9999973041752933,0.9893520383746573,2,128,0,15,0.9395680147058824,0.32450956572593465,
pc4,RandomForest,IQR Removal,10,0.765625,0.015625,1.3762540817260742,1.4657716751098633,,0.6376655555555553,158,1152,0,3,0.9999892167011732,0.9893520383746573,4,128,0,13,0.94921875,0.46216916140145214,
pc4,RandomForest,Quantile Removal,1,0.75,0.015625,1.6349735260009766,1.3208017349243164,,0.5915999999999986,140,1147,5,20,0.9968967013888889,0.9086889683382845,3,128,0,15,0.9301215277777778,0.38624363966821407,
pc4,RandomForest,Quantile Removal,2,0.75,0.0,1.6480140686035156,1.3111886978149414,,0.45680000000000065,149,1143,9,11,0.9979193793402777,0.9284580582245046,8,127,1,10,0.9592013888888888,0.5968637525437926,
pc4,RandomForest,Quantile Removal,3,0.765625,0.0,1.6479005813598633,1.3104257583618164,,0.49,150,1143,9,10,0.9982557508680556,0.9322019494518602,9,126,2,9,0.957248263888889,0.6033366817251803,
pc4,RandomForest,Quantile Removal,4,0.75,0.0,1.6505403518676758,1.342630386352539,,0.43,152,1145,7,8,0.9984727647569445,0.9464765638038776,10,123,5,8,0.9342447916666666,0.559273763964563,
pc4,RandomForest,Quantile Removal,5,0.75,0.0,1.6465463638305664,1.329050064086914,,0.55,144,1149,3,16,0.9978651258680555,0.9309977889397563,4,127,1,14,0.9281684027777778,0.38760659074419423,
pc4,RandomForest,Quantile Removal,6,0.75,0.0,1.6491203308105469,1.2896738052368164,,0.48,150,1143,9,10,0.9976481119791666,0.9322019494518602,6,127,1,12,0.9496527777777778,0.500914502841798,
pc4,RandomForest,Quantile Removal,7,0.75,0.0,1.6476802825927734,1.335000991821289,,0.4868000000000006,150,1144,8,10,0.998220486111111,0.9356148133264419,6,126,2,12,0.9613715277777778,0.45897106488949513,
pc4,RandomForest,Quantile Removal,8,0.75,0.0,1.6309795379638672,1.2876825332641602,,0.3856999999999994,157,1138,14,3,0.9975287543402779,0.941917145205856,12,121,7,6,0.9450954861111112,0.597997287886771,
pc4,RandomForest,Quantile Removal,9,0.75,0.0,1.6532745361328125,1.2954721450805664,,0.46,151,1144,8,10,0.9982665847135955,0.9359683292714247,5,127,1,12,0.9163602941176471,0.4624614918412425,
pc4,RandomForest,Quantile Removal,10,0.75,0.0,1.6177425384521484,1.2939386367797852,,0.47,151,1144,8,10,0.9974173999309869,0.9359683292714247,8,122,6,9,0.9319852941176471,0.46153199145794493,
pc4,RandomForest,Yeo-Johnson,1,0.953125,0.0,1.2059736251831055,1.505838394165039,,0.62,158,1151,1,2,0.9998969184027778,0.9893004068599294,3,128,0,15,0.9503038194444444,0.38624363966821407,
pc4,RandomForest,Yeo-Johnson,2,0.921875,0.015625,1.2059869766235352,1.497293472290039,,0.63,158,1151,1,2,0.9999186197916666,0.9893004068599294,4,127,1,14,0.9594184027777778,0.38760659074419423,
pc4,RandomForest,Yeo-Johnson,3,0.9375,0.0,1.206141471862793,1.527353286743164,,0.6068000000000007,157,1151,1,3,0.9998101128472222,0.9857120990400032,4,127,1,14,0.9535590277777778,0.38760659074419423,
pc4,RandomForest,Yeo-Johnson,4,0.9375,0.0,1.2059831619262695,1.492258071899414,,0.6072000000000025,158,1152,0,2,0.9999972873263889,0.9928688541419406,3,126,2,15,0.9453125,0.2730507967185822,
pc4,RandomForest,Yeo-Johnson,5,0.9375,0.0,1.2060747146606445,1.516519546508789,,0.6168000000000007,157,1151,1,3,0.9999186197916666,0.9857120990400032,3,128,0,15,0.9444444444444444,0.38624363966821407,
pc4,RandomForest,Yeo-Johnson,6,0.953125,0.0,1.2059354782104492,1.496835708618164,,0.6268000000000007,157,1151,1,3,0.99990234375,0.9857120990400032,1,128,0,17,0.9468315972222222,0.2214546129433066,
pc4,RandomForest,Yeo-Johnson,7,0.9375,0.015625,1.2060270309448242,1.531625747680664,,0.63,160,1152,0,0,1.0,1.0,3,127,1,15,0.9546440972222222,0.3199378928506127,
pc4,RandomForest,Yeo-Johnson,8,0.9375,0.015625,1.205979347229004,1.4608087539672852,,0.6176533333333338,158,1152,0,2,0.9999945746527776,0.9928688541419406,3,127,1,15,0.9450954861111112,0.3199378928506127,
pc4,RandomForest,Yeo-Johnson,9,0.921875,0.0,1.206954002380371,1.495309829711914,,0.6355999999999995,158,1152,0,3,0.9999973041752933,0.9893520383746573,2,128,0,15,0.939797794117647,0.32450956572593465,
pc4,RandomForest,Yeo-Johnson,10,0.921875,0.0,1.2069063186645508,1.4693613052368164,,0.6432655555555548,158,1152,0,3,0.9999892167011732,0.9893520383746573,3,128,0,14,0.9499080882352942,0.3988384128140615,
pc4,RandomForest,Quantile Transform,1,0.765625,0.015625,1.3634233474731445,1.767049789428711,,0.62,158,1151,1,2,0.9998806423611111,0.9893004068599294,3,128,0,15,0.9513888888888888,0.38624363966821407,
pc4,RandomForest,Quantile Transform,2,0.75,0.015625,1.3634920120239258,1.7584962844848633,,0.63,158,1151,1,2,0.9999186197916666,0.9893004068599294,4,127,1,14,0.95703125,0.38760659074419423,
pc4,RandomForest,Quantile Transform,3,0.75,0.015625,1.3633623123168945,1.788564682006836,,0.6136000000000013,157,1151,1,3,0.9997775607638889,0.9857120990400032,4,128,0,14,0.9542100694444444,0.4475633910915675,
pc4,RandomForest,Quantile Transform,4,0.78125,0.015625,1.3629941940307617,1.7534608840942383,,0.6072000000000025,158,1152,0,2,0.9999972873263889,0.9928688541419406,3,126,2,15,0.9448784722222222,0.2730507967185822,
pc4,RandomForest,Quantile Transform,5,0.75,0.015625,1.363450050354004,1.777730941772461,,0.61,158,1151,1,2,0.9999240451388889,0.9893004068599294,4,128,0,14,0.943142361111111,0.4475633910915675,
pc4,RandomForest,Quantile Transform,6,0.75,0.015625,1.3636293411254883,1.7580385208129883,,0.6268000000000007,157,1151,1,3,0.9998914930555556,0.9857120990400032,1,128,0,17,0.9487847222222222,0.2214546129433066,
pc4,RandomForest,Quantile Transform,7,0.765625,0.015625,1.363539695739746,1.792837142944336,,0.63,159,1152,0,1,1.0,0.9964377140359381,3,127,1,15,0.9559461805555556,0.3199378928506127,
pc4,RandomForest,Quantile Transform,8,0.765625,0.015625,1.363539695739746,1.722020149230957,,0.6227533333333343,158,1152,0,2,0.9999945746527777,0.9928688541419406,2,127,1,16,0.9459635416666666,0.23939058916936184,
pc4,RandomForest,Quantile Transform,9,0.75,0.015625,1.3642072677612305,1.7565126419067383,,0.6411999999999989,158,1152,0,3,0.9999973041752933,0.9893520383746573,2,128,0,15,0.9402573529411764,0.32450956572593465,
pc4,RandomForest,Quantile Transform,10,0.765625,0.015625,1.3643465042114258,1.7305727005004883,,0.6432655555555548,158,1152,0,3,0.9999892167011731,0.9893520383746573,4,128,0,13,0.9501378676470589,0.46216916140145214,
pc4,RandomForest,Min-Max Scaler,1,0.671875,0.0,1.0967521667480469,1.5062885284423828,,0.63,158,1151,1,2,0.9998806423611112,0.9893004068599294,2,128,0,16,0.950954861111111,0.31426968052735443,
pc4,RandomForest,Min-Max Scaler,2,0.6875,0.0,1.0966377258300781,1.4977436065673828,,0.63,158,1151,1,2,0.9999077690972222,0.9893004068599294,4,127,1,14,0.958767361111111,0.38760659074419423,
pc4,RandomForest,Min-Max Scaler,3,0.671875,0.0,1.0967731475830078,1.5278034210205078,,0.6,158,1151,1,2,0.999782986111111,0.9893004068599294,4,127,1,14,0.955295138888889,0.38760659074419423,
pc4,RandomForest,Min-Max Scaler,4,0.671875,0.0,1.0965499877929688,1.4927082061767578,,0.6040000000000032,158,1152,0,2,0.9999972873263889,0.9928688541419406,4,126,2,14,0.9442274305555556,0.34215750650725063,
pc4,RandomForest,Min-Max Scaler,5,0.6875,0.015625,1.0966854095458984,1.5169696807861328,,0.61,158,1151,1,2,0.9999240451388889,0.9893004068599294,4,128,0,14,0.941623263888889,0.4475633910915675,
pc4,RandomForest,Min-Max Scaler,6,0.6875,0.0,1.0967731475830078,1.4972858428955078,,0.6268000000000007,157,1151,1,3,0.9998914930555556,0.9857120990400032,1,128,0,17,0.947482638888889,0.2214546129433066,
pc4,RandomForest,Min-Max Scaler,7,0.703125,0.015625,1.0967731475830078,1.5320758819580078,,0.6368000000000007,158,1152,0,2,1.0,0.9928688541419406,3,127,1,15,0.9572482638888888,0.3199378928506127,
pc4,RandomForest,Min-Max Scaler,8,0.6875,0.0,1.0968208312988281,1.461258888244629,,0.6227533333333343,158,1152,0,2,0.9999945746527777,0.9928688541419406,3,127,1,15,0.9431423611111112,0.3199378928506127,
pc4,RandomForest,Min-Max Scaler,9,0.671875,0.0,1.0976219177246094,1.4957599639892578,,0.6411999999999989,158,1152,0,3,0.9999973041752933,0.9893520383746573,2,128,0,15,0.9370404411764706,0.32450956572593465,
pc4,RandomForest,Min-Max Scaler,10,0.671875,0.0,1.097574234008789,1.4698114395141602,,0.6376655555555553,158,1152,0,3,0.9999892167011732,0.9893520383746573,3,128,0,14,0.9499080882352942,0.3988384128140615,
pc4,RandomForest,Standard Scaler,1,0.6875,0.015625,1.1956682205200195,1.5030908584594727,,0.63,158,1151,1,2,0.9998752170138888,0.9893004068599294,2,128,0,16,0.9500868055555556,0.31426968052735443,
pc4,RandomForest,Standard Scaler,2,0.703125,0.015625,1.1958703994750977,1.4945459365844727,,0.63,158,1151,1,2,0.9999131944444444,0.9893004068599294,4,127,1,14,0.9592013888888888,0.38760659074419423,
pc4,RandomForest,Standard Scaler,3,0.703125,0.0,1.1958703994750977,1.5246057510375977,,0.6068000000000007,157,1151,1,3,0.9997884114583333,0.9857120990400032,4,128,0,14,0.9539930555555556,0.4475633910915675,
pc4,RandomForest,Standard Scaler,4,0.703125,0.0,1.1958227157592773,1.489501953125,,0.6040000000000032,158,1152,0,2,0.9999972873263889,0.9928688541419406,4,126,2,14,0.9418402777777778,0.34215750650725063,
pc4,RandomForest,Standard Scaler,5,0.703125,0.015625,1.1958703994750977,1.5137720108032227,,0.61,158,1151,1,2,0.9999240451388889,0.9893004068599294,4,128,0,14,0.943359375,0.4475633910915675,
pc4,RandomForest,Standard Scaler,6,0.703125,0.0,1.1958227157592773,1.4940881729125977,,0.6268000000000007,157,1151,1,3,0.9998969184027777,0.9857120990400032,1,128,0,17,0.9481336805555556,0.2214546129433066,
pc4,RandomForest,Standard Scaler,7,0.6875,0.0,1.1958227157592773,1.5288782119750977,,0.6268000000000007,158,1152,0,2,1.0,0.9928688541419406,3,127,1,15,0.9559461805555556,0.3199378928506127,
pc4,RandomForest,Standard Scaler,8,0.6875,0.0,1.1958703994750977,1.4580612182617188,,0.6227533333333343,158,1152,0,2,0.9999945746527779,0.9928688541419406,3,127,1,15,0.947265625,0.3199378928506127,
pc4,RandomForest,Standard Scaler,9,0.6875,0.015625,1.1967496871948242,1.4925622940063477,,0.6411999999999989,158,1152,0,3,0.9999973041752934,0.9893520383746573,2,128,0,15,0.9397977941176471,0.32450956572593465,
pc4,RandomForest,Standard Scaler,10,0.6875,0.0,1.1967496871948242,1.46661376953125,,0.6376655555555553,158,1152,0,3,0.9999892167011731,0.9893520383746573,4,128,0,13,0.9501378676470589,0.46216916140145214,
pc4,RandomForest,Robust Scaler,1,0.703125,0.015625,1.1023006439208984,1.5005016326904297,,0.6368000000000007,157,1151,1,3,0.9998860677083333,0.9857120990400032,2,128,0,16,0.9507378472222222,0.31426968052735443,
pc4,RandomForest,Robust Scaler,2,0.703125,0.015625,1.1021175384521484,1.491948127746582,,0.6268000000000007,157,1151,1,3,0.9999186197916667,0.9857120990400032,4,127,1,14,0.9561631944444444,0.38760659074419423,
pc4,RandomForest,Robust Scaler,3,0.71875,0.015625,1.1017341613769531,1.5220165252685547,,0.6068000000000007,157,1151,1,3,0.9997775607638889,0.9857120990400032,4,128,0,14,0.9542100694444444,0.4475633910915675,
pc4,RandomForest,Robust Scaler,4,0.671875,0.0,1.1020641326904297,1.486912727355957,,0.6040000000000032,158,1152,0,2,0.9999972873263888,0.9928688541419406,3,126,2,15,0.9424913194444444,0.2730507967185822,
pc4,RandomForest,Robust Scaler,5,0.6875,0.0,1.1019020080566406,1.5111827850341797,,0.6168000000000007,157,1151,1,3,0.9999240451388889,0.9857120990400032,4,128,0,14,0.9416232638888888,0.4475633910915675,
pc4,RandomForest,Robust Scaler,6,0.71875,0.0,1.1022796630859375,1.4914989471435547,,0.6268000000000007,157,1151,1,3,0.9998914930555556,0.9857120990400032,1,128,0,17,0.9479166666666667,0.2214546129433066,
pc4,RandomForest,Robust Scaler,7,0.703125,0.015625,1.1021900177001953,1.5262889862060547,,0.6268000000000007,158,1152,0,2,1.0,0.9928688541419406,3,127,1,15,0.9565972222222222,0.3199378928506127,
pc4,RandomForest,Robust Scaler,8,0.703125,0.015625,1.102243423461914,1.4554719924926758,,0.6176533333333338,158,1152,0,2,0.9999945746527777,0.9928688541419406,3,127,1,15,0.9459635416666666,0.3199378928506127,
pc4,RandomForest,Robust Scaler,9,0.703125,0.0,1.1025810241699219,1.4899730682373047,,0.6411999999999989,158,1152,0,3,0.9999973041752932,0.9893520383746573,2,128,0,15,0.9377297794117647,0.32450956572593465,
pc4,RandomForest,Robust Scaler,10,0.703125,0.0,1.1023712158203125,1.464024543762207,,0.6376655555555553,158,1152,0,3,0.9999892167011732,0.9893520383746573,4,128,0,13,0.9485294117647058,0.46216916140145214,
pc4,RandomForest,Uniform Binning,1,0.625,0.015625,1.1035594940185547,3.1508188247680664,,0.4596714285714292,125,1145,7,35,0.9875379774305555,0.8432517310952241,5,125,3,13,0.8461371527777778,0.36742765577219144,
pc4,RandomForest,Uniform Binning,2,0.625,0.015625,1.1037540435791016,3.2277488708496094,,0.41050613275613257,134,1135,17,26,0.9868706597222222,0.8436180681176223,10,123,5,8,0.8817274305555556,0.559273763964563,
pc4,RandomForest,Uniform Binning,3,0.640625,0.015625,1.1037540435791016,3.2317075729370117,,0.4860952380952381,126,1145,7,34,0.9869167751736111,0.847207979105442,5,124,4,13,0.8363715277777778,0.3369966316549446,
pc4,RandomForest,Uniform Binning,4,0.640625,0.0,1.1037540435791016,3.179666519165039,,0.4931063852813879,124,1144,8,36,0.9867268880208335,0.8355085461064439,6,118,10,12,0.8567708333333334,0.26859901841277767,
pc4,RandomForest,Uniform Binning,5,0.609375,0.015625,1.1037063598632812,3.1985960006713867,,0.4317427777777777,132,1139,13,28,0.9878336588541667,0.8492572671189511,7,117,11,11,0.845703125,0.3029513888888889,
pc4,RandomForest,Uniform Binning,6,0.609375,0.015625,1.1037063598632812,3.170969009399414,,0.4422352380952382,142,1136,16,18,0.9932264539930554,0.8783607725109432,4,122,6,14,0.7907986111111114,0.22822891916337784,
pc4,RandomForest,Uniform Binning,7,0.640625,0.0,1.103658676147461,3.2298851013183594,,0.4547857142857143,126,1145,7,34,0.9874186197916666,0.847207979105442,6,122,6,12,0.8457031250000001,0.3428938342869988,
pc4,RandomForest,Uniform Binning,8,0.625,0.015625,1.1037540435791016,3.182863235473633,,0.461054945054945,126,1145,7,34,0.9885877821180555,0.847207979105442,5,124,4,13,0.7973090277777777,0.3369966316549446,
pc4,RandomForest,Uniform Binning,9,0.640625,0.0,1.1045551300048828,3.1560068130493164,,0.3999051037851069,131,1138,14,30,0.9876477311939269,0.8387715388249987,8,121,7,9,0.7883731617647058,0.43934109489341167,
pc4,RandomForest,Uniform Binning,10,0.625,0.0,1.1045074462890625,3.167001724243164,,0.41550000000000004,132,1138,14,29,0.9882327251552795,0.8427325537907148,9,122,6,8,0.8506433823529411,0.5097327620310301,
pc4,RandomForest,Quantile Binning,1,0.625,0.0,1.1052131652832031,2.676910400390625,,0.57,158,1151,1,2,0.9998046875000001,0.9893004068599294,2,125,3,16,0.9164496527777778,0.1584950026929701,
pc4,RandomForest,Quantile Binning,2,0.65625,0.0,1.1051292419433594,2.7254505157470703,,0.6034000000000003,157,1151,1,3,0.999853515625,0.9857120990400032,2,127,1,16,0.8984375,0.23939058916936184,
pc4,RandomForest,Quantile Binning,3,0.65625,0.0,1.10504150390625,2.7170495986938477,,0.545400000000002,157,1151,1,3,0.9997341579861112,0.9857120990400032,5,128,0,13,0.9405381944444444,0.5021623847698062,
pc4,RandomForest,Quantile Binning,4,0.65625,0.015625,1.1050090789794922,2.652496337890625,,0.554846666666668,157,1151,1,3,0.9999701605902778,0.9857120990400032,4,126,2,14,0.8851996527777777,0.34215750650725063,
pc4,RandomForest,Quantile Binning,5,0.65625,0.0,1.1051597595214844,2.7362756729125977,,0.6068000000000007,157,1151,1,3,0.9997748480902778,0.9857120990400032,4,128,0,14,0.9090711805555556,0.4475633910915675,
pc4,RandomForest,Quantile Binning,6,0.703125,0.0,1.105093002319336,2.6729516983032227,,0.5868000000000007,157,1151,1,3,0.9998914930555556,0.9857120990400032,0,128,0,18,0.8747829861111112,0.0,
pc4,RandomForest,Quantile Binning,7,0.6875,0.015625,1.1051712036132812,2.706512451171875,,0.5768000000000006,158,1152,0,2,0.9999972873263889,0.9928688541419406,5,126,2,13,0.9077690972222222,0.40340314628859464,
pc4,RandomForest,Quantile Binning,8,0.640625,0.015625,1.1053028106689453,2.660719871520996,,0.5998666666666687,157,1151,1,3,0.9999457465277778,0.9857120990400032,2,126,2,16,0.9125434027777778,0.1923123946096579,
pc4,RandomForest,Quantile Binning,9,0.65625,0.0,1.1058826446533203,2.69140625,,0.5633799999999967,158,1152,0,3,0.9999757375776397,0.9893520383746573,3,128,0,14,0.8809742647058825,0.3988384128140615,
pc4,RandomForest,Quantile Binning,10,0.65625,0.0,1.106008529663086,2.664703369140625,,0.61,158,1151,1,3,0.9999649542788129,0.9857904399275758,8,124,4,9,0.8690257352941175,0.5129936664743946,
pc4,RandomForest,Random Undersampling,1,0.671875,0.0,0.544769287109375,0.667393684387207,,0.81,147,1108,44,13,0.9827446831597222,0.8170027199892743,9,125,3,9,0.9292534722222222,0.5704506515865525,
pc4,RandomForest,Random Undersampling,2,0.65625,0.0,0.5491676330566406,0.6461915969848633,,0.81,148,1101,51,12,0.9850477430555555,0.8034419234526222,10,119,9,8,0.9377170138888888,0.47415671479248933,
pc4,RandomForest,Random Undersampling,3,0.671875,0.0,0.5545921325683594,0.6545915603637695,,0.81,146,1099,53,14,0.9853000217013889,0.7904550837674034,12,122,6,6,0.9529079861111112,0.6197916666666666,
pc4,RandomForest,Random Undersampling,4,0.640625,0.0,0.5496978759765625,0.6838808059692383,,0.83,139,1131,21,21,0.9904758029513888,0.8505208333333333,7,119,9,11,0.9157986111111112,0.3352919719642497,
pc4,RandomForest,Random Undersampling,5,0.65625,0.0,0.5494384765625,0.6777772903442383,,0.86,135,1132,20,25,0.989013671875,0.8377957860383781,8,124,4,10,0.9140625,0.49459837915336796,
pc4,RandomForest,Random Undersampling,6,0.625,0.0,0.5493278503417969,0.6550416946411133,,0.83,145,1098,54,15,0.9808648003472222,0.7839616639247939,8,124,4,10,0.9259982638888888,0.49459837915336796,
pc4,RandomForest,Random Undersampling,7,0.65625,0.0,0.5544929504394531,0.7168560028076172,,0.81,146,1125,27,14,0.9926106770833334,0.8598716088152586,7,125,3,11,0.9496527777777777,0.47566522261278255,
pc4,RandomForest,Random Undersampling,8,0.640625,0.015625,0.5447587966918945,0.674565315246582,,0.79,152,1105,47,8,0.9866373697916667,0.8294156028230598,6,122,6,12,0.90625,0.3428938342869988,
pc4,RandomForest,Random Undersampling,9,0.65625,0.015625,0.5523052215576172,0.6350593566894531,,0.76,154,1079,73,7,0.9817277001380261,0.7747070890271615,10,115,13,7,0.8924632352941176,0.4285709021443906,
pc4,RandomForest,Random Undersampling,10,0.640625,0.0,0.5571346282958984,0.689854621887207,,0.8,150,1113,39,11,0.9847146739130436,0.8389107797904964,8,122,6,9,0.9315257352941176,0.46153199145794493,
pc4,RandomForest,SMOTE / SMOTENC,1,1.1875,0.0,6.423809051513672,2.318873405456543,,0.7,158,1151,1,2,0.9998318142361111,0.9893004068599294,5,126,2,13,0.9253472222222222,0.40340314628859464,
pc4,RandomForest,SMOTE / SMOTENC,2,1.1875,0.0,6.417689323425293,2.4102277755737305,,0.7094920634920635,159,1151,1,1,0.9999891493055556,0.9928819444444444,5,125,3,13,0.9437934027777778,0.36742765577219144,
pc4,RandomForest,SMOTE / SMOTENC,3,1.140625,0.015625,6.420581817626953,2.3940248489379883,,0.7,158,1151,1,2,0.9998101128472222,0.9893004068599294,8,124,4,10,0.9524739583333333,0.49459837915336796,
pc4,RandomForest,SMOTE / SMOTENC,4,1.171875,0.0,6.416446685791016,2.3488759994506836,,0.67,159,1152,0,1,0.9999972873263889,0.9964377140359381,8,123,5,10,0.9309895833333333,0.4679593641747767,
pc4,RandomForest,SMOTE / SMOTENC,5,1.203125,0.015625,6.402247428894043,2.4174575805664062,,0.6968000000000006,157,1151,1,3,0.9999457465277777,0.9857120990400032,8,127,1,10,0.9537760416666666,0.5968637525437926,
pc4,RandomForest,SMOTE / SMOTENC,6,1.1875,0.015625,6.417882919311523,2.3513545989990234,,0.6872000000000025,157,1151,1,3,0.9997775607638889,0.9857120990400032,3,127,1,15,0.9581163194444444,0.3199378928506127,
pc4,RandomForest,SMOTE / SMOTENC,7,1.1875,0.0,6.411216735839844,2.4101133346557617,,0.6968000000000006,158,1152,0,2,1.0,0.9928688541419406,6,125,3,12,0.9561631944444444,0.42361900528456065,
pc4,RandomForest,SMOTE / SMOTENC,8,1.203125,0.0,6.418880462646484,2.318206787109375,,0.6636000000000013,157,1151,1,3,0.9998046875,0.9857120990400032,7,122,6,11,0.916015625,0.3948093993251863,
pc4,RandomForest,SMOTE / SMOTENC,9,1.1875,0.0,6.408087730407715,2.316004753112793,,0.7011999999999988,158,1152,0,3,0.9999973041752932,0.9893520383746573,5,127,1,12,0.9092371323529411,0.4624614918412425,
pc4,RandomForest,SMOTE / SMOTENC,10,1.171875,0.0,6.416723251342773,2.399538993835449,,0.7011999999999988,157,1151,1,4,0.9997142425810904,0.9822151975123928,6,126,2,11,0.9269301470588236,0.4752929115402545,
pc4,MLP,Baseline,1,0.703125,0.0,1.7612600326538086,0.12417888641357422,20.0,1.0,10,1121,31,150,0.32923448350694445,0.06693494407520824,0,121,7,18,0.3046875,-0.08415363647742206,
pc4,MLP,Baseline,2,0.78125,0.0,1.7575759887695312,0.12395000457763672,13.0,9.472793442976866e-191,153,33,1119,7,0.30746799045138884,-0.028748119982282723,15,2,126,3,0.1714409722222222,-0.2730507967185822,
pc4,MLP,Baseline,3,0.75,0.0,1.756124496459961,0.12398242950439453,14.0,0.0,160,0,1152,0,0.30789930555555556,0.0,18,0,128,0,0.36067708333333326,0.0,
pc4,MLP,Baseline,4,0.84375,0.0,1.7569999694824219,0.12395000457763672,13.0,0.143293474801664,0,1138,14,160,0.29614529079861107,-0.03870440748865829,0,127,1,18,0.2664930555555556,-0.03114205494515249,
pc4,MLP,Baseline,5,0.84375,0.0,1.7581062316894531,0.12398242950439453,14.0,0.0,160,0,1152,0,0.31523437499999996,0.0,18,0,128,0,0.2951388888888889,0.0,
pc4,MLP,Baseline,6,0.75,0.0,1.757272720336914,0.12395000457763672,13.0,0.1515594629723676,0,1138,14,160,0.28750542534722223,-0.03870440748865829,0,128,0,18,0.3528645833333333,0.0,
pc4,MLP,Baseline,7,0.9375,0.0,1.762589454650879,0.12420940399169922,21.0,0.9999999999999998,8,1133,19,152,0.33961588541666665,0.07723028020592478,0,121,7,18,0.2087673611111111,-0.08415363647742206,
pc4,MLP,Baseline,8,1.109375,0.0,1.738677978515625,0.12191295623779297,21.0,0.015650741588481402,4,1135,17,156,0.3388047960069444,0.026708099812311776,0,127,1,18,0.4522569444444445,-0.03114205494515249,
pc4,MLP,Baseline,9,0.84375,0.0,1.7636985778808594,0.12421131134033203,21.0,1.0,3,1140,12,158,0.31690497757073843,0.025360792090288842,1,127,1,16,0.40969669117647056,0.1407053195139795,
pc4,MLP,Baseline,10,0.9375,0.0,1.758840560913086,0.12398242950439453,14.0,0.0,161,0,1152,0,0.3184577726017943,0.0,17,0,128,0,0.25735294117647056,0.0,
pc4,MLP,IQR Capping,1,1.421875,0.09375,1.7884511947631836,0.12474822998046875,13.0,4.0847983472189014e-111,153,20,1132,7,0.28060438368055557,-0.060823847623319,18,2,126,0,0.3736979166666667,0.04419417382415922,
pc4,MLP,IQR Capping,2,1.34375,0.1875,1.787947654724121,0.12474822998046875,13.0,6.60160479060871e-130,154,21,1131,6,0.3059407552083333,-0.04441741504071321,17,1,127,1,0.17491319444444445,-0.13503775335159762,
pc4,MLP,IQR Capping,3,1.796875,0.1875,1.7956876754760742,0.1250743865966797,23.0,0.07366462888524584,8,1107,45,152,0.3366427951388889,0.01817830965457412,1,122,6,17,0.4014756944444445,0.01335772007578128,
pc4,MLP,IQR Capping,4,1.3125,0.1875,1.7886581420898438,0.12474822998046875,13.0,0.1433157908446967,0,1138,14,160,0.2936387803819444,-0.03870440748865829,0,127,1,18,0.26953124999999994,-0.03114205494515249,
pc4,MLP,IQR Capping,5,1.515625,0.109375,1.7898988723754883,0.12474822998046875,13.0,2.880081892182531e-103,154,21,1131,6,0.29217664930555554,-0.04441741504071321,17,1,127,1,0.2647569444444444,-0.13503775335159762,
pc4,MLP,IQR Capping,6,1.4375,0.125,1.7888755798339844,0.12474822998046875,13.0,0.15423241450922892,0,1138,14,160,0.2857259114583333,-0.03870440748865829,0,128,0,18,0.3463541666666667,0.0,
pc4,MLP,IQR Capping,7,1.421875,0.1875,1.7884540557861328,0.12474822998046875,13.0,4.454619478139285e-122,155,22,1130,5,0.2954427083333333,-0.028010982458107434,15,4,124,3,0.2552083333333333,-0.20838043318218796,
pc4,MLP,IQR Capping,8,1.703125,0.1875,1.7691307067871094,0.12274551391601562,22.0,0.16890879473522122,8,1120,32,152,0.419091796875,0.04229608457163435,1,126,2,17,0.5347222222222222,0.09253753867050962,
pc4,MLP,IQR Capping,9,1.359375,0.1875,1.7901544570922852,0.12475013732910156,13.0,8.64732977539046e-114,154,20,1132,7,0.2947372110075914,-0.060361856776665106,17,3,125,0,0.25183823529411764,0.052970726701867546,
pc4,MLP,IQR Capping,10,1.453125,0.1875,1.7895498275756836,0.12475013732910156,13.0,0.1430491194128385,0,1138,14,161,0.2990640096618357,-0.03881022323335443,0,128,0,17,0.22794117647058826,0.0,
pc4,MLP,Quantile Capping,1,1.4375,0.1875,1.7894887924194336,0.12477684020996094,13.0,9.573667468219991e-228,156,10,1142,4,0.28262803819444443,-0.05197449005619828,17,1,127,1,0.3715277777777778,-0.13503775335159762,
pc4,MLP,Quantile Capping,2,1.265625,0.1875,1.7893352508544922,0.12477684020996094,13.0,1.156730442258261e-199,153,33,1119,7,0.3077311197916667,-0.028748119982282723,15,2,126,3,0.17230902777777776,-0.2730507967185822,
pc4,MLP,Quantile Capping,3,1.5,0.1875,1.7898626327514648,0.12480926513671875,14.0,0.0,160,0,1152,0,0.3076117621527778,0.0,18,0,128,0,0.3637152777777778,0.0,
pc4,MLP,Quantile Capping,4,1.4375,0.1875,1.7889299392700195,0.12477684020996094,13.0,1.2787734326482797e-187,152,32,1120,8,0.29562445746527777,-0.04229608457163435,16,3,125,2,0.26692708333333337,-0.1584950026929701,
pc4,MLP,Quantile Capping,5,1.421875,0.1875,1.789931297302246,0.12480926513671875,14.0,0.0,160,0,1152,0,0.31563585069444444,0.0,18,0,128,0,0.2947048611111111,0.0,
pc4,MLP,Quantile Capping,6,1.515625,0.171875,1.789163589477539,0.12477684020996094,13.0,0.15267872011293912,0,1138,14,160,0.2871500651041667,-0.03870440748865829,0,128,0,18,0.3532986111111111,0.0,
pc4,MLP,Quantile Capping,7,1.703125,0.1875,1.794137954711914,0.12497329711914062,19.0,0.143298351990551,4,1142,10,156,0.31646592881944446,0.05197449005619828,0,125,3,18,0.2074652777777778,-0.0543155118283426,
pc4,MLP,Quantile Capping,8,1.703125,0.1875,1.7670135498046875,0.12267684936523438,19.0,0.07707712768898363,2,1140,12,158,0.34551866319444446,0.006635041283769993,1,126,2,17,0.4561631944444444,0.09253753867050962,
pc4,MLP,Quantile Capping,9,1.4375,0.1875,1.791062355041504,0.12480926513671875,14.0,0.0,161,0,1152,0,0.31794017425810905,0.0,17,0,128,0,0.27205882352941174,0.0,
pc4,MLP,Quantile Capping,10,1.421875,0.1875,1.7898874282836914,0.12477874755859375,13.0,4.672717781315177e-196,157,10,1142,4,0.29782932194616973,-0.05162069620833921,17,0,128,0,0.22150735294117646,0.0,
pc4,MLP,IQR Removal,1,1.5,0.0,1.7887907028198242,0.12443161010742188,20.0,1.0,10,1121,31,150,0.32923448350694445,0.06693494407520824,0,121,7,18,0.3046875,-0.08415363647742206,
pc4,MLP,IQR Removal,2,1.203125,0.0,1.7862882614135742,0.12420272827148438,13.0,9.472793442976866e-191,153,33,1119,7,0.30746799045138884,-0.028748119982282723,15,2,126,3,0.1714409722222222,-0.2730507967185822,
pc4,MLP,IQR Removal,3,1.3125,0.0,1.7851896286010742,0.12423515319824219,14.0,0.0,160,0,1152,0,0.30789930555555556,0.0,18,0,128,0,0.36067708333333326,0.0,
pc4,MLP,IQR Removal,4,1.375,0.09375,1.7826423645019531,0.12420272827148438,13.0,0.143293474801664,0,1138,14,160,0.29614529079861107,-0.03870440748865829,0,127,1,18,0.2664930555555556,-0.03114205494515249,
pc4,MLP,IQR Removal,5,1.3125,0.0625,1.7851037979125977,0.12423515319824219,14.0,0.0,160,0,1152,0,0.31523437499999996,0.0,18,0,128,0,0.2951388888888889,0.0,
pc4,MLP,IQR Removal,6,1.3125,0.0,1.7855644226074219,0.12420272827148438,13.0,0.1515594629723676,0,1138,14,160,0.28750542534722223,-0.03870440748865829,0,128,0,18,0.3528645833333333,0.0,
pc4,MLP,IQR Removal,7,1.6875,0.0,1.790679931640625,0.12446212768554688,21.0,0.9999999999999998,8,1133,19,152,0.33961588541666665,0.07723028020592478,0,121,7,18,0.2087673611111111,-0.08415363647742206,
pc4,MLP,IQR Removal,8,1.578125,0.0,1.765671730041504,0.12216567993164062,21.0,0.015650741588481402,4,1135,17,156,0.3388047960069444,0.026708099812311776,0,127,1,18,0.4522569444444445,-0.03114205494515249,
pc4,MLP,IQR Removal,9,1.671875,0.0,1.7915258407592773,0.12446403503417969,21.0,1.0,3,1140,12,158,0.31690497757073843,0.025360792090288842,1,127,1,16,0.40969669117647056,0.1407053195139795,
pc4,MLP,IQR Removal,10,1.484375,0.0,1.7862014770507812,0.12423515319824219,14.0,0.0,161,0,1152,0,0.3184577726017943,0.0,17,0,128,0,0.25735294117647056,0.0,
pc4,MLP,Quantile Removal,1,1.3125,0.0,1.7339677810668945,0.12421035766601562,13.0,5.834670627372344e-189,151,31,1121,9,0.28381890190972225,-0.05584404916098598,17,6,122,1,0.3741319444444444,-0.01335772007578128,
pc4,MLP,Quantile Removal,2,1.40625,0.0,1.7424983978271484,0.12424278259277344,14.0,0.0,160,0,1152,0,0.32718641493055556,0.0,18,0,128,0,0.1957465277777778,0.0,
pc4,MLP,Quantile Removal,3,1.5,0.0,1.7412118911743164,0.12424278259277344,14.0,0.0,160,0,1152,0,0.30781792534722224,0.0,18,0,128,0,0.36067708333333326,0.0,
pc4,MLP,Quantile Removal,4,1.40625,0.0,1.7426996231079102,0.12420845031738281,13.0,0.22735285301146646,3,1141,11,157,0.3037136501736111,0.029304765669984134,0,128,0,18,0.2591145833333333,0.0,
pc4,MLP,Quantile Removal,5,1.3125,0.0,1.7419204711914062,0.12420845031738281,13.0,0.21708513168840382,1,1138,14,159,0.2921278211805556,-0.018168833578601,0,126,2,18,0.31423611111111116,-0.04419417382415922,
pc4,MLP,Quantile Removal,6,1.3125,0.046875,1.7450971603393555,0.12420845031738281,13.0,0.14283101621789815,0,1114,38,160,0.28555230034722223,-0.06436367542419626,0,122,6,18,0.3550347222222222,-0.07763237542601485,
pc4,MLP,Quantile Removal,7,1.3125,0.0,1.7421846389770508,0.12420845031738281,13.0,5.678091866498208e-169,151,31,1121,9,0.29562717013888884,-0.05584404916098598,17,2,126,1,0.25954861111111116,-0.09253753867050962,
pc4,MLP,Quantile Removal,8,2.0625,0.0625,1.7319231033325195,0.12249565124511719,31.0,0.033115710979081635,74,976,176,86,0.6525309244791666,0.25806335243309975,9,106,22,9,0.7291666666666665,0.2637854221675387,
pc4,MLP,Quantile Removal,9,1.21875,0.0,1.7462825775146484,0.12424278259277344,14.0,0.0,161,0,1152,0,0.31811540286404416,0.0,17,0,128,0,0.2665441176470588,0.0,
pc4,MLP,Quantile Removal,10,1.46875,0.0,1.7119140625,0.121978759765625,15.0,0.0,161,0,1152,0,0.3378110981711525,0.0,17,0,128,0,0.2952665441176471,0.0,
pc4,MLP,Yeo-Johnson,1,1.5625,0.09375,1.7613983154296875,0.12507152557373047,13.0,0.2256762252055893,143,298,854,17,0.585009765625,0.11677648730144181,15,36,92,3,0.59765625,0.08514095106379167,
pc4,MLP,Yeo-Johnson,2,2.4375,0.0,1.7791175842285156,0.12571239471435547,37.0,0.25306891066581133,125,1027,125,35,0.9284776475694444,0.5605355889452138,13,115,13,5,0.9188368055555556,0.5333563905606192,
pc4,MLP,Yeo-Johnson,3,1.953125,0.0,1.770050048828125,0.12534046173095703,23.0,0.2869183105798506,109,1011,141,51,0.8715440538194443,0.4656423382747467,13,117,11,5,0.8676215277777778,0.5644262412601061,
pc4,MLP,Yeo-Johnson,4,2.03125,0.0,1.7724037170410156,0.12544727325439453,27.0,0.3153693956432644,106,1048,104,54,0.9001166449652778,0.5106819474303553,13,112,16,5,0.8723958333333333,0.4921361491746223,
pc4,MLP,Yeo-Johnson,5,1.953125,0.0,1.766688346862793,0.12534046173095703,23.0,0.28331139065210564,106,1022,130,54,0.874853515625,0.46828745202972444,11,104,24,7,0.8732638888888888,0.3262218668647251,
pc4,MLP,Yeo-Johnson,6,1.75,0.0,1.7654228210449219,0.12520503997802734,18.0,0.3142172305574775,104,993,159,56,0.846365017361111,0.41847826038347846,11,114,14,7,0.7708333333333334,0.43787878787878787,
pc4,MLP,Yeo-Johnson,7,1.734375,0.0,1.7669429779052734,0.12523365020751953,19.0,0.3591952669359211,85,1066,86,75,0.8452039930555556,0.443791130758044,5,121,7,13,0.8884548611111112,0.2670415618538142,
pc4,MLP,Yeo-Johnson,8,1.984375,0.0,1.747481346130371,0.1231241226196289,26.0,0.25602736225652417,128,1030,122,32,0.9290690104166667,0.5783280734459264,11,110,18,7,0.8689236111111112,0.38770028030907744,
pc4,MLP,Yeo-Johnson,9,2.03125,0.09375,1.7708559036254883,0.12534046173095703,23.0,0.2911996470062905,112,1027,125,49,0.8726249784334024,0.5007309150436288,12,105,23,5,0.8639705882352942,0.39559033861380344,
pc4,MLP,Yeo-Johnson,10,1.75,0.0,1.7676076889038086,0.12520503997802734,18.0,0.34341907323226406,96,1024,128,65,0.837991718426501,0.4230465601215687,12,111,17,5,0.8864889705882353,0.4609024475704925,
pc4,MLP,Quantile Transform,1,1.21875,0.09375,2.0303211212158203,0.39099597930908203,14.0,0.36413423676916046,59,1066,86,101,0.7534233940972221,0.3069429934925332,4,117,11,14,0.6931423611111112,0.14757307721417878,
pc4,MLP,Quantile Transform,2,1.3125,0.09375,2.0305728912353516,0.39105701446533203,16.0,0.1900912509445134,111,974,178,49,0.8241916232638888,0.42577333628264175,14,111,17,4,0.8871527777777777,0.5184988589166171,
pc4,MLP,Quantile Transform,3,1.5,0.09375,2.0292816162109375,0.39099597930908203,14.0,0.3393299103278735,61,1042,110,99,0.7458170572916667,0.2777491259421066,9,116,12,9,0.7591145833333333,0.38060102844992794,
pc4,MLP,Quantile Transform,4,1.5,0.09375,2.0312700271606445,0.3910846710205078,17.0,0.21381524450064657,113,989,163,47,0.8475179036458332,0.4534332797242851,15,107,21,3,0.8242187499999999,0.5104997613252442,
pc4,MLP,Quantile Transform,5,2.046875,0.09375,2.040228843688965,0.39150047302246094,31.0,0.3440710907917883,116,1045,107,44,0.9278211805555554,0.550703776849844,13,110,18,5,0.9032118055555556,0.46755617156680135,
pc4,MLP,Quantile Transform,6,1.5,0.09375,2.0305986404418945,0.3910846710205078,17.0,0.1415048563729982,132,916,236,28,0.8476453993055555,0.45171581009993866,12,103,25,6,0.7973090277777778,0.3562660813271317,
pc4,MLP,Quantile Transform,7,1.59375,0.09375,2.03005313873291,0.39105701446533203,16.0,0.2006103210640677,113,976,176,47,0.8228298611111111,0.43701397168997486,12,112,16,6,0.8871527777777778,0.4523278504154936,
pc4,MLP,Quantile Transform,8,1.5,0.078125,2.0033788681030273,0.3887605667114258,16.0,0.22865400831005092,135,985,167,25,0.9230468749999998,0.5432071450499855,14,99,29,4,0.8559027777777778,0.39756637272537143,
pc4,MLP,Quantile Transform,9,1.96875,0.09375,2.0412425994873047,0.39141178131103516,28.0,0.2633850074848593,130,1006,146,31,0.9270536792615598,0.5479766456937345,12,102,26,5,0.8685661764705882,0.3677936182515587,
pc4,MLP,Quantile Transform,10,1.5,0.09375,2.030819892883301,0.39102745056152344,15.0,0.2327550678384674,93,995,157,68,0.7966269841269842,0.368714842875128,13,109,19,4,0.8446691176470588,0.4780629878332854,
pc4,MLP,Min-Max Scaler,1,0.65625,0.0,1.7591829299926758,0.12524795532226562,12.0,0.36101717024578417,132,602,550,28,0.6565321180555556,0.22764879642147584,11,65,63,7,0.6449652777777779,0.0782036849334512,
pc4,MLP,Min-Max Scaler,2,0.734375,0.09375,1.7585058212280273,0.12524795532226562,12.0,0.3568693738970844,125,595,557,35,0.6420301649305555,0.1950138291023132,13,58,70,5,0.5737847222222222,0.1163940571918712,
pc4,MLP,Min-Max Scaler,3,0.75,0.0,1.7596473693847656,0.12524795532226562,12.0,0.3607415747355463,128,598,554,32,0.6496527777777779,0.20900024366766862,16,66,62,2,0.7269965277777778,0.26660784057665393,
pc4,MLP,Min-Max Scaler,4,1.21875,0.0,1.7659578323364258,0.12557315826416016,23.0,0.23161275564261855,80,1061,91,80,0.8234998914930555,0.4091990464213904,8,114,14,10,0.7565104166666666,0.3079313315542173,
pc4,MLP,Min-Max Scaler,5,0.6875,0.0,1.758321762084961,0.12524795532226562,12.0,0.36074934574933176,127,597,555,33,0.6486219618055555,0.20433810547921682,16,68,60,2,0.7009548611111112,0.27648928395815375,
pc4,MLP,Min-Max Scaler,6,0.828125,0.09375,1.758993148803711,0.12524795532226562,12.0,0.3640149946797631,109,618,534,51,0.6126898871527777,0.14250914634796943,13,70,58,5,0.5946180555555556,0.17700708337211235,
pc4,MLP,Min-Max Scaler,7,0.734375,0.0,1.7585535049438477,0.12524795532226562,12.0,0.3604660551991865,128,598,554,32,0.6477864583333333,0.20900024366766862,16,61,67,2,0.73046875,0.242583653850385,
pc4,MLP,Min-Max Scaler,8,0.75,0.0,1.7329092025756836,0.12295150756835938,12.0,0.4168828022886763,3,1141,11,157,0.4328721788194445,0.029304765669984134,1,126,2,17,0.5412326388888888,0.09253753867050962,
pc4,MLP,Min-Max Scaler,9,0.703125,0.0625,1.7596874237060547,0.12524795532226562,12.0,0.3615462264159765,127,596,556,34,0.6542847437888198,0.20101884324794508,16,66,62,1,0.6819852941176471,0.2947625033223357,
pc4,MLP,Min-Max Scaler,10,0.75,0.0,1.7596826553344727,0.12524795532226562,12.0,0.36098591467707675,131,585,567,30,0.6591345324361628,0.21131189528790087,13,70,58,4,0.6502757352941178,0.2005188541150049,
pc4,MLP,Standard Scaler,1,1.3125,0.0,1.7722864151000977,0.12511253356933594,31.0,0.4275927299991043,65,1138,14,95,0.9107476128472222,0.5421188653705815,4,127,1,14,0.8576388888888888,0.38760659074419423,
pc4,MLP,Standard Scaler,2,1.59375,0.0,1.7715940475463867,0.12516403198242188,33.0,0.34577687674382207,82,1116,36,78,0.9084526909722221,0.550444841823992,10,126,2,8,0.8910590277777777,0.6463029240197371,
pc4,MLP,Standard Scaler,3,1.21875,0.0,1.7655773162841797,0.12489891052246094,23.0,0.36314731502588865,70,1130,22,90,0.8684516059027778,0.5361754945211521,5,126,2,13,0.8506944444444444,0.40340314628859464,
pc4,MLP,Standard Scaler,4,1.59375,0.0,1.7711238861083984,0.1251373291015625,32.0,0.3745528270593605,77,1124,28,83,0.9097737630208335,0.5510631213274335,11,118,10,7,0.8988715277777778,0.49933553732533276,
pc4,MLP,Standard Scaler,5,1.71875,0.0,1.7719230651855469,0.12519264221191406,34.0,0.2726830298226678,101,1082,70,59,0.9166666666666667,0.5544858006353356,12,117,11,6,0.8875868055555556,0.52408098458374,
pc4,MLP,Standard Scaler,6,1.125,0.0,1.7678308486938477,0.12497901916503906,26.0,0.4050584851013668,66,1139,13,94,0.890109592013889,0.5519104395909312,3,126,2,15,0.8185763888888888,0.2730507967185822,
pc4,MLP,Standard Scaler,7,1.3125,0.0,1.7669658660888672,0.12495040893554688,25.0,0.312360225889403,83,1103,49,77,0.8842610677083333,0.5180379615664501,7,126,2,11,0.9032118055555556,0.5102413789141766,
pc4,MLP,Standard Scaler,8,1.25,0.09375,1.7388343811035156,0.12254714965820312,21.0,0.31704105338027405,93,1087,65,67,0.8889105902777779,0.5276797725160138,9,118,10,9,0.8177083333333333,0.4122364282453485,
pc4,MLP,Standard Scaler,9,1.671875,0.0,1.7697486877441406,0.12516403198242188,33.0,0.44539954536548676,68,1141,11,93,0.9124908341959971,0.5694033052633856,6,126,2,11,0.9113051470588236,0.4752929115402545,
pc4,MLP,Standard Scaler,10,2.21875,0.015625,1.7788505554199219,0.12564754486083984,51.0,0.2987472515625305,107,1088,64,54,0.9389773119392684,0.5935460224746408,9,121,7,8,0.9255514705882353,0.4874342359941232,
pc4,MLP,Robust Scaler,1,1.21875,0.0,1.7647666931152344,0.12459754943847656,19.0,0.3295007298696099,81,1101,51,79,0.84560546875,0.5025515915888895,7,121,7,11,0.7517361111111112,0.3731629385452201,
pc4,MLP,Robust Scaler,2,1.859375,0.0,1.7716302871704102,0.12515926361083984,38.0,0.23911966839786555,116,1058,94,44,0.9256998697916666,0.5742073110366799,14,116,12,4,0.93359375,0.5878109591073678,
pc4,MLP,Robust Scaler,3,1.109375,0.0,1.7667980194091797,0.12471580505371094,23.0,0.35525528345775276,77,1124,28,83,0.86650390625,0.5510631213274335,9,124,4,9,0.8563368055555556,0.541109329024367,
pc4,MLP,Robust Scaler,4,1.21875,0.0,1.7644710540771484,0.12477302551269531,25.0,0.3011489047348108,99,1093,59,61,0.8825330946180554,0.5706203031276378,13,115,13,5,0.875,0.5333563905606192,
pc4,MLP,Robust Scaler,5,1.59375,0.0,1.7718076705932617,0.12495231628417969,31.0,0.2682165059397496,102,1083,69,58,0.90654296875,0.5614042175026662,12,115,13,6,0.8684895833333334,0.49318181818181817,
pc4,MLP,Robust Scaler,6,1.390625,0.0,1.7687053680419922,0.12477302551269531,25.0,0.3329477116552916,83,1117,35,77,0.8850477430555556,0.5585863420097005,7,123,5,11,0.8020833333333333,0.41874610672018336,
pc4,MLP,Robust Scaler,7,1.125,0.0,1.765594482421875,0.12465476989746094,21.0,0.3189656381315548,92,1086,66,68,0.8489420572916667,0.5205230174140765,7,122,6,11,0.9019097222222222,0.3948093993251863,
pc4,MLP,Robust Scaler,8,0.921875,0.09375,1.737997055053711,0.12221240997314453,16.0,0.35674917397020767,83,1103,49,77,0.8737467447916667,0.5180379615664501,9,121,7,9,0.8064236111111112,0.4686778790671937,
pc4,MLP,Robust Scaler,9,1.234375,0.078125,1.7693662643432617,0.12471580505371094,23.0,0.36949603461727437,75,1122,30,86,0.859021846963423,0.5318181660779274,9,123,5,8,0.9384191176470589,0.534115656058164,
pc4,MLP,Robust Scaler,10,1.59375,0.0,1.7734222412109375,0.12495231628417969,31.0,0.24838257351060844,115,1057,95,46,0.9082017770876468,0.5653734930879326,11,117,11,6,0.8993566176470589,0.5031787852098123,
pc4,MLP,Uniform Binning,1,1.03125,0.046875,1.7714481353759766,0.1269359588623047,20.0,0.2862592416165635,63,1097,55,97,0.8049967447916666,0.39575633829553253,5,123,5,13,0.7732204861111112,0.3107076869798461,
pc4,MLP,Uniform Binning,2,1.5,0.03125,1.7783432006835938,0.12723159790039062,30.0,0.21207895677023073,104,1006,146,56,0.8557996961805554,0.4359881974402257,11,116,12,7,0.8719618055555556,0.4668942702719118,
pc4,MLP,Uniform Binning,3,1.109375,0.0,1.7722129821777344,0.1269359588623047,20.0,0.25527790151444835,72,1065,87,88,0.8022162543402778,0.37549198972318626,8,120,8,10,0.796875,0.4019849255157217,
pc4,MLP,Uniform Binning,4,1.21875,0.0,1.7733745574951172,0.12702465057373047,23.0,0.20092006187794068,108,971,181,52,0.8281439887152778,0.4089123831716421,11,102,26,7,0.7977430555555556,0.30837027297191877,
pc4,MLP,Uniform Binning,5,1.40625,0.0,1.775838851928711,0.12714290618896484,27.0,0.39085670391783844,49,1135,17,111,0.8484022352430556,0.4363987064986773,6,126,2,12,0.830078125,0.45897106488949513,
pc4,MLP,Uniform Binning,6,1.21875,0.0,1.7761249542236328,0.12705421447753906,24.0,0.3673424058037183,56,1129,23,104,0.8667887369791667,0.45399469738743414,5,125,3,13,0.7927517361111112,0.36742765577219144,
pc4,MLP,Uniform Binning,7,1.6875,0.0,1.7831029891967773,0.12746810913085938,38.0,0.3703237064745331,69,1115,37,91,0.8801486545138889,0.4792654611778196,5,125,3,13,0.8550347222222221,0.36742765577219144,
pc4,MLP,Uniform Binning,8,1.125,0.0,1.7477025985717773,0.12469863891601562,22.0,0.3226632750907269,63,1109,43,97,0.8283393012152778,0.427982597563316,6,119,9,12,0.7723524305555556,0.28480663946430684,
pc4,MLP,Uniform Binning,9,1.0,0.0,1.7727270126342773,0.1269359588623047,20.0,0.3074398456778031,59,1106,46,102,0.8003795721187026,0.39485070214553686,6,119,9,11,0.8467371323529411,0.2985577606181748,
pc4,MLP,Uniform Binning,10,1.59375,0.0,1.7773237228393555,0.1272907257080078,32.0,0.2299630715240458,104,1019,133,57,0.8657937586266391,0.4524322389160401,9,112,16,8,0.8506433823529411,0.3444233600968322,
pc4,MLP,Quantile Binning,1,1.03125,0.09375,1.7665271759033203,0.12663650512695312,16.0,0.2582871905389058,113,950,202,47,0.811496310763889,0.40672266306128596,10,112,16,8,0.6987847222222222,0.3699926849203736,
pc4,MLP,Quantile Binning,2,1.21875,0.0,1.7710399627685547,0.12687301635742188,24.0,0.2208786984561956,109,985,167,51,0.8553276909722223,0.43057344023003896,12,116,12,6,0.8897569444444444,0.5082146237812688,
pc4,MLP,Quantile Binning,3,1.03125,0.015625,1.7702112197875977,0.12678241729736328,21.0,0.17288346343382183,119,943,209,41,0.8417317708333334,0.424952339375536,13,107,21,5,0.8389756944444444,0.43416145233754344,
pc4,MLP,Quantile Binning,4,1.125,0.03125,1.7646446228027344,0.1266641616821289,17.0,0.1750023797596899,108,971,181,52,0.8076578776041667,0.4089123831716421,16,100,28,2,0.8142361111111112,0.4801529865296696,
pc4,MLP,Quantile Binning,5,0.84375,0.09375,1.7651329040527344,0.12654590606689453,13.0,0.013792832013715662,158,12,1140,2,0.3061333550347223,-0.006635041283769993,18,1,127,0,0.3250868055555555,0.03114205494515249,
pc4,MLP,Quantile Binning,6,0.84375,0.0625,1.7642898559570312,0.12654590606689453,13.0,0.015001037184138087,160,14,1138,0,0.313525390625,0.03870440748865829,18,0,128,0,0.3368055555555555,0.0,
pc4,MLP,Quantile Binning,7,1.109375,0.0,1.7695016860961914,0.1267547607421875,20.0,0.18344503789992025,114,964,188,46,0.8374430338541667,0.4270080514132059,11,111,17,7,0.8836805555555556,0.3994112909918862,
pc4,MLP,Quantile Binning,8,1.03125,0.0,1.7418689727783203,0.12428092956542969,14.0,0.2664611940634932,91,1020,132,69,0.846435546875,0.39567181550101393,7,114,14,11,0.7912326388888888,0.26186651957452306,
pc4,MLP,Quantile Binning,9,1.015625,0.09375,1.765594482421875,0.12666606903076172,17.0,0.2161051112424647,100,1002,150,61,0.8096828631815045,0.4101135665446732,13,107,21,4,0.8759191176470588,0.4560843751648957,
pc4,MLP,Quantile Binning,10,0.78125,0.0,1.765913963317871,0.12654781341552734,13.0,0.01447400604315934,161,14,1138,0,0.317640937715666,0.03881022323335443,17,3,125,0,0.2789522058823529,0.052970726701867546,
pc4,MLP,Random Undersampling,1,0.46875,0.0,0.9742441177368164,0.12218761444091797,17.0,1.0,137,474,678,23,0.637868923611111,0.18058892901911247,11,62,66,7,0.5889756944444444,0.0628798555698479,
pc4,MLP,Random Undersampling,2,1.296875,0.0,1.008042335510254,0.1259622573852539,67.0,0.158719295940545,142,690,462,18,0.7843234592013889,0.3193719575402125,17,84,44,1,0.876736111111111,0.4004243436501808,
pc4,MLP,Random Undersampling,3,0.5625,0.0,1.0005302429199219,0.12686920166015625,20.0,1.0,66,895,257,94,0.5462836371527777,0.14387624379113656,6,95,33,12,0.5308159722222223,0.05611562683749906,
pc4,MLP,Random Undersampling,4,0.5625,0.0,0.9865808486938477,0.12445449829101562,16.0,0.9999999999806958,31,1051,101,129,0.5303331163194445,0.11539234214987278,4,113,15,14,0.48068576388888884,0.10263499550964439,
pc4,MLP,Random Undersampling,5,0.5625,0.0625,0.9904298782348633,0.12472057342529297,25.0,0.999999999996902,108,722,430,52,0.6713975694444445,0.20074831163129317,11,78,50,7,0.6786024305555556,0.1469765654438525,
pc4,MLP,Random Undersampling,6,0.375,0.0,0.9853086471557617,0.12439346313476562,14.0,0.9999999999411894,144,443,709,16,0.6654269748263889,0.19523687276557344,14,53,75,4,0.6254340277777778,0.12928513724917454,
pc4,MLP,Random Undersampling,7,0.65625,0.0,1.003554344177246,0.127105712890625,28.0,1.0,53,982,170,107,0.5232069227430556,0.16002323425079232,6,106,22,12,0.48263888888888895,0.13482849387384907,
pc4,MLP,Random Undersampling,8,0.5625,0.0,0.9750032424926758,0.12221717834472656,18.0,0.9999999999999812,148,329,823,12,0.6106635199652777,0.1571222696285413,16,36,92,2,0.5753038194444444,0.12747973546528613,
pc4,MLP,Random Undersampling,9,0.46875,0.0,0.9880876541137695,0.12452888488769531,18.0,0.9999999999999861,35,1068,84,126,0.620670505521049,0.1650650574818062,2,118,10,15,0.4600183823529412,0.04614796581255014,
pc4,MLP,Random Undersampling,10,0.46875,0.0,0.9999284744262695,0.12676620483398438,16.0,0.9999867483467119,112,647,505,49,0.6176053528295377,0.16908495047475694,13,73,55,4,0.6760110294117646,0.21597240469650816,
pc4,MLP,SMOTE / SMOTENC,1,3.1875,0.09375,6.424399375915527,0.19297122955322266,36.0,0.6390344774123802,125,870,282,35,0.8368326822916667,0.37949034641008705,13,91,37,5,0.7621527777777777,0.3001018586725242,
pc4,MLP,SMOTE / SMOTENC,2,3.59375,0.0,6.417844772338867,0.19303607940673828,41.0,0.16043941368988898,143,823,329,17,0.8476236979166665,0.4146610493779495,11,104,24,7,0.8042534722222221,0.3262218668647251,
pc4,MLP,SMOTE / SMOTENC,3,2.6875,0.0,6.421022415161133,0.19263553619384766,27.0,0.14653294650452003,129,769,383,31,0.797146267361111,0.31782445367692325,15,79,49,3,0.732638888888889,0.2985102189210696,
pc4,MLP,SMOTE / SMOTENC,4,5.515625,0.0,6.416040420532227,0.19398021697998047,76.0,0.8330965214439399,104,1020,132,56,0.8524278428819445,0.45615871827532223,12,116,12,6,0.8936631944444444,0.5082146237812688,
pc4,MLP,SMOTE / SMOTENC,5,2.546875,0.0,6.402304649353027,0.19254207611083984,26.0,0.670593925653606,130,770,382,30,0.8041232638888889,0.3225993905038759,16,77,51,2,0.8263888888888888,0.32358341872956575,
pc4,MLP,SMOTE / SMOTENC,6,2.640625,0.0,6.418218612670898,0.19266796112060547,26.0,0.594845875545575,138,700,452,22,0.7911810980902778,0.30925576397900967,12,79,49,6,0.7458767361111112,0.18921786181157388,
pc4,MLP,SMOTE / SMOTENC,7,2.453125,0.0,6.412008285522461,0.19243812561035156,23.0,0.3465892639498366,128,729,423,32,0.774273003472222,0.28695771016282123,15,83,45,3,0.7994791666666667,0.3219266205690479,
pc4,MLP,SMOTE / SMOTENC,8,3.375,0.0,6.418971061706543,0.19093036651611328,42.0,0.25169475833904503,139,858,294,21,0.8644287109375,0.4269646374713565,15,98,30,3,0.8450520833333333,0.42645273617790214,
pc4,MLP,SMOTE / SMOTENC,9,3.375,0.0,6.4086103439331055,0.19341182708740234,40.0,0.03701826435530954,134,800,352,27,0.8085344418564526,0.35782173373972154,10,79,49,7,0.6645220588235294,0.13452495212964946,
pc4,MLP,SMOTE / SMOTENC,10,2.890625,0.0,6.417537689208984,0.1931619644165039,29.0,0.16232191048406205,142,703,449,19,0.796001552795031,0.32452299557892317,13,79,49,4,0.7789522058823529,0.24833428785831568,
