Dataset,Model,Preprocessor,Fold,Converged,Fit_Time_sec,Predict_Time_Test_sec,Peak_Memory_MB,Pipeline_Disk_Size_MB,Train_TP,Train_TN,Train_FP,Train_FN,Train_ROC_AUC,Train_PR_AUC,Train_MCC,Test_TP,Test_TN,Test_FP,Test_FN,Test_ROC_AUC,Test_PR_AUC,Test_MCC,Error_Log
Internet-Advertisements,GaussianNB,Baseline,1,,3.4354020999999197,0.4452285999996093,241.1218299865723,0.313028335571289,372.0,2491.0,47.0,41.0,0.9818673833278954,0.8758684079337238,0.8769057182675011,41.0,278.0,4.0,5.0,0.9699737897008944,0.887576374304652,0.8852439855259969,
Internet-Advertisements,GaussianNB,Baseline,2,,2.334914600000048,0.3135361000004195,,,375.0,2482.0,56.0,38.0,0.980584700923684,0.8582800067936843,0.8703205298623407,38.0,274.0,8.0,8.0,0.9483888374961456,0.7632281197915438,0.797718162195498,
Internet-Advertisements,GaussianNB,Baseline,3,,2.461295200000677,0.370515599999635,,,372.0,2485.0,53.0,41.0,0.9815081940938416,0.8603588284957071,0.8693912768596547,43.0,275.0,7.0,3.0,0.9806891766882516,0.8454730507181735,0.8790596193940847,
Internet-Advertisements,GaussianNB,Baseline,4,,2.400152500000331,0.3206150000005436,,,372.0,2492.0,46.0,41.0,0.9823773080174092,0.8707999726201696,0.878172735413083,40.0,277.0,5.0,6.0,0.9595282146160962,0.822715173595336,0.8597245596820413,
Internet-Advertisements,GaussianNB,Baseline,5,,2.6524577000000136,0.335752599999978,,,368.0,2491.0,47.0,45.0,0.9812210335109722,0.8625504889346209,0.870760797273468,42.0,276.0,6.0,4.0,0.9586802343509097,0.8329346576460445,0.8761030163791109,
Internet-Advertisements,GaussianNB,Baseline,6,,2.7125957000007475,0.2939088000002812,,,377.0,2482.0,56.0,36.0,0.9814395045192016,0.8601987364173995,0.8734011969638061,38.0,274.0,8.0,8.0,0.960800185013876,0.8113073737384838,0.797718162195498,
Internet-Advertisements,GaussianNB,Baseline,7,,2.739538999998331,0.2991233000011561,,,370.0,2487.0,51.0,43.0,0.981247269112397,0.8664600239652955,0.8687986126198098,43.0,271.0,11.0,3.0,0.9726333641689792,0.7934118513595919,0.8387460670369723,
Internet-Advertisements,GaussianNB,Baseline,8,,2.6277196999999437,0.2825302999990526,,,374.0,2485.0,53.0,39.0,0.9814065907646868,0.858483695802425,0.8724721725063045,39.0,272.0,10.0,7.0,0.9667745914276904,0.7681842931304163,0.7913244463698379,
Internet-Advertisements,GaussianNB,Baseline,9,,2.6042440999990504,0.2644423000001552,,,372.0,2482.0,56.0,41.0,0.980587085978359,0.8526857431017525,0.865689316844562,41.0,276.0,6.0,5.0,0.9670444033302498,0.8476024531443055,0.862252549210339,
Internet-Advertisements,GaussianNB,Baseline,10,,2.457568399999218,0.2030687999995279,,,375.0,2482.0,56.0,39.0,0.9819202232348496,0.8687900542026558,0.8690439496224897,39.0,273.0,9.0,6.0,0.941765169424744,0.7516724872267401,0.8125787128454148,
Internet-Advertisements,GaussianNB,Standard Scaling,1,,3.338687100000243,0.4405936999992264,240.92932033538816,0.3490161895751953,408.0,1921.0,617.0,5.0,0.8724782816921296,0.395113220402298,0.5427049884514645,43.0,219.0,63.0,3.0,0.8555735430157262,0.3883506072550471,0.5281711751731626,
Internet-Advertisements,GaussianNB,Standard Scaling,2,,2.5793570000005275,0.3573341999999684,,,411.0,1921.0,617.0,2.0,0.8778589650389146,0.3998096816252097,0.547624462129265,41.0,207.0,75.0,5.0,0.8126734505087881,0.3302738874465206,0.4541795199200877,
Internet-Advertisements,GaussianNB,Standard Scaling,3,,2.739241100000072,0.3683917999987898,,,407.0,1924.0,614.0,6.0,0.872658591825559,0.3954957173349719,0.5422994021416507,46.0,217.0,65.0,0.0,0.8847517730496454,0.4144144144144144,0.5647064382903323,
Internet-Advertisements,GaussianNB,Standard Scaling,4,,2.566949300000488,0.4494843000011315,,,412.0,1908.0,630.0,1.0,0.8755831458680359,0.3953921278461879,0.543963466022459,40.0,211.0,71.0,6.0,0.8088960838729571,0.3316495180227948,0.4533718089018957,
Internet-Advertisements,GaussianNB,Standard Scaling,5,,2.76833120000083,0.3485868000007031,,,411.0,1928.0,610.0,2.0,0.8774053276397309,0.4012748815417743,0.5505126861491234,43.0,220.0,62.0,3.0,0.8574622263336418,0.3919620764530627,0.5321285254796468,
Internet-Advertisements,GaussianNB,Standard Scaling,6,,2.6253085999996983,0.3083277000005182,,,412.0,1913.0,625.0,1.0,0.8765724665472232,0.3973003822369246,0.5459922503957207,40.0,214.0,68.0,6.0,0.8139839654640765,0.3403538745532383,0.4643414816752619,
Internet-Advertisements,GaussianNB,Standard Scaling,7,,2.6644741000000067,0.3140481000009458,,,413.0,1916.0,622.0,0.0,0.8774625689519306,0.3990338164251207,0.548853950421274,42.0,202.0,80.0,4.0,0.8146777674992292,0.3265215652869287,0.4521536078324442,
Internet-Advertisements,GaussianNB,Standard Scaling,8,,2.660170899998775,0.3484692000001814,,,408.0,1915.0,623.0,5.0,0.8739527224922103,0.3945021514568275,0.5402480837655739,42.0,214.0,68.0,4.0,0.83595436324391,0.3608117227417333,0.4941845483312225,
Internet-Advertisements,GaussianNB,Standard Scaling,9,,2.455517999998847,0.3165371000013692,,,408.0,1919.0,619.0,5.0,0.8738124812773209,0.3954031156134285,0.5418840704009031,43.0,217.0,65.0,3.0,0.8521430773974714,0.3813283060366835,0.5203905515928843,
Internet-Advertisements,GaussianNB,Standard Scaling,10,,2.6231329000002006,0.204373000000487,,,413.0,1941.0,597.0,1.0,0.8811790256697236,0.4082619370102439,0.557982727415556,41.0,210.0,72.0,4.0,0.8277383766745469,0.3428125535619243,0.4750625460703529,
Internet-Advertisements,GaussianNB,MinMax Scaling,1,,3.274935999999798,0.4495636999999988,240.921971321106,0.3728895187377929,408.0,1921.0,617.0,5.0,0.8727716434171537,0.3956929065784678,0.5427049884514645,43.0,219.0,63.0,3.0,0.8555735430157262,0.3883506072550471,0.5281711751731626,
Internet-Advertisements,GaussianNB,MinMax Scaling,2,,2.265027100000225,0.3541738000003533,,,411.0,1921.0,617.0,2.0,0.8778589650389146,0.3998096816252097,0.547624462129265,41.0,207.0,75.0,5.0,0.8126734505087881,0.3302738874465206,0.4541795199200877,
Internet-Advertisements,GaussianNB,MinMax Scaling,3,,2.69398590000128,0.3344410999998217,,,407.0,1924.0,614.0,6.0,0.872658591825559,0.3954957173349719,0.5422994021416507,46.0,217.0,65.0,0.0,0.8847517730496454,0.4144144144144144,0.5647064382903323,
Internet-Advertisements,GaussianNB,MinMax Scaling,4,,2.438695999999254,0.4037097999989782,,,412.0,1908.0,630.0,1.0,0.8755831458680359,0.3953921278461879,0.543963466022459,40.0,211.0,71.0,6.0,0.8088960838729571,0.3316495180227948,0.4533718089018957,
Internet-Advertisements,GaussianNB,MinMax Scaling,5,,2.4102563000014925,0.4307912999993277,,,411.0,1928.0,610.0,2.0,0.8774053276397309,0.4012748815417743,0.5505126861491234,43.0,220.0,62.0,3.0,0.8574622263336418,0.3919620764530627,0.5321285254796468,
Internet-Advertisements,GaussianNB,MinMax Scaling,6,,2.568253800000093,0.3567526999995607,,,412.0,1913.0,625.0,1.0,0.8765724665472232,0.3973003822369246,0.5459922503957207,40.0,214.0,68.0,6.0,0.8139839654640765,0.3403538745532383,0.4643414816752619,
Internet-Advertisements,GaussianNB,MinMax Scaling,7,,2.6294196999988344,0.233692499999961,,,413.0,1916.0,622.0,0.0,0.8774625689519306,0.3990338164251207,0.548853950421274,42.0,202.0,80.0,4.0,0.8146777674992292,0.3265215652869287,0.4521536078324442,
Internet-Advertisements,GaussianNB,MinMax Scaling,8,,2.8323098000000755,0.2161246999985451,,,408.0,1915.0,623.0,5.0,0.8739527224922103,0.3945021514568275,0.5402480837655739,42.0,214.0,68.0,4.0,0.83595436324391,0.3608117227417333,0.4941845483312225,
Internet-Advertisements,GaussianNB,MinMax Scaling,9,,2.544209100000444,0.3271388000011939,,,408.0,1919.0,619.0,5.0,0.8738124812773209,0.3954031156134285,0.5418840704009031,43.0,217.0,65.0,3.0,0.8521430773974714,0.3813283060366835,0.5203905515928843,
Internet-Advertisements,GaussianNB,MinMax Scaling,10,,2.5572118000000046,0.2029622999998537,,,413.0,1941.0,597.0,1.0,0.8811790256697236,0.4082619370102439,0.557982727415556,41.0,210.0,72.0,4.0,0.8277383766745469,0.3428125535619243,0.4750625460703529,
Internet-Advertisements,GaussianNB,IQR Capping,1,,8.101441900000282,1.4816133000003902,240.92219066619876,0.3670797348022461,231.0,2473.0,65.0,182.0,0.8859614727808021,0.7257217106395119,0.6163808368566929,23.0,278.0,4.0,23.0,0.8868331791551033,0.7318670819056344,0.6137758535973957,
Internet-Advertisements,GaussianNB,IQR Capping,2,,5.34732350000013,1.814881000000241,,,218.0,2452.0,86.0,195.0,0.8456540487734141,0.6496375446367048,0.563766065670121,22.0,271.0,11.0,24.0,0.8068917668825163,0.6154372796002447,0.5070502450903995,
Internet-Advertisements,GaussianNB,IQR Capping,3,,5.053283900000679,1.920861700000387,,,220.0,2469.0,69.0,193.0,0.8552123938889175,0.679187967871728,0.590051355527419,22.0,277.0,5.0,24.0,0.8506783842121493,0.6386303539801835,0.5818306806396132,
Internet-Advertisements,GaussianNB,IQR Capping,4,,5.138297099998454,2.251153799999884,,,226.0,2466.0,72.0,187.0,0.8618051620215341,0.6765944220981636,0.5974246505831127,22.0,275.0,7.0,24.0,0.8984350909651558,0.7012695581660702,0.5546090564214179,
Internet-Advertisements,GaussianNB,IQR Capping,5,,5.217630799999824,1.8050545000005516,,,212.0,2465.0,73.0,201.0,0.8631040627975356,0.6784969225177729,0.569129190562945,25.0,275.0,7.0,21.0,0.919673142152328,0.7706773875677277,0.6069622319960803,
Internet-Advertisements,GaussianNB,IQR Capping,6,,5.2739068000009866,1.8180415999995605,,,218.0,2468.0,70.0,195.0,0.8741988601346697,0.699447683034114,0.5848419118508666,28.0,274.0,8.0,18.0,0.8767345050878815,0.7328152027791975,0.6446640679086717,
Internet-Advertisements,GaussianNB,IQR Capping,7,,5.283955700000661,1.89633270000013,,,215.0,2474.0,64.0,198.0,0.8702234510023907,0.6963169435127962,0.5873883182439609,25.0,271.0,11.0,21.0,0.8477489978415049,0.6619728995386576,0.5603987327835213,
Internet-Advertisements,GaussianNB,IQR Capping,8,,5.273569099999804,1.7136676000009174,,,209.0,2451.0,87.0,204.0,0.8153042280341234,0.6020729370065916,0.5448500607129719,26.0,268.0,14.0,20.0,0.8083564600678385,0.631742698805889,0.5470997985787978,
Internet-Advertisements,GaussianNB,IQR Capping,9,,5.251395799999955,1.8850607000003947,,,226.0,2475.0,63.0,187.0,0.905366277616548,0.747110514460159,0.6097686207468598,27.0,277.0,5.0,19.0,0.9280758556891768,0.7738141184075296,0.6661428539029514,
Internet-Advertisements,GaussianNB,IQR Capping,10,,5.298839700000826,1.7642154000004666,,,213.0,2481.0,57.0,201.0,0.8924982773913804,0.7278001491592312,0.5926931864993962,25.0,273.0,9.0,20.0,0.8613081166272655,0.7006700004146006,0.5910046603799339,
Internet-Advertisements,GaussianNB,IQR Capping + Scaling,1,,8.1030183999992,1.463021799998387,240.93660259246823,0.4030675888061523,335.0,2503.0,35.0,78.0,0.951013839041246,0.8999143461806092,0.8353600025982144,35.0,278.0,4.0,11.0,0.9491211840888067,0.8477987932116164,0.8010502675651192,
Internet-Advertisements,GaussianNB,IQR Capping + Scaling,2,,5.320512599999347,1.8969159000007492,,,317.0,2514.0,24.0,96.0,0.957882319494292,0.8916921710331072,0.8227139577678929,32.0,280.0,2.0,14.0,0.9062596361393772,0.8580186394100201,0.7843901306855713,
Internet-Advertisements,GaussianNB,IQR Capping + Scaling,3,,5.097983699999531,1.8177549000010915,,,364.0,2348.0,190.0,49.0,0.947103780407062,0.8927324608547098,0.716527705780397,44.0,269.0,13.0,2.0,0.9747533148319456,0.9144956274011328,0.834304054870364,
Internet-Advertisements,GaussianNB,IQR Capping + Scaling,4,,5.462120299998787,1.749995800000761,,,337.0,2489.0,49.0,76.0,0.9512179997214256,0.8926635804692474,0.8197174682555033,39.0,276.0,6.0,7.0,0.9614939870490288,0.9171533129310182,0.8342051338380857,
Internet-Advertisements,GaussianNB,IQR Capping + Scaling,5,,5.351319699999294,1.8242014000006748,,,310.0,2507.0,31.0,103.0,0.95329776739802,0.8821077510286587,0.8013270019799309,32.0,280.0,2.0,14.0,0.9717853839037928,0.928612534898442,0.7843901306855713,
Internet-Advertisements,GaussianNB,IQR Capping + Scaling,6,,5.249667699999918,1.9509593000002496,,,336.0,2495.0,43.0,77.0,0.9475764982436456,0.8952994705161629,0.8260669267523292,33.0,276.0,6.0,13.0,0.9036386062288004,0.838688790788439,0.7467978439100791,
Internet-Advertisements,GaussianNB,IQR Capping + Scaling,7,,5.585360500001116,1.7613919000013991,,,320.0,2504.0,34.0,93.0,0.95678567135473,0.8970980360962155,0.8130339203626048,33.0,279.0,3.0,13.0,0.9313135985198888,0.8813399474574868,0.7851062931172559,
Internet-Advertisements,GaussianNB,IQR Capping + Scaling,8,,5.409423299999617,1.8589674000013476,,,297.0,2526.0,12.0,116.0,0.9692785877423454,0.9171834027567288,0.8094998151930289,33.0,281.0,1.0,13.0,0.965464076472402,0.9201902098259556,0.8131944256771596,
Internet-Advertisements,GaussianNB,IQR Capping + Scaling,9,,5.390521799999988,1.5044144999992568,,,373.0,2383.0,155.0,40.0,0.9551519089023598,0.9045420986491136,0.7622166841277161,42.0,260.0,22.0,4.0,0.955982115325316,0.8810514590920043,0.7316666010555097,
Internet-Advertisements,GaussianNB,IQR Capping + Scaling,10,,5.431545400000687,1.4703967000004925,,,209.0,2535.0,3.0,205.0,0.951657987003346,0.9012034470193362,0.677377308661797,26.0,282.0,0.0,19.0,0.9624901497241922,0.8993277607984362,0.7357355199120427,
Internet-Advertisements,GaussianNB,IQR Removal,1,,7.992694799999299,0.4344722000005276,240.93119049072263,0.3132171630859375,372.0,2491.0,47.0,41.0,0.9818673833278954,0.8758684079337238,0.8769057182675011,41.0,278.0,4.0,5.0,0.9699737897008944,0.887576374304652,0.8852439855259969,
Internet-Advertisements,GaussianNB,IQR Removal,2,,5.045989000000191,0.4515146000012464,,,375.0,2482.0,56.0,38.0,0.980584700923684,0.8582800067936843,0.8703205298623407,38.0,274.0,8.0,8.0,0.9483888374961456,0.7632281197915438,0.797718162195498,
Internet-Advertisements,GaussianNB,IQR Removal,3,,7.226803999999902,0.2618404000004375,,,372.0,2485.0,53.0,41.0,0.9815081940938416,0.8603588284957071,0.8693912768596547,43.0,275.0,7.0,3.0,0.9806891766882516,0.8454730507181735,0.8790596193940847,
Internet-Advertisements,GaussianNB,IQR Removal,4,,7.050318499999776,0.3767536000013933,,,372.0,2492.0,46.0,41.0,0.9823773080174092,0.8707999726201696,0.878172735413083,40.0,277.0,5.0,6.0,0.9595282146160962,0.822715173595336,0.8597245596820413,
Internet-Advertisements,GaussianNB,IQR Removal,5,,7.101876100001391,0.2253706999999849,,,368.0,2491.0,47.0,45.0,0.9812210335109722,0.8625504889346209,0.870760797273468,42.0,276.0,6.0,4.0,0.9586802343509097,0.8329346576460445,0.8761030163791109,
Internet-Advertisements,GaussianNB,IQR Removal,6,,8.55306980000023,0.3216491000002861,,,377.0,2482.0,56.0,36.0,0.9814395045192016,0.8601987364173995,0.8734011969638061,38.0,274.0,8.0,8.0,0.960800185013876,0.8113073737384838,0.797718162195498,
Internet-Advertisements,GaussianNB,IQR Removal,7,,6.574845400000413,0.3242785999991611,,,370.0,2487.0,51.0,43.0,0.981247269112397,0.8664600239652955,0.8687986126198098,43.0,271.0,11.0,3.0,0.9726333641689792,0.7934118513595919,0.8387460670369723,
Internet-Advertisements,GaussianNB,IQR Removal,8,,6.49209780000092,0.2419817999998486,,,374.0,2485.0,53.0,39.0,0.9814065907646868,0.858483695802425,0.8724721725063045,39.0,272.0,10.0,7.0,0.9667745914276904,0.7681842931304163,0.7913244463698379,
Internet-Advertisements,GaussianNB,IQR Removal,9,,7.077052099999492,0.3314579000016238,,,372.0,2482.0,56.0,41.0,0.980587085978359,0.8526857431017525,0.865689316844562,41.0,276.0,6.0,5.0,0.9670444033302498,0.8476024531443055,0.862252549210339,
Internet-Advertisements,GaussianNB,IQR Removal,10,,6.075550300000032,0.2459794000005786,,,375.0,2482.0,56.0,39.0,0.9819202232348496,0.8687900542026558,0.8690439496224897,39.0,273.0,9.0,6.0,0.941765169424744,0.7516724872267401,0.8125787128454148,
Internet-Advertisements,GaussianNB,IQR Removal + Scaling,1,,8.092652600000292,0.4457363999990775,240.934606552124,0.3491964340209961,408.0,1921.0,617.0,5.0,0.8724782816921296,0.395113220402298,0.5427049884514645,43.0,219.0,63.0,3.0,0.8555735430157262,0.3883506072550471,0.5281711751731626,
Internet-Advertisements,GaussianNB,IQR Removal + Scaling,2,,5.300866900000983,0.4809322999990399,,,411.0,1921.0,617.0,2.0,0.8778589650389146,0.3998096816252097,0.547624462129265,41.0,207.0,75.0,5.0,0.8126734505087881,0.3302738874465206,0.4541795199200877,
Internet-Advertisements,GaussianNB,IQR Removal + Scaling,3,,7.994950000000244,0.4018083999999362,,,407.0,1924.0,614.0,6.0,0.872658591825559,0.3954957173349719,0.5422994021416507,46.0,217.0,65.0,0.0,0.8847517730496454,0.4144144144144144,0.5647064382903323,
Internet-Advertisements,GaussianNB,IQR Removal + Scaling,4,,7.315423899999587,0.3882956999987073,,,412.0,1908.0,630.0,1.0,0.8755831458680359,0.3953921278461879,0.543963466022459,40.0,211.0,71.0,6.0,0.8088960838729571,0.3316495180227948,0.4533718089018957,
Internet-Advertisements,GaussianNB,IQR Removal + Scaling,5,,7.202451799999835,0.3138529000007111,,,411.0,1928.0,610.0,2.0,0.8774053276397309,0.4012748815417743,0.5505126861491234,43.0,220.0,62.0,3.0,0.8574622263336418,0.3919620764530627,0.5321285254796468,
Internet-Advertisements,GaussianNB,IQR Removal + Scaling,6,,8.667727699999887,0.396756699999969,,,412.0,1913.0,625.0,1.0,0.8765724665472232,0.3973003822369246,0.5459922503957207,40.0,214.0,68.0,6.0,0.8139839654640765,0.3403538745532383,0.4643414816752619,
Internet-Advertisements,GaussianNB,IQR Removal + Scaling,7,,7.010335299999497,0.2994526000002224,,,413.0,1916.0,622.0,0.0,0.8774625689519306,0.3990338164251207,0.548853950421274,42.0,202.0,80.0,4.0,0.8146777674992292,0.3265215652869287,0.4521536078324442,
Internet-Advertisements,GaussianNB,IQR Removal + Scaling,8,,6.753900099998646,0.3082548000002134,,,408.0,1915.0,623.0,5.0,0.8739527224922103,0.3945021514568275,0.5402480837655739,42.0,214.0,68.0,4.0,0.83595436324391,0.3608117227417333,0.4941845483312225,
Internet-Advertisements,GaussianNB,IQR Removal + Scaling,9,,7.39899239999977,0.202047599999787,,,408.0,1919.0,619.0,5.0,0.8738124812773209,0.3954031156134285,0.5418840704009031,43.0,217.0,65.0,3.0,0.8521430773974714,0.3813283060366835,0.5203905515928843,
Internet-Advertisements,GaussianNB,IQR Removal + Scaling,10,,6.319134200000917,0.2917749999996886,,,413.0,1941.0,597.0,1.0,0.8811790256697236,0.4082619370102439,0.557982727415556,41.0,210.0,72.0,4.0,0.8277383766745469,0.3428125535619243,0.4750625460703529,
Internet-Advertisements,GaussianNB,Yeo-Johnson,1,,26.6813559000002,0.4831057000010332,240.9275131225586,0.3251190185546875,413.0,1402.0,1136.0,0.0,0.7819148936170213,0.2717105263157894,0.3837757374454998,46.0,160.0,122.0,0.0,0.799645390070922,0.2893081761006289,0.3941483493690772,
Internet-Advertisements,GaussianNB,Yeo-Johnson,2,,13.6685454999988,0.4627602000000479,,,413.0,1277.0,1261.0,0.0,0.7584779153477315,0.2519885012601882,0.3523278216904333,44.0,130.0,152.0,2.0,0.7211686709836571,0.2300217079756065,0.2956379515280362,
Internet-Advertisements,GaussianNB,Yeo-Johnson,3,,13.835162299999864,0.3970493999986502,,,413.0,1311.0,1227.0,0.0,0.7594562647754137,0.2527539779681763,0.3606688530562301,45.0,135.0,147.0,1.0,0.7284150477952513,0.231371418633138,0.3220954993363206,
Internet-Advertisements,GaussianNB,Yeo-Johnson,4,,14.09394390000125,0.3288745999998355,,,412.0,1301.0,1237.0,1.0,0.7615813484908327,0.2544571413117334,0.3564794029220022,44.0,141.0,141.0,2.0,0.7425223558433549,0.2451567837832922,0.3196767491269178,
Internet-Advertisements,GaussianNB,Yeo-Johnson,5,,14.331988900001306,0.3604611000009754,,,413.0,1375.0,1163.0,0.0,0.7763987391646967,0.2667958656330749,0.3767926820365632,43.0,176.0,106.0,3.0,0.7957523897625656,0.2895315245157289,0.3897758137191226,
Internet-Advertisements,GaussianNB,Yeo-Johnson,6,,14.682482499998514,0.4291682000002765,,,412.0,1412.0,1126.0,1.0,0.7856389179865559,0.2751776748839254,0.3846984284015904,44.0,159.0,123.0,2.0,0.765186555658341,0.2675072288124988,0.3614341041357272,
Internet-Advertisements,GaussianNB,Yeo-Johnson,7,,14.464513799999622,0.3564104000015504,,,413.0,1396.0,1142.0,0.0,0.7793538219070133,0.2694063926940639,0.3822141221204652,44.0,146.0,136.0,2.0,0.7437557816836262,0.2432015810276679,0.330937320741505,
Internet-Advertisements,GaussianNB,Yeo-Johnson,8,,15.50368509999862,0.2752980000004754,,,413.0,1384.0,1154.0,0.0,0.7799448384554768,0.2699346405228758,0.3791078382442058,45.0,164.0,118.0,1.0,0.7897779833487512,0.2816739761469047,0.3887917137116532,
Internet-Advertisements,GaussianNB,Yeo-Johnson,9,,13.75926509999954,0.2607565999987855,,,413.0,1367.0,1171.0,0.0,0.7714736012608353,0.2625556261919898,0.3747450332903722,45.0,147.0,135.0,1.0,0.7544711686709836,0.2505611331516116,0.3485815732127686,
Internet-Advertisements,GaussianNB,Yeo-Johnson,10,,14.336535500000537,0.3238650000002963,,,414.0,1450.0,1088.0,0.0,0.7907801418439717,0.2804878048780488,0.3968289943988839,43.0,160.0,122.0,2.0,0.7675334909377463,0.2593517433825175,0.3603098102442207,
Internet-Advertisements,GaussianNB,Yeo-Johnson + Scaling,1,,26.68670469999961,0.4729993000000831,240.92444705963132,0.3610744476318359,410.0,1878.0,660.0,3.0,0.8741587912161298,0.3933368526150549,0.5287545270474864,44.0,210.0,72.0,2.0,0.867213999383287,0.3824753613453014,0.5092723019222285,
Internet-Advertisements,GaussianNB,Yeo-Johnson + Scaling,2,,14.825022600000011,0.3283491000001959,,,412.0,1882.0,656.0,1.0,0.8730926717764078,0.3908660013633879,0.5336022244039337,42.0,205.0,77.0,4.0,0.8366096207215541,0.3504751871321675,0.4622028672680107,
Internet-Advertisements,GaussianNB,Yeo-Johnson + Scaling,3,,13.535077000000456,0.3266092000012577,,,410.0,1849.0,689.0,3.0,0.8683378267763409,0.3825440194450109,0.5176006772035443,45.0,201.0,81.0,1.0,0.8595050878815911,0.3681868684751163,0.4933298799740795,
Internet-Advertisements,GaussianNB,Yeo-Johnson + Scaling,4,,13.713382900001308,0.4881552000006195,,,409.0,1820.0,718.0,4.0,0.8641468087014428,0.3758519045069963,0.5051503185461473,44.0,204.0,78.0,2.0,0.8423527597903175,0.3593493771026503,0.4884854018963937,
Internet-Advertisements,GaussianNB,Yeo-Johnson + Scaling,5,,13.941197500000271,0.3053778000012244,,,412.0,1864.0,674.0,1.0,0.8723928967347647,0.3894743582064467,0.5266070109485483,43.0,217.0,65.0,3.0,0.8619719395621338,0.3915555378414585,0.5203905515928843,
Internet-Advertisements,GaussianNB,Yeo-Johnson + Scaling,6,,14.510308900000382,0.307213000000047,,,407.0,1880.0,658.0,6.0,0.8731856889087326,0.3917816022419704,0.524613114705074,42.0,207.0,75.0,4.0,0.8554579093432007,0.3692337316623896,0.4690631722596262,
Internet-Advertisements,GaussianNB,Yeo-Johnson + Scaling,7,,14.19614299999921,0.3807121999998344,,,408.0,1895.0,643.0,5.0,0.8773790920383059,0.3993867587409743,0.5321826476424025,45.0,201.0,81.0,1.0,0.8548411964230651,0.3636474445703977,0.4933298799740795,
Internet-Advertisements,GaussianNB,Yeo-Johnson + Scaling,8,,14.471442199999728,0.3979606000011699,,,406.0,1910.0,628.0,7.0,0.8813845528594897,0.4078844863372865,0.534931615637023,42.0,212.0,70.0,4.0,0.864554424915202,0.3833339141511999,0.4868210973051579,
Internet-Advertisements,GaussianNB,Yeo-Johnson + Scaling,9,,13.690464999999676,0.4424056999996537,,,412.0,1761.0,777.0,1.0,0.8527815461641642,0.3560619223317652,0.489076174032987,45.0,195.0,87.0,1.0,0.8470166512488437,0.3500548062816751,0.4742434495708231,
Internet-Advertisements,GaussianNB,Yeo-Johnson + Scaling,10,,13.77522080000017,0.2500614999989921,,,414.0,1788.0,750.0,0.0,0.8559889676910952,0.3615720524017467,0.5005663240091486,42.0,196.0,86.0,3.0,0.8340819542947202,0.3282061370422204,0.4435207032838713,
Internet-Advertisements,GaussianNB,Quantile Transform,1,,10.570188800000324,0.8271931999988738,240.93632411956787,12.207594871520996,229.0,2536.0,2.0,184.0,0.9479843425930696,0.9029233790466438,0.7151516884012531,24.0,281.0,1.0,22.0,0.9565988282454516,0.8935930569530494,0.6781155752373896,
Internet-Advertisements,GaussianNB,Quantile Transform,2,,11.590810100000454,0.9408719999992172,,,245.0,2535.0,3.0,168.0,0.9505053453845376,0.9047727251855252,0.7403239147615611,24.0,282.0,0.0,22.0,0.8774283071230342,0.8185945567405493,0.6956879281429601,
Internet-Advertisements,GaussianNB,Quantile Transform,3,,11.879980200001228,0.8522047999995266,,,340.0,2489.0,49.0,73.0,0.9497502370744346,0.9039157784232892,0.8244779297756138,39.0,277.0,5.0,7.0,0.954054887449892,0.9150741102274276,0.8457579107194398,
Internet-Advertisements,GaussianNB,Quantile Transform,4,,12.1564027000004,0.8559374000014941,,,295.0,2534.0,4.0,118.0,0.9459508449771704,0.894548057041161,0.8194286269873733,34.0,281.0,1.0,12.0,0.9605689176688252,0.91461741042809,0.8273096876530257,
Internet-Advertisements,GaussianNB,Quantile Transform,5,,11.828693999999814,0.8842776000001322,,,273.0,2533.0,5.0,140.0,0.9502606387748832,0.9069108125063128,0.7827359394204143,28.0,282.0,0.0,18.0,0.9802651865556584,0.9468815417876488,0.7564217825019837,
Internet-Advertisements,GaussianNB,Quantile Transform,6,,11.883966500001408,0.9265806000003068,,,227.0,2536.0,2.0,186.0,0.951407850073555,0.9038316614866748,0.7117242078394214,22.0,282.0,0.0,24.0,0.9202898550724636,0.8723623898127603,0.6638902116530487,
Internet-Advertisements,GaussianNB,Quantile Transform,7,,12.168614300000629,0.7713748999995005,,,279.0,2533.0,5.0,134.0,0.9493137720689108,0.8987222425704674,0.7923844575454431,31.0,282.0,0.0,15.0,0.92190872648782,0.8659178940688118,0.7999231407962761,
Internet-Advertisements,GaussianNB,Quantile Transform,8,,12.206884999999602,0.7335863999996945,,,294.0,2522.0,16.0,119.0,0.9472731192889866,0.8963416579882942,0.7983436595626786,30.0,279.0,3.0,16.0,0.9402559358618564,0.8784637183684497,0.7405532010604257,
Internet-Advertisements,GaussianNB,Quantile Transform,9,,12.34677130000091,0.7051888999994844,,,295.0,2532.0,6.0,118.0,0.9462842756207344,0.9036986543289172,0.8161065229662359,34.0,281.0,1.0,12.0,0.94472710453284,0.8819937511899717,0.8273096876530257,
Internet-Advertisements,GaussianNB,Quantile Transform,10,,11.744109900000694,0.7602889999998297,,,296.0,2531.0,7.0,118.0,0.9485772775550758,0.8983218686696949,0.8148853125155066,34.0,280.0,2.0,11.0,0.9478329393223012,0.9137346022384206,0.8237655188601344,
Internet-Advertisements,GaussianNB,Quantile Transform + Scaling,1,,10.612654900000052,0.8494267000005493,240.9264211654663,12.243550300598145,229.0,2536.0,2.0,184.0,0.9479843425930696,0.9029233790466438,0.7151516884012531,24.0,281.0,1.0,22.0,0.9565988282454516,0.8935930569530494,0.6781155752373896,
Internet-Advertisements,GaussianNB,Quantile Transform + Scaling,2,,12.478769600000303,1.0029390999989118,,,245.0,2535.0,3.0,168.0,0.9505053453845376,0.9047727251855252,0.7403239147615611,24.0,282.0,0.0,22.0,0.8774283071230342,0.8185945567405493,0.6956879281429601,
Internet-Advertisements,GaussianNB,Quantile Transform + Scaling,3,,12.44413380000151,0.9475046999996266,,,340.0,2489.0,49.0,73.0,0.9497502370744346,0.9039157784232892,0.8244779297756138,39.0,277.0,5.0,7.0,0.954054887449892,0.9150741102274276,0.8457579107194398,
Internet-Advertisements,GaussianNB,Quantile Transform + Scaling,4,,12.606800300000032,1.0292119000005189,,,295.0,2534.0,4.0,118.0,0.9459508449771704,0.894548057041161,0.8194286269873733,34.0,281.0,1.0,12.0,0.9605689176688252,0.91461741042809,0.8273096876530257,
Internet-Advertisements,GaussianNB,Quantile Transform + Scaling,5,,12.877771100000244,0.8932342999996763,,,273.0,2533.0,5.0,140.0,0.9502606387748832,0.9069108125063128,0.7827359394204143,28.0,282.0,0.0,18.0,0.9802651865556584,0.9468815417876488,0.7564217825019837,
Internet-Advertisements,GaussianNB,Quantile Transform + Scaling,6,,12.575530100000831,0.9268480999999156,,,227.0,2536.0,2.0,186.0,0.951407850073555,0.9038316614866748,0.7117242078394214,22.0,282.0,0.0,24.0,0.9202898550724636,0.8723623898127603,0.6638902116530487,
Internet-Advertisements,GaussianNB,Quantile Transform + Scaling,7,,12.178630099999282,0.9187076999987768,,,279.0,2533.0,5.0,134.0,0.9493137720689108,0.8987222425704674,0.7923844575454431,31.0,282.0,0.0,15.0,0.92190872648782,0.8659178940688118,0.7999231407962761,
Internet-Advertisements,GaussianNB,Quantile Transform + Scaling,8,,12.283263600000282,0.7391602000006969,,,294.0,2522.0,16.0,119.0,0.9472731192889864,0.8963416579882942,0.7983436595626786,30.0,279.0,3.0,16.0,0.9402559358618564,0.8784637183684497,0.7405532010604257,
Internet-Advertisements,GaussianNB,Quantile Transform + Scaling,9,,12.535519999999453,1.016711199999918,,,295.0,2532.0,6.0,118.0,0.9462842756207344,0.9036986543289172,0.8161065229662359,34.0,281.0,1.0,12.0,0.94472710453284,0.8819937511899717,0.8273096876530257,
Internet-Advertisements,GaussianNB,Quantile Transform + Scaling,10,,12.436417000000802,0.8844085999990057,,,296.0,2531.0,7.0,118.0,0.9485772775550758,0.8983218686696949,0.8148853125155066,34.0,280.0,2.0,11.0,0.9478329393223012,0.9137346022384206,0.8237655188601344,
Internet-Advertisements,GaussianNB,Uniform Binning,1,,3.3896691000009014,0.4332588000015676,240.9346809387207,0.4589805603027344,409.0,1926.0,612.0,4.0,0.8745900091013686,0.3980633482549967,0.5464060441453871,43.0,218.0,64.0,3.0,0.8539161270428616,0.3848066421541907,0.5242588768364898,
Internet-Advertisements,GaussianNB,Uniform Binning,2,,2.2235452000004443,0.3504584999991493,,,410.0,1921.0,617.0,3.0,0.874815635273623,0.3973377260282285,0.545985078385067,41.0,208.0,74.0,5.0,0.8144465001541781,0.3330132786204988,0.4576584749688141,
Internet-Advertisements,GaussianNB,Uniform Binning,3,,2.67584369999895,0.4006004000002576,,,408.0,1918.0,620.0,5.0,0.8717890008910565,0.3937765711422953,0.5414743443903539,45.0,218.0,64.0,1.0,0.8756552574776442,0.4069179468220689,0.5538442237546842,
Internet-Advertisements,GaussianNB,Uniform Binning,4,,2.617629100001068,0.3352477000007638,,,410.0,1913.0,625.0,3.0,0.8732395911443875,0.3942743743645577,0.5427134791723046,40.0,211.0,71.0,6.0,0.8088960838729571,0.3316495180227948,0.4533718089018957,
Internet-Advertisements,GaussianNB,Uniform Binning,5,,2.833071299999574,0.4011200000004464,,,411.0,1928.0,610.0,2.0,0.8774053276397309,0.4012748815417743,0.5505126861491234,41.0,220.0,62.0,5.0,0.8357230958988591,0.3700349535154279,0.5023481573784202,
Internet-Advertisements,GaussianNB,Uniform Binning,6,,2.728688000001057,0.2960969999985536,,,408.0,1916.0,622.0,5.0,0.8714093001867975,0.393015246423381,0.540656352288646,40.0,217.0,65.0,6.0,0.8195343817452974,0.3495556228854214,0.4756680479001803,
Internet-Advertisements,GaussianNB,Uniform Binning,7,,2.7445133999990503,0.3443982000007963,,,412.0,1920.0,618.0,1.0,0.8770399372635218,0.3993703451778566,0.548852807523967,42.0,202.0,80.0,4.0,0.8146777674992292,0.3265215652869287,0.4521536078324442,
Internet-Advertisements,GaussianNB,Uniform Binning,8,,2.7356591999996454,0.2128027999988262,,,407.0,1911.0,627.0,6.0,0.8692136188529985,0.3899318232694989,0.5369788947185841,41.0,213.0,69.0,5.0,0.8233117483811286,0.3474573411742023,0.4755874244380788,
Internet-Advertisements,GaussianNB,Uniform Binning,9,,2.6556615000008605,0.3172058000000106,,,403.0,1921.0,617.0,10.0,0.8663410590024365,0.3889201825386663,0.5344969165055877,43.0,216.0,66.0,3.0,0.8503700277520815,0.3779137926002316,0.5165651543125467,
Internet-Advertisements,GaussianNB,Uniform Binning,10,,2.8687606999992568,0.2070399999993242,,,410.0,1938.0,600.0,4.0,0.8769657724329325,0.4033734762659723,0.5518138473227859,41.0,209.0,73.0,4.0,0.8261229314420804,0.3399127277929789,0.4715197809657948,
Internet-Advertisements,GaussianNB,Uniform Binning + Scaling,1,,3.460525600001347,0.4662052999992738,240.9299144744873,0.4949598312377929,407.0,1926.0,612.0,6.0,0.8721687015953152,0.3956418126834513,0.5431252886960573,43.0,218.0,64.0,3.0,0.8539161270428616,0.3848066421541907,0.5242588768364898,
Internet-Advertisements,GaussianNB,Uniform Binning + Scaling,2,,2.4610587999995914,0.3886110999992525,,,410.0,1918.0,620.0,3.0,0.8742246187251597,0.3961833926646729,0.5447545799063065,41.0,204.0,78.0,5.0,0.8073543015726179,0.3223319550513737,0.4439419011798504,
Internet-Advertisements,GaussianNB,Uniform Binning + Scaling,3,,2.4982699999982287,0.3624424999998155,,,407.0,1912.0,626.0,6.0,0.869410624369153,0.3903073301564184,0.537385259974275,45.0,219.0,63.0,1.0,0.8774283071230342,0.4106574761399788,0.5577565982046325,
Internet-Advertisements,GaussianNB,Uniform Binning + Scaling,4,,2.603685200001564,0.3281784999999217,,,410.0,1913.0,625.0,3.0,0.8732395911443875,0.3942743743645577,0.5427134791723046,40.0,212.0,70.0,6.0,0.8106691335183471,0.3344982165236672,0.456990300544935,
Internet-Advertisements,GaussianNB,Uniform Binning + Scaling,5,,2.782203800001298,0.3589336999993975,,,411.0,1928.0,610.0,2.0,0.8774053276397309,0.4012748815417743,0.5505126861491234,42.0,220.0,62.0,4.0,0.8465926611162504,0.380924218941186,0.5172638755612283,
Internet-Advertisements,GaussianNB,Uniform Binning + Scaling,6,,2.666155499999149,0.2814498000007006,,,407.0,1916.0,622.0,6.0,0.8701986464337708,0.3918166561858635,0.5390155295728832,40.0,217.0,65.0,6.0,0.8195343817452974,0.3495556228854214,0.4756680479001803,
Internet-Advertisements,GaussianNB,Uniform Binning + Scaling,7,,2.88869429999977,0.2590283999998064,,,411.0,1920.0,618.0,2.0,0.8758292835104952,0.3981604236589272,0.5472138329837151,42.0,203.0,79.0,4.0,0.8164508171446192,0.3291193044880502,0.4554721523027747,
Internet-Advertisements,GaussianNB,Uniform Binning + Scaling,8,,2.798532400000113,0.2956541000003199,,,407.0,1911.0,627.0,6.0,0.8692136188529985,0.3899318232694989,0.5369788947185841,40.0,213.0,69.0,6.0,0.8124421831637372,0.3373991847218033,0.4606465501493403,
Internet-Advertisements,GaussianNB,Uniform Binning + Scaling,9,,2.885121999999683,0.2325689000008424,,,402.0,1921.0,617.0,11.0,0.86513040524941,0.3877245845348058,0.5328539340162782,43.0,216.0,66.0,3.0,0.8503700277520815,0.3779137926002316,0.5165651543125467,
Internet-Advertisements,GaussianNB,Uniform Binning + Scaling,10,,2.7211129999996047,0.2163729000003513,,,410.0,1936.0,602.0,4.0,0.8765717614006235,0.4025789733752295,0.5509759008405206,41.0,208.0,74.0,4.0,0.8243498817966902,0.3370633337765368,0.4680127666087825,
Internet-Advertisements,GaussianNB,Quantile Binning,1,,3.8646343000000334,0.4439201999994111,240.9231967926025,0.4550533294677734,348.0,2101.0,437.0,65.0,0.920114024693902,0.8290466881799777,0.5263948589567838,37.0,238.0,44.0,9.0,0.917900092506938,0.7673841061388668,0.5220373059078108,
Internet-Advertisements,GaussianNB,Quantile Binning,2,,2.6196249000004173,0.3523170999997091,,,397.0,1334.0,1204.0,16.0,0.925563874626262,0.8276803887435229,0.3390557534989981,42.0,131.0,151.0,4.0,0.8540703052728955,0.7550588444994288,0.2664218085145649,
Internet-Advertisements,GaussianNB,Quantile Binning,3,,2.869598799999949,0.362466200000199,,,396.0,1379.0,1159.0,17.0,0.9170568616114956,0.8127241532426546,0.3489566381565674,45.0,149.0,133.0,1.0,0.9467314215232808,0.8906517115580349,0.3531331220852242,
Internet-Advertisements,GaussianNB,Quantile Binning,4,,2.904461200001606,0.3332742000002326,,,351.0,2085.0,453.0,62.0,0.925540978101382,0.819840075847644,0.5231821393914073,42.0,234.0,48.0,4.0,0.9527443724946038,0.8958290728697373,0.5780742016572369,
Internet-Advertisements,GaussianNB,Quantile Binning,5,,2.8298975999987306,0.3094860000001063,,,373.0,1621.0,917.0,40.0,0.9221265338286616,0.8283081531070526,0.378976160739521,42.0,190.0,92.0,4.0,0.9418748072772124,0.8592918022283326,0.4145167128119966,
Internet-Advertisements,GaussianNB,Quantile Binning,6,,2.912140399999771,0.2990669999999227,,,317.0,2418.0,120.0,96.0,0.9220311316416616,0.826275877412747,0.703549580698521,31.0,267.0,15.0,15.0,0.8753469010175763,0.7678743441297267,0.6207215541165587,
Internet-Advertisements,GaussianNB,Quantile Binning,7,,2.9645732999997563,0.3228985000005195,,,351.0,2145.0,393.0,62.0,0.9252647887700176,0.8286075060487774,0.5553136834388095,36.0,239.0,43.0,10.0,0.8953900709219857,0.7996011401862392,0.5117029776502413,
Internet-Advertisements,GaussianNB,Quantile Binning,8,,3.114460099999633,0.312434999999823,,,388.0,1446.0,1092.0,25.0,0.9193884910617692,0.8190300585168544,0.353328143855951,43.0,149.0,133.0,3.0,0.9152019734813444,0.8184759256233021,0.3225138176583675,
Internet-Advertisements,GaussianNB,Quantile Binning,9,,2.898007800000414,0.2492977000001701,,,404.0,842.0,1696.0,9.0,0.919714766541308,0.83113501129827,0.2373885654552968,46.0,82.0,200.0,0.0,0.9264569842738204,0.8122724976012223,0.2331813081244481,
Internet-Advertisements,GaussianNB,Quantile Binning,10,,2.952658399999564,0.20798029999969,,,392.0,1441.0,1097.0,22.0,0.9248542920554432,0.8247932477535344,0.35741386757601,42.0,160.0,122.0,3.0,0.9299448384554768,0.8302848380726562,0.3449853661385079,
Internet-Advertisements,GaussianNB,Quantile Binning + Scaling,1,,3.9463520999997854,0.4497806999988825,240.9246530532837,0.491032600402832,348.0,2101.0,437.0,65.0,0.920114024693902,0.8290466881799777,0.5263948589567838,37.0,238.0,44.0,9.0,0.917900092506938,0.7673841061388668,0.5220373059078108,
Internet-Advertisements,GaussianNB,Quantile Binning + Scaling,2,,2.6901729999990494,0.3530656999992061,,,397.0,1334.0,1204.0,16.0,0.925563874626262,0.8276803887435229,0.3390557534989981,42.0,131.0,151.0,4.0,0.8540703052728955,0.7550588444994288,0.2664218085145649,
Internet-Advertisements,GaussianNB,Quantile Binning + Scaling,3,,3.007227800000692,0.312664400000358,,,396.0,1379.0,1159.0,17.0,0.9170568616114956,0.8127241532426546,0.3489566381565674,45.0,149.0,133.0,1.0,0.9467314215232808,0.8906517115580349,0.3531331220852242,
Internet-Advertisements,GaussianNB,Quantile Binning + Scaling,4,,2.9463203999985126,0.3224976000001334,,,351.0,2085.0,453.0,62.0,0.925540978101382,0.819840075847644,0.5231821393914073,42.0,234.0,48.0,4.0,0.9527443724946038,0.8958290728697373,0.5780742016572369,
Internet-Advertisements,GaussianNB,Quantile Binning + Scaling,5,,3.2160953000002337,0.3458475999996153,,,373.0,1621.0,917.0,40.0,0.9221265338286616,0.8283081531070526,0.378976160739521,42.0,190.0,92.0,4.0,0.9418748072772124,0.8592918022283326,0.4145167128119966,
Internet-Advertisements,GaussianNB,Quantile Binning + Scaling,6,,3.001928100000441,0.288627699999779,,,317.0,2418.0,120.0,96.0,0.9220311316416616,0.826275877412747,0.703549580698521,31.0,267.0,15.0,15.0,0.8753469010175763,0.7678743441297267,0.6207215541165587,
Internet-Advertisements,GaussianNB,Quantile Binning + Scaling,7,,3.2167074000008142,0.3057166999988112,,,351.0,2145.0,393.0,62.0,0.9252647887700176,0.8286075060487774,0.5553136834388095,36.0,239.0,43.0,10.0,0.8953900709219857,0.7996011401862392,0.5117029776502413,
Internet-Advertisements,GaussianNB,Quantile Binning + Scaling,8,,3.096145299999989,0.257404600000882,,,388.0,1446.0,1092.0,25.0,0.9193884910617692,0.8190300585168544,0.353328143855951,43.0,149.0,133.0,3.0,0.9152019734813444,0.8184759256233021,0.3225138176583675,
Internet-Advertisements,GaussianNB,Quantile Binning + Scaling,9,,3.067695800000365,0.2286026000001584,,,404.0,842.0,1696.0,9.0,0.919714766541308,0.83113501129827,0.2373885654552968,46.0,82.0,200.0,0.0,0.9264569842738204,0.8122724976012223,0.2331813081244481,
Internet-Advertisements,GaussianNB,Quantile Binning + Scaling,10,,3.103339599998435,0.2612135999988823,,,392.0,1441.0,1097.0,22.0,0.9248542920554432,0.8247932477535344,0.35741386757601,42.0,160.0,122.0,3.0,0.9299448384554768,0.8302848380726562,0.3449853661385079,
Internet-Advertisements,GaussianNB,SMOTE,1,,3.8302956000006816,0.4302991000004112,253.46064853668213,5.2227888107299805,364.0,2498.0,40.0,49.0,0.9819818659522952,0.8797984987845949,0.8736362883758867,41.0,276.0,6.0,5.0,0.9738282454517422,0.8561400126689906,0.862252549210339,
Internet-Advertisements,GaussianNB,SMOTE,2,,2.905622599999333,0.3865421999998943,,,373.0,2494.0,44.0,40.0,0.9810769762086028,0.870455466408868,0.8822479869314969,38.0,274.0,8.0,8.0,0.9485430157261794,0.7619876874731882,0.797718162195498,
Internet-Advertisements,GaussianNB,SMOTE,3,,2.2720967999994173,0.3845372000014322,,,368.0,2491.0,47.0,45.0,0.9809973153824578,0.8660781276622164,0.870760797273468,43.0,275.0,7.0,3.0,0.9794942954054888,0.8399576135439513,0.8790596193940847,
Internet-Advertisements,GaussianNB,SMOTE,4,,2.841607500000464,0.3147000999997544,,,370.0,2495.0,43.0,43.0,0.98200905557559,0.877359675571548,0.8789413028504266,40.0,277.0,5.0,6.0,0.963613937711995,0.8306049474896029,0.8597245596820413,
Internet-Advertisements,GaussianNB,SMOTE,5,,2.9028328000003967,0.3770936000000802,,,366.0,2497.0,41.0,47.0,0.98204530840665,0.876369134250516,0.8753995929884659,42.0,276.0,6.0,4.0,0.9622263336416896,0.8688608610026148,0.8761030163791109,
Internet-Advertisements,GaussianNB,SMOTE,6,,2.9393282999990333,0.4526657000005798,,,373.0,2490.0,48.0,40.0,0.980583746901814,0.8687282976257271,0.8771771521112496,38.0,276.0,6.0,8.0,0.950123342584027,0.7993427260187745,0.8199955969456679,
Internet-Advertisements,GaussianNB,SMOTE,7,,2.95342410000012,0.3583054999999149,,,365.0,2499.0,39.0,48.0,0.98200142340063,0.8814497873161015,0.876477759321931,43.0,273.0,9.0,3.0,0.9815371569534382,0.822154862257837,0.8583637745709013,
Internet-Advertisements,GaussianNB,SMOTE,8,,2.8666580000008253,0.3333141000002797,,,368.0,2499.0,39.0,45.0,0.9829277786363976,0.884202787460743,0.8810648890742336,40.0,272.0,10.0,6.0,0.9761023743447426,0.8114162868961885,0.805779827333446,
Internet-Advertisements,GaussianNB,SMOTE,9,,3.1464149999992514,0.3541777999998885,,,369.0,2495.0,43.0,44.0,0.9823062333880942,0.8800536795898593,0.8774102508769069,41.0,277.0,5.0,5.0,0.980881899475794,0.8781228721718463,0.8735738513721862,
Internet-Advertisements,GaussianNB,SMOTE,10,,2.891331699998773,0.3516970000000583,,,368.0,2495.0,43.0,46.0,0.9818607408930156,0.8748458333501982,0.8746061606355795,38.0,273.0,9.0,7.0,0.940780141843972,0.7474883401413518,0.7978881795118148,
Internet-Advertisements,GaussianNB,SMOTE + Scaling,1,,3.911200100001224,0.4507369000002654,253.5109062194824,5.258766174316406,406.0,1932.0,606.0,7.0,0.8730530798688028,0.3973920464308133,0.5439739684998975,43.0,219.0,63.0,3.0,0.8556891766882517,0.3883506072550471,0.5281711751731626,
Internet-Advertisements,GaussianNB,SMOTE + Scaling,2,,2.7057917000001908,0.3814841000003071,,,409.0,1930.0,608.0,4.0,0.8762900760737039,0.4002599691571477,0.5480636152602617,41.0,208.0,74.0,5.0,0.8144465001541781,0.3330132786204988,0.4576584749688141,
Internet-Advertisements,GaussianNB,SMOTE + Scaling,3,,2.8329128000004857,0.3793904999984079,,,407.0,1925.0,613.0,6.0,0.8719716960791609,0.3952559218956064,0.5427120976367074,45.0,217.0,65.0,1.0,0.873882207832254,0.4032464089463029,0.5499759200106538,
Internet-Advertisements,GaussianNB,SMOTE + Scaling,4,,3.15255100000104,0.4033629000005021,,,409.0,1915.0,623.0,4.0,0.8751566980921471,0.3956999954540033,0.5418884924068581,40.0,211.0,71.0,6.0,0.8088960838729571,0.3316495180227948,0.4533718089018957,
Internet-Advertisements,GaussianNB,SMOTE + Scaling,5,,3.165652899999259,0.4331236999987595,,,411.0,1929.0,609.0,2.0,0.8776023331558852,0.4016676238409716,0.550927278767827,43.0,220.0,62.0,3.0,0.8574622263336418,0.3919620764530627,0.5321285254796468,
Internet-Advertisements,GaussianNB,SMOTE + Scaling,6,,3.062874900000679,0.297302100001616,,,411.0,1913.0,625.0,2.0,0.8746434343260885,0.3958561761963279,0.5443530774084173,40.0,214.0,68.0,6.0,0.8142152328091272,0.3403538745532383,0.4643414816752619,
Internet-Advertisements,GaussianNB,SMOTE + Scaling,7,,3.009474400001636,0.2881340000003547,,,413.0,1917.0,621.0,0.0,0.8776595744680851,0.3994197292069632,0.5492625692079509,42.0,202.0,80.0,4.0,0.8146777674992292,0.3265215652869287,0.4521536078324442,
Internet-Advertisements,GaussianNB,SMOTE + Scaling,8,,3.248406700000487,0.2164011999993818,,,407.0,1915.0,623.0,6.0,0.8700016409176163,0.3914382256546944,0.5386072384798157,42.0,214.0,68.0,4.0,0.83595436324391,0.3608117227417333,0.4941845483312225,
Internet-Advertisements,GaussianNB,SMOTE + Scaling,9,,3.088412299999618,0.3526880000008532,,,405.0,1926.0,612.0,8.0,0.8706627780735245,0.3938539345471331,0.5398427097829152,43.0,217.0,65.0,3.0,0.8521430773974714,0.3813283060366835,0.5203905515928843,
Internet-Advertisements,GaussianNB,SMOTE + Scaling,10,,3.0909334999996645,0.2014650000000983,,,410.0,1946.0,592.0,4.0,0.8794678376598409,0.4072342353940519,0.5551862102689052,41.0,212.0,70.0,4.0,0.8314420803782505,0.3487689524386772,0.482258718756821,
Internet-Advertisements,GaussianNB,Select Percentile (MI),1,,19.43098409999948,0.4100059000011242,240.9257287979126,0.2930097579956054,338.0,2518.0,20.0,75.0,0.9769079006367142,0.896228840090299,0.8612767396159952,40.0,278.0,4.0,6.0,0.965386987357385,0.8616982141733485,0.8715202244932119,
Internet-Advertisements,GaussianNB,Select Percentile (MI),2,,17.204053999999815,0.2492583000002923,,,349.0,2517.0,21.0,64.0,0.9841193519520244,0.9132555510588296,0.8766534884614463,36.0,278.0,4.0,10.0,0.9566759173604688,0.837330634522008,0.8154142930971077,
Internet-Advertisements,GaussianNB,Select Percentile (MI),3,,17.000292499998977,0.306110899999112,,,344.0,2513.0,25.0,69.0,0.983073743982507,0.9003002906571275,0.8633190438316385,40.0,279.0,3.0,6.0,0.9822695035460992,0.8990924540807321,0.8836962790513284,
Internet-Advertisements,GaussianNB,Select Percentile (MI),4,,17.772872699999425,0.3146435999988171,,,349.0,2514.0,24.0,64.0,0.982729342087438,0.9066708077259796,0.8723947174990324,37.0,277.0,5.0,9.0,0.9542090656799258,0.8303310625211872,0.8174464613951145,
Internet-Advertisements,GaussianNB,Select Percentile (MI),5,,17.082240300000194,0.3261707999990904,,,340.0,2513.0,25.0,73.0,0.9758918673451672,0.8899428814104188,0.8571587329759497,38.0,280.0,2.0,8.0,0.944881282762874,0.8822450120093633,0.8690771920007697,
Internet-Advertisements,GaussianNB,Select Percentile (MI),6,,17.16675369999939,0.2587690000000293,,,340.0,2521.0,17.0,73.0,0.9760492809537168,0.9100857093695588,0.8687255412663595,36.0,279.0,3.0,10.0,0.946885599753315,0.8303515257671282,0.8281764793926392,
Internet-Advertisements,GaussianNB,Select Percentile (MI),7,,17.247137700000167,0.2440560000013647,,,341.0,2513.0,25.0,72.0,0.9767070790330796,0.8959548878392453,0.8587010921735041,41.0,274.0,8.0,5.0,0.9642691951896392,0.8341635429848916,0.8405851065348231,
Internet-Advertisements,GaussianNB,Select Percentile (MI),8,,17.1142906999994,0.2162817000007635,,,346.0,2510.0,28.0,67.0,0.9757969421691024,0.8839451687152747,0.8621777703363978,35.0,275.0,7.0,11.0,0.9542476102374344,0.7810676919412914,0.7648940428655971,
Internet-Advertisements,GaussianNB,Select Percentile (MI),9,,17.092183099999602,0.3019437000002654,,,339.0,2512.0,26.0,74.0,0.9780889797117708,0.8921009429800708,0.8541919369930833,37.0,277.0,5.0,9.0,0.962881591119334,0.8319406556996505,0.8174464613951145,
Internet-Advertisements,GaussianNB,Select Percentile (MI),10,,17.00129670000024,0.1916551999984221,,,356.0,2509.0,29.0,58.0,0.9799820506085282,0.8903387354957557,0.8748685126805316,36.0,275.0,7.0,9.0,0.9335697399527187,0.7689826251396158,0.7902026149626169,
Internet-Advertisements,GaussianNB,Select Percentile (MI) + Scaling,1,,19.51987199999894,0.4121214999995573,240.9494743347168,0.3111495971679687,401.0,1782.0,756.0,12.0,0.8509970482563342,0.3556103399240782,0.4783044708301713,45.0,203.0,79.0,1.0,0.8588112858464384,0.376114366338947,0.4999274890406869,
Internet-Advertisements,GaussianNB,Select Percentile (MI) + Scaling,2,,17.029620400000567,0.2857201000006171,,,411.0,1808.0,730.0,2.0,0.8734556770979419,0.3920400635368221,0.5040610894878076,40.0,194.0,88.0,6.0,0.8026518655565833,0.3154650044229189,0.3968578404721886,
Internet-Advertisements,GaussianNB,Select Percentile (MI) + Scaling,3,,17.138524100000723,0.3227339000004576,,,412.0,1754.0,784.0,1.0,0.8455600776192194,0.3450536982074251,0.4866653193833866,46.0,187.0,95.0,0.0,0.8315602836879432,0.3262411347517731,0.4651206363707686,
Internet-Advertisements,GaussianNB,Select Percentile (MI) + Scaling,4,,17.200309099998776,0.2669753999998647,,,411.0,1764.0,774.0,2.0,0.8474647822826691,0.3486949886862797,0.4884687258824307,44.0,196.0,86.0,2.0,0.8303268578476719,0.3374909194145005,0.4625426104583309,
Internet-Advertisements,GaussianNB,Select Percentile (MI) + Scaling,5,,17.188268300000345,0.2816665000009379,,,407.0,1756.0,782.0,6.0,0.8439563668557537,0.3428049618429361,0.4791192659083701,43.0,205.0,77.0,3.0,0.8304039469626889,0.3441101095793566,0.4770500530191159,
Internet-Advertisements,GaussianNB,Select Percentile (MI) + Scaling,6,,17.3885281999992,0.294072500000766,,,404.0,1778.0,760.0,9.0,0.8591534582338766,0.3669233753050383,0.4818348540546706,40.0,207.0,75.0,6.0,0.8085491828553808,0.3379239634628844,0.4392578890666603,
Internet-Advertisements,GaussianNB,Select Percentile (MI) + Scaling,7,,17.294886400000905,0.2435597000003326,,,409.0,1763.0,775.0,4.0,0.8499466701774672,0.351697303916122,0.4848300419015824,43.0,183.0,99.0,3.0,0.7959065679925996,0.2983236952325732,0.4090783456849308,
Internet-Advertisements,GaussianNB,Select Percentile (MI) + Scaling,8,,17.3696486000008,0.2249283000001014,,,407.0,1793.0,745.0,6.0,0.850396491489171,0.3548895687226993,0.4920889858627742,42.0,196.0,86.0,4.0,0.8098982423681776,0.3213404911571124,0.4328560074176747,
Internet-Advertisements,GaussianNB,Select Percentile (MI) + Scaling,9,,17.148283999998966,0.2374020000006567,,,405.0,1760.0,778.0,8.0,0.8423264204908634,0.3420821711613401,0.4772045154856142,45.0,195.0,87.0,1.0,0.8363012642614863,0.3390925906437956,0.4742434495708231,
Internet-Advertisements,GaussianNB,Select Percentile (MI) + Scaling,10,,16.922092500000872,0.2299800999990111,,,412.0,1726.0,812.0,2.0,0.8405996962117838,0.3385103013241168,0.4759227845944075,41.0,185.0,97.0,4.0,0.7827817178881009,0.2829248474641374,0.3955945013084864,
Internet-Advertisements,GaussianNB,Random Undersampling,1,,3.4413234000003285,0.429506800001036,240.9275302886963,0.3196640014648437,362.0,2424.0,114.0,51.0,0.966116005243304,0.7430041231151007,0.7844082983720863,40.0,270.0,12.0,6.0,0.9431082331174838,0.7305345617492897,0.7862471459696575,
Internet-Advertisements,GaussianNB,Random Undersampling,2,,1.915303199999471,0.3773314999998547,,,371.0,2423.0,115.0,42.0,0.9646215299839532,0.7426312806479132,0.7978846700217512,37.0,268.0,14.0,9.0,0.9417206290471783,0.680196746189655,0.7231930589472277,
Internet-Advertisements,GaussianNB,Random Undersampling,3,,1.9989456000002972,0.3197756999998091,,,355.0,2437.0,101.0,58.0,0.9647913458768128,0.751718679620542,0.7868549047962718,40.0,269.0,13.0,6.0,0.9609929078014184,0.7317464503631043,0.7768636874569591,
Internet-Advertisements,GaussianNB,Random Undersampling,4,,2.116141200000129,0.3304806999985885,,,359.0,2424.0,114.0,54.0,0.9645533174202486,0.743179876494653,0.7795461745399378,40.0,269.0,13.0,6.0,0.946577243293247,0.7101748387967899,0.7768636874569591,
Internet-Advertisements,GaussianNB,Random Undersampling,5,,2.1005897000013647,0.2754975000007107,,,365.0,2413.0,125.0,48.0,0.9626323943850088,0.7273369865326988,0.7780487103410514,42.0,268.0,14.0,4.0,0.9456521739130436,0.7276797172162317,0.7967757121259313,
Internet-Advertisements,GaussianNB,Random Undersampling,6,,2.187337699999261,0.3176115000005666,,,369.0,2415.0,123.0,44.0,0.9664689933352032,0.7478848855174843,0.7865299631794639,38.0,262.0,20.0,8.0,0.9411424606845512,0.6450251175901718,0.6873048801501737,
Internet-Advertisements,GaussianNB,Random Undersampling,7,,2.235604700001204,0.3129076000004716,,,375.0,2407.0,131.0,38.0,0.9630979570575676,0.7261512176470533,0.7882610344536871,46.0,267.0,15.0,0.0,0.973404255319149,0.7540983606557377,0.8449773640324579,
Internet-Advertisements,GaussianNB,Random Undersampling,8,,2.285142599999745,0.2448945000014646,,,374.0,2417.0,121.0,39.0,0.9648905641512926,0.7381283530072754,0.7965948944207166,42.0,259.0,23.0,4.0,0.9369025593586184,0.6393269666278588,0.7243065179526776,
Internet-Advertisements,GaussianNB,Random Undersampling,9,,2.114678500000082,0.2393044000000372,,,363.0,2430.0,108.0,50.0,0.9669436192155269,0.7512895404493831,0.7922986649017475,42.0,270.0,12.0,4.0,0.9687789084181312,0.7588137448577029,0.8150706186731059,
Internet-Advertisements,GaussianNB,Random Undersampling,10,,2.1853959999989456,0.2141780000001745,,,365.0,2453.0,85.0,49.0,0.9729017484953346,0.7942534425152584,0.8193501591965273,36.0,271.0,11.0,9.0,0.9332545311268716,0.7087204096449151,0.7472802007124038,
Internet-Advertisements,GaussianNB,Random Undersampling + Scaling,1,,3.4400176999988616,0.4463663999995333,240.92963218688965,0.3556394577026367,410.0,1838.0,700.0,3.0,0.859337107443851,0.368258156889946,0.5134618820542218,44.0,207.0,75.0,2.0,0.8452821461609621,0.3597694645196361,0.4987247994443315,
Internet-Advertisements,GaussianNB,Random Undersampling + Scaling,2,,2.1776653999986597,0.3430055000007996,,,412.0,1817.0,721.0,1.0,0.8567440760011982,0.3630947563598949,0.5089802519675184,45.0,190.0,92.0,1.0,0.8259327782917052,0.3243753434836792,0.4590788061874811,
Internet-Advertisements,GaussianNB,Random Undersampling + Scaling,3,,2.216030599998703,0.30942049999976,,,413.0,1759.0,779.0,0.0,0.8465327029156816,0.3464765100671141,0.4900315123139519,46.0,191.0,91.0,0.0,0.8386524822695035,0.3357664233576642,0.476881814987374,
Internet-Advertisements,GaussianNB,Random Undersampling + Scaling,4,,2.106208900000638,0.3686073000008036,,,411.0,1796.0,742.0,2.0,0.8514005995073431,0.3554129360396747,0.4997396762472743,43.0,205.0,77.0,3.0,0.8308664816527908,0.3441101095793566,0.4770500530191159,
Internet-Advertisements,GaussianNB,Random Undersampling + Scaling,5,,2.105732800000624,0.3556310000003577,,,413.0,1865.0,673.0,0.0,0.8674152876280535,0.3802946593001841,0.5286323327799574,44.0,213.0,69.0,2.0,0.8559204440333026,0.3785485036458675,0.5201492163418518,
Internet-Advertisements,GaussianNB,Random Undersampling + Scaling,6,,2.4139292999989266,0.3812999000001582,,,413.0,1812.0,726.0,0.0,0.8569739952718677,0.3625987708516242,0.5087992372470161,44.0,206.0,76.0,2.0,0.843432007400555,0.3568221986567692,0.4952784334233878,
Internet-Advertisements,GaussianNB,Random Undersampling + Scaling,7,,2.3467817999990075,0.3296062000008533,,,413.0,1841.0,697.0,0.0,0.8626871552403468,0.372072072072072,0.5195108494809345,45.0,191.0,91.0,1.0,0.8277829170521122,0.3267380387998253,0.4620614248238985,
Internet-Advertisements,GaussianNB,Random Undersampling + Scaling,8,,2.352715899998657,0.2363090999988344,,,411.0,1803.0,735.0,2.0,0.8535628900756921,0.3588298250033089,0.5022540284883928,44.0,195.0,87.0,2.0,0.8257015109466543,0.3298433803736031,0.4594276772070798,
Internet-Advertisements,GaussianNB,Random Undersampling + Scaling,9,,2.230047700000796,0.3494279000005917,,,410.0,1849.0,689.0,3.0,0.861513231329315,0.3719389233159793,0.5176006772035443,45.0,202.0,80.0,1.0,0.847286463151403,0.3552226935312831,0.496613241829222,
Internet-Advertisements,GaussianNB,Random Undersampling + Scaling,10,,2.2686821000006603,0.1997179999998479,,,414.0,1806.0,732.0,0.0,0.8557919621749409,0.3612565445026178,0.5070151374803819,42.0,197.0,85.0,3.0,0.8157210401891253,0.3178357292494402,0.4466553539290666,
Internet-Advertisements,LogisticRegression,Baseline,1,False,5.486345400000573,0.4397428000011132,240.92380142211917,0.2774686813354492,342.0,2529.0,9.0,71.0,0.979453707996802,0.9474720178730538,0.8836756618491026,36.0,280.0,2.0,10.0,0.9691643539932162,0.926403026014822,0.8414023360766276,
Internet-Advertisements,LogisticRegression,Baseline,2,False,20.69540649999908,0.7222343000012188,,,346.0,2529.0,9.0,67.0,0.9806533904983238,0.9520134248975116,0.8896889371493254,33.0,280.0,2.0,13.0,0.9302343509096516,0.8770344398954768,0.7988714590269314,
Internet-Advertisements,LogisticRegression,Baseline,3,False,22.0983666000011,0.5948459999999614,,,340.0,2529.0,9.0,73.0,0.9769474925443192,0.948735272948223,0.8806606479149843,39.0,281.0,1.0,7.0,0.9775670675300648,0.894728883397413,0.8959086414526007,
Internet-Advertisements,LogisticRegression,Baseline,4,False,24.023500799999965,0.4067847999995138,,,346.0,2529.0,9.0,67.0,0.9778437960911815,0.9479839730190448,0.8896889371493254,38.0,281.0,1.0,8.0,0.985391612704286,0.9503670623113524,0.8824289030476793,
Internet-Advertisements,LogisticRegression,Baseline,5,False,24.86407989999861,0.4114971000017249,,,341.0,2530.0,8.0,72.0,0.9759906086087118,0.9432814302187786,0.8836853458874042,39.0,280.0,2.0,7.0,0.977335800185014,0.9662178108886852,0.8827325611936084,
Internet-Advertisements,LogisticRegression,Baseline,6,False,24.916995999999926,0.3116932000011729,,,347.0,2528.0,10.0,66.0,0.9792795990055274,0.950316340290286,0.8896921080060556,34.0,282.0,0.0,12.0,0.982809127351218,0.9434033501934144,0.841998720668748,
Internet-Advertisements,LogisticRegression,Baseline,7,False,25.717846699999427,0.2765311000002839,,,343.0,2528.0,10.0,70.0,0.9763917748050456,0.945416472560078,0.8836752428037843,39.0,280.0,2.0,7.0,0.9909805735430156,0.958178454211143,0.8827325611936084,
Internet-Advertisements,LogisticRegression,Baseline,8,False,25.70614409999871,0.3913350999991962,,,338.0,2528.0,10.0,75.0,0.9758651547328072,0.9459907867563796,0.8761225584417717,35.0,282.0,0.0,11.0,0.984736355226642,0.9614202917125808,0.8557479162791201,
Internet-Advertisements,LogisticRegression,Baseline,9,False,25.455458300000828,0.2648447999999916,,,339.0,2529.0,9.0,74.0,0.9777421927620268,0.945007336035231,0.8791510172347183,42.0,281.0,1.0,4.0,0.9727875423990132,0.9297184442018536,0.93572506733509,
Internet-Advertisements,LogisticRegression,Baseline,10,False,25.34325759999956,0.2009431999995286,,,346.0,2528.0,10.0,68.0,0.9790284297042442,0.9485501356968375,0.886935596557368,32.0,281.0,1.0,13.0,0.9621749408983452,0.9170580822286032,0.8092198462395777,
Internet-Advertisements,LogisticRegression,Standard Scaling,1,True,3.4439249000006384,0.4430147999992186,240.9370527267456,0.3134498596191406,384.0,2529.0,9.0,29.0,0.995284746907538,0.984783177567108,0.9457926576626072,37.0,280.0,2.0,9.0,0.96577243293247,0.9192748323456692,0.8553026912201592,
Internet-Advertisements,LogisticRegression,Standard Scaling,2,True,2.7888651999983267,0.372583600001235,,,386.0,2531.0,7.0,27.0,0.99637757895962,0.9877783230801108,0.951542180789194,35.0,275.0,7.0,11.0,0.944650015417823,0.8650431740730682,0.7648940428655971,
Internet-Advertisements,LogisticRegression,Standard Scaling,3,True,2.9037413999994897,0.3107653000006394,,,385.0,2527.0,11.0,28.0,0.992778531455055,0.983718696548754,0.9444187057598584,43.0,278.0,4.0,3.0,0.9919056429232193,0.9592778195542804,0.912371074133428,
Internet-Advertisements,LogisticRegression,Standard Scaling,4,True,2.791551199999958,0.2597654000001057,,,375.0,2533.0,5.0,38.0,0.98921955286903,0.9802047083312648,0.9384603041568024,39.0,278.0,4.0,7.0,0.9847748997841506,0.9495816302332408,0.8576818849094476,
Internet-Advertisements,LogisticRegression,Standard Scaling,5,True,3.0599755000002915,0.3902206999991904,,,385.0,2530.0,8.0,28.0,0.9947695750977396,0.9852376208721026,0.9486674192259008,40.0,278.0,4.0,6.0,0.973250077089115,0.9290715632537134,0.8715202244932119,
Internet-Advertisements,LogisticRegression,Standard Scaling,6,True,3.1732470000006288,0.2307478999991872,,,384.0,2529.0,9.0,29.0,0.9940497655968266,0.9842433461180956,0.9457926576626072,39.0,279.0,3.0,7.0,0.9932932469935244,0.9678292896233016,0.8699988799246319,
Internet-Advertisements,LogisticRegression,Standard Scaling,7,True,3.2096954000007827,0.2895644000000175,,,381.0,2528.0,10.0,32.0,0.9915187455757236,0.9820184508714356,0.9400014782546092,42.0,278.0,4.0,4.0,0.9877428307123034,0.9698189071803572,0.898859081097749,
Internet-Advertisements,LogisticRegression,Standard Scaling,8,True,3.0933070999999472,0.2795330999997532,,,381.0,2530.0,8.0,32.0,0.996044625326991,0.9861580664057747,0.9428550765810928,37.0,282.0,0.0,9.0,0.9894387912426764,0.9657572696706016,0.882876599076943,
Internet-Advertisements,LogisticRegression,Standard Scaling,9,True,2.9929787000000942,0.278992699999435,,,383.0,2534.0,4.0,30.0,0.9972901008782726,0.9887237369887316,0.951516569288097,43.0,280.0,2.0,3.0,0.9959142769041012,0.9827066529188956,0.936282837213908,
Internet-Advertisements,LogisticRegression,Standard Scaling,10,True,2.8077642999996897,0.1967309000010573,,,383.0,2533.0,5.0,31.0,0.994420556335964,0.9888912650672592,0.9487323684882566,35.0,276.0,6.0,10.0,0.9743104806934594,0.913912895506312,0.7869832283464467,
Internet-Advertisements,LogisticRegression,MinMax Scaling,1,True,3.5687452999991365,0.4288501000010001,240.93402004241943,0.3373298645019531,358.0,2534.0,4.0,55.0,0.9897399717991135,0.9692509280377144,0.9150464861794464,37.0,281.0,1.0,9.0,0.98072772124576,0.9444221728550166,0.868835732322466,
Internet-Advertisements,LogisticRegression,MinMax Scaling,2,True,3.3498818000007304,0.3195159999995667,,,356.0,2533.0,5.0,57.0,0.991724814299643,0.9745609509402572,0.9105914923286884,33.0,281.0,1.0,13.0,0.9626117792167748,0.907635794284366,0.8131944256771596,
Internet-Advertisements,LogisticRegression,MinMax Scaling,3,True,3.634782999999516,0.3350298999994265,,,356.0,2534.0,4.0,57.0,0.992069693205647,0.9722560960547904,0.9120970233509788,40.0,281.0,1.0,6.0,0.9914431082331177,0.9194699819311672,0.9092809088986794,
Internet-Advertisements,LogisticRegression,MinMax Scaling,4,True,3.7783127000002414,0.312279200001285,,,353.0,2534.0,4.0,60.0,0.9915435501443436,0.9720840075418058,0.9076634509257951,38.0,281.0,1.0,8.0,0.9856228800493372,0.9562683385748654,0.8824289030476793,
Internet-Advertisements,LogisticRegression,MinMax Scaling,5,True,3.923380199999883,0.28254890000062,,,354.0,2533.0,5.0,59.0,0.9892028574863048,0.9689554312944452,0.9076324026499184,37.0,281.0,1.0,9.0,0.9898242368177612,0.9718965326075932,0.868835732322466,
Internet-Advertisements,LogisticRegression,MinMax Scaling,6,True,3.979355499999656,0.2436438999993697,,,358.0,2533.0,5.0,55.0,0.9915464122099537,0.9731131077912408,0.9135455559828916,34.0,282.0,0.0,12.0,0.9898242368177612,0.9663935338828396,0.841998720668748,
Internet-Advertisements,LogisticRegression,MinMax Scaling,7,True,3.984515599999213,0.2220195999998395,,,352.0,2534.0,4.0,61.0,0.9917209982121632,0.9712184670257372,0.9061830628705572,41.0,281.0,1.0,5.0,0.9919827320382364,0.9687317325338496,0.9225512984541492,
Internet-Advertisements,LogisticRegression,MinMax Scaling,8,True,3.918852400000105,0.2166307999996206,,,356.0,2533.0,5.0,57.0,0.9912993205456242,0.971382713744504,0.9105914923286884,39.0,282.0,0.0,7.0,0.9870490286771508,0.9671128746399466,0.9095551148751994,
Internet-Advertisements,LogisticRegression,MinMax Scaling,9,True,3.564341399998739,0.1958766999996442,,,357.0,2534.0,4.0,56.0,0.9913780273498988,0.9693224938633602,0.9135723750647096,42.0,281.0,1.0,4.0,0.9915972864631514,0.9553255423224328,0.93572506733509,
Internet-Advertisements,LogisticRegression,MinMax Scaling,10,True,3.611818100000164,0.1976720000002387,,,357.0,2533.0,5.0,57.0,0.9937705333044012,0.9771094648099816,0.9107860330517678,34.0,281.0,1.0,11.0,0.9706855791962176,0.9338981533031578,0.8379703744450798,
Internet-Advertisements,LogisticRegression,IQR Capping,1,True,8.17503300000135,1.4682143000009091,240.92702102661133,0.3315200805664062,200.0,2462.0,76.0,213.0,0.7810648601308536,0.462845289967829,0.5413312091458906,20.0,279.0,3.0,26.0,0.7435245143385754,0.5184842301293084,0.5767708172619577,
Internet-Advertisements,LogisticRegression,IQR Capping,2,True,5.246311299999434,1.792269099998521,,,198.0,2468.0,70.0,215.0,0.7919941346735433,0.4804451776321519,0.5455392013379338,22.0,273.0,9.0,24.0,0.7467622571692877,0.4255737207281908,0.5298049628472248,
Internet-Advertisements,LogisticRegression,IQR Capping,3,True,5.287379900000815,1.921045700000832,,,199.0,2462.0,76.0,214.0,0.7792417243372887,0.4591141590517595,0.5393234583937975,21.0,279.0,3.0,25.0,0.7471477027443725,0.5283745379728854,0.5945418109306858,
Internet-Advertisements,LogisticRegression,IQR Capping,4,True,5.409129599998778,1.6975325000003068,,,200.0,2467.0,71.0,213.0,0.7735590930686496,0.4635546543259847,0.548159088725249,20.0,274.0,8.0,26.0,0.8080095590502622,0.47780597016576,0.5050475731193589,
Internet-Advertisements,LogisticRegression,IQR Capping,5,True,5.31969190000018,1.6795755000002828,,,195.0,2468.0,70.0,218.0,0.7720732040061287,0.4563734329210565,0.5394971326942463,25.0,273.0,9.0,21.0,0.8278600061671292,0.5173263366755891,0.5827600657444526,
Internet-Advertisements,LogisticRegression,IQR Capping,6,True,5.440227800001594,1.8900107999998,,,195.0,2466.0,72.0,218.0,0.7801151313592712,0.4746683380095052,0.5367199168024195,25.0,275.0,7.0,21.0,0.8336416897934013,0.551501208023212,0.6069622319960803,
Internet-Advertisements,LogisticRegression,IQR Capping,7,True,5.357885100000203,1.7368182000009256,,,201.0,2472.0,66.0,212.0,0.7864030895044238,0.476760154030347,0.5571491816514946,19.0,269.0,13.0,27.0,0.7792938637064446,0.3890526338216514,0.429420366275467,
Internet-Advertisements,LogisticRegression,IQR Capping,8,True,5.5598467999989225,1.4696187999998074,,,198.0,2471.0,67.0,215.0,0.7772759622741591,0.4697470274376826,0.5497464204962681,22.0,270.0,12.0,24.0,0.7468393462843046,0.4107312846919898,0.4963471807696875,
Internet-Advertisements,LogisticRegression,IQR Capping,9,True,5.592172599999685,1.4506042000011805,,,196.0,2466.0,72.0,217.0,0.7767154744255357,0.4576700944201533,0.5387408964603404,24.0,276.0,6.0,22.0,0.8349522047486896,0.6277588288475986,0.6028458585890035,
Internet-Advertisements,LogisticRegression,IQR Capping,10,True,5.45466099999976,1.445465200000399,,,198.0,2467.0,71.0,216.0,0.7814518830681849,0.4842401112292824,0.5433104154383614,22.0,273.0,9.0,23.0,0.7315208825847124,0.4314239080662712,0.537397442475616,
Internet-Advertisements,LogisticRegression,IQR Capping + Scaling,1,True,8.635074599998916,1.4727188999986538,240.92748546600345,0.3675012588500976,239.0,2537.0,1.0,174.0,0.9840005762292094,0.9688585680258364,0.7340108980648998,25.0,282.0,0.0,21.0,0.980881899475794,0.9342387049313008,0.7112042257398984,
Internet-Advertisements,LogisticRegression,IQR Capping + Scaling,2,True,6.845540799999071,1.9172316000003773,,,404.0,2226.0,312.0,9.0,0.9864762629818526,0.9702912021748172,0.6922010385641965,43.0,240.0,42.0,3.0,0.9606074622263336,0.9116158091069058,0.6227712561347555,
Internet-Advertisements,LogisticRegression,IQR Capping + Scaling,3,True,7.005563799999436,1.8378078999994611,,,373.0,2525.0,13.0,40.0,0.9916031765112184,0.9742625802435196,0.9240004735611628,43.0,280.0,2.0,3.0,0.995837187789084,0.9563394305490064,0.936282837213908,
Internet-Advertisements,LogisticRegression,IQR Capping + Scaling,4,True,8.328333600000406,1.6845197000002372,,,367.0,2534.0,4.0,46.0,0.9823553655143992,0.9648079168569612,0.9282588465086646,37.0,281.0,1.0,9.0,0.9906336725254394,0.9523678555533024,0.868835732322466,
Internet-Advertisements,LogisticRegression,IQR Capping + Scaling,5,True,8.469235900000058,1.6745375999998942,,,338.0,2537.0,1.0,75.0,0.979507133221522,0.9652474605479352,0.8900039027139248,38.0,281.0,1.0,8.0,0.95790934320074,0.9289313892291046,0.8824289030476793,
Internet-Advertisements,LogisticRegression,IQR Capping + Scaling,6,True,9.495916699999723,1.6804193999996642,,,359.0,2533.0,5.0,54.0,0.9879955428098232,0.9755159603219784,0.915020721526344,34.0,281.0,1.0,12.0,0.9908263953129818,0.960880370181512,0.8273096876530257,
Internet-Advertisements,LogisticRegression,IQR Capping + Scaling,7,True,8.447571799999423,1.683704699998998,,,336.0,2535.0,3.0,77.0,0.9857850741370396,0.9714584905811272,0.883877691935661,37.0,281.0,1.0,9.0,0.990209682392846,0.9597250574141656,0.868835732322466,
Internet-Advertisements,LogisticRegression,IQR Capping + Scaling,8,True,9.335275499999623,1.7744301999991876,,,291.0,2534.0,4.0,122.0,0.9792948633554476,0.963776800332614,0.8131416648171481,26.0,281.0,1.0,20.0,0.9736355226642,0.9371241502284562,0.7096113724707435,
Internet-Advertisements,LogisticRegression,IQR Capping + Scaling,9,True,9.158600400000068,1.4702472999997551,,,385.0,2478.0,60.0,28.0,0.9824636469966436,0.9613096694972438,0.8808565997465616,43.0,274.0,8.0,3.0,0.9858156028368794,0.9585927268860516,0.8685703766191526,
Internet-Advertisements,LogisticRegression,IQR Capping + Scaling,10,True,8.920313999999053,1.3884440999991057,,,369.0,2526.0,12.0,45.0,0.9839726019574924,0.9673655467553438,0.9182237663342738,36.0,280.0,2.0,9.0,0.9438140267927502,0.8935467486738622,0.8523398274022522,
Internet-Advertisements,LogisticRegression,IQR Removal,1,False,10.22570799999994,0.4227080000000569,240.92915630340576,0.2776575088500976,342.0,2529.0,9.0,71.0,0.979453707996802,0.9474720178730538,0.8836756618491026,36.0,280.0,2.0,10.0,0.9691643539932162,0.926403026014822,0.8414023360766276,
Internet-Advertisements,LogisticRegression,IQR Removal,2,False,24.571140399999425,0.6468283000012889,,,346.0,2529.0,9.0,67.0,0.9806533904983238,0.9520134248975116,0.8896889371493254,33.0,280.0,2.0,13.0,0.9302343509096516,0.8770344398954768,0.7988714590269314,
Internet-Advertisements,LogisticRegression,IQR Removal,3,False,28.8937877999997,0.4059013000005507,,,340.0,2529.0,9.0,73.0,0.9769474925443192,0.948735272948223,0.8806606479149843,39.0,281.0,1.0,7.0,0.9775670675300648,0.894728883397413,0.8959086414526007,
Internet-Advertisements,LogisticRegression,IQR Removal,4,False,28.39141960000052,0.4192063999998936,,,346.0,2529.0,9.0,67.0,0.9778437960911815,0.9479839730190448,0.8896889371493254,38.0,281.0,1.0,8.0,0.985391612704286,0.9503670623113524,0.8824289030476793,
Internet-Advertisements,LogisticRegression,IQR Removal,5,False,29.98540959999991,0.3417417000000569,,,341.0,2530.0,8.0,72.0,0.9759906086087118,0.9432814302187786,0.8836853458874042,39.0,280.0,2.0,7.0,0.977335800185014,0.9662178108886852,0.8827325611936084,
Internet-Advertisements,LogisticRegression,IQR Removal,6,False,32.14288239999951,0.207067499999539,,,347.0,2528.0,10.0,66.0,0.9792795990055274,0.950316340290286,0.8896921080060556,34.0,282.0,0.0,12.0,0.982809127351218,0.9434033501934144,0.841998720668748,
Internet-Advertisements,LogisticRegression,IQR Removal,7,False,29.86247469999944,0.3056016000009549,,,343.0,2528.0,10.0,70.0,0.9763917748050456,0.945416472560078,0.8836752428037843,39.0,280.0,2.0,7.0,0.9909805735430156,0.958178454211143,0.8827325611936084,
Internet-Advertisements,LogisticRegression,IQR Removal,8,False,29.62977560000036,0.2580689000005804,,,338.0,2528.0,10.0,75.0,0.9758651547328072,0.9459907867563796,0.8761225584417717,35.0,282.0,0.0,11.0,0.984736355226642,0.9614202917125808,0.8557479162791201,
Internet-Advertisements,LogisticRegression,IQR Removal,9,False,30.46850520000044,0.2727426000001287,,,339.0,2529.0,9.0,74.0,0.9777421927620268,0.945007336035231,0.8791510172347183,42.0,281.0,1.0,4.0,0.9727875423990132,0.9297184442018536,0.93572506733509,
Internet-Advertisements,LogisticRegression,IQR Removal,10,False,29.18256449999899,0.2232650000005378,,,346.0,2528.0,10.0,68.0,0.9790284297042442,0.9485501356968375,0.886935596557368,32.0,281.0,1.0,13.0,0.9621749408983452,0.9170580822286032,0.8092198462395777,
Internet-Advertisements,LogisticRegression,IQR Removal + Scaling,1,True,8.236131399999067,0.4352347999993071,240.9282760620117,0.3136301040649414,384.0,2529.0,9.0,29.0,0.995284746907538,0.984783177567108,0.9457926576626072,37.0,280.0,2.0,9.0,0.96577243293247,0.9192748323456692,0.8553026912201592,
Internet-Advertisements,LogisticRegression,IQR Removal + Scaling,2,True,6.7110380999984045,0.5208648999996512,,,386.0,2531.0,7.0,27.0,0.99637757895962,0.9877783230801108,0.951542180789194,35.0,275.0,7.0,11.0,0.944650015417823,0.8650431740730682,0.7648940428655971,
Internet-Advertisements,LogisticRegression,IQR Removal + Scaling,3,True,8.878488999998808,0.2959021000006032,,,385.0,2527.0,11.0,28.0,0.992778531455055,0.983718696548754,0.9444187057598584,43.0,278.0,4.0,3.0,0.9919056429232193,0.9592778195542804,0.912371074133428,
Internet-Advertisements,LogisticRegression,IQR Removal + Scaling,4,True,7.888178100000005,0.3097379999999248,,,375.0,2533.0,5.0,38.0,0.98921955286903,0.9802047083312648,0.9384603041568024,39.0,278.0,4.0,7.0,0.9847748997841506,0.9495816302332408,0.8576818849094476,
Internet-Advertisements,LogisticRegression,IQR Removal + Scaling,5,True,8.450265900000886,0.3395868000006885,,,385.0,2530.0,8.0,28.0,0.9947695750977396,0.9852376208721026,0.9486674192259008,40.0,278.0,4.0,6.0,0.973250077089115,0.9290715632537134,0.8715202244932119,
Internet-Advertisements,LogisticRegression,IQR Removal + Scaling,6,True,10.03682470000058,0.1985209999984363,,,384.0,2529.0,9.0,29.0,0.9940497655968266,0.9842433461180956,0.9457926576626072,39.0,279.0,3.0,7.0,0.9932932469935244,0.9678292896233016,0.8699988799246319,
Internet-Advertisements,LogisticRegression,IQR Removal + Scaling,7,True,8.13676789999954,0.3292816000011953,,,381.0,2528.0,10.0,32.0,0.9915187455757236,0.9820184508714356,0.9400014782546092,42.0,278.0,4.0,4.0,0.9877428307123034,0.9698189071803572,0.898859081097749,
Internet-Advertisements,LogisticRegression,IQR Removal + Scaling,8,True,7.678675699999076,0.2808088000001589,,,381.0,2530.0,8.0,32.0,0.996044625326991,0.9861580664057747,0.9428550765810928,37.0,282.0,0.0,9.0,0.9894387912426764,0.9657572696706016,0.882876599076943,
Internet-Advertisements,LogisticRegression,IQR Removal + Scaling,9,True,7.949299099998825,0.3253282000005129,,,383.0,2534.0,4.0,30.0,0.9972901008782726,0.9887237369887316,0.951516569288097,43.0,280.0,2.0,3.0,0.9959142769041012,0.9827066529188956,0.936282837213908,
Internet-Advertisements,LogisticRegression,IQR Removal + Scaling,10,True,7.202437699999791,0.2163170999992871,,,383.0,2533.0,5.0,31.0,0.994420556335964,0.9888912650672592,0.9487323684882566,35.0,276.0,6.0,10.0,0.9743104806934594,0.913912895506312,0.7869832283464467,
Internet-Advertisements,LogisticRegression,Yeo-Johnson,1,False,29.530937300000005,0.4718063999989681,240.92443180084229,0.28955078125,36.0,2534.0,4.0,377.0,0.9049751286498492,0.5132419897906199,0.2568017442201784,2.0,279.0,3.0,44.0,0.8396931853222326,0.3749785854245046,0.0930721755843206,
Internet-Advertisements,LogisticRegression,Yeo-Johnson,2,False,34.45167520000177,0.5969113000010111,,,42.0,2517.0,21.0,371.0,0.9126817173156876,0.5336975123063936,0.2242306657193712,5.0,276.0,6.0,41.0,0.8289777983348752,0.4152646042940842,0.1686101096687876,
Internet-Advertisements,LogisticRegression,Yeo-Johnson,3,False,34.22438400000101,0.5614127999997436,,,36.0,2524.0,14.0,377.0,0.899660749823029,0.498142995535901,0.219494189566507,1.0,277.0,5.0,45.0,0.8691797718162196,0.3996847101194692,0.0103871478311009,
Internet-Advertisements,LogisticRegression,Yeo-Johnson,4,False,35.12579010000081,0.5000102999983937,,,39.0,2521.0,17.0,374.0,0.9023110225778816,0.4974946736733212,0.2230820120976816,4.0,277.0,5.0,42.0,0.8650940487203207,0.4303670496163047,0.1471486460541692,
Internet-Advertisements,LogisticRegression,Yeo-Johnson,5,False,36.49796150000111,0.4792724999988422,,,47.0,2515.0,23.0,366.0,0.9060121504225362,0.5085259359404587,0.2387863152994014,6.0,279.0,3.0,40.0,0.8680619796484738,0.505944562919337,0.2546425344857226,
Internet-Advertisements,LogisticRegression,Yeo-Johnson,6,False,37.66909070000111,0.3268958000007842,,,42.0,2526.0,12.0,371.0,0.9065826555007948,0.5136250935826063,0.2509994062601918,11.0,274.0,8.0,35.0,0.8678307123034228,0.5201284903976245,0.3132845661450992,
Internet-Advertisements,LogisticRegression,Yeo-Johnson,7,False,38.85735569999997,0.4261815999998362,,,57.0,2518.0,20.0,356.0,0.9145764047495024,0.5503130449708902,0.28321998442773,6.0,275.0,7.0,40.0,0.8177613320999075,0.3394068702661045,0.1879706936704698,
Internet-Advertisements,LogisticRegression,Yeo-Johnson,8,False,38.19186069999887,0.3247914999992645,,,43.0,2522.0,16.0,370.0,0.9073811718059824,0.5092212744059376,0.2424309308821008,5.0,270.0,12.0,41.0,0.8346823928461301,0.3695690334753863,0.1036046296573084,
Internet-Advertisements,LogisticRegression,Yeo-Johnson,9,False,38.0762192000002,0.3739371000010578,,,44.0,2515.0,23.0,369.0,0.902207988215922,0.4933333591290419,0.2270284485068162,4.0,274.0,8.0,42.0,0.8768501387604071,0.439203229634012,0.108361736986206,
Internet-Advertisements,LogisticRegression,Yeo-Johnson,10,False,37.97391629999947,0.3411966000003303,,,43.0,2530.0,8.0,371.0,0.9073636284038176,0.5266329000678088,0.2683929064723945,1.0,278.0,4.0,44.0,0.8278959810874705,0.3492019539923822,0.0225660955493102,
Internet-Advertisements,LogisticRegression,Yeo-Johnson + Scaling,1,True,27.315881000000445,0.4791499000002659,240.9274415969849,0.3255167007446289,385.0,2527.0,11.0,28.0,0.9873682734303,0.976762992996222,0.9444187057598584,37.0,277.0,5.0,9.0,0.9836571076164046,0.939309985600979,0.8174464613951145,
Internet-Advertisements,LogisticRegression,Yeo-Johnson + Scaling,2,True,14.218759499999578,0.3243474999999307,,,380.0,2523.0,15.0,33.0,0.9837816282100452,0.9739679455563496,0.9314869064694437,36.0,277.0,5.0,10.0,0.9340888066604996,0.870199550330746,0.8030875180783956,
Internet-Advertisements,LogisticRegression,Yeo-Johnson + Scaling,3,True,13.909404900001393,0.4099524000012025,,,384.0,2525.0,13.0,29.0,0.9891084093211752,0.9788807309820402,0.9401500576106636,44.0,275.0,7.0,2.0,0.9939099599136602,0.9553267014221054,0.8927999295644734,
Internet-Advertisements,LogisticRegression,Yeo-Johnson + Scaling,4,True,14.305438800000047,0.3355329999994865,,,378.0,2528.0,10.0,35.0,0.9825743135335634,0.9715189507788452,0.935618437384367,40.0,279.0,3.0,6.0,0.9713613937711996,0.926131956103964,0.8836962790513284,
Internet-Advertisements,LogisticRegression,Yeo-Johnson + Scaling,5,True,14.925664099999269,0.3724390000006679,,,384.0,2524.0,14.0,29.0,0.984470909011118,0.97467277233058,0.938751912459863,41.0,278.0,4.0,5.0,0.9421060746222634,0.9176729754423738,0.8852439855259969,
Internet-Advertisements,LogisticRegression,Yeo-Johnson + Scaling,6,True,15.094330099998842,0.3457854000007501,,,388.0,2525.0,13.0,25.0,0.9905814190884512,0.9828380716643884,0.9459885995156976,37.0,279.0,3.0,9.0,0.9653869873573852,0.9185109970881976,0.8422457425489387,
Internet-Advertisements,LogisticRegression,Yeo-Johnson + Scaling,7,True,14.904848899999706,0.355973299998368,,,385.0,2515.0,23.0,28.0,0.9857717178308596,0.9689814273224256,0.9278668887847747,44.0,275.0,7.0,2.0,0.9741751464693184,0.9377677275362848,0.8927999295644734,
Internet-Advertisements,LogisticRegression,Yeo-Johnson + Scaling,8,True,14.8609462000004,0.3250582000000577,,,380.0,2525.0,13.0,33.0,0.9886461857251616,0.9771793177200818,0.9342936114094345,39.0,275.0,7.0,7.0,0.9798797409805736,0.9203091740535664,0.8230033919210608,
Internet-Advertisements,LogisticRegression,Yeo-Johnson + Scaling,9,True,14.741902200001276,0.2693900000012945,,,380.0,2520.0,18.0,33.0,0.9854850342589252,0.972570772793848,0.9273141407867008,42.0,277.0,5.0,4.0,0.9947579401788468,0.9690788670725868,0.8873118116718834,
Internet-Advertisements,LogisticRegression,Yeo-Johnson + Scaling,10,True,14.529706699999224,0.2428251000001182,,,383.0,2525.0,13.0,31.0,0.9865174944705216,0.9745307767542446,0.93735724858174,36.0,273.0,9.0,9.0,0.9635933806146572,0.9031847794700296,0.7680851063829788,
Internet-Advertisements,LogisticRegression,Quantile Transform,1,True,11.84086969999953,0.834420000001046,240.930832862854,12.172026634216309,413.0,200.0,2338.0,0.0,0.978783984644064,0.9591537547412766,0.1087674431770834,46.0,32.0,250.0,0.0,0.9763336416897934,0.933033005697426,0.1327955418398083,
Internet-Advertisements,LogisticRegression,Quantile Transform,2,True,15.567675399999644,1.0839860000014596,,,410.0,798.0,1740.0,3.0,0.983767317881995,0.9646891617274262,0.2396324323509266,46.0,75.0,207.0,0.0,0.9473481344434166,0.8872433746658378,0.2198997485667712,
Internet-Advertisements,LogisticRegression,Quantile Transform,3,True,17.76236439999957,0.9261454999996204,,,408.0,1207.0,1331.0,5.0,0.9846712536038176,0.967467953754053,0.3268409535128165,46.0,138.0,144.0,0.0,0.994295405488745,0.9486382157453322,0.3442049442890272,
Internet-Advertisements,LogisticRegression,Quantile Transform,4,True,21.345956400000432,0.8602778999993461,,,413.0,132.0,2406.0,0.0,0.981285906998132,0.9607341170085484,0.0872908343492477,46.0,6.0,276.0,0.0,0.9756783842121493,0.9286040713430715,0.0551317846419971,
Internet-Advertisements,LogisticRegression,Quantile Transform,5,True,21.235360500000752,0.8661021000007167,,,401.0,1494.0,1044.0,12.0,0.9731113706050598,0.9561855779929058,0.3883735470575829,44.0,170.0,112.0,2.0,0.9623805118717236,0.9285226822950076,0.3889262725875605,
Internet-Advertisements,LogisticRegression,Quantile Transform,6,True,21.842196999999945,0.9395091999995202,,,403.0,2206.0,332.0,10.0,0.9888741969520908,0.9716121743681858,0.6778541850542357,45.0,241.0,41.0,1.0,0.9838883749614556,0.938915496830725,0.6575430577473459,
Internet-Advertisements,LogisticRegression,Quantile Transform,7,True,21.158769499999835,0.8897965000014665,,,406.0,1780.0,758.0,7.0,0.9850857761063314,0.9676482647201076,0.4858319042669498,46.0,188.0,94.0,0.0,0.9857385137218624,0.9525221910513968,0.4680252333449757,
Internet-Advertisements,LogisticRegression,Quantile Transform,8,True,21.76852560000043,0.8396689000001061,,,396.0,2282.0,256.0,17.0,0.9799331039864756,0.960150587997915,0.7174640315938834,45.0,238.0,44.0,1.0,0.9776441566450816,0.9437577058576062,0.6421021964976725,
Internet-Advertisements,LogisticRegression,Quantile Transform,9,True,22.049467700000605,0.6931288999985554,,,413.0,84.0,2454.0,0.0,0.9797895236950412,0.9605319821003604,0.0690486216342159,46.0,14.0,268.0,0.0,0.9902867715078632,0.9659971173220042,0.0852812496335054,
Internet-Advertisements,LogisticRegression,Quantile Transform,10,True,21.759245600000213,0.7399038999992626,,,401.0,2199.0,339.0,13.0,0.9847425413901928,0.9663678896759388,0.6690202597731565,41.0,232.0,50.0,4.0,0.93096926713948,0.8931543890284812,0.5640731901385578,
Internet-Advertisements,LogisticRegression,Quantile Transform + Scaling,1,True,11.250411400000305,0.8691987000001973,240.95235347747803,12.207992553710938,413.0,0.0,2538.0,0.0,0.9748658168239848,0.9546436667663042,0.0,46.0,0.0,282.0,0.0,0.9681621954979956,0.9278211580292351,0.0,
Internet-Advertisements,LogisticRegression,Quantile Transform + Scaling,2,True,12.572485299999244,1.6004279000007955,,,413.0,0.0,2538.0,0.0,0.977303819712763,0.9564677252025454,0.0,46.0,0.0,282.0,0.0,0.930928152944804,0.8688196460203982,0.0,
Internet-Advertisements,LogisticRegression,Quantile Transform + Scaling,3,True,13.057977299999038,1.220182000000932,,,413.0,0.0,2538.0,0.0,0.9790825934893732,0.9605297836770892,0.0,46.0,0.0,282.0,0.0,0.9959142769041012,0.9630761311211978,0.0,
Internet-Advertisements,LogisticRegression,Quantile Transform + Scaling,4,True,14.78817379999964,0.7148264999996172,,,413.0,0.0,2538.0,0.0,0.9747890180634502,0.951137412388252,0.0,46.0,0.0,282.0,0.0,0.9812288004933704,0.9332116610444422,0.0,
Internet-Advertisements,LogisticRegression,Quantile Transform + Scaling,5,True,15.680771299999831,0.8047788999992918,,,413.0,22.0,2516.0,0.0,0.9662366890098588,0.9474701046618508,0.0349607605212404,46.0,2.0,280.0,0.0,0.9802651865556584,0.9405928578790288,0.0316344697624707,
Internet-Advertisements,LogisticRegression,Quantile Transform + Scaling,6,True,15.673459199999344,0.8333808999996108,,,413.0,6.0,2532.0,0.0,0.984162282936174,0.9643079572613954,0.0182079978141798,46.0,2.0,280.0,0.0,0.982809127351218,0.9326745178618676,0.0316344697624707,
Internet-Advertisements,LogisticRegression,Quantile Transform + Scaling,7,True,16.32564529999945,0.7316154000000097,,,413.0,10.0,2528.0,0.0,0.980564666464414,0.9613206513437552,0.0235224039965635,46.0,0.0,282.0,0.0,0.9821153253160654,0.9478421075597064,0.0,
Internet-Advertisements,LogisticRegression,Quantile Transform + Scaling,8,True,15.7798815999995,0.8367209000007279,,,413.0,21.0,2517.0,0.0,0.9722608601079572,0.9483456723812176,0.0341511281012116,46.0,1.0,281.0,0.0,0.977335800185014,0.9424064306713446,0.0223347186143848,
Internet-Advertisements,LogisticRegression,Quantile Transform + Scaling,9,True,15.946385199998986,0.6743618000000424,,,413.0,0.0,2538.0,0.0,0.9732439796449894,0.9535722235176084,0.0,46.0,0.0,282.0,0.0,0.9881282762873882,0.9606849569225708,0.0,
Internet-Advertisements,LogisticRegression,Quantile Transform + Scaling,10,True,15.651567599999908,0.6472013000002335,,,414.0,24.0,2514.0,0.0,0.9757307286729632,0.9530406677830736,0.0365657466893524,45.0,2.0,280.0,0.0,0.9217494089834516,0.8794936869553114,0.0313368270039833,
Internet-Advertisements,LogisticRegression,Uniform Binning,1,True,4.33730099999957,0.438901799998348,240.92907810211184,0.4234123229980469,376.0,2533.0,5.0,37.0,0.9959601943914962,0.9874486611966,0.9399154382384608,37.0,280.0,2.0,9.0,0.9763336416897934,0.9363515387429852,0.8553026912201592,
Internet-Advertisements,LogisticRegression,Uniform Binning,2,True,5.67491709999922,0.5525020000004588,,,378.0,2530.0,8.0,35.0,0.9961638780607408,0.9870204965145022,0.9384842242980598,35.0,280.0,2.0,11.0,0.9545559666975024,0.8914706503825701,0.8273689271395773,
Internet-Advertisements,LogisticRegression,Uniform Binning,3,True,8.364131199999974,0.4025062000000616,,,377.0,2532.0,6.0,36.0,0.9927408475911904,0.9795923512548096,0.9399159864547884,43.0,279.0,3.0,3.0,0.9949892075238976,0.928550812591724,0.9241443108233116,
Internet-Advertisements,LogisticRegression,Uniform Binning,4,True,8.026428000001033,0.3902365000012651,,,376.0,2533.0,5.0,37.0,0.9941804665930162,0.9845285535639668,0.9399154382384608,41.0,280.0,2.0,5.0,0.9892846130126426,0.9493693367978664,0.9097106731932092,
Internet-Advertisements,LogisticRegression,Uniform Binning,5,True,8.78404319999936,0.3265592999996443,,,372.0,2532.0,6.0,41.0,0.9966938372095242,0.9874577719793696,0.932623968456236,41.0,280.0,2.0,5.0,0.9771430773974716,0.9459978344002722,0.9097106731932092,
Internet-Advertisements,LogisticRegression,Uniform Binning,6,True,9.892607800000404,0.3103219000004173,,,380.0,2530.0,8.0,33.0,0.995635349944762,0.9857317067935588,0.9413992408497404,41.0,280.0,2.0,5.0,0.9890148011100832,0.970221573754567,0.9097106731932092,
Internet-Advertisements,LogisticRegression,Uniform Binning,7,True,9.128173899998728,0.3016683999994711,,,378.0,2535.0,3.0,35.0,0.992446531844296,0.9796760402544004,0.9457411543957932,42.0,279.0,3.0,4.0,0.9918285538082022,0.9700533291020887,0.9107634113699524,
Internet-Advertisements,LogisticRegression,Uniform Binning,8,True,9.938255799999752,0.3171939000003476,,,378.0,2528.0,10.0,35.0,0.9945401328380052,0.9825116862121828,0.935618437384367,39.0,281.0,1.0,7.0,0.9878970089423372,0.963870829732276,0.8959086414526007,
Internet-Advertisements,LogisticRegression,Uniform Binning,9,True,9.44140309999966,0.2958372000011877,,,378.0,2535.0,3.0,35.0,0.9951607240644385,0.9856927617246052,0.9457411543957932,43.0,280.0,2.0,3.0,0.9926765340733888,0.975474843187672,0.936282837213908,
Internet-Advertisements,LogisticRegression,Uniform Binning,10,True,9.195237899999483,0.2028411999999662,,,388.0,2534.0,4.0,26.0,0.997109158186864,0.9896935006225784,0.95737790282744,36.0,280.0,2.0,9.0,0.9663908589440504,0.9164664380494072,0.8523398274022522,
Internet-Advertisements,LogisticRegression,Uniform Binning + Scaling,1,True,3.602166299999226,0.4443547999999282,240.92994022369385,0.4594020843505859,387.0,2531.0,7.0,26.0,0.9938021969215622,0.9833141890463274,0.9529894589924652,36.0,277.0,5.0,10.0,0.9534381745297564,0.9084716597174568,0.8030875180783956,
Internet-Advertisements,LogisticRegression,Uniform Binning + Scaling,2,True,2.6566393000011885,0.3420698999998421,,,387.0,2531.0,7.0,26.0,0.9958328324718516,0.9882007276957652,0.9529894589924652,35.0,274.0,8.0,11.0,0.9375963613937712,0.8568323468617246,0.7536243083419245,
Internet-Advertisements,LogisticRegression,Uniform Binning + Scaling,3,True,2.895992799998566,0.3397791999996116,,,388.0,2529.0,9.0,25.0,0.9893140010341598,0.9775439687659636,0.9515999832521684,44.0,278.0,4.0,2.0,0.994295405488745,0.959017228375912,0.9257852067961836,
Internet-Advertisements,LogisticRegression,Uniform Binning + Scaling,4,True,3.082917699999598,0.3859608999991906,,,389.0,2527.0,11.0,24.0,0.9932808239696088,0.984516041190657,0.9502374263856608,40.0,279.0,3.0,6.0,0.9737897008942336,0.9375119899527492,0.8836962790513284,
Internet-Advertisements,LogisticRegression,Uniform Binning + Scaling,5,True,3.1022625000005064,0.3111088999994535,,,387.0,2530.0,8.0,26.0,0.9965078029448746,0.9868196788726884,0.9515670791047708,41.0,279.0,3.0,5.0,0.9688945420906568,0.9270318318288812,0.8972825382669838,
Internet-Advertisements,LogisticRegression,Uniform Binning + Scaling,6,True,3.540675199999896,0.3387877999994089,,,391.0,2528.0,10.0,22.0,0.9926750200821602,0.983501895756561,0.9545398052045424,42.0,278.0,4.0,4.0,0.9925609004008634,0.967874778667989,0.898859081097749,
Internet-Advertisements,LogisticRegression,Uniform Binning + Scaling,7,True,3.509870399999272,0.2417900000000372,,,384.0,2533.0,5.0,29.0,0.9907369246532606,0.9811191729584576,0.951516819030274,40.0,278.0,4.0,6.0,0.9824236817761332,0.962273286845086,0.8715202244932119,
Internet-Advertisements,LogisticRegression,Uniform Binning + Scaling,8,True,3.3049616999996942,0.2766081999998278,,,379.0,2529.0,9.0,34.0,0.9944285122792156,0.9819994424021138,0.9385088391170536,38.0,280.0,2.0,8.0,0.9912889300030836,0.9669651506735982,0.8690771920007697,
Internet-Advertisements,LogisticRegression,Uniform Binning + Scaling,9,True,3.250232099999266,0.274294099999679,,,383.0,2534.0,4.0,30.0,0.9973015491407125,0.9891874046034872,0.951516569288097,44.0,281.0,1.0,2.0,0.9946037619488128,0.9821767208795006,0.9618022630578638,
Internet-Advertisements,LogisticRegression,Uniform Binning + Scaling,10,True,2.9936620999997103,0.2171324000009917,,,396.0,2526.0,12.0,18.0,0.9949649387284292,0.9902387030551264,0.9576352585435096,37.0,276.0,6.0,8.0,0.9674940898345152,0.9054642780164778,0.8164704054569522,
Internet-Advertisements,LogisticRegression,Quantile Binning,1,True,5.686793200000466,0.4306158999988838,240.92314529418945,0.4194850921630859,394.0,2208.0,330.0,19.0,0.9691974958833957,0.9407708842631296,0.6643602536484985,43.0,242.0,40.0,3.0,0.9470397779833488,0.8744935385505263,0.6333167313169334,
Internet-Advertisements,LogisticRegression,Quantile Binning,2,True,12.81796199999917,0.90185399999973,,,403.0,2102.0,436.0,10.0,0.9839023119766,0.9540037611292024,0.6183693109074576,41.0,225.0,57.0,5.0,0.9205211224175146,0.8565774284103146,0.5228258990499303,
Internet-Advertisements,LogisticRegression,Quantile Binning,3,True,19.020119700000578,0.3837057000000641,,,5.0,2538.0,0.0,408.0,0.976269182994751,0.948982388157491,0.1021267270672658,0.0,282.0,0.0,46.0,0.99036386062288,0.9306394509008654,0.0,
Internet-Advertisements,LogisticRegression,Quantile Binning,4,True,17.502714000000196,0.5495785000002797,,,399.0,1819.0,719.0,14.0,0.974467989704196,0.9414568231878218,0.4883342107779252,45.0,188.0,94.0,1.0,0.9719395621338268,0.9162966326371214,0.4531855857598462,
Internet-Advertisements,LogisticRegression,Quantile Binning,5,True,20.08994039999925,0.3695521999998163,,,184.0,2538.0,0.0,229.0,0.968741950440472,0.9469023631735076,0.6392564445537046,17.0,282.0,0.0,29.0,0.9512796793092816,0.9311369997723264,0.5788818118614648,
Internet-Advertisements,LogisticRegression,Quantile Binning,6,True,20.262689900000623,0.3105405999995128,,,5.0,2538.0,0.0,408.0,0.9854144366405456,0.9630536217813028,0.1021267270672658,0.0,282.0,0.0,46.0,0.9768732654949122,0.9267824876634418,0.0,
Internet-Advertisements,LogisticRegression,Quantile Binning,7,True,19.192290400000275,0.2802384999995411,,,46.0,2538.0,0.0,367.0,0.9802059542412952,0.9530238969372472,0.3119439955454662,6.0,282.0,0.0,40.0,0.9796484736355228,0.94721977468846,0.337981810196591,
Internet-Advertisements,LogisticRegression,Quantile Binning,8,True,19.34812930000044,0.3115443999995477,,,234.0,2535.0,3.0,179.0,0.9746378055970556,0.9491380858824184,0.7217728766336138,17.0,282.0,0.0,29.0,0.9606845513413508,0.9222906283343816,0.5788818118614648,
Internet-Advertisements,LogisticRegression,Quantile Binning,9,True,20.397203399999853,0.2225650999989739,,,411.0,43.0,2495.0,2.0,0.9657138850251004,0.940643597944078,0.0342568239569491,46.0,3.0,279.0,0.0,0.9878199198273204,0.9447854310123626,0.0388037152118061,
Internet-Advertisements,LogisticRegression,Quantile Binning,10,True,20.10836849999941,0.2045501000011427,,,341.0,2527.0,11.0,73.0,0.9739952718676124,0.947613589015346,0.8779115050707268,38.0,279.0,3.0,7.0,0.9260835303388496,0.8933299399705796,0.8674030769930993,
Internet-Advertisements,LogisticRegression,Quantile Binning + Scaling,1,True,4.653731599999446,0.4383740000012039,240.92306804656985,0.455474853515625,304.0,2535.0,3.0,109.0,0.9740067201300522,0.9486405988898868,0.8351153748888245,32.0,281.0,1.0,14.0,0.9538236201048412,0.8877239541814403,0.7989289400529321,
Internet-Advertisements,LogisticRegression,Quantile Binning + Scaling,2,True,4.695248199999696,0.5809752999994089,,,410.0,1298.0,1240.0,3.0,0.9871498024220706,0.9622644950280264,0.3522983955724875,43.0,136.0,146.0,3.0,0.9387141535615172,0.8891326360365366,0.2930592898590446,
Internet-Advertisements,LogisticRegression,Quantile Binning + Scaling,3,True,6.772732400000677,0.859403200000088,,,137.0,2536.0,2.0,276.0,0.9826697157205632,0.9567402185393992,0.5419302174872868,14.0,281.0,1.0,32.0,0.994526672833796,0.9588109173739712,0.4999953861253959,
Internet-Advertisements,LogisticRegression,Quantile Binning + Scaling,4,True,7.303138299999773,0.3873576999994839,,,363.0,2529.0,9.0,50.0,0.9801224773276702,0.950288036323186,0.915007267056648,40.0,278.0,4.0,6.0,0.982963305581252,0.931392850060156,0.8715202244932119,
Internet-Advertisements,LogisticRegression,Quantile Binning + Scaling,5,True,7.184497899999769,0.5516810999997688,,,203.0,2538.0,0.0,210.0,0.9742170819523868,0.9531228488560196,0.6737680885878456,18.0,282.0,0.0,28.0,0.9565988282454516,0.940084744958442,0.5966244457887749,
Internet-Advertisements,LogisticRegression,Quantile Binning + Scaling,6,True,7.988626899999872,0.397647900001175,,,117.0,2538.0,0.0,296.0,0.9870019290322212,0.9646074640360536,0.5036905361505762,10.0,282.0,0.0,36.0,0.9818840579710144,0.9325194084486008,0.4390682953784783,
Internet-Advertisements,LogisticRegression,Quantile Binning + Scaling,7,True,8.26315760000034,0.2659229000000778,,,78.0,2538.0,0.0,335.0,0.9825786066319784,0.9585644793004334,0.4084606944662946,8.0,282.0,0.0,38.0,0.9821153253160654,0.950795783425424,0.3914854653307289,
Internet-Advertisements,LogisticRegression,Quantile Binning + Scaling,8,True,8.58073990000048,0.2103985000012471,,,332.0,2533.0,5.0,81.0,0.9777536410244668,0.955412475852552,0.8747329626655145,32.0,282.0,0.0,14.0,0.9686247301880976,0.9399425408525628,0.8140944086701292,
Internet-Advertisements,LogisticRegression,Quantile Binning + Scaling,9,True,8.594429800001308,0.3671856000000844,,,413.0,4.0,2534.0,0.0,0.9756881836759226,0.950707461061264,0.0148617223920445,46.0,0.0,282.0,0.0,0.990440949737897,0.95276169867988,0.0,
Internet-Advertisements,LogisticRegression,Quantile Binning + Scaling,10,True,8.244070999999167,0.3435830999987956,,,407.0,1511.0,1027.0,7.0,0.980079601649136,0.9580680500963548,0.4018793399986173,41.0,162.0,120.0,4.0,0.9332545311268716,0.9005627604057906,0.3345984315866892,
Internet-Advertisements,LogisticRegression,SMOTE,1,False,8.281768899998497,0.4286027999987709,253.47929763793945,5.187220573425293,380.0,2498.0,40.0,33.0,0.982743175404553,0.95590166954097,0.8980078518244899,40.0,278.0,4.0,6.0,0.9723250077089116,0.929304404302464,0.8715202244932119,
Internet-Advertisements,LogisticRegression,SMOTE,2,False,42.249849100000574,0.4997821000015392,,,381.0,2501.0,37.0,32.0,0.9848482246607022,0.9604111860836674,0.9033834495766304,37.0,278.0,4.0,9.0,0.9397934011717544,0.8803198788129096,0.8296358657834666,
Internet-Advertisements,LogisticRegression,SMOTE,3,False,42.10185319999982,0.4027029999997467,,,381.0,2495.0,43.0,32.0,0.982301463278744,0.9587597584059436,0.8956947707152869,42.0,278.0,4.0,4.0,0.9775670675300648,0.8964326975654511,0.898859081097749,
Internet-Advertisements,LogisticRegression,SMOTE,4,False,43.59194109999953,0.3493588999990606,,,381.0,2505.0,33.0,32.0,0.9822160783213794,0.9567197801213708,0.9085956985943672,41.0,275.0,7.0,5.0,0.9842352759790318,0.9442114543554364,0.8512619211705745,
Internet-Advertisements,LogisticRegression,SMOTE,5,False,44.454241499999625,0.4285749999999098,,,374.0,2502.0,36.0,39.0,0.982451244712334,0.9534077918040508,0.8941115508337831,44.0,277.0,5.0,2.0,0.9801110083256244,0.967614754768889,0.9144760967823008,
Internet-Advertisements,LogisticRegression,SMOTE,6,False,44.49064989999897,0.3647670999998809,,,379.0,2501.0,37.0,34.0,0.983070881916897,0.9569816311522428,0.9003671738671468,39.0,278.0,4.0,7.0,0.9882053654024052,0.959240132077172,0.8576818849094476,
Internet-Advertisements,LogisticRegression,SMOTE,7,False,45.818378400001166,0.3337702999997418,,,378.0,2496.0,42.0,35.0,0.9802030921756852,0.9519819742531046,0.8924166180268402,43.0,275.0,7.0,3.0,0.9949892075238976,0.972518618123344,0.8790596193940847,
Internet-Advertisements,LogisticRegression,SMOTE,8,False,45.92527530000007,0.2833253999997396,,,379.0,2498.0,40.0,34.0,0.9829516291831474,0.9559212923675102,0.896494505660782,43.0,273.0,9.0,3.0,0.9907493061979648,0.9669383063569676,0.8583637745709013,
Internet-Advertisements,LogisticRegression,SMOTE,9,False,45.52033070000107,0.3590195999986463,,,379.0,2496.0,42.0,34.0,0.9819675556242452,0.9538318323806382,0.893934231094129,43.0,277.0,5.0,3.0,0.959990749306198,0.9210287383397792,0.9009441115876472,
Internet-Advertisements,LogisticRegression,SMOTE,10,False,45.1492089000003,0.307092899998679,,,377.0,2504.0,34.0,37.0,0.9837870170509702,0.9569858490197656,0.899968519288954,38.0,277.0,5.0,7.0,0.9583924349881796,0.9218814161157504,0.8427381959512873,
Internet-Advertisements,LogisticRegression,SMOTE + Scaling,1,True,4.183460799999011,0.4321975000002567,253.50290870666504,5.223199844360352,395.0,2517.0,21.0,18.0,0.9919647507999472,0.9821428987852706,0.9452761041373512,39.0,275.0,7.0,7.0,0.9631514030218932,0.9092723515519436,0.8230033919210608,
Internet-Advertisements,LogisticRegression,SMOTE + Scaling,2,True,3.589008199998716,0.4393134000001737,,,390.0,2493.0,45.0,23.0,0.991741986693303,0.9733113737566774,0.9067833620101956,34.0,265.0,17.0,12.0,0.8764261486278137,0.8019501738291991,0.6505044001112653,
Internet-Advertisements,LogisticRegression,SMOTE + Scaling,3,True,3.9745629000008194,0.3763328000004549,,,397.0,2510.0,28.0,16.0,0.992437945647466,0.9826989245613158,0.9389380918130468,44.0,275.0,7.0,2.0,0.9851218008017268,0.9325033220542056,0.8927999295644734,
Internet-Advertisements,LogisticRegression,SMOTE + Scaling,4,True,4.304520600000615,0.394049400001677,,,392.0,2513.0,25.0,21.0,0.990318586063267,0.9802324790553107,0.9355238682750612,41.0,277.0,5.0,5.0,0.9821538698735738,0.9274600958687622,0.8735738513721862,
Internet-Advertisements,LogisticRegression,SMOTE + Scaling,5,True,4.516983199999231,0.3601942000004783,,,396.0,2512.0,26.0,17.0,0.9905012812513714,0.9806471564794614,0.9400919468288949,41.0,278.0,4.0,5.0,0.9651557200123342,0.924037698668474,0.8852439855259969,
Internet-Advertisements,LogisticRegression,SMOTE + Scaling,6,True,4.837839800000438,0.2685999000004813,,,393.0,2521.0,17.0,20.0,0.9931358126453692,0.981660542606722,0.9477662439058202,40.0,275.0,7.0,6.0,0.9858926919518964,0.94805903485012,0.8371932867487945,
Internet-Advertisements,LogisticRegression,SMOTE + Scaling,7,True,5.048772299998745,0.2725929000007454,,,396.0,2506.0,32.0,17.0,0.9907021028550058,0.9720843678627652,0.932259401117662,44.0,271.0,11.0,2.0,0.9817298797409806,0.9356517200513338,0.8528129915288233,
Internet-Advertisements,LogisticRegression,SMOTE + Scaling,8,True,4.671350700000403,0.3766152999996848,,,391.0,2499.0,39.0,22.0,0.9904168503158766,0.9740410716523132,0.91584084070666,40.0,272.0,10.0,6.0,0.9648473635522664,0.9119695904319364,0.805779827333446,
Internet-Advertisements,LogisticRegression,SMOTE + Scaling,9,True,4.588080499999705,0.2184202000007644,,,394.0,2514.0,24.0,19.0,0.9919971875435272,0.9832563001589574,0.9397989255906436,42.0,279.0,3.0,4.0,0.9899784150477952,0.963071139601299,0.9107634113699524,
Internet-Advertisements,LogisticRegression,SMOTE + Scaling,10,True,4.40181130000019,0.1976470000008703,,,398.0,2520.0,18.0,16.0,0.9926408446682884,0.986566342306193,0.952339105423167,38.0,274.0,8.0,7.0,0.9546887312844758,0.8865925637527463,0.8085914688146897,
Internet-Advertisements,LogisticRegression,Select Percentile (MI),1,False,20.532271500000206,0.4053915000004053,240.9244976043701,0.2752799987792969,347.0,2528.0,10.0,66.0,0.9776138768205124,0.9417354469025024,0.8896921080060556,36.0,281.0,1.0,10.0,0.9641535615171136,0.918877894595918,0.8551227631082602,
Internet-Advertisements,LogisticRegression,Select Percentile (MI),2,False,20.61024720000023,0.4943487000000459,,,340.0,2529.0,9.0,73.0,0.9800280291625404,0.9487394208714062,0.8806606479149843,32.0,280.0,2.0,14.0,0.9252235584335492,0.8737029400081561,0.7843901306855713,
Internet-Advertisements,LogisticRegression,Select Percentile (MI),3,False,19.896048700000392,0.5514473999992333,,,339.0,2529.0,9.0,74.0,0.9770567280484338,0.9466021406047072,0.8791510172347183,40.0,281.0,1.0,6.0,0.9757169287696578,0.8779711174109238,0.9092809088986794,
Internet-Advertisements,LogisticRegression,Select Percentile (MI),4,False,22.8581080999993,0.4550206000003527,,,337.0,2529.0,9.0,76.0,0.9749931787436296,0.9411937891958648,0.876127465399095,38.0,281.0,1.0,8.0,0.983695652173913,0.9511564057277,0.8824289030476793,
Internet-Advertisements,LogisticRegression,Select Percentile (MI),5,False,24.705832100000407,0.2616669999988517,,,336.0,2529.0,9.0,77.0,0.9770572050593688,0.9394396550512014,0.8746135268328481,35.0,280.0,2.0,11.0,0.9770274437249462,0.9621801828274568,0.8273689271395773,
Internet-Advertisements,LogisticRegression,Select Percentile (MI),6,False,25.20019799999864,0.3057826000003842,,,334.0,2528.0,10.0,79.0,0.9768363489964644,0.9436271588340154,0.8700544572571818,34.0,282.0,0.0,12.0,0.9728646315140302,0.9266391183563109,0.841998720668748,
Internet-Advertisements,LogisticRegression,Select Percentile (MI),7,False,24.06535040000017,0.2781216000003041,,,343.0,2527.0,11.0,70.0,0.9744713287807408,0.938417607830278,0.8821753897653386,39.0,280.0,2.0,7.0,0.990440949737897,0.957012113912068,0.8827325611936084,
Internet-Advertisements,LogisticRegression,Select Percentile (MI),8,False,24.3874726999984,0.2085924000002705,,,332.0,2528.0,10.0,81.0,0.976316884088251,0.9410354553204392,0.8670115607490984,37.0,282.0,0.0,9.0,0.9824236817761332,0.9589804698154708,0.882876599076943,
Internet-Advertisements,LogisticRegression,Select Percentile (MI),9,False,24.279522999999244,0.2365339000007225,,,339.0,2528.0,10.0,74.0,0.9761422980860414,0.9399766694237072,0.8776359499425644,41.0,281.0,1.0,5.0,0.9744064138143694,0.928344819813969,0.9225512984541492,
Internet-Advertisements,LogisticRegression,Select Percentile (MI),10,False,23.956916700000875,0.2288330000010319,,,351.0,2527.0,11.0,63.0,0.9776803219089168,0.9442542255238038,0.8929409958863236,33.0,281.0,1.0,12.0,0.9604806934594168,0.9121419130066304,0.8236710548951947,
Internet-Advertisements,LogisticRegression,Select Percentile (MI) + Scaling,1,True,19.59414939999988,0.4101527000002534,240.92455959320068,0.2934217453002929,377.0,2529.0,9.0,36.0,0.9930423185021092,0.9761519598705424,0.9355874741506804,39.0,278.0,4.0,7.0,0.9644619179771816,0.9271979708043036,0.8576818849094476,
Internet-Advertisements,LogisticRegression,Select Percentile (MI) + Scaling,2,True,17.495845700001155,0.2671133999992889,,,376.0,2530.0,8.0,37.0,0.9948105980381494,0.9829362511372984,0.9355647041412446,35.0,279.0,3.0,11.0,0.9411810052420598,0.8753440541845676,0.8139689398307893,
Internet-Advertisements,LogisticRegression,Select Percentile (MI) + Scaling,3,True,17.74398140000085,0.2923090999993292,,,371.0,2526.0,12.0,42.0,0.9953500974056328,0.9800945291161832,0.9224777433231756,39.0,278.0,4.0,7.0,0.990286771507863,0.9459260739777978,0.8576818849094476,
Internet-Advertisements,LogisticRegression,Select Percentile (MI) + Scaling,4,True,17.44228320000002,0.3180634000000282,,,367.0,2530.0,8.0,46.0,0.989578265092149,0.9733464260586492,0.9223696997647272,40.0,281.0,1.0,6.0,0.9782994141227258,0.9472853456402164,0.9092809088986794,
Internet-Advertisements,LogisticRegression,Select Percentile (MI) + Scaling,5,True,17.320555899999817,0.2765147999998589,,,365.0,2526.0,12.0,48.0,0.9850232876738464,0.9698125046148282,0.9136061734890224,37.0,280.0,2.0,9.0,0.9864323157570152,0.9513073014727036,0.8553026912201592,
Internet-Advertisements,LogisticRegression,Select Percentile (MI) + Scaling,6,True,17.240806199999497,0.1791681000013341,,,371.0,2528.0,10.0,42.0,0.9927437096568,0.9766274362859384,0.9253511478451304,34.0,279.0,3.0,12.0,0.9350138760407032,0.8808663802184283,0.7996150911708944,
Internet-Advertisements,LogisticRegression,Select Percentile (MI) + Scaling,7,True,17.784433299999364,0.2653694000000541,,,367.0,2532.0,6.0,46.0,0.9901010690769076,0.9721086787633738,0.925303163698854,39.0,279.0,3.0,7.0,0.9819611470860314,0.9627964276388384,0.8699988799246319,
Internet-Advertisements,LogisticRegression,Select Percentile (MI) + Scaling,8,True,17.11698189999879,0.2890128999988519,,,371.0,2524.0,14.0,42.0,0.9851473105169464,0.9696131468583958,0.919625363545192,38.0,279.0,3.0,8.0,0.9894387912426764,0.9622981166148838,0.8561842134885375,
Internet-Advertisements,LogisticRegression,Select Percentile (MI) + Scaling,9,True,17.361383399998886,0.3193886000008206,,,361.0,2529.0,9.0,52.0,0.9886790994796764,0.9733150213647734,0.9120479049156452,42.0,280.0,2.0,4.0,0.9885137218624732,0.9633348944241856,0.9230448520407556,
Internet-Advertisements,LogisticRegression,Select Percentile (MI) + Scaling,10,True,17.266339899999366,0.1796745999999984,,,383.0,2529.0,9.0,31.0,0.9929753733587632,0.9848359211741894,0.9430039120496734,35.0,277.0,5.0,10.0,0.9583530338849487,0.9024912823037632,0.7990987970761632,
Internet-Advertisements,LogisticRegression,Random Undersampling,1,False,4.031675600001108,0.4238488000009965,240.9308214187622,0.2841043472290039,369.0,2488.0,50.0,44.0,0.977340549554758,0.9371364733346184,0.8685105236703806,40.0,278.0,4.0,6.0,0.96754548257786,0.9063637608692222,0.8715202244932119,
Internet-Advertisements,LogisticRegression,Random Undersampling,2,True,2.9744742999992013,0.3801615000011225,,,373.0,2478.0,60.0,40.0,0.9793978977174072,0.9346075970750816,0.8623594814102109,37.0,276.0,6.0,9.0,0.9360931236509406,0.8715832210663518,0.8056530966256861,
Internet-Advertisements,LogisticRegression,Random Undersampling,3,False,3.2621737999998004,0.3071557999992365,,,368.0,2492.0,46.0,45.0,0.9783995138304552,0.9380239230588336,0.8720335825328036,41.0,278.0,4.0,5.0,0.9721708294788776,0.8852043598365237,0.8852439855259969,
Internet-Advertisements,LogisticRegression,Random Undersampling,4,False,3.4449365999989823,0.3382873000009567,,,367.0,2491.0,47.0,46.0,0.9760111200789168,0.934100253499068,0.8692211120665294,41.0,275.0,7.0,5.0,0.9826934936786926,0.9407128989938832,0.8512619211705745,
Internet-Advertisements,LogisticRegression,Random Undersampling,5,True,3.780432600000495,0.3217580000000453,,,366.0,2493.0,45.0,47.0,0.9769999637471688,0.9328619643999172,0.8702357323580983,43.0,278.0,4.0,3.0,0.979031760715387,0.9632714639719984,0.912371074133428,
Internet-Advertisements,LogisticRegression,Random Undersampling,6,False,3.4596689000009064,0.3335616999993362,,,371.0,2486.0,52.0,42.0,0.9781729336363308,0.9335520595836188,0.869092218716282,39.0,279.0,3.0,7.0,0.9794172062904718,0.9353258841907977,0.8699988799246319,
Internet-Advertisements,LogisticRegression,Random Undersampling,7,False,3.55411230000027,0.3181002999990596,,,369.0,2475.0,63.0,44.0,0.9754148564101682,0.9282898653348016,0.8525200254139146,42.0,274.0,8.0,4.0,0.98859081097749,0.946725052598772,0.8546330220405385,
Internet-Advertisements,LogisticRegression,Random Undersampling,8,False,3.365303099999437,0.3090599000006477,,,368.0,2486.0,52.0,45.0,0.976952739664604,0.9322915261228928,0.8644604490385915,43.0,271.0,11.0,3.0,0.9852759790317608,0.9562141365911752,0.8387460670369723,
Internet-Advertisements,LogisticRegression,Random Undersampling,9,True,3.323455199999444,0.3473341999997501,,,367.0,2480.0,58.0,46.0,0.9782993415341052,0.9356772186634452,0.8554819138689762,43.0,275.0,7.0,3.0,0.9707061362935556,0.9142828869455336,0.8790596193940847,
Internet-Advertisements,LogisticRegression,Random Undersampling,10,False,3.217638699999952,0.2084789000000455,,,372.0,2487.0,51.0,42.0,0.9786705839357704,0.936344695081328,0.8706056366975206,37.0,275.0,7.0,8.0,0.9628053585500396,0.9082149642902136,0.8049839638822128,
Internet-Advertisements,LogisticRegression,Random Undersampling + Scaling,1,True,3.479466599999796,0.4400974000000133,240.9313097000122,0.320073127746582,394.0,2374.0,164.0,19.0,0.9637800826946156,0.6886611954202738,0.7879859064378306,40.0,263.0,19.0,6.0,0.9501233425840272,0.6948508148134647,0.7252340826512951,
Internet-Advertisements,LogisticRegression,Random Undersampling + Scaling,2,True,2.0508644999990797,0.3170210999996925,,,395.0,2289.0,249.0,18.0,0.9353707424388996,0.5124350704153324,0.7209366787148801,36.0,243.0,39.0,10.0,0.8421985815602837,0.3861398306198866,0.5327310430495866,
Internet-Advertisements,LogisticRegression,Random Undersampling + Scaling,3,True,2.31670209999902,0.3685100999991846,,,399.0,2278.0,260.0,14.0,0.957494986615073,0.6438744983107021,0.7194705746508697,45.0,254.0,28.0,1.0,0.9572155411655874,0.6145978697803215,0.7337465063049057,
Internet-Advertisements,LogisticRegression,Random Undersampling + Scaling,4,True,1.9822002000000796,0.2982828999993216,,,393.0,2270.0,268.0,20.0,0.9304451275241036,0.5030452496817492,0.7039825456925515,43.0,252.0,30.0,3.0,0.9157030527289548,0.47365864952097,0.6915313065034657,
Internet-Advertisements,LogisticRegression,Random Undersampling + Scaling,5,True,2.420949499999552,0.3006504999993922,,,397.0,2356.0,182.0,16.0,0.963279221212867,0.6504838472356735,0.7771307996004388,41.0,262.0,20.0,5.0,0.9355534998458216,0.5845991666111925,0.7321486002306967,
Internet-Advertisements,LogisticRegression,Random Undersampling + Scaling,6,True,2.302350199999637,0.361199700000725,,,396.0,2304.0,234.0,17.0,0.9512208617870356,0.6046558344217815,0.7337554067328722,43.0,262.0,20.0,3.0,0.9606845513413506,0.6442959983094538,0.7614719962531765,
Internet-Advertisements,LogisticRegression,Random Undersampling + Scaling,7,True,2.269091100000878,0.2920460000004823,,,393.0,2343.0,195.0,20.0,0.9569783837724696,0.6118709378881478,0.7597664999971471,44.0,257.0,25.0,2.0,0.9540548874498922,0.6032230333763157,0.7394066410556039,
Internet-Advertisements,LogisticRegression,Random Undersampling + Scaling,8,True,2.245730900000126,0.265484399998968,,,394.0,2349.0,189.0,19.0,0.9473880789243212,0.5686928250451783,0.7663813368008945,41.0,252.0,30.0,5.0,0.9328553808202282,0.5227239605407115,0.6618108557764528,
Internet-Advertisements,LogisticRegression,Random Undersampling + Scaling,9,True,2.1577258999986952,0.3088219000001118,,,397.0,2361.0,177.0,16.0,0.9617756827457512,0.6311240966505547,0.7814135951406401,44.0,262.0,20.0,2.0,0.9556737588652484,0.608825173589009,0.775977281473938,
Internet-Advertisements,LogisticRegression,Random Undersampling + Scaling,10,True,2.2337870999999723,0.1951743999998143,,,398.0,2301.0,237.0,16.0,0.94242347239829,0.5361702355241204,0.7335029022224081,40.0,263.0,19.0,5.0,0.9392434988179668,0.595737280048279,0.7359559990826348,
Internet-Advertisements,KNN,Baseline,1,,3.224377300000924,0.4991354000012507,240.9286470413208,35.365407943725586,331.0,2515.0,23.0,82.0,0.9906067006680062,0.9403805749539031,0.8461015796421731,29.0,279.0,3.0,17.0,0.933240826395313,0.8388940678454516,0.7253234758098225,
Internet-Advertisements,KNN,Baseline,2,,2.3137155000003986,0.5096864999995887,,,339.0,2517.0,21.0,74.0,0.9894136963195744,0.9392622602313212,0.8613614772554529,32.0,278.0,4.0,14.0,0.9299645390070922,0.824374377613923,0.7570178480755391,
Internet-Advertisements,KNN,Baseline,3,,2.283378800000719,0.4317793999998685,,,330.0,2512.0,26.0,83.0,0.9886719443156514,0.9345222302508258,0.8402083702440468,39.0,275.0,7.0,7.0,0.9761794634597596,0.8737238678453119,0.8230033919210608,
Internet-Advertisements,KNN,Baseline,4,,2.290044300001682,0.3807598000003054,,,335.0,2513.0,25.0,78.0,0.9844031734583484,0.9315129685853716,0.8494237017035644,37.0,277.0,5.0,9.0,0.9327012025901944,0.8321531760298837,0.8174464613951145,
Internet-Advertisements,KNN,Baseline,5,,2.35964469999999,0.3916399999998248,,,332.0,2511.0,27.0,81.0,0.9882197379492728,0.9371673003931832,0.8418959396659194,36.0,274.0,8.0,10.0,0.9411810052420598,0.8376276573919583,0.7684709693981241,
Internet-Advertisements,KNN,Baseline,6,,2.465161600001011,0.4422537999998894,,,331.0,2516.0,22.0,82.0,0.9862468207221182,0.9326427178442344,0.8475573258756912,38.0,279.0,3.0,8.0,0.9359389454209066,0.8556813017311427,0.8561842134885375,
Internet-Advertisements,KNN,Baseline,7,,2.517440199999328,0.4548938000007183,,,338.0,2511.0,27.0,75.0,0.984534828476408,0.9323914174224404,0.8512251410102167,37.0,274.0,8.0,9.0,0.9541319765649092,0.8715169418774933,0.7831662821501745,
Internet-Advertisements,KNN,Baseline,8,,2.6318563999993785,0.4551019999998971,,,339.0,2509.0,29.0,74.0,0.986992865824456,0.9363550639041986,0.8499556637534041,35.0,277.0,5.0,11.0,0.9292707369719396,0.8342697991153082,0.7885828436452768,
Internet-Advertisements,KNN,Baseline,9,,2.422475499999564,0.4545292999991943,,,332.0,2512.0,26.0,81.0,0.9851764081839812,0.9307685562221808,0.8433270537089621,39.0,278.0,4.0,7.0,0.9479648473635524,0.8872015834520612,0.8576818849094476,
Internet-Advertisements,KNN,Baseline,10,,2.527603999998973,0.2620473000006313,,,334.0,2516.0,22.0,80.0,0.9875420183262716,0.9390804562775916,0.8509876343276765,33.0,278.0,4.0,12.0,0.8969661150512214,0.7596666394917213,0.7820775014146313,
Internet-Advertisements,KNN,Standard Scaling,1,,3.2916427999989537,0.5016673999998602,240.94254875183103,35.401397705078125,331.0,2535.0,3.0,82.0,0.9811900278001972,0.9489790900669468,0.8763602779051074,33.0,281.0,1.0,13.0,0.928191489361702,0.8570203181527362,0.8131944256771596,
Internet-Advertisements,KNN,Standard Scaling,2,,2.23912829999972,0.371636200001376,,,340.0,2529.0,9.0,73.0,0.9715844586021288,0.9371027124546388,0.8806606479149843,30.0,280.0,2.0,16.0,0.8811671292013568,0.7736908743959214,0.754913786763258,
Internet-Advertisements,KNN,Standard Scaling,3,,2.4214269000003696,0.4301866000005248,,,328.0,2532.0,6.0,85.0,0.9785578814608744,0.9451585176902528,0.8671112831155304,41.0,280.0,2.0,5.0,0.9865864939870488,0.9619359331059988,0.9097106731932092,
Internet-Advertisements,KNN,Standard Scaling,4,,2.4531714000004285,0.4242547999983799,,,328.0,2532.0,6.0,85.0,0.9729501409090302,0.9388526475114732,0.8671112831155304,35.0,282.0,0.0,11.0,0.9530527289546716,0.9041043847111438,0.8557479162791201,
Internet-Advertisements,KNN,Standard Scaling,5,,2.399557699998695,0.3847050999993371,,,331.0,2526.0,12.0,82.0,0.979893035067936,0.9481452203151256,0.86243870024748,35.0,280.0,2.0,11.0,0.9535152636447736,0.9073642888595168,0.8273689271395773,
Internet-Advertisements,KNN,Standard Scaling,6,,2.58218289999968,0.4147296999999526,,,337.0,2533.0,5.0,76.0,0.978772536381624,0.945829301455268,0.8822685305480609,33.0,280.0,2.0,13.0,0.950200431699044,0.8914235574803182,0.7988714590269314,
Internet-Advertisements,KNN,Standard Scaling,7,,2.6423735999997007,0.3232277000006434,,,330.0,2525.0,13.0,83.0,0.9720295098044828,0.9334092345636522,0.8593911735335026,36.0,281.0,1.0,10.0,0.95259019426457,0.905801878230298,0.8551227631082602,
Internet-Advertisements,KNN,Standard Scaling,8,,2.7093119000001025,0.3691114000012021,,,315.0,2534.0,4.0,98.0,0.9706628734757116,0.935280267542318,0.850442022675135,29.0,282.0,0.0,17.0,0.9391766882516188,0.8652685805024695,0.7710970526035966,
Internet-Advertisements,KNN,Standard Scaling,9,,2.65303270000004,0.45133050000004,,,340.0,2529.0,9.0,73.0,0.9737620135203978,0.9391212716888568,0.8806606479149843,39.0,281.0,1.0,7.0,0.9541319765649092,0.9126787830720836,0.8959086414526007,
Internet-Advertisements,KNN,Standard Scaling,10,,2.526081300000442,0.257358099999692,,,335.0,2531.0,7.0,79.0,0.9778330725627468,0.9467222625109863,0.874932042599319,34.0,277.0,5.0,11.0,0.9274625689519308,0.8580546036412702,0.7842520542383002,
Internet-Advertisements,KNN,MinMax Scaling,1,,3.2765565999998216,0.4905796000002738,240.92490577697757,35.42526912689209,339.0,2530.0,8.0,74.0,0.9925047271783658,0.9698119545303516,0.8806721963196757,32.0,281.0,1.0,14.0,0.9620336108541474,0.9068477786644418,0.7989289400529321,
Internet-Advertisements,KNN,MinMax Scaling,2,,2.2076033000012103,0.4316526000002341,,,344.0,2527.0,11.0,69.0,0.9803652758935846,0.9517182722368857,0.8836839532145663,31.0,278.0,4.0,15.0,0.9033687943262412,0.8027779510531678,0.7419950017747426,
Internet-Advertisements,KNN,MinMax Scaling,3,,2.398635300000024,0.416013699999894,,,344.0,2529.0,9.0,69.0,0.9852994770052108,0.9537852820114142,0.8866850692144588,42.0,280.0,2.0,4.0,0.9845436324390996,0.9402493785057344,0.9230448520407556,
Internet-Advertisements,KNN,MinMax Scaling,4,,2.2727672000000894,0.3781520999982604,,,340.0,2534.0,4.0,73.0,0.9837577776632952,0.9558901904087904,0.8883165224286755,39.0,281.0,1.0,7.0,0.9531683626271972,0.912321384577482,0.8959086414526007,
Internet-Advertisements,KNN,MinMax Scaling,5,,2.4961000999992398,0.3892986999999266,,,338.0,2530.0,8.0,75.0,0.988882306137986,0.9647495844515938,0.8791634982158562,34.0,281.0,1.0,12.0,0.9529756398396546,0.9034584777707476,0.8273096876530257,
Internet-Advertisements,KNN,MinMax Scaling,6,,2.435537100000147,0.3585982999993575,,,345.0,2530.0,8.0,68.0,0.9881939793587828,0.9547236009665694,0.8896948956251332,34.0,281.0,1.0,12.0,0.939099599136602,0.8801844388153545,0.8273096876530257,
Internet-Advertisements,KNN,MinMax Scaling,7,,2.6237702000016725,0.3846408999997948,,,335.0,2531.0,7.0,78.0,0.9850065922911216,0.9518281001568878,0.8761657426284759,35.0,281.0,1.0,11.0,0.961995066296639,0.9144456227170968,0.8412831832006895,
Internet-Advertisements,KNN,MinMax Scaling,8,,2.551279600000271,0.3022934000000532,,,334.0,2532.0,6.0,79.0,0.9810163958198578,0.9554905740744236,0.8761994029081733,31.0,281.0,1.0,15.0,0.9503931544865863,0.8874750956007583,0.7845040977166936,
Internet-Advertisements,KNN,MinMax Scaling,9,,2.535662299998876,0.2728549000003113,,,341.0,2529.0,9.0,72.0,0.9893831676197344,0.9613600485256686,0.8821688599375757,39.0,281.0,1.0,7.0,0.9654255319148936,0.9354748438788736,0.8959086414526007,
Internet-Advertisements,KNN,MinMax Scaling,10,,2.520787299999938,0.2539087999994081,,,340.0,2530.0,8.0,74.0,0.9854882120274244,0.9606706662510588,0.8809359983850442,37.0,281.0,1.0,8.0,0.9299842395587076,0.8737579805783573,0.8800396011610016,
Internet-Advertisements,KNN,IQR Capping,1,,8.092640000000756,1.5310207000002265,240.9295473098755,35.41945934295654,326.0,2513.0,25.0,87.0,0.9732702152464144,0.9118226673835202,0.8354000123772687,28.0,277.0,5.0,18.0,0.9379047178538392,0.8167556061786787,0.6821774620679192,
Internet-Advertisements,KNN,IQR Capping,2,,4.981668100001116,1.999310799999876,,,324.0,2504.0,34.0,89.0,0.9674206301505256,0.8913585074652753,0.8193941391662513,30.0,277.0,5.0,16.0,0.9163968547641071,0.800144416574404,0.7135567731486482,
Internet-Advertisements,KNN,IQR Capping,3,,5.07356769999933,1.995289200000116,,,323.0,2509.0,29.0,90.0,0.9560133906509674,0.8814133514777241,0.8249106863946384,38.0,276.0,6.0,8.0,0.941026827012026,0.8051300934069849,0.8199955969456679,
Internet-Advertisements,KNN,IQR Capping,4,,5.138693799999601,2.0161745000004885,,,318.0,2507.0,31.0,95.0,0.976308774902356,0.904698391139477,0.8141172925217459,36.0,274.0,8.0,10.0,0.9266111625038544,0.7831689081901171,0.7684709693981241,
Internet-Advertisements,KNN,IQR Capping,5,,5.073103500000798,1.9455036999988808,,,327.0,2500.0,38.0,86.0,0.9630502559640676,0.8945573100459769,0.8185903851986858,34.0,274.0,8.0,12.0,0.9373650940487204,0.8166612629837691,0.7386178336008384,
Internet-Advertisements,KNN,IQR Capping,6,,5.263976000000184,1.7791042999997444,,,326.0,2508.0,30.0,87.0,0.9728533076892254,0.9051288460267172,0.8282129715846813,39.0,277.0,5.0,7.0,0.922062904717854,0.8210352111842316,0.8457579107194398,
Internet-Advertisements,KNN,IQR Capping,7,,5.28058240000064,1.736839700000928,,,333.0,2504.0,34.0,80.0,0.9740987832405072,0.9065172243363436,0.8336033119155556,35.0,274.0,8.0,11.0,0.9350524205982116,0.8140584010400647,0.7536243083419245,
Internet-Advertisements,KNN,IQR Capping,8,,5.1551510999997845,1.6674669000003632,,,316.0,2500.0,38.0,97.0,0.9536984565834188,0.8645617026959453,0.8010093169882163,35.0,273.0,9.0,11.0,0.9185938945420906,0.7849055165988919,0.7427086556243521,
Internet-Advertisements,KNN,IQR Capping,9,,5.084989200000564,1.607091900001251,,,337.0,2511.0,27.0,76.0,0.9755617757781478,0.9191139159663732,0.8496742489140864,38.0,277.0,5.0,8.0,0.9660037002775208,0.8938901704359763,0.8316674907675669,
Internet-Advertisements,KNN,IQR Capping,10,,5.215468299998975,1.401739599999928,,,336.0,2500.0,38.0,78.0,0.980942809393832,0.9151611123989444,0.8316122917966265,33.0,279.0,3.0,12.0,0.8871946414499605,0.7600948452045412,0.7954046718747413,
Internet-Advertisements,KNN,IQR Capping + Scaling,1,,8.166885399999956,1.5473923999998078,240.9273157119751,35.455440521240234,201.0,2535.0,3.0,212.0,0.911490621010996,0.7928768852451903,0.6639973549417938,23.0,281.0,1.0,23.0,0.933163737280296,0.8262942459224945,0.6619725557388687,
Internet-Advertisements,KNN,IQR Capping + Scaling,2,,5.068228500000259,2.0101417000005317,,,210.0,2533.0,5.0,203.0,0.9159602134719336,0.7554554019997615,0.6761248288179486,21.0,281.0,1.0,25.0,0.8485198889916743,0.6684336930890483,0.6287909225779037,
Internet-Advertisements,KNN,IQR Capping + Scaling,3,,5.130075200000647,2.004633200000171,,,211.0,2536.0,2.0,202.0,0.9224265737067756,0.8002552715667237,0.6838743704015122,23.0,281.0,1.0,23.0,0.972132284921369,0.8488886330697692,0.6619725557388687,
Internet-Advertisements,KNN,IQR Capping + Scaling,4,,5.028714799998852,1.9750215000003664,,,176.0,2533.0,5.0,237.0,0.8874502239089329,0.716950017192568,0.6133267659631834,15.0,282.0,0.0,31.0,0.86054579093432,0.6669624247109894,0.5420247266300422,
Internet-Advertisements,KNN,IQR Capping + Scaling,5,,5.191542999999001,1.8785800999994533,,,295.0,2523.0,15.0,118.0,0.9277557398725808,0.8264828293207671,0.8015292015027534,29.0,280.0,2.0,17.0,0.9209836571076164,0.8386443390345577,0.7398968790298203,
Internet-Advertisements,KNN,IQR Capping + Scaling,6,,5.209168000001228,1.8271846999996344,,,208.0,2535.0,3.0,205.0,0.8988836990099162,0.7855892899012575,0.6765456626510282,20.0,282.0,0.0,26.0,0.8006475485661425,0.648961553214052,0.6309359560913266,
Internet-Advertisements,KNN,IQR Capping + Scaling,7,,5.269015899999431,1.859502799999973,,,164.0,2535.0,3.0,249.0,0.8890567967380084,0.7118647667412844,0.5944660888435347,14.0,282.0,0.0,32.0,0.8579247610237435,0.6536762106751502,0.5228111390575766,
Internet-Advertisements,KNN,IQR Capping + Scaling,8,,5.376198699999804,1.7005031000007875,,,225.0,2523.0,15.0,188.0,0.9114133452395262,0.7815023944644327,0.683983717125833,22.0,281.0,1.0,24.0,0.8877197039777983,0.7308594730559782,0.6455388390947174,
Internet-Advertisements,KNN,IQR Capping + Scaling,9,,5.31121069999972,1.5159788000000844,,,232.0,2534.0,4.0,181.0,0.9253973978099472,0.8008875320588412,0.7164694339742274,30.0,280.0,2.0,16.0,0.9473481344434168,0.8327748975557389,0.754913786763258,
Internet-Advertisements,KNN,IQR Capping + Scaling,10,,5.267202499999257,1.504934200000207,,,246.0,2526.0,12.0,168.0,0.9364623900290464,0.8123924099556584,0.7247739069052249,27.0,281.0,1.0,18.0,0.8962174940898345,0.7772591767846434,0.7343330660506686,
Internet-Advertisements,KNN,IQR Removal,1,,8.02125519999936,0.4960058999986358,240.9265956878662,35.365596771240234,331.0,2515.0,23.0,82.0,0.9906067006680062,0.9403805749539031,0.8461015796421731,29.0,279.0,3.0,17.0,0.933240826395313,0.8388940678454516,0.7253234758098225,
Internet-Advertisements,KNN,IQR Removal,2,,4.989107199999125,0.5399381000006542,,,339.0,2517.0,21.0,74.0,0.9894136963195744,0.9392622602313212,0.8613614772554529,32.0,278.0,4.0,14.0,0.9299645390070922,0.824374377613923,0.7570178480755391,
Internet-Advertisements,KNN,IQR Removal,3,,6.937794299999951,0.4352216999996017,,,330.0,2512.0,26.0,83.0,0.9886719443156514,0.9345222302508258,0.8402083702440468,39.0,275.0,7.0,7.0,0.9761794634597596,0.8737238678453119,0.8230033919210608,
Internet-Advertisements,KNN,IQR Removal,4,,6.83169049999924,0.391852699998708,,,335.0,2513.0,25.0,78.0,0.9844031734583484,0.9315129685853716,0.8494237017035644,37.0,277.0,5.0,9.0,0.9327012025901944,0.8321531760298837,0.8174464613951145,
Internet-Advertisements,KNN,IQR Removal,5,,6.830440099998668,0.3849674999983108,,,332.0,2511.0,27.0,81.0,0.9882197379492728,0.9371673003931832,0.8418959396659194,36.0,274.0,8.0,10.0,0.9411810052420598,0.8376276573919583,0.7684709693981241,
Internet-Advertisements,KNN,IQR Removal,6,,8.337719099999958,0.3488756000006106,,,331.0,2516.0,22.0,82.0,0.9862468207221182,0.9326427178442344,0.8475573258756912,38.0,279.0,3.0,8.0,0.9359389454209066,0.8556813017311427,0.8561842134885375,
Internet-Advertisements,KNN,IQR Removal,7,,6.513066400000753,0.4035652000002301,,,338.0,2511.0,27.0,75.0,0.984534828476408,0.9323914174224404,0.8512251410102167,37.0,274.0,8.0,9.0,0.9541319765649092,0.8715169418774933,0.7831662821501745,
Internet-Advertisements,KNN,IQR Removal,8,,6.556769099999656,0.4122592000003351,,,339.0,2509.0,29.0,74.0,0.986992865824456,0.9363550639041986,0.8499556637534041,35.0,277.0,5.0,11.0,0.9292707369719396,0.8342697991153082,0.7885828436452768,
Internet-Advertisements,KNN,IQR Removal,9,,6.7339769000009255,0.3043283999995765,,,332.0,2512.0,26.0,81.0,0.9851764081839812,0.9307685562221808,0.8433270537089621,39.0,278.0,4.0,7.0,0.9479648473635524,0.8872015834520612,0.8576818849094476,
Internet-Advertisements,KNN,IQR Removal,10,,5.990545900000143,0.3816018999987136,,,334.0,2516.0,22.0,80.0,0.9875420183262716,0.9390804562775916,0.8509876343276765,33.0,278.0,4.0,12.0,0.8969661150512214,0.7596666394917213,0.7820775014146313,
Internet-Advertisements,KNN,IQR Removal + Scaling,1,,8.185437099999035,0.5014317999994091,240.9227991104126,35.401577949523926,331.0,2535.0,3.0,82.0,0.9811900278001972,0.9489790900669468,0.8763602779051074,33.0,281.0,1.0,13.0,0.928191489361702,0.8570203181527362,0.8131944256771596,
Internet-Advertisements,KNN,IQR Removal + Scaling,2,,4.8742927000002965,0.5716151000015088,,,340.0,2529.0,9.0,73.0,0.9715844586021288,0.9371027124546388,0.8806606479149843,30.0,280.0,2.0,16.0,0.8811671292013568,0.7736908743959214,0.754913786763258,
Internet-Advertisements,KNN,IQR Removal + Scaling,3,,7.386668299999656,0.3884776999984751,,,328.0,2532.0,6.0,85.0,0.9785578814608744,0.9451585176902528,0.8671112831155304,41.0,280.0,2.0,5.0,0.9865864939870488,0.9619359331059988,0.9097106731932092,
Internet-Advertisements,KNN,IQR Removal + Scaling,4,,7.010352299999795,0.4170839999987947,,,328.0,2532.0,6.0,85.0,0.9729501409090302,0.9388526475114732,0.8671112831155304,35.0,282.0,0.0,11.0,0.9530527289546716,0.9041043847111438,0.8557479162791201,
Internet-Advertisements,KNN,IQR Removal + Scaling,5,,6.98485299999993,0.3332140999991679,,,331.0,2526.0,12.0,82.0,0.979893035067936,0.9481452203151256,0.86243870024748,35.0,280.0,2.0,11.0,0.9535152636447736,0.9073642888595168,0.8273689271395773,
Internet-Advertisements,KNN,IQR Removal + Scaling,6,,8.59366190000037,0.2980609999995067,,,337.0,2533.0,5.0,76.0,0.978772536381624,0.945829301455268,0.8822685305480609,33.0,280.0,2.0,13.0,0.950200431699044,0.8914235574803182,0.7988714590269314,
Internet-Advertisements,KNN,IQR Removal + Scaling,7,,6.720159500000591,0.3223688999987644,,,330.0,2525.0,13.0,83.0,0.9720295098044828,0.9334092345636522,0.8593911735335026,36.0,281.0,1.0,10.0,0.95259019426457,0.905801878230298,0.8551227631082602,
Internet-Advertisements,KNN,IQR Removal + Scaling,8,,6.632965499999045,0.4250824000009743,,,315.0,2534.0,4.0,98.0,0.9706628734757116,0.935280267542318,0.850442022675135,29.0,282.0,0.0,17.0,0.9391766882516188,0.8652685805024695,0.7710970526035966,
Internet-Advertisements,KNN,IQR Removal + Scaling,9,,6.895279399999708,0.3389944999998988,,,340.0,2529.0,9.0,73.0,0.9737620135203978,0.9391212716888568,0.8806606479149843,39.0,281.0,1.0,7.0,0.9541319765649092,0.9126787830720836,0.8959086414526007,
Internet-Advertisements,KNN,IQR Removal + Scaling,10,,6.120142300000225,0.3828295999992406,,,335.0,2531.0,7.0,79.0,0.9778330725627468,0.9467222625109863,0.874932042599319,34.0,277.0,5.0,11.0,0.9274625689519308,0.8580546036412702,0.7842520542383002,
Internet-Advertisements,KNN,Yeo-Johnson,1,,27.345219600001656,0.5294154000002891,240.93189811706543,35.37749004364014,367.0,1942.0,596.0,46.0,0.879877675315829,0.418326564118233,0.4837681765960745,41.0,215.0,67.0,5.0,0.8569226025285229,0.3874174082541264,0.483024504981136,
Internet-Advertisements,KNN,Yeo-Johnson,2,,13.86644139999953,0.5155384999998205,,,376.0,1901.0,637.0,37.0,0.8644525727107768,0.3842566815780663,0.4818431440233924,37.0,193.0,89.0,9.0,0.8011486278137527,0.3194775001718128,0.3489191699058081,
Internet-Advertisements,KNN,Yeo-Johnson,3,,14.19579049999993,0.416068799999266,,,370.0,1910.0,628.0,43.0,0.8696987389738922,0.4028739510203468,0.4755295252599223,41.0,203.0,79.0,5.0,0.8422756706753007,0.3734358562964077,0.4405932922105721,
Internet-Advertisements,KNN,Yeo-Johnson,4,,13.846230600000126,0.5016399000014644,,,368.0,1886.0,652.0,45.0,0.865815869963003,0.3953432090037594,0.462614081608291,42.0,208.0,74.0,4.0,0.8362241751464693,0.3501316708330484,0.472543780587468,
Internet-Advertisements,KNN,Yeo-Johnson,5,,13.831720199999836,0.4662860999997065,,,352.0,1906.0,632.0,61.0,0.8660787029881872,0.3969995968624524,0.443959983826601,37.0,214.0,68.0,9.0,0.8373034227567068,0.3634240598004413,0.4192075703207137,
Internet-Advertisements,KNN,Yeo-Johnson,6,,14.007118499999706,0.4613601999990351,,,370.0,1910.0,628.0,43.0,0.8669664203382199,0.4101996728515852,0.4755295252599223,33.0,203.0,79.0,13.0,0.7541242676534075,0.3026235006229268,0.3201819647396632,
Internet-Advertisements,KNN,Yeo-Johnson,7,,13.922268500000428,0.3448398000000452,,,368.0,1956.0,582.0,45.0,0.8826739134167911,0.422742877454807,0.4913762631803663,38.0,197.0,85.0,8.0,0.7985275979031761,0.3079084038508049,0.3763214630611564,
Internet-Advertisements,KNN,Yeo-Johnson,8,,14.054228400000284,0.4147369000002072,,,379.0,1909.0,629.0,34.0,0.8782081370433337,0.4134373247234264,0.4900348148009159,44.0,211.0,71.0,2.0,0.8724946037619488,0.3934724030756814,0.5128602326752757,
Internet-Advertisements,KNN,Yeo-Johnson,9,,13.7668919000007,0.4207855999993626,,,122.0,2304.0,234.0,291.0,0.6324473332226668,0.2218457163006647,0.2164476399570399,15.0,248.0,34.0,31.0,0.6076934936786925,0.2126353119310993,0.2001965243900159,
Internet-Advertisements,KNN,Yeo-Johnson,10,,13.998853600000077,0.2969493999989936,,,367.0,2006.0,532.0,47.0,0.8819365927753224,0.4240738639138316,0.5107051374445798,39.0,211.0,71.0,6.0,0.8236012608353034,0.3459467817831732,0.4483370050685374,
Internet-Advertisements,KNN,Yeo-Johnson + Scaling,1,,27.11636910000016,0.5460098999992624,240.9404983520508,35.413455963134766,297.0,2535.0,3.0,116.0,0.964451714091094,0.9182837729497102,0.824227884075504,28.0,281.0,1.0,18.0,0.9186324390995992,0.836648054970115,0.7401701960061425,
Internet-Advertisements,KNN,Yeo-Johnson + Scaling,2,,13.92164109999976,0.4875637000004644,,,307.0,2534.0,4.0,106.0,0.9542441570930572,0.8933926490889521,0.8381181101991219,26.0,280.0,2.0,20.0,0.8379586802343509,0.7001447868057746,0.6935782301563275,
Internet-Advertisements,KNN,Yeo-Johnson + Scaling,3,,14.089973699999971,0.4832528999995702,,,313.0,2529.0,9.0,100.0,0.9669278778546718,0.9221386146532669,0.8393730907900279,39.0,281.0,1.0,7.0,0.9973404255319148,0.9769897837966264,0.8959086414526007,
Internet-Advertisements,KNN,Yeo-Johnson + Scaling,4,,13.982300299998316,0.4311748000000079,,,287.0,2531.0,7.0,126.0,0.9501676216425586,0.8743457562572339,0.8017816615168711,30.0,282.0,0.0,16.0,0.9384057971014492,0.8672931666387602,0.7855939562019362,
Internet-Advertisements,KNN,Yeo-Johnson + Scaling,5,,13.706618099999105,0.4448513999996066,,,291.0,2535.0,3.0,122.0,0.9567913954859502,0.8946304744983207,0.8148265065339213,26.0,281.0,1.0,20.0,0.9175531914893617,0.8287705480176317,0.7096113724707435,
Internet-Advertisements,KNN,Yeo-Johnson + Scaling,6,,14.340196099999956,0.4572738000006211,,,298.0,2533.0,5.0,115.0,0.9605845864410596,0.9098134648304546,0.8224686664518459,29.0,282.0,0.0,17.0,0.8976256552574776,0.8226921579585948,0.7710970526035966,
Internet-Advertisements,KNN,Yeo-Johnson + Scaling,7,,14.419684099999358,0.4040906999998697,,,279.0,2534.0,4.0,134.0,0.9369176889011004,0.8692451908318517,0.7940986621950449,32.0,282.0,0.0,14.0,0.9419133518347208,0.883441181350589,0.8140944086701292,
Internet-Advertisements,KNN,Yeo-Johnson + Scaling,8,,13.767859399998995,0.3603861999999935,,,293.0,2530.0,8.0,120.0,0.9626781874347689,0.9085489686741252,0.8096518805781492,29.0,279.0,3.0,17.0,0.938945420906568,0.8252685973888253,0.7253234758098225,
Internet-Advertisements,KNN,Yeo-Johnson + Scaling,9,,14.046223699999246,0.3049778999993577,,,305.0,2531.0,7.0,108.0,0.960757741410464,0.9121303531127364,0.8301348203906055,33.0,281.0,1.0,13.0,0.9643462843046564,0.920258345286416,0.8131944256771596,
Internet-Advertisements,KNN,Yeo-Johnson + Scaling,10,,13.94181380000009,0.3069554000012431,,,303.0,2524.0,14.0,111.0,0.9641673614204194,0.9052100054691182,0.8146718012224228,34.0,281.0,1.0,11.0,0.9473995271867612,0.8623309347999426,0.8379703744450798,
Internet-Advertisements,KNN,Quantile Transform,1,,10.50215449999996,0.8902830999995786,240.92824172973636,47.259965896606445,300.0,2518.0,20.0,113.0,0.9155514151006398,0.7963384550322219,0.801713997302151,34.0,279.0,3.0,12.0,0.8917668825161886,0.778093051364891,0.7996150911708944,
Internet-Advertisements,KNN,Quantile Transform,2,,12.101654199999755,1.069408499999554,,,275.0,2519.0,19.0,138.0,0.9134263313852208,0.7486008409737722,0.7626471264657206,24.0,281.0,1.0,22.0,0.8606614246068456,0.6390193005711342,0.6781155752373896,
Internet-Advertisements,KNN,Quantile Transform,3,,12.260803099999976,1.0375033000000258,,,186.0,2536.0,2.0,227.0,0.873354073768787,0.6213283333089887,0.638636577296752,25.0,282.0,0.0,21.0,0.8935399321615787,0.6809737205768154,0.7112042257398984,
Internet-Advertisements,KNN,Quantile Transform,4,,12.074126100000283,0.9142850000007456,,,304.0,2276.0,262.0,109.0,0.9130418605716116,0.7425447196239667,0.5576566335587461,35.0,241.0,41.0,11.0,0.9169750231267346,0.7563436103658334,0.506535621205506,
Internet-Advertisements,KNN,Quantile Transform,5,,12.285246100000222,0.950423000000228,,,326.0,2488.0,50.0,87.0,0.919747203284888,0.8123607512767053,0.8008093593460133,35.0,275.0,7.0,11.0,0.9291165587419056,0.777009027795005,0.7648940428655971,
Internet-Advertisements,KNN,Quantile Transform,6,,11.738226200001009,0.93864240000039,,,217.0,2538.0,0.0,196.0,0.922269637109161,0.7978819974778112,0.6983954396316763,21.0,282.0,0.0,25.0,0.8899167437557816,0.7196203407762263,0.6475690710201985,
Internet-Advertisements,KNN,Quantile Transform,7,,12.114140900001075,1.0051426000009087,,,381.0,1323.0,1215.0,32.0,0.8889365899823888,0.6438524885141024,0.3089704243500682,40.0,147.0,135.0,6.0,0.8688714153561518,0.5627436302521387,0.2720443744079963,
Internet-Advertisements,KNN,Quantile Transform,8,,12.199506199998725,0.8950602000004437,,,162.0,2536.0,2.0,251.0,0.8193721772877921,0.6235947346833849,0.5928188808135867,15.0,282.0,0.0,31.0,0.7485738513721862,0.4933269653389621,0.5420247266300422,
Internet-Advertisements,KNN,Quantile Transform,9,,11.82186449999972,0.7804434999998193,,,284.0,2527.0,11.0,129.0,0.934531680204237,0.810429341579034,0.7903476213840266,34.0,279.0,3.0,12.0,0.9459219858156028,0.8278523054127424,0.7996150911708944,
Internet-Advertisements,KNN,Quantile Transform,10,,12.174471899999844,0.6713536999995995,,,199.0,2537.0,1.0,215.0,0.8977627025730635,0.7923196576979364,0.6635953961793315,25.0,282.0,0.0,20.0,0.8934988179669031,0.7963172620209513,0.7202525924351069,
Internet-Advertisements,KNN,Quantile Transform + Scaling,1,,10.60387510000146,0.90599900000052,240.9302797317505,47.295931816101074,277.0,2522.0,16.0,136.0,0.9096102439052314,0.7917576902278136,0.7707931641407926,31.0,280.0,2.0,15.0,0.8983194572926303,0.7675259071815854,0.769741070556679,
Internet-Advertisements,KNN,Quantile Transform + Scaling,2,,11.899753100000453,1.054009400000723,,,278.0,2519.0,19.0,135.0,0.9083557051461848,0.751684504485939,0.7675908447260728,26.0,281.0,1.0,20.0,0.8578862164662349,0.66696981484673,0.7096113724707435,
Internet-Advertisements,KNN,Quantile Transform + Scaling,3,,12.185375099999874,0.9684443999994984,,,165.0,2536.0,2.0,248.0,0.8717203113164167,0.590438412758803,0.5986933153947712,21.0,282.0,0.0,25.0,0.8915356151711378,0.6337309109775536,0.6475690710201985,
Internet-Advertisements,KNN,Quantile Transform + Scaling,4,,11.893851200000428,1.0958683000008025,,,298.0,2499.0,39.0,115.0,0.91910323852264,0.7715605839961361,0.7703187664108175,36.0,274.0,8.0,10.0,0.93686401480111,0.7882884807715169,0.7684709693981241,
Internet-Advertisements,KNN,Quantile Transform + Scaling,5,,11.931977300000652,0.8925353000013274,,,318.0,2501.0,37.0,95.0,0.9083962510756596,0.7991926171487452,0.8056191620626982,35.0,276.0,6.0,11.0,0.9293478260869564,0.7834724697848274,0.7765391703733248,
Internet-Advertisements,KNN,Quantile Transform + Scaling,6,,11.764537300001392,0.9005753000001278,,,217.0,2537.0,1.0,196.0,0.9160231789153536,0.7810889592058703,0.6963966257080327,22.0,282.0,0.0,24.0,0.906413814369411,0.7422461907685438,0.6638902116530487,
Internet-Advertisements,KNN,Quantile Transform + Scaling,7,,12.143609099999594,0.91050610000093,,,385.0,1284.0,1254.0,28.0,0.8214948759485362,0.3482011573603129,0.3058800348100057,42.0,145.0,137.0,4.0,0.8155642923219241,0.3470896650222789,0.2979500082250176,
Internet-Advertisements,KNN,Quantile Transform + Scaling,8,,12.360923000000184,0.8396119000008184,,,169.0,2536.0,2.0,244.0,0.8036995060074758,0.6052114970701906,0.6064568168358823,16.0,282.0,0.0,30.0,0.7320382362010484,0.4799509336240971,0.5606971293871674,
Internet-Advertisements,KNN,Quantile Transform + Scaling,9,,12.45640259999891,0.8013422000003629,,,266.0,2531.0,7.0,147.0,0.9246546917841544,0.7914778554483765,0.7678953660104748,32.0,278.0,4.0,14.0,0.9422602528522972,0.8006314206099762,0.7570178480755391,
Internet-Advertisements,KNN,Quantile Transform + Scaling,10,,12.127108099999532,0.7791477999999188,,,176.0,2538.0,0.0,238.0,0.8717817673774093,0.752075017130282,0.6234365233198941,22.0,282.0,0.0,23.0,0.8725374310480694,0.7588423957634072,0.6723257082125429,
Internet-Advertisements,KNN,Uniform Binning,1,,3.3480703000004723,0.5097674999997253,240.9304323196411,35.5113468170166,346.0,2529.0,9.0,67.0,0.9913694411530692,0.9581459020170526,0.8896889371493254,32.0,281.0,1.0,14.0,0.9544017884674684,0.8745327005401237,0.7989289400529321,
Internet-Advertisements,KNN,Uniform Binning,2,,2.2983285000009346,0.4258339999996678,,,338.0,2532.0,6.0,75.0,0.9840482773227094,0.939328221159638,0.8822291673715109,30.0,281.0,1.0,16.0,0.8871800801726797,0.7701165049592475,0.7699100099130481,
Internet-Advertisements,KNN,Uniform Binning,3,,2.4092209999998886,0.4499507999989873,,,348.0,2524.0,14.0,65.0,0.981363182769602,0.9392176349054352,0.8852731113953834,43.0,279.0,3.0,3.0,0.9828862164662348,0.9334818319983612,0.9241443108233116,
Internet-Advertisements,KNN,Uniform Binning,4,,2.443687200000568,0.4222068999988551,,,340.0,2524.0,14.0,73.0,0.9836924271652004,0.9432800486803404,0.8731569372345472,39.0,279.0,3.0,7.0,0.9477335800185016,0.8992443287213203,0.8699988799246319,
Internet-Advertisements,KNN,Uniform Binning,5,,2.570275899999615,0.3266346000000339,,,337.0,2531.0,7.0,76.0,0.9893979549587196,0.9616039259953164,0.8791854898429287,31.0,281.0,1.0,15.0,0.9515880357693496,0.8962854428621926,0.7845040977166936,
Internet-Advertisements,KNN,Uniform Binning,6,,2.5284621999999217,0.3599281999995583,,,355.0,2525.0,13.0,58.0,0.9904979421748265,0.9564215313414955,0.897257962325172,34.0,281.0,1.0,12.0,0.9710530373111316,0.916632678032466,0.8273096876530257,
Internet-Advertisements,KNN,Uniform Binning,7,,2.709244100000433,0.328659200000402,,,340.0,2524.0,14.0,73.0,0.9851644829106062,0.9407143825079954,0.8731569372345472,35.0,281.0,1.0,11.0,0.9665047795251313,0.90715296122806,0.8412831832006895,
Internet-Advertisements,KNN,Uniform Binning,8,,2.681111900001269,0.3421918999993067,,,338.0,2529.0,9.0,75.0,0.9757158503101526,0.9080554140619916,0.8776399592871778,32.0,281.0,1.0,14.0,0.9324313906876348,0.8141079137075955,0.7989289400529321,
Internet-Advertisements,KNN,Uniform Binning,9,,2.6970388000008825,0.2722689999991416,,,347.0,2529.0,9.0,66.0,0.9895234088346242,0.9493536301592674,0.8911888145463502,38.0,280.0,2.0,8.0,0.9624576009867408,0.92429178292708,0.8690771920007697,
Internet-Advertisements,KNN,Uniform Binning,10,,2.5395833000002312,0.2613278999997419,,,342.0,2526.0,12.0,72.0,0.9878008854779334,0.963746784530041,0.8779255782671209,37.0,279.0,3.0,8.0,0.929826635145784,0.8703988884034756,0.8532834122433804,
Internet-Advertisements,KNN,Uniform Binning + Scaling,1,,3.4186623000005056,0.5133789000010438,240.9539098739624,35.54733657836914,344.0,2530.0,8.0,69.0,0.9847146615989024,0.9408245969658284,0.8881945809208153,33.0,280.0,2.0,13.0,0.9332408263953128,0.8554919999936678,0.7988714590269314,
Internet-Advertisements,KNN,Uniform Binning + Scaling,2,,2.442108499999449,0.4688466999996308,,,333.0,2530.0,8.0,80.0,0.9758007582565822,0.9236248895267842,0.8715984281403774,29.0,281.0,1.0,17.0,0.8742676534073389,0.7450871623465822,0.7551359399331141,
Internet-Advertisements,KNN,Uniform Binning + Scaling,3,,2.549178600000232,0.4503627000012784,,,349.0,2526.0,12.0,64.0,0.9738259329856878,0.933565327653183,0.8897253131765394,42.0,280.0,2.0,4.0,0.975100215849522,0.9520791156528168,0.9230448520407556,
Internet-Advertisements,KNN,Uniform Binning + Scaling,4,,2.6431183999993664,0.3808154999987891,,,335.0,2525.0,13.0,78.0,0.9718143778727985,0.9192778854263288,0.8670371820629317,34.0,281.0,1.0,12.0,0.9488128276287388,0.8977766324382119,0.8273096876530257,
Internet-Advertisements,KNN,Uniform Binning + Scaling,5,,2.6454712000013387,0.4293228999995335,,,323.0,2532.0,6.0,90.0,0.9805298446661592,0.940356874160748,0.8594967642684238,32.0,281.0,1.0,14.0,0.9627274128893,0.9167096052860488,0.7989289400529321,
Internet-Advertisements,KNN,Uniform Binning + Scaling,6,,2.7647935999993933,0.3482067999993887,,,330.0,2534.0,4.0,83.0,0.9803404713249648,0.949599048568064,0.873277279641915,33.0,281.0,1.0,13.0,0.963035769349368,0.9139534727580236,0.8131944256771596,
Internet-Advertisements,KNN,Uniform Binning + Scaling,7,,2.7962428999999247,0.3714870999992854,,,338.0,2523.0,15.0,75.0,0.972265153206372,0.9349237639345414,0.8686261107504122,36.0,281.0,1.0,10.0,0.9523203823620106,0.9026984608205464,0.8551227631082602,
Internet-Advertisements,KNN,Uniform Binning + Scaling,8,,2.87605799999983,0.3627606999998534,,,317.0,2523.0,15.0,96.0,0.9673729290570258,0.8809364501392354,0.8362502254199417,29.0,281.0,1.0,17.0,0.9330866481652792,0.7931157175248282,0.7551359399331141,
Internet-Advertisements,KNN,Uniform Binning + Scaling,9,,2.7516013000004023,0.2788942999995925,,,342.0,2530.0,8.0,71.0,0.9825953020147034,0.9479940277444352,0.8851898143840692,38.0,281.0,1.0,8.0,0.964808818994758,0.9295064587544782,0.8824289030476793,
Internet-Advertisements,KNN,Uniform Binning + Scaling,10,,2.662376599999334,0.276283199998943,,,334.0,2531.0,7.0,80.0,0.9826520939687758,0.9538991843399992,0.8734221789869601,34.0,278.0,4.0,11.0,0.9273049645390072,0.8572645410973017,0.7969402798847534,
Internet-Advertisements,KNN,Quantile Binning,1,,3.854440600000089,0.4969559999990451,240.93033695220947,35.50742435455322,254.0,2476.0,62.0,159.0,0.8905975420580541,0.6926961832339169,0.6626256388302115,30.0,275.0,7.0,16.0,0.8830172679617637,0.6665097062488274,0.6885997472961628,
Internet-Advertisements,KNN,Quantile Binning,2,,2.710373800000525,0.4004082999999809,,,250.0,2345.0,193.0,163.0,0.8598727907238545,0.5833603522653723,0.5140944830339571,25.0,249.0,33.0,21.0,0.83113629355535,0.5269688775623084,0.3881350139843569,
Internet-Advertisements,KNN,Quantile Binning,3,,2.9019217999994,0.425048400000378,,,241.0,2519.0,19.0,172.0,0.8938121187490102,0.7083139749680507,0.705077186724694,26.0,278.0,4.0,20.0,0.8856768424298489,0.6627269041232611,0.6637618911266477,
Internet-Advertisements,KNN,Quantile Binning,4,,2.809232300000076,0.4437734999992244,,,261.0,2355.0,183.0,152.0,0.8736679469640162,0.6382697059336471,0.543287210717418,31.0,262.0,20.0,15.0,0.8666743755781684,0.6605955669722745,0.5778157412753029,
Internet-Advertisements,KNN,Quantile Binning,5,,2.7934232000006887,0.4459751000013057,,,314.0,2440.0,98.0,99.0,0.8948381692701923,0.7634014622948906,0.7224104622822678,33.0,273.0,9.0,13.0,0.8927690410114092,0.7374450164593347,0.7123416243360797,
Internet-Advertisements,KNN,Quantile Binning,6,,2.9634884999995847,0.3777446999993117,,,232.0,2507.0,31.0,181.0,0.8583506488302737,0.679924901957442,0.6691430074722031,22.0,282.0,0.0,24.0,0.7408263953129817,0.568591205566612,0.6638902116530487,
Internet-Advertisements,KNN,Quantile Binning,7,,2.978579700000409,0.2869464999985212,,,207.0,2521.0,17.0,206.0,0.8918143969532357,0.6921693048290539,0.6477859150309598,23.0,281.0,1.0,23.0,0.8835568917668826,0.6870945811860865,0.6619725557388687,
Internet-Advertisements,KNN,Quantile Binning,8,,3.000093700000434,0.3308727999992698,,,98.0,2534.0,4.0,315.0,0.7805978664254899,0.4657482768323829,0.4476683444021652,8.0,282.0,0.0,38.0,0.6728337958680235,0.3742461705840956,0.3914854653307289,
Internet-Advertisements,KNN,Quantile Binning,9,,3.0058836999996856,0.2676568999995652,,,306.0,2441.0,97.0,107.0,0.9261319946498452,0.7743713642780015,0.7099686758920345,31.0,266.0,16.0,15.0,0.91354455750848,0.7290960186841904,0.611659924594894,
Internet-Advertisements,KNN,Quantile Binning,10,,2.940337799998815,0.2613485999991098,,,246.0,2533.0,5.0,168.0,0.9356396302767976,0.8108588435169168,0.7372916491538632,28.0,282.0,0.0,17.0,0.9284081954294718,0.8066619260574572,0.7660581172593579,
Internet-Advertisements,KNN,Quantile Binning + Scaling,1,,3.917817899999136,0.5001133999994636,240.92335033416748,35.54341411590576,228.0,2504.0,34.0,185.0,0.8880794013321961,0.7004679947267713,0.6570386455786883,26.0,276.0,6.0,20.0,0.8766188714153562,0.6500575263532495,0.6365525429495158,
Internet-Advertisements,KNN,Quantile Binning + Scaling,2,,2.740480000000389,0.4652330999997502,,,253.0,2269.0,269.0,160.0,0.8527772530657494,0.5797939173071696,0.4606155350623359,27.0,246.0,36.0,19.0,0.832176996608079,0.541011034158156,0.4048590178187065,
Internet-Advertisements,KNN,Quantile Binning + Scaling,3,,2.848029000000679,0.4357706999999209,,,247.0,2512.0,26.0,166.0,0.9008943001009356,0.7195868712927127,0.703845921743458,25.0,277.0,5.0,21.0,0.8983194572926303,0.6708603147126454,0.6333038748578257,
Internet-Advertisements,KNN,Quantile Binning + Scaling,4,,2.9284592000003613,0.4656283000003895,,,276.0,2402.0,136.0,137.0,0.8742761359061395,0.6504948842993572,0.6153196992532445,31.0,270.0,12.0,15.0,0.8883749614554426,0.7016304658861932,0.6495667317744014,
Internet-Advertisements,KNN,Quantile Binning + Scaling,5,,2.9837018999987777,0.366522199999963,,,303.0,2455.0,83.0,110.0,0.9052327145547484,0.7599453094463693,0.7212279632446028,33.0,274.0,8.0,13.0,0.915972864631514,0.750939806483429,0.7234424749631828,
Internet-Advertisements,KNN,Quantile Binning + Scaling,6,,2.9469618999992235,0.3852676000005886,,,227.0,2511.0,27.0,186.0,0.8232488451565263,0.6722567477013895,0.6667316390147511,22.0,282.0,0.0,24.0,0.6799645390070923,0.5532820309193538,0.6638902116530487,
Internet-Advertisements,KNN,Quantile Binning + Scaling,7,,2.94769450000058,0.3525843000006716,,,195.0,2525.0,13.0,218.0,0.8996564567246139,0.7045460546448781,0.633029085298726,21.0,281.0,1.0,25.0,0.9013259327782916,0.7058011636607904,0.6287909225779037,
Internet-Advertisements,KNN,Quantile Binning + Scaling,8,,3.042146899999352,0.4131547999986651,,,103.0,2529.0,9.0,310.0,0.7898151487224694,0.4609966223490928,0.4463718725715455,9.0,282.0,0.0,37.0,0.7255242059821154,0.3869858235195624,0.4158833671330528,
Internet-Advertisements,KNN,Quantile Binning + Scaling,9,,3.228976700000203,0.3628731999997399,,,304.0,2438.0,100.0,109.0,0.9228778260512844,0.7506618585434011,0.7031480316132356,31.0,268.0,14.0,15.0,0.9162041319765648,0.7530784249112839,0.6300497270864407,
Internet-Advertisements,KNN,Quantile Binning + Scaling,10,,3.0184807000005094,0.2768925000000308,,,249.0,2532.0,6.0,165.0,0.9350652687840476,0.8091995551784988,0.7404982106279633,27.0,282.0,0.0,18.0,0.9191883372734436,0.8035470691098348,0.7509993342207435,
Internet-Advertisements,KNN,SMOTE,1,,3.756922299999133,0.5067736000000878,253.47578811645508,65.5502815246582,402.0,2438.0,100.0,11.0,0.9947023165559048,0.9690365094931128,0.8623924767043594,40.0,264.0,18.0,6.0,0.938290163428924,0.8134981135993999,0.7333310134064532,
Internet-Advertisements,KNN,SMOTE,2,,2.445109500000399,0.518875300000218,,,396.0,2458.0,80.0,17.0,0.9933280480521736,0.9692511810739892,0.8746975833672391,36.0,271.0,11.0,10.0,0.948427382053654,0.8704229814965811,0.7369562369026165,
Internet-Advertisements,KNN,SMOTE,3,,2.7548808000010467,0.4210703999997349,,,399.0,2434.0,104.0,14.0,0.9940516736405666,0.9711118760387156,0.8535546649869529,44.0,265.0,17.0,2.0,0.9899013259327782,0.9092668742862398,0.7998458585117535,
Internet-Advertisements,KNN,SMOTE,4,,2.662750799998321,0.5456744999992225,,,401.0,2433.0,105.0,12.0,0.99457972474561,0.9750144732736298,0.855637315028895,39.0,259.0,23.0,7.0,0.9374036386062288,0.8118610464368899,0.679588860229444,
Internet-Advertisements,KNN,SMOTE,5,,2.916874700000335,0.3972662000014679,,,400.0,2437.0,101.0,13.0,0.9951769424362285,0.9742518360824062,0.8582373611107431,39.0,265.0,17.0,7.0,0.9489670058587728,0.836050536137115,0.7267732745605816,
Internet-Advertisements,KNN,SMOTE,6,,2.7896493000007467,0.398196200001621,,,398.0,2447.0,91.0,15.0,0.9944857535914152,0.9705577391840206,0.865742286151113,40.0,267.0,15.0,6.0,0.9588344125809436,0.8504006345621253,0.758804367357607,
Internet-Advertisements,KNN,SMOTE,7,,2.961546399999861,0.5003032999993593,,,400.0,2434.0,104.0,13.0,0.9954054306740928,0.9754645514948806,0.8551139094923738,42.0,261.0,21.0,4.0,0.9643848288621648,0.8728347345139662,0.7391836851010222,
Internet-Advertisements,KNN,SMOTE,8,,3.094727600000624,0.4488197999999102,,,403.0,2429.0,109.0,10.0,0.9952279826062732,0.973373873413967,0.854647418400548,41.0,260.0,22.0,5.0,0.9478877582485352,0.8394765061085727,0.7168953739488678,
Internet-Advertisements,KNN,SMOTE,9,,2.930506200000309,0.5152754999999161,,,398.0,2434.0,104.0,15.0,0.9924727674457208,0.9601547091625334,0.8519941821649444,41.0,265.0,17.0,5.0,0.9544788775824854,0.8784317369049353,0.756344080034593,
Internet-Advertisements,KNN,SMOTE,10,,2.939323399999921,0.2956398999995144,,,396.0,2448.0,90.0,18.0,0.9914121774153638,0.9680093478979352,0.8624215154008387,35.0,271.0,11.0,10.0,0.9033490937746258,0.7398948419690343,0.7319954635127188,
Internet-Advertisements,KNN,SMOTE + Scaling,1,,3.828737899999396,0.5196915999986231,253.51051235198972,65.58626079559326,403.0,2448.0,90.0,10.0,0.992024377166822,0.9670294689094188,0.8745504123933796,42.0,270.0,12.0,4.0,0.9555195806352144,0.8538613504730211,0.8150706186731059,
Internet-Advertisements,KNN,SMOTE + Scaling,2,,2.6310807000008936,0.5396407000007457,,,400.0,2385.0,153.0,13.0,0.9900881897816626,0.9594686867927356,0.8074840948625259,36.0,255.0,27.0,10.0,0.9341658957755165,0.715434704713771,0.605453818188096,
Internet-Advertisements,KNN,SMOTE + Scaling,3,,2.591859399999521,0.5845467999988614,,,402.0,2418.0,120.0,11.0,0.9883890768311974,0.9192904823609702,0.8420198783345363,45.0,269.0,13.0,1.0,0.9864323157570152,0.86812581471502,0.8483963465471519,
Internet-Advertisements,KNN,SMOTE + Scaling,4,,2.8987479000006715,0.5420897000003606,,,399.0,2441.0,97.0,14.0,0.9837635017945152,0.9133237038620176,0.8608892614990852,41.0,271.0,11.0,5.0,0.9510098674067222,0.8944573899400321,0.8102860221700722,
Internet-Advertisements,KNN,SMOTE + Scaling,5,,2.8346242000006896,0.5186592000009114,,,399.0,2439.0,99.0,14.0,0.9900967759784924,0.9561533177337652,0.8587790514469467,42.0,269.0,13.0,4.0,0.9453438174529756,0.8486733407721765,0.8058086794432152,
Internet-Advertisements,KNN,SMOTE + Scaling,6,,3.1542843999995966,0.4683919999988575,,,403.0,2458.0,80.0,10.0,0.995391597356978,0.970284045244475,0.8854602375370909,42.0,271.0,11.0,4.0,0.9642306506321308,0.8491287151414404,0.8245722232154094,
Internet-Advertisements,KNN,SMOTE + Scaling,7,,2.972913900001004,0.5686690000002272,,,399.0,2431.0,107.0,14.0,0.9896440926011788,0.960104361574438,0.8504545242154175,41.0,270.0,12.0,5.0,0.980881899475794,0.9446178931098774,0.8007179553361843,
Internet-Advertisements,KNN,SMOTE + Scaling,8,,3.0847601999994367,0.3270155000009254,,,398.0,2329.0,209.0,15.0,0.988888507280141,0.9401659942482616,0.7564622581015527,42.0,252.0,30.0,4.0,0.9615325316065372,0.7889852832867057,0.6767184700880038,
Internet-Advertisements,KNN,SMOTE + Scaling,9,,3.04515739999988,0.5029742999995506,,,398.0,2425.0,113.0,15.0,0.9892553286891548,0.9539536997284166,0.8427625663627887,43.0,273.0,9.0,3.0,0.9831945729263027,0.9528826121151148,0.8583637745709013,
Internet-Advertisements,KNN,SMOTE + Scaling,10,,3.028710000000501,0.2975396000001638,,,402.0,2432.0,106.0,12.0,0.99335796378144,0.9631747292173471,0.8548615346989877,39.0,270.0,12.0,6.0,0.938810086682427,0.7861283446065059,0.7824889212407216,
Internet-Advertisements,KNN,Select Percentile (MI),1,,19.51446560000113,0.4551932000013039,240.94107627868647,17.83048915863037,332.0,2514.0,24.0,81.0,0.9900724484208075,0.937889887579632,0.8462060695737296,30.0,279.0,3.0,16.0,0.9329710144927535,0.8450654084166119,0.7405532010604257,
Internet-Advertisements,KNN,Select Percentile (MI),2,,17.105529200000092,0.3642242999994778,,,339.0,2515.0,23.0,74.0,0.9878987095900188,0.9364438211996684,0.8584770740897267,32.0,278.0,4.0,14.0,0.92977181621955,0.8272038850629957,0.7570178480755391,
Internet-Advertisements,KNN,Select Percentile (MI),3,,17.252537300000768,0.2954785999991145,,,331.0,2510.0,28.0,82.0,0.9850686037126716,0.9305746401373198,0.8389079186211922,39.0,275.0,7.0,7.0,0.9762950971322848,0.8754419604119318,0.8230033919210608,
Internet-Advertisements,KNN,Select Percentile (MI),4,,17.048989199998687,0.3353203999995457,,,335.0,2512.0,26.0,78.0,0.9887153523107364,0.9354071632765056,0.8479929548722414,37.0,277.0,5.0,9.0,0.9332022818378044,0.8363963672529772,0.8174464613951145,
Internet-Advertisements,KNN,Select Percentile (MI),5,,17.26594930000101,0.2590650000001915,,,332.0,2511.0,27.0,81.0,0.9890225473528756,0.9366723594677212,0.8418959396659194,35.0,274.0,8.0,11.0,0.9404486586493987,0.8383015309951775,0.7536243083419245,
Internet-Advertisements,KNN,Select Percentile (MI),6,,17.137476199999583,0.3444464999993215,,,331.0,2515.0,23.0,82.0,0.986347947040338,0.9331454816399796,0.8461015796421731,38.0,279.0,3.0,8.0,0.9467314215232808,0.8673168589393403,0.8561842134885375,
Internet-Advertisements,KNN,Select Percentile (MI),7,,17.53557290000026,0.2982692999994469,,,340.0,2509.0,29.0,73.0,0.988111456467028,0.928735847701391,0.8515072171971921,37.0,273.0,9.0,9.0,0.9505858772741288,0.8445134197592393,0.7724329324699353,
Internet-Advertisements,KNN,Select Percentile (MI),8,,17.081699800000933,0.2795255999990331,,,338.0,2508.0,30.0,75.0,0.9869093889108314,0.9360746484744624,0.8469992700926686,35.0,277.0,5.0,11.0,0.9298103607770584,0.8355831646261127,0.7885828436452768,
Internet-Advertisements,KNN,Select Percentile (MI),9,,17.063124199999947,0.2485656999997445,,,332.0,2511.0,27.0,81.0,0.9874536583876647,0.9324039437774734,0.8418959396659194,39.0,278.0,4.0,7.0,0.9480804810360776,0.8859936547046124,0.8576818849094476,
Internet-Advertisements,KNN,Select Percentile (MI),10,,16.923631800000294,0.2098592000002099,,,337.0,2515.0,23.0,77.0,0.9864741913256664,0.9383906411706162,0.8541708311941969,33.0,278.0,4.0,12.0,0.8974389282899922,0.7603617994499756,0.7820775014146313,
Internet-Advertisements,KNN,Select Percentile (MI) + Scaling,1,,19.50747130000127,0.4653901000001497,240.9292678833008,17.848630905151367,331.0,2531.0,7.0,82.0,0.9761723497749464,0.9344656671896466,0.8701088505053709,34.0,279.0,3.0,12.0,0.9589500462534692,0.8935136421350631,0.7996150911708944,
Internet-Advertisements,KNN,Select Percentile (MI) + Scaling,2,,17.526451099998667,0.368040800000017,,,349.0,2527.0,11.0,64.0,0.9749154259612248,0.9400893062580018,0.891205916135174,29.0,280.0,2.0,17.0,0.893231575701511,0.7950722606034566,0.7398968790298203,
Internet-Advertisements,KNN,Select Percentile (MI) + Scaling,3,,17.374427799999467,0.3444418999988556,,,341.0,2532.0,6.0,72.0,0.976635050381895,0.9406377884680664,0.8867366703846719,37.0,281.0,1.0,9.0,0.9840425531914894,0.9325952818795776,0.868835732322466,
Internet-Advertisements,KNN,Select Percentile (MI) + Scaling,4,,16.88528260000021,0.3317413999993732,,,332.0,2532.0,6.0,81.0,0.9701190810098131,0.928505711352976,0.8731758967182736,37.0,281.0,1.0,9.0,0.9634597594819612,0.9265839572419916,0.868835732322466,
Internet-Advertisements,KNN,Select Percentile (MI) + Scaling,5,,17.133071399999608,0.3564913000009255,,,334.0,2530.0,8.0,79.0,0.9784123931257,0.939463717597562,0.8731143486686833,35.0,281.0,1.0,11.0,0.925917360468702,0.8557720450033732,0.8412831832006895,
Internet-Advertisements,KNN,Select Percentile (MI) + Scaling,6,,17.321398100000806,0.2635977000009006,,,333.0,2531.0,7.0,80.0,0.976978021244159,0.9427772365598354,0.873140219745114,35.0,281.0,1.0,11.0,0.938868331791551,0.8719387331613151,0.8412831832006895,
Internet-Advertisements,KNN,Select Percentile (MI) + Scaling,7,,17.660192400000597,0.3579102999992756,,,330.0,2529.0,9.0,83.0,0.9711293901701402,0.9269252787643396,0.8654990596008694,36.0,281.0,1.0,10.0,0.9488128276287388,0.8938951913540794,0.8551227631082602,
Internet-Advertisements,KNN,Select Percentile (MI) + Scaling,8,,17.390748800000438,0.2262874999996711,,,332.0,2531.0,7.0,81.0,0.9746258803236806,0.9328061939527124,0.8716252703791332,37.0,281.0,1.0,9.0,0.9621877890841812,0.9147884532182876,0.868835732322466,
Internet-Advertisements,KNN,Select Percentile (MI) + Scaling,9,,17.004170399999566,0.3909922000002552,,,331.0,2529.0,9.0,82.0,0.9803719540466748,0.9394180619909762,0.8670218534189954,37.0,281.0,1.0,9.0,0.9396777674992292,0.8858133692724732,0.868835732322466,
Internet-Advertisements,KNN,Select Percentile (MI) + Scaling,10,,17.189148499999646,0.2370905000007042,,,346.0,2523.0,15.0,68.0,0.9830446774248808,0.9511674940689324,0.8795333633686468,36.0,278.0,4.0,9.0,0.9260047281323878,0.858442191104673,0.8261911046597719,
Internet-Advertisements,KNN,Random Undersampling,1,,3.425687299999481,0.4781155000000581,240.9289970397949,10.096813201904297,361.0,2324.0,214.0,52.0,0.96228894651181,0.7850441765011427,0.6917773420794877,34.0,261.0,21.0,12.0,0.9178230033919212,0.739601734921846,0.6177914311007826,
Internet-Advertisements,KNN,Random Undersampling,2,,2.1592584999998508,0.3522147999992739,,,368.0,2269.0,269.0,45.0,0.9595647370620324,0.7815613769172107,0.6620152185256877,37.0,241.0,41.0,9.0,0.8958140610545792,0.6970651403219875,0.5374570175372247,
Internet-Advertisements,KNN,Random Undersampling,3,,2.1209969999999885,0.315874600000825,,,365.0,2204.0,334.0,48.0,0.9508220806453768,0.7278387528385711,0.6137880426965965,43.0,241.0,41.0,3.0,0.959027135368486,0.7287050086438529,0.6280033066331664,
Internet-Advertisements,KNN,Random Undersampling,4,,1.9745352999998431,0.3222843000003195,,,363.0,2272.0,266.0,50.0,0.9500292884714088,0.7291168627424673,0.6558084474171303,41.0,254.0,28.0,5.0,0.9513567684242984,0.7382134849694777,0.6747791641681715,
Internet-Advertisements,KNN,Random Undersampling,5,,2.1333281000006536,0.3706252000010863,,,362.0,2260.0,278.0,51.0,0.9543567316737168,0.7626290816925475,0.645674929036275,40.0,253.0,29.0,6.0,0.9108849830403948,0.6888303364538058,0.6532366718723608,
Internet-Advertisements,KNN,Random Undersampling,6,,2.105521299999964,0.3303216000003885,,,364.0,2268.0,270.0,49.0,0.9578670551443722,0.7738936092856541,0.6546357742945178,42.0,255.0,27.0,4.0,0.9512025901942645,0.775168681757288,0.6963216564639824,
Internet-Advertisements,KNN,Random Undersampling,7,,2.299789799999417,0.2501214999992953,,,370.0,2235.0,303.0,43.0,0.9499000185080244,0.7231105510873277,0.6420620885920737,40.0,236.0,46.0,6.0,0.9047563983965464,0.5882279608888157,0.5577308942240539,
Internet-Advertisements,KNN,Random Undersampling,8,,2.228446499999336,0.3427384000005986,,,368.0,2276.0,262.0,45.0,0.9594803061265378,0.7867736519410844,0.6670135074636867,37.0,239.0,43.0,9.0,0.9107308048103608,0.6179754803587983,0.527097152897076,
Internet-Advertisements,KNN,Random Undersampling,9,,2.1122674999987794,0.2222466000002896,,,369.0,2251.0,287.0,44.0,0.9560816032146722,0.8037659368555927,0.6511550694248242,44.0,251.0,31.0,2.0,0.9648859081097748,0.8442301152236629,0.699982330075444,
Internet-Advertisements,KNN,Random Undersampling,10,,2.214860199999748,0.2127218999994511,,,369.0,2250.0,288.0,45.0,0.9602862575804296,0.7894846265414026,0.6493161067020259,34.0,241.0,41.0,11.0,0.8716706067769899,0.6076751614858079,0.4999741447028121,
Internet-Advertisements,KNN,Random Undersampling + Scaling,1,,3.4600173000017094,0.4800089999989723,240.9234743118286,10.132781982421877,315.0,2501.0,37.0,98.0,0.963321198175147,0.874173245271512,0.8008025360989519,33.0,277.0,5.0,13.0,0.9082254085723096,0.7770218159612908,0.7591021473391126,
Internet-Advertisements,KNN,Random Undersampling + Scaling,2,,2.187478300000293,0.4009286000000429,,,360.0,2431.0,107.0,53.0,0.96583409178072,0.8672912191922246,0.7885132968619001,30.0,267.0,15.0,16.0,0.8651711378353375,0.6973557278801301,0.6045303012424851,
Internet-Advertisements,KNN,Random Undersampling + Scaling,3,,2.014875699998811,0.3301909999991039,,,346.0,2493.0,45.0,67.0,0.9594006453003928,0.8768984228622256,0.839167231642966,41.0,278.0,4.0,5.0,0.9737511563367252,0.9192422672975292,0.8852439855259969,
Internet-Advertisements,KNN,Random Undersampling + Scaling,4,,2.0804788999994344,0.3315870000005816,,,300.0,2511.0,27.0,113.0,0.9322763725035632,0.8392386272291829,0.7910952900175655,35.0,277.0,5.0,11.0,0.9125038544557508,0.8394960142197592,0.7885828436452768,
Internet-Advertisements,KNN,Random Undersampling + Scaling,5,,2.2543315999992046,0.3487218999998731,,,318.0,2503.0,35.0,95.0,0.951142631993696,0.8481807277668395,0.8084295825369237,29.0,279.0,3.0,17.0,0.9298874498920752,0.7774770949829324,0.7253234758098225,
Internet-Advertisements,KNN,Random Undersampling + Scaling,6,,2.230306700001165,0.296049700000367,,,289.0,2526.0,12.0,124.0,0.9283200438086844,0.8068026376425628,0.7967425958019757,26.0,282.0,0.0,20.0,0.8812442183163738,0.7398228432412202,0.7264886619804738,
Internet-Advertisements,KNN,Random Undersampling + Scaling,7,,2.157957100000204,0.2895011999989947,,,312.0,2490.0,48.0,101.0,0.9436039511769768,0.8415191243400788,0.7807814922802058,35.0,276.0,6.0,11.0,0.9267653407338884,0.8207281412368431,0.7765391703733248,
Internet-Advertisements,KNN,Random Undersampling + Scaling,8,,2.277697800000169,0.345644999999422,,,330.0,2496.0,42.0,83.0,0.959714041484687,0.8743491808991288,0.8178969943626098,31.0,276.0,6.0,15.0,0.9149707061362936,0.75318857847952,0.7163535832648458,
Internet-Advertisements,KNN,Random Undersampling + Scaling,9,,2.1889308000008896,0.229551899999933,,,324.0,2487.0,51.0,89.0,0.953676037069474,0.8707029338270479,0.7962658726431817,34.0,279.0,3.0,12.0,0.9449198273203824,0.8297110414278459,0.7996150911708944,
Internet-Advertisements,KNN,Random Undersampling + Scaling,10,,2.1853807999996206,0.2137720000009721,,,319.0,2509.0,29.0,95.0,0.9668207497249536,0.885693909446406,0.817405895812842,37.0,280.0,2.0,8.0,0.91327817178881,0.8487018521445836,0.8664213659127392,
Internet-Advertisements,SVM,Baseline,1,False,4.0541417000004,0.5356361000012839,240.94960117340088,6.814335823059082,193.0,2519.0,19.0,220.0,0.9042042789788912,0.799771891721126,0.6178037547694234,19.0,281.0,1.0,27.0,0.9135831020659884,0.8252088483482803,0.594243226729987,
Internet-Advertisements,SVM,Baseline,2,False,5.296351000000868,0.5409832999994251,,,191.0,2521.0,17.0,222.0,0.9060011791710312,0.8012183582242952,0.6177652456553332,21.0,279.0,3.0,25.0,0.8831329016342893,0.7523179480334912,0.5945418109306858,
Internet-Advertisements,SVM,Baseline,3,False,5.859752200000003,0.5555881000000227,,,191.0,2520.0,18.0,222.0,0.8357885086157715,0.7255639149924609,0.615865063569918,19.0,280.0,2.0,27.0,0.8486740672217082,0.7013251884900458,0.575835651467809,
Internet-Advertisements,SVM,Baseline,4,False,6.716785800001162,0.5212615000000369,,,197.0,2519.0,19.0,216.0,0.8739241018361105,0.7516005884230041,0.6254050832523997,19.0,281.0,1.0,27.0,0.9009019426456986,0.764578225112054,0.594243226729987,
Internet-Advertisements,SVM,Baseline,5,False,7.10121479999907,0.4420371000014711,,,188.0,2519.0,19.0,225.0,0.8358934510214712,0.7210767187185986,0.6082046231453987,24.0,281.0,1.0,22.0,0.8695652173913043,0.7785886768620442,0.6781155752373896,
Internet-Advertisements,SVM,Baseline,6,False,7.1699463999993895,0.4927068999986659,,,192.0,2521.0,17.0,221.0,0.8872422471412735,0.7689090390669232,0.6196725775490911,24.0,279.0,3.0,22.0,0.8922294172062905,0.7685396611034299,0.6457210265551783,
Internet-Advertisements,SVM,Baseline,7,False,7.585954199999833,0.4800671000011789,,,197.0,2520.0,18.0,216.0,0.8919436669166204,0.7647267905946836,0.6272692176411255,19.0,280.0,2.0,27.0,0.8520659882824544,0.6962182215522857,0.575835651467809,
Internet-Advertisements,SVM,Baseline,8,False,7.591477199999645,0.3808133999991696,,,192.0,2521.0,17.0,221.0,0.8846511237423607,0.7498811150158218,0.6196725775490911,22.0,279.0,3.0,24.0,0.87981806968856,0.7529649322194318,0.6119382742323721,
Internet-Advertisements,SVM,Baseline,9,False,7.462286399999357,0.4734337000008963,,,191.0,2519.0,19.0,222.0,0.842106995460764,0.7463956265693366,0.6139773354431745,21.0,281.0,1.0,25.0,0.8898396546407644,0.7839239094342583,0.6287909225779037,
Internet-Advertisements,SVM,Baseline,10,False,6.885571899998467,0.4278136000011727,,,194.0,2521.0,17.0,220.0,0.8928142475912031,0.7749882222292432,0.6225854859507904,22.0,279.0,3.0,23.0,0.8260835303388495,0.7417279033536359,0.6200302104239239,
Internet-Advertisements,SVM,Standard Scaling,1,False,4.59101869999904,0.595243699999628,240.92336559295651,11.041112899780272,342.0,2535.0,3.0,71.0,0.96942025999004,0.9556151299887186,0.8928526044690589,37.0,281.0,1.0,9.0,0.946654332408264,0.932486098729684,0.868835732322466,
Internet-Advertisements,SVM,Standard Scaling,2,False,8.12271789999977,1.1276677999994718,,,341.0,2535.0,3.0,72.0,0.9775261068084724,0.963407588626522,0.8913601999572579,30.0,282.0,0.0,16.0,0.9306197964847364,0.8844274712081944,0.7855939562019362,
Internet-Advertisements,SVM,Standard Scaling,3,False,9.631205199999386,1.0388497000003554,,,337.0,2534.0,4.0,76.0,0.967191664901726,0.9497425665650864,0.8838195457334985,38.0,281.0,1.0,8.0,0.977104532839963,0.9565644807561569,0.8824289030476793,
Internet-Advertisements,SVM,Standard Scaling,4,False,9.883917400000428,0.8879895999998553,,,342.0,2535.0,3.0,71.0,0.9676739229570096,0.9534578814884704,0.8928526044690589,37.0,281.0,1.0,9.0,0.970282146160962,0.9370010482722116,0.868835732322466,
Internet-Advertisements,SVM,Standard Scaling,5,False,10.254410499999722,0.8023088999998436,,,344.0,2537.0,1.0,69.0,0.963764818344696,0.9489950076906958,0.8989322970144625,36.0,281.0,1.0,10.0,0.9721708294788776,0.9457686842073988,0.8551227631082602,
Internet-Advertisements,SVM,Standard Scaling,6,False,10.894041100000322,0.6548145999986446,,,345.0,2534.0,4.0,68.0,0.9754492011974882,0.961774983212422,0.895784137777084,32.0,282.0,0.0,14.0,0.9640764724020968,0.9211189617924936,0.8140944086701292,
Internet-Advertisements,SVM,Standard Scaling,7,False,10.898164899999756,0.6116899999997258,,,341.0,2537.0,1.0,72.0,0.97118376941673,0.9533295505043152,0.894474106387231,39.0,282.0,0.0,7.0,0.9791859389454208,0.9538276962752228,0.9095551148751994,
Internet-Advertisements,SVM,Standard Scaling,8,False,11.51533930000005,0.4406890999998722,,,341.0,2534.0,4.0,72.0,0.969117358046316,0.9540063609813072,0.8898127581963571,34.0,282.0,0.0,12.0,0.986509404872032,0.9489767308558325,0.841998720668748,
Internet-Advertisements,SVM,Standard Scaling,9,False,11.511044099999708,0.6500601999996434,,,344.0,2535.0,3.0,69.0,0.9662500453160388,0.950844828375872,0.8958333814821661,38.0,281.0,1.0,8.0,0.9587573234659266,0.9391855977583328,0.8824289030476793,
Internet-Advertisements,SVM,Standard Scaling,10,False,11.496433000000252,0.5729274999994232,,,344.0,2536.0,2.0,70.0,0.9775342332773724,0.9606254380057828,0.8961212090870214,34.0,282.0,0.0,11.0,0.9397163120567376,0.905214311237956,0.8527543542096022,
Internet-Advertisements,SVM,MinMax Scaling,1,True,4.298279000000548,0.5497673999998369,240.9401559829712,8.160009384155273,254.0,2535.0,3.0,159.0,0.9655745978320808,0.9303155193300896,0.7552724432729288,27.0,281.0,1.0,19.0,0.9596823928461302,0.8940294035805297,0.7250000063291556,
Internet-Advertisements,SVM,MinMax Scaling,2,True,6.160684000000401,0.7968261000005441,,,261.0,2534.0,4.0,152.0,0.970508321932772,0.9306715662688204,0.764981464338726,24.0,282.0,0.0,22.0,0.9154332408263952,0.8809724756457827,0.6956879281429601,
Internet-Advertisements,SVM,MinMax Scaling,3,True,7.023051000000123,0.7298909999990428,,,253.0,2535.0,3.0,160.0,0.9660401605046394,0.9274874759291618,0.7536212369559568,33.0,281.0,1.0,13.0,0.9706290471785384,0.92240107977806,0.8131944256771596,
Internet-Advertisements,SVM,MinMax Scaling,4,True,6.926600400000098,0.6205803000011656,,,256.0,2535.0,3.0,157.0,0.9630020778596328,0.9221025856789564,0.7585677398948125,28.0,281.0,1.0,18.0,0.9785306814677768,0.9428513947472028,0.7401701960061425,
Internet-Advertisements,SVM,MinMax Scaling,5,True,7.926579500001026,0.5739512000000104,,,258.0,2534.0,4.0,155.0,0.9637047149668858,0.921211591249724,0.7600591288278024,26.0,282.0,0.0,20.0,0.9784921369102684,0.9483869140793324,0.7264886619804738,
Internet-Advertisements,SVM,MinMax Scaling,6,True,8.199193200000082,0.5144172000000253,,,255.0,2534.0,4.0,158.0,0.9670404524353317,0.9275302807852716,0.7551158179648653,27.0,282.0,0.0,19.0,0.948735738513722,0.9074891083586244,0.741556545428526,
Internet-Advertisements,SVM,MinMax Scaling,7,True,8.586118699999133,0.5027546999990591,,,256.0,2534.0,4.0,157.0,0.9635992955502511,0.9218890965912888,0.7567659464034157,30.0,282.0,0.0,16.0,0.9846592661116248,0.9505957750035292,0.7855939562019362,
Internet-Advertisements,SVM,MinMax Scaling,8,True,8.384547100000418,0.5183636999990995,,,265.0,2534.0,4.0,148.0,0.9646811563508282,0.922340171358589,0.7715127049061639,23.0,282.0,0.0,23.0,0.9794172062904716,0.9487673381939796,0.6799228500110973,
Internet-Advertisements,SVM,MinMax Scaling,9,True,8.528314900000623,0.4141847999999299,,,256.0,2535.0,3.0,157.0,0.9654524830327208,0.9276346015975332,0.7585677398948125,32.0,281.0,1.0,14.0,0.969703977798335,0.8967125820729639,0.7989289400529321,
Internet-Advertisements,SVM,MinMax Scaling,10,True,8.326578199999858,0.5110098000004655,,,261.0,2534.0,4.0,153.0,0.9691619746995428,0.9251034032244394,0.7639102008573616,29.0,282.0,0.0,16.0,0.9483845547675336,0.9097257984613946,0.7809247085650621,
Internet-Advertisements,SVM,IQR Capping,1,False,8.992646900000182,1.5883423999985098,240.9227590560913,7.416048049926758,198.0,2509.0,29.0,215.0,0.759010736562125,0.5924171451303462,0.609317019645759,20.0,281.0,1.0,26.0,0.7672679617637989,0.6297237048405965,0.6117023612440038,
Internet-Advertisements,SVM,IQR Capping,2,False,8.271281900000758,2.054121099999975,,,196.0,2509.0,29.0,217.0,0.7260426028006266,0.5782102259738535,0.6054639258905533,22.0,278.0,4.0,24.0,0.7452975639839655,0.5658203216757165,0.5964895997166465,
Internet-Advertisements,SVM,IQR Capping,3,False,9.250141800001074,2.064454499999556,,,198.0,2511.0,27.0,215.0,0.7291622543155178,0.5931851675591755,0.6128247117883846,20.0,279.0,3.0,26.0,0.7152328091273512,0.5859309695121141,0.5767708172619577,
Internet-Advertisements,SVM,IQR Capping,4,False,9.821250700000746,2.19003850000081,,,198.0,2513.0,25.0,215.0,0.7425514742499957,0.5845541670575163,0.6163753721987871,20.0,277.0,5.0,26.0,0.8017653407338884,0.5771050536965614,0.5457609732273546,
Internet-Advertisements,SVM,IQR Capping,5,False,10.606542900000932,1.9848483000005217,,,193.0,2508.0,30.0,220.0,0.7447986727647744,0.5762593853535728,0.5978978486426786,25.0,279.0,3.0,21.0,0.8002621029910577,0.6731268300258332,0.6621564539834994,
Internet-Advertisements,SVM,IQR Capping,6,False,10.442118399998437,1.910331999999471,,,193.0,2509.0,29.0,220.0,0.7087189966742797,0.5603109372369363,0.5996514145351587,25.0,278.0,4.0,21.0,0.7402096823928461,0.587169813220525,0.6473896262137802,
Internet-Advertisements,SVM,IQR Capping,7,False,10.576588599999011,1.7846852999991825,,,199.0,2509.0,29.0,214.0,0.7786135009358954,0.6042060011977288,0.6112371080896194,19.0,278.0,4.0,27.0,0.7041319765649091,0.5771129790487215,0.5423868063455778,
Internet-Advertisements,SVM,IQR Capping,8,False,10.323187099998904,1.731336700000611,,,196.0,2512.0,26.0,217.0,0.7302455461488999,0.5834839013072152,0.610760834242058,22.0,278.0,4.0,24.0,0.6719858156028369,0.5194007774391439,0.5964895997166465,
Internet-Advertisements,SVM,IQR Capping,9,False,10.549777899999754,1.714594400000351,,,195.0,2510.0,28.0,218.0,0.7415969753690633,0.5750256357953488,0.605288858065122,23.0,280.0,2.0,23.0,0.7894696268886833,0.6251887063825168,0.6450269247348809,
Internet-Advertisements,SVM,IQR Capping,10,False,10.374280800000632,1.8087422999997216,,,196.0,2506.0,32.0,218.0,0.8041636687566383,0.6265707060727029,0.5993877054873903,22.0,279.0,3.0,23.0,0.8178881008668243,0.6699248390586574,0.6200302104239239,
Internet-Advertisements,SVM,IQR Capping + Scaling,1,False,9.553362300001028,1.667684800000643,240.92988204956052,12.416693687438965,127.0,2536.0,2.0,286.0,0.9316982352503448,0.8860973312422041,0.5204593112853939,14.0,281.0,1.0,32.0,0.9155103299414122,0.8421499987172177,0.4999953861253959,
Internet-Advertisements,SVM,IQR Capping + Scaling,2,False,10.478561300000363,2.9040865000006306,,,136.0,2535.0,3.0,277.0,0.938481330746026,0.882262277096068,0.5373198736455981,14.0,282.0,0.0,32.0,0.9007092198581561,0.8649255187532829,0.5228111390575766,
Internet-Advertisements,SVM,IQR Capping + Scaling,3,False,12.165488099999491,2.698004200001378,,,208.0,2535.0,3.0,205.0,0.949240789395856,0.903775057658144,0.6765456626510282,23.0,281.0,1.0,23.0,0.9663891458526056,0.8966534471099458,0.6619725557388687,
Internet-Advertisements,SVM,IQR Capping + Scaling,4,False,13.297041399999216,2.181638699999894,,,116.0,2535.0,3.0,297.0,0.941712125808772,0.8924379906539208,0.4932613710365264,13.0,282.0,0.0,33.0,0.9595667591736048,0.9053375647637116,0.5029931116758705,
Internet-Advertisements,SVM,IQR Capping + Scaling,5,False,13.91441549999945,1.9275806000005105,,,182.0,2535.0,3.0,231.0,0.9178238951949734,0.8583335848264362,0.6290189700842075,16.0,282.0,0.0,30.0,0.9513567684242984,0.9086126206884406,0.5606971293871674,
Internet-Advertisements,SVM,IQR Capping + Scaling,6,False,13.67409509999925,2.029661299999134,,,141.0,2536.0,2.0,272.0,0.9421557459783207,0.8899535367194029,0.5503256276247335,13.0,282.0,0.0,33.0,0.9460376194881284,0.8829427636428046,0.5029931116758705,
Internet-Advertisements,SVM,IQR Capping + Scaling,7,False,14.03573630000028,1.809741400000348,,,148.0,2535.0,3.0,265.0,0.9386726121309604,0.880750448329112,0.5623803220016248,15.0,282.0,0.0,31.0,0.9362473018809744,0.8907146789783718,0.5420247266300422,
Internet-Advertisements,SVM,IQR Capping + Scaling,8,False,14.047539999999572,1.843400899999324,,,180.0,2535.0,3.0,233.0,0.9307523225662424,0.8783355503083297,0.6252522254424077,15.0,282.0,0.0,31.0,0.9382516188714154,0.8868289608315326,0.5420247266300422,
Internet-Advertisements,SVM,IQR Capping + Scaling,9,False,14.230027800000244,1.8389158999998472,,,128.0,2536.0,2.0,285.0,0.9389039624344347,0.8958240275664168,0.5226390900589579,18.0,281.0,1.0,28.0,0.9595282146160962,0.8867143657750832,0.5763794322274503,
Internet-Advertisements,SVM,IQR Capping + Scaling,10,False,13.895536600000923,1.932654000000184,,,151.0,2535.0,3.0,263.0,0.956393733130808,0.9092665757449528,0.5677127139347632,22.0,282.0,0.0,23.0,0.9063829787234042,0.8612064827284918,0.6723257082125429,
Internet-Advertisements,SVM,IQR Removal,1,False,8.883939299999838,0.5356723999993847,240.923828125,6.8145246505737305,193.0,2519.0,19.0,220.0,0.9042042789788912,0.799771891721126,0.6178037547694234,19.0,281.0,1.0,27.0,0.9135831020659884,0.8252088483482803,0.594243226729987,
Internet-Advertisements,SVM,IQR Removal,2,False,9.032515100001548,0.7174799999993411,,,191.0,2521.0,17.0,222.0,0.9060011791710312,0.8012183582242952,0.6177652456553332,21.0,279.0,3.0,25.0,0.8831329016342893,0.7523179480334912,0.5945418109306858,
Internet-Advertisements,SVM,IQR Removal,3,False,11.676524499998775,0.4980313000014575,,,191.0,2520.0,18.0,222.0,0.8357885086157715,0.7255639149924609,0.615865063569918,19.0,280.0,2.0,27.0,0.8486740672217082,0.7013251884900458,0.575835651467809,
Internet-Advertisements,SVM,IQR Removal,4,False,11.597595999999612,0.4756187000002683,,,197.0,2519.0,19.0,216.0,0.8739241018361105,0.7516005884230041,0.6254050832523997,19.0,281.0,1.0,27.0,0.9009019426456986,0.764578225112054,0.594243226729987,
Internet-Advertisements,SVM,IQR Removal,5,False,12.118349899999885,0.4868821000000025,,,188.0,2519.0,19.0,225.0,0.8358934510214712,0.7210767187185986,0.6082046231453987,24.0,281.0,1.0,22.0,0.8695652173913043,0.7785886768620442,0.6781155752373896,
Internet-Advertisements,SVM,IQR Removal,6,False,13.492827199999738,0.4745132000007288,,,192.0,2521.0,17.0,221.0,0.8872422471412735,0.7689090390669232,0.6196725775490911,24.0,279.0,3.0,22.0,0.8922294172062905,0.7685396611034299,0.6457210265551783,
Internet-Advertisements,SVM,IQR Removal,7,False,11.73545600000034,0.369405800000095,,,197.0,2520.0,18.0,216.0,0.8919436669166204,0.7647267905946836,0.6272692176411255,19.0,280.0,2.0,27.0,0.8520659882824544,0.6962182215522857,0.575835651467809,
Internet-Advertisements,SVM,IQR Removal,8,False,11.82806840000012,0.3816889999998238,,,192.0,2521.0,17.0,221.0,0.8846511237423607,0.7498811150158218,0.6196725775490911,22.0,279.0,3.0,24.0,0.87981806968856,0.7529649322194318,0.6119382742323721,
Internet-Advertisements,SVM,IQR Removal,9,False,12.010009899999204,0.4271630999992339,,,191.0,2519.0,19.0,222.0,0.842106995460764,0.7463956265693366,0.6139773354431745,21.0,281.0,1.0,25.0,0.8898396546407644,0.7839239094342583,0.6287909225779037,
Internet-Advertisements,SVM,IQR Removal,10,False,11.140017799998532,0.3886085000012826,,,194.0,2521.0,17.0,220.0,0.8928142475912031,0.7749882222292432,0.6225854859507904,22.0,279.0,3.0,23.0,0.8260835303388495,0.7417279033536359,0.6200302104239239,
Internet-Advertisements,SVM,IQR Removal + Scaling,1,False,9.536734199999046,0.6060327000013785,240.93706798553467,11.041293144226074,342.0,2535.0,3.0,71.0,0.96942025999004,0.9556151299887186,0.8928526044690589,37.0,281.0,1.0,9.0,0.946654332408264,0.932486098729684,0.868835732322466,
Internet-Advertisements,SVM,IQR Removal + Scaling,2,False,11.994096399999762,1.0556216000004497,,,341.0,2535.0,3.0,72.0,0.9775261068084724,0.963407588626522,0.8913601999572579,30.0,282.0,0.0,16.0,0.9306197964847364,0.8844274712081944,0.7855939562019362,
Internet-Advertisements,SVM,IQR Removal + Scaling,3,False,15.291435500001173,0.9223074999990786,,,337.0,2534.0,4.0,76.0,0.967191664901726,0.9497425665650864,0.8838195457334985,38.0,281.0,1.0,8.0,0.977104532839963,0.9565644807561569,0.8824289030476793,
Internet-Advertisements,SVM,IQR Removal + Scaling,4,False,15.134887599999274,0.9708707000008872,,,342.0,2535.0,3.0,71.0,0.9676739229570096,0.9534578814884704,0.8928526044690589,37.0,281.0,1.0,9.0,0.970282146160962,0.9370010482722116,0.868835732322466,
Internet-Advertisements,SVM,IQR Removal + Scaling,5,False,15.218647699999565,0.8909846000005928,,,344.0,2537.0,1.0,69.0,0.963764818344696,0.9489950076906958,0.8989322970144625,36.0,281.0,1.0,10.0,0.9721708294788776,0.9457686842073988,0.8551227631082602,
Internet-Advertisements,SVM,IQR Removal + Scaling,6,False,17.585916800000632,0.4054434000008768,,,345.0,2534.0,4.0,68.0,0.9754492011974882,0.961774983212422,0.895784137777084,32.0,282.0,0.0,14.0,0.9640764724020968,0.9211189617924936,0.8140944086701292,
Internet-Advertisements,SVM,IQR Removal + Scaling,7,False,15.381566099998963,0.6065785000009782,,,341.0,2537.0,1.0,72.0,0.97118376941673,0.9533295505043152,0.894474106387231,39.0,282.0,0.0,7.0,0.9791859389454208,0.9538276962752228,0.9095551148751994,
Internet-Advertisements,SVM,IQR Removal + Scaling,8,False,15.0535488000005,0.6481223999999202,,,341.0,2534.0,4.0,72.0,0.969117358046316,0.9540063609813072,0.8898127581963571,34.0,282.0,0.0,12.0,0.986509404872032,0.9489767308558325,0.841998720668748,
Internet-Advertisements,SVM,IQR Removal + Scaling,9,False,16.104098499999964,0.393545200000517,,,344.0,2535.0,3.0,69.0,0.9662500453160388,0.950844828375872,0.8958333814821661,38.0,281.0,1.0,8.0,0.9587573234659266,0.9391855977583328,0.8824289030476793,
Internet-Advertisements,SVM,IQR Removal + Scaling,10,False,15.312484399999448,0.4103670000004058,,,344.0,2536.0,2.0,70.0,0.9775342332773724,0.9606254380057828,0.8961212090870214,34.0,282.0,0.0,11.0,0.9397163120567376,0.905214311237956,0.8527543542096022,
Internet-Advertisements,SVM,Yeo-Johnson,1,True,28.704188499999876,0.6348082999993494,240.93730926513672,11.636308670043944,0.0,2538.0,0.0,413.0,0.8942557389185589,0.4959947407299441,0.0,0.0,282.0,0.0,46.0,0.8343740363860623,0.3625114139221906,0.0,
Internet-Advertisements,SVM,Yeo-Johnson,2,False,17.0684442999991,1.1153307999993558,,,0.0,2538.0,0.0,413.0,0.8961194206415988,0.5060530318548865,0.0,0.0,282.0,0.0,46.0,0.8071615787850756,0.3534229706066429,0.0,
Internet-Advertisements,SVM,Yeo-Johnson,3,True,22.571791100001064,0.9619774000002508,,,0.0,2538.0,0.0,413.0,0.8848047212634302,0.4740100044268731,0.0,0.0,282.0,0.0,46.0,0.8704902867715079,0.4228895245300116,0.0,
Internet-Advertisements,SVM,Yeo-Johnson,4,True,22.13265709999905,0.9651249999988069,,,0.0,2538.0,0.0,413.0,0.8833794125896541,0.468564813311642,0.0,0.0,282.0,0.0,46.0,0.8412349676225718,0.3959086110883469,0.0,
Internet-Advertisements,SVM,Yeo-Johnson,5,True,22.135867599999983,0.8916745000005903,,,0.0,2538.0,0.0,413.0,0.8917762360784358,0.4829023157211219,0.0,0.0,282.0,0.0,46.0,0.867291088498304,0.4827292560630256,0.0,
Internet-Advertisements,SVM,Yeo-Johnson,6,True,22.307371999999305,0.8001253999991604,,,0.0,2538.0,0.0,413.0,0.8892876700305478,0.4818965634010378,0.0,0.0,282.0,0.0,46.0,0.8750000000000001,0.5229738194440182,0.0,
Internet-Advertisements,SVM,Yeo-Johnson,7,True,21.795732500000668,0.903101300000344,,,0.0,2538.0,0.0,413.0,0.896323104310843,0.511048524462322,0.0,0.0,282.0,0.0,46.0,0.8353376503237743,0.3995684750089023,0.0,
Internet-Advertisements,SVM,Yeo-Johnson,8,True,22.35488169999917,0.6957477999985713,,,0.0,2538.0,0.0,413.0,0.8900470714390656,0.4758371539120948,0.0,0.0,282.0,0.0,46.0,0.804463459759482,0.3533032875021095,0.0,
Internet-Advertisements,SVM,Yeo-Johnson,9,True,22.3311020000001,0.665212200001406,,,0.0,2538.0,0.0,413.0,0.8893086585116876,0.4814067335104124,0.0,0.0,282.0,0.0,46.0,0.8664431082331175,0.4483490885837207,0.0,
Internet-Advertisements,SVM,Yeo-Johnson,10,True,22.3236420000012,0.433361800000057,,,0.0,2538.0,0.0,414.0,0.8946172763368776,0.4937982215050547,0.0,0.0,282.0,0.0,45.0,0.8273837667454689,0.3278440274507013,0.0,
Internet-Advertisements,SVM,Yeo-Johnson + Scaling,1,False,28.541993299999376,0.6869284000003972,240.9266891479492,13.39859676361084,328.0,2534.0,4.0,85.0,0.9439574162798108,0.927586380675084,0.8702522102203073,35.0,281.0,1.0,11.0,0.9514338575393156,0.91983684338159,0.8412831832006895,
Internet-Advertisements,SVM,Yeo-Johnson + Scaling,2,False,19.740279100000407,1.527433100000053,,,332.0,2534.0,4.0,81.0,0.9598814723228716,0.942764891139288,0.8762965157744148,30.0,282.0,0.0,16.0,0.9014801110083256,0.8572714488848192,0.7855939562019362,
Internet-Advertisements,SVM,Yeo-Johnson + Scaling,3,False,20.340996400000225,1.3095749999993131,,,326.0,2534.0,4.0,87.0,0.946383493895214,0.9297120423945004,0.867221235917509,38.0,281.0,1.0,8.0,0.9832716620413198,0.9597537041755332,0.8824289030476793,
Internet-Advertisements,SVM,Yeo-Johnson + Scaling,4,False,22.457866699998704,1.0916606999999203,,,320.0,2535.0,3.0,93.0,0.9532152445062648,0.9366328558807324,0.8596937530290787,35.0,281.0,1.0,11.0,0.9554039469626888,0.9302649681889196,0.8412831832006895,
Internet-Advertisements,SVM,Yeo-Johnson + Scaling,5,False,22.577544099998704,1.0642678999993225,,,337.0,2535.0,3.0,76.0,0.9504399948864428,0.9334691318599876,0.8853769523973513,35.0,281.0,1.0,11.0,0.973327166204132,0.9467425176573684,0.8412831832006895,
Internet-Advertisements,SVM,Yeo-Johnson + Scaling,6,False,23.514231999999534,0.757199199999377,,,335.0,2534.0,4.0,78.0,0.9553713339324592,0.9404181784706254,0.880814586546529,32.0,282.0,0.0,14.0,0.9313135985198888,0.8929249426032853,0.8140944086701292,
Internet-Advertisements,SVM,Yeo-Johnson + Scaling,7,False,23.82032740000068,0.7201132999998663,,,327.0,2533.0,5.0,86.0,0.9504843569033976,0.9337637121640132,0.8671611206930013,41.0,282.0,0.0,5.0,0.9656953438174528,0.9468378840174362,0.9358292566037504,
Internet-Advertisements,SVM,Yeo-Johnson + Scaling,8,False,23.90952610000022,0.6683518999998341,,,334.0,2534.0,4.0,79.0,0.9568743953886398,0.939788969904662,0.8793099891440789,35.0,282.0,0.0,11.0,0.9645390070921986,0.9383618062602233,0.8557479162791201,
Internet-Advertisements,SVM,Yeo-Johnson + Scaling,9,False,23.915718800000832,0.5494806000006065,,,323.0,2534.0,4.0,90.0,0.9494249156167656,0.9353470813994592,0.8626635435165535,36.0,281.0,1.0,10.0,0.956290471785384,0.9314420908892366,0.8551227631082602,
Internet-Advertisements,SVM,Yeo-Johnson + Scaling,10,False,24.349649900001168,0.4580346999991889,,,344.0,2535.0,3.0,70.0,0.9734618342260444,0.9537057888059008,0.8945759710294977,34.0,282.0,0.0,11.0,0.9449172576832152,0.9151204768095706,0.8527543542096022,
Internet-Advertisements,SVM,Quantile Transform,1,False,12.208940800001074,1.0437605999995867,240.9438524246216,25.173672676086422,413.0,0.0,2538.0,0.0,0.9506098107793024,0.9106164392179918,0.0,46.0,0.0,282.0,0.0,0.9490440949737896,0.8791252321296383,0.0,
Internet-Advertisements,SVM,Quantile Transform,2,False,17.260171199999604,2.091212200000882,,,413.0,0.0,2538.0,0.0,0.970141977534693,0.9251935804167069,0.0,46.0,0.0,282.0,0.0,0.9157415972864632,0.860537344782647,0.0,
Internet-Advertisements,SVM,Quantile Transform,3,False,19.460820399999648,1.6948826000007102,,,413.0,0.0,2538.0,0.0,0.9674864576595554,0.9244133218100474,0.0,46.0,0.0,282.0,0.0,0.975177304964539,0.941303544817604,0.0,
Internet-Advertisements,SVM,Quantile Transform,4,False,20.23346899999888,1.5052851000000371,,,413.0,0.0,2538.0,0.0,0.964402581964789,0.9215102039234576,0.0,46.0,0.0,282.0,0.0,0.9784535923527596,0.9432159457874876,0.0,
Internet-Advertisements,SVM,Quantile Transform,5,False,20.96204359999865,1.3406912999998897,,,413.0,0.0,2538.0,0.0,0.9516582808144294,0.917982404633609,0.0,46.0,0.0,282.0,0.0,0.981036077705828,0.9444336480658276,0.0,
Internet-Advertisements,SVM,Quantile Transform,6,False,21.38191069999993,1.2172198999996908,,,413.0,0.0,2538.0,0.0,0.967318072799501,0.9282494294359804,0.0,46.0,0.0,282.0,0.0,0.9414122725871108,0.8887486313755477,0.0,
Internet-Advertisements,SVM,Quantile Transform,7,False,21.51671879999958,1.0541689000001495,,,413.0,0.0,2538.0,0.0,0.9651963281606266,0.9214882419947888,0.0,46.0,0.0,282.0,0.0,0.9702436016034536,0.9331892109336832,0.0,
Internet-Advertisements,SVM,Quantile Transform,8,False,22.149581900001067,1.114676399998643,,,413.0,0.0,2538.0,0.0,0.956084465280282,0.9141873890498544,0.0,46.0,0.0,282.0,0.0,0.9516651248843664,0.9105238579695124,0.0,
Internet-Advertisements,SVM,Quantile Transform,9,False,21.90300920000118,1.1285611999992398,,,413.0,0.0,2538.0,0.0,0.9526485555154868,0.9105335076979304,0.0,46.0,0.0,282.0,0.0,0.984890533456676,0.9237440803575266,0.0,
Internet-Advertisements,SVM,Quantile Transform,10,False,21.61177509999834,1.1214516000000003,,,414.0,0.0,2538.0,0.0,0.973444703311596,0.9358743480683356,0.0,45.0,0.0,282.0,0.0,0.941765169424744,0.8988732302798056,0.0,
Internet-Advertisements,SVM,Quantile Transform + Scaling,1,False,12.326082500001576,1.0399211999992986,240.9270668029785,25.53109169006348,413.0,0.0,2538.0,0.0,0.9441673010912102,0.9057440529935256,0.0,46.0,0.0,282.0,0.0,0.9411810052420598,0.8768366041180484,0.0,
Internet-Advertisements,SVM,Quantile Transform + Scaling,2,False,22.012169100000392,1.8621390000007525,,,413.0,0.0,2538.0,0.0,0.9649110756214976,0.9159077160302126,0.0,46.0,0.0,282.0,0.0,0.916127042861548,0.8571275415492242,0.0,
Internet-Advertisements,SVM,Quantile Transform + Scaling,3,False,21.846857500000624,1.8798069000004036,,,413.0,0.0,2538.0,0.0,0.9575140670524732,0.9153952977331716,0.0,46.0,0.0,282.0,0.0,0.9736355226641998,0.9315120448982862,0.0,
Internet-Advertisements,SVM,Quantile Transform + Scaling,4,False,22.170018200000413,1.6803823999998713,,,413.0,0.0,2538.0,0.0,0.9499357943281492,0.90496458303864,0.0,46.0,0.0,282.0,0.0,0.96881745297564,0.9214184009451224,0.0,
Internet-Advertisements,SVM,Quantile Transform + Scaling,5,False,22.1810045000002,1.5563882000005833,,,413.0,0.0,2538.0,0.0,0.936299482729342,0.9034403136554008,0.0,46.0,0.0,282.0,0.0,0.9725562750539624,0.9384447199315676,0.0,
Internet-Advertisements,SVM,Quantile Transform + Scaling,6,False,23.356723000000784,1.41146579999986,,,413.0,0.0,2538.0,0.0,0.9603174603174603,0.9189743076819298,0.0,46.0,0.0,282.0,0.0,0.9247610237434474,0.8771174499395803,0.0,
Internet-Advertisements,SVM,Quantile Transform + Scaling,7,False,22.72480529999848,1.3603566000001592,,,413.0,0.0,2538.0,0.0,0.9584513935397456,0.9119953732603828,0.0,46.0,0.0,282.0,0.0,0.9500462534690102,0.9131558224474366,0.0,
Internet-Advertisements,SVM,Quantile Transform + Scaling,8,False,22.66873889999988,1.22166290000132,,,413.0,0.0,2538.0,0.0,0.94598423574262,0.8989321253022458,0.0,46.0,0.0,282.0,0.0,0.9512025901942646,0.9011104789320764,0.0,
Internet-Advertisements,SVM,Quantile Transform + Scaling,9,False,22.714293400000315,1.134664100000009,,,413.0,0.0,2538.0,0.0,0.9455086558404264,0.9013791444262508,0.0,46.0,0.0,282.0,0.0,0.984813444341659,0.9193182333101828,0.0,
Internet-Advertisements,SVM,Quantile Transform + Scaling,10,False,22.220897799999875,1.2573804000003292,,,414.0,0.0,2538.0,0.0,0.9623400638792764,0.9259063322515813,0.0,45.0,0.0,282.0,0.0,0.9271079590228526,0.8841245134568159,0.0,
Internet-Advertisements,SVM,Uniform Binning,1,True,4.338580000001457,0.5490912000004755,240.9240884780884,8.21037483215332,263.0,2535.0,3.0,150.0,0.968776295227792,0.9318191373966264,0.7700282939995439,28.0,281.0,1.0,18.0,0.9545945112550108,0.8907664748851943,0.7401701960061425,
Internet-Advertisements,SVM,Uniform Binning,2,True,6.365233900000021,0.6997702000007848,,,267.0,2534.0,4.0,146.0,0.9712133440947,0.9314658241318206,0.7747649479772934,25.0,282.0,0.0,21.0,0.9231806968855998,0.885177278529669,0.7112042257398984,
Internet-Advertisements,SVM,Uniform Binning,3,True,6.976334000000861,0.7006256999993639,,,255.0,2535.0,3.0,158.0,0.9680450374644388,0.928674731404,0.756921271972342,33.0,281.0,1.0,13.0,0.971477027443725,0.9256642076983248,0.8131944256771596,
Internet-Advertisements,SVM,Uniform Binning,4,True,7.368555700000797,0.4739581000012549,,,264.0,2535.0,3.0,149.0,0.9653899946002362,0.9241999033395482,0.7716564625667827,28.0,281.0,1.0,18.0,0.9823465926611162,0.9461267289387952,0.7401701960061425,
Internet-Advertisements,SVM,Uniform Binning,5,True,8.00239049999982,0.5056681000005483,,,260.0,2534.0,4.0,153.0,0.964369668210274,0.9218272517103794,0.7633429891421979,26.0,282.0,0.0,20.0,0.9791473943879124,0.9496345244584882,0.7264886619804738,
Internet-Advertisements,SVM,Uniform Binning,6,True,8.117460800000117,0.6656796999996004,,,262.0,2534.0,4.0,151.0,0.9694598518976448,0.928418670133143,0.7666176576882326,27.0,282.0,0.0,19.0,0.9545559666975024,0.9100712343789222,0.741556545428526,
Internet-Advertisements,SVM,Uniform Binning,7,True,8.545589200000904,0.4357675999999628,,,264.0,2534.0,4.0,149.0,0.966497136980368,0.9243548042469684,0.7698832622985134,30.0,282.0,0.0,16.0,0.9806506321307432,0.9497168830556342,0.7855939562019362,
Internet-Advertisements,SVM,Uniform Binning,8,True,8.646993799999109,0.3682370000005903,,,269.0,2534.0,4.0,144.0,0.9653546957910464,0.9233676083807832,0.7780084361578985,24.0,282.0,0.0,22.0,0.9784921369102684,0.9473319352082836,0.6956879281429601,
Internet-Advertisements,SVM,Uniform Binning,9,True,8.646232000000964,0.3802063000002817,,,260.0,2535.0,3.0,153.0,0.9682811578772632,0.929675418519185,0.7651303348787255,33.0,281.0,1.0,13.0,0.9646160962072154,0.9009209125472336,0.8131944256771596,
Internet-Advertisements,SVM,Uniform Binning,10,True,8.600698599999305,0.3680666999989626,,,261.0,2534.0,4.0,153.0,0.9718524799853816,0.927439497043793,0.7639102008573616,29.0,282.0,0.0,16.0,0.951418439716312,0.9102982180684414,0.7809247085650621,
Internet-Advertisements,SVM,Uniform Binning + Scaling,1,False,4.762211299999763,0.6563376000012795,240.9337682723999,11.163253784179688,342.0,2535.0,3.0,71.0,0.9777860777680468,0.9641127865978938,0.8928526044690589,37.0,281.0,1.0,9.0,0.944958371877891,0.9328409316936468,0.868835732322466,
Internet-Advertisements,SVM,Uniform Binning + Scaling,2,False,8.126796000000468,1.120518900001116,,,341.0,2535.0,3.0,72.0,0.973436215051794,0.958741805110728,0.8913601999572579,30.0,282.0,0.0,16.0,0.9389068763490596,0.8901318468034805,0.7855939562019362,
Internet-Advertisements,SVM,Uniform Binning + Scaling,3,False,9.02157619999889,0.9800710999988952,,,337.0,2534.0,4.0,76.0,0.9622846534133948,0.9477236105121604,0.8838195457334985,38.0,281.0,1.0,8.0,0.9727875423990132,0.9551146780945604,0.8824289030476793,
Internet-Advertisements,SVM,Uniform Binning + Scaling,4,False,9.81080590000056,0.8741535000008298,,,339.0,2535.0,3.0,74.0,0.9686279448270072,0.9559768652611936,0.8883713184676459,37.0,281.0,1.0,9.0,0.9755627505396238,0.9384786568085294,0.868835732322466,
Internet-Advertisements,SVM,Uniform Binning + Scaling,5,False,10.280945900000006,0.72840879999967,,,343.0,2537.0,1.0,70.0,0.9691559959320508,0.950840319875958,0.8974475550144224,36.0,281.0,1.0,10.0,0.9714384828862166,0.9452211407661684,0.8551227631082602,
Internet-Advertisements,SVM,Uniform Binning + Scaling,6,False,10.883650599998871,0.6606294000011985,,,345.0,2535.0,3.0,68.0,0.9756552699214076,0.9607672694864215,0.8973217699923983,32.0,282.0,0.0,14.0,0.9631899475794016,0.9275798196919648,0.8140944086701292,
Internet-Advertisements,SVM,Uniform Binning + Scaling,7,False,11.207270100001551,0.5458120000002964,,,343.0,2537.0,1.0,70.0,0.9663778842466184,0.9503436501494305,0.8974475550144224,38.0,282.0,0.0,8.0,0.9803422756706752,0.9544649899889648,0.8962691285683044,
Internet-Advertisements,SVM,Uniform Binning + Scaling,8,False,11.35373509999954,0.4813959000002796,,,331.0,2536.0,2.0,82.0,0.9719975500718376,0.9545713726146524,0.8779395468853574,32.0,282.0,0.0,14.0,0.986663583102066,0.9487380033781604,0.8140944086701292,
Internet-Advertisements,SVM,Uniform Binning + Scaling,9,False,11.522518300000227,0.5005118999997649,,,343.0,2535.0,3.0,70.0,0.9692160993098606,0.9547493000348052,0.8943436622996614,38.0,281.0,1.0,8.0,0.9599136601911812,0.94743453794636,0.8824289030476793,
Internet-Advertisements,SVM,Uniform Binning + Scaling,10,False,11.54542919999949,0.4449739000010595,,,346.0,2536.0,2.0,68.0,0.9817646174286118,0.9642416406595568,0.8990874562628163,35.0,282.0,0.0,10.0,0.9324271079590228,0.9030858959917653,0.8666842288350558,
Internet-Advertisements,SVM,Quantile Binning,1,False,5.508268400000816,0.6158954000002268,240.9294137954712,12.956809997558594,59.0,2537.0,1.0,354.0,0.921597528701748,0.8579843424458057,0.3502060553060324,9.0,281.0,1.0,37.0,0.904872032069072,0.8027076899472783,0.3879993588947404,
Internet-Advertisements,SVM,Quantile Binning,2,False,9.553564499999991,1.330948200000421,,,37.0,2536.0,2.0,376.0,0.9509780632211212,0.8827568687610962,0.2697786338418655,3.0,282.0,0.0,43.0,0.8990903484428,0.8384460629369292,0.2378836454288983,
Internet-Advertisements,SVM,Quantile Binning,3,False,10.531511799999862,1.2229601999988515,,,50.0,2536.0,2.0,363.0,0.9549000471286804,0.897743714132932,0.3171603715010003,3.0,282.0,0.0,43.0,0.9682392846130128,0.9151110709013458,0.2378836454288983,
Internet-Advertisements,SVM,Quantile Binning,4,False,11.31618310000158,1.0103591999995842,,,48.0,2536.0,2.0,365.0,0.9342693241899876,0.8643978027580668,0.3103119429482417,4.0,282.0,0.0,42.0,0.9534381745297564,0.8878964594950628,0.2751079425102192,
Internet-Advertisements,SVM,Quantile Binning,5,False,11.919669500000964,0.7988003000009485,,,62.0,2536.0,2.0,351.0,0.916180115512968,0.8569467521388977,0.3556832155465225,5.0,282.0,0.0,41.0,0.9175146469318533,0.8540773060338441,0.3080557924269768,
Internet-Advertisements,SVM,Quantile Binning,6,False,12.34294620000037,0.7251030000006722,,,35.0,2536.0,2.0,378.0,0.9297920995540904,0.853796379267795,0.2617796856741273,4.0,282.0,0.0,42.0,0.9186709836571076,0.8574834187350108,0.2751079425102192,
Internet-Advertisements,SVM,Quantile Binning,7,False,12.722513800001252,0.6709467999990011,,,36.0,2536.0,2.0,377.0,0.930557702104763,0.8539346592312727,0.2658074861424686,4.0,282.0,0.0,42.0,0.954286154794943,0.9007661146468684,0.2751079425102192,
Internet-Advertisements,SVM,Quantile Binning,8,False,13.251177000000098,0.6071034999986296,,,74.0,2536.0,2.0,339.0,0.929490628643171,0.8625359290230303,0.3907172053489218,4.0,282.0,0.0,42.0,0.9334720937403638,0.872386077502509,0.2751079425102192,
Internet-Advertisements,SVM,Quantile Binning,9,False,13.40967819999969,0.4793707999997423,,,62.0,2537.0,1.0,351.0,0.934948587761426,0.8791533611921871,0.3593786277993451,10.0,281.0,1.0,36.0,0.9609158186864016,0.8755999470494314,0.4124554181844946,
Internet-Advertisements,SVM,Quantile Binning,10,False,13.56354310000097,0.4304900000006455,,,64.0,2536.0,2.0,350.0,0.9523037273062968,0.8959672665840406,0.3612318169618477,9.0,282.0,0.0,36.0,0.899290780141844,0.8392072215960309,0.4211395143726574,
Internet-Advertisements,SVM,Quantile Binning + Scaling,1,False,5.580414000000019,0.6587486999997054,240.94683742523196,13.492837905883787,40.0,2537.0,1.0,373.0,0.912930240012822,0.8415504187203199,0.2859051424125584,6.0,281.0,1.0,40.0,0.8928461301264262,0.7996140230112329,0.3048771139730181,
Internet-Advertisements,SVM,Quantile Binning + Scaling,2,False,9.705507099999522,1.3741143999995984,,,21.0,2538.0,0.0,392.0,0.951815694422979,0.8867202175052685,0.2098681915759689,2.0,282.0,0.0,44.0,0.8960838729571384,0.8383246609952687,0.1939330537612339,
Internet-Advertisements,SVM,Quantile Binning + Scaling,3,False,10.42381000000023,1.211980899999617,,,37.0,2536.0,2.0,376.0,0.959717857572167,0.911307921237775,0.2697786338418655,1.0,282.0,0.0,45.0,0.9716312056737588,0.9187699424608472,0.136921535853403,
Internet-Advertisements,SVM,Quantile Binning + Scaling,4,False,12.177565899999536,1.020574099999067,,,37.0,2536.0,2.0,376.0,0.9384050089964262,0.8741052357651989,0.2697786338418655,3.0,282.0,0.0,43.0,0.961917977181622,0.8984006979401832,0.2378836454288983,
Internet-Advertisements,SVM,Quantile Binning + Scaling,5,False,12.63953709999987,0.9994696000012482,,,65.0,2536.0,2.0,348.0,0.9206563861269956,0.8603916812323292,0.3647280362884798,5.0,282.0,0.0,41.0,0.9286154794942952,0.8667601909217661,0.3080557924269768,
Internet-Advertisements,SVM,Quantile Binning + Scaling,6,False,12.581374800000049,0.8241971000006743,,,29.0,2536.0,2.0,384.0,0.9231816820168786,0.849677897358955,0.2362626519086948,2.0,282.0,0.0,44.0,0.9091119333950046,0.8556227124978815,0.1939330537612339,
Internet-Advertisements,SVM,Quantile Binning + Scaling,7,False,13.35875020000094,0.769063499999902,,,21.0,2537.0,1.0,392.0,0.930177047378634,0.8553659423767873,0.2034888642049089,3.0,282.0,0.0,43.0,0.9500462534690102,0.8993031312578312,0.2378836454288983,
Internet-Advertisements,SVM,Quantile Binning + Scaling,8,False,13.727291199998945,0.722826499999428,,,72.0,2536.0,2.0,341.0,0.9290603647798024,0.8604683127734852,0.3850791001973581,4.0,282.0,0.0,42.0,0.935245143385754,0.8657314175199081,0.2751079425102192,
Internet-Advertisements,SVM,Quantile Binning + Scaling,9,False,13.942888100000346,0.5410312000003614,,,47.0,2537.0,1.0,366.0,0.9353645412967446,0.8820700417277828,0.3110414385437018,9.0,281.0,1.0,37.0,0.9625346901017576,0.8833485106007237,0.3879993588947404,
Internet-Advertisements,SVM,Quantile Binning + Scaling,10,False,14.127157799999624,0.4651137000000744,,,26.0,2538.0,0.0,388.0,0.9542518929660466,0.9035859295560704,0.2333969365458855,5.0,282.0,0.0,40.0,0.9047281323877068,0.850802326314975,0.3119430855345834,
Internet-Advertisements,SVM,SMOTE,1,False,9.262584899999638,0.8326144999991811,253.47845840454104,28.987309455871586,124.0,1372.0,1166.0,289.0,0.4689451570987813,0.1786748336833844,-0.1113307906019443,19.0,147.0,135.0,27.0,0.4804193647856922,0.2150462600244519,-0.045698415306107,
Internet-Advertisements,SVM,SMOTE,2,False,32.541358200000104,2.4226264000008086,,,166.0,413.0,2125.0,247.0,0.2761091935271524,0.2056679116178785,-0.3624610144042187,21.0,37.0,245.0,25.0,0.3310206598828245,0.2255752064960453,-0.3656379501516163,
Internet-Advertisements,SVM,SMOTE,3,False,34.09331620000012,2.3382286000014574,,,170.0,396.0,2142.0,243.0,0.3226745239907879,0.2075963367952379,-0.3641759873397506,21.0,53.0,229.0,25.0,0.3620104841196423,0.2592779081290176,-0.2899803187741788,
Internet-Advertisements,SVM,SMOTE,4,False,35.40420290000111,1.695105599999806,,,160.0,511.0,2027.0,253.0,0.2962753078151563,0.1885083281544001,-0.3257293566177306,19.0,51.0,231.0,27.0,0.2943647856922602,0.1806860702305218,-0.3312264352346864,
Internet-Advertisements,SVM,SMOTE,5,False,36.317088499999954,1.6934932000003755,,,151.0,579.0,1959.0,262.0,0.3249699006100016,0.2246379106670373,-0.3122303920501169,16.0,66.0,216.0,30.0,0.3025747764415664,0.1944880441735549,-0.3191071989891685,
Internet-Advertisements,SVM,SMOTE,6,False,36.35036339999897,1.4854767000015272,,,171.0,422.0,2116.0,242.0,0.2874839962831308,0.2195590494239176,-0.3486790690218406,15.0,54.0,228.0,31.0,0.2529293863706445,0.181070692477002,-0.382313372659535,
Internet-Advertisements,SVM,SMOTE,7,False,36.40694160000021,1.4121326000004046,,,173.0,329.0,2209.0,240.0,0.257562054352534,0.2067295832542244,-0.3970419108350969,17.0,35.0,247.0,29.0,0.3028060437866173,0.2663535109569858,-0.4436471783357263,
Internet-Advertisements,SVM,SMOTE,8,False,36.75732290000087,1.0898977000015293,,,172.0,300.0,2238.0,241.0,0.2618370263519921,0.2197869407265947,-0.4172308500634911,18.0,37.0,245.0,28.0,0.2317298797409805,0.16835605430425,-0.4159423857035866,
Internet-Advertisements,SVM,SMOTE,9,False,37.23887009999999,0.9370091000000684,,,387.0,265.0,2273.0,26.0,0.4860221485717338,0.2397439126847716,0.0482449204370227,43.0,30.0,252.0,3.0,0.4727875423990133,0.2614477439330083,0.0475192753384123,
Internet-Advertisements,SVM,SMOTE,10,False,37.334452999999485,0.9402948999995716,,,215.0,114.0,2424.0,199.0,0.2880358645211148,0.1468565891286771,-0.4914740046094077,22.0,10.0,272.0,23.0,0.2734436564223798,0.1165532441559079,-0.5439860777260375,
Internet-Advertisements,SVM,SMOTE + Scaling,1,False,7.739915699999983,0.6850931000008131,253.50818634033203,21.86798095703125,390.0,2504.0,34.0,23.0,0.9892753631484248,0.9619331898908184,0.9207561711038456,39.0,278.0,4.0,7.0,0.9576009867406722,0.9284900064688228,0.8576818849094476,
Internet-Advertisements,SVM,SMOTE + Scaling,2,False,22.84219319999829,1.6920430999998644,,,390.0,2506.0,32.0,23.0,0.9922743308967614,0.9661699056956562,0.9233514252505616,36.0,277.0,5.0,10.0,0.9689330866481654,0.896977965176533,0.8030875180783956,
Internet-Advertisements,SVM,SMOTE + Scaling,3,False,25.25408900000002,1.4995132999993075,,,389.0,2496.0,42.0,24.0,0.9880704335266182,0.9537905745238427,0.9090407221157364,44.0,276.0,6.0,2.0,0.9976873265494912,0.9891538436042128,0.903486216747631,
Internet-Advertisements,SVM,SMOTE + Scaling,4,False,25.92093020000175,1.3674719000009643,,,388.0,2501.0,37.0,25.0,0.9859377176362392,0.962663356679898,0.9139012384298256,41.0,278.0,4.0,5.0,0.9877042861547948,0.904679970351104,0.8852439855259969,
Internet-Advertisements,SVM,SMOTE + Scaling,5,False,26.78214730000036,1.0887474000010116,,,387.0,2510.0,28.0,26.0,0.985618597320725,0.9690375869351092,0.9241438373832526,43.0,278.0,4.0,3.0,0.9855843354918286,0.9162234591686236,0.912371074133428,
Internet-Advertisements,SVM,SMOTE + Scaling,6,False,27.23447800000031,0.967511700000614,,,389.0,2507.0,31.0,24.0,0.9939858461315368,0.9740423327692038,0.923168403913914,40.0,278.0,4.0,6.0,0.9889762565525748,0.9190844974255984,0.8715202244932119,
Internet-Advertisements,SVM,SMOTE + Scaling,7,False,27.00733430000037,0.9122024999996938,,,389.0,2499.0,39.0,24.0,0.9896316903168688,0.9622509573216492,0.9128431265380076,43.0,278.0,4.0,3.0,0.9812673450508788,0.9632285924159938,0.912371074133428,
Internet-Advertisements,SVM,SMOTE + Scaling,8,False,28.39851289999933,0.6966350000002421,,,391.0,2495.0,43.0,22.0,0.9908623785291656,0.9580286574929244,0.9107908400266772,42.0,275.0,7.0,4.0,0.9898242368177612,0.9476452782524464,0.8652154366173157,
Internet-Advertisements,SVM,SMOTE + Scaling,9,False,28.04853920000096,0.6795170000004873,,,390.0,2503.0,35.0,23.0,0.9912902573378592,0.965725249135175,0.919464983626097,43.0,280.0,2.0,3.0,0.9936786925686092,0.9435768365688036,0.936282837213908,
Internet-Advertisements,SVM,SMOTE + Scaling,10,False,27.960123200000453,0.580582399999912,,,393.0,2503.0,35.0,21.0,0.9939875248874118,0.9647426739712262,0.9226059196326004,39.0,276.0,6.0,6.0,0.9497241922773838,0.8566612071539057,0.8453900709219858,
Internet-Advertisements,SVM,Select Percentile (MI),1,False,19.77364200000011,0.4563641999993706,240.92726230621335,3.453878402709961,193.0,2519.0,19.0,220.0,0.8692866015260533,0.7585261449069839,0.6178037547694234,19.0,281.0,1.0,27.0,0.8715695343817453,0.7777330298961151,0.594243226729987,
Internet-Advertisements,SVM,Select Percentile (MI),2,False,17.62649799999963,0.3838612000017747,,,191.0,2521.0,17.0,222.0,0.8707238354732044,0.7695835499826629,0.6177652456553332,21.0,279.0,3.0,25.0,0.8383441258094356,0.7362461679025328,0.5945418109306858,
Internet-Advertisements,SVM,Select Percentile (MI),3,False,17.545239799999763,0.3687241999996331,,,191.0,2520.0,18.0,222.0,0.8384115917473292,0.7371408805822933,0.615865063569918,19.0,280.0,2.0,27.0,0.8660962072155413,0.7387106954446649,0.575835651467809,
Internet-Advertisements,SVM,Select Percentile (MI),4,False,17.389251600001444,0.3998290999988967,,,197.0,2519.0,19.0,216.0,0.85250154074532,0.7431911635914576,0.6254050832523997,19.0,281.0,1.0,27.0,0.8775439407955596,0.750723574994261,0.594243226729987,
Internet-Advertisements,SVM,Select Percentile (MI),5,False,18.337631799999144,0.3539375000000291,,,188.0,2519.0,19.0,225.0,0.89027842174254,0.7708965029314324,0.6082046231453987,24.0,281.0,1.0,22.0,0.9128893000308356,0.7793960209525532,0.6781155752373896,
Internet-Advertisements,SVM,Select Percentile (MI),6,False,18.747672299999977,0.416234300000724,,,192.0,2521.0,17.0,221.0,0.8954706857700008,0.768770058170038,0.6196725775490911,24.0,279.0,3.0,22.0,0.8995528831329017,0.7834919825368176,0.6457210265551783,
Internet-Advertisements,SVM,Select Percentile (MI),7,False,18.044287200000326,0.3450496999994357,,,197.0,2520.0,18.0,216.0,0.87410154990393,0.7765875275070159,0.6272692176411255,19.0,280.0,2.0,27.0,0.7873882207832253,0.6690023533174494,0.575835651467809,
Internet-Advertisements,SVM,Select Percentile (MI),8,False,18.690978299999188,0.267151099998955,,,191.0,2522.0,16.0,222.0,0.8318817890581324,0.719254164364506,0.6196780302387878,22.0,279.0,3.0,24.0,0.8038082022818378,0.675777191303437,0.6119382742323721,
Internet-Advertisements,SVM,Select Percentile (MI),9,False,18.55208649999986,0.2353519000007509,,,193.0,2519.0,19.0,220.0,0.8813974321547347,0.775133571204643,0.6178037547694234,22.0,281.0,1.0,24.0,0.906490903484428,0.8073012449946849,0.6455388390947174,
Internet-Advertisements,SVM,Select Percentile (MI),10,False,17.966679000001022,0.2471256999997422,,,194.0,2521.0,17.0,220.0,0.8535183091406753,0.7359435352006322,0.6225854859507904,22.0,279.0,3.0,23.0,0.8190307328605201,0.7390561471993846,0.6200302104239239,
Internet-Advertisements,SVM,Select Percentile (MI) + Scaling,1,False,19.96849339999972,0.4844305000005988,240.9369201660156,5.075898170471191,340.0,2535.0,3.0,73.0,0.9606265634033394,0.9385466324121224,0.8898664406732776,38.0,281.0,1.0,8.0,0.946577243293247,0.9113877986417646,0.8824289030476793,
Internet-Advertisements,SVM,Select Percentile (MI) + Scaling,2,False,18.5012859999988,0.3321829999986221,,,350.0,2534.0,4.0,63.0,0.9667862056069774,0.9479944625830728,0.9032184456705185,30.0,282.0,0.0,16.0,0.9139685476410732,0.884266382718821,0.7855939562019362,
Internet-Advertisements,SVM,Select Percentile (MI) + Scaling,3,False,18.47256920000109,0.3959749000005104,,,340.0,2534.0,4.0,73.0,0.9588587608782344,0.9353187766884584,0.8883165224286755,40.0,281.0,1.0,6.0,0.9453438174529756,0.9272923035313742,0.9092809088986794,
Internet-Advertisements,SVM,Select Percentile (MI) + Scaling,4,False,18.59412069999962,0.4446506000003865,,,343.0,2534.0,4.0,70.0,0.9493757834904608,0.9331497696606462,0.892801144449668,36.0,281.0,1.0,10.0,0.9597980265186556,0.9070906730300494,0.8551227631082602,
Internet-Advertisements,SVM,Select Percentile (MI) + Scaling,5,False,18.755172900000616,0.4163750000006985,,,335.0,2535.0,3.0,78.0,0.957123872107644,0.9376563290016394,0.8823770353569815,34.0,282.0,0.0,12.0,0.9604532839962996,0.9268769422513888,0.841998720668748,
Internet-Advertisements,SVM,Select Percentile (MI) + Scaling,6,False,18.8867304000014,0.4137881000006018,,,335.0,2537.0,1.0,78.0,0.9655550403837458,0.947199425181919,0.8855214683932557,32.0,282.0,0.0,14.0,0.9307739747147704,0.874993888656939,0.8140944086701292,
Internet-Advertisements,SVM,Select Percentile (MI) + Scaling,7,False,18.82556939999995,0.4605604999997013,,,340.0,2536.0,2.0,73.0,0.9563954764099012,0.9353801573026822,0.8914227124274384,37.0,282.0,0.0,9.0,0.9701665124884368,0.9413990184771596,0.882876599076943,
Internet-Advertisements,SVM,Select Percentile (MI) + Scaling,8,False,18.894925000000512,0.3428172000003542,,,335.0,2535.0,3.0,78.0,0.9562118271999268,0.9337001852684385,0.8823770353569815,35.0,282.0,0.0,11.0,0.98427382053654,0.9492701257397428,0.8557479162791201,
Internet-Advertisements,SVM,Select Percentile (MI) + Scaling,9,False,18.78149630000007,0.3440669999999954,,,340.0,2536.0,2.0,73.0,0.9560629997882072,0.9343939945770436,0.8914227124274384,36.0,281.0,1.0,10.0,0.9545945112550108,0.9073399410388572,0.8551227631082602,
Internet-Advertisements,SVM,Select Percentile (MI) + Scaling,10,False,19.080476700000872,0.2520731999993586,,,351.0,2535.0,3.0,63.0,0.9724611033070278,0.954526414682541,0.9049521947423697,33.0,281.0,1.0,12.0,0.9451142631993696,0.9116985877621998,0.8236710548951947,
Internet-Advertisements,SVM,Random Undersampling,1,True,3.515523199999734,0.5291832999992039,240.935866355896,5.606593132019043,211.0,2452.0,86.0,202.0,0.8515527659956077,0.5877570612576055,0.5500731992527578,20.0,277.0,5.0,26.0,0.8613166820844897,0.6609849478710741,0.5457609732273546,
Internet-Advertisements,SVM,Random Undersampling,2,True,2.2523772999993525,0.5282205999992584,,,202.0,2442.0,96.0,211.0,0.8512641743799335,0.6175306452459786,0.5196240661356925,22.0,268.0,14.0,24.0,0.8303268578476719,0.5873600520646383,0.4761333976583707,
Internet-Advertisements,SVM,Random Undersampling,3,True,2.4892029000002367,0.462678899999446,,,235.0,2432.0,106.0,178.0,0.8489769069466149,0.5634260187944833,0.5721810471089099,23.0,273.0,9.0,23.0,0.8398859081097749,0.5471399140909188,0.5477816100892092,
Internet-Advertisements,SVM,Random Undersampling,4,True,2.3235414999999198,0.4944603000003553,,,239.0,2419.0,119.0,174.0,0.8479670747972227,0.5450183842916926,0.565106922149949,24.0,272.0,10.0,22.0,0.8462457600986741,0.4817070736053162,0.5539557707528643,
Internet-Advertisements,SVM,Random Undersampling,5,True,2.443160500000886,0.3751217999997607,,,228.0,2431.0,107.0,185.0,0.8505672614039005,0.5642341943377207,0.5576525118813254,28.0,271.0,11.0,18.0,0.8426611162503855,0.6498296442011532,0.6111667847724789,
Internet-Advertisements,SVM,Random Undersampling,6,True,2.448359200001505,0.3251123000009102,,,227.0,2441.0,97.0,186.0,0.8505457959118254,0.5650394508898762,0.5675368646507251,29.0,268.0,14.0,17.0,0.8583102065988283,0.5753839413098101,0.5975379434906398,
Internet-Advertisements,SVM,Random Undersampling,7,True,2.445804399998451,0.4747778000000835,,,219.0,2433.0,105.0,194.0,0.8494171880396186,0.5973347105403931,0.5425428614968644,26.0,266.0,16.0,20.0,0.8671754548257786,0.5861753871289951,0.528408159482769,
Internet-Advertisements,SVM,Random Undersampling,8,True,2.492337800000314,0.5128762999993342,,,204.0,2447.0,91.0,209.0,0.8542397685924552,0.6029054923256516,0.529844267862638,25.0,269.0,13.0,21.0,0.8698735738513722,0.6298333063137616,0.5396349773724057,
Internet-Advertisements,SVM,Random Undersampling,9,True,2.7579523000003974,0.3432439000007434,,,228.0,2432.0,106.0,185.0,0.8500530436159718,0.5438775670683073,0.5588114567962997,28.0,266.0,16.0,18.0,0.828245451742214,0.545867215942416,0.5623724592079485,
Internet-Advertisements,SVM,Random Undersampling,10,True,2.466534400000455,0.3633525999994162,,,240.0,2421.0,117.0,174.0,0.8367257302528142,0.5425843085096052,0.5682871621384098,24.0,268.0,14.0,21.0,0.830575256107171,0.4997678386610763,0.5199425422972593,
Internet-Advertisements,SVM,Random Undersampling + Scaling,1,True,3.600948799999969,0.5461998999999196,240.92747592926025,7.797488212585449,357.0,2511.0,27.0,56.0,0.9820877623798648,0.9429350226848412,0.8804048093412317,37.0,279.0,3.0,9.0,0.9539392537773668,0.8698159487368239,0.8422457425489387,
Internet-Advertisements,SVM,Random Undersampling + Scaling,2,True,1.9994444000003568,0.6943092000001343,,,364.0,2512.0,26.0,49.0,0.9859873267734788,0.9477496792864258,0.8923958902446661,31.0,277.0,5.0,15.0,0.9213305581251926,0.8190663852541613,0.7289294030338223,
Internet-Advertisements,SVM,Random Undersampling + Scaling,3,True,2.330982499999664,0.5625086999989435,,,353.0,2516.0,22.0,60.0,0.978805927147074,0.9398880174328684,0.8813126397716659,40.0,281.0,1.0,6.0,0.9917514646931852,0.9755284076490562,0.9092809088986794,
Internet-Advertisements,SVM,Random Undersampling + Scaling,4,True,2.275739300001078,0.5450909000010142,,,354.0,2510.0,28.0,59.0,0.9747527652323902,0.9374076590928216,0.8744484462874044,39.0,278.0,4.0,7.0,0.971477027443725,0.9206596046053528,0.8576818849094476,
Internet-Advertisements,SVM,Random Undersampling + Scaling,5,True,2.526333400001022,0.5431078000001435,,,363.0,2514.0,24.0,50.0,0.9798858799039109,0.9434415601524826,0.8936451841102186,38.0,279.0,3.0,8.0,0.963035769349368,0.9163135233270436,0.8561842134885375,
Internet-Advertisements,SVM,Random Undersampling + Scaling,6,False,2.47404479999932,0.6072160999992775,,,353.0,2517.0,21.0,60.0,0.980240299028615,0.94549708403443,0.8827297378338809,36.0,280.0,2.0,10.0,0.9610699969164354,0.9087303223135756,0.8414023360766276,
Internet-Advertisements,SVM,Random Undersampling + Scaling,7,True,2.560079699998824,0.4658596000008401,,,370.0,2481.0,57.0,43.0,0.9853786608204208,0.946660805829594,0.8613663749317114,40.0,275.0,7.0,6.0,0.9703206907184706,0.9206708123644958,0.8371932867487945,
Internet-Advertisements,SVM,Random Undersampling + Scaling,8,True,2.6942765999992844,0.4146012000001065,,,356.0,2510.0,28.0,57.0,0.9801706554321052,0.9353592969601958,0.8775016569833363,33.0,276.0,6.0,13.0,0.963845205057046,0.8941597713011662,0.7467978439100791,
Internet-Advertisements,SVM,Random Undersampling + Scaling,9,True,2.927787000000535,0.4046924999984185,,,363.0,2501.0,37.0,50.0,0.9825437848337236,0.9493111551214902,0.876048942182972,40.0,280.0,2.0,6.0,0.9870490286771508,0.9074587012304312,0.8962750891893905,
Internet-Advertisements,SVM,Random Undersampling + Scaling,10,True,2.9094592000001285,0.4122800999994069,,,363.0,2512.0,26.0,51.0,0.9900826281106884,0.9636357539326682,0.8896090170142998,38.0,279.0,3.0,7.0,0.953900709219858,0.9140286217751734,0.8674030769930993,
Internet-Advertisements,RandomForest,Baseline,1,,5.389089400001467,0.4334648000003653,240.931604385376,4.375397682189941,362.0,2532.0,6.0,51.0,0.9908013211294856,0.9729318236748412,0.9179527179503204,37.0,281.0,1.0,9.0,0.982153869873574,0.9459750893758914,0.868835732322466,
Internet-Advertisements,RandomForest,Baseline,2,,5.8948347000005015,0.3116935999987618,,,373.0,2532.0,6.0,40.0,0.9923015205200564,0.9764828646703384,0.9340846481556992,36.0,282.0,0.0,10.0,0.9519349367869256,0.9059657676362136,0.8693716282424064,
Internet-Advertisements,RandomForest,Baseline,3,,6.398910600000818,0.308201600000757,,,366.0,2533.0,5.0,47.0,0.9928911060357148,0.9736215631116864,0.9253127188115112,40.0,281.0,1.0,6.0,0.9898242368177612,0.9237587974506374,0.9092809088986794,
Internet-Advertisements,RandomForest,Baseline,4,,6.499030599999969,0.3424916000003577,,,366.0,2531.0,7.0,47.0,0.9887768867213512,0.9703391997905036,0.9223638055766415,41.0,280.0,2.0,5.0,0.9739438791242676,0.9471977509961372,0.9097106731932092,
Internet-Advertisements,RandomForest,Baseline,5,,6.517198700001245,0.3180924000007508,,,365.0,2533.0,5.0,48.0,0.9915879121612984,0.9728413360961948,0.9238460437337114,41.0,281.0,1.0,5.0,0.9939099599136602,0.9671433147652804,0.9225512984541492,
Internet-Advertisements,RandomForest,Baseline,6,,6.387694799999736,0.2936385000011796,,,366.0,2533.0,5.0,47.0,0.9927375085146452,0.9747284554734174,0.9253127188115112,36.0,281.0,1.0,10.0,0.9694341658957756,0.943506436169479,0.8551227631082602,
Internet-Advertisements,RandomForest,Baseline,7,,6.503003399999216,0.3305498999998235,,,361.0,2531.0,7.0,52.0,0.9916174868392684,0.9719413883688216,0.914996324289585,40.0,282.0,0.0,6.0,0.9961840888066604,0.9826396057047632,0.9227400909044317,
Internet-Advertisements,RandomForest,Baseline,8,,6.351851900000838,0.2589277999995829,,,368.0,2532.0,6.0,45.0,0.9899985117258828,0.9696904760382064,0.9267696681856306,41.0,280.0,2.0,5.0,0.9919827320382362,0.9711511593956468,0.9097106731932092,
Internet-Advertisements,RandomForest,Baseline,9,,6.293890700000702,0.2300666999999521,,,366.0,2533.0,5.0,47.0,0.9923210779683912,0.9734391213533748,0.9253127188115112,42.0,280.0,2.0,4.0,0.9754471168670984,0.9470724468615256,0.9230448520407556,
Internet-Advertisements,RandomForest,Baseline,10,,6.186984300000404,0.2276208999992377,,,367.0,2532.0,6.0,47.0,0.9884609015429244,0.9713915681904352,0.9239998117713902,38.0,279.0,3.0,7.0,0.9650118203309692,0.9379562931105668,0.8674030769930993,
Internet-Advertisements,RandomForest,Standard Scaling,1,,5.38175549999869,0.4617484999998851,240.95171737670896,4.4113874435424805,362.0,2532.0,6.0,51.0,0.9908008441185504,0.9729267757791314,0.9179527179503204,37.0,281.0,1.0,9.0,0.982153869873574,0.945976874197766,0.868835732322466,
Internet-Advertisements,RandomForest,Standard Scaling,2,,6.322592299999087,0.3272151999990456,,,373.0,2532.0,6.0,40.0,0.9922352160000916,0.9763525690267914,0.9340846481556992,36.0,282.0,0.0,10.0,0.9520891150169596,0.906025481264281,0.8693716282424064,
Internet-Advertisements,RandomForest,Standard Scaling,3,,6.386497199999212,0.302954699998736,,,366.0,2533.0,5.0,47.0,0.9928901520138448,0.9736259745223912,0.9253127188115112,40.0,281.0,1.0,6.0,0.9898242368177612,0.9237587974506374,0.9092809088986794,
Internet-Advertisements,RandomForest,Standard Scaling,4,,6.509003300001496,0.2968228999998246,,,366.0,2531.0,7.0,47.0,0.9887754556885462,0.9703391997905036,0.9223638055766415,41.0,280.0,2.0,5.0,0.9739438791242676,0.9471977509961372,0.9097106731932092,
Internet-Advertisements,RandomForest,Standard Scaling,5,,6.965050199998586,0.3084616000014648,,,365.0,2533.0,5.0,48.0,0.9915893431941034,0.97283906324152,0.9238460437337114,41.0,281.0,1.0,5.0,0.9939099599136602,0.9671433147652804,0.9225512984541492,
Internet-Advertisements,RandomForest,Standard Scaling,6,,6.612949899999876,0.3254816999997274,,,366.0,2533.0,5.0,47.0,0.9927394165583852,0.9747397776676496,0.9253127188115112,36.0,281.0,1.0,10.0,0.9694341658957756,0.943506436169479,0.8551227631082602,
Internet-Advertisements,RandomForest,Standard Scaling,7,,6.728812100000141,0.2829770000007556,,,361.0,2531.0,7.0,52.0,0.9916241649923584,0.9720015733223956,0.914996324289585,40.0,282.0,0.0,6.0,0.9961069996916434,0.9820257349310494,0.9227400909044317,
Internet-Advertisements,RandomForest,Standard Scaling,8,,6.737381300001289,0.2893863999997847,,,368.0,2532.0,6.0,45.0,0.9900008967805578,0.9697415102899136,0.9267696681856306,41.0,280.0,2.0,5.0,0.9919827320382362,0.9711511593956468,0.9097106731932092,
Internet-Advertisements,RandomForest,Standard Scaling,9,,6.543781000000308,0.2273057000002154,,,366.0,2533.0,5.0,47.0,0.9923229860121314,0.9734227844640496,0.9253127188115112,42.0,280.0,2.0,4.0,0.9754471168670984,0.9470724468615256,0.9230448520407556,
Internet-Advertisements,RandomForest,Standard Scaling,10,,6.365694699999949,0.2066095999998651,,,367.0,2532.0,6.0,47.0,0.9884561429555776,0.971397636254147,0.9239998117713902,38.0,279.0,3.0,7.0,0.9649724192277384,0.9379562931105668,0.8674030769930993,
Internet-Advertisements,RandomForest,MinMax Scaling,1,,5.412609099999827,0.4496271000007255,240.93559646606445,4.435258865356445,362.0,2532.0,6.0,51.0,0.9908003671076157,0.9729263889446194,0.9179527179503204,37.0,281.0,1.0,9.0,0.982153869873574,0.9459750893758914,0.868835732322466,
Internet-Advertisements,RandomForest,MinMax Scaling,2,,6.028450199999497,0.3096995999985665,,,373.0,2532.0,6.0,40.0,0.9923105837278212,0.9764841992313196,0.9340846481556992,36.0,282.0,0.0,10.0,0.9519349367869256,0.9059657676362136,0.8693716282424064,
Internet-Advertisements,RandomForest,MinMax Scaling,3,,6.3063055999991775,0.3049917000007554,,,366.0,2533.0,5.0,47.0,0.9929087554403098,0.9736577042214792,0.9253127188115112,40.0,281.0,1.0,6.0,0.9898627813752698,0.9241911668348628,0.9092809088986794,
Internet-Advertisements,RandomForest,MinMax Scaling,4,,6.26016349999918,0.3391377999996621,,,366.0,2531.0,7.0,47.0,0.9887706855791962,0.9703327033936052,0.9223638055766415,41.0,280.0,2.0,5.0,0.9739438791242676,0.9471977509961372,0.9097106731932092,
Internet-Advertisements,RandomForest,MinMax Scaling,5,,6.495583599999009,0.2957618000000366,,,365.0,2533.0,5.0,48.0,0.9915879121612984,0.9728413360961948,0.9238460437337114,41.0,281.0,1.0,5.0,0.9939099599136602,0.9671433147652804,0.9225512984541492,
Internet-Advertisements,RandomForest,MinMax Scaling,6,,6.39627130000008,0.2950334999986808,,,366.0,2533.0,5.0,47.0,0.9927356004709054,0.9747284554734174,0.9253127188115112,36.0,281.0,1.0,10.0,0.9694341658957756,0.943506436169479,0.8551227631082602,
Internet-Advertisements,RandomForest,MinMax Scaling,7,,6.606791800000792,0.3214695000006031,,,361.0,2531.0,7.0,52.0,0.9916122397189832,0.9719267753714128,0.914996324289585,40.0,282.0,0.0,6.0,0.996145544249152,0.9824773207323516,0.9227400909044317,
Internet-Advertisements,RandomForest,MinMax Scaling,8,,6.467980299999908,0.2483118000000104,,,368.0,2532.0,6.0,45.0,0.9899946956384028,0.9696862433499452,0.9267696681856306,41.0,280.0,2.0,5.0,0.9919827320382362,0.9711511593956468,0.9097106731932092,
Internet-Advertisements,RandomForest,MinMax Scaling,9,,6.271734699999797,0.3047886000003927,,,366.0,2533.0,5.0,47.0,0.9923124917715614,0.9734263329566382,0.9253127188115112,42.0,280.0,2.0,4.0,0.9754471168670984,0.9470724468615256,0.9230448520407556,
Internet-Advertisements,RandomForest,MinMax Scaling,10,,6.08738810000068,0.2207981000010477,,,367.0,2532.0,6.0,47.0,0.9884609015429244,0.9713915681904352,0.9239998117713902,38.0,279.0,3.0,7.0,0.9650118203309692,0.9379562931105668,0.8674030769930993,
Internet-Advertisements,RandomForest,IQR Capping,1,,10.142696900000374,1.4825878999999986,240.9329490661621,4.942008972167969,361.0,2533.0,5.0,52.0,0.9916360902657332,0.9700587424600732,0.9179673565558636,38.0,281.0,1.0,8.0,0.9796484736355228,0.9255502699913468,0.8824289030476793,
Internet-Advertisements,RandomForest,IQR Capping,2,,7.4093520999995235,1.864756099999795,,,389.0,2528.0,10.0,24.0,0.9946574775280148,0.980505151255356,0.951640791323962,37.0,281.0,1.0,9.0,0.955326857847672,0.9020532397124296,0.868835732322466,
Internet-Advertisements,RandomForest,IQR Capping,3,,7.761484200000268,1.8681307999995624,,,368.0,2532.0,6.0,45.0,0.9956181775511022,0.9797221206759176,0.9267696681856306,43.0,281.0,1.0,3.0,0.994372494603762,0.9468127401347324,0.9488071658145276,
Internet-Advertisements,RandomForest,IQR Capping,4,,7.7870170999995025,1.8614316000002875,,,367.0,2532.0,6.0,46.0,0.9915917282487784,0.9769986795218464,0.925303163698854,40.0,279.0,3.0,6.0,0.9653098982423682,0.924626323994628,0.8836962790513284,
Internet-Advertisements,RandomForest,IQR Capping,5,,7.864803499998743,1.8615321000015683,,,378.0,2520.0,18.0,35.0,0.9879492727491284,0.9723381160370927,0.924359978669242,40.0,279.0,3.0,6.0,0.9944495837187788,0.9667557643483728,0.8836962790513284,
Internet-Advertisements,RandomForest,IQR Capping,6,,7.797038299999258,1.6469022000001132,,,364.0,2533.0,5.0,49.0,0.9945086501162952,0.9765356875401784,0.92237817700387,38.0,281.0,1.0,8.0,0.9861625038544556,0.9635840812487078,0.8824289030476793,
Internet-Advertisements,RandomForest,IQR Capping,7,,7.822460000001229,1.794696599999952,,,369.0,2528.0,10.0,44.0,0.9955337466156072,0.9778316926906118,0.9224070566526322,39.0,280.0,2.0,7.0,0.9914431082331174,0.9665239112191928,0.8827325611936084,
Internet-Advertisements,RandomForest,IQR Capping,8,,7.770517400000244,1.7244418999998743,,,381.0,2517.0,21.0,32.0,0.9875705260667396,0.9663837681506322,0.924666183575845,43.0,276.0,6.0,3.0,0.9944881282762874,0.9734797406127172,0.8898457666998082,
Internet-Advertisements,RandomForest,IQR Capping,9,,7.699226099999578,1.5448273999991216,,,379.0,2528.0,10.0,34.0,0.9939858461315368,0.9773366645352266,0.9370805816149718,41.0,278.0,4.0,5.0,0.9767961763798952,0.9445495351417168,0.8852439855259969,
Internet-Advertisements,RandomForest,IQR Capping,10,,8.267036799999914,1.459600500000306,,,374.0,2529.0,9.0,40.0,0.9962197782117608,0.9814182291282706,0.9298816637555988,37.0,281.0,1.0,8.0,0.9705673758865248,0.9349539987287724,0.8800396011610016,
Internet-Advertisements,RandomForest,IQR Capping + Scaling,1,,10.13816609999958,1.4684186999984377,240.9388198852539,4.977998733520508,361.0,2533.0,5.0,52.0,0.9915936362925184,0.97000809693234,0.9179673565558636,38.0,281.0,1.0,8.0,0.979609929078014,0.9255502699913468,0.8824289030476793,
Internet-Advertisements,RandomForest,IQR Capping + Scaling,2,,7.791456999999355,1.8154207000006863,,,389.0,2528.0,10.0,24.0,0.9946670177467148,0.9805247159851872,0.951640791323962,37.0,281.0,1.0,9.0,0.955326857847672,0.9020532397124296,0.868835732322466,
Internet-Advertisements,RandomForest,IQR Capping + Scaling,3,,7.920250400000441,1.8502121000001357,,,368.0,2532.0,6.0,45.0,0.995612453419882,0.9797125456941108,0.9267696681856306,43.0,281.0,1.0,3.0,0.994372494603762,0.9468127401347324,0.9488071658145276,
Internet-Advertisements,RandomForest,IQR Capping + Scaling,4,,8.111095600001136,1.7337299999999232,,,367.0,2532.0,6.0,46.0,0.9915898202050384,0.9769913158015284,0.925303163698854,40.0,279.0,3.0,6.0,0.9653098982423682,0.924626323994628,0.8836962790513284,
Internet-Advertisements,RandomForest,IQR Capping + Scaling,5,,8.000478899999507,1.7954726000007213,,,378.0,2520.0,18.0,35.0,0.9879483187272584,0.9723496460336528,0.924359978669242,40.0,279.0,3.0,6.0,0.9944495837187788,0.9666769993830292,0.8836962790513284,
Internet-Advertisements,RandomForest,IQR Capping + Scaling,6,,7.864649200000713,1.640111099999558,,,364.0,2533.0,5.0,49.0,0.9945081731053602,0.9765353692468416,0.92237817700387,38.0,281.0,1.0,8.0,0.9861625038544556,0.9635840812487078,0.8824289030476793,
Internet-Advertisements,RandomForest,IQR Capping + Scaling,7,,7.754913099999612,1.655478900000162,,,369.0,2528.0,10.0,44.0,0.9955294535171924,0.9778185727878346,0.9224070566526322,39.0,280.0,2.0,7.0,0.9914431082331174,0.9665239112191928,0.8827325611936084,
Internet-Advertisements,RandomForest,IQR Capping + Scaling,8,,7.917292400001315,1.5590531999987434,,,381.0,2517.0,21.0,32.0,0.9875857904166596,0.9664207837945168,0.924666183575845,43.0,276.0,6.0,3.0,0.9944881282762874,0.9734797406127172,0.8898457666998082,
Internet-Advertisements,RandomForest,IQR Capping + Scaling,9,,7.675799999999072,1.5814602999998897,,,379.0,2528.0,10.0,34.0,0.9939858461315368,0.9773366645352266,0.9370805816149718,41.0,278.0,4.0,5.0,0.9767961763798952,0.9445495351417168,0.8852439855259969,
Internet-Advertisements,RandomForest,IQR Capping + Scaling,10,,7.659148099999584,1.4141626000000542,,,374.0,2529.0,9.0,40.0,0.9962135920482104,0.9813893581912096,0.9298816637555988,37.0,281.0,1.0,8.0,0.9705673758865248,0.9349539987287724,0.8800396011610016,
Internet-Advertisements,RandomForest,IQR Removal,1,,10.205758899999635,0.4325503000000026,240.9293117523193,4.37558650970459,362.0,2532.0,6.0,51.0,0.9908013211294856,0.9729318236748412,0.9179527179503204,37.0,281.0,1.0,9.0,0.982153869873574,0.9459750893758914,0.868835732322466,
Internet-Advertisements,RandomForest,IQR Removal,2,,10.1437644000016,0.3095481000000291,,,373.0,2532.0,6.0,40.0,0.9923015205200564,0.9764828646703384,0.9340846481556992,36.0,282.0,0.0,10.0,0.9519349367869256,0.9059657676362136,0.8693716282424064,
Internet-Advertisements,RandomForest,IQR Removal,3,,11.614295600000332,0.251840800001446,,,366.0,2533.0,5.0,47.0,0.9928911060357148,0.9736215631116864,0.9253127188115112,40.0,281.0,1.0,6.0,0.9898242368177612,0.9237587974506374,0.9092809088986794,
Internet-Advertisements,RandomForest,IQR Removal,4,,11.09014120000029,0.2837385000002541,,,366.0,2531.0,7.0,47.0,0.9887768867213512,0.9703391997905036,0.9223638055766415,41.0,280.0,2.0,5.0,0.9739438791242676,0.9471977509961372,0.9097106731932092,
Internet-Advertisements,RandomForest,IQR Removal,5,,11.27782339999976,0.3022067000001698,,,365.0,2533.0,5.0,48.0,0.9915879121612984,0.9728413360961948,0.9238460437337114,41.0,281.0,1.0,5.0,0.9939099599136602,0.9671433147652804,0.9225512984541492,
Internet-Advertisements,RandomForest,IQR Removal,6,,12.170215199999802,0.2648260999994818,,,366.0,2533.0,5.0,47.0,0.9927375085146452,0.9747284554734174,0.9253127188115112,36.0,281.0,1.0,10.0,0.9694341658957756,0.943506436169479,0.8551227631082602,
Internet-Advertisements,RandomForest,IQR Removal,7,,10.589187800000218,0.2315763000005972,,,361.0,2531.0,7.0,52.0,0.9916174868392684,0.9719413883688216,0.914996324289585,40.0,282.0,0.0,6.0,0.9961840888066604,0.9826396057047632,0.9227400909044317,
Internet-Advertisements,RandomForest,IQR Removal,8,,10.286415299999137,0.2537027999987913,,,368.0,2532.0,6.0,45.0,0.9899985117258828,0.9696904760382064,0.9267696681856306,41.0,280.0,2.0,5.0,0.9919827320382362,0.9711511593956468,0.9097106731932092,
Internet-Advertisements,RandomForest,IQR Removal,9,,10.726088600000368,0.2682957000015449,,,366.0,2533.0,5.0,47.0,0.9923210779683912,0.9734391213533748,0.9253127188115112,42.0,280.0,2.0,4.0,0.9754471168670984,0.9470724468615256,0.9230448520407556,
Internet-Advertisements,RandomForest,IQR Removal,10,,9.889869200000248,0.2609126999996078,,,367.0,2532.0,6.0,47.0,0.9884609015429244,0.9713915681904352,0.9239998117713902,38.0,279.0,3.0,7.0,0.9650118203309692,0.9379562931105668,0.8674030769930993,
Internet-Advertisements,RandomForest,IQR Removal + Scaling,1,,10.257149799999752,0.4456752000005508,240.9282760620117,4.411567687988281,362.0,2532.0,6.0,51.0,0.9908008441185504,0.9729267757791314,0.9179527179503204,37.0,281.0,1.0,9.0,0.982153869873574,0.945976874197766,0.868835732322466,
Internet-Advertisements,RandomForest,IQR Removal + Scaling,2,,10.678544500000498,0.4085869999998976,,,373.0,2532.0,6.0,40.0,0.9922352160000916,0.9763525690267914,0.9340846481556992,36.0,282.0,0.0,10.0,0.9520891150169596,0.906025481264281,0.8693716282424064,
Internet-Advertisements,RandomForest,IQR Removal + Scaling,3,,11.841270999999324,0.2557323999990331,,,366.0,2533.0,5.0,47.0,0.9928901520138448,0.9736259745223912,0.9253127188115112,40.0,281.0,1.0,6.0,0.9898242368177612,0.9237587974506374,0.9092809088986794,
Internet-Advertisements,RandomForest,IQR Removal + Scaling,4,,11.525886900000842,0.4473235000004933,,,366.0,2531.0,7.0,47.0,0.9887754556885462,0.9703391997905036,0.9223638055766415,41.0,280.0,2.0,5.0,0.9739438791242676,0.9471977509961372,0.9097106731932092,
Internet-Advertisements,RandomForest,IQR Removal + Scaling,5,,11.80007680000017,0.3029530999992857,,,365.0,2533.0,5.0,48.0,0.9915893431941034,0.97283906324152,0.9238460437337114,41.0,281.0,1.0,5.0,0.9939099599136602,0.9671433147652804,0.9225512984541492,
Internet-Advertisements,RandomForest,IQR Removal + Scaling,6,,12.632735000001048,0.2972311000012269,,,366.0,2533.0,5.0,47.0,0.9927394165583852,0.9747397776676496,0.9253127188115112,36.0,281.0,1.0,10.0,0.9694341658957756,0.943506436169479,0.8551227631082602,
Internet-Advertisements,RandomForest,IQR Removal + Scaling,7,,10.93239949999952,0.3427532000005158,,,361.0,2531.0,7.0,52.0,0.9916241649923584,0.9720015733223956,0.914996324289585,40.0,282.0,0.0,6.0,0.9961069996916434,0.9820257349310494,0.9227400909044317,
Internet-Advertisements,RandomForest,IQR Removal + Scaling,8,,11.12272699999994,0.3933770999992703,,,368.0,2532.0,6.0,45.0,0.9900008967805578,0.9697415102899136,0.9267696681856306,41.0,280.0,2.0,5.0,0.9919827320382362,0.9711511593956468,0.9097106731932092,
Internet-Advertisements,RandomForest,IQR Removal + Scaling,9,,11.023241299999428,0.2855689999996684,,,366.0,2533.0,5.0,47.0,0.9923229860121314,0.9734227844640496,0.9253127188115112,42.0,280.0,2.0,4.0,0.9754471168670984,0.9470724468615256,0.9230448520407556,
Internet-Advertisements,RandomForest,IQR Removal + Scaling,10,,10.084490300001562,0.3504659999998694,,,367.0,2532.0,6.0,47.0,0.9884561429555776,0.971397636254147,0.9239998117713902,38.0,279.0,3.0,7.0,0.9649724192277384,0.9379562931105668,0.8674030769930993,
Internet-Advertisements,RandomForest,Yeo-Johnson,1,,28.99370099999942,0.4708864999993238,240.92509937286377,4.666876792907715,362.0,2532.0,6.0,51.0,0.9912134585773243,0.9743780401300918,0.9179527179503204,37.0,281.0,1.0,9.0,0.9856614246068456,0.9582752044993376,0.868835732322466,
Internet-Advertisements,RandomForest,Yeo-Johnson,2,,16.74443059999976,0.3713836999995692,,,374.0,2527.0,11.0,39.0,0.9947409544416396,0.9808563257218428,0.9283251969990606,36.0,282.0,0.0,10.0,0.947695035460993,0.9073989480284428,0.8693716282424064,
Internet-Advertisements,RandomForest,Yeo-Johnson,3,,17.609929999998712,0.3782087999989016,,,366.0,2532.0,6.0,47.0,0.9950238219260938,0.9796991791599052,0.9238354736651968,40.0,281.0,1.0,6.0,0.991173296330558,0.9334932126433224,0.9092809088986794,
Internet-Advertisements,RandomForest,Yeo-Johnson,4,,17.2989321999994,0.3607811000001675,,,367.0,2533.0,5.0,46.0,0.9946756039435448,0.9785035396358236,0.92677820920138,41.0,281.0,1.0,5.0,0.9641150169596052,0.9384100684450132,0.9225512984541492,
Internet-Advertisements,RandomForest,Yeo-Johnson,5,,17.6130346000009,0.3465183000007528,,,362.0,2529.0,9.0,51.0,0.9925910661576006,0.9731883555492016,0.9135282080228976,42.0,280.0,2.0,4.0,0.9898627813752696,0.9701891179058167,0.9230448520407556,
Internet-Advertisements,RandomForest,Yeo-Johnson,6,,18.08538339999905,0.3662252000012813,,,371.0,2533.0,5.0,42.0,0.9955695224357324,0.9810130725068514,0.9326284615506372,37.0,281.0,1.0,9.0,0.9803808202281836,0.9652384120959504,0.868835732322466,
Internet-Advertisements,RandomForest,Yeo-Johnson,7,,17.546042800000578,0.3504073999993125,,,365.0,2527.0,11.0,48.0,0.99100023468938,0.9706178965940608,0.9150525812566872,41.0,282.0,0.0,5.0,0.9940255935861856,0.9792220920073108,0.9358292566037504,
Internet-Advertisements,RandomForest,Yeo-Johnson,8,,17.74220520000017,0.3010732000002463,,,367.0,2528.0,10.0,46.0,0.992053474833857,0.9727127264357752,0.9194581614509288,41.0,281.0,1.0,5.0,0.994218316373728,0.9756313958291865,0.9225512984541492,
Internet-Advertisements,RandomForest,Yeo-Johnson,9,,17.424556699999812,0.3573000000014872,,,368.0,2529.0,9.0,45.0,0.991348452671929,0.9735152077817676,0.9223841554318822,42.0,279.0,3.0,4.0,0.9907878507554732,0.9621155903452412,0.9107634113699524,
Internet-Advertisements,RandomForest,Yeo-Johnson,10,,17.268519299999753,0.2446747999983927,,,371.0,2531.0,7.0,43.0,0.9901706619766032,0.9720098539359018,0.92839045606854,38.0,279.0,3.0,7.0,0.9686367218282111,0.9345238828377844,0.8674030769930993,
Internet-Advertisements,RandomForest,Yeo-Johnson + Scaling,1,,29.309802199999467,0.4896376999986387,240.92670249938965,4.468603134155273,365.0,2533.0,5.0,48.0,0.9927861636300152,0.9734210396560616,0.9238460437337114,37.0,281.0,1.0,9.0,0.9786077705827936,0.9495381347589588,0.868835732322466,
Internet-Advertisements,RandomForest,Yeo-Johnson + Scaling,2,,17.69984779999868,0.3604736999986926,,,374.0,2532.0,6.0,39.0,0.9943030584033108,0.9810338042930145,0.9355441831718794,34.0,282.0,0.0,12.0,0.9598751156336726,0.911646520081972,0.841998720668748,
Internet-Advertisements,RandomForest,Yeo-Johnson + Scaling,3,,17.69095229999948,0.3829296000003523,,,366.0,2532.0,6.0,47.0,0.994959902460804,0.9777730992394156,0.9238354736651968,41.0,281.0,1.0,5.0,0.9895929694727104,0.9445585075641224,0.9225512984541492,
Internet-Advertisements,RandomForest,Yeo-Johnson + Scaling,4,,17.70151199999964,0.390778599999976,,,367.0,2531.0,7.0,46.0,0.9945253454990202,0.9785019429142428,0.9238336728288472,41.0,280.0,2.0,5.0,0.9698581560283688,0.9394250162834028,0.9097106731932092,
Internet-Advertisements,RandomForest,Yeo-Johnson + Scaling,5,,18.007910500000435,0.3237234999996872,,,366.0,2533.0,5.0,47.0,0.9918936761706324,0.9758271341390828,0.9253127188115112,41.0,281.0,1.0,5.0,0.9806506321307432,0.9581023718822697,0.9225512984541492,
Internet-Advertisements,RandomForest,Yeo-Johnson + Scaling,6,,18.608342800000173,0.3980188999994425,,,369.0,2533.0,5.0,44.0,0.9947295061791996,0.9791837441738284,0.929705663542414,38.0,281.0,1.0,8.0,0.979764107308048,0.9636732824060597,0.8824289030476793,
Internet-Advertisements,RandomForest,Yeo-Johnson + Scaling,7,,17.967591500000708,0.3537787000004755,,,363.0,2531.0,7.0,50.0,0.9937025016361476,0.9754865272579512,0.9179469743246782,40.0,281.0,1.0,6.0,0.9964153561517112,0.9847340421350944,0.9092809088986794,
Internet-Advertisements,RandomForest,Yeo-Johnson + Scaling,8,,18.00059440000041,0.3027059999985795,,,373.0,2532.0,6.0,40.0,0.9933709790363234,0.9765856050416716,0.9340846481556992,42.0,281.0,1.0,4.0,0.9950662966389144,0.9781110575897736,0.93572506733509,
Internet-Advertisements,RandomForest,Yeo-Johnson + Scaling,9,,17.646206299999903,0.3147945000000618,,,365.0,2533.0,5.0,48.0,0.993891874977342,0.9775108209555078,0.9238460437337114,41.0,280.0,2.0,5.0,0.9907493061979648,0.9593147893922308,0.9097106731932092,
Internet-Advertisements,RandomForest,Yeo-Johnson + Scaling,10,,17.86278140000104,0.2535745000004681,,,372.0,2532.0,6.0,42.0,0.9906360518191129,0.9760828378925732,0.9313100348757354,38.0,280.0,2.0,7.0,0.96150512214342,0.9357883478266986,0.8803757198269891,
Internet-Advertisements,RandomForest,Quantile Transform,1,,12.630248700001175,0.8365900999997393,240.9302749633789,16.298192977905273,365.0,2531.0,7.0,48.0,0.9899970806930778,0.9713709232324014,0.920892738129014,38.0,280.0,2.0,8.0,0.9845050878815912,0.9452284856873804,0.8690771920007697,
Internet-Advertisements,RandomForest,Quantile Transform,2,,15.977268399999955,0.8703748999996606,,,371.0,2530.0,8.0,42.0,0.9921278885397168,0.9767564796159842,0.9282458524041656,35.0,282.0,0.0,11.0,0.9517036694418748,0.9057902343344764,0.8557479162791201,
Internet-Advertisements,RandomForest,Quantile Transform,3,,15.195874699998967,1.0196755999986635,,,364.0,2533.0,5.0,49.0,0.9933657319160384,0.9747012182769234,0.92237817700387,40.0,281.0,1.0,6.0,0.9955288313290164,0.9634676355394218,0.9092809088986794,
Internet-Advertisements,RandomForest,Quantile Transform,4,,15.471539199999825,0.9594178999996076,,,364.0,2533.0,5.0,49.0,0.9900929598910124,0.9733884030054736,0.92237817700387,41.0,281.0,1.0,5.0,0.9576780758556892,0.9336717933800176,0.9225512984541492,
Internet-Advertisements,RandomForest,Quantile Transform,5,,16.23146220000126,0.934637800000928,,,366.0,2531.0,7.0,47.0,0.9911562172651246,0.9702982080978608,0.9223638055766415,41.0,280.0,2.0,5.0,0.99036386062288,0.9631747949599012,0.9097106731932092,
Internet-Advertisements,RandomForest,Quantile Transform,6,,16.2917295999996,0.9988634000001184,,,366.0,2532.0,6.0,47.0,0.992040595538612,0.970792982429948,0.9238354736651968,36.0,281.0,1.0,10.0,0.9697039777983348,0.9338431666490244,0.8551227631082602,
Internet-Advertisements,RandomForest,Quantile Transform,7,,15.741465799999787,0.8829494000001432,,,360.0,2530.0,8.0,53.0,0.9936352430943128,0.9750236351442368,0.9120399306288496,40.0,282.0,0.0,6.0,0.9959528214616096,0.9818730964436536,0.9227400909044317,
Internet-Advertisements,RandomForest,Quantile Transform,8,,16.22659299999941,1.0604469000008976,,,362.0,2531.0,7.0,51.0,0.990333373402252,0.9676195768851767,0.9164722636866468,41.0,280.0,2.0,5.0,0.9920212765957448,0.9715767841281496,0.9097106731932092,
Internet-Advertisements,RandomForest,Quantile Transform,9,,16.07928030000039,0.6100423999996565,,,360.0,2532.0,6.0,53.0,0.9933270940303036,0.975094236392569,0.9150040433367456,41.0,280.0,2.0,5.0,0.9807662658032686,0.9500390953288154,0.9097106731932092,
Internet-Advertisements,RandomForest,Quantile Transform,10,,16.31944719999956,0.5927490000012767,,,371.0,2531.0,7.0,43.0,0.9948859461784736,0.9781948107399806,0.92839045606854,38.0,280.0,2.0,7.0,0.9654452324665092,0.9359446868676972,0.8803757198269891,
Internet-Advertisements,RandomForest,Quantile Transform + Scaling,1,,12.744495200000529,0.8525879999997414,240.9377040863037,16.334150314331055,365.0,2531.0,7.0,48.0,0.9899970806930778,0.9713709232324014,0.920892738129014,38.0,280.0,2.0,8.0,0.9845050878815912,0.9452284856873804,0.8690771920007697,
Internet-Advertisements,RandomForest,Quantile Transform + Scaling,2,,16.335824499999944,0.917659900000217,,,371.0,2530.0,8.0,42.0,0.9921278885397168,0.9767564796159842,0.9282458524041656,35.0,282.0,0.0,11.0,0.9517036694418748,0.9057902343344764,0.8557479162791201,
Internet-Advertisements,RandomForest,Quantile Transform + Scaling,3,,15.902613499998552,0.9192999999995664,,,364.0,2533.0,5.0,49.0,0.9933657319160384,0.9747012182769234,0.92237817700387,40.0,281.0,1.0,6.0,0.9955288313290164,0.9634676355394218,0.9092809088986794,
Internet-Advertisements,RandomForest,Quantile Transform + Scaling,4,,15.848634500000117,0.8664804000000004,,,364.0,2533.0,5.0,49.0,0.9900929598910124,0.9733884030054736,0.92237817700387,41.0,281.0,1.0,5.0,0.9576780758556892,0.9336717933800176,0.9225512984541492,
Internet-Advertisements,RandomForest,Quantile Transform + Scaling,5,,15.560800799999924,0.9442714999986492,,,366.0,2531.0,7.0,47.0,0.9911562172651246,0.9702982080978608,0.9223638055766415,41.0,280.0,2.0,5.0,0.99036386062288,0.9631747949599012,0.9097106731932092,
Internet-Advertisements,RandomForest,Quantile Transform + Scaling,6,,16.078760700000203,1.0329873999999108,,,366.0,2532.0,6.0,47.0,0.992040595538612,0.970792982429948,0.9238354736651968,36.0,281.0,1.0,10.0,0.9697039777983348,0.9338431666490244,0.8551227631082602,
Internet-Advertisements,RandomForest,Quantile Transform + Scaling,7,,15.792100599999683,0.8036577999992005,,,360.0,2530.0,8.0,53.0,0.9936352430943128,0.9750236351442368,0.9120399306288496,40.0,282.0,0.0,6.0,0.9959528214616096,0.9818730964436536,0.9227400909044317,
Internet-Advertisements,RandomForest,Quantile Transform + Scaling,8,,16.241657500000656,0.8613341000000219,,,362.0,2531.0,7.0,51.0,0.990333373402252,0.9676195768851767,0.9164722636866468,41.0,280.0,2.0,5.0,0.9920212765957448,0.9715767841281496,0.9097106731932092,
Internet-Advertisements,RandomForest,Quantile Transform + Scaling,9,,16.570526800000152,1.0357191000002786,,,360.0,2532.0,6.0,53.0,0.9933270940303036,0.975094236392569,0.9150040433367456,41.0,280.0,2.0,5.0,0.9807662658032686,0.9500390953288154,0.9097106731932092,
Internet-Advertisements,RandomForest,Quantile Transform + Scaling,10,,16.333802099999957,0.9061402000006638,,,371.0,2531.0,7.0,43.0,0.9948859461784736,0.9781948107399806,0.92839045606854,38.0,280.0,2.0,7.0,0.9654452324665092,0.9359446868676972,0.8803757198269891,
Internet-Advertisements,RandomForest,Uniform Binning,1,,4.810987100001512,0.451434299999164,240.93149089813232,5.11907958984375,385.0,2526.0,12.0,28.0,0.995293810115303,0.9871381239853312,0.9430125390210398,41.0,280.0,2.0,5.0,0.9735969781066912,0.9527859650490988,0.9097106731932092,
Internet-Advertisements,RandomForest,Uniform Binning,2,,6.233137799999895,0.3736642000003485,,,386.0,2531.0,7.0,27.0,0.9937511567515174,0.9814407001784714,0.951542180789194,38.0,279.0,3.0,8.0,0.957755164970706,0.896310871516593,0.8561842134885375,
Internet-Advertisements,RandomForest,Uniform Binning,3,,6.730018400001427,0.3210528999989037,,,384.0,2533.0,5.0,29.0,0.9913589469124988,0.9820286761246256,0.951516819030274,41.0,280.0,2.0,5.0,0.9925223558433548,0.9580184733078436,0.9097106731932092,
Internet-Advertisements,RandomForest,Uniform Binning,4,,6.6263811999997415,0.3449125000006461,,,385.0,2528.0,10.0,28.0,0.9966485211706996,0.9875967387492978,0.9458298869232488,39.0,278.0,4.0,7.0,0.9710144927536232,0.9390698894089168,0.8576818849094476,
Internet-Advertisements,RandomForest,Uniform Binning,5,,6.604612499999348,0.3305550000004587,,,380.0,2533.0,5.0,33.0,0.9942777768237558,0.9841517994996636,0.945724863906798,40.0,279.0,3.0,6.0,0.982732038236201,0.9524405512479646,0.8836962790513284,
Internet-Advertisements,RandomForest,Uniform Binning,6,,6.828802899999573,0.2814772999990964,,,380.0,2534.0,4.0,33.0,0.9942715756816008,0.9858166772232116,0.9471773135728262,40.0,281.0,1.0,6.0,0.9787619488128276,0.9624179980588472,0.9092809088986794,
Internet-Advertisements,RandomForest,Uniform Binning,7,,6.75313019999885,0.2971827999990637,,,383.0,2533.0,5.0,30.0,0.9901416150063824,0.9764139808389392,0.9500704460478008,42.0,281.0,1.0,4.0,0.9974946037619488,0.9869009019371862,0.93572506733509,
Internet-Advertisements,RandomForest,Uniform Binning,8,,6.630086399998618,0.3063140000012936,,,372.0,2535.0,3.0,41.0,0.9927637441160704,0.979463158131438,0.9370329354765348,40.0,280.0,2.0,6.0,0.9899013259327784,0.9668706882999883,0.8962750891893905,
Internet-Advertisements,RandomForest,Uniform Binning,9,,6.41470930000105,0.308620299998438,,,389.0,2530.0,8.0,24.0,0.996053211523821,0.988901411433734,0.9544624646625446,42.0,279.0,3.0,4.0,0.9862010484119644,0.96552560268228,0.9107634113699524,
Internet-Advertisements,RandomForest,Uniform Binning,10,,6.191684600000372,0.2105457000016031,,,377.0,2533.0,5.0,37.0,0.9935673416246958,0.9844178901051012,0.940043982553574,36.0,278.0,4.0,9.0,0.9655634357762016,0.9262750703932684,0.8261911046597719,
Internet-Advertisements,RandomForest,Uniform Binning + Scaling,1,,4.897912100001122,0.4705494999998336,240.92556381225583,5.155069351196289,386.0,2528.0,10.0,27.0,0.9947815003711143,0.9852830243628116,0.9472842382013752,41.0,280.0,2.0,5.0,0.9736355226641996,0.9522080662806606,0.9097106731932092,
Internet-Advertisements,RandomForest,Uniform Binning + Scaling,2,,6.108612300000459,0.4700119000008271,,,388.0,2528.0,10.0,25.0,0.991685222392038,0.9793500018552508,0.9501896841330252,38.0,279.0,3.0,8.0,0.9573311748381128,0.8952602627292898,0.8561842134885375,
Internet-Advertisements,RandomForest,Uniform Binning + Scaling,3,,6.428100000000995,0.312477299999955,,,383.0,2533.0,5.0,30.0,0.9910217001814547,0.9809942092516264,0.9500704460478008,41.0,280.0,2.0,5.0,0.9929078014184396,0.96217833302416,0.9097106731932092,
Internet-Advertisements,RandomForest,Uniform Binning + Scaling,4,,6.719479499999579,0.3385306999989552,,,381.0,2528.0,10.0,32.0,0.9961180850109808,0.985033790828336,0.9400014782546092,39.0,279.0,3.0,7.0,0.971477027443725,0.9415313799668414,0.8699988799246319,
Internet-Advertisements,RandomForest,Uniform Binning + Scaling,5,,7.194822200000999,0.3353997999984131,,,380.0,2533.0,5.0,33.0,0.993484984649788,0.981713086187472,0.945724863906798,40.0,279.0,3.0,6.0,0.982963305581252,0.9524405512479646,0.8836962790513284,
Internet-Advertisements,RandomForest,Uniform Binning + Scaling,6,,6.819903199999317,0.3310316000006423,,,379.0,2533.0,5.0,34.0,0.991403308929454,0.9800915717913716,0.9442741612149308,40.0,281.0,1.0,6.0,0.9789932161578784,0.9620950374282228,0.9092809088986794,
Internet-Advertisements,RandomForest,Uniform Binning + Scaling,7,,7.1159718000017165,0.33284409999942,,,381.0,2534.0,4.0,32.0,0.989646477655854,0.9761559914015304,0.9486248083914208,42.0,281.0,1.0,4.0,0.9975331483194574,0.9869825973294406,0.93572506733509,
Internet-Advertisements,RandomForest,Uniform Binning + Scaling,8,,6.993672599999627,0.3211059999994177,,,370.0,2533.0,5.0,43.0,0.9928758416857948,0.9793063416123424,0.9311676411918118,40.0,280.0,2.0,6.0,0.9900555041628122,0.9672832793365336,0.8962750891893905,
Internet-Advertisements,RandomForest,Uniform Binning + Scaling,9,,6.906820600001083,0.2649929999988671,,,387.0,2530.0,8.0,26.0,0.9955704764576022,0.9875791065247872,0.9515670791047708,42.0,279.0,3.0,4.0,0.9758711069996916,0.960707250302952,0.9107634113699524,
Internet-Advertisements,RandomForest,Uniform Binning + Scaling,10,,6.391662899999574,0.2518293000011908,,,376.0,2534.0,4.0,38.0,0.9932318612167516,0.9832421496953836,0.9400520611681242,36.0,278.0,4.0,9.0,0.96548463356974,0.9259427637254624,0.8261911046597719,
Internet-Advertisements,RandomForest,Quantile Binning,1,,5.2983265000002575,0.4433750999996846,240.9364242553711,7.355036735534668,350.0,2529.0,9.0,63.0,0.9761356199329512,0.9503085731567562,0.8956803184710096,39.0,280.0,2.0,7.0,0.9678538390379278,0.898676943117407,0.8827325611936084,
Internet-Advertisements,RandomForest,Quantile Binning,2,,4.813542900001266,0.3438480000004347,,,371.0,2528.0,10.0,42.0,0.9872318483028903,0.963316821175498,0.9253511478451304,37.0,281.0,1.0,9.0,0.938791242676534,0.893431069105631,0.868835732322466,
Internet-Advertisements,RandomForest,Quantile Binning,3,,4.697686400000748,0.3456375999994634,,,361.0,2515.0,23.0,52.0,0.9837725650022802,0.9581716317273622,0.8920174187728134,42.0,279.0,3.0,4.0,0.981036077705828,0.9513205011557416,0.9107634113699524,
Internet-Advertisements,RandomForest,Quantile Binning,4,,5.00370600000133,0.3180405000002793,,,355.0,2520.0,18.0,58.0,0.981307849501142,0.955800572607784,0.8900308662323062,41.0,280.0,2.0,5.0,0.9774899784150478,0.9518867729076348,0.9097106731932092,
Internet-Advertisements,RandomForest,Quantile Binning,5,,4.775040900000022,0.3637408000013238,,,359.0,2528.0,10.0,54.0,0.9811504358925924,0.951567784029515,0.9076133937108122,40.0,281.0,1.0,6.0,0.9924067221708296,0.9756691824733584,0.9092809088986794,
Internet-Advertisements,RandomForest,Quantile Binning,6,,5.020157700000709,0.3278403000003891,,,332.0,2533.0,5.0,81.0,0.987022440502426,0.9630234702354477,0.8747329626655145,33.0,282.0,0.0,13.0,0.9840425531914893,0.9457662958727284,0.8281168095491854,
Internet-Advertisements,RandomForest,Quantile Binning,7,,4.8917498999999225,0.3638155000007828,,,369.0,2516.0,22.0,44.0,0.9846960581724375,0.9604569573459076,0.9054297365591886,39.0,280.0,2.0,7.0,0.9858156028368796,0.9600130173344552,0.8827325611936084,
Internet-Advertisements,RandomForest,Quantile Binning,8,,4.705459599999813,0.3135908000003837,,,369.0,2512.0,26.0,44.0,0.9807564248602834,0.953991429080767,0.8999323494710719,43.0,278.0,4.0,3.0,0.980881899475794,0.9657426223497104,0.912371074133428,
Internet-Advertisements,RandomForest,Quantile Binning,9,,4.645966699999917,0.226924800001143,,,364.0,2516.0,22.0,49.0,0.9834777722444508,0.9622510895532111,0.8979297222347479,42.0,278.0,4.0,4.0,0.9787234042553192,0.9427340451595876,0.898859081097749,
Internet-Advertisements,RandomForest,Quantile Binning,10,,4.746674600000915,0.2093778999987989,,,370.0,2522.0,16.0,44.0,0.9870366563500492,0.9674235487446754,0.9140102684774724,37.0,279.0,3.0,8.0,0.9801812450748622,0.935703479159792,0.8532834122433804,
Internet-Advertisements,RandomForest,Quantile Binning + Scaling,1,,5.356666899999254,0.4480471999995643,240.94806385040283,7.391017913818359,357.0,2524.0,14.0,56.0,0.9797756903779262,0.95538982458486,0.8987975695371304,39.0,280.0,2.0,7.0,0.9748689485044713,0.9135353301331766,0.8827325611936084,
Internet-Advertisements,RandomForest,Quantile Binning + Scaling,2,,4.980257100000017,0.358311699999831,,,383.0,2513.0,25.0,30.0,0.987387830878635,0.9668280448546188,0.9222074272983116,39.0,274.0,8.0,7.0,0.9299645390070922,0.8834429318913328,0.81213402428725,
Internet-Advertisements,RandomForest,Quantile Binning + Scaling,3,,5.235638899999685,0.2903675999987172,,,355.0,2522.0,16.0,58.0,0.9818020328298006,0.9571139325592402,0.8929053141428236,41.0,278.0,4.0,5.0,0.9803808202281838,0.938746384272418,0.8852439855259969,
Internet-Advertisements,RandomForest,Quantile Binning + Scaling,4,,4.904849299999114,0.3291929000006348,,,357.0,2519.0,19.0,56.0,0.9828996349912328,0.9570368007427054,0.8916180741980876,40.0,279.0,3.0,6.0,0.971399938328708,0.9429934174917104,0.8836962790513284,
Internet-Advertisements,RandomForest,Quantile Binning + Scaling,5,,5.381008199999997,0.3201074000007793,,,387.0,2274.0,264.0,26.0,0.9743978690967512,0.9460254322033734,0.6969883972891024,44.0,248.0,34.0,2.0,0.992213999383287,0.974228164627962,0.6818184251490015,
Internet-Advertisements,RandomForest,Quantile Binning + Scaling,6,,5.12612099999933,0.344596899998578,,,335.0,2532.0,6.0,78.0,0.986359872313713,0.9609911603390586,0.8777089869369379,34.0,282.0,0.0,12.0,0.9811902559358618,0.9425937924379738,0.841998720668748,
Internet-Advertisements,RandomForest,Quantile Binning + Scaling,7,,5.194807699999728,0.2952705999996396,,,370.0,2521.0,17.0,43.0,0.9857192466280096,0.9613546341668406,0.913900168922476,41.0,279.0,3.0,5.0,0.979108849830404,0.9561246399295013,0.8972825382669838,
Internet-Advertisements,RandomForest,Quantile Binning + Scaling,8,,5.392377699999997,0.4023940000006405,,,368.0,2521.0,17.0,45.0,0.9857865051698445,0.9598849113154164,0.9109255300913232,43.0,279.0,3.0,3.0,0.9834258402713536,0.9741267566074834,0.9241443108233116,
Internet-Advertisements,RandomForest,Quantile Binning + Scaling,9,,4.787754099999802,0.2191138999987743,,,372.0,2510.0,28.0,41.0,0.9860684186324288,0.9602360670685496,0.9017295713300566,43.0,276.0,6.0,3.0,0.9871261177921676,0.9431104811048656,0.8898457666998082,
Internet-Advertisements,RandomForest,Quantile Binning + Scaling,10,,4.850140099999408,0.276850900001591,,,366.0,2527.0,11.0,48.0,0.9899389187728176,0.9687814127722076,0.9152359142236758,37.0,279.0,3.0,8.0,0.9788022064617808,0.9340119357552726,0.8532834122433804,
Internet-Advertisements,RandomForest,SMOTE,1,,7.680333100001007,0.4261124000004201,253.46157550811768,10.72282600402832,413.0,0.0,2538.0,0.0,0.9020057355794824,0.7008928891371279,0.0,46.0,0.0,282.0,0.0,0.8536848596978108,0.6467318904535637,0.0,
Internet-Advertisements,RandomForest,SMOTE,2,,7.738679199999751,0.3073910000002797,,,413.0,0.0,2538.0,0.0,0.920503742627796,0.6581023724710028,0.0,46.0,0.0,282.0,0.0,0.8345667591736047,0.4829076088775028,0.0,
Internet-Advertisements,RandomForest,SMOTE,3,,7.6948765000015555,0.31142809999983,,,413.0,0.0,2538.0,0.0,0.9304370183382084,0.6450630084426283,0.0,46.0,0.0,282.0,0.0,0.916281221091582,0.6174317576307259,0.0,
Internet-Advertisements,RandomForest,SMOTE,4,,7.586344800000006,0.3175986999995075,,,413.0,0.0,2538.0,0.0,0.8587002978456278,0.4007302337140979,0.0,46.0,0.0,282.0,0.0,0.8226950354609929,0.3487122999739837,0.0,
Internet-Advertisements,RandomForest,SMOTE,5,,7.922841699999481,0.2757516000001487,,,413.0,0.0,2538.0,0.0,0.9293394161767764,0.8087556779523303,0.0,46.0,0.0,282.0,0.0,0.9168979340117176,0.8056877291346092,0.0,
Internet-Advertisements,RandomForest,SMOTE,6,,7.9898013999991235,0.2674836000005598,,,413.0,0.0,2538.0,0.0,0.7187805883262067,0.2272460806216448,0.0,46.0,0.0,282.0,0.0,0.6446962688868332,0.1916144967014013,0.0,
Internet-Advertisements,RandomForest,SMOTE,7,,7.8013421000014205,0.2490939999988768,,,413.0,0.0,2538.0,0.0,0.8731045970497828,0.4427661914133431,0.0,46.0,0.0,282.0,0.0,0.8207292630280604,0.3771577790294551,0.0,
Internet-Advertisements,RandomForest,SMOTE,8,,7.860386099999232,0.289205299999594,,,413.0,0.0,2538.0,0.0,0.692113769016041,0.2104320333548835,0.0,46.0,0.0,282.0,0.0,0.6749537465309898,0.201799057391624,0.0,
Internet-Advertisements,RandomForest,SMOTE,9,,7.671379800000068,0.2489840999987791,,,413.0,0.0,2538.0,0.0,0.917966521464538,0.6850842871669931,0.0,46.0,0.0,282.0,0.0,0.9288082022818378,0.6785079974018593,0.0,
Internet-Advertisements,RandomForest,SMOTE,10,,7.807241000000431,0.2007057000009808,,,414.0,0.0,2538.0,0.0,0.984525549807182,0.9483562667497156,0.0,45.0,0.0,282.0,0.0,0.941410559495666,0.8695518911198106,0.0,
Internet-Advertisements,RandomForest,SMOTE + Scaling,1,,7.684121199999936,0.4330876000003627,253.5073833465576,11.220901489257812,413.0,0.0,2538.0,0.0,0.9040559285781068,0.6568009306099941,0.0,46.0,0.0,282.0,0.0,0.8544942954054887,0.5626039890099168,0.0,
Internet-Advertisements,RandomForest,SMOTE + Scaling,2,,7.834324299999935,0.3064581999988149,,,413.0,0.0,2538.0,0.0,0.692089918469291,0.2123200696195671,0.0,46.0,0.0,282.0,0.0,0.6158263953129819,0.1786638986502651,0.0,
Internet-Advertisements,RandomForest,SMOTE + Scaling,3,,7.911018499999045,0.3033322999999654,,,413.0,0.0,2538.0,0.0,0.6929079922228137,0.2108461496711536,0.0,46.0,0.0,282.0,0.0,0.6681699044094974,0.1974978263930983,0.0,
Internet-Advertisements,RandomForest,SMOTE + Scaling,4,,7.678112899999178,0.3060640000003332,,,413.0,0.0,2538.0,0.0,0.7085339164315002,0.2201822399510128,0.0,46.0,0.0,282.0,0.0,0.7013953129818069,0.2160609263085011,0.0,
Internet-Advertisements,RandomForest,SMOTE + Scaling,5,,7.813251199999286,0.2719226000008348,,,413.0,0.0,2538.0,0.0,0.8814513343903896,0.600381305761486,0.0,46.0,0.0,282.0,0.0,0.8703746530989824,0.5941045791718436,0.0,
Internet-Advertisements,RandomForest,SMOTE + Scaling,6,,7.638038099999903,0.2936358000006294,,,413.0,0.0,2538.0,0.0,0.810788365512491,0.3236539217958791,0.0,46.0,0.0,282.0,0.0,0.7540086339808819,0.2661640837849786,0.0,
Internet-Advertisements,RandomForest,SMOTE + Scaling,7,,7.747278400000141,0.3496702000011282,,,413.0,0.0,2538.0,0.0,0.6933296698893525,0.210856353216368,0.0,46.0,0.0,282.0,0.0,0.6675531914893618,0.1981027993378528,0.0,
Internet-Advertisements,RandomForest,SMOTE + Scaling,8,,7.799397799999497,0.2648810999999114,,,413.0,0.0,2538.0,0.0,0.8387898614187832,0.3725130040466248,0.0,46.0,0.0,282.0,0.0,0.8538004933703363,0.4101507200546684,0.0,
Internet-Advertisements,RandomForest,SMOTE + Scaling,9,,7.254853000000367,0.2638362999987294,,,413.0,0.0,2538.0,0.0,0.9186176413908111,0.6781481914301297,0.0,46.0,0.0,282.0,0.0,0.933973172987974,0.6861768080144802,0.0,
Internet-Advertisements,RandomForest,SMOTE + Scaling,10,,7.661952200000087,0.2336931999998341,,,414.0,0.0,2538.0,0.0,0.9187157143781668,0.7397230675402413,0.0,45.0,0.0,282.0,0.0,0.900709219858156,0.7088388863939894,0.0,
Internet-Advertisements,RandomForest,Select Percentile (MI),1,,21.370389699999578,0.4102583000003506,240.9301471710205,4.6063642501831055,362.0,2532.0,6.0,51.0,0.9933075365819688,0.9738056386811808,0.9179527179503204,38.0,281.0,1.0,8.0,0.981036077705828,0.943891594731954,0.8824289030476793,
Internet-Advertisements,RandomForest,Select Percentile (MI),2,,18.92641670000012,0.2882188000003225,,,373.0,2530.0,8.0,40.0,0.991739124627693,0.9738606074806136,0.9311768640024626,36.0,280.0,2.0,10.0,0.9382130743139068,0.8946310987375297,0.8414023360766276,
Internet-Advertisements,RandomForest,Select Percentile (MI),3,,18.73884290000024,0.2316632000001846,,,362.0,2530.0,8.0,51.0,0.9923687790618914,0.97426888608597,0.9149974396201616,41.0,281.0,1.0,5.0,0.9782608695652174,0.9367000581550076,0.9225512984541492,
Internet-Advertisements,RandomForest,Select Percentile (MI),4,,18.891646299998683,0.2314033000002382,,,363.0,2531.0,7.0,50.0,0.9883242033440376,0.9651368605612648,0.9179469743246782,41.0,280.0,2.0,5.0,0.9784921369102684,0.9409347428415564,0.9097106731932092,
Internet-Advertisements,RandomForest,Select Percentile (MI),5,,19.318376200000785,0.2000929000005271,,,365.0,2531.0,7.0,48.0,0.9911333207402446,0.9696335632509314,0.920892738129014,41.0,280.0,2.0,5.0,0.9922525439407954,0.9704620763804376,0.9097106731932092,
Internet-Advertisements,RandomForest,Select Percentile (MI),6,,19.12444430000141,0.1972205999991274,,,365.0,2531.0,7.0,48.0,0.9918111532788776,0.9716858684984488,0.920892738129014,37.0,281.0,1.0,9.0,0.9690101757631824,0.941572440883736,0.868835732322466,
Internet-Advertisements,RandomForest,Select Percentile (MI),7,,18.899630199999592,0.3051132000000507,,,361.0,2529.0,9.0,52.0,0.9910264702908048,0.967890596161272,0.9120479049156452,41.0,282.0,0.0,5.0,0.9948350292938638,0.9772329220575722,0.9358292566037504,
Internet-Advertisements,RandomForest,Select Percentile (MI),8,,19.364985800000795,0.3073695000002772,,,361.0,2532.0,6.0,52.0,0.988110025434223,0.9672547684349336,0.9164789946838932,41.0,282.0,0.0,5.0,0.9912889300030836,0.9709516077463276,0.9358292566037504,
Internet-Advertisements,RandomForest,Select Percentile (MI),9,,19.609504100000777,0.184708300001148,,,365.0,2530.0,8.0,48.0,0.9906377063787812,0.9712351277447376,0.9194244474544292,42.0,279.0,3.0,4.0,0.97109158186864,0.9425854850465096,0.9107634113699524,
Internet-Advertisements,RandomForest,Select Percentile (MI),10,,18.6906841,0.1882755000006,,,369.0,2530.0,8.0,45.0,0.9945652173913044,0.9788393035039266,0.9240045561686068,36.0,281.0,1.0,9.0,0.9640267927501972,0.9381418206678416,0.8661469764187683,
Internet-Advertisements,RandomForest,Select Percentile (MI) + Scaling,1,,21.362321200000224,0.4296030000004975,240.9467620849609,4.624505996704102,362.0,2532.0,6.0,51.0,0.9933208928881486,0.9738057907646976,0.9179527179503204,38.0,281.0,1.0,8.0,0.9811131668208448,0.943891594731954,0.8824289030476793,
Internet-Advertisements,RandomForest,Select Percentile (MI) + Scaling,2,,19.072769599999447,0.3225180000008549,,,373.0,2530.0,8.0,40.0,0.9917591590869628,0.973877749130591,0.9311768640024626,36.0,280.0,2.0,10.0,0.9384057971014492,0.8947060704410815,0.8414023360766276,
Internet-Advertisements,RandomForest,Select Percentile (MI) + Scaling,3,,19.123139499999525,0.3271889000006922,,,362.0,2530.0,8.0,51.0,0.9923644859634764,0.974258857947443,0.9149974396201616,41.0,281.0,1.0,5.0,0.9782608695652176,0.9367000581550076,0.9225512984541492,
Internet-Advertisements,RandomForest,Select Percentile (MI) + Scaling,4,,19.29201590000048,0.2579756000013731,,,363.0,2531.0,7.0,50.0,0.9883561630766822,0.96531285274414,0.9179469743246782,41.0,280.0,2.0,5.0,0.9784921369102684,0.9409347428415564,0.9097106731932092,
Internet-Advertisements,RandomForest,Select Percentile (MI) + Scaling,5,,19.68833099999938,0.2534325000015087,,,365.0,2531.0,7.0,48.0,0.9911404759042696,0.969643043871152,0.920892738129014,41.0,280.0,2.0,5.0,0.992291088498304,0.970514969641836,0.9097106731932092,
Internet-Advertisements,RandomForest,Select Percentile (MI) + Scaling,6,,19.325316399999792,0.3073318999995535,,,365.0,2531.0,7.0,48.0,0.9918125843116828,0.9716948364768978,0.920892738129014,37.0,281.0,1.0,9.0,0.9688174529756398,0.9414805224397892,0.868835732322466,
Internet-Advertisements,RandomForest,Select Percentile (MI) + Scaling,7,,19.22019080000064,0.2252098999997542,,,361.0,2529.0,9.0,52.0,0.991032194422025,0.9679617614017711,0.9120479049156452,41.0,282.0,0.0,5.0,0.9949121184088808,0.9775031259386824,0.9358292566037504,
Internet-Advertisements,RandomForest,Select Percentile (MI) + Scaling,8,,19.747422700000243,0.1913657000004605,,,361.0,2532.0,6.0,52.0,0.9881195656529228,0.9672551573592976,0.9164789946838932,41.0,282.0,0.0,5.0,0.9911732963305582,0.9704904746764986,0.9358292566037504,
Internet-Advertisements,RandomForest,Select Percentile (MI) + Scaling,9,,18.909263499999724,0.3214501999991626,,,365.0,2530.0,8.0,48.0,0.990634367302236,0.971224055065504,0.9194244474544292,42.0,279.0,3.0,4.0,0.97109158186864,0.9425854850465096,0.9107634113699524,
Internet-Advertisements,RandomForest,Select Percentile (MI) + Scaling,10,,18.96850429999904,0.194235099999787,,,369.0,2530.0,8.0,45.0,0.9945652173913044,0.9788120810166504,0.9240045561686068,36.0,281.0,1.0,9.0,0.9639479905437354,0.9378031656122052,0.8661469764187683,
Internet-Advertisements,RandomForest,Random Undersampling,1,,4.403226399999767,0.4361048999999184,240.93068313598636,2.595190048217773,382.0,2484.0,54.0,31.0,0.9852584540648008,0.9536741277007345,0.8835172523359552,41.0,278.0,4.0,5.0,0.9716697502312674,0.9316803801000952,0.8852439855259969,
Internet-Advertisements,RandomForest,Random Undersampling,2,,2.7982383999988087,0.3638518999996449,,,389.0,2472.0,66.0,24.0,0.9859453498111992,0.951882632838069,0.8798998967211532,38.0,275.0,7.0,8.0,0.9403715695343818,0.8811585684874759,0.8086857079941301,
Internet-Advertisements,RandomForest,Random Undersampling,3,,2.9255056000001787,0.3056477999998606,,,382.0,2496.0,42.0,31.0,0.9876039168321894,0.9606010073606094,0.8984793707584601,44.0,279.0,3.0,2.0,0.9790703052728954,0.9462348936283708,0.9374303365949724,
Internet-Advertisements,RandomForest,Random Undersampling,4,,2.739258300000074,0.3318527999999787,,,384.0,2487.0,51.0,29.0,0.988560323756862,0.9623835676270897,0.8902523409825838,43.0,276.0,6.0,3.0,0.9830789392537774,0.9580083693596282,0.8898457666998082,
Internet-Advertisements,RandomForest,Random Undersampling,5,,2.961768099999972,0.3595033000001422,,,373.0,2496.0,42.0,40.0,0.9837024443948352,0.9484219068947198,0.8848089657234113,43.0,275.0,7.0,3.0,0.9870490286771508,0.961613854904501,0.8790596193940847,
Internet-Advertisements,RandomForest,Random Undersampling,6,,2.814089999999851,0.2995263000011618,,,383.0,2484.0,54.0,30.0,0.9865482916330376,0.9543042544908,0.8850463735322003,40.0,278.0,4.0,6.0,0.9743678692568608,0.950646884763278,0.8715202244932119,
Internet-Advertisements,RandomForest,Random Undersampling,7,,2.95443030000024,0.3180013000001054,,,382.0,2471.0,67.0,31.0,0.982019072805225,0.9455201360737452,0.8679441467043763,43.0,272.0,10.0,3.0,0.99036386062288,0.9603245151601324,0.8484264910946345,
Internet-Advertisements,RandomForest,Random Undersampling,8,,2.955951100000675,0.2044074000004911,,,383.0,2485.0,53.0,30.0,0.9817681650534156,0.9503534577866968,0.8862698081592891,44.0,272.0,10.0,2.0,0.9907493061979648,0.9612153825542284,0.8624215154008387,
Internet-Advertisements,RandomForest,Random Undersampling,9,,3.0142259999993257,0.2085975000009057,,,381.0,2483.0,55.0,32.0,0.9849846497881116,0.9503042917711167,0.8807646965126212,42.0,276.0,6.0,4.0,0.9698967005858774,0.9077891586370004,0.8761030163791109,
Internet-Advertisements,RandomForest,Random Undersampling,10,,2.8263537000002543,0.2038753999986511,,,385.0,2474.0,64.0,29.0,0.9851365524225016,0.9571988669807308,0.8748100593385837,40.0,272.0,10.0,5.0,0.9489755713159967,0.9004263079349102,0.8169072659227248,
Internet-Advertisements,RandomForest,Random Undersampling + Scaling,1,,4.396117400001458,0.4426817999992636,240.94704151153564,2.631167411804199,382.0,2484.0,54.0,31.0,0.985277534502201,0.953691141038414,0.8835172523359552,41.0,278.0,4.0,5.0,0.9716697502312674,0.9316803801000952,0.8852439855259969,
Internet-Advertisements,RandomForest,Random Undersampling + Scaling,2,,2.86490909999884,0.3702223999989655,,,389.0,2472.0,66.0,24.0,0.985951550953354,0.9518972064987182,0.8798998967211532,38.0,275.0,7.0,8.0,0.9404486586493987,0.8811910666892421,0.8086857079941301,
Internet-Advertisements,RandomForest,Random Undersampling + Scaling,3,,3.0889759000001504,0.3643617999987327,,,382.0,2496.0,42.0,31.0,0.9876015317775144,0.9605997739657262,0.8984793707584601,44.0,279.0,3.0,2.0,0.9790703052728956,0.9462348936283708,0.9374303365949724,
Internet-Advertisements,RandomForest,Random Undersampling + Scaling,4,,2.990515499999674,0.4207963999997446,,,384.0,2487.0,51.0,29.0,0.9885545996256416,0.9623681740712398,0.8902523409825838,43.0,276.0,6.0,3.0,0.9830789392537774,0.9580083693596282,0.8898457666998082,
Internet-Advertisements,RandomForest,Random Undersampling + Scaling,5,,3.105583200000183,0.2986522000010154,,,373.0,2496.0,42.0,40.0,0.98374394434618,0.948523499805277,0.8848089657234113,43.0,275.0,7.0,3.0,0.9870490286771508,0.961613854904501,0.8790596193940847,
Internet-Advertisements,RandomForest,Random Undersampling + Scaling,6,,2.961078700000144,0.2311711000002105,,,383.0,2484.0,54.0,30.0,0.9865411364690124,0.954287385637958,0.8850463735322003,40.0,278.0,4.0,6.0,0.974367869256861,0.950646884763278,0.8715202244932119,
Internet-Advertisements,RandomForest,Random Undersampling + Scaling,7,,3.080978199999663,0.2728244000008999,,,382.0,2471.0,67.0,31.0,0.9820371992207548,0.9455967921252044,0.8679441467043763,43.0,272.0,10.0,3.0,0.99036386062288,0.9603245151601324,0.8484264910946345,
Internet-Advertisements,RandomForest,Random Undersampling + Scaling,8,,2.921790700000201,0.2695977999992465,,,383.0,2486.0,52.0,30.0,0.9817433604847956,0.9503194495614052,0.8874971708113151,44.0,272.0,10.0,2.0,0.9907493061979648,0.9612153825542284,0.8624215154008387,
Internet-Advertisements,RandomForest,Random Undersampling + Scaling,9,,2.9416093999989243,0.2687244999997347,,,381.0,2483.0,55.0,32.0,0.9849803566896966,0.9503040237451008,0.8807646965126212,42.0,276.0,6.0,4.0,0.9699352451433858,0.9077998733053814,0.8761030163791109,
Internet-Advertisements,RandomForest,Random Undersampling + Scaling,10,,2.864626299999145,0.2060757999988709,,,385.0,2474.0,64.0,29.0,0.9851313179764204,0.9571801510060504,0.8748100593385837,40.0,272.0,10.0,5.0,0.948936170212766,0.90001836375885,0.8169072659227248,
Internet-Advertisements,MLP,Baseline,1,True,14.601002600000356,0.4795852999995986,240.9309120178223,5.0352935791015625,354.0,2533.0,5.0,59.0,0.9810287981041677,0.9603410085569118,0.9076324026499184,37.0,280.0,2.0,9.0,0.9794942954054888,0.9428778525597036,0.8553026912201592,
Internet-Advertisements,MLP,Baseline,2,True,51.45803360000173,0.474909699998534,,,368.0,2531.0,7.0,45.0,0.9822218024525992,0.966327021848974,0.9253023469070888,37.0,281.0,1.0,9.0,0.9478106691335184,0.8952645177844376,0.868835732322466,
Internet-Advertisements,MLP,Baseline,3,True,50.69073170000047,0.3318481000005704,,,343.0,2536.0,2.0,70.0,0.9825848077741334,0.9632565112757312,0.8958924507417607,40.0,281.0,1.0,6.0,0.9816527906259636,0.916309052662858,0.9092809088986794,
Internet-Advertisements,MLP,Baseline,4,True,51.60620890000064,0.2321967999996559,,,350.0,2536.0,2.0,63.0,0.9846192594119028,0.966586525550489,0.90627569364258,38.0,281.0,1.0,8.0,0.9703592352759792,0.9435282436679382,0.8824289030476793,
Internet-Advertisements,MLP,Baseline,5,True,40.84376649999831,0.4182606999984273,,,338.0,2534.0,4.0,75.0,0.9806328790281188,0.9562791466510476,0.8853199245078535,37.0,280.0,2.0,9.0,0.9848134443416589,0.9670550952028112,0.8553026912201592,
Internet-Advertisements,MLP,Baseline,6,True,49.94361290000052,0.3131761999993614,,,329.0,2536.0,2.0,84.0,0.9846993972489824,0.965464528063658,0.874927794648014,35.0,282.0,0.0,11.0,0.9797255627505396,0.9562727355259532,0.8557479162791201,
Internet-Advertisements,MLP,Baseline,7,True,47.65852189999896,0.3464740999988862,,,338.0,2534.0,4.0,75.0,0.979801448968416,0.9566135402248536,0.8853199245078535,40.0,282.0,0.0,6.0,0.996068455134135,0.9808435390089292,0.9227400909044317,
Internet-Advertisements,MLP,Baseline,8,True,45.45495110000047,0.3498840000011114,,,347.0,2534.0,4.0,66.0,0.9830403532170572,0.9603686294599962,0.8987618023090508,39.0,282.0,0.0,7.0,0.9910576626580327,0.968080935090136,0.9095551148751994,
Internet-Advertisements,MLP,Baseline,9,True,47.88258880000103,0.2907310999999026,,,362.0,2516.0,22.0,51.0,0.982330083934844,0.9573789284756444,0.8949205711307088,42.0,279.0,3.0,4.0,0.969626888683318,0.9506971256152764,0.9107634113699524,
Internet-Advertisements,MLP,Baseline,10,True,39.10558139999921,0.4916685000007419,,,345.0,2533.0,5.0,69.0,0.9830227879230862,0.9568601440457576,0.8929952497645786,33.0,281.0,1.0,12.0,0.9479117415287628,0.9081623736178526,0.8236710548951947,
Internet-Advertisements,MLP,Standard Scaling,1,True,20.885014800000132,0.4717974000013782,240.9389743804932,5.072536468505859,382.0,2534.0,4.0,31.0,0.9966947912313944,0.9876122097586324,0.9500712248875776,39.0,280.0,2.0,7.0,0.9701665124884368,0.943527776114566,0.8827325611936084,
Internet-Advertisements,MLP,Standard Scaling,2,True,74.93384519999927,0.1995067000007111,,,391.0,2532.0,6.0,22.0,0.9962182573073304,0.9878719843780956,0.9601874274832972,37.0,275.0,7.0,9.0,0.9428769657724329,0.886692155294519,0.794233283171896,
Internet-Advertisements,MLP,Standard Scaling,3,True,37.39981350000016,0.5120925000010175,,,390.0,2532.0,6.0,23.0,0.9943173687313608,0.9861481933602224,0.9587463679674416,43.0,278.0,4.0,3.0,0.9952204748689484,0.9703274585034792,0.912371074133428,
Internet-Advertisements,MLP,Standard Scaling,4,True,66.64050889999999,0.3372822000001179,,,384.0,2535.0,3.0,29.0,0.9922705148092816,0.983609303377746,0.9544101385469907,39.0,279.0,3.0,7.0,0.9824622263336418,0.9355874279547132,0.8699988799246319,
Internet-Advertisements,MLP,Standard Scaling,5,True,67.81536950000009,0.3430256000010558,,,392.0,2530.0,8.0,21.0,0.9951597700425684,0.9854591515522164,0.9587976361013556,42.0,280.0,2.0,4.0,0.9727875423990132,0.9346817721238228,0.9230448520407556,
Internet-Advertisements,MLP,Standard Scaling,6,True,64.9819105000006,0.4027907999989111,,,390.0,2531.0,7.0,23.0,0.9966208545364694,0.9897780388542484,0.9573249460729208,39.0,279.0,3.0,7.0,0.9906722170829478,0.955933408836444,0.8699988799246319,
Internet-Advertisements,MLP,Standard Scaling,7,True,68.0898687000008,0.3248525999988487,,,388.0,2530.0,8.0,25.0,0.994199547030416,0.9849375841690192,0.9530153030844084,41.0,277.0,5.0,5.0,0.9893617021276596,0.9653709221224585,0.8735738513721862,
Internet-Advertisements,MLP,Standard Scaling,8,True,70.34128489999966,0.2186588000004121,,,389.0,2533.0,5.0,24.0,0.9959721196648712,0.9887960196214556,0.9587328038681932,41.0,280.0,2.0,5.0,0.9857385137218624,0.967122985976577,0.9097106731932092,
Internet-Advertisements,MLP,Standard Scaling,9,True,69.89428620000035,0.3801454000004014,,,387.0,2533.0,5.0,26.0,0.9964753662012948,0.9874232849461771,0.9558495615160468,41.0,281.0,1.0,5.0,0.994295405488745,0.979660294110518,0.9225512984541492,
Internet-Advertisements,MLP,Standard Scaling,10,True,62.03577140000016,0.4104654000002483,,,394.0,2532.0,6.0,20.0,0.9965914238835404,0.9913824760089628,0.9631443240162234,39.0,276.0,6.0,6.0,0.9731284475965328,0.915433025554618,0.8453900709219858,
Internet-Advertisements,MLP,MinMax Scaling,1,True,19.076407499998822,0.4865874999995867,240.9222841262817,5.09608268737793,376.0,2526.0,12.0,37.0,0.9878929854587988,0.9708662802589916,0.9298376339189935,40.0,279.0,3.0,6.0,0.9805735430157262,0.9579976305381918,0.8836962790513284,
Internet-Advertisements,MLP,MinMax Scaling,2,True,55.01839219999965,0.4467853000005561,,,370.0,2532.0,6.0,43.0,0.9880461059689332,0.9718967162753596,0.9296991481683122,36.0,282.0,0.0,10.0,0.9604532839962996,0.91017585217898,0.8693716282424064,
Internet-Advertisements,MLP,MinMax Scaling,3,True,60.10263300000042,0.3047953999994206,,,370.0,2526.0,12.0,43.0,0.9879263762242484,0.9689197975659334,0.9210021913374064,41.0,280.0,2.0,5.0,0.9706290471785384,0.926738705704694,0.9097106731932092,
Internet-Advertisements,MLP,MinMax Scaling,4,True,61.08943509999881,0.3537587999999232,,,366.0,2534.0,4.0,47.0,0.986403280308798,0.9696656272513092,0.926795578438228,40.0,281.0,1.0,6.0,0.9735198889916744,0.9473833818665152,0.9092809088986794,
Internet-Advertisements,MLP,MinMax Scaling,5,True,48.53496980000091,0.4408332999992126,,,376.0,2524.0,14.0,37.0,0.982009532586525,0.962286270726336,0.9270051673457578,40.0,280.0,2.0,6.0,0.986971939562134,0.9637996258127728,0.8962750891893905,
Internet-Advertisements,MLP,MinMax Scaling,6,True,46.20961390000048,0.484477699999843,,,368.0,2531.0,7.0,45.0,0.984917868257212,0.9652411401698192,0.9253023469070888,36.0,281.0,1.0,10.0,0.9801880974406414,0.941329552119456,0.8551227631082602,
Internet-Advertisements,MLP,MinMax Scaling,7,True,61.485089300000254,0.2521919000009802,,,321.0,2537.0,1.0,92.0,0.9875376123122248,0.9691422450017664,0.8644350565831026,38.0,281.0,1.0,8.0,0.9932161578785076,0.9761940029314572,0.8824289030476793,
Internet-Advertisements,MLP,MinMax Scaling,8,True,53.71429959999841,0.3931788999998389,,,369.0,2532.0,6.0,44.0,0.9830880543105568,0.9638479215781892,0.9282349940494504,41.0,282.0,0.0,5.0,0.9886679000925068,0.9628460614815434,0.9358292566037504,
Internet-Advertisements,MLP,MinMax Scaling,9,True,57.298904799999946,0.2942922000001999,,,366.0,2534.0,4.0,47.0,0.9868702740141616,0.9690045609946972,0.926795578438228,41.0,280.0,2.0,5.0,0.9842738205365402,0.9640019274652808,0.9097106731932092,
Internet-Advertisements,MLP,MinMax Scaling,10,True,56.66682789999868,0.3326173999994353,,,373.0,2527.0,11.0,41.0,0.991032442145095,0.9734275324971504,0.925544111492048,39.0,279.0,3.0,6.0,0.9555555555555556,0.9290699515005724,0.8813976602190767,
Internet-Advertisements,MLP,IQR Capping,1,True,13.254606300000887,1.4828374999997322,240.9355354309082,5.088031768798828,200.0,2504.0,34.0,213.0,0.8886107915137846,0.7165920058016836,0.6045950860966465,18.0,281.0,1.0,28.0,0.866558741905643,0.659640743912177,0.5763794322274503,
Internet-Advertisements,MLP,IQR Capping,2,True,35.28430450000087,1.917227300000377,,,228.0,2478.0,60.0,185.0,0.8784848033856327,0.7098026141654846,0.6177548419708174,23.0,275.0,7.0,23.0,0.8585414739438793,0.6916443102998968,0.5723878423201814,
Internet-Advertisements,MLP,IQR Capping,3,True,35.3619620999998,1.8212080000012063,,,196.0,2506.0,32.0,217.0,0.8809146970885161,0.7187737589599638,0.6002627687405875,21.0,279.0,3.0,25.0,0.8545328399629972,0.6403598080459876,0.5945418109306858,
Internet-Advertisements,MLP,IQR Capping,4,True,27.115785800000594,2.1772650000002614,,,199.0,2486.0,52.0,214.0,0.8726209079616942,0.7075054795945529,0.5737651180447825,20.0,277.0,5.0,26.0,0.8545713845205056,0.6681064132115756,0.5457609732273546,
Internet-Advertisements,MLP,IQR Capping,5,True,27.13389539999844,2.201471700000184,,,193.0,2493.0,45.0,220.0,0.8758020938872003,0.7046911396980446,0.5728174393212858,25.0,278.0,4.0,21.0,0.8924606845513413,0.7305616236771678,0.6473896262137802,
Internet-Advertisements,MLP,IQR Capping,6,True,25.368172499998764,2.2881638999988354,,,193.0,2508.0,30.0,220.0,0.8633258728823099,0.6947748393478285,0.5978978486426786,25.0,276.0,6.0,21.0,0.8872186247301881,0.7460085896638643,0.6198443554969085,
Internet-Advertisements,MLP,IQR Capping,7,True,37.83145059999879,1.650152700000035,,,191.0,2525.0,13.0,222.0,0.8861603863406964,0.7148153124161616,0.6254935222670738,19.0,281.0,1.0,27.0,0.8841350601295096,0.7222862822762985,0.594243226729987,
Internet-Advertisements,MLP,IQR Capping,8,True,29.67785639999965,2.000090999999884,,,196.0,2494.0,44.0,217.0,0.865431399149394,0.6981918590184825,0.5803559851806228,23.0,275.0,7.0,23.0,0.8852913968547641,0.7258448374249357,0.5723878423201814,
Internet-Advertisements,MLP,IQR Capping,9,True,37.50566120000076,1.4609357999997885,,,194.0,2507.0,31.0,219.0,0.899294882435885,0.7224932699803679,0.598103139992722,24.0,278.0,4.0,22.0,0.908418131359852,0.7581265150635581,0.6307346778106713,
Internet-Advertisements,MLP,IQR Capping,10,True,36.49441099999967,1.609166600001117,,,196.0,2498.0,40.0,218.0,0.8971245760098674,0.7253770807795438,0.585972285928878,22.0,276.0,6.0,23.0,0.860756501182033,0.6893299294104513,0.5757078100072226,
Internet-Advertisements,MLP,IQR Capping + Scaling,1,True,16.05001590000029,1.489601399998719,240.92431735992432,5.124608993530273,385.0,2394.0,144.0,28.0,0.9745710240661556,0.9478184522111957,0.7918540001278336,42.0,270.0,12.0,4.0,0.973327166204132,0.9062856646203696,0.8150706186731059,
Internet-Advertisements,MLP,IQR Capping + Scaling,2,True,35.82756479999989,2.32557000000088,,,409.0,801.0,1737.0,4.0,0.980573729672179,0.9522226526124028,0.2382936716131448,45.0,67.0,215.0,1.0,0.9433395004625348,0.8978527439503926,0.1848900036411773,
Internet-Advertisements,MLP,IQR Capping + Scaling,3,True,28.002478799999157,2.603017400000681,,,410.0,947.0,1591.0,3.0,0.9764914700904604,0.9442810570476784,0.2716788243685731,46.0,98.0,184.0,0.0,0.9814215232809128,0.9042041272006676,0.2636352520041483,
Internet-Advertisements,MLP,IQR Capping + Scaling,4,True,47.11696409999968,1.918539800000872,,,393.0,2429.0,109.0,20.0,0.9775594975739224,0.9492452526962302,0.8389963139906758,43.0,266.0,16.0,3.0,0.9809975331483194,0.9424200026156696,0.7938128196615655,
Internet-Advertisements,MLP,IQR Capping + Scaling,5,True,48.53380389999984,1.8109678000000715,,,411.0,160.0,2378.0,2.0,0.9754630345146034,0.9518301301858322,0.0886452998298312,46.0,19.0,263.0,0.0,0.9834258402713536,0.9591758211792264,0.100150223412881,
Internet-Advertisements,MLP,IQR Capping + Scaling,6,True,47.61584670000048,2.0208443000010448,,,385.0,2475.0,63.0,28.0,0.984568696252793,0.9574765075904292,0.8772854731429398,41.0,271.0,11.0,5.0,0.9835029293863706,0.9393966846764676,0.8102860221700722,
Internet-Advertisements,MLP,IQR Capping + Scaling,7,True,47.540673600000446,1.89385829999992,,,404.0,1780.0,758.0,9.0,0.9788789098201288,0.9531543969748596,0.4825392622758807,44.0,198.0,84.0,2.0,0.9679309281529448,0.935069539512592,0.4688541743631609,
Internet-Advertisements,MLP,IQR Capping + Scaling,8,True,57.58746780000001,1.4251504999992903,,,394.0,2380.0,158.0,19.0,0.9792299898682876,0.9541391712892116,0.7933687836777108,45.0,248.0,34.0,1.0,0.9774899784150476,0.96085311400783,0.6965019977167342,
Internet-Advertisements,MLP,IQR Capping + Scaling,9,True,50.92654120000043,1.860027299999274,,,399.0,2136.0,402.0,14.0,0.9753304254746736,0.9527677633976944,0.6301448751269075,45.0,210.0,72.0,1.0,0.9838883749614554,0.9442999360231592,0.5240498486360227,
Internet-Advertisements,MLP,IQR Capping + Scaling,10,True,56.960616800000935,1.3109057000001485,,,347.0,2524.0,14.0,67.0,0.98028469676378,0.951324794049094,0.8825110779408575,35.0,279.0,3.0,10.0,0.951063829787234,0.9011252500758528,0.8246400536435028,
Internet-Advertisements,MLP,IQR Removal,1,True,19.056278199999724,0.4580586000010953,240.93258476257324,5.035482406616211,354.0,2533.0,5.0,59.0,0.9810287981041677,0.9603410085569118,0.9076324026499184,37.0,280.0,2.0,9.0,0.9794942954054888,0.9428778525597036,0.8553026912201592,
Internet-Advertisements,MLP,IQR Removal,2,True,54.90275029999975,0.277919699999984,,,368.0,2531.0,7.0,45.0,0.9822218024525992,0.966327021848974,0.9253023469070888,37.0,281.0,1.0,9.0,0.9478106691335184,0.8952645177844376,0.868835732322466,
Internet-Advertisements,MLP,IQR Removal,3,True,55.19969569999921,0.2202907000009872,,,343.0,2536.0,2.0,70.0,0.9825848077741334,0.9632565112757312,0.8958924507417607,40.0,281.0,1.0,6.0,0.9816527906259636,0.916309052662858,0.9092809088986794,
Internet-Advertisements,MLP,IQR Removal,4,True,56.11912830000074,0.2040025999995123,,,350.0,2536.0,2.0,63.0,0.9846192594119028,0.966586525550489,0.90627569364258,38.0,281.0,1.0,8.0,0.9703592352759792,0.9435282436679382,0.8824289030476793,
Internet-Advertisements,MLP,IQR Removal,5,True,45.52080699999897,0.4590873000015563,,,338.0,2534.0,4.0,75.0,0.9806328790281188,0.9562791466510476,0.8853199245078535,37.0,280.0,2.0,9.0,0.9848134443416589,0.9670550952028112,0.8553026912201592,
Internet-Advertisements,MLP,IQR Removal,6,True,55.16943480000009,0.2032600000002276,,,329.0,2536.0,2.0,84.0,0.9846993972489824,0.965464528063658,0.874927794648014,35.0,282.0,0.0,11.0,0.9797255627505396,0.9562727355259532,0.8557479162791201,
Internet-Advertisements,MLP,IQR Removal,7,True,50.79338629999984,0.3196074000006774,,,338.0,2534.0,4.0,75.0,0.979801448968416,0.9566135402248536,0.8853199245078535,40.0,282.0,0.0,6.0,0.996068455134135,0.9808435390089292,0.9227400909044317,
Internet-Advertisements,MLP,IQR Removal,8,True,48.84076309999909,0.3648635000008653,,,347.0,2534.0,4.0,66.0,0.9830403532170572,0.9603686294599962,0.8987618023090508,39.0,282.0,0.0,7.0,0.9910576626580327,0.968080935090136,0.9095551148751994,
Internet-Advertisements,MLP,IQR Removal,9,True,51.73053710000022,0.3452517000005173,,,362.0,2516.0,22.0,51.0,0.982330083934844,0.9573789284756444,0.8949205711307088,42.0,279.0,3.0,4.0,0.969626888683318,0.9506971256152764,0.9107634113699524,
Internet-Advertisements,MLP,IQR Removal,10,True,42.21845849999954,0.4500695999995514,,,345.0,2533.0,5.0,69.0,0.9830227879230862,0.9568601440457576,0.8929952497645786,33.0,281.0,1.0,12.0,0.9479117415287628,0.9081623736178526,0.8236710548951947,
Internet-Advertisements,MLP,IQR Removal + Scaling,1,True,25.230901000000813,0.4488397999994049,240.93156051635745,5.07271671295166,382.0,2534.0,4.0,31.0,0.9966947912313944,0.9876122097586324,0.9500712248875776,39.0,280.0,2.0,7.0,0.9701665124884368,0.943527776114566,0.8827325611936084,
Internet-Advertisements,MLP,IQR Removal + Scaling,2,True,78.0667214999994,0.2005358000005799,,,391.0,2532.0,6.0,22.0,0.9962182573073304,0.9878719843780956,0.9601874274832972,37.0,275.0,7.0,9.0,0.9428769657724329,0.886692155294519,0.794233283171896,
Internet-Advertisements,MLP,IQR Removal + Scaling,3,True,43.360167299999375,0.5653104000011808,,,390.0,2532.0,6.0,23.0,0.9943173687313608,0.9861481933602224,0.9587463679674416,43.0,278.0,4.0,3.0,0.9952204748689484,0.9703274585034792,0.912371074133428,
Internet-Advertisements,MLP,IQR Removal + Scaling,4,True,70.2542013000002,0.3804097000011097,,,384.0,2535.0,3.0,29.0,0.9922705148092816,0.983609303377746,0.9544101385469907,39.0,279.0,3.0,7.0,0.9824622263336418,0.9355874279547132,0.8699988799246319,
Internet-Advertisements,MLP,IQR Removal + Scaling,5,True,72.0676867000002,0.4771025999998528,,,392.0,2530.0,8.0,21.0,0.9951597700425684,0.9854591515522164,0.9587976361013556,42.0,280.0,2.0,4.0,0.9727875423990132,0.9346817721238228,0.9230448520407556,
Internet-Advertisements,MLP,IQR Removal + Scaling,6,True,71.33287360000031,0.3746295999990252,,,390.0,2531.0,7.0,23.0,0.9966208545364694,0.9897780388542484,0.9573249460729208,39.0,279.0,3.0,7.0,0.9906722170829478,0.955933408836444,0.8699988799246319,
Internet-Advertisements,MLP,IQR Removal + Scaling,7,True,71.89486570000008,0.303650199999538,,,388.0,2530.0,8.0,25.0,0.994199547030416,0.9849375841690192,0.9530153030844084,41.0,277.0,5.0,5.0,0.9893617021276596,0.9653709221224585,0.8735738513721862,
Internet-Advertisements,MLP,IQR Removal + Scaling,8,True,74.29033990000062,0.2501635999997234,,,389.0,2533.0,5.0,24.0,0.9959721196648712,0.9887960196214556,0.9587328038681932,41.0,280.0,2.0,5.0,0.9857385137218624,0.967122985976577,0.9097106731932092,
Internet-Advertisements,MLP,IQR Removal + Scaling,9,True,73.85076639999897,0.2327273999999306,,,387.0,2533.0,5.0,26.0,0.9964753662012948,0.9874232849461771,0.9558495615160468,41.0,281.0,1.0,5.0,0.994295405488745,0.979660294110518,0.9225512984541492,
Internet-Advertisements,MLP,IQR Removal + Scaling,10,True,64.7868641999994,0.428027199999633,,,394.0,2532.0,6.0,20.0,0.9965914238835404,0.9913824760089628,0.9631443240162234,39.0,276.0,6.0,6.0,0.9731284475965328,0.915433025554618,0.8453900709219858,
Internet-Advertisements,MLP,Yeo-Johnson,1,True,28.43848909999906,0.5223597000003792,240.93655681610107,5.045225143432617,0.0,2538.0,0.0,413.0,0.5,0.1399525584547611,0.0,0.0,282.0,0.0,46.0,0.5,0.1402439024390244,0.0,
Internet-Advertisements,MLP,Yeo-Johnson,2,True,15.320107900000949,0.4804301000003761,,,0.0,2538.0,0.0,413.0,0.5,0.1399525584547611,0.0,0.0,282.0,0.0,46.0,0.5,0.1402439024390244,0.0,
Internet-Advertisements,MLP,Yeo-Johnson,3,True,15.721840000000157,0.4632938000013382,,,0.0,2535.0,3.0,413.0,0.4994089834515366,0.1399525584547611,-0.0128684460078242,0.0,282.0,0.0,46.0,0.5,0.1402439024390244,0.0,
Internet-Advertisements,MLP,Yeo-Johnson,4,True,16.320339399999284,0.3782464000014442,,,0.0,2538.0,0.0,413.0,0.5,0.1399525584547611,0.0,0.0,282.0,0.0,46.0,0.5,0.1402439024390244,0.0,
Internet-Advertisements,MLP,Yeo-Johnson,5,True,17.073765000001004,0.3269573999987187,,,0.0,2538.0,0.0,413.0,0.5,0.1399525584547611,0.0,0.0,282.0,0.0,46.0,0.5,0.1402439024390244,0.0,
Internet-Advertisements,MLP,Yeo-Johnson,6,True,18.1520500000006,0.3784961999990628,,,0.0,2521.0,17.0,413.0,0.4966509062253743,0.1399525584547611,-0.0307060266763227,0.0,281.0,1.0,46.0,0.4982269503546099,0.1402439024390244,-0.0223347186143848,
Internet-Advertisements,MLP,Yeo-Johnson,7,True,18.02919540000039,0.3148194999994302,,,1.0,2419.0,119.0,412.0,0.4777669973306468,0.1396338678370336,-0.0781067186138091,1.0,272.0,10.0,45.0,0.4931390687634906,0.1391714065361997,-0.0264661371437779,
Internet-Advertisements,MLP,Yeo-Johnson,8,True,17.553167899999607,0.3446110999993834,,,0.0,2487.0,51.0,413.0,0.4899527186761229,0.1399525584547611,-0.0534952604201674,0.0,272.0,10.0,46.0,0.4822695035460992,0.1402439024390244,-0.0716210694589007,
Internet-Advertisements,MLP,Yeo-Johnson,9,True,17.655399400000533,0.371224099999381,,,0.0,2538.0,0.0,413.0,0.5,0.1399525584547611,0.0,0.0,282.0,0.0,46.0,0.5,0.1402439024390244,0.0,
Internet-Advertisements,MLP,Yeo-Johnson,10,True,17.513392799999565,0.237306000000899,,,0.0,2538.0,0.0,414.0,0.5,0.1402439024390244,0.0,0.0,282.0,0.0,45.0,0.5,0.1376146788990825,0.0,
Internet-Advertisements,MLP,Yeo-Johnson + Scaling,1,True,33.39051450000079,0.5008935000005295,240.92667484283447,5.082268714904785,401.0,2351.0,187.0,12.0,0.9890721564901156,0.9743781842826824,0.7793287064472934,43.0,262.0,20.0,3.0,0.9845050878815912,0.9490077954079256,0.7614719962531765,
Internet-Advertisements,MLP,Yeo-Johnson + Scaling,2,True,47.39641500000107,0.2579169000000547,,,402.0,2335.0,203.0,11.0,0.990228908007487,0.9776644034409816,0.7677433069906499,40.0,247.0,35.0,6.0,0.9531298180696886,0.8986651988614255,0.6163566865625153,
Internet-Advertisements,MLP,Yeo-Johnson + Scaling,3,True,33.37234770000032,0.5852448999994522,,,402.0,2346.0,192.0,11.0,0.9914848777993388,0.975663870820523,0.7767594478995178,45.0,259.0,23.0,1.0,0.994295405488745,0.9616928497431936,0.7680859008407768,
Internet-Advertisements,MLP,Yeo-Johnson + Scaling,4,True,41.75825900000018,0.4237744000001839,,,401.0,2351.0,187.0,12.0,0.9868607337954616,0.9721400329269324,0.7793287064472934,43.0,264.0,18.0,3.0,0.9822309589885908,0.9368758961034356,0.7772801057514013,
Internet-Advertisements,MLP,Yeo-Johnson + Scaling,5,True,40.81459790000008,0.5110698999997112,,,401.0,2331.0,207.0,12.0,0.9889013865753858,0.972288536359732,0.7629080997875908,43.0,262.0,20.0,3.0,0.9840425531914894,0.9491563511542076,0.7614719962531765,
Internet-Advertisements,MLP,Yeo-Johnson + Scaling,6,True,45.0829636999988,0.3958002999988821,,,402.0,2364.0,174.0,11.0,0.989916465845063,0.9754192639394168,0.7920162145729444,42.0,255.0,27.0,4.0,0.978800493370336,0.9224561147051472,0.6963216564639824,
Internet-Advertisements,MLP,Yeo-Johnson + Scaling,7,True,44.95472829999926,0.3736344000008103,,,404.0,2271.0,267.0,9.0,0.9914252514324638,0.9752521512642552,0.7226200705808628,45.0,244.0,38.0,1.0,0.9886679000925068,0.9668882125952172,0.6737071431139302,
Internet-Advertisements,MLP,Yeo-Johnson + Scaling,8,True,46.42318599999999,0.2367543000000296,,,403.0,2335.0,203.0,10.0,0.9910980219310548,0.9787467701157164,0.7693526589967021,45.0,244.0,38.0,1.0,0.9890533456675916,0.96572287813986,0.6737071431139302,
Internet-Advertisements,MLP,Yeo-Johnson + Scaling,9,True,39.32327810000061,0.4172167999986413,,,401.0,2259.0,279.0,12.0,0.985275149447526,0.9674029208246736,0.7093631854842752,45.0,244.0,38.0,1.0,0.9929848905334568,0.9685839045463384,0.6737071431139302,
Internet-Advertisements,MLP,Yeo-Johnson + Scaling,10,True,41.10199680000005,0.3850703999996767,,,405.0,2334.0,204.0,9.0,0.9912104133118628,0.9767733355097712,0.7704966476403958,41.0,249.0,33.0,4.0,0.9598896769109536,0.9118219098108186,0.6537690051570308,
Internet-Advertisements,MLP,Quantile Transform,1,True,18.156166400000075,0.8638050999998086,240.9261131286621,16.929062843322754,408.0,267.0,2271.0,5.0,0.9664895048054082,0.934966057102324,0.1116538289323538,46.0,37.0,245.0,0.0,0.963459759481961,0.9115065777199904,0.144015331764324,
Internet-Advertisements,MLP,Quantile Transform,2,True,30.457436200000306,1.1798235999995086,,,401.0,1675.0,863.0,12.0,0.9698758054329636,0.9359913839661984,0.4423429270329018,40.0,176.0,106.0,6.0,0.9014801110083256,0.8358265514173734,0.3449337829020751,
Internet-Advertisements,MLP,Quantile Transform,3,True,31.254029300000184,1.1023256000007675,,,407.0,915.0,1623.0,6.0,0.9674063198224756,0.930636917122868,0.2590653745051611,46.0,96.0,186.0,0.0,0.9798797409805736,0.9178751215545854,0.2598040912124204,
Internet-Advertisements,MLP,Quantile Transform,4,True,31.789636999999857,1.073844000000463,,,413.0,119.0,2419.0,0.0,0.9691202201119258,0.9390737775094656,0.0826905866661624,46.0,12.0,270.0,0.0,0.9703592352759792,0.9312912197399718,0.0787048405478759,
Internet-Advertisements,MLP,Quantile Transform,5,True,42.41600450000078,0.8204550000009476,,,409.0,292.0,2246.0,4.0,0.9671802166392864,0.939311677387907,0.1216867169898818,46.0,34.0,248.0,0.0,0.9885137218624732,0.9679235479681284,0.1373473090452567,
Internet-Advertisements,MLP,Quantile Transform,6,True,43.06055440000091,0.6262848999995185,,,406.0,1352.0,1186.0,7.0,0.9810454934868929,0.9533603189241444,0.3589896933358771,45.0,147.0,135.0,1.0,0.9774128893000308,0.9408997876875568,0.3485815732127686,
Internet-Advertisements,MLP,Quantile Transform,7,True,33.2279755999989,0.9563185999995768,,,403.0,1297.0,1241.0,10.0,0.9718038836322284,0.9407964211227512,0.3400163984229841,43.0,143.0,139.0,3.0,0.9589115016959606,0.9351493223796806,0.3087383578380222,
Internet-Advertisements,MLP,Quantile Transform,8,True,37.60707170000023,1.0122925999985457,,,412.0,218.0,2320.0,1.0,0.9706819539131116,0.942100250159108,0.1104854170804311,46.0,23.0,259.0,0.0,0.9748689485044713,0.9375412725864432,0.1109094010656399,
Internet-Advertisements,MLP,Quantile Transform,9,True,41.905760999999984,0.6246312999992369,,,413.0,163.0,2375.0,0.0,0.9702245004264478,0.9426233976111464,0.0975386262082034,46.0,21.0,261.0,0.0,0.9876657415972864,0.9494654436909464,0.1056318342798905,
Internet-Advertisements,MLP,Quantile Transform,10,True,32.32807580000008,1.0032941999998002,,,339.0,2522.0,16.0,75.0,0.960698351244656,0.9204114840577,0.8674384233833772,37.0,275.0,7.0,8.0,0.9326241134751774,0.8850674882196119,0.8049839638822128,
Internet-Advertisements,MLP,Quantile Transform + Scaling,1,True,24.420166400001108,0.8735532999999123,240.9274034500122,16.966389656066895,413.0,0.0,2538.0,0.0,0.9698672192361336,0.9416115155805534,0.0,46.0,0.0,282.0,0.0,0.9607230958988592,0.9079089684534288,0.0,
Internet-Advertisements,MLP,Quantile Transform + Scaling,2,True,46.73037880000084,1.0736388999994233,,,413.0,0.0,2538.0,0.0,0.9735850424635136,0.9440849015367972,0.0,46.0,0.0,282.0,0.0,0.9117329633055812,0.8561761101814697,0.0,
Internet-Advertisements,MLP,Quantile Transform + Scaling,3,True,49.24239689999922,0.8560018000007403,,,413.0,0.0,2538.0,0.0,0.9733842208598792,0.9470349986383224,0.0,46.0,0.0,282.0,0.0,0.9926765340733888,0.9363437363319932,0.0,
Internet-Advertisements,MLP,Quantile Transform + Scaling,4,True,48.52824080000028,0.873956299999918,,,413.0,0.0,2538.0,0.0,0.9695943689813146,0.9421414388244312,0.0,46.0,0.0,282.0,0.0,0.9786848596978106,0.9321515978901336,0.0,
Internet-Advertisements,MLP,Quantile Transform + Scaling,5,True,48.65924730000006,0.9018121999997676,,,413.0,0.0,2538.0,0.0,0.9662624476003489,0.9402944289092364,0.0,46.0,0.0,282.0,0.0,0.988899167437558,0.9691053057987518,0.0,
Internet-Advertisements,MLP,Quantile Transform + Scaling,6,True,50.03953840000031,0.7365159000000858,,,413.0,0.0,2538.0,0.0,0.9747126963138504,0.946304910947436,0.0,46.0,0.0,282.0,0.0,0.9670829478877584,0.9127223817357106,0.0,
Internet-Advertisements,MLP,Quantile Transform + Scaling,7,True,26.01888380000128,1.4738976999997249,,,413.0,0.0,2538.0,0.0,0.964724087334978,0.9185705782828032,0.0,46.0,0.0,282.0,0.0,0.9507400555041629,0.9230128710119384,0.0,
Internet-Advertisements,MLP,Quantile Transform + Scaling,8,True,48.6386392000004,0.8110283999994863,,,413.0,0.0,2538.0,0.0,0.9691602890304656,0.9388988741215591,0.0,46.0,0.0,282.0,0.0,0.9761023743447426,0.9481768091729628,0.0,
Internet-Advertisements,MLP,Quantile Transform + Scaling,9,True,50.91755209999974,0.5969786000005115,,,413.0,0.0,2538.0,0.0,0.961884441238931,0.9345020073725012,0.0,46.0,0.0,282.0,0.0,0.98859081097749,0.9465038964572424,0.0,
Internet-Advertisements,MLP,Quantile Transform + Scaling,10,True,43.83220660000006,1.030387199998586,,,414.0,0.0,2538.0,0.0,0.9674736279089244,0.9366363418139574,0.0,45.0,0.0,282.0,0.0,0.9377462568951932,0.887114350197207,0.0,
Internet-Advertisements,MLP,Uniform Binning,1,True,12.40765300000021,0.4487291000004916,240.94270420074463,5.180782318115234,376.0,2529.0,9.0,37.0,0.987768008593829,0.969470457850636,0.9341250859683063,39.0,279.0,3.0,7.0,0.979263028060438,0.9471866219274808,0.8699988799246319,
Internet-Advertisements,MLP,Uniform Binning,2,True,29.37984490000053,0.3838723999997455,,,348.0,2533.0,5.0,65.0,0.9866303375138572,0.9689839148970376,0.8987243748571565,34.0,282.0,0.0,12.0,0.9623419673142152,0.9100879912345186,0.841998720668748,
Internet-Advertisements,MLP,Uniform Binning,3,True,22.028399799999534,0.5285428000006505,,,352.0,2533.0,5.0,61.0,0.9832225713942268,0.9604805225373088,0.9046682271058384,40.0,281.0,1.0,6.0,0.9670058587727411,0.921049917386292,0.9092809088986794,
Internet-Advertisements,MLP,Uniform Binning,4,True,35.392228000000614,0.3322138000003178,,,359.0,2534.0,4.0,54.0,0.986736233941427,0.9693648803533768,0.9165193639886208,38.0,281.0,1.0,8.0,0.978800493370336,0.9483542038369952,0.8824289030476793,
Internet-Advertisements,MLP,Uniform Binning,5,True,32.21468300000015,0.3920207000010123,,,352.0,2534.0,4.0,61.0,0.9851826093261362,0.9655820367435964,0.9061830628705572,35.0,281.0,1.0,11.0,0.9868563058896084,0.9662133754008616,0.8412831832006895,
Internet-Advertisements,MLP,Uniform Binning,6,True,24.18246100000033,0.4893076999996992,,,363.0,2532.0,6.0,50.0,0.9820662968877898,0.9618108154223658,0.9194252203452584,35.0,281.0,1.0,11.0,0.9712843046561824,0.9334033706008734,0.8412831832006895,
Internet-Advertisements,MLP,Uniform Binning,7,True,30.93425080000088,0.3265284999997675,,,369.0,2530.0,8.0,44.0,0.9825724054898236,0.9609929708393248,0.9253101494128356,42.0,280.0,2.0,4.0,0.9931390687634908,0.9757786207216134,0.9230448520407556,
Internet-Advertisements,MLP,Uniform Binning,8,True,37.94144469999992,0.2156395000001794,,,364.0,2532.0,6.0,49.0,0.979457047073347,0.961156333525668,0.9208965090291948,41.0,282.0,0.0,5.0,0.9837341967314216,0.956935602943372,0.9358292566037504,
Internet-Advertisements,MLP,Uniform Binning,9,True,36.07655100000011,0.2455367000002297,,,355.0,2534.0,4.0,58.0,0.9872938597244404,0.970025591048735,0.9106204236946456,40.0,280.0,2.0,6.0,0.981036077705828,0.959033532254857,0.8962750891893905,
Internet-Advertisements,MLP,Uniform Binning,10,True,34.78402180000012,0.3160838999992847,,,384.0,2529.0,9.0,30.0,0.9915473212960108,0.9749121914806852,0.9444563581820802,39.0,277.0,5.0,6.0,0.957880220646178,0.9280459570720762,0.8570107958200494,
Internet-Advertisements,MLP,Uniform Binning + Scaling,1,True,17.802985700000136,0.4778738999993948,240.9228286743164,5.217916488647461,397.0,2524.0,14.0,16.0,0.9946989774793598,0.9847755760473588,0.957688246500717,37.0,277.0,5.0,9.0,0.967314215232809,0.9170908000839209,0.8174464613951145,
Internet-Advertisements,MLP,Uniform Binning + Scaling,2,True,52.2161918999991,0.3011597000004258,,,385.0,2533.0,5.0,28.0,0.9965931879022394,0.9892199292145086,0.9529621251715764,36.0,275.0,7.0,10.0,0.955326857847672,0.9039999495304984,0.7796387024838053,
Internet-Advertisements,MLP,Uniform Binning + Scaling,3,True,46.08658170000126,0.4357412999997905,,,390.0,2533.0,5.0,23.0,0.9917620211525728,0.9825368751909958,0.960172867377054,43.0,277.0,5.0,3.0,0.9959913660191182,0.97286554424768,0.9009441115876472,
Internet-Advertisements,MLP,Uniform Binning + Scaling,4,True,43.9635460999998,0.4364773999986937,,,388.0,2532.0,6.0,25.0,0.9939848921096668,0.9839923916063016,0.9558611314303292,39.0,280.0,2.0,7.0,0.981036077705828,0.936824606165379,0.8827325611936084,
Internet-Advertisements,MLP,Uniform Binning + Scaling,5,True,52.43665019999935,0.3059206999987509,,,393.0,2530.0,8.0,20.0,0.9957674819737568,0.9854619016171152,0.9602406089971056,42.0,279.0,3.0,4.0,0.9635753931544864,0.9292127207600988,0.9107634113699524,
Internet-Advertisements,MLP,Uniform Binning + Scaling,6,True,37.79833959999996,0.5138509000007616,,,396.0,2531.0,7.0,17.0,0.9968908427256786,0.9901585962418604,0.965967900171924,41.0,277.0,5.0,5.0,0.9926379895158804,0.9691936242753088,0.8735738513721862,
Internet-Advertisements,MLP,Uniform Binning + Scaling,7,True,51.31163149999884,0.3099865999993199,,,384.0,2532.0,6.0,29.0,0.9937535418061924,0.9842450285881476,0.9500780187464856,40.0,281.0,1.0,6.0,0.9878199198273204,0.9667276502585568,0.9092809088986794,
Internet-Advertisements,MLP,Uniform Binning + Scaling,8,True,54.0324684999996,0.2097819999999046,,,384.0,2534.0,4.0,29.0,0.9961467056670807,0.9856600678920404,0.9529608477804874,41.0,280.0,2.0,5.0,0.9891304347826088,0.9650901930580688,0.9097106731932092,
Internet-Advertisements,MLP,Uniform Binning + Scaling,9,True,50.781007300000056,0.2444817999985389,,,389.0,2532.0,6.0,24.0,0.996362791620635,0.9879340703072907,0.957304271286293,43.0,281.0,1.0,3.0,0.9934474252235584,0.9785229905538596,0.9488071658145276,
Internet-Advertisements,MLP,Uniform Binning + Scaling,10,True,47.10906950000026,0.3792241999999532,,,395.0,2528.0,10.0,19.0,0.997803911939486,0.9925675301920316,0.9589667712974242,39.0,277.0,5.0,6.0,0.9697005516154452,0.9104036645605664,0.8570107958200494,
Internet-Advertisements,MLP,Quantile Binning,1,True,13.688827900001344,0.45694850000109,240.93539810180664,5.177023887634277,131.0,2536.0,2.0,282.0,0.935970822195128,0.872871390465139,0.5291337595106721,17.0,281.0,1.0,29.0,0.9269966080789392,0.805347486300812,0.558071881127877,
Internet-Advertisements,MLP,Quantile Binning,2,True,64.77968330000112,0.3869840000006661,,,38.0,2536.0,2.0,375.0,0.964405921041334,0.9065242087287582,0.2736955412506689,2.0,282.0,0.0,44.0,0.9000154178230033,0.8519514489898183,0.1939330537612339,
Internet-Advertisements,MLP,Quantile Binning,3,True,53.05126470000141,0.4365619000000151,,,111.0,2536.0,2.0,302.0,0.9444954846144892,0.8812808272826819,0.4844769488223736,13.0,281.0,1.0,33.0,0.9596053037311132,0.8883605922569628,0.479375968436785,
Internet-Advertisements,MLP,Quantile Binning,4,True,46.34673420000036,0.910883800001102,,,185.0,2535.0,3.0,228.0,0.9436778878719017,0.8696051403823304,0.6346373231139697,19.0,281.0,1.0,27.0,0.9674683934628432,0.9172151921514232,0.594243226729987,
Internet-Advertisements,MLP,Quantile Binning,5,True,63.35952279999947,0.3583605000003445,,,102.0,2535.0,3.0,311.0,0.9425368777153847,0.8822910711898145,0.4603363833546748,8.0,282.0,0.0,38.0,0.9726333641689794,0.9269556338178268,0.3914854653307289,
Internet-Advertisements,MLP,Quantile Binning,6,True,65.71418530000119,0.3111896999998862,,,21.0,2536.0,2.0,392.0,0.9524281764635172,0.8904975255489441,0.1974955565945906,1.0,282.0,0.0,45.0,0.9552883132901636,0.8884590933674285,0.136921535853403,
Internet-Advertisements,MLP,Quantile Binning,7,True,64.03987299999972,0.2912225000000035,,,87.0,2535.0,3.0,326.0,0.955342236265424,0.8953747654185285,0.4226355741030813,10.0,282.0,0.0,36.0,0.9441103916127042,0.9004642659258335,0.4390682953784783,
Internet-Advertisements,MLP,Quantile Binning,8,True,54.476068800000576,0.4264136999991024,,,239.0,2534.0,4.0,174.0,0.9454943455123764,0.8756715684633953,0.7283780024075983,22.0,282.0,0.0,24.0,0.9461917977181622,0.8928809391555164,0.6638902116530487,
Internet-Advertisements,MLP,Quantile Binning,9,True,65.35402259999864,0.2305006999995384,,,130.0,2536.0,2.0,283.0,0.9396824442803526,0.8806308309236579,0.5269762208529299,16.0,281.0,1.0,30.0,0.9646160962072156,0.8674314492076988,0.5392753800111184,
Internet-Advertisements,MLP,Quantile Binning,10,True,66.68351819999953,0.2035821000008582,,,34.0,2535.0,3.0,380.0,0.9612413060609176,0.9012461754070172,0.252643539393609,8.0,282.0,0.0,37.0,0.9271867612293144,0.8766935619746881,0.3964313115080488,
Internet-Advertisements,MLP,Quantile Binning + Scaling,1,True,8.73745129999952,0.4632502000004024,240.9317636489868,5.211916923522949,214.0,2535.0,3.0,199.0,0.957174912277689,0.9146119738374542,0.6871690397539482,23.0,281.0,1.0,23.0,0.959836571076164,0.8507408404301687,0.6619725557388687,
Internet-Advertisements,MLP,Quantile Binning + Scaling,2,True,21.470024600001125,0.4746214999995573,,,168.0,2536.0,2.0,245.0,0.9772680438926384,0.9313472210342628,0.6045231954708544,19.0,282.0,0.0,27.0,0.9205982115325316,0.8737648908392428,0.6139644130963575,
Internet-Advertisements,MLP,Quantile Binning + Scaling,3,True,22.050588600000992,0.5222539000005781,,,223.0,2535.0,3.0,190.0,0.9735349563153386,0.9329732538400968,0.7028884335595913,28.0,281.0,1.0,18.0,0.9821153253160654,0.9152253141716566,0.7401701960061425,
Internet-Advertisements,MLP,Quantile Binning + Scaling,4,True,29.058391999999003,0.3752194000007876,,,333.0,2525.0,13.0,80.0,0.9738936685384576,0.9301149916933724,0.8639833341320509,40.0,280.0,2.0,6.0,0.9759481961147086,0.9303369281226068,0.8962750891893905,
Internet-Advertisements,MLP,Quantile Binning + Scaling,5,True,23.99741030000041,0.4244767000000138,,,166.0,2534.0,4.0,247.0,0.9574930785713331,0.9082425526697528,0.5961391540483715,17.0,282.0,0.0,29.0,0.9844279987665744,0.9532054882512626,0.5788818118614648,
Internet-Advertisements,MLP,Quantile Binning + Scaling,6,True,37.90140630000133,0.327201199999763,,,81.0,2536.0,2.0,332.0,0.9833241747233814,0.9432574215119568,0.4099007360882124,7.0,282.0,0.0,39.0,0.9779525131051496,0.920020199163014,0.3656302691268151,
Internet-Advertisements,MLP,Quantile Binning + Scaling,7,True,40.08794820000003,0.2192505999992136,,,107.0,2536.0,2.0,306.0,0.9763736483895156,0.941365637245094,0.4751232730908761,9.0,282.0,0.0,37.0,0.9651557200123344,0.933545631859756,0.4158833671330528,
Internet-Advertisements,MLP,Quantile Binning + Scaling,8,True,29.5214675999996,0.3512891999998828,,,277.0,2533.0,5.0,136.0,0.9671220213052164,0.9276071461433556,0.789176564033003,27.0,282.0,0.0,19.0,0.9725562750539624,0.9484843384759036,0.741556545428526,
Internet-Advertisements,MLP,Quantile Binning + Scaling,9,True,39.01934530000108,0.2147934999993594,,,405.0,684.0,1854.0,8.0,0.9648800699107228,0.925086234721693,0.2048239859073327,46.0,76.0,206.0,0.0,0.9813444341658958,0.911484808803944,0.2217996657984029,
Internet-Advertisements,MLP,Quantile Binning + Scaling,10,True,34.490466399998695,0.3433724000005895,,,294.0,2536.0,2.0,120.0,0.9761071329320892,0.9433958407147506,0.8200699333778093,29.0,281.0,1.0,16.0,0.9331757289204098,0.8931337475060079,0.7648585207770434,
Internet-Advertisements,MLP,SMOTE,1,True,17.32165250000071,0.4829380999999557,253.4660768508911,9.94423484802246,391.0,2505.0,33.0,22.0,0.9845977939198278,0.966562667400132,0.9235407711470188,40.0,277.0,5.0,6.0,0.9601449275362318,0.9093643630664168,0.8597245596820413,
Internet-Advertisements,MLP,SMOTE,2,True,95.35175320000052,0.4877512999992177,,,394.0,2508.0,30.0,19.0,0.9888761049958308,0.9753195819545926,0.9318945712765384,37.0,280.0,2.0,9.0,0.9515880357693494,0.8922477663605218,0.8553026912201592,
Internet-Advertisements,MLP,SMOTE,3,True,130.75088900000085,0.3349588999990374,,,395.0,2506.0,32.0,18.0,0.989562523731294,0.977202611894146,0.9307776097729183,44.0,278.0,4.0,2.0,0.9910576626580327,0.9434214224568194,0.9257852067961836,
Internet-Advertisements,MLP,SMOTE,4,True,59.40259850000075,0.558231999999407,,,383.0,2521.0,17.0,30.0,0.9871092564925958,0.9690444960797724,0.9331170069542712,41.0,281.0,1.0,5.0,0.9676611162503856,0.9337344953108256,0.9225512984541492,
Internet-Advertisements,MLP,SMOTE,5,True,124.07247239999924,0.3555196999986947,,,392.0,2505.0,33.0,21.0,0.9927632671051352,0.9791500421952412,0.9250287288223684,45.0,277.0,5.0,1.0,0.984890533456676,0.9719997037014402,0.9279128141011772,
Internet-Advertisements,MLP,SMOTE,6,True,118.23410879999938,0.3900550000016665,,,392.0,2517.0,21.0,21.0,0.9934239272501084,0.9828261340545862,0.9408783106943944,38.0,281.0,1.0,8.0,0.9849676225716928,0.9736586251999586,0.8824289030476793,
Internet-Advertisements,MLP,SMOTE,7,True,129.89737419999983,0.2055586999995284,,,401.0,2478.0,60.0,12.0,0.988800737268101,0.9772911180016188,0.905232021507346,45.0,275.0,7.0,1.0,0.9986123959296948,0.9922174616913014,0.9064415269717304,
Internet-Advertisements,MLP,SMOTE,8,True,102.4753443999998,0.404777899999317,,,387.0,2522.0,16.0,26.0,0.9904693215187266,0.974866554438425,0.9403679777439352,42.0,280.0,2.0,4.0,0.9914431082331177,0.9678899598762748,0.9230448520407556,
Internet-Advertisements,MLP,SMOTE,9,True,125.89198089999992,0.4052859000003082,,,394.0,2515.0,23.0,19.0,0.9940731391326416,0.9821549635917072,0.94113185578491,43.0,277.0,5.0,3.0,0.9663891458526056,0.9513334859984072,0.9009441115876472,
Internet-Advertisements,MLP,SMOTE,10,True,129.12369050000052,0.195632699998896,,,388.0,2531.0,7.0,26.0,0.9930776829867178,0.9819035841648036,0.9530890585897552,38.0,280.0,2.0,7.0,0.9579984239558706,0.9255161782568334,0.8803757198269891,
Internet-Advertisements,MLP,SMOTE + Scaling,1,True,28.05333470000005,0.4824008000014146,253.5001335144043,9.981453895568848,395.0,2516.0,22.0,18.0,0.9939290818302718,0.9813943477103048,0.9439358495398344,40.0,276.0,6.0,6.0,0.9684705519580636,0.924106179982394,0.8482886216466234,
Internet-Advertisements,MLP,SMOTE + Scaling,2,True,87.34462770000027,0.2414155999995273,,,395.0,2502.0,36.0,18.0,0.9887816568307012,0.9768868884302644,0.9256350902243344,36.0,267.0,15.0,10.0,0.9397934011717544,0.8517485601604791,0.6989635060019069,
Internet-Advertisements,MLP,SMOTE + Scaling,3,True,82.2084573000011,0.3644401999990805,,,395.0,2513.0,25.0,18.0,0.9930065426819844,0.9833193911780358,0.9399421053068632,44.0,275.0,7.0,2.0,0.9932161578785076,0.9607483542183844,0.8927999295644734,
Internet-Advertisements,MLP,SMOTE + Scaling,4,True,83.71037340000112,0.3475490999990143,,,389.0,2523.0,15.0,24.0,0.9910236082251952,0.9809042658652304,0.9446730620269914,41.0,277.0,5.0,5.0,0.9796099290780144,0.9091145239340008,0.8735738513721862,
Internet-Advertisements,MLP,SMOTE + Scaling,5,True,76.37658080000074,0.5308586999999534,,,396.0,2518.0,20.0,17.0,0.9898277418111532,0.9804833880903224,0.948082912279239,42.0,278.0,4.0,4.0,0.977335800185014,0.931148017811666,0.898859081097749,
Internet-Advertisements,MLP,SMOTE + Scaling,6,True,84.39399650000087,0.3427685999995447,,,393.0,2530.0,8.0,20.0,0.9960179127146312,0.9895480824625564,0.9602406089971056,40.0,278.0,4.0,6.0,0.990826395312982,0.9548339341569289,0.8715202244932119,
Internet-Advertisements,MLP,SMOTE + Scaling,7,True,81.62841740000113,0.4167797000009159,,,400.0,2511.0,27.0,13.0,0.9937549728389974,0.9833321524330882,0.9446598567411598,43.0,274.0,8.0,3.0,0.9910576626580327,0.9684441913820074,0.8685703766191526,
Internet-Advertisements,MLP,SMOTE + Scaling,8,True,82.35222040000008,0.3996563000000606,,,387.0,2520.0,18.0,26.0,0.9919013083455924,0.9796834139102776,0.9376170578272284,43.0,270.0,12.0,3.0,0.9880511871723712,0.9595510774564476,0.8293108354860192,
Internet-Advertisements,MLP,SMOTE + Scaling,9,True,69.52968000000146,0.5313248000002204,,,394.0,2523.0,15.0,19.0,0.9954078157287678,0.9848844564885308,0.9519599540768304,42.0,279.0,3.0,4.0,0.9938328707986432,0.976150218541523,0.9107634113699524,
Internet-Advertisements,MLP,SMOTE + Scaling,10,True,82.9441781000005,0.2017477999997936,,,400.0,2521.0,17.0,14.0,0.9959128493278973,0.990306610241471,0.9565933007241532,39.0,274.0,8.0,6.0,0.9728132387706856,0.909124429806628,0.8231921689115203,
Internet-Advertisements,MLP,Select Percentile (MI),1,True,25.57810849999987,0.4542483999994147,240.92846870422363,2.663207054138184,367.0,2527.0,11.0,46.0,0.9817657799987408,0.9619371737409508,0.9180105242391512,37.0,280.0,2.0,9.0,0.977258711069997,0.9429143409635063,0.8553026912201592,
Internet-Advertisements,MLP,Select Percentile (MI),2,True,33.59704779999993,0.3555660000001808,,,371.0,2514.0,24.0,42.0,0.9804602010696492,0.9599765466838264,0.905669541652594,37.0,278.0,4.0,9.0,0.9452667283379588,0.8851153905965059,0.8296358657834666,
Internet-Advertisements,MLP,Select Percentile (MI),3,True,34.44382979999864,0.2737808999991102,,,372.0,2511.0,27.0,41.0,0.9811342175208024,0.95594373509689,0.9030817042465322,41.0,280.0,2.0,5.0,0.9875886524822696,0.9049053001854652,0.9097106731932092,
Internet-Advertisements,MLP,Select Percentile (MI),4,True,36.7447616999998,0.3286284000005253,,,320.0,2537.0,1.0,93.0,0.9800771612888456,0.9556416820349376,0.8629178785571718,34.0,281.0,1.0,12.0,0.9655026210299108,0.941322608816944,0.8273096876530257,
Internet-Advertisements,MLP,Select Percentile (MI),5,True,33.059073100001115,0.3096979000001738,,,351.0,2523.0,15.0,62.0,0.9774445379385878,0.9475047912825584,0.8883342243646839,39.0,280.0,2.0,7.0,0.9835029293863706,0.9619951622134176,0.8827325611936084,
Internet-Advertisements,MLP,Select Percentile (MI),6,True,35.49470100000144,0.235555999999633,,,349.0,2533.0,5.0,64.0,0.984212846095284,0.9610361296076446,0.9002122948269213,36.0,281.0,1.0,10.0,0.9729417206290472,0.9294810161729118,0.8551227631082602,
Internet-Advertisements,MLP,Select Percentile (MI),7,True,35.22743179999998,0.2748864000004687,,,333.0,2536.0,2.0,80.0,0.9794227022860272,0.9544434754885094,0.8809455857484582,38.0,282.0,0.0,8.0,0.996145544249152,0.983261089557398,0.8962691285683044,
Internet-Advertisements,MLP,Select Percentile (MI),8,True,32.59777860000031,0.2712164000004122,,,349.0,2530.0,8.0,64.0,0.9793888345096424,0.9533411157027796,0.8956825556459688,40.0,280.0,2.0,6.0,0.984890533456676,0.9636986292346572,0.8962750891893905,
Internet-Advertisements,MLP,Select Percentile (MI),9,True,35.733695400000215,0.2461552000004303,,,329.0,2535.0,3.0,84.0,0.9831505427430418,0.9599560893875232,0.8733432997476133,37.0,281.0,1.0,9.0,0.9573697193956214,0.9379090662374976,0.868835732322466,
Internet-Advertisements,MLP,Select Percentile (MI),10,True,38.51238989999911,0.1893446000012772,,,357.0,2535.0,3.0,57.0,0.9869662292573178,0.9689448743845216,0.913796274420488,34.0,281.0,1.0,11.0,0.9554373522458628,0.9206986332048128,0.8379703744450798,
Internet-Advertisements,MLP,Select Percentile (MI) + Scaling,1,True,26.14141220000056,0.4659578000009787,240.95312690734863,2.681515693664551,387.0,2530.0,8.0,26.0,0.9940430874437364,0.9819831954707012,0.9515670791047708,39.0,277.0,5.0,7.0,0.9797255627505396,0.9504709246517044,0.8457579107194398,
Internet-Advertisements,MLP,Select Percentile (MI) + Scaling,2,True,30.72366089999923,0.4027867999993759,,,389.0,2534.0,4.0,24.0,0.9956272407588672,0.9852682230509728,0.9601664654790736,38.0,279.0,3.0,8.0,0.9609929078014184,0.9050104678709956,0.8561842134885375,
Internet-Advertisements,MLP,Select Percentile (MI) + Scaling,3,True,48.10061880000103,0.2203028999992966,,,384.0,2535.0,3.0,29.0,0.9975204971598768,0.9891249309446948,0.9544101385469907,39.0,279.0,3.0,7.0,0.9902482269503546,0.9296280304082454,0.8699988799246319,
Internet-Advertisements,MLP,Select Percentile (MI) + Scaling,4,True,41.68436649999967,0.3775432000002183,,,382.0,2535.0,3.0,31.0,0.9941842826804962,0.9837211992194684,0.9515247528760438,41.0,280.0,2.0,5.0,0.9755242059821152,0.9446796748842065,0.9097106731932092,
Internet-Advertisements,MLP,Select Percentile (MI) + Scaling,5,True,40.23711589999948,0.5528611999998247,,,386.0,2528.0,10.0,27.0,0.9936915303846424,0.9838590953672832,0.9472842382013752,39.0,280.0,2.0,7.0,0.9835800185013877,0.9446969879837844,0.8827325611936084,
Internet-Advertisements,MLP,Select Percentile (MI) + Scaling,6,True,48.5681300999986,0.1807533999999577,,,387.0,2534.0,4.0,26.0,0.9969194633817784,0.988683926882691,0.9572873491023192,37.0,278.0,4.0,9.0,0.982654949121184,0.9419197824988292,0.8296358657834666,
Internet-Advertisements,MLP,Select Percentile (MI) + Scaling,7,True,42.54340440000124,0.3139799000000494,,,379.0,2531.0,7.0,34.0,0.994221489533426,0.9814696833791828,0.9413809744454392,39.0,280.0,2.0,7.0,0.9861239592969472,0.9553646125588364,0.8827325611936084,
Internet-Advertisements,MLP,Select Percentile (MI) + Scaling,8,True,46.14395429999968,0.2859664999996312,,,381.0,2532.0,6.0,32.0,0.9906081317008112,0.9792322996412128,0.9457294307703092,39.0,279.0,3.0,7.0,0.988282454517422,0.9551955912860703,0.8699988799246319,
Internet-Advertisements,MLP,Select Percentile (MI) + Scaling,9,True,44.9059871999998,0.1889983000000938,,,379.0,2532.0,6.0,34.0,0.9875981927009694,0.9759485206081344,0.9428249194221752,42.0,281.0,1.0,4.0,0.9830403946962688,0.955186045410316,0.93572506733509,
Internet-Advertisements,MLP,Select Percentile (MI) + Scaling,10,True,43.16260949999924,0.27073879999989,,,395.0,2530.0,8.0,19.0,0.996026579565484,0.9899872924319728,0.96176315618439,37.0,277.0,5.0,8.0,0.9612687155240346,0.9003121266513493,0.8283336751520348,
Internet-Advertisements,MLP,Random Undersampling,1,True,8.14475560000028,0.476376499998878,240.92807483673096,5.043002128601074,359.0,2517.0,21.0,54.0,0.9814228091364768,0.9467607003663866,0.8918023683980324,37.0,279.0,3.0,9.0,0.9769503546099292,0.9228296843394782,0.8422457425489387,
Internet-Advertisements,MLP,Random Undersampling,2,True,13.334155000000464,0.3985805000011169,,,370.0,2483.0,55.0,43.0,0.9804740343867644,0.941319934393113,0.8638275316633833,37.0,278.0,4.0,9.0,0.9393308664816526,0.8787843446747261,0.8296358657834666,
Internet-Advertisements,MLP,Random Undersampling,3,True,14.27287350000006,0.6794991000006121,,,360.0,2489.0,49.0,53.0,0.9779682959452164,0.9407509203376624,0.8558478987240253,41.0,278.0,4.0,5.0,0.980881899475794,0.8980841001524719,0.8852439855259969,
Internet-Advertisements,MLP,Random Undersampling,4,True,18.845916399999624,0.2275761000000784,,,390.0,2322.0,216.0,23.0,0.977679704329542,0.932251733140426,0.7379197922461598,44.0,259.0,23.0,2.0,0.9786848596978108,0.9397489843246964,0.7535893227385769,
Internet-Advertisements,MLP,Random Undersampling,5,True,13.382823599999028,0.4190297999994072,,,358.0,2508.0,30.0,55.0,0.9767490559953595,0.9347089679637488,0.8778104027306326,42.0,280.0,2.0,4.0,0.9843509096515572,0.9592588599785812,0.9230448520407556,
Internet-Advertisements,MLP,Random Undersampling,6,True,15.392289800000071,0.3434836999986146,,,348.0,2529.0,9.0,65.0,0.9809281487968832,0.9411306187631568,0.8926873318260121,36.0,281.0,1.0,10.0,0.9744835029293863,0.9330004309231869,0.8551227631082602,
Internet-Advertisements,MLP,Random Undersampling,7,True,15.77060100000017,0.3385195999999268,,,357.0,2497.0,41.0,56.0,0.976914578789804,0.9301359908473464,0.8615469536660184,40.0,278.0,4.0,6.0,0.9907493061979648,0.9557681306504272,0.8715202244932119,
Internet-Advertisements,MLP,Random Undersampling,8,True,16.22079809999923,0.3635938999996142,,,371.0,2458.0,80.0,42.0,0.9779668649124112,0.934734178980788,0.8357445376915055,42.0,266.0,16.0,4.0,0.9851988899167438,0.9488623387430338,0.7793571466627327,
Internet-Advertisements,MLP,Random Undersampling,9,True,19.60755539999991,0.1963699999996606,,,389.0,2410.0,128.0,24.0,0.9818463948467556,0.9407841611897506,0.813607236329983,43.0,267.0,15.0,3.0,0.954517422139994,0.9105824256576114,0.8023702132908724,
Internet-Advertisements,MLP,Random Undersampling,10,True,14.53652770000008,0.3035591000007116,,,369.0,2446.0,92.0,45.0,0.977706494139324,0.9306057815660034,0.8179050184944897,34.0,269.0,13.0,11.0,0.9355397951142632,0.8632059906377219,0.6966722219129927,
Internet-Advertisements,MLP,Random Undersampling + Scaling,1,True,6.926818100000673,0.4859134999987873,240.9243450164795,5.078017234802246,391.0,2288.0,250.0,22.0,0.9313576494427558,0.5031974846800078,0.7136720335717859,40.0,254.0,28.0,6.0,0.9112704286154796,0.4593800340891072,0.6597931844223729,
Internet-Advertisements,MLP,Random Undersampling + Scaling,2,True,25.491138299999875,0.3367434000010689,,,395.0,2304.0,234.0,18.0,0.9368752349278856,0.510995425770442,0.7321290732046162,38.0,245.0,37.0,8.0,0.8894156645081713,0.4561921384213712,0.574543864806051,
Internet-Advertisements,MLP,Random Undersampling + Scaling,3,True,22.48594279999997,0.4327532000006613,,,387.0,2270.0,268.0,26.0,0.9173182636038748,0.4523394627151613,0.694146164000503,45.0,250.0,32.0,1.0,0.9128893000308356,0.4428012831369871,0.7084835032749636,
Internet-Advertisements,MLP,Random Undersampling + Scaling,4,True,15.51017320000028,0.5903529999995953,,,392.0,2286.0,252.0,21.0,0.925190375064158,0.4826278272289111,0.7138424873623966,41.0,246.0,36.0,5.0,0.8690641381436941,0.3769880836915011,0.6256228903050267,
Internet-Advertisements,MLP,Random Undersampling + Scaling,5,True,21.90615170000092,0.4152190999993763,,,392.0,2345.0,193.0,21.0,0.9595108348263774,0.6317476047411748,0.7598077246881753,41.0,258.0,24.0,5.0,0.936208757323466,0.6228272522539962,0.7022805085063141,
Internet-Advertisements,MLP,Random Undersampling + Scaling,6,True,23.465499299998555,0.2779309999987163,,,390.0,2236.0,302.0,23.0,0.9049279045672842,0.4233436205140002,0.6758204085027466,42.0,249.0,33.0,4.0,0.8957755164970707,0.4074493063877969,0.6581695083189797,
Internet-Advertisements,MLP,Random Undersampling + Scaling,7,True,23.329259500000266,0.2616069000014249,,,400.0,2308.0,230.0,13.0,0.9542622835085872,0.592406895601318,0.7432899637713273,42.0,252.0,30.0,4.0,0.9516651248843664,0.6028424537472099,0.6767184700880038,
Internet-Advertisements,MLP,Random Undersampling + Scaling,8,True,18.28489410000111,0.3774007000010897,,,395.0,2319.0,219.0,18.0,0.9385123364568008,0.5295841899173264,0.7436874649902261,43.0,251.0,31.0,3.0,0.919326241134752,0.4831641251270661,0.6852477047070833,
Internet-Advertisements,MLP,Random Undersampling + Scaling,9,True,22.80230649999976,0.2505232000003161,,,386.0,2350.0,188.0,27.0,0.944930518587208,0.5495138295478733,0.7542698028787415,43.0,259.0,23.0,3.0,0.9323157570151096,0.5052893512891408,0.7389976664880568,
Internet-Advertisements,MLP,Random Undersampling + Scaling,10,True,21.99163589999989,0.2555066000004444,,,393.0,2320.0,218.0,21.0,0.9453671345309744,0.544417009360196,0.7399921848211916,40.0,254.0,28.0,5.0,0.925531914893617,0.5717424005536045,0.6702434401029133,
Internet-Advertisements,XGBoost,Baseline,1,,6.001960199999303,0.4657125999983691,240.92623615264893,0.4656286239624023,383.0,2527.0,11.0,30.0,0.9943569606389656,0.9820392878027115,0.9415027692410094,38.0,281.0,1.0,8.0,0.9846207215541164,0.9433791842074096,0.8824289030476793,
Internet-Advertisements,XGBoost,Baseline,2,,4.232517899999948,0.4075451999997312,,,381.0,2527.0,11.0,32.0,0.993909047371002,0.9795525606448882,0.9385823802266168,35.0,282.0,0.0,11.0,0.9663506012950972,0.9106715468388992,0.8557479162791201,
Internet-Advertisements,XGBoost,Baseline,3,,4.4968212000003405,0.2922533999990264,,,391.0,2525.0,13.0,22.0,0.9954369133958028,0.984858029966904,0.9503560039190796,44.0,280.0,2.0,2.0,0.992445266728338,0.9404249693986088,0.9494295405488744,
Internet-Advertisements,XGBoost,Baseline,4,,4.068975899999714,0.3108511999998882,,,390.0,2521.0,17.0,23.0,0.995725028000542,0.9845691709702435,0.9433831460176776,40.0,278.0,4.0,6.0,0.9496608078939252,0.8869926526280131,0.8715202244932119,
Internet-Advertisements,XGBoost,Baseline,5,,4.216699800001152,0.3523576999996294,,,380.0,2529.0,9.0,33.0,0.9910527058922298,0.9763436232053428,0.9399678290980322,43.0,278.0,4.0,3.0,0.9814986123959296,0.9582715896994108,0.912371074133428,
Internet-Advertisements,XGBoost,Baseline,6,,4.441832399999839,0.2841478999998799,,,378.0,2528.0,10.0,35.0,0.9919585496577924,0.9766984653440264,0.935618437384367,40.0,281.0,1.0,6.0,0.9626888683317916,0.9278757763974818,0.9092809088986794,
Internet-Advertisements,XGBoost,Baseline,7,,4.181021700000201,0.2777934999994613,,,393.0,2480.0,58.0,20.0,0.9937502027296474,0.9772533150083406,0.8954635725533502,44.0,274.0,8.0,2.0,0.9976102374344742,0.9882190540375272,0.8824026507713159,
Internet-Advertisements,XGBoost,Baseline,8,,4.402884400000403,0.339457099998981,,,386.0,2514.0,24.0,27.0,0.9905203616887712,0.9721290986741832,0.927998725405596,43.0,275.0,7.0,3.0,0.9895929694727104,0.950976329291192,0.8790596193940847,
Internet-Advertisements,XGBoost,Baseline,9,,4.250457399999505,0.2447181000006821,,,391.0,2510.0,28.0,22.0,0.9891818690051652,0.974525653579254,0.9300752840492638,42.0,276.0,6.0,4.0,0.9576780758556892,0.9399747894185884,0.8761030163791109,
Internet-Advertisements,XGBoost,Baseline,10,,4.255474899999172,0.197781800001394,,,388.0,2528.0,10.0,26.0,0.9971548406253926,0.9892074693568462,0.9488459287970522,37.0,282.0,0.0,8.0,0.952915681639086,0.9133432618196208,0.8941701347534805,
Internet-Advertisements,XGBoost,Standard Scaling,1,,6.092995499999233,0.4866566000000603,240.9431629180908,0.5083913803100586,383.0,2527.0,11.0,30.0,0.9943569606389656,0.9820392878027115,0.9415027692410094,38.0,281.0,1.0,8.0,0.9846207215541164,0.9433791842074096,0.8824289030476793,
Internet-Advertisements,XGBoost,Standard Scaling,2,,4.069394300000568,0.3379564000006212,,,381.0,2527.0,11.0,32.0,0.993909047371002,0.9795525606448882,0.9385823802266168,35.0,282.0,0.0,11.0,0.9663506012950972,0.9106715468388992,0.8557479162791201,
Internet-Advertisements,XGBoost,Standard Scaling,3,,4.124179200000071,0.3086934000002657,,,391.0,2525.0,13.0,22.0,0.9954369133958028,0.984858029966904,0.9503560039190796,44.0,280.0,2.0,2.0,0.992445266728338,0.9404249693986088,0.9494295405488744,
Internet-Advertisements,XGBoost,Standard Scaling,4,,4.2045366000002105,0.301331200000277,,,390.0,2521.0,17.0,23.0,0.995725028000542,0.9845691709702435,0.9433831460176776,40.0,278.0,4.0,6.0,0.9496608078939252,0.8869926526280131,0.8715202244932119,
Internet-Advertisements,XGBoost,Standard Scaling,5,,4.329184500000338,0.3504104000003281,,,380.0,2529.0,9.0,33.0,0.9910527058922298,0.9763436232053428,0.9399678290980322,43.0,278.0,4.0,3.0,0.9814986123959296,0.9582715896994108,0.912371074133428,
Internet-Advertisements,XGBoost,Standard Scaling,6,,4.471605400000044,0.2729146000001492,,,378.0,2528.0,10.0,35.0,0.9919585496577924,0.9766984653440264,0.935618437384367,40.0,281.0,1.0,6.0,0.9626888683317916,0.9278757763974818,0.9092809088986794,
Internet-Advertisements,XGBoost,Standard Scaling,7,,4.4838763999996445,0.2700879999993049,,,393.0,2480.0,58.0,20.0,0.9937502027296474,0.9772533150083406,0.8954635725533502,44.0,274.0,8.0,2.0,0.9976102374344742,0.9882190540375272,0.8824026507713159,
Internet-Advertisements,XGBoost,Standard Scaling,8,,4.478197599999476,0.2561705999996775,,,386.0,2514.0,24.0,27.0,0.9905203616887712,0.9721290986741832,0.927998725405596,43.0,275.0,7.0,3.0,0.9895929694727104,0.950976329291192,0.8790596193940847,
Internet-Advertisements,XGBoost,Standard Scaling,9,,4.363848899998629,0.2263772000005701,,,391.0,2510.0,28.0,22.0,0.9891818690051652,0.974525653579254,0.9300752840492638,42.0,276.0,6.0,4.0,0.9576780758556892,0.9399747894185884,0.8761030163791109,
Internet-Advertisements,XGBoost,Standard Scaling,10,,4.177927400000044,0.2642013000004226,,,388.0,2528.0,10.0,26.0,0.9971548406253926,0.9892074693568462,0.9488459287970522,37.0,282.0,0.0,8.0,0.952915681639086,0.9133432618196208,0.8941701347534805,
Internet-Advertisements,XGBoost,MinMax Scaling,1,,6.069404899999427,0.4788562000012462,240.92297840118408,0.5322713851928711,383.0,2527.0,11.0,30.0,0.9943569606389656,0.9820392878027115,0.9415027692410094,38.0,281.0,1.0,8.0,0.9846207215541164,0.9433791842074096,0.8824289030476793,
Internet-Advertisements,XGBoost,MinMax Scaling,2,,4.021311700000297,0.3372639999997773,,,381.0,2527.0,11.0,32.0,0.993909047371002,0.9795525606448882,0.9385823802266168,35.0,282.0,0.0,11.0,0.9663506012950972,0.9106715468388992,0.8557479162791201,
Internet-Advertisements,XGBoost,MinMax Scaling,3,,4.146661200000381,0.3153629999997065,,,391.0,2525.0,13.0,22.0,0.9954369133958028,0.984858029966904,0.9503560039190796,44.0,280.0,2.0,2.0,0.992445266728338,0.9404249693986088,0.9494295405488744,
Internet-Advertisements,XGBoost,MinMax Scaling,4,,4.084791600000244,0.3229109000003518,,,390.0,2521.0,17.0,23.0,0.995725028000542,0.9845691709702435,0.9433831460176776,40.0,278.0,4.0,6.0,0.9496608078939252,0.8869926526280131,0.8715202244932119,
Internet-Advertisements,XGBoost,MinMax Scaling,5,,4.233921199998804,0.2678245000006427,,,380.0,2529.0,9.0,33.0,0.9910527058922298,0.9763436232053428,0.9399678290980322,43.0,278.0,4.0,3.0,0.9814986123959296,0.9582715896994108,0.912371074133428,
Internet-Advertisements,XGBoost,MinMax Scaling,6,,4.386714399999619,0.2727307999994082,,,378.0,2528.0,10.0,35.0,0.9919585496577924,0.9766984653440264,0.935618437384367,40.0,281.0,1.0,6.0,0.9626888683317916,0.9278757763974818,0.9092809088986794,
Internet-Advertisements,XGBoost,MinMax Scaling,7,,4.377353600000788,0.3002880999993067,,,393.0,2480.0,58.0,20.0,0.9937502027296474,0.9772533150083406,0.8954635725533502,44.0,274.0,8.0,2.0,0.9976102374344742,0.9882190540375272,0.8824026507713159,
Internet-Advertisements,XGBoost,MinMax Scaling,8,,4.310585699999137,0.2676429999992251,,,386.0,2514.0,24.0,27.0,0.9905203616887712,0.9721290986741832,0.927998725405596,43.0,275.0,7.0,3.0,0.9895929694727104,0.950976329291192,0.8790596193940847,
Internet-Advertisements,XGBoost,MinMax Scaling,9,,4.21052569999847,0.2432555999985197,,,391.0,2510.0,28.0,22.0,0.9891818690051652,0.974525653579254,0.9300752840492638,42.0,276.0,6.0,4.0,0.9576780758556892,0.9399747894185884,0.8761030163791109,
Internet-Advertisements,XGBoost,MinMax Scaling,10,,4.180178599999636,0.200838400000066,,,388.0,2528.0,10.0,26.0,0.9971548406253926,0.9892074693568462,0.9488459287970522,37.0,282.0,0.0,8.0,0.952915681639086,0.9133432618196208,0.8941701347534805,
Internet-Advertisements,XGBoost,IQR Capping,1,,10.839777200000754,1.5130460000000312,240.9407148361206,0.522857666015625,376.0,2529.0,9.0,37.0,0.995682097016392,0.9820150835363488,0.9341250859683063,38.0,281.0,1.0,8.0,0.9872417514646932,0.9507485499894682,0.8824289030476793,
Internet-Advertisements,XGBoost,IQR Capping,2,,7.033797699999923,1.993227299999489,,,387.0,2526.0,12.0,26.0,0.99282766358136,0.9815578739800344,0.9459279575501468,36.0,282.0,0.0,10.0,0.9626503237742832,0.91555111098668,0.8693716282424064,
Internet-Advertisements,XGBoost,IQR Capping,3,,7.180232400000023,1.8543504999997824,,,385.0,2525.0,13.0,28.0,0.9935551052572328,0.9823115987632745,0.9416113553781535,44.0,279.0,3.0,2.0,0.9949892075238976,0.9414886027026752,0.9374303365949724,
Internet-Advertisements,XGBoost,IQR Capping,4,,7.329526000001351,1.7826347999998688,,,383.0,2523.0,15.0,30.0,0.9947991497757096,0.9807782955864622,0.9358924695415723,40.0,278.0,4.0,6.0,0.9430696885599752,0.8583219376083633,0.8715202244932119,
Internet-Advertisements,XGBoost,IQR Capping,5,,7.308673699999417,1.879744000001665,,,374.0,2529.0,9.0,39.0,0.9907044879096808,0.9748127923633276,0.931196864888982,42.0,279.0,3.0,4.0,0.9872802960222016,0.9569089278695032,0.9107634113699524,
Internet-Advertisements,XGBoost,IQR Capping,6,,7.495878400000947,1.7167316999984903,,,384.0,2524.0,14.0,29.0,0.9933709790363234,0.9784266334397312,0.938751912459863,40.0,280.0,2.0,6.0,0.9700123342584028,0.9390397248160824,0.8962750891893905,
Internet-Advertisements,XGBoost,IQR Capping,7,,7.436051800001223,1.7996010999995633,,,388.0,2516.0,22.0,25.0,0.99457590865813,0.9822977623787116,0.9336465878342316,43.0,279.0,3.0,3.0,0.9974560592044404,0.9864499207679648,0.9241443108233116,
Internet-Advertisements,XGBoost,IQR Capping,8,,7.433027200000652,1.658661999999822,,,397.0,2460.0,78.0,16.0,0.9933662089269734,0.9761739949741082,0.8784707881573823,44.0,265.0,17.0,2.0,0.9849676225716928,0.9476101006874534,0.7998458585117535,
Internet-Advertisements,XGBoost,IQR Capping,9,,7.449837399999524,1.624048400000902,,,373.0,2526.0,12.0,40.0,0.991684268370168,0.9769934409413368,0.9254252525144376,41.0,280.0,2.0,5.0,0.96754548257786,0.9407938265451392,0.9097106731932092,
Internet-Advertisements,XGBoost,IQR Capping,10,,7.453422900000078,1.4577224999993632,,,385.0,2529.0,9.0,29.0,0.9971824404320035,0.9910758267808508,0.9459077116471502,37.0,282.0,0.0,8.0,0.9648936170212766,0.9294949365154104,0.8941701347534805,
Internet-Advertisements,XGBoost,IQR Capping + Scaling,1,,10.86242300000049,1.5119093000012072,240.929723739624,0.5656204223632812,376.0,2529.0,9.0,37.0,0.995682097016392,0.9820150835363488,0.9341250859683063,38.0,281.0,1.0,8.0,0.9872417514646932,0.9507485499894682,0.8824289030476793,
Internet-Advertisements,XGBoost,IQR Capping + Scaling,2,,6.7097001999991335,1.7905362000001332,,,387.0,2526.0,12.0,26.0,0.99282766358136,0.9815578739800344,0.9459279575501468,36.0,282.0,0.0,10.0,0.9626503237742832,0.91555111098668,0.8693716282424064,
Internet-Advertisements,XGBoost,IQR Capping + Scaling,3,,6.891068200000518,1.8302598999998736,,,385.0,2525.0,13.0,28.0,0.9935551052572328,0.9823115987632745,0.9416113553781535,44.0,279.0,3.0,2.0,0.9949892075238976,0.9414886027026752,0.9374303365949724,
Internet-Advertisements,XGBoost,IQR Capping + Scaling,4,,6.805205399999977,1.6971303000009357,,,383.0,2523.0,15.0,30.0,0.9947991497757096,0.9807782955864622,0.9358924695415723,40.0,278.0,4.0,6.0,0.9430696885599752,0.8583219376083633,0.8715202244932119,
Internet-Advertisements,XGBoost,IQR Capping + Scaling,5,,6.910333899999387,1.753364000000147,,,374.0,2529.0,9.0,39.0,0.9907044879096808,0.9748127923633276,0.931196864888982,42.0,279.0,3.0,4.0,0.9872802960222016,0.9569089278695032,0.9107634113699524,
Internet-Advertisements,XGBoost,IQR Capping + Scaling,6,,7.193876799999998,1.661927499999365,,,384.0,2524.0,14.0,29.0,0.9933709790363234,0.9784266334397312,0.938751912459863,40.0,280.0,2.0,6.0,0.9700123342584028,0.9390397248160824,0.8962750891893905,
Internet-Advertisements,XGBoost,IQR Capping + Scaling,7,,6.955698499999926,1.7280578000008973,,,388.0,2516.0,22.0,25.0,0.99457590865813,0.9822977623787116,0.9336465878342316,43.0,279.0,3.0,3.0,0.9974560592044404,0.9864499207679648,0.9241443108233116,
Internet-Advertisements,XGBoost,IQR Capping + Scaling,8,,7.147084899999754,1.550510299999587,,,397.0,2460.0,78.0,16.0,0.9933662089269734,0.9761739949741082,0.8784707881573823,44.0,265.0,17.0,2.0,0.9849676225716928,0.9476101006874534,0.7998458585117535,
Internet-Advertisements,XGBoost,IQR Capping + Scaling,9,,7.051879500000723,1.519678500000737,,,373.0,2526.0,12.0,40.0,0.991684268370168,0.9769934409413368,0.9254252525144376,41.0,280.0,2.0,5.0,0.96754548257786,0.9407938265451392,0.9097106731932092,
Internet-Advertisements,XGBoost,IQR Capping + Scaling,10,,6.992994199999885,1.450372299999799,,,385.0,2529.0,9.0,29.0,0.9971824404320035,0.9910758267808508,0.9459077116471502,37.0,282.0,0.0,8.0,0.9648936170212766,0.9294949365154104,0.8941701347534805,
Internet-Advertisements,XGBoost,IQR Removal,1,,10.808242099999916,0.4875021999996534,240.94115447998047,0.4658174514770508,383.0,2527.0,11.0,30.0,0.9943569606389656,0.9820392878027115,0.9415027692410094,38.0,281.0,1.0,8.0,0.9846207215541164,0.9433791842074096,0.8824289030476793,
Internet-Advertisements,XGBoost,IQR Removal,2,,7.453139700000975,0.3240292000009503,,,381.0,2527.0,11.0,32.0,0.993909047371002,0.9795525606448882,0.9385823802266168,35.0,282.0,0.0,11.0,0.9663506012950972,0.9106715468388992,0.8557479162791201,
Internet-Advertisements,XGBoost,IQR Removal,3,,9.076618500001132,0.3083917000003566,,,391.0,2525.0,13.0,22.0,0.9954369133958028,0.984858029966904,0.9503560039190796,44.0,280.0,2.0,2.0,0.992445266728338,0.9404249693986088,0.9494295405488744,
Internet-Advertisements,XGBoost,IQR Removal,4,,9.032182599999942,0.2503302999994048,,,390.0,2521.0,17.0,23.0,0.995725028000542,0.9845691709702435,0.9433831460176776,40.0,278.0,4.0,6.0,0.9496608078939252,0.8869926526280131,0.8715202244932119,
Internet-Advertisements,XGBoost,IQR Removal,5,,8.751735600000757,0.2934175999998842,,,380.0,2529.0,9.0,33.0,0.9910527058922298,0.9763436232053428,0.9399678290980322,43.0,278.0,4.0,3.0,0.9814986123959296,0.9582715896994108,0.912371074133428,
Internet-Advertisements,XGBoost,IQR Removal,6,,10.113515400000324,0.2188550999999279,,,378.0,2528.0,10.0,35.0,0.9919585496577924,0.9766984653440264,0.935618437384367,40.0,281.0,1.0,6.0,0.9626888683317916,0.9278757763974818,0.9092809088986794,
Internet-Advertisements,XGBoost,IQR Removal,7,,8.2654392000004,0.2608338000009098,,,393.0,2480.0,58.0,20.0,0.9937502027296474,0.9772533150083406,0.8954635725533502,44.0,274.0,8.0,2.0,0.9976102374344742,0.9882190540375272,0.8824026507713159,
Internet-Advertisements,XGBoost,IQR Removal,8,,8.37466139999924,0.2832070999993448,,,386.0,2514.0,24.0,27.0,0.9905203616887712,0.9721290986741832,0.927998725405596,43.0,275.0,7.0,3.0,0.9895929694727104,0.950976329291192,0.8790596193940847,
Internet-Advertisements,XGBoost,IQR Removal,9,,8.536358299999847,0.2078638000002683,,,391.0,2510.0,28.0,22.0,0.9891818690051652,0.974525653579254,0.9300752840492638,42.0,276.0,6.0,4.0,0.9576780758556892,0.9399747894185884,0.8761030163791109,
Internet-Advertisements,XGBoost,IQR Removal,10,,7.546917900001063,0.2191775999999663,,,388.0,2528.0,10.0,26.0,0.9971548406253926,0.9892074693568462,0.9488459287970522,37.0,282.0,0.0,8.0,0.952915681639086,0.9133432618196208,0.8941701347534805,
Internet-Advertisements,XGBoost,IQR Removal + Scaling,1,,10.839878599999793,0.4776469999997061,240.94214057922363,0.5085716247558594,383.0,2527.0,11.0,30.0,0.9943569606389656,0.9820392878027115,0.9415027692410094,38.0,281.0,1.0,8.0,0.9846207215541164,0.9433791842074096,0.8824289030476793,
Internet-Advertisements,XGBoost,IQR Removal + Scaling,2,,7.967648099998769,0.3074710000000777,,,381.0,2527.0,11.0,32.0,0.993909047371002,0.9795525606448882,0.9385823802266168,35.0,282.0,0.0,11.0,0.9663506012950972,0.9106715468388992,0.8557479162791201,
Internet-Advertisements,XGBoost,IQR Removal + Scaling,3,,9.465125299999272,0.3981350999983988,,,391.0,2525.0,13.0,22.0,0.9954369133958028,0.984858029966904,0.9503560039190796,44.0,280.0,2.0,2.0,0.992445266728338,0.9404249693986088,0.9494295405488744,
Internet-Advertisements,XGBoost,IQR Removal + Scaling,4,,8.992016399999557,0.3106769999994867,,,390.0,2521.0,17.0,23.0,0.995725028000542,0.9845691709702435,0.9433831460176776,40.0,278.0,4.0,6.0,0.9496608078939252,0.8869926526280131,0.8715202244932119,
Internet-Advertisements,XGBoost,IQR Removal + Scaling,5,,9.00869849999981,0.3128286999999545,,,380.0,2529.0,9.0,33.0,0.9910527058922298,0.9763436232053428,0.9399678290980322,43.0,278.0,4.0,3.0,0.9814986123959296,0.9582715896994108,0.912371074133428,
Internet-Advertisements,XGBoost,IQR Removal + Scaling,6,,10.829127299999527,0.1998993999986851,,,378.0,2528.0,10.0,35.0,0.9919585496577924,0.9766984653440264,0.935618437384367,40.0,281.0,1.0,6.0,0.9626888683317916,0.9278757763974818,0.9092809088986794,
Internet-Advertisements,XGBoost,IQR Removal + Scaling,7,,8.643631100001585,0.2667692999984865,,,393.0,2480.0,58.0,20.0,0.9937502027296474,0.9772533150083406,0.8954635725533502,44.0,274.0,8.0,2.0,0.9976102374344742,0.9882190540375272,0.8824026507713159,
Internet-Advertisements,XGBoost,IQR Removal + Scaling,8,,8.385858600000574,0.2783551000011357,,,386.0,2514.0,24.0,27.0,0.9905203616887712,0.9721290986741832,0.927998725405596,43.0,275.0,7.0,3.0,0.9895929694727104,0.950976329291192,0.8790596193940847,
Internet-Advertisements,XGBoost,IQR Removal + Scaling,9,,8.764875500000926,0.2083797000013874,,,391.0,2510.0,28.0,22.0,0.9891818690051652,0.974525653579254,0.9300752840492638,42.0,276.0,6.0,4.0,0.9576780758556892,0.9399747894185884,0.8761030163791109,
Internet-Advertisements,XGBoost,IQR Removal + Scaling,10,,7.897641300000032,0.3344968000001245,,,388.0,2528.0,10.0,26.0,0.9971548406253926,0.9892074693568462,0.9488459287970522,37.0,282.0,0.0,8.0,0.952915681639086,0.9133432618196208,0.8941701347534805,
Internet-Advertisements,XGBoost,Yeo-Johnson,1,,30.024466400000165,0.5137948999999935,240.93585014343265,0.4818983078002929,383.0,2524.0,14.0,30.0,0.9936977315267976,0.981136457723599,0.9372875762002874,39.0,280.0,2.0,7.0,0.9848519888991674,0.9449095766247018,0.8827325611936084,
Internet-Advertisements,XGBoost,Yeo-Johnson,2,,16.351991700001236,0.364171900000656,,,401.0,2468.0,70.0,12.0,0.9923530377010362,0.977040270132678,0.8936421131956167,36.0,271.0,11.0,10.0,0.9291165587419056,0.8520818368414517,0.7369562369026165,
Internet-Advertisements,XGBoost,Yeo-Johnson,3,,15.168506300000445,0.34044570000151,,,386.0,2527.0,11.0,27.0,0.9960842172345958,0.9861016154183452,0.945875020431416,44.0,280.0,2.0,2.0,0.9933703361085414,0.9478589633129008,0.9494295405488744,
Internet-Advertisements,XGBoost,Yeo-Johnson,4,,15.849821099998737,0.3818982000011601,,,395.0,2501.0,37.0,18.0,0.993519806448043,0.9790235833261074,0.9243599331022012,40.0,277.0,5.0,6.0,0.9523589269195192,0.8953823566806044,0.8597245596820413,
Internet-Advertisements,XGBoost,Yeo-Johnson,5,,15.862638700000389,0.3669921000000613,,,378.0,2529.0,9.0,35.0,0.9922008712127716,0.9761457228086656,0.9370487229936274,43.0,280.0,2.0,3.0,0.9845050878815912,0.9597055470190766,0.936282837213908,
Internet-Advertisements,XGBoost,Yeo-Johnson,6,,15.860337699999944,0.3172068999992916,,,379.0,2527.0,11.0,34.0,0.9951049137850436,0.9805709487631964,0.9356574866210308,40.0,281.0,1.0,6.0,0.966581868640148,0.9361334186090204,0.9092809088986794,
Internet-Advertisements,XGBoost,Yeo-Johnson,7,,15.985586599999806,0.3200022000000899,,,403.0,2454.0,84.0,10.0,0.9945334546849152,0.9795900830376424,0.8810588170373225,44.0,270.0,12.0,2.0,0.9896700585877274,0.973778708078039,0.8434440038361645,
Internet-Advertisements,XGBoost,Yeo-Johnson,8,,15.62775039999906,0.3143118999996659,,,386.0,2510.0,28.0,27.0,0.9919890783576324,0.9732022350144732,0.922658050925738,43.0,276.0,6.0,3.0,0.9895929694727104,0.9536663846949291,0.8898457666998082,
Internet-Advertisements,XGBoost,Yeo-Johnson,9,,15.903581599999598,0.2760991000013746,,,395.0,2433.0,105.0,18.0,0.9872170609639056,0.9667077664935416,0.8462657698166014,42.0,259.0,23.0,4.0,0.959836571076164,0.930465715837727,0.7243065179526776,
Internet-Advertisements,XGBoost,Yeo-Johnson,10,,15.663299399999232,0.2394416999995883,,,398.0,2526.0,12.0,16.0,0.9973799218068926,0.9904880464636548,0.9605230439294464,37.0,281.0,1.0,8.0,0.9576832151300236,0.9217078819085364,0.8800396011610016,
Internet-Advertisements,XGBoost,Yeo-Johnson + Scaling,1,,29.746980399999305,0.5280858999994962,240.93514156341556,0.5176610946655273,385.0,2527.0,11.0,28.0,0.994945592132754,0.9835535841584824,0.9444187057598584,39.0,281.0,1.0,7.0,0.9867021276595744,0.9554530685355214,0.8959086414526007,
Internet-Advertisements,XGBoost,Yeo-Johnson + Scaling,2,,15.51391970000077,0.5062304000002769,,,389.0,2522.0,16.0,24.0,0.9929106634840495,0.981433956312395,0.9432940939703433,35.0,282.0,0.0,11.0,0.9665433240826397,0.9170438266659424,0.8557479162791201,
Internet-Advertisements,XGBoost,Yeo-Johnson + Scaling,3,,16.484604900000704,0.3145212999988871,,,391.0,2527.0,11.0,22.0,0.9948435117926642,0.985227153005854,0.953140311413353,44.0,280.0,2.0,2.0,0.9950662966389144,0.9409322171270944,0.9494295405488744,
Internet-Advertisements,XGBoost,Yeo-Johnson + Scaling,4,,15.765514900000198,0.3712876000008691,,,395.0,2489.0,49.0,18.0,0.9955943270043522,0.9832471599074164,0.9093743911584444,42.0,275.0,7.0,4.0,0.9611856305889608,0.9136856742417322,0.8652154366173157,
Internet-Advertisements,XGBoost,Yeo-Johnson + Scaling,5,,16.167161100000158,0.3882479999992938,,,381.0,2528.0,10.0,32.0,0.9901845459905322,0.9762220076385,0.9400014782546092,43.0,279.0,3.0,3.0,0.9833487511563368,0.9607165958606568,0.9241443108233116,
Internet-Advertisements,XGBoost,Yeo-Johnson + Scaling,6,,16.96792649999952,0.3570805999988806,,,375.0,2529.0,9.0,38.0,0.9948063049397344,0.9810009582080492,0.9326615517833492,40.0,281.0,1.0,6.0,0.975177304964539,0.9373400208586488,0.9092809088986794,
Internet-Advertisements,XGBoost,Yeo-Johnson + Scaling,7,,16.187772999999652,0.362890200000038,,,397.0,2512.0,26.0,16.0,0.9962044239902156,0.9849877634159748,0.9415630101691822,44.0,280.0,2.0,2.0,0.9974560592044404,0.988289829444252,0.9494295405488744,
Internet-Advertisements,XGBoost,Yeo-Johnson + Scaling,8,,16.129535600000963,0.4477654000002076,,,375.0,2528.0,10.0,38.0,0.993514082316823,0.9792163167887138,0.9312251414836836,39.0,279.0,3.0,7.0,0.994218316373728,0.966683699160945,0.8699988799246319,
Internet-Advertisements,XGBoost,Yeo-Johnson + Scaling,9,,16.2093746999999,0.4271697000003769,,,384.0,2520.0,18.0,29.0,0.9917109809825282,0.9772730693075088,0.9332084219270974,42.0,279.0,3.0,4.0,0.9655411655874192,0.9395082756583214,0.9107634113699524,
Internet-Advertisements,XGBoost,Yeo-Johnson + Scaling,10,,16.146738899999036,0.2399433999999018,,,392.0,2529.0,9.0,22.0,0.9969940003730732,0.9911517202855796,0.9560371170877702,37.0,281.0,1.0,8.0,0.95929866036249,0.9193980669930282,0.8800396011610016,
Internet-Advertisements,XGBoost,Quantile Transform,1,,13.308815799999138,0.8696164000011777,240.9370584487915,12.366961479187012,383.0,2527.0,11.0,30.0,0.9943569606389656,0.9820392878027115,0.9415027692410094,38.0,281.0,1.0,8.0,0.9846207215541164,0.9433791842074096,0.8824289030476793,
Internet-Advertisements,XGBoost,Quantile Transform,2,,13.563304799999967,1.0107858999999737,,,381.0,2527.0,11.0,32.0,0.993909047371002,0.9795525606448882,0.9385823802266168,35.0,282.0,0.0,11.0,0.9663506012950972,0.9106715468388992,0.8557479162791201,
Internet-Advertisements,XGBoost,Quantile Transform,3,,13.837190099999134,0.854197299999214,,,391.0,2525.0,13.0,22.0,0.9954369133958028,0.984858029966904,0.9503560039190796,44.0,280.0,2.0,2.0,0.992445266728338,0.9404249693986088,0.9494295405488744,
Internet-Advertisements,XGBoost,Quantile Transform,4,,13.455351200000225,0.8973497000006319,,,390.0,2521.0,17.0,23.0,0.995725028000542,0.9845691709702435,0.9433831460176776,40.0,278.0,4.0,6.0,0.9496608078939252,0.8869926526280131,0.8715202244932119,
Internet-Advertisements,XGBoost,Quantile Transform,5,,14.634776000000784,0.8276017000007414,,,380.0,2529.0,9.0,33.0,0.9910527058922298,0.9763436232053428,0.9399678290980322,43.0,278.0,4.0,3.0,0.9814986123959296,0.9582715896994108,0.912371074133428,
Internet-Advertisements,XGBoost,Quantile Transform,6,,13.917450299999471,0.9250191999999516,,,378.0,2528.0,10.0,35.0,0.9919585496577924,0.9766984653440264,0.935618437384367,40.0,281.0,1.0,6.0,0.9626888683317916,0.9278757763974818,0.9092809088986794,
Internet-Advertisements,XGBoost,Quantile Transform,7,,14.616588400000182,0.9500527000000148,,,393.0,2480.0,58.0,20.0,0.9937502027296474,0.9772533150083406,0.8954635725533502,44.0,274.0,8.0,2.0,0.9976102374344742,0.9882190540375272,0.8824026507713159,
Internet-Advertisements,XGBoost,Quantile Transform,8,,14.07024829999864,0.8698291000000609,,,386.0,2514.0,24.0,27.0,0.9905203616887712,0.9721290986741832,0.927998725405596,43.0,275.0,7.0,3.0,0.9895929694727104,0.950976329291192,0.8790596193940847,
Internet-Advertisements,XGBoost,Quantile Transform,9,,14.123142200000077,0.8461150999992242,,,391.0,2510.0,28.0,22.0,0.9891818690051652,0.974525653579254,0.9300752840492638,42.0,276.0,6.0,4.0,0.9576780758556892,0.9399747894185884,0.8761030163791109,
Internet-Advertisements,XGBoost,Quantile Transform,10,,14.233232700000372,0.6860639999995328,,,388.0,2528.0,10.0,26.0,0.9971548406253926,0.9892074693568462,0.9488459287970522,37.0,282.0,0.0,8.0,0.952915681639086,0.9133432618196208,0.8941701347534805,
Internet-Advertisements,XGBoost,Quantile Transform + Scaling,1,,13.407889800000705,0.8869682999993529,240.9252634048462,12.402918815612791,383.0,2527.0,11.0,30.0,0.9943569606389656,0.9820392878027115,0.9415027692410094,38.0,281.0,1.0,8.0,0.9846207215541164,0.9433791842074096,0.8824289030476793,
Internet-Advertisements,XGBoost,Quantile Transform + Scaling,2,,13.20639569999912,0.8635172000012972,,,381.0,2527.0,11.0,32.0,0.993909047371002,0.9795525606448882,0.9385823802266168,35.0,282.0,0.0,11.0,0.9663506012950972,0.9106715468388992,0.8557479162791201,
Internet-Advertisements,XGBoost,Quantile Transform + Scaling,3,,13.669203899999047,0.9400946000005206,,,391.0,2525.0,13.0,22.0,0.9954369133958028,0.984858029966904,0.9503560039190796,44.0,280.0,2.0,2.0,0.992445266728338,0.9404249693986088,0.9494295405488744,
Internet-Advertisements,XGBoost,Quantile Transform + Scaling,4,,13.660847799999829,0.8242224999994505,,,390.0,2521.0,17.0,23.0,0.995725028000542,0.9845691709702435,0.9433831460176776,40.0,278.0,4.0,6.0,0.9496608078939252,0.8869926526280131,0.8715202244932119,
Internet-Advertisements,XGBoost,Quantile Transform + Scaling,5,,14.297713699999804,0.7495491999998194,,,380.0,2529.0,9.0,33.0,0.9910527058922298,0.9763436232053428,0.9399678290980322,43.0,278.0,4.0,3.0,0.9814986123959296,0.9582715896994108,0.912371074133428,
Internet-Advertisements,XGBoost,Quantile Transform + Scaling,6,,14.05450750000091,0.889313100000436,,,378.0,2528.0,10.0,35.0,0.9919585496577924,0.9766984653440264,0.935618437384367,40.0,281.0,1.0,6.0,0.9626888683317916,0.9278757763974818,0.9092809088986794,
Internet-Advertisements,XGBoost,Quantile Transform + Scaling,7,,13.906406399999469,0.7972754000002169,,,393.0,2480.0,58.0,20.0,0.9937502027296474,0.9772533150083406,0.8954635725533502,44.0,274.0,8.0,2.0,0.9976102374344742,0.9882190540375272,0.8824026507713159,
Internet-Advertisements,XGBoost,Quantile Transform + Scaling,8,,13.629371699998956,0.8504998999997042,,,386.0,2514.0,24.0,27.0,0.9905203616887712,0.9721290986741832,0.927998725405596,43.0,275.0,7.0,3.0,0.9895929694727104,0.950976329291192,0.8790596193940847,
Internet-Advertisements,XGBoost,Quantile Transform + Scaling,9,,13.846942500000296,0.6896816000007675,,,391.0,2510.0,28.0,22.0,0.9891818690051652,0.974525653579254,0.9300752840492638,42.0,276.0,6.0,4.0,0.9576780758556892,0.9399747894185884,0.8761030163791109,
Internet-Advertisements,XGBoost,Quantile Transform + Scaling,10,,13.875930099999096,0.6110326999987592,,,388.0,2528.0,10.0,26.0,0.9971548406253926,0.9892074693568462,0.9488459287970522,37.0,282.0,0.0,8.0,0.952915681639086,0.9133432618196208,0.8941701347534805,
Internet-Advertisements,XGBoost,Uniform Binning,1,,5.601976500000092,0.4864664000015182,240.93390083312988,0.5878677368164062,372.0,2522.0,16.0,41.0,0.9861681139178436,0.9636489987129512,0.9182760269882468,38.0,280.0,2.0,8.0,0.9600678384212148,0.9073694977691612,0.8690771920007697,
Internet-Advertisements,XGBoost,Uniform Binning,2,,3.3468912999996974,0.2893824000002496,,,380.0,2519.0,19.0,33.0,0.9872981528228552,0.9666400685613185,0.9259330393417932,36.0,279.0,3.0,10.0,0.9403330249768732,0.885852935857605,0.8281764793926392,
Internet-Advertisements,XGBoost,Uniform Binning,3,,3.4801942000012787,0.3268545999999332,,,379.0,2526.0,12.0,34.0,0.989587328299914,0.9729097892691112,0.9342395213053724,44.0,277.0,5.0,2.0,0.9925994449583718,0.926416959717485,0.9144760967823008,
Internet-Advertisements,XGBoost,Uniform Binning,4,,3.5103353999984392,0.3431875000005675,,,366.0,2521.0,17.0,47.0,0.9772003083398684,0.953646581628106,0.9079458740468316,41.0,278.0,4.0,5.0,0.9836185630588962,0.9456788964369106,0.8852439855259969,
Internet-Advertisements,XGBoost,Uniform Binning,5,,3.449635499999204,0.3170260999995662,,,364.0,2530.0,8.0,49.0,0.9830141176156324,0.9636339593301438,0.917950002592831,38.0,279.0,3.0,8.0,0.977104532839963,0.9399962009048294,0.8561842134885375,
Internet-Advertisements,XGBoost,Uniform Binning,6,,3.750567199998841,0.3252491999992344,,,375.0,2517.0,21.0,38.0,0.98559426976304,0.9649476767463556,0.9157633813446922,38.0,281.0,1.0,8.0,0.9601834720937404,0.9267415699549304,0.8824289030476793,
Internet-Advertisements,XGBoost,Uniform Binning,7,,3.5125472999989142,0.2998865000008663,,,374.0,2520.0,18.0,39.0,0.9843960182943234,0.9618828900781043,0.9184373353889488,43.0,281.0,1.0,3.0,0.9900555041628124,0.9753304693449484,0.9488071658145276,
Internet-Advertisements,XGBoost,Uniform Binning,8,,3.5979964999987715,0.2590657000000647,,,375.0,2519.0,19.0,38.0,0.9814566769128616,0.9598207285749484,0.9185293897380976,40.0,278.0,4.0,6.0,0.9747147702744372,0.9383799152577113,0.8715202244932119,
Internet-Advertisements,XGBoost,Uniform Binning,9,,3.554704199999833,0.2858112999983859,,,376.0,2520.0,18.0,37.0,0.9866207972951572,0.966511629425104,0.9214010621759616,42.0,277.0,5.0,4.0,0.9874344742522356,0.9584178754960826,0.8873118116718834,
Internet-Advertisements,XGBoost,Uniform Binning,10,,3.5336005999997724,0.202712900001643,,,378.0,2523.0,15.0,36.0,0.98172369357743,0.9630721260964434,0.9272261626493074,35.0,280.0,2.0,10.0,0.9310086682427108,0.8882106013622514,0.8381238180840559,
Internet-Advertisements,XGBoost,Uniform Binning + Scaling,1,,5.721930699999575,0.49940609999976,240.93930339813232,0.6238574981689453,372.0,2522.0,16.0,41.0,0.9861681139178436,0.9636489987129512,0.9182760269882468,38.0,280.0,2.0,8.0,0.9600678384212148,0.9073694977691612,0.8690771920007697,
Internet-Advertisements,XGBoost,Uniform Binning + Scaling,2,,3.6085929999990185,0.3760386999983893,,,380.0,2519.0,19.0,33.0,0.9872981528228552,0.9666400685613185,0.9259330393417932,36.0,279.0,3.0,10.0,0.9403330249768732,0.885852935857605,0.8281764793926392,
Internet-Advertisements,XGBoost,Uniform Binning + Scaling,3,,3.63270680000096,0.2717769999999291,,,379.0,2526.0,12.0,34.0,0.989587328299914,0.9729097892691112,0.9342395213053724,44.0,277.0,5.0,2.0,0.9925994449583718,0.926416959717485,0.9144760967823008,
Internet-Advertisements,XGBoost,Uniform Binning + Scaling,4,,3.917576100000588,0.2806096999993315,,,366.0,2521.0,17.0,47.0,0.9772003083398684,0.953646581628106,0.9079458740468316,41.0,278.0,4.0,5.0,0.9836185630588962,0.9456788964369106,0.8852439855259969,
Internet-Advertisements,XGBoost,Uniform Binning + Scaling,5,,3.6701433999987785,0.2771316999987903,,,364.0,2530.0,8.0,49.0,0.9830141176156324,0.9636339593301438,0.917950002592831,38.0,279.0,3.0,8.0,0.977104532839963,0.9399962009048294,0.8561842134885375,
Internet-Advertisements,XGBoost,Uniform Binning + Scaling,6,,4.024162499999875,0.3327208999999129,,,375.0,2517.0,21.0,38.0,0.98559426976304,0.9649476767463556,0.9157633813446922,38.0,281.0,1.0,8.0,0.9601834720937404,0.9267415699549304,0.8824289030476793,
Internet-Advertisements,XGBoost,Uniform Binning + Scaling,7,,3.6515564000001177,0.3061892000005173,,,374.0,2520.0,18.0,39.0,0.9843960182943234,0.9618828900781043,0.9184373353889488,43.0,281.0,1.0,3.0,0.9900555041628124,0.9753304693449484,0.9488071658145276,
Internet-Advertisements,XGBoost,Uniform Binning + Scaling,8,,3.818062700000155,0.3167311000015615,,,375.0,2519.0,19.0,38.0,0.9814566769128616,0.9598207285749484,0.9185293897380976,40.0,278.0,4.0,6.0,0.9747147702744372,0.9383799152577113,0.8715202244932119,
Internet-Advertisements,XGBoost,Uniform Binning + Scaling,9,,3.769794900001216,0.264060999999856,,,376.0,2520.0,18.0,37.0,0.9866207972951572,0.966511629425104,0.9214010621759616,42.0,277.0,5.0,4.0,0.9874344742522356,0.9584178754960826,0.8873118116718834,
Internet-Advertisements,XGBoost,Uniform Binning + Scaling,10,,3.55980819999968,0.2141783999995823,,,378.0,2523.0,15.0,36.0,0.98172369357743,0.9630721260964434,0.9272261626493074,35.0,280.0,2.0,10.0,0.9310086682427108,0.8882106013622514,0.8381238180840559,
Internet-Advertisements,XGBoost,Quantile Binning,1,,6.659086400000888,0.5320857000006072,240.92258834838867,0.6375064849853516,361.0,2518.0,20.0,52.0,0.9865554467970624,0.9600981271006932,0.896222567058469,37.0,278.0,4.0,9.0,0.9702050570459452,0.9188507180777832,0.8296358657834666,
Internet-Advertisements,XGBoost,Quantile Binning,2,,4.474822000000131,0.3284643999995751,,,362.0,2522.0,16.0,51.0,0.9908480682011156,0.968786265622269,0.9033970800220662,35.0,280.0,2.0,11.0,0.963768115942029,0.9099679728150972,0.8273689271395773,
Internet-Advertisements,XGBoost,Quantile Binning,3,,4.501858999999968,0.3741439000004902,,,372.0,2514.0,24.0,41.0,0.989561569709424,0.9651587293480994,0.9071667840201424,44.0,279.0,3.0,2.0,0.9939870490286772,0.9318344774234192,0.9374303365949724,
Internet-Advertisements,XGBoost,Quantile Binning,4,,4.5125315000004775,0.2674812000004749,,,363.0,2529.0,9.0,50.0,0.9908089533044456,0.9660067455424942,0.915007267056648,40.0,278.0,4.0,6.0,0.9663120567375888,0.9065216746624116,0.8715202244932119,
Internet-Advertisements,XGBoost,Quantile Binning,5,,4.634702900000775,0.2994844000004377,,,345.0,2529.0,9.0,68.0,0.9872132448764256,0.958491399731496,0.8881876914525328,35.0,281.0,1.0,11.0,0.9799953746530988,0.9508303083822554,0.8412831832006895,
Internet-Advertisements,XGBoost,Quantile Binning,6,,4.600574399999459,0.2482156000005488,,,349.0,2529.0,9.0,64.0,0.9822127392448344,0.9509682535986528,0.8941844971122225,36.0,282.0,0.0,10.0,0.961686709836571,0.9283535056433138,0.8693716282424064,
Internet-Advertisements,XGBoost,Quantile Binning,7,,4.58101650000026,0.2722993999996106,,,371.0,2512.0,26.0,42.0,0.9886519098563816,0.9621828276095584,0.9029377992757728,43.0,276.0,6.0,3.0,0.9883595436324392,0.9651337152474664,0.8898457666998082,
Internet-Advertisements,XGBoost,Quantile Binning,8,,4.6897281000001385,0.2119983000011416,,,362.0,2515.0,23.0,51.0,0.9867099983400018,0.9567726791450776,0.8935258631835858,40.0,278.0,4.0,6.0,0.9835800185013877,0.9521548428578612,0.8715202244932119,
Internet-Advertisements,XGBoost,Quantile Binning,9,,4.612623099999837,0.386911699999473,,,362.0,2524.0,14.0,51.0,0.9830083934844124,0.9541661137473187,0.9062646411097124,40.0,278.0,4.0,6.0,0.9703206907184706,0.9218854318466032,0.8715202244932119,
Internet-Advertisements,XGBoost,Quantile Binning,10,,4.765461699998923,0.2029338000011193,,,373.0,2516.0,22.0,41.0,0.9930129661988024,0.9753802372015676,0.91010595990182,35.0,282.0,0.0,10.0,0.9574468085106383,0.912533382965145,0.8666842288350558,
Internet-Advertisements,XGBoost,Quantile Binning + Scaling,1,,6.716662600001655,0.4915405000010651,240.94174766540527,0.673487663269043,361.0,2518.0,20.0,52.0,0.9865554467970624,0.9600981271006932,0.896222567058469,37.0,278.0,4.0,9.0,0.9702050570459452,0.9188507180777832,0.8296358657834666,
Internet-Advertisements,XGBoost,Quantile Binning + Scaling,2,,4.577381200000673,0.3847026000003097,,,362.0,2522.0,16.0,51.0,0.9908480682011156,0.968786265622269,0.9033970800220662,35.0,280.0,2.0,11.0,0.963768115942029,0.9099679728150972,0.8273689271395773,
Internet-Advertisements,XGBoost,Quantile Binning + Scaling,3,,4.658434599999964,0.3391546000002563,,,372.0,2514.0,24.0,41.0,0.989561569709424,0.9651587293480994,0.9071667840201424,44.0,279.0,3.0,2.0,0.9939870490286772,0.9318344774234192,0.9374303365949724,
Internet-Advertisements,XGBoost,Quantile Binning + Scaling,4,,4.599878299999546,0.2610232000006363,,,363.0,2529.0,9.0,50.0,0.9908089533044456,0.9660067455424942,0.915007267056648,40.0,278.0,4.0,6.0,0.9663120567375888,0.9065216746624116,0.8715202244932119,
Internet-Advertisements,XGBoost,Quantile Binning + Scaling,5,,4.597223899998426,0.3695159999988391,,,345.0,2529.0,9.0,68.0,0.9872132448764256,0.958491399731496,0.8881876914525328,35.0,281.0,1.0,11.0,0.9799953746530988,0.9508303083822554,0.8412831832006895,
Internet-Advertisements,XGBoost,Quantile Binning + Scaling,6,,5.045136900000216,0.3480047999983071,,,349.0,2529.0,9.0,64.0,0.9822127392448344,0.9509682535986528,0.8941844971122225,36.0,282.0,0.0,10.0,0.961686709836571,0.9283535056433138,0.8693716282424064,
Internet-Advertisements,XGBoost,Quantile Binning + Scaling,7,,4.764990300000136,0.3341779999991559,,,371.0,2512.0,26.0,42.0,0.9886519098563816,0.9621828276095584,0.9029377992757728,43.0,276.0,6.0,3.0,0.9883595436324392,0.9651337152474664,0.8898457666998082,
Internet-Advertisements,XGBoost,Quantile Binning + Scaling,8,,5.037571400000161,0.2178081999991263,,,362.0,2515.0,23.0,51.0,0.9867099983400018,0.9567726791450776,0.8935258631835858,40.0,278.0,4.0,6.0,0.9835800185013877,0.9521548428578612,0.8715202244932119,
Internet-Advertisements,XGBoost,Quantile Binning + Scaling,9,,4.890214500001093,0.4086580000002868,,,362.0,2524.0,14.0,51.0,0.9830083934844124,0.9541661137473187,0.9062646411097124,40.0,278.0,4.0,6.0,0.9703206907184706,0.9218854318466032,0.8715202244932119,
Internet-Advertisements,XGBoost,Quantile Binning + Scaling,10,,4.590112199999567,0.2275697000004584,,,373.0,2516.0,22.0,41.0,0.9930129661988024,0.9753802372015676,0.91010595990182,35.0,282.0,0.0,10.0,0.9574468085106383,0.912533382965145,0.8666842288350558,
Internet-Advertisements,XGBoost,SMOTE,1,,12.09490890000052,0.4851537000013195,253.47832584381104,5.386037826538086,413.0,384.0,2154.0,0.0,0.9947285521573296,0.98389322881769,0.1560205824274312,46.0,48.0,234.0,0.0,0.9796484736355228,0.9493870367537758,0.1672229823794153,
Internet-Advertisements,XGBoost,SMOTE,2,,15.479109699999754,0.3994082999997772,,,413.0,442.0,2096.0,0.0,0.9960050334193862,0.9853931836087908,0.169312889306742,46.0,48.0,234.0,0.0,0.9573697193956212,0.9021021218818134,0.1672229823794153,
Internet-Advertisements,XGBoost,SMOTE,3,,15.370155000000524,0.3291759000003367,,,413.0,123.0,2415.0,0.0,0.989964643949498,0.9734680223684368,0.0841282916685794,46.0,18.0,264.0,0.0,0.9914431082331174,0.9252373435025246,0.0973217181073888,
Internet-Advertisements,XGBoost,SMOTE,4,,15.208194199998616,0.3706227999991824,,,413.0,801.0,1737.0,0.0,0.9922018252346416,0.9782178386221048,0.2462216543772738,45.0,80.0,202.0,1.0,0.9480033919210608,0.8852480219886772,0.2109254180112653,
Internet-Advertisements,XGBoost,SMOTE,5,,15.341223699999318,0.3442001000003074,,,413.0,237.0,2301.0,0.0,0.9905985914821112,0.972304353936572,0.1192060968859935,46.0,24.0,258.0,0.0,0.9780296022201664,0.940959942481538,0.1134810095552346,
Internet-Advertisements,XGBoost,SMOTE,6,,15.744114899998747,0.3666069999999308,,,413.0,8.0,2530.0,0.0,0.9919504404718974,0.9777404363847628,0.0210319276631071,46.0,0.0,282.0,0.0,0.9589885908109774,0.9175316302564982,0.0,
Internet-Advertisements,XGBoost,SMOTE,7,,15.504275999999663,0.2528655000005528,,,413.0,3.0,2535.0,0.0,0.9948869197877492,0.9817060972880852,0.0128684460078242,46.0,0.0,282.0,0.0,0.99645390070922,0.983595591863589,0.0,
Internet-Advertisements,XGBoost,SMOTE,8,,15.151649200000977,0.2918273000013869,,,413.0,283.0,2255.0,0.0,0.9894198974617294,0.972512492565914,0.1313800800321249,46.0,37.0,245.0,0.0,0.985854147394388,0.9483349854658016,0.144015331764324,
Internet-Advertisements,XGBoost,SMOTE,9,,15.16227660000004,0.236146600000211,,,413.0,70.0,2468.0,0.0,0.987827634960704,0.969515959362142,0.0628791421143277,46.0,6.0,276.0,0.0,0.961763798951588,0.9314906191356246,0.0551317846419971,
Internet-Advertisements,XGBoost,SMOTE,10,,14.739775099998951,0.2177967999996326,,,413.0,1135.0,1403.0,1.0,0.9972866534948968,0.990240415316838,0.3174322433417602,44.0,127.0,155.0,1.0,0.9651694247438928,0.9296052842706198,0.3021881089718175,
Internet-Advertisements,XGBoost,SMOTE + Scaling,1,,12.185070600000472,0.4963534999988042,253.5073947906494,5.425583839416504,413.0,223.0,2315.0,0.0,0.9946770349763498,0.9805258626482196,0.115334560623114,46.0,25.0,257.0,0.0,0.9594896700585878,0.9359729778901016,0.1160120368228203,
Internet-Advertisements,XGBoost,SMOTE + Scaling,2,,14.862030599999343,0.2977234999998472,,,413.0,59.0,2479.0,0.0,0.9926764511149656,0.9777030650166786,0.057617721288299,46.0,8.0,274.0,0.0,0.9214847363552268,0.8521947199432901,0.0638593312241614,
Internet-Advertisements,XGBoost,SMOTE + Scaling,3,,15.250571700000364,0.2862409999997908,,,413.0,2.0,2536.0,0.0,0.9907879648233056,0.9754253777868738,0.0105052605577047,46.0,2.0,280.0,0.0,0.9941412272587112,0.9284804398524208,0.0316344697624707,
Internet-Advertisements,XGBoost,SMOTE + Scaling,4,,14.761975999999777,0.3684147000003577,,,413.0,169.0,2369.0,0.0,0.98921287471594,0.969520361989148,0.0994246352552419,46.0,11.0,271.0,0.0,0.9676611162503854,0.8843361661304028,0.0752351988469193,
Internet-Advertisements,XGBoost,SMOTE + Scaling,5,,15.59453240000039,0.302371800000401,,,413.0,2.0,2536.0,0.0,0.9840592485742145,0.969363449396044,0.0105052605577047,46.0,0.0,282.0,0.0,0.9812673450508788,0.9439581246306114,0.0,
Internet-Advertisements,XGBoost,SMOTE + Scaling,6,,15.731776500000706,0.2322443000011844,,,413.0,12.0,2526.0,0.0,0.9799421671942408,0.9569544810884534,0.0257762684990461,46.0,1.0,281.0,0.0,0.9562904717853838,0.9332664822476484,0.0223347186143848,
Internet-Advertisements,XGBoost,SMOTE + Scaling,7,,15.442402699998638,0.3499569999985397,,,413.0,0.0,2538.0,0.0,0.9865554467970624,0.967707147260597,0.0,46.0,0.0,282.0,0.0,0.9857385137218624,0.9616046211218224,0.0,
Internet-Advertisements,XGBoost,SMOTE + Scaling,8,,15.58465090000027,0.23863860000165,,,413.0,100.0,2438.0,0.0,0.9808957120533032,0.959259085083113,0.0755493284499477,46.0,15.0,267.0,0.0,0.9801880974406414,0.937359912750171,0.0884153809396522,
Internet-Advertisements,XGBoost,SMOTE + Scaling,9,,15.31748179999886,0.3966857999985222,,,413.0,0.0,2538.0,0.0,0.9810240279948176,0.9565699526275584,0.0,46.0,0.0,282.0,0.0,0.9589885908109776,0.9317050649759316,0.0,
Internet-Advertisements,XGBoost,SMOTE + Scaling,10,,15.157331700000212,0.2037400000008347,,,414.0,55.0,2483.0,0.0,0.9948573946543934,0.98222705349803,0.0556495246267992,45.0,5.0,277.0,0.0,0.9592198581560284,0.9125859075273588,0.0497781519470079,
Internet-Advertisements,XGBoost,Select Percentile (MI),1,,21.02431429999888,0.433526199998596,240.9242296218872,0.4542531967163086,388.0,2524.0,14.0,25.0,0.9929707668618596,0.9787101180296056,0.9445980730621006,40.0,279.0,3.0,6.0,0.9692028985507246,0.9254569650459016,0.8836962790513284,
Internet-Advertisements,XGBoost,Select Percentile (MI),2,,17.943469199999527,0.3133555999993405,,,381.0,2529.0,9.0,32.0,0.994286363020586,0.9801289551007,0.9414256994712126,36.0,282.0,0.0,10.0,0.9589885908109774,0.9023516279931828,0.8693716282424064,
Internet-Advertisements,XGBoost,Select Percentile (MI),3,,17.942123900000297,0.2496969000003446,,,383.0,2527.0,11.0,30.0,0.9951626321081783,0.9805482575594952,0.9415027692410094,44.0,278.0,4.0,2.0,0.9949121184088804,0.9352128984290669,0.9257852067961836,
Internet-Advertisements,XGBoost,Select Percentile (MI),4,,17.969789499999024,0.2408429000006435,,,383.0,2531.0,7.0,30.0,0.9939992024377168,0.980189237225758,0.9471939123213944,40.0,279.0,3.0,6.0,0.972209374036386,0.9088385891558508,0.8836962790513284,
Internet-Advertisements,XGBoost,Select Percentile (MI),5,,17.931201199999123,0.2540375000007771,,,377.0,2533.0,5.0,36.0,0.9909043554914454,0.9758576045171882,0.941369454796782,43.0,279.0,3.0,3.0,0.9864323157570152,0.9637072887467204,0.9241443108233116,
Internet-Advertisements,XGBoost,Select Percentile (MI),6,,17.903815399999075,0.2468322000004263,,,376.0,2531.0,7.0,37.0,0.9947414314525744,0.9813826758392328,0.9370096125995196,40.0,281.0,1.0,6.0,0.9722479185938946,0.933498047616466,0.9092809088986794,
Internet-Advertisements,XGBoost,Select Percentile (MI),7,,17.898868099999163,0.2760428999990836,,,394.0,2491.0,47.0,19.0,0.9958700393247816,0.9823858127552014,0.9103274231157228,44.0,279.0,3.0,2.0,0.997764415664508,0.9903726708074534,0.9374303365949724,
Internet-Advertisements,XGBoost,Select Percentile (MI),8,,17.996541999998954,0.2312416999993729,,,374.0,2526.0,12.0,39.0,0.993820323337092,0.978329995375283,0.926897223708542,40.0,279.0,3.0,6.0,0.989708603145236,0.9537920738214232,0.8836962790513284,
Internet-Advertisements,XGBoost,Select Percentile (MI),9,,17.71666230000119,0.2987532999995892,,,383.0,2521.0,17.0,30.0,0.9946393511124848,0.9796110843769668,0.9331170069542712,40.0,281.0,1.0,6.0,0.9584489670058588,0.9284073240722592,0.9092809088986794,
Internet-Advertisements,XGBoost,Select Percentile (MI),10,,17.86222269999962,0.1815401000003476,,,390.0,2529.0,9.0,24.0,0.9979309662216436,0.99071270182367,0.9531483087635588,37.0,281.0,1.0,8.0,0.9547281323877068,0.9112647348149876,0.8800396011610016,
Internet-Advertisements,XGBoost,Select Percentile (MI) + Scaling,1,,21.195660600000338,0.4392119000003731,240.93358993530276,0.4758319854736328,388.0,2524.0,14.0,25.0,0.9929707668618596,0.9787101180296056,0.9445980730621006,40.0,279.0,3.0,6.0,0.9692028985507246,0.9254569650459016,0.8836962790513284,
Internet-Advertisements,XGBoost,Select Percentile (MI) + Scaling,2,,17.805786999999327,0.2747605000004114,,,381.0,2529.0,9.0,32.0,0.994286363020586,0.9801289551007,0.9414256994712126,36.0,282.0,0.0,10.0,0.9589885908109774,0.9023516279931828,0.8693716282424064,
Internet-Advertisements,XGBoost,Select Percentile (MI) + Scaling,3,,17.67937499999971,0.299307499999486,,,383.0,2527.0,11.0,30.0,0.9951626321081783,0.9805482575594952,0.9415027692410094,44.0,278.0,4.0,2.0,0.9949121184088804,0.9352128984290669,0.9257852067961836,
Internet-Advertisements,XGBoost,Select Percentile (MI) + Scaling,4,,17.947639800000616,0.2725802999993902,,,383.0,2531.0,7.0,30.0,0.9939992024377168,0.980189237225758,0.9471939123213944,40.0,279.0,3.0,6.0,0.972209374036386,0.9088385891558508,0.8836962790513284,
Internet-Advertisements,XGBoost,Select Percentile (MI) + Scaling,5,,18.34672849999879,0.2772795000000769,,,377.0,2533.0,5.0,36.0,0.9909043554914454,0.9758576045171882,0.941369454796782,43.0,279.0,3.0,3.0,0.9864323157570152,0.9637072887467204,0.9241443108233116,
Internet-Advertisements,XGBoost,Select Percentile (MI) + Scaling,6,,18.08406400000058,0.2805153999997856,,,376.0,2531.0,7.0,37.0,0.9947414314525744,0.9813826758392328,0.9370096125995196,40.0,281.0,1.0,6.0,0.9722479185938946,0.933498047616466,0.9092809088986794,
Internet-Advertisements,XGBoost,Select Percentile (MI) + Scaling,7,,17.900744999999006,0.2829431000009208,,,394.0,2491.0,47.0,19.0,0.9958700393247816,0.9823858127552014,0.9103274231157228,44.0,279.0,3.0,2.0,0.997764415664508,0.9903726708074534,0.9374303365949724,
Internet-Advertisements,XGBoost,Select Percentile (MI) + Scaling,8,,18.28250520000074,0.2232346000000689,,,374.0,2526.0,12.0,39.0,0.993820323337092,0.978329995375283,0.926897223708542,40.0,279.0,3.0,6.0,0.989708603145236,0.9537920738214232,0.8836962790513284,
Internet-Advertisements,XGBoost,Select Percentile (MI) + Scaling,9,,18.010597599999528,0.2412512999999307,,,383.0,2521.0,17.0,30.0,0.9946393511124848,0.9796110843769668,0.9331170069542712,40.0,281.0,1.0,6.0,0.9584489670058588,0.9284073240722592,0.9092809088986794,
Internet-Advertisements,XGBoost,Select Percentile (MI) + Scaling,10,,17.894933499999752,0.1833471999998437,,,390.0,2529.0,9.0,24.0,0.9979309662216436,0.99071270182367,0.9531483087635588,37.0,281.0,1.0,8.0,0.9547281323877068,0.9112647348149876,0.8800396011610016,
Internet-Advertisements,XGBoost,Random Undersampling,1,,5.547516299999188,0.4817296000001079,240.9493350982666,0.4628829956054687,394.0,2443.0,95.0,19.0,0.991710026960658,0.9539514940389552,0.8552345317780555,41.0,271.0,11.0,5.0,0.9856614246068456,0.9217574448755174,0.8102860221700722,
Internet-Advertisements,XGBoost,Random Undersampling,2,,2.6933300999990024,0.3537510999994993,,,396.0,2476.0,62.0,17.0,0.989536765140804,0.950979841338864,0.8952905704226993,37.0,276.0,6.0,9.0,0.9369025593586184,0.8733022059007569,0.8056530966256861,
Internet-Advertisements,XGBoost,Random Undersampling,3,,2.7436242000003404,0.3096387999994476,,,398.0,2434.0,104.0,15.0,0.9911795908009396,0.962851557017314,0.8519941821649444,44.0,273.0,9.0,2.0,0.9868177613321,0.9127639310113608,0.8722807589738596,
Internet-Advertisements,XGBoost,Random Undersampling,4,,2.893387300000541,0.3415345000012166,,,402.0,2320.0,218.0,11.0,0.991322217070504,0.9539013585213938,0.755802157997067,42.0,260.0,22.0,4.0,0.97059050262103,0.8662940319558787,0.7316666010555097,
Internet-Advertisements,XGBoost,Random Undersampling,5,,2.9122176000000763,0.2916796999998041,,,386.0,2480.0,58.0,27.0,0.9869647221792912,0.9528831409956792,0.88478644620345,44.0,276.0,6.0,2.0,0.9879740980573544,0.9598707623072472,0.903486216747631,
Internet-Advertisements,XGBoost,Random Undersampling,6,,2.9874352000006184,0.2632008000000496,,,381.0,2492.0,46.0,32.0,0.9889991738170608,0.953974951681749,0.8919073182618426,39.0,279.0,3.0,7.0,0.9645390070921984,0.9254050276172432,0.8699988799246319,
Internet-Advertisements,XGBoost,Random Undersampling,7,,2.9925554000001284,0.2145476000005146,,,395.0,2434.0,104.0,18.0,0.9916251190142282,0.9556817886292148,0.8473052359143901,44.0,273.0,9.0,2.0,0.9936016034535924,0.9702473153632238,0.8722807589738596,
Internet-Advertisements,XGBoost,Random Undersampling,8,,2.9168450999986817,0.2193478999997751,,,393.0,2423.0,115.0,20.0,0.9875223479623048,0.9547087193195648,0.8328778143330771,45.0,257.0,25.0,1.0,0.990826395312982,0.9562146004154162,0.7539515976468723,
Internet-Advertisements,XGBoost,Random Undersampling,9,,2.917863999999099,0.2641859999985172,,,391.0,2473.0,65.0,22.0,0.98739116995518,0.9504706035440644,0.8841370590561167,43.0,270.0,12.0,3.0,0.9663891458526056,0.9092438623280824,0.8293108354860192,
Internet-Advertisements,XGBoost,Random Undersampling,10,,2.777192899999136,0.1970283000009658,,,400.0,2467.0,71.0,14.0,0.9941831028273622,0.9675040942865892,0.8896550370235249,38.0,274.0,8.0,7.0,0.9619779353821908,0.9114202483823546,0.8085914688146897,
Internet-Advertisements,XGBoost,Random Undersampling + Scaling,1,,5.495271899999352,0.4764145000008284,240.92703437805176,0.4988517761230469,394.0,2443.0,95.0,19.0,0.991710026960658,0.9539514940389552,0.8552345317780555,41.0,271.0,11.0,5.0,0.9856614246068456,0.9217574448755174,0.8102860221700722,
Internet-Advertisements,XGBoost,Random Undersampling + Scaling,2,,2.5513257999991765,0.3273673999992752,,,396.0,2476.0,62.0,17.0,0.989536765140804,0.950979841338864,0.8952905704226993,37.0,276.0,6.0,9.0,0.9369025593586184,0.8733022059007569,0.8056530966256861,
Internet-Advertisements,XGBoost,Random Undersampling + Scaling,3,,2.867884100000083,0.3115975999990041,,,398.0,2434.0,104.0,15.0,0.9911795908009396,0.962851557017314,0.8519941821649444,44.0,273.0,9.0,2.0,0.9868177613321,0.9127639310113608,0.8722807589738596,
Internet-Advertisements,XGBoost,Random Undersampling + Scaling,4,,2.790360599999985,0.3380075000004581,,,402.0,2320.0,218.0,11.0,0.991322217070504,0.9539013585213938,0.755802157997067,42.0,260.0,22.0,4.0,0.97059050262103,0.8662940319558787,0.7316666010555097,
Internet-Advertisements,XGBoost,Random Undersampling + Scaling,5,,2.915237700000944,0.3209578000005422,,,386.0,2480.0,58.0,27.0,0.9869647221792912,0.9528831409956792,0.88478644620345,44.0,276.0,6.0,2.0,0.9879740980573544,0.9598707623072472,0.903486216747631,
Internet-Advertisements,XGBoost,Random Undersampling + Scaling,6,,2.9523348000002443,0.2671225000012782,,,381.0,2492.0,46.0,32.0,0.9889991738170608,0.953974951681749,0.8919073182618426,39.0,279.0,3.0,7.0,0.9645390070921984,0.9254050276172432,0.8699988799246319,
Internet-Advertisements,XGBoost,Random Undersampling + Scaling,7,,3.018572299999505,0.3084577999998146,,,395.0,2434.0,104.0,18.0,0.9916251190142282,0.9556817886292148,0.8473052359143901,44.0,273.0,9.0,2.0,0.9936016034535924,0.9702473153632238,0.8722807589738596,
Internet-Advertisements,XGBoost,Random Undersampling + Scaling,8,,2.908504400000311,0.2290056999991065,,,393.0,2423.0,115.0,20.0,0.9875223479623048,0.9547087193195648,0.8328778143330771,45.0,257.0,25.0,1.0,0.990826395312982,0.9562146004154162,0.7539515976468723,
Internet-Advertisements,XGBoost,Random Undersampling + Scaling,9,,2.985843599999498,0.2185377000005246,,,391.0,2473.0,65.0,22.0,0.98739116995518,0.9504706035440644,0.8841370590561167,43.0,270.0,12.0,3.0,0.9663891458526056,0.9092438623280824,0.8293108354860192,
Internet-Advertisements,XGBoost,Random Undersampling + Scaling,10,,2.80177939999885,0.2024856000007275,,,400.0,2467.0,71.0,14.0,0.9941831028273622,0.9675040942865892,0.8896550370235249,38.0,274.0,8.0,7.0,0.9619779353821908,0.9114202483823546,0.8085914688146897,
Internet-Advertisements,GaussianNB,PCA,1,,3.727521100001468,0.4540435000017169,271.57973289489746,0.2781867980957031,199.0,2468.0,70.0,214.0,0.7527161002638825,0.4912789120390432,0.5475442862860733,20.0,279.0,3.0,26.0,0.7016651248843663,0.5351897956677913,0.5767708172619577,
Internet-Advertisements,GaussianNB,PCA,2,,4.82013089999964,0.32039269999950193,,,199.0,2472.0,66.0,214.0,0.7546522876490421,0.497001445730622,0.5531628497636086,22.0,274.0,8.0,24.0,0.7250231267345051,0.42825435033874615,0.5419298260513593,
Internet-Advertisements,GaussianNB,PCA,3,,5.134283699997468,0.29640110000036657,,,199.0,2471.0,67.0,214.0,0.7454140168709229,0.49500877530926,0.551747570075626,20.0,278.0,4.0,26.0,0.711763798951588,0.5557134267081904,0.5608264385265943,
Internet-Advertisements,GaussianNB,PCA,4,,6.111752999997407,0.26809559999674093,,,199.0,2472.0,66.0,214.0,0.7455299305281275,0.4876729501954398,0.5531628497636086,20.0,275.0,7.0,26.0,0.7626811594202899,0.5504001875045691,0.517940334724048,
Internet-Advertisements,GaussianNB,PCA,5,,6.71189929999673,0.2323781999948551,,,196.0,2472.0,66.0,217.0,0.7461238091422008,0.4839305116092792,0.5471501301129666,25.0,274.0,8.0,21.0,0.7791396854764105,0.5011351713962553,0.5946138535791594,
Internet-Advertisements,GaussianNB,PCA,6,,6.823816399999487,0.256755800000974,,,196.0,2471.0,67.0,217.0,0.743525530579263,0.4746725093581019,0.5457307293781029,25.0,275.0,7.0,21.0,0.7989515880357694,0.5884695054494985,0.6069622319960803,
Internet-Advertisements,GaussianNB,PCA,7,,7.0678853999997955,0.24617600000055972,,,202.0,2476.0,62.0,211.0,0.745718826858387,0.49826868557630494,0.5648521024956251,19.0,269.0,13.0,27.0,0.7756706753006475,0.4025062034528902,0.42942036627546704,
Internet-Advertisements,GaussianNB,PCA,8,,6.723880500001542,0.22428719999879831,,,197.0,2476.0,62.0,216.0,0.7401597414219124,0.4989533356372733,0.554904346027922,22.0,273.0,9.0,24.0,0.7087573234659267,0.5087850158656393,0.5298049628472248,
Internet-Advertisements,GaussianNB,PCA,9,,6.386182700000063,0.1917569000070216,,,195.0,2468.0,70.0,218.0,0.7451945918408234,0.48212074354203915,0.5394971326942463,24.0,279.0,3.0,22.0,0.7530064754856615,0.6504450835862073,0.6457210265551783,
Internet-Advertisements,GaussianNB,PCA,10,,6.094583599995531,0.16603159999795025,,,197.0,2475.0,63.0,217.0,0.7496778436366267,0.49906030006168683,0.5526118495687786,22.0,273.0,9.0,23.0,0.6831363278171788,0.4512472600798285,0.537397442475616,
Internet-Advertisements,GaussianNB,PCA + Scaling,1,,3.816986600002565,0.4457828000013251,240.9553928375244,4.150137901306152,362.0,2098.0,440.0,51.0,0.905734530058367,0.517164923587092,0.5483558419096203,42.0,226.0,56.0,4.0,0.9175146469318533,0.5095497065017689,0.5420078783439322,
Internet-Advertisements,GaussianNB,PCA + Scaling,2,,4.959722799998417,0.36752749999868684,,,369.0,2118.0,420.0,44.0,0.9098206057275657,0.5153947378069131,0.5706537103777959,37.0,233.0,49.0,9.0,0.8812827628738822,0.4851615054132486,0.4978435961100786,
Internet-Advertisements,GaussianNB,PCA + Scaling,3,,5.8115016000010655,0.3445304000051692,,,361.0,2099.0,439.0,52.0,0.911161483465847,0.5283550383801248,0.5472033083900045,44.0,236.0,46.0,2.0,0.9305041628122109,0.5723278843085702,0.617428360674168,
Internet-Advertisements,GaussianNB,PCA + Scaling,4,,6.496055700001307,0.27744650000386173,,,360.0,2101.0,437.0,53.0,0.9117825517032152,0.5321136720648725,0.5465740631770699,40.0,227.0,55.0,6.0,0.8961995066296639,0.48773673124595995,0.5163745385262704,
Internet-Advertisements,GaussianNB,PCA + Scaling,5,,6.942786600004183,0.26348919999873033,,,365.0,2082.0,456.0,48.0,0.9102198638801596,0.5269587627303303,0.545128467363599,39.0,236.0,46.0,7.0,0.8960067838421214,0.522789635370293,0.542618628309682,
Internet-Advertisements,GaussianNB,PCA + Scaling,6,,7.34533549999469,0.2977582999956212,,,364.0,2043.0,495.0,49.0,0.9018669253973979,0.4949704807773999,0.524167832921298,37.0,233.0,49.0,9.0,0.8562673450508789,0.4332541172314277,0.4978435961100786,
Internet-Advertisements,GaussianNB,PCA + Scaling,7,,7.594806499997503,0.23411090000445256,,,369.0,2078.0,460.0,44.0,0.9130132399155118,0.518220302901848,0.5497730617882801,43.0,237.0,45.0,3.0,0.9205982115325315,0.55652857282555,0.6075399452971073,
Internet-Advertisements,GaussianNB,PCA + Scaling,8,,7.283407599999919,0.24210060000041267,,,364.0,2067.0,471.0,49.0,0.9101850420819048,0.5220358533720323,0.5359072949593995,39.0,222.0,60.0,7.0,0.8957755164970707,0.4895633067505692,0.48037785561455365,
Internet-Advertisements,GaussianNB,PCA + Scaling,9,,6.977476000000024,0.20928189999540336,,,366.0,2103.0,435.0,47.0,0.9113861556162314,0.5239319201542821,0.557663432837088,42.0,218.0,64.0,4.0,0.900709219858156,0.4730754309982165,0.5093978607543506,
Internet-Advertisements,GaussianNB,PCA + Scaling,10,,6.637263500000699,0.18936540000140667,,,356.0,2081.0,457.0,58.0,0.9024889315258315,0.5109940912192171,0.5284479837467272,38.0,240.0,42.0,7.0,0.9009456264775414,0.5560133743886927,0.5573649338197211,
Internet-Advertisements,LogisticRegression,PCA,1,True,3.6292557999986457,0.4552019999973709,271.40328311920166,0.2782440185546875,197.0,2490.0,48.0,216.0,0.7686158287492582,0.49978704700013715,0.5759967248586767,20.0,280.0,2.0,26.0,0.7445266728337959,0.5448952261962283,0.5936916335027586,
Internet-Advertisements,LogisticRegression,PCA,2,True,5.030764000002819,0.35148649999609916,,,195.0,2491.0,47.0,218.0,0.7728426226442815,0.5135255626884769,0.5736098332368695,22.0,275.0,7.0,24.0,0.7126117792167745,0.42870414413678976,0.5546090564214179,
Internet-Advertisements,LogisticRegression,PCA,3,True,5.603063099995779,0.29707410000264645,,,197.0,2491.0,47.0,216.0,0.7695545862693357,0.4988699399344482,0.5775655737285206,20.0,279.0,3.0,26.0,0.7296484736355227,0.5573985840788762,0.5767708172619577,
Internet-Advertisements,LogisticRegression,PCA,4,True,6.109513799994602,0.2679031000006944,,,197.0,2489.0,49.0,216.0,0.7643337015857752,0.49842406210024887,0.5744365367199346,20.0,280.0,2.0,26.0,0.7939022510021585,0.5619422049723628,0.5936916335027586,
Internet-Advertisements,LogisticRegression,PCA,5,True,6.6848360000003595,0.2673905999981798,,,192.0,2494.0,44.0,221.0,0.7635337542477824,0.5033890524126792,0.5724346294114173,25.0,275.0,7.0,21.0,0.8061979648473635,0.5092840338903317,0.6069622319960803,
Internet-Advertisements,LogisticRegression,PCA,6,True,6.869015800002671,0.23862989999906858,,,193.0,2493.0,45.0,220.0,0.7617969574334522,0.4940628815433499,0.5728174393212858,24.0,277.0,5.0,22.0,0.8105920444033303,0.5945025859538653,0.6164627696163261,
Internet-Advertisements,LogisticRegression,PCA,7,True,6.897074200001953,0.18390119999821763,,,198.0,2493.0,45.0,215.0,0.7671518821897473,0.5193052209007001,0.5826963815765969,19.0,272.0,10.0,27.0,0.7676534073388837,0.4308852634327159,0.4618284866290555,
Internet-Advertisements,LogisticRegression,PCA,8,True,6.880565200001001,0.1832284000047366,,,195.0,2494.0,44.0,218.0,0.7668446871476082,0.5014055695469506,0.5783824977333989,22.0,276.0,6.0,24.0,0.7551649707061363,0.5234004737301873,0.5678911254650151,
Internet-Advertisements,LogisticRegression,PCA,9,True,6.609537199998158,0.18770070000027772,,,194.0,2490.0,48.0,219.0,0.7645688679767295,0.4918218958698501,0.5700499464276817,23.0,281.0,1.0,23.0,0.788236201048412,0.6612225965989853,0.6619725557388687,
Internet-Advertisements,LogisticRegression,PCA,10,True,6.371539799998573,0.18311679999897024,,,195.0,2491.0,47.0,219.0,0.7653002858959279,0.5116193175145973,0.572754316308035,22.0,274.0,8.0,23.0,0.7279747832939322,0.43955606720589724,0.5495921794443677,
Internet-Advertisements,LogisticRegression,PCA + Scaling,1,True,3.830901499997708,0.4454113000028883,240.9587640762329,4.142868995666504,362.0,2531.0,7.0,51.0,0.9846311846852778,0.9661390772905489,0.9164722636866469,37.0,278.0,4.0,9.0,0.9577551649707061,0.9203893108424415,0.8296358657834666,
Internet-Advertisements,LogisticRegression,PCA + Scaling,2,True,5.518892399995821,0.33270469999843044,,,363.0,2528.0,10.0,50.0,0.9905847581649961,0.9726234518512865,0.9135457312100047,36.0,279.0,3.0,10.0,0.9385599753314832,0.8756495980397455,0.8281764793926392,
Internet-Advertisements,LogisticRegression,PCA + Scaling,3,True,6.103497800002515,0.3503276999981608,,,358.0,2527.0,11.0,55.0,0.9893974779477844,0.9684617995220434,0.9046604370522007,43.0,280.0,2.0,3.0,0.9850447116867098,0.8987942042485286,0.9362828372139081,
Internet-Advertisements,LogisticRegression,PCA + Scaling,4,True,7.074391499998455,0.3135335000042687,,,363.0,2533.0,5.0,50.0,0.9847451902987424,0.9663505933653855,0.9209091116110559,40.0,279.0,3.0,6.0,0.953245451742214,0.919783737551064,0.8836962790513284,
Internet-Advertisements,LogisticRegression,PCA + Scaling,5,True,8.165582499997981,0.25233599999774015,,,357.0,2530.0,8.0,56.0,0.9883671343281872,0.9709073669545821,0.9075942646846794,36.0,281.0,1.0,10.0,0.9539777983348751,0.9169920956273291,0.8551227631082602,
Internet-Advertisements,LogisticRegression,PCA + Scaling,6,True,7.397945900003833,0.2761802000022726,,,363.0,2532.0,6.0,50.0,0.9893893687618895,0.9722104504287695,0.9194252203452585,35.0,279.0,3.0,11.0,0.9600678384212149,0.9033149947852374,0.8139689398307893,
Internet-Advertisements,LogisticRegression,PCA + Scaling,7,True,7.831335700000636,0.2596246000030078,,,362.0,2534.0,4.0,51.0,0.9871808081328456,0.9705834923472525,0.9209306697749816,41.0,280.0,2.0,5.0,0.9853530681467777,0.9591405778720012,0.9097106731932092,
Internet-Advertisements,LogisticRegression,PCA + Scaling,8,True,7.631848099998024,0.1921682999964105,,,364.0,2524.0,14.0,49.0,0.9893407136465195,0.970541945110063,0.9092424577089001,35.0,279.0,3.0,11.0,0.9793401171754549,0.9305492500652165,0.8139689398307893,
Internet-Advertisements,LogisticRegression,PCA + Scaling,9,True,7.395510100002866,0.2990858999983175,,,360.0,2530.0,8.0,53.0,0.9904860169014515,0.9695368924787384,0.9120399306288495,39.0,279.0,3.0,7.0,0.9811902559358618,0.9511892931615479,0.8699988799246319,
Internet-Advertisements,LogisticRegression,PCA + Scaling,10,True,7.115657300004386,0.1749818999960553,,,363.0,2529.0,9.0,51.0,0.9916919823513513,0.9759374362714103,0.9137154256149748,34.0,280.0,2.0,11.0,0.9719464144996061,0.9111447094830186,0.8237655188601344,
Internet-Advertisements,KNN,PCA,1,,3.63462819999404,0.45599919999949634,271.41456031799316,0.37652587890625,338.0,2511.0,27.0,75.0,0.9808694764518782,0.9251916865172976,0.8512251410102167,31.0,277.0,5.0,15.0,0.9399861239592969,0.8419689780875986,0.7289294030338223,
Internet-Advertisements,KNN,PCA,2,,4.980038299996522,0.3485374000010779,,,342.0,2509.0,29.0,71.0,0.9817753202174407,0.929299739166288,0.8546056540798291,35.0,276.0,6.0,11.0,0.9207138452050571,0.8317899679485319,0.7765391703733248,
Internet-Advertisements,KNN,PCA,3,,6.410050099999353,0.33437509999930626,,,340.0,2506.0,32.0,73.0,0.979859167291551,0.9246727083450779,0.8473243497244395,42.0,275.0,7.0,4.0,0.9663891458526055,0.8615203990071434,0.8652154366173157,
Internet-Advertisements,KNN,PCA,4,,6.944342900002084,0.2540833999955794,,,348.0,2497.0,41.0,65.0,0.9812300967187372,0.9271535963673304,0.8475759096400975,38.0,273.0,9.0,8.0,0.9423373419673142,0.8496935913244484,0.7870747618257055,
Internet-Advertisements,KNN,PCA,5,,6.868863600000623,0.21803429999999935,,,342.0,2503.0,35.0,71.0,0.9794346275594022,0.9133142587636898,0.8463083119270963,34.0,273.0,9.0,12.0,0.9417977181621956,0.8306583863391046,0.7276099142000437,
Internet-Advertisements,KNN,PCA,6,,7.335342800004582,0.28867470000113826,,,339.0,2511.0,27.0,74.0,0.9824617389529038,0.9233206004542653,0.8527744657352682,40.0,279.0,3.0,6.0,0.9442645698427383,0.8655698107576082,0.8836962790513284,
Internet-Advertisements,KNN,PCA,7,,7.402835300003062,0.21219969999947352,,,340.0,2503.0,35.0,73.0,0.9778814799550465,0.9203967958601338,0.8431882269209661,41.0,271.0,11.0,5.0,0.9855457909343202,0.9069085680320257,0.8102860221700722,
Internet-Advertisements,KNN,PCA,8,,7.4189428000026965,0.2547984000048018,,,348.0,2505.0,33.0,65.0,0.9839085131187546,0.9315847416130398,0.8583554120358093,36.0,272.0,10.0,10.0,0.9269966080789392,0.8337243904017273,0.7471477027443725,
Internet-Advertisements,KNN,PCA,9,,6.834402100001171,0.17777319999731844,,,342.0,2503.0,35.0,71.0,0.979846765007241,0.9249515934659513,0.8463083119270963,39.0,275.0,7.0,7.0,0.9663120567375887,0.8834738609072699,0.8230033919210608,
Internet-Advertisements,KNN,PCA,10,,6.738647500002116,0.16732679999404354,,,343.0,2509.0,29.0,71.0,0.981589501414252,0.933951756815542,0.8549233156805524,33.0,276.0,6.0,12.0,0.8937746256895193,0.7230047560936055,0.7568622836801538,
Internet-Advertisements,KNN,PCA + Scaling,1,,3.845075299999735,0.47774699999717996,240.95991611480713,11.412510871887207,309.0,2533.0,5.0,104.0,0.9744226736653712,0.9281570092949021,0.8395843171858693,33.0,282.0,0.0,13.0,0.9164353993216157,0.8428476745947584,0.8281168095491854,
Internet-Advertisements,KNN,PCA + Scaling,2,,5.6851919000037014,0.4527072999990196,,,323.0,2528.0,10.0,90.0,0.9697846963443788,0.9285069023350256,0.8532432735099355,30.0,280.0,2.0,16.0,0.8991288930003083,0.7835197252144146,0.754913786763258,
Internet-Advertisements,KNN,PCA + Scaling,3,,6.901389099999506,0.34769409999717027,,,307.0,2529.0,9.0,106.0,0.9755193218049331,0.9279831488677384,0.8300391069569123,37.0,280.0,2.0,9.0,0.9858156028368794,0.954275090409767,0.8553026912201592,
Internet-Advertisements,KNN,PCA + Scaling,4,,7.321796199998062,0.36756839999725344,,,300.0,2531.0,7.0,113.0,0.9613382637183575,0.911350556615727,0.8223183665491136,35.0,282.0,0.0,11.0,0.9325470243601602,0.8826819168812806,0.8557479162791201,
Internet-Advertisements,KNN,PCA + Scaling,5,,8.169391300005373,0.28635270000086166,,,301.0,2532.0,6.0,112.0,0.972307130168652,0.9258539079038044,0.8255176186340414,30.0,281.0,1.0,16.0,0.9376349059512797,0.8551804346616716,0.7699100099130481,
Internet-Advertisements,KNN,PCA + Scaling,6,,8.532514300000912,0.3735393000024487,,,318.0,2533.0,5.0,95.0,0.9776606238921421,0.9382805467865768,0.8534367778978666,28.0,280.0,2.0,18.0,0.9373650940487204,0.8569219310205524,0.724677923664292,
Internet-Advertisements,KNN,PCA + Scaling,7,,8.171588299999712,0.2931772999945679,,,306.0,2530.0,8.0,107.0,0.9660043846845144,0.9152679161702744,0.8300815576313868,32.0,281.0,1.0,14.0,0.950354609929078,0.8901762504207109,0.7989289400529321,
Internet-Advertisements,KNN,PCA + Scaling,8,,8.060671600003843,0.3346421000023838,,,303.0,2535.0,3.0,110.0,0.9654486669452411,0.9189487920835059,0.8335652101791089,29.0,280.0,2.0,17.0,0.9098057354301573,0.8032745527315021,0.7398968790298203,
Internet-Advertisements,KNN,PCA + Scaling,9,,7.747133800003212,0.31982280000374885,,,316.0,2530.0,8.0,97.0,0.9714699759777293,0.9213291129494179,0.845595149737425,31.0,281.0,1.0,15.0,0.9848905334566759,0.9463005920820078,0.7845040977166936,
Internet-Advertisements,KNN,PCA + Scaling,10,,7.433344700002635,0.27594849999877624,,,321.0,2531.0,7.0,93.0,0.9715978955623319,0.9288150070471762,0.8536586205238581,31.0,276.0,6.0,14.0,0.9118203309692672,0.8094287120771455,0.7260311847452067,
Internet-Advertisements,SVM,PCA,1,False,3.7220051000040257,0.4363136999963899,271.41327571868896,0.2994565963745117,193.0,2520.0,18.0,220.0,0.7856289007569209,0.6278565609944239,0.619683532535589,19.0,281.0,1.0,27.0,0.7952513105149553,0.6308683784021192,0.594243226729987,
Internet-Advertisements,SVM,PCA,2,False,5.610360500002571,0.4121153000014601,,,191.0,2521.0,17.0,222.0,0.6913920514713878,0.5674721841877757,0.6177652456553332,21.0,279.0,3.0,25.0,0.7312673450508789,0.5976263334424426,0.5945418109306858,
Internet-Advertisements,SVM,PCA,3,False,6.653515199999674,0.2849740000019665,,,191.0,2520.0,18.0,222.0,0.7577437955187685,0.6374128925553582,0.615865063569918,19.0,280.0,2.0,27.0,0.7318840579710144,0.5556334536434737,0.575835651467809,
Internet-Advertisements,SVM,PCA,4,False,7.121331200003624,0.30867230000148993,,,193.0,2519.0,19.0,220.0,0.7147875297893329,0.5839144678174449,0.6178037547694234,19.0,281.0,1.0,27.0,0.6471245760098674,0.5281916611851376,0.594243226729987,
Internet-Advertisements,SVM,PCA,5,False,7.177170799994201,0.23972540000249865,,,188.0,2519.0,19.0,225.0,0.7898294590505193,0.6466209539791896,0.6082046231453987,24.0,281.0,1.0,22.0,0.8215386987357385,0.6789720925149753,0.6781155752373896,
Internet-Advertisements,SVM,PCA,6,False,7.453535299995565,0.20912409999436932,,,188.0,2521.0,17.0,225.0,0.7842985172592097,0.6455811618673462,0.6120169738686224,24.0,279.0,3.0,22.0,0.8216157878507555,0.709930737810435,0.6457210265551783,
Internet-Advertisements,SVM,PCA,7,False,7.47530839999672,0.27754770000319695,,,193.0,2520.0,18.0,220.0,0.7346655294725977,0.5988952382416934,0.619683532535589,19.0,280.0,2.0,27.0,0.6320536540240518,0.509386154771144,0.575835651467809,
Internet-Advertisements,SVM,PCA,8,False,7.247967800001788,0.2995777000032831,,,188.0,2522.0,16.0,225.0,0.7407970280310705,0.6025545858074043,0.6139423724646578,22.0,279.0,3.0,24.0,0.7264878199198274,0.6088618189911618,0.6119382742323721,
Internet-Advertisements,SVM,PCA,9,False,7.273813699997845,0.2055199000024004,,,191.0,2519.0,19.0,222.0,0.7397156442414285,0.5983895445783258,0.6139773354431745,21.0,281.0,1.0,25.0,0.7420598211532531,0.6502747104135976,0.6287909225779037,
Internet-Advertisements,SVM,PCA,10,False,6.744201800000155,0.2944344999996247,,,190.0,2521.0,17.0,224.0,0.7810978441695884,0.6352249641782315,0.614975273835713,22.0,279.0,3.0,23.0,0.7758077226162332,0.5674748695214545,0.6200302104239239,
Internet-Advertisements,SVM,PCA + Scaling,1,False,4.046088899995084,0.49407509999582544,240.94900703430176,6.854456901550293,332.0,2535.0,3.0,81.0,0.9658760687429999,0.9422810912058878,0.8778666040925807,32.0,282.0,0.0,14.0,0.9644619179771816,0.9287188342534606,0.8140944086701292,
Internet-Advertisements,SVM,PCA + Scaling,2,False,6.324260699999286,0.4673432999989018,,,337.0,2536.0,2.0,76.0,0.9681881407449385,0.9456475882340484,0.8869407973247929,29.0,282.0,0.0,17.0,0.9091890225100215,0.8548334161755157,0.7710970526035966,
Internet-Advertisements,SVM,PCA + Scaling,3,False,7.0080191000015475,0.4339953999951831,,,336.0,2536.0,2.0,77.0,0.9640815536055348,0.940046832014088,0.8854440815698842,37.0,282.0,0.0,9.0,0.9744835029293865,0.9619057907151398,0.882876599076943,
Internet-Advertisements,SVM,PCA + Scaling,4,False,7.81563499999902,0.3940606999967713,,,336.0,2537.0,1.0,77.0,0.9526194578484518,0.9361397153418961,0.8870169857543023,36.0,281.0,1.0,10.0,0.9494680851063829,0.9185430097331365,0.8551227631082602,
Internet-Advertisements,SVM,PCA + Scaling,5,False,8.520016900001792,0.3952264000035939,,,341.0,2536.0,2.0,72.0,0.9638945653190154,0.9434563506005721,0.892913967387255,34.0,281.0,1.0,12.0,0.9688559975331483,0.934905010432565,0.8273096876530257,
Internet-Advertisements,SVM,PCA + Scaling,6,False,8.807920400002331,0.35029280000162544,,,339.0,2537.0,1.0,74.0,0.9682635084726683,0.9490504592130383,0.8914953187234699,25.0,281.0,1.0,21.0,0.9366327474560593,0.874337934375027,0.693988896414517,
Internet-Advertisements,SVM,PCA + Scaling,7,False,8.719405000003462,0.3154017999986536,,,329.0,2537.0,1.0,84.0,0.9574038775264884,0.9318366251680181,0.8765190134173124,35.0,282.0,0.0,11.0,0.9664662349676226,0.94698585123003,0.8557479162791201,
Internet-Advertisements,SVM,PCA + Scaling,8,False,8.659058900004311,0.3334820999953081,,,332.0,2537.0,1.0,81.0,0.9687853584355568,0.943448102121225,0.881026581057285,32.0,282.0,0.0,14.0,0.9580635214307739,0.9007029489793374,0.8140944086701292,
Internet-Advertisements,SVM,PCA + Scaling,9,False,8.575418000000354,0.35282220000226516,,,334.0,2535.0,3.0,79.0,0.9621248547501703,0.9376227877720494,0.8808749742099085,34.0,282.0,0.0,12.0,0.9527443724946038,0.915498764349146,0.841998720668748,
Internet-Advertisements,SVM,PCA + Scaling,10,False,8.119986300000164,0.3408153999989736,,,341.0,2537.0,1.0,73.0,0.9724120898573567,0.9524369916422633,0.8932209734298779,27.0,281.0,1.0,18.0,0.9368006304176517,0.8812838744955876,0.7343330660506686,
Internet-Advertisements,RandomForest,PCA,1,,4.407812600002217,0.45399589999578893,271.4129295349121,2.4273929595947266,399.0,2530.0,8.0,14.0,0.9884816169525871,0.9774679202843428,0.9688769784036317,37.0,282.0,0.0,9.0,0.9639608387295714,0.9257630003894297,0.882876599076943,
Internet-Advertisements,RandomForest,PCA,2,,5.215577099996153,0.31088580000505317,,,399.0,2531.0,7.0,14.0,0.9883971860170923,0.9766135752249366,0.9702756869895212,34.0,280.0,2.0,12.0,0.9298103607770583,0.870497851390973,0.8131947381589727,
Internet-Advertisements,RandomForest,PCA,3,,5.9114082000014605,0.33358839999709744,,,396.0,2534.0,4.0,17.0,0.9848010005781372,0.9729750820723037,0.9702112490556155,42.0,279.0,3.0,4.0,0.9675840271353686,0.8947898468101464,0.9107634113699525,
Internet-Advertisements,RandomForest,PCA,4,,6.413226399999985,0.31391639999492327,,,400.0,2530.0,8.0,13.0,0.9865912226171873,0.9775349083045152,0.9703128499332477,40.0,278.0,4.0,6.0,0.958950046253469,0.9135411036074208,0.8715202244932119,
Internet-Advertisements,RandomForest,PCA,5,,7.005094700005429,0.2869626999963657,,,394.0,2527.0,11.0,19.0,0.9880771116797082,0.9744089402597076,0.9574866843281301,38.0,279.0,3.0,8.0,0.9581791551032994,0.8935587530200853,0.8561842134885375,
Internet-Advertisements,RandomForest,PCA,6,,7.221008200001961,0.18184360000304878,,,399.0,2531.0,7.0,14.0,0.9882922436113926,0.9794378244180577,0.9702756869895212,40.0,279.0,3.0,6.0,0.9592969472710453,0.9027053363948696,0.8836962790513284,
Internet-Advertisements,RandomForest,PCA,7,,7.233676699994248,0.197775399996317,,,395.0,2529.0,9.0,18.0,0.9929154335933996,0.9804750888972819,0.9617218877032565,41.0,280.0,2.0,5.0,0.9907493061979648,0.9393458351983643,0.9097106731932092,
Internet-Advertisements,RandomForest,PCA,8,,6.97829179999826,0.29760719999467256,,,399.0,2530.0,8.0,14.0,0.9890969610587355,0.9769173011334555,0.9688769784036317,40.0,279.0,3.0,6.0,0.9417206290471787,0.8938760406009504,0.8836962790513284,
Internet-Advertisements,RandomForest,PCA,9,,6.70107779999671,0.22112319999723695,,,395.0,2529.0,9.0,18.0,0.9898430061610733,0.9759947198617518,0.9617218877032565,41.0,279.0,3.0,5.0,0.9771816219549799,0.9514443182240468,0.8972825382669838,
Internet-Advertisements,RandomForest,PCA,10,,6.426630499998282,0.21359099999972386,,,399.0,2529.0,9.0,15.0,0.9893702675848836,0.9760002250536415,0.9661153979820158,34.0,277.0,5.0,11.0,0.9059101654846334,0.8388199647579746,0.7842520542383002,
Internet-Advertisements,RandomForest,PCA + Scaling,1,,8.570622499995807,0.4747988000017358,240.96075439453125,5.677842140197754,355.0,2533.0,5.0,58.0,0.9845553399466127,0.9647830619013125,0.9091125794630066,38.0,280.0,2.0,8.0,0.9765263644773359,0.941595666934308,0.8690771920007697,
Internet-Advertisements,RandomForest,PCA + Scaling,2,,11.822055700002238,0.27208010000322247,,,364.0,2533.0,5.0,49.0,0.9880065140613283,0.9674040438392333,0.9223781770038701,34.0,282.0,0.0,12.0,0.9628815911193339,0.9103367020940822,0.841998720668748,
Internet-Advertisements,RandomForest,PCA + Scaling,3,,12.002512899998692,0.24040039999817964,,,358.0,2533.0,5.0,55.0,0.9865239640753525,0.9636488649594563,0.9135455559828917,41.0,281.0,1.0,5.0,0.9868948504471168,0.9646413673149609,0.9225512984541492,
Internet-Advertisements,RandomForest,PCA + Scaling,4,,12.167092199997569,0.2871776999963913,,,362.0,2533.0,5.0,51.0,0.9843521332883034,0.9642619794630483,0.919438840497048,37.0,279.0,3.0,9.0,0.9683549182855381,0.9246909388166572,0.8422457425489387,
Internet-Advertisements,RandomForest,PCA + Scaling,5,,12.70188419999613,0.2980615999986185,,,361.0,2534.0,4.0,52.0,0.9871192737222308,0.9658926010463094,0.9194614486161453,36.0,281.0,1.0,10.0,0.9796484736355227,0.9535686772518644,0.8551227631082602,
Internet-Advertisements,RandomForest,PCA + Scaling,6,,12.807452500004729,0.25510550000035437,,,361.0,2533.0,5.0,52.0,0.9845596330450279,0.963551216553099,0.9179673565558636,36.0,280.0,2.0,10.0,0.9549414122725872,0.9036526978663744,0.8414023360766276,
Internet-Advertisements,RandomForest,PCA + Scaling,7,,12.820169300000998,0.22967480000079377,,,356.0,2533.0,5.0,57.0,0.9858437464820441,0.9667934850249548,0.9105914923286884,39.0,280.0,2.0,7.0,0.9882824545174222,0.9592065383671681,0.8827325611936084,
Internet-Advertisements,RandomForest,PCA + Scaling,8,,12.190669399999024,0.30956000000151107,,,357.0,2532.0,6.0,56.0,0.9851091496421464,0.9621761436321752,0.9105717479771628,36.0,281.0,1.0,10.0,0.9823851372186247,0.9387383695579944,0.8551227631082602,
Internet-Advertisements,RandomForest,PCA + Scaling,9,,11.770042600001034,0.19341650000569643,,,355.0,2535.0,3.0,58.0,0.9840940703724693,0.9619562250837363,0.9121341830192556,41.0,281.0,1.0,5.0,0.9775285229725562,0.9525903351869621,0.9225512984541492,
Internet-Advertisements,RandomForest,PCA + Scaling,10,,11.760721500002546,0.18362809999962337,,,365.0,2533.0,5.0,49.0,0.9882229721755881,0.9677839466052457,0.9225459201929651,36.0,277.0,5.0,9.0,0.9616627265563436,0.9169159350724347,0.8137898445619975,
Internet-Advertisements,MLP,PCA,1,True,4.763063200000033,0.42022309999447316,271.4020166397095,0.2992734909057617,199.0,2506.0,32.0,214.0,0.885245956378304,0.726366692909326,0.6060631337846546,20.0,279.0,3.0,26.0,0.8805118717237126,0.7158924755114964,0.5767708172619577,
Internet-Advertisements,MLP,PCA,2,True,6.063226599995687,0.45391489999747137,,,193.0,2515.0,23.0,220.0,0.8578507413703952,0.7163376593034375,0.610404683766256,22.0,278.0,4.0,24.0,0.8069688559975331,0.6825462017513647,0.5964895997166465,
Internet-Advertisements,MLP,PCA,3,True,7.656461399994441,0.29976470000110567,,,194.0,2514.0,24.0,219.0,0.8791535727165011,0.7262199876721841,0.6105094843287564,21.0,280.0,2.0,25.0,0.8689485044711686,0.6775531632267768,0.6111548281783376,
Internet-Advertisements,MLP,PCA,4,True,7.383420700003626,0.2699348000023747,,,195.0,2508.0,30.0,218.0,0.8720961959331957,0.7207591721591554,0.6017835329416377,20.0,277.0,5.0,26.0,0.8784690101757632,0.6895025489878994,0.5457609732273546,
Internet-Advertisements,MLP,PCA,5,True,7.834282499999972,0.270675100000517,,,194.0,2511.0,27.0,219.0,0.881673144475164,0.722543416266552,0.6051266449040813,25.0,279.0,3.0,21.0,0.883518347209374,0.7380619838285861,0.6621564539834994,
Internet-Advertisements,MLP,PCA,6,True,8.30220659999759,0.2579885999948601,,,185.0,2526.0,12.0,228.0,0.8944174456255236,0.7331881334922209,0.6160542882866353,23.0,277.0,5.0,23.0,0.8956213382670367,0.6919170727055007,0.5993129016378432,
Internet-Advertisements,MLP,PCA,7,True,8.21063910000521,0.24380680000467692,,,203.0,2502.0,36.0,210.0,0.893165768932087,0.7321520633568228,0.6070239192405791,19.0,277.0,5.0,27.0,0.8960067838421215,0.6921135176845156,0.5271110661225029,
Internet-Advertisements,MLP,PCA,8,True,7.89722559999791,0.23071580000396352,,,197.0,2511.0,27.0,216.0,0.8583659131801937,0.718055282965684,0.6109066891243462,22.0,278.0,4.0,24.0,0.8615479494295406,0.7073243692544606,0.5964895997166465,
Internet-Advertisements,MLP,PCA,9,True,7.788628800000879,0.2916960000002291,,,188.0,2526.0,12.0,225.0,0.8885039410643449,0.7282683944983769,0.6217758045871756,22.0,281.0,1.0,24.0,0.9101911810052421,0.7888620287737735,0.6455388390947174,
Internet-Advertisements,MLP,PCA,10,True,7.246681799995713,0.2788940000027651,,,189.0,2526.0,12.0,225.0,0.8917673583749235,0.730246647569296,0.6227915859641272,21.0,282.0,0.0,24.0,0.8602836879432624,0.7346250052864938,0.6557936866706816,
Internet-Advertisements,MLP,PCA + Scaling,1,True,6.625717399998393,0.47253839999757474,240.95635223388672,5.139365196228027,380.0,2531.0,7.0,33.0,0.993592312110163,0.9814846537336023,0.9428358615114153,38.0,280.0,2.0,8.0,0.9608387295713845,0.9240044318536669,0.8690771920007697,
Internet-Advertisements,MLP,PCA + Scaling,2,True,19.783852400003525,0.2497371999997995,,,382.0,2534.0,4.0,31.0,0.9921817907753716,0.9804212903979713,0.9500712248875776,36.0,278.0,4.0,10.0,0.9309281529448042,0.8758911927520492,0.8154142930971077,
Internet-Advertisements,MLP,PCA + Scaling,3,True,18.993237599999702,0.24304639999900246,,,386.0,2530.0,8.0,27.0,0.991342728540709,0.9805652079363657,0.9501177865546013,44.0,278.0,4.0,2.0,0.9885908109774899,0.9296573913049551,0.9257852067961836,
Internet-Advertisements,MLP,PCA + Scaling,4,True,13.3152728999994,0.31835100000171224,,,375.0,2534.0,4.0,38.0,0.9905914363180861,0.9786182628180868,0.9399234439072327,39.0,280.0,2.0,7.0,0.9687403638606229,0.9220556424165676,0.8827325611936084,
Internet-Advertisements,MLP,PCA + Scaling,5,True,18.268432900003972,0.3383994999967399,,,391.0,2530.0,8.0,22.0,0.9924656122816959,0.9841560636659645,0.9573536250977772,40.0,278.0,4.0,6.0,0.9602991057662659,0.9099715665691732,0.8715202244932119,
Internet-Advertisements,MLP,PCA + Scaling,6,True,16.92467619999661,0.38443760000518523,,,383.0,2531.0,7.0,30.0,0.9955246834078424,0.9865800667093022,0.9471939123213945,37.0,279.0,3.0,9.0,0.9680851063829787,0.9274773330359813,0.8422457425489387,
Internet-Advertisements,MLP,PCA + Scaling,7,True,16.607099600005313,0.3739944999979343,,,379.0,2530.0,8.0,34.0,0.9898864141561583,0.9805766245378572,0.9399422922525213,41.0,280.0,2.0,5.0,0.9910576626580327,0.9707356187258052,0.9097106731932092,
Internet-Advertisements,MLP,PCA + Scaling,8,True,17.473309599998174,0.28463210000336403,,,378.0,2531.0,7.0,35.0,0.9954531317675926,0.9863606943510035,0.9399249749375522,39.0,279.0,3.0,7.0,0.9882824545174221,0.9583218997158994,0.8699988799246319,
Internet-Advertisements,MLP,PCA + Scaling,9,True,17.851082200002566,0.2708691000007093,,,383.0,2530.0,8.0,30.0,0.9957512636019668,0.9849529675422544,0.9457634352038459,41.0,281.0,1.0,5.0,0.9946808510638299,0.976262118237326,0.9225512984541492,
Internet-Advertisements,MLP,PCA + Scaling,10,True,17.474751900001138,0.2584166999949957,,,380.0,2534.0,4.0,34.0,0.9929472976934175,0.985568449454148,0.945844544048274,36.0,277.0,5.0,9.0,0.9665090622537431,0.915468843315461,0.8137898445619975,
Internet-Advertisements,XGBoost,PCA,1,,3.655772199999774,0.4017437999937101,271.40361976623535,0.4541139602661133,360.0,2529.0,9.0,53.0,0.9894294376804293,0.9721263330392609,0.9105663503694238,35.0,281.0,1.0,11.0,0.9624190564292323,0.9269404638992675,0.8412831832006895,
Internet-Advertisements,XGBoost,PCA,2,,5.225496099999873,0.4204243999993196,,,367.0,2521.0,17.0,46.0,0.989589713354589,0.9711608196482121,0.9094363329201859,38.0,277.0,5.0,8.0,0.920868023435091,0.8759088632176334,0.8316674907675669,
Internet-Advertisements,XGBoost,PCA,3,,5.448952999999165,0.3068501000016113,,,353.0,2523.0,15.0,60.0,0.98561335020044,0.9643345973602838,0.891345175003701,42.0,280.0,2.0,4.0,0.9668516805427074,0.9010357752251212,0.9230448520407557,
Internet-Advertisements,XGBoost,PCA,4,,6.2921687999987626,0.2830383999971673,,,362.0,2523.0,15.0,51.0,0.9884773238541721,0.967338172327427,0.9048281915461623,39.0,279.0,3.0,7.0,0.9685476410730804,0.9209564153041824,0.8699988799246319,
Internet-Advertisements,XGBoost,PCA,5,,6.814755100000184,0.24519760000112,,,359.0,2521.0,17.0,54.0,0.990244172357407,0.9685123989835616,0.8974767009627375,36.0,278.0,4.0,10.0,0.9451896392229417,0.8588118576940478,0.8154142930971077,
Internet-Advertisements,XGBoost,PCA,6,,7.091115000002901,0.2775478999974439,,,365.0,2527.0,11.0,48.0,0.9891317828569902,0.9724922083813946,0.9150525812566873,40.0,278.0,4.0,6.0,0.960800185013876,0.9230649744853451,0.8715202244932119,
Internet-Advertisements,XGBoost,PCA,7,,7.14511649999622,0.19144260000030044,,,359.0,2517.0,21.0,54.0,0.991780147568103,0.9679832103109643,0.8918023683980324,39.0,279.0,3.0,7.0,0.973250077089115,0.9301316024823548,0.8699988799246319,
Internet-Advertisements,XGBoost,PCA,8,,6.847117899997102,0.22748870000214083,,,367.0,2515.0,23.0,46.0,0.9888045533555812,0.9656905061481473,0.901048209519939,38.0,275.0,7.0,8.0,0.9421446191797718,0.8719044006838079,0.8086857079941301,
Internet-Advertisements,XGBoost,PCA,9,,6.723422600000049,0.19442939999862574,,,364.0,2522.0,16.0,49.0,0.9894594893693343,0.9639705499589922,0.9063829733226481,40.0,280.0,2.0,6.0,0.9804964539007092,0.955432414397519,0.8962750891893905,
Internet-Advertisements,XGBoost,PCA,10,,6.412798700002895,0.18981720000010682,,,373.0,2524.0,14.0,41.0,0.9890048080766551,0.9723140781630348,0.9212726261451561,34.0,281.0,1.0,11.0,0.8866036249014972,0.8461873517466314,0.8379703744450798,
Internet-Advertisements,XGBoost,PCA + Scaling,1,,5.60095359999832,0.421946399997978,240.9437255859375,4.283519744873047,365.0,2530.0,8.0,48.0,0.9918693486129476,0.9771525522836442,0.9194244474544293,40.0,280.0,2.0,6.0,0.9835800185013877,0.9536500796725519,0.8962750891893905,
Internet-Advertisements,XGBoost,PCA + Scaling,2,,9.915431399997033,0.34730649999983143,,,368.0,2532.0,6.0,45.0,0.9909506255521402,0.9759552931449901,0.9267696681856306,36.0,281.0,1.0,10.0,0.9741751464693185,0.9254043519962192,0.8551227631082602,
Internet-Advertisements,XGBoost,PCA + Scaling,3,,10.565804699996079,0.2853241999982856,,,365.0,2531.0,7.0,48.0,0.9934945248684881,0.9778577089284449,0.920892738129014,41.0,280.0,2.0,5.0,0.9908263953129818,0.9688529410433431,0.9097106731932092,
Internet-Advertisements,XGBoost,PCA + Scaling,4,,10.954657200003567,0.23330970000097295,,,369.0,2531.0,7.0,44.0,0.9879821865036436,0.9755937945124284,0.9267698347859872,38.0,279.0,3.0,8.0,0.972286463151403,0.8876392591988415,0.8561842134885375,
Internet-Advertisements,XGBoost,PCA + Scaling,5,,11.144990399996459,0.25031940000189934,,,370.0,2534.0,4.0,43.0,0.9907970280310706,0.9752107141631141,0.9326416588991973,39.0,280.0,2.0,7.0,0.9747147702744373,0.9540654581803081,0.8827325611936084,
Internet-Advertisements,XGBoost,PCA + Scaling,6,,11.097398000005342,0.26489930000388995,,,370.0,2533.0,5.0,43.0,0.9894881100254342,0.9752613379331057,0.9311676411918118,37.0,279.0,3.0,9.0,0.9658495220474869,0.9283982688384743,0.8422457425489387,
Internet-Advertisements,XGBoost,PCA + Scaling,7,,11.2780197999964,0.2121493000013288,,,373.0,2534.0,4.0,40.0,0.9901921781654923,0.9764083882586317,0.9370141253366487,41.0,280.0,2.0,5.0,0.9847363552266419,0.9688295107651287,0.9097106731932092,
Internet-Advertisements,XGBoost,PCA + Scaling,8,,10.941090500004066,0.20349899999564514,,,370.0,2529.0,9.0,43.0,0.9889261911440058,0.9757298943044322,0.9253264545283989,38.0,280.0,2.0,8.0,0.9952975639839655,0.974040493632156,0.8690771920007697,
Internet-Advertisements,XGBoost,PCA + Scaling,9,,11.003143800000544,0.19260919999942416,,,374.0,2525.0,13.0,39.0,0.9890869438291003,0.9742629739444444,0.9254744459580517,40.0,280.0,2.0,6.0,0.9877428307123034,0.9653849543669392,0.8962750891893905,
Internet-Advertisements,XGBoost,PCA + Scaling,10,,10.48541490000207,0.18112820000533247,,,373.0,2536.0,2.0,41.0,0.9956002101392172,0.9856797812108614,0.9386455141414051,36.0,280.0,2.0,9.0,0.9459416863672183,0.9044795266156949,0.8523398274022522,
