Dataset,Model,Preprocessor,Fold,Converged,Fit_Time_sec,Predict_Time_Test_sec,Peak_Memory_MB,Pipeline_Disk_Size_MB,Train_TP,Train_TN,Train_FP,Train_FN,Train_ROC_AUC,Train_PR_AUC,Train_MCC,Test_TP,Test_TN,Test_FP,Test_FN,Test_ROC_AUC,Test_PR_AUC,Test_MCC,Error_Log
madelon,GaussianNB,Baseline,1,,0.2048676999984309,0.0188500999975076,57.09080123901367,0.0418815612792968,849.0,808.0,362.0,321.0,0.794821389436774,0.7868481261300884,0.4164951214001599,72.0,73.0,57.0,58.0,0.608224852071006,0.5822432761805333,0.1153880292821377,
madelon,GaussianNB,Baseline,2,,0.2816406999991159,0.0426785000017844,,,851.0,812.0,358.0,319.0,0.7959230038717218,0.7928279699899844,0.4216018096933071,75.0,74.0,56.0,55.0,0.632603550295858,0.5946663478524219,0.1461581704240411,
madelon,GaussianNB,Baseline,3,,0.2600425999989966,0.0338950000004842,,,858.0,793.0,377.0,312.0,0.7893293885601578,0.7812304738566185,0.4117470142152464,76.0,73.0,57.0,54.0,0.6528402366863905,0.6269092344893907,0.1461927784089988,
madelon,GaussianNB,Baseline,4,,0.2850981000010506,0.0403168000011646,,,862.0,798.0,372.0,308.0,0.7925056614800204,0.7832796895312728,0.4194313967651101,70.0,72.0,58.0,60.0,0.5953254437869823,0.5891992683153613,0.0923186182344995,
madelon,GaussianNB,Baseline,5,,0.3335627000014938,0.0350424999996903,,,868.0,794.0,376.0,302.0,0.7889261450799913,0.77889854703501,0.4213564394791244,76.0,77.0,53.0,54.0,0.651242603550296,0.6402339255447986,0.1769283115659445,
madelon,GaussianNB,Baseline,6,,0.3293692000006558,0.025482600001851,,,855.0,790.0,380.0,315.0,0.7878837022426766,0.7800479121106205,0.406610876823788,79.0,77.0,53.0,51.0,0.647396449704142,0.6183824175350348,0.2000236728414157,
madelon,GaussianNB,Baseline,7,,0.2929933999985223,0.0435351999985869,,,842.0,805.0,365.0,328.0,0.7902556797428593,0.7813894535565526,0.407896321771888,85.0,80.0,50.0,45.0,0.6920710059171598,0.6538174809689354,0.2694301256218253,
madelon,GaussianNB,Baseline,8,,0.3548245999991195,0.0261638000010862,,,857.0,787.0,383.0,313.0,0.7897881510702023,0.7831823617509857,0.4058552390610644,76.0,79.0,51.0,54.0,0.6320118343195266,0.6124567270855155,0.1923589189592089,
madelon,GaussianNB,Baseline,9,,0.351301800001238,0.0275715000025229,,,857.0,790.0,380.0,313.0,0.7897275184454673,0.7825317440200097,0.4083624239287034,82.0,77.0,53.0,48.0,0.6540236686390534,0.6395399779188747,0.2232421040866552,
madelon,GaussianNB,Baseline,10,,0.3381628000024648,0.0173610999991069,,,860.0,799.0,371.0,310.0,0.7894470012418731,0.7777408940677912,0.4185179212902966,82.0,69.0,61.0,48.0,0.6250295857988165,0.6282619752183082,0.1623522624649496,
madelon,GaussianNB,Standard Scaling,1,,0.2253780999999435,0.0259211999982653,57.09177780151367,0.0536451339721679,849.0,808.0,362.0,321.0,0.794820658923223,0.7868475732505547,0.4164951214001599,72.0,73.0,57.0,58.0,0.608224852071006,0.5822432761805333,0.1153880292821377,
madelon,GaussianNB,Standard Scaling,2,,0.325255300002027,0.0333064000005833,,,851.0,812.0,358.0,319.0,0.7959230038717218,0.7928279699899844,0.4216018096933071,75.0,74.0,56.0,55.0,0.632603550295858,0.5946663478524219,0.1461581704240411,
madelon,GaussianNB,Standard Scaling,3,,0.3456349000007321,0.0400601000001188,,,858.0,793.0,377.0,312.0,0.7893293885601578,0.7812304738566185,0.4117470142152464,76.0,73.0,57.0,54.0,0.6528402366863905,0.6269092344893907,0.1461927784089988,
madelon,GaussianNB,Standard Scaling,4,,0.3728698999984772,0.0510988999994879,,,862.0,798.0,372.0,308.0,0.7925056614800203,0.7832796646871366,0.4194313967651101,70.0,72.0,58.0,60.0,0.5953846153846154,0.5892654775365002,0.0923186182344995,
madelon,GaussianNB,Standard Scaling,5,,0.3611249000023235,0.0432787999998254,,,868.0,794.0,376.0,302.0,0.7889254145664403,0.7788983055888394,0.4213564394791244,76.0,77.0,53.0,54.0,0.651242603550296,0.6402339255447986,0.1769283115659445,
madelon,GaussianNB,Standard Scaling,6,,0.3776661999982025,0.044434799998271,,,855.0,790.0,380.0,315.0,0.7878829717291256,0.7800476261278727,0.406610876823788,79.0,77.0,53.0,51.0,0.647396449704142,0.6183824175350348,0.2000236728414157,
madelon,GaussianNB,Standard Scaling,7,,0.396582400000625,0.0383304999995743,,,842.0,805.0,365.0,328.0,0.7902549492293082,0.7813890551027258,0.407896321771888,85.0,80.0,50.0,45.0,0.6920710059171598,0.6538174809689354,0.2694301256218253,
madelon,GaussianNB,Standard Scaling,8,,0.3920642999983101,0.0374938999993901,,,857.0,787.0,383.0,313.0,0.7897881510702023,0.7831823617509857,0.4058552390610644,76.0,79.0,51.0,54.0,0.6320118343195266,0.6124567270855155,0.1923589189592089,
madelon,GaussianNB,Standard Scaling,9,,0.3880196999998588,0.0311963999993167,,,857.0,790.0,380.0,313.0,0.7897275184454673,0.7825317440200097,0.4083624239287034,82.0,77.0,53.0,48.0,0.6540236686390534,0.6395399779188747,0.2232421040866552,
madelon,GaussianNB,Standard Scaling,10,,0.3591302999993786,0.033257399998547,,,860.0,799.0,371.0,310.0,0.7894470012418731,0.7777408940677912,0.4185179212902966,82.0,69.0,61.0,48.0,0.6250295857988165,0.6282619752183082,0.1623522624649496,
madelon,GaussianNB,MinMax Scaling,1,,0.2156076000028406,0.021483000000444,57.09173011779785,0.0613746643066406,849.0,808.0,362.0,321.0,0.794820658923223,0.7868475732505547,0.4164951214001599,72.0,73.0,57.0,58.0,0.608224852071006,0.5822432761805333,0.1153880292821377,
madelon,GaussianNB,MinMax Scaling,2,,0.297256699999707,0.0361996000028739,,,851.0,812.0,358.0,319.0,0.7959230038717218,0.7928279699899844,0.4216018096933071,75.0,74.0,56.0,55.0,0.632603550295858,0.5946663478524219,0.1461581704240411,
madelon,GaussianNB,MinMax Scaling,3,,0.3390910000016447,0.0400219000002834,,,858.0,793.0,377.0,312.0,0.7893293885601578,0.7812304738566185,0.4117470142152464,76.0,73.0,57.0,54.0,0.6528402366863905,0.6269092344893907,0.1461927784089988,
madelon,GaussianNB,MinMax Scaling,4,,0.319830100001127,0.0432486999998218,,,862.0,798.0,372.0,308.0,0.7925056614800203,0.7832796646871366,0.4194313967651101,70.0,72.0,58.0,60.0,0.5953846153846154,0.5892654775365002,0.0923186182344995,
madelon,GaussianNB,MinMax Scaling,5,,0.3756049000003258,0.0289377000008244,,,868.0,794.0,376.0,302.0,0.7889254145664403,0.7788983055888394,0.4213564394791244,76.0,77.0,53.0,54.0,0.651242603550296,0.6402339255447986,0.1769283115659445,
madelon,GaussianNB,MinMax Scaling,6,,0.3500020999999833,0.0287052000021503,,,855.0,790.0,380.0,315.0,0.7878829717291256,0.7800476261278727,0.406610876823788,79.0,77.0,53.0,51.0,0.647396449704142,0.6183824175350348,0.2000236728414157,
madelon,GaussianNB,MinMax Scaling,7,,0.356056599997828,0.0228733000003558,,,842.0,805.0,365.0,328.0,0.7902549492293082,0.7813890551027258,0.407896321771888,85.0,80.0,50.0,45.0,0.6920710059171598,0.6538174809689354,0.2694301256218253,
madelon,GaussianNB,MinMax Scaling,8,,0.3591206000019156,0.025445999999647,,,857.0,787.0,383.0,313.0,0.7897881510702023,0.7831823617509857,0.4058552390610644,76.0,79.0,51.0,54.0,0.6320118343195266,0.6124567270855155,0.1923589189592089,
madelon,GaussianNB,MinMax Scaling,9,,0.3485690999987128,0.0229555999976582,,,857.0,790.0,380.0,313.0,0.7897275184454673,0.7825317440200097,0.4083624239287034,82.0,77.0,53.0,48.0,0.6540236686390534,0.6395399779188747,0.2232421040866552,
madelon,GaussianNB,MinMax Scaling,10,,0.3456095999972604,0.0282458000001497,,,860.0,799.0,371.0,310.0,0.7894470012418731,0.7777408940677912,0.4185179212902966,82.0,69.0,61.0,48.0,0.6250295857988165,0.6282619752183082,0.1623522624649496,
madelon,GaussianNB,IQR Capping,1,,1.7722772999986771,0.3563336000006529,57.0916862487793,0.0575208663940429,844.0,804.0,366.0,326.0,0.7895237051647308,0.7813147871214152,0.408785977352145,71.0,73.0,57.0,59.0,0.6079289940828403,0.5782130725489651,0.1077050546069161,
madelon,GaussianNB,IQR Capping,2,,1.131756900002074,0.4566082000019378,,,842.0,803.0,367.0,328.0,0.7898546278033458,0.7873225688907624,0.4062086401710363,77.0,75.0,55.0,53.0,0.6361538461538462,0.5955282150341874,0.1692508000965825,
madelon,GaussianNB,IQR Capping,3,,1.1070567999995546,0.5373277999970014,,,845.0,785.0,385.0,325.0,0.7827591496822266,0.7748021181027741,0.3936803939050409,77.0,74.0,56.0,53.0,0.6544378698224852,0.6277834836899802,0.1615814919257355,
madelon,GaussianNB,IQR Capping,4,,1.0707617999978538,0.5089597000005597,,,856.0,792.0,378.0,314.0,0.78673314339981,0.7768226987315708,0.4091596074565768,70.0,73.0,57.0,60.0,0.5932544378698226,0.5858764373711356,0.1000266378587886,
madelon,GaussianNB,IQR Capping,5,,1.2552079999986745,0.5094897999988461,,,857.0,790.0,380.0,313.0,0.7824881291547957,0.7728225562413917,0.4083624239287034,74.0,78.0,52.0,56.0,0.6529585798816568,0.6386534833008876,0.169310935397857,
madelon,GaussianNB,IQR Capping,6,,1.2091471000021556,0.4862400999991223,,,848.0,783.0,387.0,322.0,0.7818620790415662,0.7731220334674539,0.3946265562437184,79.0,75.0,55.0,51.0,0.6472781065088757,0.6132913294186464,0.184702838615844,
madelon,GaussianNB,IQR Capping,7,,1.0831809000010253,0.5208665000027395,,,845.0,802.0,368.0,325.0,0.7844707429322815,0.775485316626189,0.4079679259223414,86.0,77.0,53.0,44.0,0.692189349112426,0.6607366863834736,0.2544566789039913,
madelon,GaussianNB,IQR Capping,8,,1.1854300999984844,0.4989601999986917,,,848.0,780.0,390.0,322.0,0.7833019212506391,0.7767536465640988,0.3921158146213294,76.0,80.0,50.0,54.0,0.632603550295858,0.6145203663597991,0.200094741833831,
madelon,GaussianNB,IQR Capping,9,,1.113593400001264,0.5303020000028482,,,850.0,781.0,389.0,320.0,0.7835700197238659,0.7763875252906711,0.3947040773249782,84.0,78.0,52.0,46.0,0.6559763313609468,0.6353964306040055,0.2464164414534789,
madelon,GaussianNB,IQR Capping,10,,1.1563360999971335,0.4864841000016895,,,855.0,789.0,381.0,315.0,0.7837796771130104,0.7717571237132643,0.4057743302521733,83.0,70.0,60.0,47.0,0.6242603550295859,0.6342045823874582,0.1778143826997067,
madelon,GaussianNB,IQR Capping + Scaling,1,,1.9613671999977669,0.3420531000010669,57.09305381774902,0.0692930221557617,844.0,804.0,366.0,326.0,0.7895237051647308,0.7813147871214152,0.408785977352145,71.0,73.0,57.0,59.0,0.6079289940828403,0.5782130725489651,0.1077050546069161,
madelon,GaussianNB,IQR Capping + Scaling,2,,1.2346211000003675,0.4320967000021483,,,842.0,803.0,367.0,328.0,0.7898538972897948,0.7873191097150964,0.4062086401710363,77.0,75.0,55.0,53.0,0.6361538461538462,0.5955282150341874,0.1692508000965825,
madelon,GaussianNB,IQR Capping + Scaling,3,,1.150266599997849,0.5221510999981547,,,845.0,785.0,385.0,325.0,0.7827584191686756,0.7748015901829504,0.3936803939050409,77.0,74.0,56.0,53.0,0.6544378698224852,0.6277834836899802,0.1615814919257355,
madelon,GaussianNB,IQR Capping + Scaling,4,,1.118112200001633,0.4899002999991353,,,856.0,792.0,378.0,314.0,0.786731682372708,0.7768204390028651,0.4091596074565768,70.0,73.0,57.0,60.0,0.5932544378698226,0.5858764373711356,0.1000266378587886,
madelon,GaussianNB,IQR Capping + Scaling,5,,1.2358820000008564,0.5092457000027935,,,857.0,790.0,380.0,313.0,0.7824881291547957,0.7728225562413917,0.4083624239287034,74.0,78.0,52.0,56.0,0.6529585798816568,0.6386534833008876,0.169310935397857,
madelon,GaussianNB,IQR Capping + Scaling,6,,1.2819195999982185,0.4713864000004832,,,848.0,783.0,387.0,322.0,0.7818620790415662,0.7731220334674539,0.3946265562437184,79.0,75.0,55.0,51.0,0.6472781065088757,0.6132913294186464,0.184702838615844,
madelon,GaussianNB,IQR Capping + Scaling,7,,1.1392156000001703,0.4645444000016141,,,845.0,802.0,368.0,325.0,0.7844707429322814,0.7754851037574417,0.4079679259223414,86.0,77.0,53.0,44.0,0.692189349112426,0.6607366863834736,0.2544566789039913,
madelon,GaussianNB,IQR Capping + Scaling,8,,1.2729488000004494,0.443975499998487,,,848.0,780.0,390.0,322.0,0.7833026517641901,0.776754054437264,0.3921158146213294,76.0,80.0,50.0,54.0,0.632603550295858,0.6145203663597991,0.200094741833831,
madelon,GaussianNB,IQR Capping + Scaling,9,,1.1739294999970298,0.4851922999987437,,,850.0,781.0,389.0,320.0,0.7835707502374168,0.7763884966307562,0.3947040773249782,84.0,78.0,52.0,46.0,0.6559763313609468,0.6353964306040055,0.2464164414534789,
madelon,GaussianNB,IQR Capping + Scaling,10,,1.177419600000576,0.5126354999993055,,,855.0,789.0,381.0,315.0,0.7837796771130104,0.7717571237132643,0.4057743302521733,83.0,70.0,60.0,47.0,0.6242603550295859,0.6342045823874582,0.1778143826997067,
madelon,GaussianNB,IQR Removal,1,,1.521360899998399,0.0175439000013284,57.09192657470703,0.0420703887939453,1140.0,57.0,1113.0,30.0,0.5263277083789905,0.514672885217926,0.0609850721543143,123.0,7.0,123.0,7.0,0.5129289940828402,0.5092115231637067,0.0,
madelon,GaussianNB,IQR Removal,2,,2.729270899999392,0.03749610000159,,,710.0,540.0,630.0,460.0,0.5498615676820805,0.5492734585730509,0.0691094740465088,76.0,38.0,92.0,54.0,0.4576923076923077,0.5070990896071178,-0.1286978904175573,
madelon,GaussianNB,IQR Removal,3,,2.6884893999995256,0.0357260999990103,,,474.0,786.0,384.0,696.0,0.5596420483599971,0.5494681011673075,0.0798132073691624,54.0,82.0,48.0,76.0,0.5135798816568047,0.5331839388084605,0.0472631454134276,
madelon,GaussianNB,IQR Removal,4,,2.739661099996738,0.0234375,,,1064.0,135.0,1035.0,106.0,0.5298948060486521,0.5212065111754184,0.0407739942483392,115.0,19.0,111.0,15.0,0.5313609467455621,0.5096163492056588,0.0456316647596275,
madelon,GaussianNB,IQR Removal,5,,2.727257200000168,0.0304851999972015,,,710.0,536.0,634.0,460.0,0.5588026882898678,0.5541171989794211,0.0656877352468976,83.0,62.0,68.0,47.0,0.5779289940828403,0.5633724226384159,0.1169201964630938,
madelon,GaussianNB,IQR Removal,6,,2.68683769999916,0.0404449999987264,,,241.0,996.0,174.0,929.0,0.5393684710351377,0.5509079835726354,0.0749610027441265,30.0,112.0,18.0,100.0,0.5950295857988166,0.5959211012239276,0.1189577378577216,
madelon,GaussianNB,IQR Removal,7,,2.700496600002225,0.0265908000001218,,,991.0,262.0,908.0,179.0,0.5596723646723647,0.5446611212802926,0.0906977086320407,109.0,23.0,107.0,21.0,0.5138757396449705,0.508945653537332,0.0205152484965554,
madelon,GaussianNB,IQR Removal,8,,2.7449636999990616,0.0231143999990308,,,685.0,527.0,643.0,485.0,0.5385050040178245,0.5407243239881934,0.0362293044782304,76.0,53.0,77.0,54.0,0.4981952662721893,0.5050408418446631,-0.007815601287204,
madelon,GaussianNB,IQR Removal,9,,2.7715872999979183,0.0150176999995892,,,1138.0,45.0,1125.0,32.0,0.5053258090437578,0.5029269070399043,0.031142660599856,125.0,4.0,126.0,5.0,0.4952662721893491,0.4966773775503319,-0.0210398134365934,
madelon,GaussianNB,IQR Removal,10,,2.7579223000029742,0.0185715999978128,,,603.0,657.0,513.0,567.0,0.5662488129154796,0.5668883786790709,0.0770051379542121,69.0,77.0,53.0,61.0,0.5880473372781065,0.5661557108098798,0.1233106321372951,
madelon,GaussianNB,IQR Removal + Scaling,1,,1.5145845000006375,0.0195806000010634,57.09306716918945,0.0538253784179687,1140.0,57.0,1113.0,30.0,0.5259219081013952,0.5143716262819904,0.0609850721543143,123.0,7.0,123.0,7.0,0.5058579881656804,0.503706298721218,0.0,
madelon,GaussianNB,IQR Removal + Scaling,2,,2.6588168000016594,0.0327695999985735,,,710.0,540.0,630.0,460.0,0.5500536927460005,0.5514790651390198,0.0691094740465088,76.0,38.0,92.0,54.0,0.4575147928994083,0.5034689590539103,-0.1286978904175573,
madelon,GaussianNB,IQR Removal + Scaling,3,,2.72925590000159,0.0354770999983884,,,474.0,786.0,384.0,696.0,0.5597205785667323,0.5507205593409898,0.0798132073691624,54.0,82.0,48.0,76.0,0.5134319526627219,0.5315522371767589,0.0472631454134276,
madelon,GaussianNB,IQR Removal + Scaling,4,,2.697995999998966,0.0335713999993458,,,1064.0,135.0,1035.0,106.0,0.5294130323617503,0.5205782636306167,0.0407739942483392,115.0,19.0,111.0,15.0,0.5318047337278107,0.5100605800753113,0.0456316647596275,
madelon,GaussianNB,IQR Removal + Scaling,5,,2.7278129999976954,0.0340428999988944,,,710.0,536.0,634.0,460.0,0.5589056907005625,0.5547026047855759,0.0656877352468976,83.0,62.0,68.0,47.0,0.5784615384615385,0.5683899051558985,0.1169201964630938,
madelon,GaussianNB,IQR Removal + Scaling,6,,2.670735899999272,0.0305438999967009,,,241.0,996.0,174.0,929.0,0.5393852728468113,0.5521542267416193,0.0749610027441265,30.0,112.0,18.0,100.0,0.5950295857988166,0.5959211012239276,0.1189577378577216,
madelon,GaussianNB,IQR Removal + Scaling,7,,2.7644921999999497,0.0291431999976339,,,991.0,262.0,908.0,179.0,0.5607721528234348,0.5466371712372627,0.0906977086320407,109.0,23.0,107.0,21.0,0.5105029585798817,0.5037669423098702,0.0205152484965554,
madelon,GaussianNB,IQR Removal + Scaling,8,,2.775986299999204,0.0193935000024794,,,685.0,527.0,643.0,485.0,0.5389637665278691,0.5429089285784696,0.0362293044782304,76.0,53.0,77.0,54.0,0.4994082840236686,0.5097469998648025,-0.007815601287204,
madelon,GaussianNB,IQR Removal + Scaling,9,,2.791493699998682,0.0249709000017901,,,1138.0,45.0,1125.0,32.0,0.5089425816348894,0.5056577970519367,0.031142660599856,125.0,4.0,126.0,5.0,0.4897337278106509,0.4928527578072642,-0.0210398134365934,
madelon,GaussianNB,IQR Removal + Scaling,10,,2.7576179999996384,0.0268353999999817,,,603.0,657.0,513.0,567.0,0.5662893564175615,0.5675003450773572,0.0770051379542121,69.0,77.0,53.0,61.0,0.5880177514792899,0.566249185446698,0.1233106321372951,
madelon,GaussianNB,Yeo-Johnson,1,,4.247642799997266,0.0301158000002033,57.09168243408203,0.0458917617797851,801.0,366.0,804.0,369.0,0.499890422967346,0.4981976089751643,-0.0027621042544161,86.0,44.0,86.0,44.0,0.4866272189349112,0.4876332437432216,0.0,
madelon,GaussianNB,Yeo-Johnson,2,,1.9932326000016476,0.0517229999968549,,,434.0,775.0,395.0,736.0,0.5254350208196362,0.5278382050692166,0.03484617469762,36.0,92.0,38.0,94.0,0.4883136094674556,0.5003116147244421,-0.0170473808498255,
madelon,GaussianNB,Yeo-Johnson,3,,1.92635159999918,0.0497138999999151,,,800.0,364.0,806.0,370.0,0.5034527722989263,0.5028151844200025,-0.0055262490079899,87.0,46.0,84.0,43.0,0.5018343195266273,0.4885080095685144,0.0243180191542898,
madelon,GaussianNB,Yeo-Johnson,4,,2.044914999998582,0.0431984000024385,,,799.0,379.0,791.0,371.0,0.50015304258894,0.4975542580214654,0.00732589674393,88.0,31.0,99.0,42.0,0.4368934911242603,0.4689411314752513,-0.0941478597760081,
madelon,GaussianNB,Yeo-Johnson,5,,2.204892600002495,0.0273551999998744,,,807.0,366.0,804.0,363.0,0.5041982613777485,0.5045490896941204,0.0027682781213034,80.0,44.0,86.0,50.0,0.4957692307692307,0.505984546298784,-0.0480322885505066,
madelon,GaussianNB,Yeo-Johnson,6,,2.1411815000028582,0.0432260999987192,,,797.0,377.0,793.0,373.0,0.4993717583461173,0.496942899797624,0.003662948371965,90.0,33.0,97.0,40.0,0.4933727810650887,0.5004125753386975,-0.0599122744029143,
madelon,GaussianNB,Yeo-Johnson,7,,2.1785350000027397,0.0509440999994694,,,796.0,368.0,802.0,374.0,0.4951895682664913,0.4942933707157069,-0.0055101181373115,91.0,42.0,88.0,39.0,0.529852071005917,0.5267005530358092,0.0249145030917311,
madelon,GaussianNB,Yeo-Johnson,8,,2.205931500000588,0.0377134000009391,,,425.0,792.0,378.0,745.0,0.5237515523412959,0.5264529948547327,0.0423061155794966,47.0,92.0,38.0,83.0,0.5061834319526627,0.5195145294658121,0.0737928055521709,
madelon,GaussianNB,Yeo-Johnson,9,,2.0152651999997038,0.0425875999972049,,,792.0,366.0,804.0,378.0,0.5053115640295127,0.5065948376948248,-0.0110123076252694,95.0,44.0,86.0,35.0,0.4802366863905325,0.4757503724004623,0.0752644125694642,
madelon,GaussianNB,Yeo-Johnson,10,,2.366492699999071,0.0253923999989638,,,716.0,480.0,690.0,454.0,0.5098571846007743,0.509691375185901,0.0226885765401288,82.0,48.0,82.0,48.0,0.4908284023668639,0.5005834445797269,0.0,
madelon,GaussianNB,Yeo-Johnson + Scaling,1,,4.326792899999418,0.0322077999990142,57.09309577941895,0.057631492614746,860.0,802.0,368.0,310.0,0.7912959310395209,0.7820845870083564,0.4210304688865047,71.0,72.0,58.0,59.0,0.6071005917159764,0.5765097755735561,0.100002958711186,
madelon,GaussianNB,Yeo-Johnson + Scaling,2,,2.1088904999996885,0.0469338000002608,,,844.0,806.0,364.0,326.0,0.7928190517934108,0.7890092176240716,0.4104729634567522,78.0,74.0,56.0,52.0,0.6310059171597633,0.5914474799831491,0.169310935397857,
madelon,GaussianNB,Yeo-Johnson + Scaling,3,,2.071520199999213,0.0498159000017039,,,854.0,787.0,383.0,316.0,0.786118781503397,0.7773534744384846,0.4032257896654493,76.0,71.0,59.0,54.0,0.6548520710059171,0.6295999371077704,0.1308660610163151,
madelon,GaussianNB,Yeo-Johnson + Scaling,4,,2.2901568000015686,0.0287443000015628,,,859.0,797.0,373.0,311.0,0.7890357221126452,0.7791216235343259,0.4159690661093284,73.0,75.0,55.0,57.0,0.5918343195266272,0.5862355237541259,0.1384779273517493,
madelon,GaussianNB,Yeo-Johnson + Scaling,5,,2.3237307999988843,0.026386999998067,,,868.0,798.0,372.0,302.0,0.785540214770984,0.7755134735068205,0.4246924020554599,74.0,78.0,52.0,56.0,0.6502366863905326,0.6310121970259964,0.169310935397857,
madelon,GaussianNB,Yeo-Johnson + Scaling,6,,2.146018899999035,0.045874499999627,,,842.0,790.0,380.0,328.0,0.785236321133757,0.7764844927085223,0.3952623704320378,82.0,77.0,53.0,48.0,0.6479881656804733,0.615627162337651,0.2232421040866552,
madelon,GaussianNB,Yeo-Johnson + Scaling,7,,2.0205865999996604,0.0583329000000958,,,846.0,800.0,370.0,324.0,0.7850909489371027,0.7744713355373084,0.407152409850844,87.0,81.0,49.0,43.0,0.6948520710059172,0.6593011163522686,0.2926195242260062,
madelon,GaussianNB,Yeo-Johnson + Scaling,8,,2.1725263000007544,0.0369447999983094,,,857.0,790.0,380.0,313.0,0.7876411717437358,0.7796700548940267,0.4083624239287034,76.0,79.0,51.0,54.0,0.6320118343195267,0.6121418121244788,0.1923589189592089,
madelon,GaussianNB,Yeo-Johnson + Scaling,9,,1.9865165000010163,0.0639104999972914,,,851.0,789.0,381.0,319.0,0.7859726787931915,0.7780530108302842,0.4022746112579925,83.0,79.0,51.0,47.0,0.6526627218934912,0.6393328563259455,0.246270451487792,
madelon,GaussianNB,Yeo-Johnson + Scaling,10,,2.237378100002388,0.0324792999999772,,,864.0,800.0,370.0,306.0,0.7862488129154794,0.7744423862158164,0.4228553265346212,80.0,69.0,61.0,50.0,0.6241420118343195,0.6288367684769041,0.1466798860591087,
madelon,GaussianNB,Quantile Transform,1,,1.9701294999977108,0.155344699996931,57.09177780151367,3.864548683166504,868.0,817.0,353.0,302.0,0.8046044269121193,0.7921023010407255,0.4405897139016883,75.0,76.0,54.0,55.0,0.628698224852071,0.5888647636565117,0.1615432409949928,
madelon,GaussianNB,Quantile Transform,2,,2.2698616000016045,0.2252067999979772,,,858.0,830.0,340.0,312.0,0.8065695083643801,0.7938481475537464,0.4428618794070244,78.0,68.0,62.0,52.0,0.6078106508875739,0.5583549216814716,0.1234426799696735,
madelon,GaussianNB,Quantile Transform,3,,2.298930399996607,0.2156952999976056,,,861.0,801.0,369.0,309.0,0.8003645262619621,0.7879764342593931,0.4210668560897393,81.0,76.0,54.0,49.0,0.6566272189349113,0.6301640244133501,0.2078460969082652,
madelon,GaussianNB,Quantile Transform,4,,2.3973088999991887,0.2322819999972125,,,877.0,816.0,354.0,293.0,0.802935203448024,0.7879074780779363,0.4476173268605831,70.0,78.0,52.0,60.0,0.5982248520710058,0.5921198816474665,0.1387244611544569,
madelon,GaussianNB,Quantile Transform,5,,2.260490700002265,0.2581351000007998,,,868.0,814.0,356.0,302.0,0.7994060924830154,0.789330972086922,0.4380736736950737,76.0,74.0,56.0,54.0,0.6385798816568048,0.6058304776418537,0.1538643637241659,
madelon,GaussianNB,Quantile Transform,6,,2.2660679000000528,0.257778999999573,,,874.0,805.0,365.0,296.0,0.7992037402293813,0.7861895026372963,0.4358012480659737,79.0,75.0,55.0,51.0,0.6450295857988165,0.6270151278494813,0.184702838615844,
madelon,GaussianNB,Quantile Transform,7,,2.446887300000526,0.2467251999987638,,,866.0,821.0,349.0,304.0,0.802573599240266,0.7873481049177671,0.4422075395126467,83.0,75.0,55.0,47.0,0.6701775147928994,0.6424994034654101,0.2157936062402664,
madelon,GaussianNB,Quantile Transform,8,,2.405479599998216,0.24021139999968,,,875.0,795.0,375.0,295.0,0.8026802542187157,0.7929155611158901,0.4283529368781193,80.0,81.0,49.0,50.0,0.6286390532544379,0.6003232493464501,0.2384685938497514,
madelon,GaussianNB,Quantile Transform,9,,2.80515540000124,0.2054791999980807,,,877.0,821.0,349.0,293.0,0.8028139381985536,0.7888992509492606,0.4517998600155759,79.0,77.0,53.0,51.0,0.6438461538461538,0.6338185760606423,0.2000236728414157,
madelon,GaussianNB,Quantile Transform,10,,2.695616599998175,0.189845900000364,,,870.0,804.0,366.0,300.0,0.8007392797136387,0.7872746821069478,0.4314562498883869,80.0,72.0,58.0,50.0,0.621301775147929,0.6096483707685377,0.1695521191887807,
madelon,GaussianNB,Quantile Transform + Scaling,1,,1.9912661999987904,0.1582164999999804,57.09300804138184,3.876288414001465,868.0,817.0,353.0,302.0,0.8046044269121193,0.7921023010407255,0.4405897139016883,75.0,76.0,54.0,55.0,0.628698224852071,0.5888647636565117,0.1615432409949928,
madelon,GaussianNB,Quantile Transform + Scaling,2,,2.5243360999993456,0.2112133000009635,,,858.0,830.0,340.0,312.0,0.8065695083643801,0.7938481475537464,0.4428618794070244,78.0,68.0,62.0,52.0,0.6078106508875739,0.5583549216814716,0.1234426799696735,
madelon,GaussianNB,Quantile Transform + Scaling,3,,2.4712349999972503,0.2309906999980739,,,861.0,801.0,369.0,309.0,0.8003645262619621,0.7879764342593931,0.4210668560897393,81.0,76.0,54.0,49.0,0.6566272189349113,0.6301640244133501,0.2078460969082652,
madelon,GaussianNB,Quantile Transform + Scaling,4,,2.513266000001749,0.2282527999996091,,,877.0,816.0,354.0,293.0,0.802935203448024,0.7879074780779363,0.4476173268605831,70.0,78.0,52.0,60.0,0.5982248520710058,0.5921198816474665,0.1387244611544569,
madelon,GaussianNB,Quantile Transform + Scaling,5,,2.411505800002488,0.2298639000000548,,,868.0,814.0,356.0,302.0,0.7994060924830154,0.789330972086922,0.4380736736950737,76.0,74.0,56.0,54.0,0.6385798816568048,0.6058304776418537,0.1538643637241659,
madelon,GaussianNB,Quantile Transform + Scaling,6,,2.5284076999996614,0.2017889999988256,,,874.0,805.0,365.0,296.0,0.7992037402293813,0.7861895026372963,0.4358012480659737,79.0,75.0,55.0,51.0,0.6450295857988165,0.6270151278494813,0.184702838615844,
madelon,GaussianNB,Quantile Transform + Scaling,7,,2.260411899998872,0.2620620999987295,,,866.0,821.0,349.0,304.0,0.802573599240266,0.7873481049177671,0.4422075395126467,83.0,75.0,55.0,47.0,0.6701775147928994,0.6424994034654101,0.2157936062402664,
madelon,GaussianNB,Quantile Transform + Scaling,8,,2.354510500001197,0.2360985999985132,,,875.0,795.0,375.0,295.0,0.8026802542187157,0.7929155611158901,0.4283529368781193,80.0,81.0,49.0,50.0,0.6286390532544379,0.6003232493464501,0.2384685938497514,
madelon,GaussianNB,Quantile Transform + Scaling,9,,2.5362459999996645,0.2092372999977669,,,877.0,821.0,349.0,293.0,0.8028139381985536,0.7888992509492606,0.4517998600155759,79.0,77.0,53.0,51.0,0.6438461538461538,0.6338185760606423,0.2000236728414157,
madelon,GaussianNB,Quantile Transform + Scaling,10,,2.166012300000148,0.2191200000015669,,,870.0,804.0,366.0,300.0,0.8007392797136387,0.7872746821069478,0.4314562498883869,80.0,72.0,58.0,50.0,0.621301775147929,0.6096483707685377,0.1695521191887807,
madelon,GaussianNB,Uniform Binning,1,,0.2590870000021823,0.0220054000019445,57.09173393249512,0.0889339447021484,826.0,808.0,362.0,344.0,0.79135948571846,0.7779328820543032,0.3966281376000721,69.0,73.0,57.0,61.0,0.5827218934911242,0.5521732707295911,0.092351419307922,
madelon,GaussianNB,Uniform Binning,2,,0.3051519000000553,0.0365133999985118,,,842.0,830.0,340.0,328.0,0.7948842136021623,0.7863588161667949,0.4290823980898304,78.0,74.0,56.0,52.0,0.6174556213017751,0.5781352872384116,0.169310935397857,
madelon,GaussianNB,Uniform Binning,3,,0.3499727999987954,0.0350216000006184,,,835.0,802.0,368.0,335.0,0.7839133610928483,0.7707249245948613,0.3993041598169649,82.0,73.0,57.0,48.0,0.6289940828402367,0.615267615288869,0.1927702112909025,
madelon,GaussianNB,Uniform Binning,4,,0.2886710999991919,0.0377943999992567,,,826.0,816.0,354.0,344.0,0.7886485499306012,0.7780541773765246,0.4034335393713011,70.0,72.0,58.0,60.0,0.577810650887574,0.5690419648333724,0.0923186182344995,
madelon,GaussianNB,Uniform Binning,5,,0.2829818999998679,0.0327756000006047,,,844.0,801.0,369.0,326.0,0.7842019139455036,0.7741270722681497,0.4062573685809479,76.0,77.0,53.0,54.0,0.6513017751479291,0.6425489093494502,0.1769283115659445,
madelon,GaussianNB,Uniform Binning,6,,0.3607636999986425,0.0240927999984705,,,833.0,803.0,367.0,337.0,0.7824245744758566,0.7708349651273536,0.3984215933930681,79.0,85.0,45.0,51.0,0.6601183431952662,0.6106422277362655,0.2618174690443214,
madelon,GaussianNB,Uniform Binning,7,,0.3749951999998302,0.0339686000006622,,,833.0,821.0,349.0,337.0,0.7927847176565126,0.7835156129447347,0.4136969734571273,84.0,78.0,52.0,46.0,0.6871005917159763,0.6373501321771493,0.2464164414534789,
madelon,GaussianNB,Uniform Binning,8,,0.3448441999971692,0.0240952999993169,,,842.0,810.0,360.0,328.0,0.7834180729052523,0.7706136874525654,0.4121199831299322,67.0,78.0,52.0,63.0,0.6018343195266272,0.5891436270996862,0.1157999100466648,
madelon,GaussianNB,Uniform Binning,9,,0.3478159000005689,0.0283780000027036,,,848.0,815.0,355.0,322.0,0.7907604646066184,0.7781279997490759,0.4215352265305432,75.0,75.0,55.0,55.0,0.6005917159763314,0.5825283337544205,0.1538461538461538,
madelon,GaussianNB,Uniform Binning,10,,0.406648000000132,0.0241595000006782,,,850.0,813.0,357.0,320.0,0.7846877054569362,0.77060520285871,0.4215783786866683,85.0,72.0,58.0,45.0,0.6302958579881657,0.6138752303375894,0.2087386231692209,
madelon,GaussianNB,Uniform Binning + Scaling,1,,0.2695722999997088,0.0242058000003453,57.093143463134766,0.1006975173950195,826.0,808.0,362.0,344.0,0.79135948571846,0.7779328820543032,0.3966281376000721,69.0,73.0,57.0,61.0,0.5827218934911242,0.5521732707295911,0.092351419307922,
madelon,GaussianNB,Uniform Binning + Scaling,2,,0.3740459000000555,0.0297434999993129,,,842.0,830.0,340.0,328.0,0.7948842136021623,0.7863588161667949,0.4290823980898304,78.0,74.0,56.0,52.0,0.6174556213017751,0.5781352872384116,0.169310935397857,
madelon,GaussianNB,Uniform Binning + Scaling,3,,0.3356907999987015,0.0484365000011166,,,835.0,802.0,368.0,335.0,0.7839133610928483,0.7707249245948613,0.3993041598169649,82.0,73.0,57.0,48.0,0.6289940828402367,0.615267615288869,0.1927702112909025,
madelon,GaussianNB,Uniform Binning + Scaling,4,,0.3518060000023979,0.0450036000002,,,826.0,816.0,354.0,344.0,0.7886485499306012,0.7780541773765246,0.4034335393713011,70.0,72.0,58.0,60.0,0.577810650887574,0.5690419648333724,0.0923186182344995,
madelon,GaussianNB,Uniform Binning + Scaling,5,,0.3792408000008436,0.0270885999998427,,,844.0,801.0,369.0,326.0,0.7842019139455036,0.7741270722681497,0.4062573685809479,76.0,77.0,53.0,54.0,0.6513017751479291,0.6425489093494502,0.1769283115659445,
madelon,GaussianNB,Uniform Binning + Scaling,6,,0.4050041999980749,0.0360161999997217,,,833.0,803.0,367.0,337.0,0.7824245744758566,0.7708349651273536,0.3984215933930681,79.0,85.0,45.0,51.0,0.6601183431952662,0.6106422277362655,0.2618174690443214,
madelon,GaussianNB,Uniform Binning + Scaling,7,,0.4101530999978422,0.0314502000001084,,,833.0,821.0,349.0,337.0,0.7927847176565126,0.7835156129447347,0.4136969734571273,84.0,78.0,52.0,46.0,0.6871005917159763,0.6373501321771493,0.2464164414534789,
madelon,GaussianNB,Uniform Binning + Scaling,8,,0.4094507999980123,0.0272022999997716,,,842.0,810.0,360.0,328.0,0.7834180729052523,0.7706136874525654,0.4121199831299322,67.0,78.0,52.0,63.0,0.6018343195266272,0.5891436270996862,0.1157999100466648,
madelon,GaussianNB,Uniform Binning + Scaling,9,,0.4339284999987285,0.0228234999995038,,,848.0,815.0,355.0,322.0,0.7907604646066184,0.7781279997490759,0.4215352265305432,75.0,75.0,55.0,55.0,0.6005917159763314,0.5825283337544205,0.1538461538461538,
madelon,GaussianNB,Uniform Binning + Scaling,10,,0.4110073000010743,0.0302114000005531,,,850.0,813.0,357.0,320.0,0.7846877054569362,0.77060520285871,0.4215783786866683,85.0,72.0,58.0,45.0,0.6302958579881657,0.6138752303375894,0.2087386231692209,
madelon,GaussianNB,Quantile Binning,1,,0.3985592999997607,0.0223517000013089,57.0921745300293,0.0887985229492187,764.0,782.0,388.0,406.0,0.7502951274746148,0.7370916831811152,0.3214055597793688,70.0,77.0,53.0,60.0,0.6152662721893492,0.575024948974558,0.1309592207084951,
madelon,GaussianNB,Quantile Binning,2,,0.4339929000016127,0.0297644000020227,,,767.0,784.0,386.0,403.0,0.7496829571188546,0.7379324696595901,0.3256754054935855,74.0,77.0,53.0,56.0,0.620887573964497,0.5938027555385188,0.1615814919257355,
madelon,GaussianNB,Quantile Binning,3,,0.4156111999982386,0.0528367000006255,,,765.0,768.0,402.0,405.0,0.7424676747753671,0.722551664616735,0.3102574301707433,79.0,75.0,55.0,51.0,0.6485207100591716,0.6159836862353071,0.184702838615844,
madelon,GaussianNB,Quantile Binning,4,,0.4013248999981442,0.0559672000017599,,,775.0,778.0,392.0,395.0,0.7468558696763825,0.7290171115517248,0.3273515034583876,70.0,75.0,55.0,60.0,0.5933727810650888,0.5615344410781782,0.1154700538379251,
madelon,GaussianNB,Quantile Binning,5,,0.3589317000005394,0.0309011999997892,,,773.0,774.0,396.0,397.0,0.7421411352180584,0.7250331255762408,0.3222223399161366,76.0,85.0,45.0,54.0,0.6714792899408284,0.6284672003012064,0.2390350620007191,
madelon,GaussianNB,Quantile Binning,6,,0.444031899998663,0.0357303000018873,,,771.0,765.0,405.0,399.0,0.738504638761049,0.7181686322312202,0.3128246262548716,72.0,85.0,45.0,58.0,0.665207100591716,0.6408716581953837,0.2087386231692209,
madelon,GaussianNB,Quantile Binning,7,,0.437446899999486,0.0452879999975266,,,768.0,777.0,393.0,402.0,0.7449821024179999,0.7314902093249177,0.3205223035614937,87.0,79.0,51.0,43.0,0.6797633136094675,0.6511044571251252,0.2774489223089139,
madelon,GaussianNB,Quantile Binning,8,,0.4495525000020279,0.0201138000011269,,,777.0,774.0,396.0,393.0,0.7450084009058368,0.7279379723068233,0.3256420961296232,74.0,82.0,48.0,56.0,0.6252662721893492,0.5974286699504262,0.2003797772231045,
madelon,GaussianNB,Quantile Binning,9,,0.4237557999986165,0.0228356999978132,,,766.0,771.0,399.0,404.0,0.7435787858864782,0.7238888703027215,0.3136780780143746,76.0,79.0,51.0,54.0,0.6546745562130177,0.6223690507410118,0.1923589189592089,
madelon,GaussianNB,Quantile Binning,10,,0.4483435000001918,0.0211649000011675,,,771.0,781.0,389.0,399.0,0.746039886039886,0.7227016673815825,0.3265076526267733,81.0,73.0,57.0,49.0,0.6223668639053255,0.626462891743713,0.1849659482059426,
madelon,GaussianNB,Quantile Binning + Scaling,1,,0.4110407000007399,0.024447699997836,57.09309577941895,0.1005620956420898,764.0,782.0,388.0,406.0,0.7502951274746148,0.7370916831811152,0.3214055597793688,70.0,77.0,53.0,60.0,0.6152662721893492,0.575024948974558,0.1309592207084951,
madelon,GaussianNB,Quantile Binning + Scaling,2,,0.4203065000001516,0.0383113000025332,,,767.0,784.0,386.0,403.0,0.7496829571188546,0.7379324696595901,0.3256754054935855,74.0,77.0,53.0,56.0,0.620887573964497,0.5938027555385188,0.1615814919257355,
madelon,GaussianNB,Quantile Binning + Scaling,3,,0.3956608000007691,0.0426434999972116,,,765.0,768.0,402.0,405.0,0.7424676747753671,0.722551664616735,0.3102574301707433,79.0,75.0,55.0,51.0,0.6485207100591716,0.6159836862353071,0.184702838615844,
madelon,GaussianNB,Quantile Binning + Scaling,4,,0.4169733000017004,0.0321313999993435,,,775.0,778.0,392.0,395.0,0.7468558696763825,0.7290171115517248,0.3273515034583876,70.0,75.0,55.0,60.0,0.5933727810650888,0.5615344410781782,0.1154700538379251,
madelon,GaussianNB,Quantile Binning + Scaling,5,,0.4303335000004153,0.0442480999990948,,,773.0,774.0,396.0,397.0,0.7421411352180584,0.7250331255762408,0.3222223399161366,76.0,85.0,45.0,54.0,0.6714792899408284,0.6284672003012064,0.2390350620007191,
madelon,GaussianNB,Quantile Binning + Scaling,6,,0.4377105999992636,0.0376785000007657,,,771.0,765.0,405.0,399.0,0.738504638761049,0.7181686322312202,0.3128246262548716,72.0,85.0,45.0,58.0,0.665207100591716,0.6408716581953837,0.2087386231692209,
madelon,GaussianNB,Quantile Binning + Scaling,7,,0.4920058999996399,0.0292222999996738,,,768.0,777.0,393.0,402.0,0.7449821024179999,0.7314902093249177,0.3205223035614937,87.0,79.0,51.0,43.0,0.6797633136094675,0.6511044571251252,0.2774489223089139,
madelon,GaussianNB,Quantile Binning + Scaling,8,,0.4499771999981021,0.0223213999997824,,,777.0,774.0,396.0,393.0,0.7450084009058368,0.7279379723068233,0.3256420961296232,74.0,82.0,48.0,56.0,0.6252662721893492,0.5974286699504262,0.2003797772231045,
madelon,GaussianNB,Quantile Binning + Scaling,9,,0.4623441000003367,0.0232107000010728,,,766.0,771.0,399.0,404.0,0.7435787858864782,0.7238888703027215,0.3136780780143746,76.0,79.0,51.0,54.0,0.6546745562130177,0.6223690507410118,0.1923589189592089,
madelon,GaussianNB,Quantile Binning + Scaling,10,,0.5029011000005994,0.0195801999980176,,,771.0,781.0,389.0,399.0,0.746039886039886,0.7227016673815825,0.3265076526267733,81.0,73.0,57.0,49.0,0.6223668639053255,0.626462891743713,0.1849659482059426,
madelon,GaussianNB,SMOTE,1,,0.3069747999979881,0.017333800002234,57.09171676635742,0.0422992706298828,849.0,808.0,362.0,321.0,0.794821389436774,0.7868481261300884,0.4164951214001599,72.0,73.0,57.0,58.0,0.608224852071006,0.5822432761805333,0.1153880292821377,
madelon,GaussianNB,SMOTE,2,,0.312210199997935,0.0267959000011615,,,851.0,812.0,358.0,319.0,0.7959230038717218,0.7928279699899844,0.4216018096933071,75.0,74.0,56.0,55.0,0.632603550295858,0.5946663478524219,0.1461581704240411,
madelon,GaussianNB,SMOTE,3,,0.2849310000019613,0.0436135999989346,,,858.0,793.0,377.0,312.0,0.7893293885601578,0.7812304738566185,0.4117470142152464,76.0,73.0,57.0,54.0,0.6528402366863905,0.6269092344893907,0.1461927784089988,
madelon,GaussianNB,SMOTE,4,,0.3152360999993107,0.0240909999993164,,,862.0,798.0,372.0,308.0,0.7925056614800204,0.7832796895312728,0.4194313967651101,70.0,72.0,58.0,60.0,0.5953254437869823,0.5891992683153613,0.0923186182344995,
madelon,GaussianNB,SMOTE,5,,0.3749262999990606,0.0224252999978489,,,868.0,794.0,376.0,302.0,0.7889261450799913,0.77889854703501,0.4213564394791244,76.0,77.0,53.0,54.0,0.651242603550296,0.6402339255447986,0.1769283115659445,
madelon,GaussianNB,SMOTE,6,,0.3238550999994913,0.0342257000011159,,,855.0,790.0,380.0,315.0,0.7878837022426766,0.7800479121106205,0.406610876823788,79.0,77.0,53.0,51.0,0.647396449704142,0.6183824175350348,0.2000236728414157,
madelon,GaussianNB,SMOTE,7,,0.3812185999995563,0.0169429000015952,,,842.0,805.0,365.0,328.0,0.7902556797428593,0.7813894535565526,0.407896321771888,85.0,80.0,50.0,45.0,0.6920710059171598,0.6538174809689354,0.2694301256218253,
madelon,GaussianNB,SMOTE,8,,0.3689391000007163,0.0175832999993872,,,857.0,787.0,383.0,313.0,0.7897881510702023,0.7831823617509857,0.4058552390610644,76.0,79.0,51.0,54.0,0.6320118343195266,0.6124567270855155,0.1923589189592089,
madelon,GaussianNB,SMOTE,9,,0.3386872000010044,0.0252385000021604,,,857.0,790.0,380.0,313.0,0.7897275184454673,0.7825317440200097,0.4083624239287034,82.0,77.0,53.0,48.0,0.6540236686390534,0.6395399779188747,0.2232421040866552,
madelon,GaussianNB,SMOTE,10,,0.3682924999993702,0.0160069999983534,,,860.0,799.0,371.0,310.0,0.7894470012418731,0.7777408940677912,0.4185179212902966,82.0,69.0,61.0,48.0,0.6250295857988165,0.6282619752183082,0.1623522624649496,
madelon,GaussianNB,SMOTE + Scaling,1,,0.3311030999975628,0.027258800000709,57.09349250793457,0.0540523529052734,849.0,808.0,362.0,321.0,0.794820658923223,0.7868475732505547,0.4164951214001599,72.0,73.0,57.0,58.0,0.608224852071006,0.5822432761805333,0.1153880292821377,
madelon,GaussianNB,SMOTE + Scaling,2,,0.3577356999994663,0.0290308999974513,,,851.0,812.0,358.0,319.0,0.7959230038717218,0.7928279699899844,0.4216018096933071,75.0,74.0,56.0,55.0,0.632603550295858,0.5946663478524219,0.1461581704240411,
madelon,GaussianNB,SMOTE + Scaling,3,,0.3188135000018519,0.0391057999986514,,,858.0,793.0,377.0,312.0,0.7893293885601578,0.7812304738566185,0.4117470142152464,76.0,73.0,57.0,54.0,0.6528402366863905,0.6269092344893907,0.1461927784089988,
madelon,GaussianNB,SMOTE + Scaling,4,,0.3600108999999065,0.0252121000012266,,,862.0,798.0,372.0,308.0,0.7925056614800203,0.7832796646871366,0.4194313967651101,70.0,72.0,58.0,60.0,0.5953846153846154,0.5892654775365002,0.0923186182344995,
madelon,GaussianNB,SMOTE + Scaling,5,,0.4007304000006115,0.0280779999993683,,,868.0,794.0,376.0,302.0,0.7889254145664403,0.7788983055888394,0.4213564394791244,76.0,77.0,53.0,54.0,0.651242603550296,0.6402339255447986,0.1769283115659445,
madelon,GaussianNB,SMOTE + Scaling,6,,0.388519100000849,0.0331420000002253,,,855.0,790.0,380.0,315.0,0.7878829717291256,0.7800476261278727,0.406610876823788,79.0,77.0,53.0,51.0,0.647396449704142,0.6183824175350348,0.2000236728414157,
madelon,GaussianNB,SMOTE + Scaling,7,,0.4252257000007375,0.0221926000012899,,,842.0,805.0,365.0,328.0,0.7902549492293082,0.7813890551027258,0.407896321771888,85.0,80.0,50.0,45.0,0.6920710059171598,0.6538174809689354,0.2694301256218253,
madelon,GaussianNB,SMOTE + Scaling,8,,0.3918089999970107,0.0280261000007158,,,857.0,787.0,383.0,313.0,0.7897881510702023,0.7831823617509857,0.4058552390610644,76.0,79.0,51.0,54.0,0.6320118343195266,0.6124567270855155,0.1923589189592089,
madelon,GaussianNB,SMOTE + Scaling,9,,0.432562300000427,0.0251489000002038,,,857.0,790.0,380.0,313.0,0.7897275184454673,0.7825317440200097,0.4083624239287034,82.0,77.0,53.0,48.0,0.6540236686390534,0.6395399779188747,0.2232421040866552,
madelon,GaussianNB,SMOTE + Scaling,10,,0.4517594999997527,0.0189893999995547,,,860.0,799.0,371.0,310.0,0.7894470012418731,0.7777408940677912,0.4185179212902966,82.0,69.0,61.0,48.0,0.6250295857988165,0.6282619752183082,0.1623522624649496,
madelon,GaussianNB,Select Percentile (MI),1,,4.6900687999986985,0.012683900000411,57.09162902832031,0.0354557037353515,799.0,735.0,435.0,371.0,0.7305383884871064,0.7102545022574186,0.3115776090255104,75.0,72.0,58.0,55.0,0.6189349112426036,0.5689923430077339,0.1308040648922621,
madelon,GaussianNB,Select Percentile (MI),2,,4.036748800001078,0.0188656999998784,,,798.0,748.0,422.0,372.0,0.7306326247351889,0.7126358935811046,0.3216613780897028,82.0,79.0,51.0,48.0,0.6444378698224852,0.5770070744028033,0.2385250595094191,
madelon,GaussianNB,Select Percentile (MI),3,,3.983290399999533,0.0185251000002608,,,812.0,744.0,426.0,358.0,0.7345401417196289,0.721422465162091,0.330473153807496,88.0,77.0,53.0,42.0,0.6542603550295858,0.6150885909226779,0.2701997901088845,
madelon,GaussianNB,Select Percentile (MI),4,,3.981167699999787,0.0171880999987479,,,805.0,741.0,429.0,365.0,0.7343597048725254,0.7156038544502268,0.3218493983340437,78.0,74.0,56.0,52.0,0.6057988165680473,0.6065925577584348,0.169310935397857,
madelon,GaussianNB,Select Percentile (MI),5,,4.063813500000833,0.0134437999986403,,,819.0,754.0,416.0,351.0,0.7411133026517642,0.718388642791726,0.3449772281262875,79.0,82.0,48.0,51.0,0.6525443786982249,0.6562653088048797,0.2385250595094191,
madelon,GaussianNB,Select Percentile (MI),6,,4.205106900000828,0.0100477999985741,,,808.0,728.0,442.0,362.0,0.730834976988823,0.7134418660634803,0.3135543497947833,79.0,78.0,52.0,51.0,0.6458579881656805,0.5902526233284919,0.2076984527078479,
madelon,GaussianNB,Select Percentile (MI),7,,4.041703300001245,0.0138839999999618,,,788.0,767.0,403.0,382.0,0.7289758200014611,0.7123349777943875,0.3291128462475077,87.0,75.0,55.0,43.0,0.6763313609467456,0.6189959518750324,0.2472092986436386,
madelon,GaussianNB,Select Percentile (MI),8,,4.036868200000754,0.0119693999986338,,,828.0,734.0,436.0,342.0,0.7324523339907956,0.7138474601990477,0.3361293180472308,77.0,76.0,54.0,53.0,0.6334319526627219,0.6142193056102091,0.1769283115659445,
madelon,GaussianNB,Select Percentile (MI),9,,3.857403500001965,0.0181585999998787,,,814.0,742.0,428.0,356.0,0.7305223171889839,0.7124112374669236,0.3305410000346938,81.0,75.0,55.0,49.0,0.6598224852071005,0.6570862288663852,0.2002133586809516,
madelon,GaussianNB,Select Percentile (MI),10,,3.930807199998526,0.0216805999989446,,,825.0,742.0,428.0,345.0,0.7348411133026518,0.704535196094487,0.3401732812986496,83.0,70.0,60.0,47.0,0.6094082840236686,0.6018877297447154,0.1778143826997067,
madelon,GaussianNB,Select Percentile (MI) + Scaling,1,,4.717613799999526,0.0140563999993901,57.09304618835449,0.0414838790893554,799.0,735.0,435.0,371.0,0.7305361969464533,0.710252398798987,0.3115776090255104,75.0,72.0,58.0,55.0,0.6189349112426036,0.5689923430077339,0.1308040648922621,
madelon,GaussianNB,Select Percentile (MI) + Scaling,2,,4.053048600002512,0.0173940999993647,,,798.0,748.0,422.0,372.0,0.7306326247351889,0.7126358935811046,0.3216613780897028,82.0,79.0,51.0,48.0,0.6444378698224852,0.5770070744028033,0.2385250595094191,
madelon,GaussianNB,Select Percentile (MI) + Scaling,3,,3.9736011999993934,0.0260378999992099,,,812.0,744.0,426.0,358.0,0.7345408722331799,0.721422192710436,0.330473153807496,88.0,77.0,53.0,42.0,0.6542603550295858,0.6150885909226779,0.2701997901088845,
madelon,GaussianNB,Select Percentile (MI) + Scaling,4,,3.9595052000004216,0.0229867000016383,,,805.0,741.0,429.0,365.0,0.7343597048725254,0.7156038544502268,0.3218493983340437,78.0,74.0,56.0,52.0,0.6057988165680473,0.6065925577584348,0.169310935397857,
madelon,GaussianNB,Select Percentile (MI) + Scaling,5,,4.032210199999099,0.0140027999987069,,,819.0,754.0,416.0,351.0,0.7411133026517642,0.718388642791726,0.3449772281262875,79.0,82.0,48.0,51.0,0.6525443786982249,0.6562653088048797,0.2385250595094191,
madelon,GaussianNB,Select Percentile (MI) + Scaling,6,,4.002187699999922,0.0127420999997411,,,808.0,728.0,442.0,362.0,0.730834976988823,0.7134418660634803,0.3135543497947833,79.0,78.0,52.0,51.0,0.6458579881656805,0.5902526233284919,0.2076984527078479,
madelon,GaussianNB,Select Percentile (MI) + Scaling,7,,3.974495200000092,0.0246589000016683,,,788.0,767.0,403.0,382.0,0.7289758200014611,0.7123345304518576,0.3291128462475077,87.0,75.0,55.0,43.0,0.6763313609467456,0.6189959518750324,0.2472092986436386,
madelon,GaussianNB,Select Percentile (MI) + Scaling,8,,4.0342505000007804,0.0184396000004198,,,828.0,734.0,436.0,342.0,0.7324516034772445,0.713846732075489,0.3361293180472308,77.0,76.0,54.0,53.0,0.6334319526627219,0.6142193056102091,0.1769283115659445,
madelon,GaussianNB,Select Percentile (MI) + Scaling,9,,4.105963200003316,0.0174981000018306,,,814.0,742.0,428.0,356.0,0.7305223171889839,0.7124112374669236,0.3305410000346938,81.0,75.0,55.0,49.0,0.6598224852071005,0.6570862288663852,0.2002133586809516,
madelon,GaussianNB,Select Percentile (MI) + Scaling,10,,4.098052299999836,0.0173419000020658,,,825.0,742.0,428.0,345.0,0.7348396522755496,0.7045339126126122,0.3401732812986496,83.0,70.0,60.0,47.0,0.6094082840236686,0.6018877297447154,0.1778143826997067,
madelon,GaussianNB,Random Undersampling,1,,0.305864300000394,0.0172285000007832,57.091535568237305,0.060068130493164,849.0,808.0,362.0,321.0,0.794821389436774,0.7868481261300884,0.4164951214001599,72.0,73.0,57.0,58.0,0.608224852071006,0.5822432761805333,0.1153880292821377,
madelon,GaussianNB,Random Undersampling,2,,0.2858138000010513,0.0438586999989638,,,851.0,812.0,358.0,319.0,0.7959230038717218,0.7928279699899844,0.4216018096933071,75.0,74.0,56.0,55.0,0.632603550295858,0.5946663478524219,0.1461581704240411,
madelon,GaussianNB,Random Undersampling,3,,0.3398343999979261,0.0221025999999255,,,858.0,793.0,377.0,312.0,0.7893293885601578,0.7812304738566185,0.4117470142152464,76.0,73.0,57.0,54.0,0.6528402366863905,0.6269092344893907,0.1461927784089988,
madelon,GaussianNB,Random Undersampling,4,,0.334544299999834,0.031481400001212,,,862.0,798.0,372.0,308.0,0.7925056614800204,0.7832796895312728,0.4194313967651101,70.0,72.0,58.0,60.0,0.5953254437869823,0.5891992683153613,0.0923186182344995,
madelon,GaussianNB,Random Undersampling,5,,0.3003652000006696,0.0365472999983467,,,868.0,794.0,376.0,302.0,0.7889261450799913,0.77889854703501,0.4213564394791244,76.0,77.0,53.0,54.0,0.651242603550296,0.6402339255447986,0.1769283115659445,
madelon,GaussianNB,Random Undersampling,6,,0.3493707999987236,0.0295803000008163,,,855.0,790.0,380.0,315.0,0.7878837022426766,0.7800479121106205,0.406610876823788,79.0,77.0,53.0,51.0,0.647396449704142,0.6183824175350348,0.2000236728414157,
madelon,GaussianNB,Random Undersampling,7,,0.3216713000001618,0.0296723999999812,,,842.0,805.0,365.0,328.0,0.7902556797428593,0.7813894535565526,0.407896321771888,85.0,80.0,50.0,45.0,0.6920710059171598,0.6538174809689354,0.2694301256218253,
madelon,GaussianNB,Random Undersampling,8,,0.3752851999997801,0.0206774999969638,,,857.0,787.0,383.0,313.0,0.7897881510702023,0.7831823617509857,0.4058552390610644,76.0,79.0,51.0,54.0,0.6320118343195266,0.6124567270855155,0.1923589189592089,
madelon,GaussianNB,Random Undersampling,9,,0.3729822000022977,0.0256962999992538,,,857.0,790.0,380.0,313.0,0.7897275184454673,0.7825317440200097,0.4083624239287034,82.0,77.0,53.0,48.0,0.6540236686390534,0.6395399779188747,0.2232421040866552,
madelon,GaussianNB,Random Undersampling,10,,0.3748196000015014,0.0179242999984126,,,860.0,799.0,371.0,310.0,0.7894470012418731,0.7777408940677912,0.4185179212902966,82.0,69.0,61.0,48.0,0.6250295857988165,0.6282619752183082,0.1623522624649496,
madelon,GaussianNB,Random Undersampling + Scaling,1,,0.3137645999995584,0.0194446000023162,57.09372329711914,0.0718278884887695,849.0,808.0,362.0,321.0,0.794820658923223,0.7868475732505547,0.4164951214001599,72.0,73.0,57.0,58.0,0.608224852071006,0.5822432761805333,0.1153880292821377,
madelon,GaussianNB,Random Undersampling + Scaling,2,,0.3281586999983119,0.0321852000015496,,,851.0,812.0,358.0,319.0,0.7959230038717218,0.7928279699899844,0.4216018096933071,75.0,74.0,56.0,55.0,0.632603550295858,0.5946663478524219,0.1461581704240411,
madelon,GaussianNB,Random Undersampling + Scaling,3,,0.3401482999979635,0.0255045000012614,,,858.0,793.0,377.0,312.0,0.7893293885601578,0.7812304738566185,0.4117470142152464,76.0,73.0,57.0,54.0,0.6528402366863905,0.6269092344893907,0.1461927784089988,
madelon,GaussianNB,Random Undersampling + Scaling,4,,0.3773072999974829,0.0290404000006674,,,862.0,798.0,372.0,308.0,0.7925056614800203,0.7832796646871366,0.4194313967651101,70.0,72.0,58.0,60.0,0.5953846153846154,0.5892654775365002,0.0923186182344995,
madelon,GaussianNB,Random Undersampling + Scaling,5,,0.3393009999999776,0.0342493999996804,,,868.0,794.0,376.0,302.0,0.7889254145664403,0.7788983055888394,0.4213564394791244,76.0,77.0,53.0,54.0,0.651242603550296,0.6402339255447986,0.1769283115659445,
madelon,GaussianNB,Random Undersampling + Scaling,6,,0.3683711000012408,0.0381051000003935,,,855.0,790.0,380.0,315.0,0.7878829717291256,0.7800476261278727,0.406610876823788,79.0,77.0,53.0,51.0,0.647396449704142,0.6183824175350348,0.2000236728414157,
madelon,GaussianNB,Random Undersampling + Scaling,7,,0.3884398000009241,0.0190872999992279,,,842.0,805.0,365.0,328.0,0.7902549492293082,0.7813890551027258,0.407896321771888,85.0,80.0,50.0,45.0,0.6920710059171598,0.6538174809689354,0.2694301256218253,
madelon,GaussianNB,Random Undersampling + Scaling,8,,0.4398608999981661,0.0280214000013074,,,857.0,787.0,383.0,313.0,0.7897881510702023,0.7831823617509857,0.4058552390610644,76.0,79.0,51.0,54.0,0.6320118343195266,0.6124567270855155,0.1923589189592089,
madelon,GaussianNB,Random Undersampling + Scaling,9,,0.4688857000001007,0.01541079999879,,,857.0,790.0,380.0,313.0,0.7897275184454673,0.7825317440200097,0.4083624239287034,82.0,77.0,53.0,48.0,0.6540236686390534,0.6395399779188747,0.2232421040866552,
madelon,GaussianNB,Random Undersampling + Scaling,10,,0.3843482000011136,0.0169648999981291,,,860.0,799.0,371.0,310.0,0.7894470012418731,0.7777408940677912,0.4185179212902966,82.0,69.0,61.0,48.0,0.6250295857988165,0.6282619752183082,0.1623522624649496,
madelon,LogisticRegression,Baseline,1,False,0.8334725000022445,0.0165592000012111,57.09019660949707,0.030527114868164,857.0,860.0,310.0,313.0,0.8061231645847029,0.7993593370712915,0.4675229044170706,64.0,76.0,54.0,66.0,0.5709467455621302,0.5815701449348594,0.077252905826137,
madelon,LogisticRegression,Baseline,2,False,4.636173899998539,0.026190000000497,,,856.0,856.0,314.0,314.0,0.8062941047556431,0.8012590966185406,0.4632478632478632,62.0,70.0,60.0,68.0,0.5453846153846154,0.5729230608343541,0.0154138290171618,
madelon,LogisticRegression,Baseline,3,False,4.8925659000015,0.0370289999991655,,,858.0,856.0,314.0,312.0,0.8018423551756885,0.7925269546797122,0.4649579442739191,89.0,69.0,61.0,41.0,0.6033727810650887,0.5753955178227503,0.2179797043652264,
madelon,LogisticRegression,Baseline,4,False,4.914395100000547,0.0260729000001447,,,861.0,840.0,330.0,309.0,0.8040280517203594,0.7925527555033737,0.4539192762530561,72.0,79.0,51.0,58.0,0.580828402366864,0.5581733756094973,0.1617731549928469,
madelon,LogisticRegression,Baseline,5,False,5.057311400003528,0.0167326999981014,,,843.0,857.0,313.0,327.0,0.8020812331068742,0.797836081344181,0.4530238862810604,80.0,72.0,58.0,50.0,0.6027810650887574,0.5803563294489164,0.1695521191887807,
madelon,LogisticRegression,Baseline,6,False,5.001996499999223,0.0257539999984146,,,840.0,825.0,345.0,330.0,0.7961604207758055,0.7901740185041877,0.4231116969990692,64.0,77.0,53.0,66.0,0.5998224852071006,0.6194959935670754,0.0850416612911641,
madelon,LogisticRegression,Baseline,7,False,5.029456799999025,0.0167819000016606,,,845.0,854.0,316.0,325.0,0.8029600409087589,0.7985053294534921,0.4521501295574138,78.0,71.0,59.0,52.0,0.5915976331360947,0.6113866837403168,0.146366187850671,
madelon,LogisticRegression,Baseline,8,False,4.969620200001373,0.0227476000000024,,,860.0,848.0,322.0,310.0,0.8056081525312295,0.8004268939978763,0.4598532473552366,69.0,73.0,57.0,61.0,0.5531952662721893,0.5396431115158464,0.092351419307922,
madelon,LogisticRegression,Baseline,9,False,4.957046999999875,0.0271606000023894,,,845.0,856.0,314.0,325.0,0.8055212214186573,0.8045096670384738,0.453866213392304,68.0,69.0,61.0,62.0,0.5432544378698225,0.5257166535215805,0.0538477469983309,
madelon,LogisticRegression,Baseline,10,False,5.00628350000261,0.0214742999996815,,,860.0,851.0,319.0,310.0,0.8033179925487618,0.7959994136402293,0.4624068432713816,75.0,65.0,65.0,55.0,0.5559763313609467,0.5688071446849399,0.0771516749810459,
madelon,LogisticRegression,Standard Scaling,1,True,0.2301418999995803,0.0187164999988453,57.09158229827881,0.0423030853271484,862.0,866.0,304.0,308.0,0.8122339104390385,0.8051125886391807,0.476925864137674,72.0,76.0,54.0,58.0,0.5662130177514793,0.5725946105810946,0.138527128961883,
madelon,LogisticRegression,Standard Scaling,2,True,0.4385557999994489,0.0280390999978408,,,868.0,860.0,310.0,302.0,0.8137972094382352,0.8089138265596612,0.4769342260746752,66.0,73.0,57.0,64.0,0.5476923076923077,0.5658428716086853,0.0693313521397915,
madelon,LogisticRegression,Standard Scaling,3,True,0.327951999999641,0.0334184000021196,,,870.0,854.0,316.0,300.0,0.808366571699905,0.8011165313530032,0.47354855508014,85.0,69.0,61.0,45.0,0.594319526627219,0.5657490125671824,0.186029743883145,
madelon,LogisticRegression,Standard Scaling,4,True,0.3187911999993957,0.031849000002694,,,870.0,855.0,315.0,300.0,0.8093206223975454,0.8002429835578264,0.4743979633019867,71.0,80.0,50.0,59.0,0.5779289940828403,0.5464811482691614,0.1619269774843581,
madelon,LogisticRegression,Standard Scaling,5,True,0.3603786999992735,0.0265440000002854,,,854.0,853.0,317.0,316.0,0.8090824749799108,0.8049113843056193,0.4589745266179452,79.0,75.0,55.0,51.0,0.6035502958579881,0.5762417240696229,0.184702838615844,
madelon,LogisticRegression,Standard Scaling,6,True,0.4398484000012104,0.0234977999971306,,,850.0,835.0,335.0,320.0,0.8018335890130763,0.7964389379247234,0.4402071191000417,70.0,78.0,52.0,60.0,0.6068639053254438,0.6261766365430536,0.1387244611544569,
madelon,LogisticRegression,Standard Scaling,7,True,0.4425083000023733,0.0205464999999094,,,852.0,847.0,323.0,318.0,0.8078077288333698,0.8038648052180026,0.4521408808436081,79.0,69.0,61.0,51.0,0.5904142011834319,0.6098922398407987,0.1388730149658827,
madelon,LogisticRegression,Standard Scaling,8,True,0.4292891000004601,0.0271814000006997,,,860.0,852.0,318.0,310.0,0.811268902038133,0.8081153009743635,0.4632586927105268,70.0,77.0,53.0,60.0,0.5559171597633136,0.5374836098100668,0.1309592207084951,
madelon,LogisticRegression,Standard Scaling,9,True,0.3294470000000729,0.0257538999976532,,,853.0,853.0,317.0,317.0,0.8110168748630289,0.8086818802612572,0.4581196581196581,69.0,65.0,65.0,61.0,0.5429585798816569,0.5369690564107803,0.030783806435974,
madelon,LogisticRegression,Standard Scaling,10,True,0.4341824999974051,0.0195101999997859,,,864.0,844.0,326.0,306.0,0.8088143765066843,0.8033022947083834,0.4598962568277861,72.0,69.0,61.0,58.0,0.5539053254437869,0.5671269785421488,0.0846379243420519,
madelon,LogisticRegression,MinMax Scaling,1,True,0.2772769999974116,0.0186818000001949,57.09177780151367,0.0500202178955078,868.0,868.0,302.0,302.0,0.8072335451822632,0.7985353530450207,0.4837606837606837,69.0,78.0,52.0,61.0,0.5662721893491124,0.5738951308575364,0.1310837436778137,
madelon,LogisticRegression,MinMax Scaling,2,True,0.4024317000003066,0.0288467999998829,,,852.0,864.0,306.0,318.0,0.8067185331287895,0.8017269920960758,0.4666912138586602,69.0,75.0,55.0,61.0,0.5649704142011834,0.5776199835154663,0.107807193135897,
madelon,LogisticRegression,MinMax Scaling,3,True,0.6595104000007268,0.0189214000020001,,,864.0,851.0,319.0,306.0,0.8028687267148806,0.7941316283283663,0.465840722299681,85.0,71.0,59.0,45.0,0.5984615384615385,0.5690026695590698,0.2011699496918062,
madelon,LogisticRegression,MinMax Scaling,4,True,0.677112200002739,0.0266355999992811,,,874.0,850.0,320.0,296.0,0.8057681349989042,0.7954560088505522,0.4736039245244501,71.0,80.0,50.0,59.0,0.5739644970414202,0.5522192925999144,0.1619269774843581,
madelon,LogisticRegression,MinMax Scaling,5,True,0.60384250000061,0.0348506000009365,,,845.0,860.0,310.0,325.0,0.8033983490393747,0.7981984857872275,0.4573025412010142,81.0,72.0,58.0,49.0,0.6127218934911243,0.5863449301963828,0.1773485943876303,
madelon,LogisticRegression,MinMax Scaling,6,True,0.6883267000011983,0.0294585999981791,,,852.0,838.0,332.0,318.0,0.7967411790488714,0.7896261458378552,0.4444762657851913,70.0,81.0,49.0,60.0,0.6194082840236687,0.6304679870633126,0.1621198740653307,
madelon,LogisticRegression,MinMax Scaling,7,True,0.7889360999979544,0.0182210999992094,,,854.0,841.0,329.0,316.0,0.8029008693111258,0.7985884921788236,0.4487456499217111,81.0,72.0,58.0,49.0,0.6042011834319526,0.6212968630311896,0.1773485943876303,
madelon,LogisticRegression,MinMax Scaling,8,True,0.757990999998583,0.0228848000006109,,,853.0,857.0,313.0,317.0,0.8068916648403828,0.8026881406744695,0.4615411588429104,73.0,81.0,49.0,57.0,0.5619526627218935,0.5430941399684672,0.1849659482059426,
madelon,LogisticRegression,MinMax Scaling,9,True,0.7328612000019348,0.0181121999994502,,,856.0,855.0,315.0,314.0,0.8057907809189859,0.8009353433094576,0.4623933312854904,73.0,66.0,64.0,57.0,0.5537869822485209,0.5470777785794847,0.0693313521397915,
madelon,LogisticRegression,MinMax Scaling,10,True,0.643690400000196,0.0271848000011232,,,863.0,843.0,327.0,307.0,0.8043180656001169,0.7978142939541832,0.4581866053154151,77.0,70.0,60.0,53.0,0.5543786982248521,0.5688521508761757,0.1309592207084951,
madelon,LogisticRegression,IQR Capping,1,False,2.3719725999981165,0.3431137000006856,57.09239196777344,0.0461664199829101,851.0,856.0,314.0,319.0,0.8057447585652714,0.7982922512068853,0.4589785501191257,64.0,75.0,55.0,66.0,0.5726627218934911,0.5769073100834985,0.0694799460279988,
madelon,LogisticRegression,IQR Capping,2,False,5.828615200000058,0.4433659999995143,,,854.0,858.0,312.0,316.0,0.8068471035137703,0.8009482934387181,0.4632505705423286,61.0,73.0,57.0,69.0,0.5450295857988166,0.5765420984423537,0.0309011623304548,
madelon,LogisticRegression,IQR Capping,3,False,5.542664499997045,0.5402154000003065,,,856.0,855.0,315.0,314.0,0.8013894367740522,0.7918106096900546,0.4623933312854904,90.0,69.0,61.0,40.0,0.6067455621301775,0.5794266936478767,0.2260457131619814,
madelon,LogisticRegression,IQR Capping,4,False,5.747652099998959,0.4764073000005737,,,853.0,842.0,328.0,317.0,0.805321060705676,0.7939348872922736,0.4487377816025604,75.0,78.0,52.0,55.0,0.5821301775147929,0.553325248821765,0.1769702054424722,
madelon,LogisticRegression,IQR Capping,5,False,5.681100699999661,0.5156731999995827,,,849.0,853.0,317.0,321.0,0.802047629483527,0.797735519964286,0.4547035120452376,80.0,69.0,61.0,50.0,0.6005917159763314,0.5768278912272893,0.1466798860591087,
madelon,LogisticRegression,IQR Capping,6,False,5.78817429999981,0.5042219999995723,,,842.0,826.0,344.0,328.0,0.7963196727299291,0.7890846465737839,0.42568083110092,65.0,76.0,54.0,65.0,0.5997041420118343,0.6175539553470564,0.0849199340342208,
madelon,LogisticRegression,IQR Capping,7,False,5.652233600001637,0.5189557000012428,,,843.0,856.0,314.0,327.0,0.8043502081963619,0.7979266466152927,0.4521646643973051,77.0,73.0,57.0,53.0,0.5855029585798817,0.6052459301444839,0.15391903217987,
madelon,LogisticRegression,IQR Capping,8,False,5.82124499999918,0.4977877999990596,,,860.0,847.0,323.0,310.0,0.8042727737599533,0.7978909743725959,0.4590026933484931,70.0,76.0,54.0,60.0,0.5510059171597634,0.5376390181677558,0.1232082207267394,
madelon,LogisticRegression,IQR Capping,9,False,5.8466412000016135,0.4949598999992304,,,852.0,847.0,323.0,318.0,0.8052779604061656,0.8032799160858007,0.4521408808436081,69.0,69.0,61.0,61.0,0.5460946745562131,0.5285674444877001,0.0615384615384615,
madelon,LogisticRegression,IQR Capping,10,False,5.7534037999976135,0.5124838000010641,,,861.0,853.0,317.0,309.0,0.8047286142157937,0.7967271723264852,0.4649681343810454,72.0,68.0,62.0,58.0,0.5549112426035503,0.5678804636095081,0.076959516089935,
madelon,LogisticRegression,IQR Capping + Scaling,1,True,1.786728499999299,0.3406649000025936,57.09300994873047,0.0579423904418945,860.0,861.0,309.0,310.0,0.8126707575425525,0.8049277870539946,0.4709403429543534,69.0,74.0,56.0,61.0,0.5672781065088758,0.5760177367885482,0.1000740466595351,
madelon,LogisticRegression,IQR Capping + Scaling,2,True,1.2153735000028971,0.4634757000021636,,,874.0,862.0,308.0,296.0,0.8139257798232157,0.8080389169074242,0.4837861301172191,64.0,73.0,57.0,66.0,0.5479881656804734,0.5672406311160897,0.0539756591614527,
madelon,LogisticRegression,IQR Capping + Scaling,3,True,1.2225005000000235,0.4739352999968105,,,871.0,860.0,310.0,299.0,0.8097698882314268,0.8013314222787795,0.4795083723410217,85.0,69.0,61.0,45.0,0.5937278106508876,0.5693206890941307,0.186029743883145,
madelon,LogisticRegression,IQR Capping + Scaling,4,True,1.1573414000013145,0.4824711000001116,,,868.0,851.0,319.0,302.0,0.810333844692819,0.8006111486646437,0.4692803087033555,71.0,79.0,51.0,59.0,0.5820118343195266,0.5490249409525954,0.1541382901716188,
madelon,LogisticRegression,IQR Capping + Scaling,5,True,1.217773499996838,0.4930260000000999,,,855.0,856.0,314.0,315.0,0.8099306012126525,0.8056928293883765,0.4623933312854904,81.0,74.0,56.0,49.0,0.6022485207100592,0.5730094573475077,0.1925870892771987,
madelon,LogisticRegression,IQR Capping + Scaling,6,True,1.1690056000006734,0.4709756000011111,,,855.0,830.0,340.0,315.0,0.8021856965446709,0.7955457601723621,0.4402714592292389,72.0,79.0,51.0,58.0,0.6131360946745562,0.6303507369182694,0.1617731549928469,
madelon,LogisticRegression,IQR Capping + Scaling,7,True,1.2729394999987562,0.438009299999976,,,854.0,852.0,318.0,316.0,0.8084089414858646,0.8031861289230111,0.4581203274463614,81.0,73.0,57.0,49.0,0.5927810650887574,0.6118809893576156,0.1849659482059426,
madelon,LogisticRegression,IQR Capping + Scaling,8,True,1.2242029000008188,0.4712316000004648,,,857.0,860.0,310.0,313.0,0.8119672729929139,0.8075479820059359,0.4675229044170706,72.0,77.0,53.0,58.0,0.5556804733727811,0.5363080903864781,0.1462620681947052,
madelon,LogisticRegression,IQR Capping + Scaling,9,True,1.2518490000002205,0.4400745000020833,,,857.0,859.0,311.0,313.0,0.8114084301263789,0.807996854424459,0.4666673484808085,70.0,65.0,65.0,60.0,0.5497041420118343,0.5434464859409684,0.038490017945975,
madelon,LogisticRegression,IQR Capping + Scaling,10,True,1.271834499999386,0.4566548000002512,,,869.0,851.0,319.0,301.0,0.8096895317408138,0.8028803188678983,0.4701411113793958,73.0,69.0,61.0,57.0,0.5532544378698225,0.5670562998527195,0.092351419307922,
madelon,LogisticRegression,IQR Removal,1,True,1.5479309000002104,0.0165837999993527,57.09174919128418,0.0307159423828125,838.0,465.0,705.0,332.0,0.5812535612535613,0.5569348273258666,0.1199332264462612,85.0,51.0,79.0,45.0,0.5556804733727811,0.5577599371632406,0.0478182534797503,
madelon,LogisticRegression,IQR Removal,2,True,2.726500299999316,0.0245102000008046,,,709.0,583.0,587.0,461.0,0.5734692088538242,0.569540614744458,0.1048834780444459,80.0,53.0,77.0,50.0,0.5321301775147929,0.5509733497143664,0.0235913512135461,
madelon,LogisticRegression,IQR Removal,3,True,2.8403145000011136,0.0177737000012712,,,657.0,708.0,462.0,513.0,0.6089991964350939,0.5859731348922272,0.1668252314773383,79.0,78.0,52.0,51.0,0.6349704142011834,0.6037707344258789,0.2076984527078479,
madelon,LogisticRegression,IQR Removal,4,True,2.7730233000002045,0.0273610999975062,,,841.0,484.0,686.0,329.0,0.5972371977500184,0.5930060351453428,0.1391127406952458,84.0,45.0,85.0,46.0,0.5233136094674556,0.536381303950044,-0.0080637295132455,
madelon,LogisticRegression,IQR Removal,5,True,2.7431647000012163,0.0275684000007458,,,658.0,727.0,443.0,512.0,0.6200642851924903,0.5923097597811153,0.1840810772773759,73.0,80.0,50.0,57.0,0.6013609467455622,0.5740893953241762,0.1771801221350228,
madelon,LogisticRegression,IQR Removal,6,True,2.808514699998341,0.0261972000007517,,,619.0,738.0,432.0,551.0,0.6145299145299146,0.5819873668723229,0.1606622296843508,67.0,90.0,40.0,63.0,0.6368639053254438,0.6190904466045438,0.211021234754508,
madelon,LogisticRegression,IQR Removal,7,True,2.7930550999990373,0.0166401999995287,,,770.0,610.0,560.0,400.0,0.6169683687632406,0.6021342800820464,0.1811894002124534,92.0,64.0,66.0,38.0,0.6315384615384616,0.5846616888047472,0.2048069634581866,
madelon,LogisticRegression,IQR Removal,8,True,2.7700847999985854,0.0201191000014659,,,662.0,655.0,515.0,508.0,0.5958302286507414,0.5850871171956809,0.1256432743719551,75.0,70.0,60.0,55.0,0.5715384615384616,0.5502223299905864,0.1154700538379251,
madelon,LogisticRegression,IQR Removal,9,True,2.802597199999582,0.0235872000012022,,,942.0,283.0,887.0,228.0,0.5599130688874279,0.559840153816863,0.056891238290021,106.0,26.0,104.0,24.0,0.5314792899408284,0.547568578913215,0.0195180014589706,
madelon,LogisticRegression,IQR Removal,10,True,2.7795428999997966,0.0176610000016808,,,603.0,786.0,384.0,567.0,0.6237804076265614,0.5930579644778113,0.1895119673926964,70.0,86.0,44.0,60.0,0.6101775147928995,0.5808897119781484,0.2015322225400738,
madelon,LogisticRegression,IQR Removal + Scaling,1,True,1.5133717999997316,0.0189211999968392,57.093204498291016,0.0424833297729492,993.0,253.0,917.0,177.0,0.5423931623931624,0.5355556729586347,0.0838615105554154,104.0,28.0,102.0,26.0,0.5023076923076923,0.5393690877615678,0.0189626707996191,
madelon,LogisticRegression,IQR Removal + Scaling,2,True,2.6707561000002897,0.0178750999984913,,,697.0,547.0,623.0,473.0,0.5512411425231938,0.5517838359862681,0.063774148432719,63.0,49.0,81.0,67.0,0.4601775147928993,0.4891305143413639,-0.1392715036327889,
madelon,LogisticRegression,IQR Removal + Scaling,3,True,2.7311598000014783,0.0265073999980813,,,601.0,685.0,485.0,569.0,0.5707246694426181,0.5667123671365017,0.0994018136274557,69.0,77.0,53.0,61.0,0.560887573964497,0.543917699394225,0.1233106321372951,
madelon,LogisticRegression,IQR Removal + Scaling,4,True,2.6917142999991484,0.034029599999485,,,881.0,354.0,816.0,289.0,0.5396471619548543,0.557222692060833,0.0622252928245819,98.0,37.0,93.0,32.0,0.5622485207100593,0.5467192613633617,0.0435540730646634,
madelon,LogisticRegression,IQR Removal + Scaling,5,True,2.736915299999964,0.0203868999997212,,,655.0,628.0,542.0,515.0,0.5775703119292863,0.5692204549331414,0.0966069237439582,74.0,70.0,60.0,56.0,0.5811834319526628,0.5619006466527858,0.107743322525909,
madelon,LogisticRegression,IQR Removal + Scaling,6,True,2.776379700000689,0.0253354999986186,,,440.0,810.0,360.0,730.0,0.5543443640879538,0.5509481288287873,0.0720749970156447,42.0,94.0,36.0,88.0,0.5605917159763314,0.5701523325167346,0.0503579746698443,
madelon,LogisticRegression,IQR Removal + Scaling,7,True,2.76784459999908,0.0275657999991381,,,865.0,411.0,759.0,305.0,0.5709949594564979,0.5727204700798636,0.0983006391585029,95.0,43.0,87.0,35.0,0.5331952662721894,0.5202861020720322,0.0671439662264592,
madelon,LogisticRegression,IQR Removal + Scaling,8,True,2.735603999997693,0.0154861000009987,,,651.0,596.0,574.0,519.0,0.5544627072832201,0.5560375909064604,0.0658848023059027,67.0,61.0,69.0,63.0,0.5061538461538462,0.5124901503493215,-0.0154010275908424,
madelon,LogisticRegression,IQR Removal + Scaling,9,True,2.694149400002061,0.0218982999977015,,,1022.0,185.0,985.0,148.0,0.5409226386149464,0.5534050160878151,0.0452591007847273,111.0,12.0,118.0,19.0,0.4959171597633136,0.4937665796099014,-0.0830805670237529,
madelon,LogisticRegression,IQR Removal + Scaling,10,True,2.7118408999995154,0.0192406999995,,,563.0,725.0,445.0,607.0,0.5805968295711885,0.5704580552510131,0.1018356005390855,67.0,75.0,55.0,63.0,0.573431952662722,0.5513685475932028,0.0924829741029713,
madelon,LogisticRegression,Yeo-Johnson,1,True,4.284029300000839,0.0293998000015562,57.09159469604492,0.0345373153686523,1170.0,0.0,1170.0,0.0,0.5040024837460735,0.4997925716126399,0.0,130.0,0.0,130.0,0.0,0.4997041420118343,0.5055420423860266,0.0,
madelon,LogisticRegression,Yeo-Johnson,2,True,2.1253419000022404,0.0499509000001126,,,1170.0,0.0,1170.0,0.0,0.5,0.5,0.0,130.0,0.0,130.0,0.0,0.5,0.5,0.0,
madelon,LogisticRegression,Yeo-Johnson,3,True,1.9751421000000848,0.0519385000006877,,,1170.0,0.0,1170.0,0.0,0.5047410329461611,0.500708983750559,0.0,130.0,0.0,130.0,0.0,0.4935502958579882,0.4961929916622527,0.0,
madelon,LogisticRegression,Yeo-Johnson,4,True,2.1243816999995038,0.040569199998572,,,0.0,1170.0,0.0,1170.0,0.5023869530279786,0.5004871020175351,0.0,0.0,130.0,0.0,130.0,0.4417455621301775,0.4839772777418953,0.0,
madelon,LogisticRegression,Yeo-Johnson,5,True,2.149885599999834,0.0394240999994508,,,613.0,584.0,586.0,557.0,0.5147585652713857,0.5176923006214798,0.023084015136021,67.0,56.0,74.0,63.0,0.4913313609467455,0.4914145803213989,-0.0540399580217769,
madelon,LogisticRegression,Yeo-Johnson,6,True,2.075325800000428,0.0432129000000713,,,1170.0,0.0,1170.0,0.0,0.5038899846592155,0.5000381115984531,0.0,130.0,0.0,130.0,0.0,0.4995266272189349,0.501589223407559,0.0,
madelon,LogisticRegression,Yeo-Johnson,7,True,2.2142311000025074,0.0395121000001381,,,1170.0,0.0,1170.0,0.0,0.5062166703192343,0.5018839255781153,0.0,130.0,0.0,130.0,0.0,0.4820414201183432,0.487440641564738,0.0,
madelon,LogisticRegression,Yeo-Johnson,8,True,1.9780856000033964,0.0524562000027799,,,623.0,578.0,592.0,547.0,0.5175969756738987,0.5166148262958927,0.0265153456961161,57.0,62.0,68.0,73.0,0.4641715976331361,0.4891901352910202,-0.0846780394811451,
madelon,LogisticRegression,Yeo-Johnson,9,True,2.155711800001882,0.0347548999998252,,,1170.0,0.0,1170.0,0.0,0.5044641683103221,0.500799630947697,0.0,130.0,0.0,130.0,0.0,0.4956508875739645,0.4985063213889126,0.0,
madelon,LogisticRegression,Yeo-Johnson,10,True,2.1850876999997126,0.0355823999998392,,,613.0,549.0,621.0,557.0,0.5020801373365475,0.5047594305762355,-0.0068478595390222,65.0,58.0,72.0,65.0,0.4928402366863905,0.5202575519905034,-0.0539243849976156,
madelon,LogisticRegression,Yeo-Johnson + Scaling,1,True,4.304114099999424,0.0318117000024358,57.093048095703125,0.0462894439697265,856.0,856.0,314.0,314.0,0.8069866316020163,0.7993142914514602,0.4632478632478632,64.0,75.0,55.0,66.0,0.5652662721893491,0.5793348555487811,0.0694799460279988,
madelon,LogisticRegression,Yeo-Johnson + Scaling,2,True,2.3309329000003345,0.0307921999992686,,,854.0,861.0,309.0,316.0,0.8096946453356709,0.805790935751336,0.465820302943643,67.0,73.0,57.0,63.0,0.5504733727810651,0.5680151532211637,0.0770051379542121,
madelon,LogisticRegression,Yeo-Johnson + Scaling,3,True,2.0826039999992645,0.0555347000008623,,,857.0,849.0,321.0,313.0,0.8015749872160128,0.7955943867754336,0.4581303676989712,89.0,68.0,62.0,41.0,0.5901183431952662,0.5626710752145472,0.2104563536335689,
madelon,LogisticRegression,Yeo-Johnson + Scaling,4,True,2.295424700001604,0.0394699999997101,,,866.0,842.0,328.0,304.0,0.8044648988238732,0.7953287540424401,0.4599258328414335,73.0,79.0,51.0,57.0,0.5737278106508876,0.5513519081496885,0.1694113034992667,
madelon,LogisticRegression,Yeo-Johnson + Scaling,5,True,2.156074599999556,0.0464456999980029,,,845.0,851.0,319.0,325.0,0.8031222149170867,0.7978466980727144,0.4495785612296789,80.0,72.0,58.0,50.0,0.6068047337278107,0.5773796035648612,0.1695521191887807,
madelon,LogisticRegression,Yeo-Johnson + Scaling,6,True,2.2639108000003034,0.0469169999996665,,,843.0,832.0,338.0,327.0,0.7975184454671634,0.7925876183884573,0.4316430089700819,68.0,78.0,52.0,62.0,0.6168639053254438,0.6431210576727537,0.1234426799696735,
madelon,LogisticRegression,Yeo-Johnson + Scaling,7,True,2.2187808999988192,0.0309715000003052,,,853.0,845.0,325.0,317.0,0.800196508145226,0.7984797320665318,0.451292601016897,83.0,72.0,58.0,47.0,0.5944970414201184,0.606866955675478,0.1929998500777746,
madelon,LogisticRegression,Yeo-Johnson + Scaling,8,True,2.0095022000023164,0.0487232000014046,,,857.0,852.0,318.0,313.0,0.8085923003871722,0.804865858995683,0.4606879674380052,69.0,76.0,54.0,61.0,0.5507692307692308,0.5351800606216415,0.1155522535663192,
madelon,LogisticRegression,Yeo-Johnson + Scaling,9,True,2.23456140000053,0.0365526999994472,,,848.0,855.0,315.0,322.0,0.8040886843450946,0.8018362072081604,0.455563709117361,70.0,68.0,62.0,60.0,0.5390532544378699,0.5317810882364046,0.0615457454896663,
madelon,LogisticRegression,Yeo-Johnson + Scaling,10,True,2.2096627999999328,0.036640599999373,,,857.0,844.0,326.0,313.0,0.805566513258821,0.8006291788956819,0.4538741716351021,72.0,67.0,63.0,58.0,0.553076923076923,0.5698240238615725,0.069282032302755,
madelon,LogisticRegression,Quantile Transform,1,True,1.9752608999988297,0.1566335999996226,57.09177780151367,3.853194236755371,856.0,870.0,300.0,314.0,0.8090276864635839,0.8020848103809606,0.47524769957032,69.0,75.0,55.0,61.0,0.5646153846153846,0.5635279446493532,0.107807193135897,
madelon,LogisticRegression,Quantile Transform,2,True,2.576380300000892,0.2393351000027905,,,860.0,854.0,316.0,310.0,0.8109869238074365,0.8065827524154234,0.4649633789143447,67.0,70.0,60.0,63.0,0.5445562130177515,0.5603096305401383,0.0538604973085785,
madelon,LogisticRegression,Quantile Transform,3,True,2.556830300000001,0.2199498000009043,,,861.0,851.0,319.0,309.0,0.8044722039593835,0.7953654272157664,0.4632647846170449,84.0,70.0,60.0,46.0,0.594378698224852,0.5568989119194376,0.1856953381770519,
madelon,LogisticRegression,Quantile Transform,4,True,2.465183500000421,0.2372442000014416,,,863.0,852.0,318.0,307.0,0.8081101614434948,0.7968700968296452,0.4658325542350389,70.0,77.0,53.0,60.0,0.558698224852071,0.5416285855629097,0.1309592207084951,
madelon,LogisticRegression,Quantile Transform,5,True,2.439194899998256,0.2289830000008805,,,843.0,855.0,315.0,327.0,0.8063824968953174,0.8012483065128937,0.4513057892259571,79.0,75.0,55.0,51.0,0.5965680473372781,0.5625958881538886,0.184702838615844,
madelon,LogisticRegression,Quantile Transform,6,True,2.469305200000236,0.1986587999999756,,,850.0,839.0,331.0,320.0,0.7982058587186792,0.7900352115335436,0.4436093498128168,70.0,79.0,51.0,60.0,0.6107692307692308,0.6284153704097414,0.1465053605810859,
madelon,LogisticRegression,Quantile Transform,7,True,2.5451429999993707,0.1970433999995293,,,850.0,845.0,325.0,320.0,0.8040872233179926,0.8000087011977264,0.4487220462058492,78.0,69.0,61.0,52.0,0.5849112426035503,0.6141877251948589,0.1310837436778137,
madelon,LogisticRegression,Quantile Transform,8,True,2.462519799999427,0.2052963999994972,,,860.0,859.0,311.0,310.0,0.8095142084885674,0.8054820720002994,0.4692309406205808,74.0,78.0,52.0,56.0,0.5455621301775148,0.5296983369382333,0.169310935397857,
madelon,LogisticRegression,Quantile Transform,9,True,2.5341740000003483,0.2090462000014668,,,851.0,847.0,323.0,319.0,0.8063941851121338,0.8021434068724163,0.4512846886464012,70.0,66.0,64.0,60.0,0.5379881656804734,0.5393201756234209,0.046175709653961,
madelon,LogisticRegression,Quantile Transform,10,True,2.296802500000922,0.1850739999972575,,,864.0,844.0,326.0,306.0,0.8066118781503395,0.8000564837263295,0.4598962568277861,73.0,67.0,63.0,57.0,0.5471005917159764,0.559152322597559,0.0770051379542121,
madelon,LogisticRegression,Quantile Transform + Scaling,1,True,2.0055824000010034,0.1682172000000719,57.0930061340332,3.864946365356445,856.0,870.0,300.0,314.0,0.8090386441668492,0.8021098809125886,0.47524769957032,69.0,74.0,56.0,61.0,0.564792899408284,0.5640513921463404,0.1000740466595351,
madelon,LogisticRegression,Quantile Transform + Scaling,2,True,2.455656900001486,0.2270775999968464,,,860.0,853.0,317.0,310.0,0.8109679304551098,0.8065264945444457,0.4641108706392627,67.0,70.0,60.0,63.0,0.5444970414201183,0.5603996907209531,0.0538604973085785,
madelon,LogisticRegression,Quantile Transform + Scaling,3,True,2.61255429999801,0.20921989999988,,,861.0,851.0,319.0,309.0,0.8044517495799547,0.7953471998543258,0.4632647846170449,84.0,70.0,60.0,46.0,0.5942011834319527,0.5565255665934278,0.1856953381770519,
madelon,LogisticRegression,Quantile Transform + Scaling,4,True,2.5736825999993016,0.2204027000007045,,,863.0,852.0,318.0,307.0,0.8080831324421068,0.7967621531462874,0.4658325542350389,70.0,77.0,53.0,60.0,0.5588165680473373,0.541427332653273,0.1309592207084951,
madelon,LogisticRegression,Quantile Transform + Scaling,5,True,2.367071799999394,0.1849684999979217,,,842.0,854.0,316.0,328.0,0.806347432244868,0.8013789851821618,0.4495962976001012,79.0,75.0,55.0,51.0,0.5970414201183433,0.5627900248712969,0.184702838615844,
madelon,LogisticRegression,Quantile Transform + Scaling,6,True,2.430020899999363,0.2022617000002355,,,848.0,840.0,330.0,322.0,0.798198553583169,0.7900659311770473,0.4427453926643042,70.0,79.0,51.0,60.0,0.6107692307692307,0.627246243828888,0.1465053605810859,
madelon,LogisticRegression,Quantile Transform + Scaling,7,True,2.4869733000014094,0.203649499999301,,,850.0,845.0,325.0,320.0,0.8040908758857477,0.8000092003111272,0.4487220462058492,79.0,69.0,61.0,51.0,0.5849112426035503,0.6148042302723435,0.1388730149658827,
madelon,LogisticRegression,Quantile Transform + Scaling,8,True,2.619577199999185,0.178074800001923,,,860.0,860.0,310.0,310.0,0.8095200525969757,0.8054994483246439,0.4700854700854701,74.0,78.0,52.0,56.0,0.5449704142011834,0.529356314884854,0.169310935397857,
madelon,LogisticRegression,Quantile Transform + Scaling,9,True,2.283917599997949,0.2075765000008687,,,849.0,847.0,323.0,321.0,0.806369347651399,0.8021663678414702,0.4495733064119144,70.0,66.0,64.0,60.0,0.5377514792899408,0.5391933439871652,0.046175709653961,
madelon,LogisticRegression,Quantile Transform + Scaling,10,True,2.2328837999994,0.1944167000001471,,,865.0,843.0,327.0,305.0,0.806621374826503,0.8001050760610064,0.4599103719407151,73.0,67.0,63.0,57.0,0.5466863905325444,0.5588193149246918,0.0770051379542121,
madelon,LogisticRegression,Uniform Binning,1,True,0.2692691000011109,0.0209654999998747,57.09169006347656,0.0775794982910156,851.0,847.0,323.0,319.0,0.8021119146760173,0.8011506526666279,0.4512846886464012,70.0,68.0,62.0,60.0,0.5453254437869822,0.5319238532312329,0.0615457454896663,
madelon,LogisticRegression,Uniform Binning,2,True,1.553997300001356,0.0289212999996379,,,871.0,869.0,301.0,299.0,0.8153641610051867,0.8119480231430728,0.4871801989634814,62.0,74.0,56.0,68.0,0.5436686390532545,0.582648622464142,0.0463517434956822,
madelon,LogisticRegression,Uniform Binning,3,True,1.7456755000021076,0.029588599998533,,,864.0,863.0,307.0,306.0,0.8028847980130033,0.794948596066026,0.4760685499556712,73.0,69.0,61.0,57.0,0.5690532544378697,0.5634184400218172,0.092351419307922,
madelon,LogisticRegression,Uniform Binning,4,True,1.6743872000006377,0.03362300000299,,,851.0,855.0,315.0,319.0,0.8007604646066184,0.799695675800159,0.458122335444074,74.0,65.0,65.0,56.0,0.5692307692307692,0.5402429242407478,0.0693972760647249,
madelon,LogisticRegression,Uniform Binning,5,True,1.8017793000035451,0.0166650999999546,,,849.0,857.0,313.0,321.0,0.8019475491270363,0.8022981745268499,0.4581303676989712,79.0,79.0,51.0,51.0,0.6133727810650887,0.5767325666620073,0.2153846153846154,
madelon,LogisticRegression,Uniform Binning,6,True,1.6662146000016946,0.0190216000009968,,,855.0,828.0,342.0,315.0,0.7961684564248668,0.7952401854020708,0.4385783352269964,74.0,83.0,47.0,56.0,0.6227810650887574,0.6205270564369411,0.2081918281941747,
madelon,LogisticRegression,Uniform Binning,7,True,1.6560982999981206,0.0332283999996434,,,856.0,858.0,312.0,314.0,0.8054145664402075,0.804488646806948,0.4649579442739191,82.0,66.0,64.0,48.0,0.5875739644970415,0.6058627041360255,0.1395223079123588,
madelon,LogisticRegression,Uniform Binning,8,True,1.1501748000009684,0.0387353000005532,,,847.0,855.0,315.0,323.0,0.8035612535612535,0.8032462123954915,0.454711484357934,64.0,66.0,64.0,66.0,0.5189349112426035,0.5245563813316131,0.0,
madelon,LogisticRegression,Uniform Binning,9,True,0.8411313999968115,0.0427627999997639,,,856.0,854.0,316.0,314.0,0.807698882314267,0.8050081483212852,0.4615391358601403,69.0,61.0,69.0,61.0,0.5062130177514792,0.5139272434175519,0.0,
madelon,LogisticRegression,Uniform Binning,10,True,1.7348810999974376,0.0172943999968993,,,869.0,841.0,329.0,301.0,0.8072357367229162,0.8062877382982625,0.4616706850961258,69.0,73.0,57.0,61.0,0.5474556213017752,0.5329303016556631,0.092351419307922,
madelon,LogisticRegression,Uniform Binning + Scaling,1,True,0.2736232999995991,0.0233502000010048,57.093143463134766,0.08935546875,847.0,850.0,320.0,323.0,0.802187157571773,0.8009591125075392,0.4504288311294263,70.0,68.0,62.0,60.0,0.5462721893491125,0.5331007714064837,0.0615457454896663,
madelon,LogisticRegression,Uniform Binning + Scaling,2,True,0.4882638000017323,0.0397646999990684,,,872.0,869.0,301.0,298.0,0.815347359193513,0.8120026316854547,0.4880357923622437,62.0,73.0,57.0,68.0,0.5435502958579882,0.5821508391125172,0.0385999700155549,
madelon,LogisticRegression,Uniform Binning + Scaling,3,True,0.4619156000007933,0.0186850999998569,,,864.0,863.0,307.0,306.0,0.8029417780699832,0.7949474725704363,0.4760685499556712,73.0,69.0,61.0,57.0,0.5685207100591716,0.5633206882386927,0.092351419307922,
madelon,LogisticRegression,Uniform Binning + Scaling,4,True,0.3666327000028104,0.0368822999989788,,,852.0,855.0,315.0,318.0,0.8007940682299658,0.7997524693651796,0.4589758677732484,74.0,65.0,65.0,56.0,0.5687573964497041,0.5397635578869366,0.0693972760647249,
madelon,LogisticRegression,Uniform Binning + Scaling,5,True,0.4028144000003522,0.0292721000005258,,,849.0,857.0,313.0,321.0,0.801966542479363,0.8022814874658183,0.4581303676989712,79.0,79.0,51.0,51.0,0.6127810650887573,0.5763782985337393,0.2153846153846154,
madelon,LogisticRegression,Uniform Binning + Scaling,6,True,0.49176240000088,0.0202031999979226,,,855.0,829.0,341.0,315.0,0.7961414274234786,0.795166445949118,0.4394247526535287,73.0,83.0,47.0,57.0,0.6229585798816568,0.6208411363915842,0.2005943549507195,
madelon,LogisticRegression,Uniform Binning + Scaling,7,True,0.4711190999987593,0.0302561000025889,,,856.0,859.0,311.0,314.0,0.805456936226167,0.8045353065826799,0.4658134970883061,82.0,65.0,65.0,48.0,0.5869822485207101,0.6052409850749194,0.1319018941727237,
madelon,LogisticRegression,Uniform Binning + Scaling,8,True,0.4339748000020336,0.0199657000011939,,,849.0,852.0,318.0,321.0,0.803767258382643,0.8034152089083726,0.4538476457869552,64.0,66.0,64.0,66.0,0.5192899408284024,0.5245121314304932,0.0,
madelon,LogisticRegression,Uniform Binning + Scaling,9,True,0.4525389000009454,0.0233106999985466,,,856.0,854.0,316.0,314.0,0.8076857330703484,0.805012249988663,0.4615391358601403,69.0,61.0,69.0,61.0,0.5066272189349112,0.5151242373380385,0.0,
madelon,LogisticRegression,Uniform Binning + Scaling,10,True,0.4575234999974782,0.0194425999980012,,,868.0,840.0,330.0,302.0,0.8072379282635693,0.8063507888616587,0.4599607936698439,69.0,73.0,57.0,61.0,0.547396449704142,0.5326890920820051,0.092351419307922,
madelon,LogisticRegression,Quantile Binning,1,True,0.5077541999999085,0.0214637000026414,57.09173011779785,0.0774440765380859,876.0,872.0,298.0,294.0,0.8205391190006576,0.8131449692210166,0.4940199811318559,68.0,71.0,59.0,62.0,0.5601183431952663,0.5436053678632332,0.0692492108253152,
madelon,LogisticRegression,Quantile Binning,2,True,1.1591235999985656,0.039615199999389,,,860.0,867.0,303.0,310.0,0.8192146979326466,0.8132587867186298,0.4760768967699251,58.0,79.0,51.0,72.0,0.5428994082840237,0.5645181026706593,0.0545627583494438,
madelon,LogisticRegression,Quantile Binning,3,True,1.3108522999973502,0.0332378999992215,,,866.0,857.0,313.0,304.0,0.8134319526627218,0.8087319085046989,0.4726635569853494,83.0,76.0,54.0,47.0,0.6120118343195265,0.5924807256385106,0.2234010235615505,
madelon,LogisticRegression,Quantile Binning,4,True,0.9066649000014876,0.0464509000012185,,,866.0,871.0,299.0,304.0,0.8162232449411936,0.8056506142006489,0.4846198099023172,74.0,76.0,54.0,56.0,0.5772189349112425,0.5521650221853924,0.1538643637241659,
madelon,LogisticRegression,Quantile Binning,5,True,1.7288519000030649,0.0249269999985699,,,863.0,861.0,309.0,307.0,0.8121002264592009,0.8052999032540704,0.4735049653083661,80.0,75.0,55.0,50.0,0.6367455621301774,0.6022266984775623,0.1924500897298752,
madelon,LogisticRegression,Quantile Binning,6,True,1.6648692000017036,0.0241827999998349,,,869.0,860.0,310.0,301.0,0.8076908466652056,0.800093953609423,0.4777919138423333,76.0,79.0,51.0,54.0,0.646508875739645,0.6456087005693495,0.1923589189592089,
madelon,LogisticRegression,Quantile Binning,7,True,1.6876348000005237,0.029366899998422,,,858.0,866.0,304.0,312.0,0.813239097085251,0.8089613557883865,0.4735153427336381,77.0,71.0,59.0,53.0,0.5872781065088758,0.609479041455194,0.1386092483175819,
madelon,LogisticRegression,Quantile Binning,8,True,1.662976300001901,0.0284756000000925,,,861.0,866.0,304.0,309.0,0.8160778727445394,0.8082716038713822,0.47607272330792,60.0,79.0,51.0,70.0,0.5649704142011834,0.5644994389756843,0.069982247496269,
madelon,LogisticRegression,Quantile Binning,9,True,1.657530799999222,0.0341327999994973,,,859.0,859.0,311.0,311.0,0.8112228796844183,0.8037754476634666,0.4683760683760684,82.0,65.0,65.0,48.0,0.5781656804733728,0.5452477855015552,0.1319018941727237,
madelon,LogisticRegression,Quantile Binning,10,True,1.203895200000261,0.0308812000002944,,,867.0,865.0,305.0,303.0,0.8147768281101614,0.8058976431484643,0.4803425821359238,74.0,71.0,59.0,56.0,0.5845562130177515,0.5997934601565571,0.1154153513755253,
madelon,LogisticRegression,Quantile Binning + Scaling,1,True,0.4399555000018154,0.0237727999992785,57.093143463134766,0.0892200469970703,880.0,872.0,298.0,290.0,0.8206355467893929,0.8132311439809856,0.4974475261208978,68.0,70.0,60.0,62.0,0.5591715976331362,0.5426974618308327,0.0615457454896663,
madelon,LogisticRegression,Quantile Binning + Scaling,2,True,0.5107459999999264,0.037668199998734,,,862.0,866.0,304.0,308.0,0.8191197311710132,0.813113990811124,0.476925864137674,57.0,79.0,51.0,73.0,0.5431952662721894,0.5653800361760963,0.0468292905790846,
madelon,LogisticRegression,Quantile Binning + Scaling,3,True,0.4851502999990771,0.041881100001774,,,867.0,857.0,313.0,303.0,0.8133976185258237,0.8085877143713212,0.4735215695163153,83.0,76.0,54.0,47.0,0.6118934911242605,0.5928917143998633,0.2234010235615505,
madelon,LogisticRegression,Quantile Binning + Scaling,4,True,0.520583000001352,0.0376562000019475,,,868.0,870.0,300.0,302.0,0.8161684564248667,0.8056512678120256,0.485470794756592,75.0,76.0,54.0,55.0,0.5776923076923077,0.5525263800307865,0.1615432409949928,
madelon,LogisticRegression,Quantile Binning + Scaling,5,True,0.6202531999988423,0.0205220000025292,,,862.0,861.0,309.0,308.0,0.8120549346190371,0.8052773061447576,0.4726497452881261,81.0,75.0,55.0,49.0,0.6364497041420119,0.601900637434296,0.2002133586809516,
madelon,LogisticRegression,Quantile Binning + Scaling,6,True,0.5841858999992837,0.0224684999993769,,,868.0,859.0,311.0,302.0,0.80767258382643,0.8001242247096965,0.476082461556672,76.0,78.0,52.0,54.0,0.647396449704142,0.6464180811706102,0.1846372364689991,
madelon,LogisticRegression,Quantile Binning + Scaling,7,True,0.6308501000021352,0.0303015999998024,,,859.0,867.0,303.0,311.0,0.8132493242749653,0.8089497463884949,0.4752247844041566,78.0,71.0,59.0,52.0,0.5877514792899409,0.6133427840812468,0.146366187850671,
madelon,LogisticRegression,Quantile Binning + Scaling,8,True,0.6194943000009516,0.0251349999998637,,,861.0,867.0,303.0,309.0,0.8160479216889474,0.8081748818233652,0.4769293482246403,60.0,79.0,51.0,70.0,0.5650295857988166,0.5650457449821463,0.069982247496269,
madelon,LogisticRegression,Quantile Binning + Scaling,9,True,0.6234872999993968,0.0316423999975086,,,862.0,858.0,312.0,308.0,0.8112659799839287,0.8038029931547104,0.4700882173400013,82.0,65.0,65.0,48.0,0.579112426035503,0.5459798880492452,0.1319018941727237,
madelon,LogisticRegression,Quantile Binning + Scaling,10,True,0.6273766999984218,0.0296734000003198,,,873.0,867.0,303.0,297.0,0.8147950909489371,0.8060077958132466,0.4871858933477508,73.0,71.0,59.0,57.0,0.584319526627219,0.598715223738459,0.1077050546069161,
madelon,LogisticRegression,SMOTE,1,False,1.0687305999999808,0.0166178999970725,57.09171676635742,0.0309553146362304,857.0,860.0,310.0,313.0,0.8061231645847029,0.7993593370712915,0.4675229044170706,64.0,76.0,54.0,66.0,0.5709467455621302,0.5815701449348594,0.077252905826137,
madelon,LogisticRegression,SMOTE,2,False,4.835881700000755,0.0384165999967081,,,856.0,856.0,314.0,314.0,0.8062941047556431,0.8012590966185406,0.4632478632478632,62.0,70.0,60.0,68.0,0.5453846153846154,0.5729230608343541,0.0154138290171618,
madelon,LogisticRegression,SMOTE,3,False,5.1243581000017,0.0195378999997046,,,858.0,856.0,314.0,312.0,0.8018423551756885,0.7925269546797122,0.4649579442739191,89.0,69.0,61.0,41.0,0.6033727810650887,0.5753955178227503,0.2179797043652264,
madelon,LogisticRegression,SMOTE,4,False,4.9958412000014505,0.0322678999982599,,,861.0,840.0,330.0,309.0,0.8040280517203594,0.7925527555033737,0.4539192762530561,72.0,79.0,51.0,58.0,0.580828402366864,0.5581733756094973,0.1617731549928469,
madelon,LogisticRegression,SMOTE,5,False,5.063133299998299,0.0198814999966998,,,843.0,857.0,313.0,327.0,0.8020812331068742,0.797836081344181,0.4530238862810604,80.0,72.0,58.0,50.0,0.6027810650887574,0.5803563294489164,0.1695521191887807,
madelon,LogisticRegression,SMOTE,6,False,4.956490100001247,0.021027499999036,,,840.0,825.0,345.0,330.0,0.7961604207758055,0.7901740185041877,0.4231116969990692,64.0,77.0,53.0,66.0,0.5998224852071006,0.6194959935670754,0.0850416612911641,
madelon,LogisticRegression,SMOTE,7,False,5.01938969999901,0.0299885999993421,,,845.0,854.0,316.0,325.0,0.8029600409087589,0.7985053294534921,0.4521501295574138,78.0,71.0,59.0,52.0,0.5915976331360947,0.6113866837403168,0.146366187850671,
madelon,LogisticRegression,SMOTE,8,False,5.03717179999876,0.0278775999977369,,,860.0,848.0,322.0,310.0,0.8056081525312295,0.8004268939978763,0.4598532473552366,69.0,73.0,57.0,61.0,0.5531952662721893,0.5396431115158464,0.092351419307922,
madelon,LogisticRegression,SMOTE,9,False,5.0296913999991375,0.0165389999965555,,,845.0,856.0,314.0,325.0,0.8055212214186573,0.8045096670384738,0.453866213392304,68.0,69.0,61.0,62.0,0.5432544378698225,0.5257166535215805,0.0538477469983309,
madelon,LogisticRegression,SMOTE,10,False,5.037298799998098,0.0152371000003768,,,860.0,851.0,319.0,310.0,0.8033179925487618,0.7959994136402293,0.4624068432713816,75.0,65.0,65.0,55.0,0.5559763313609467,0.5688071446849399,0.0771516749810459,
madelon,LogisticRegression,SMOTE + Scaling,1,True,0.3436495999994804,0.0189759999993839,57.09310150146485,0.0427103042602539,862.0,866.0,304.0,308.0,0.8122339104390385,0.8051125886391807,0.476925864137674,72.0,76.0,54.0,58.0,0.5662130177514793,0.5725946105810946,0.138527128961883,
madelon,LogisticRegression,SMOTE + Scaling,2,True,0.4407126000005519,0.0295666000019991,,,868.0,860.0,310.0,302.0,0.8137972094382352,0.8089138265596612,0.4769342260746752,66.0,73.0,57.0,64.0,0.5476923076923077,0.5658428716086853,0.0693313521397915,
madelon,LogisticRegression,SMOTE + Scaling,3,True,0.4882311000001209,0.0165335999990929,,,870.0,854.0,316.0,300.0,0.808366571699905,0.8011165313530032,0.47354855508014,85.0,69.0,61.0,45.0,0.594319526627219,0.5657490125671824,0.186029743883145,
madelon,LogisticRegression,SMOTE + Scaling,4,True,0.431915500001196,0.0203338999999687,,,870.0,855.0,315.0,300.0,0.8093206223975454,0.8002429835578264,0.4743979633019867,71.0,80.0,50.0,59.0,0.5779289940828403,0.5464811482691614,0.1619269774843581,
madelon,LogisticRegression,SMOTE + Scaling,5,True,0.4962731999985408,0.0278042999998433,,,854.0,853.0,317.0,316.0,0.8090824749799108,0.8049113843056193,0.4589745266179452,79.0,75.0,55.0,51.0,0.6035502958579881,0.5762417240696229,0.184702838615844,
madelon,LogisticRegression,SMOTE + Scaling,6,True,0.3966432000015629,0.0340917000030458,,,850.0,835.0,335.0,320.0,0.8018335890130763,0.7964389379247234,0.4402071191000417,70.0,78.0,52.0,60.0,0.6068639053254438,0.6261766365430536,0.1387244611544569,
madelon,LogisticRegression,SMOTE + Scaling,7,True,0.4735236999986227,0.016200400001253,,,852.0,847.0,323.0,318.0,0.8078077288333698,0.8038648052180026,0.4521408808436081,79.0,69.0,61.0,51.0,0.5904142011834319,0.6098922398407987,0.1388730149658827,
madelon,LogisticRegression,SMOTE + Scaling,8,True,0.4335420000024896,0.0227783999980601,,,860.0,852.0,318.0,310.0,0.811268902038133,0.8081153009743635,0.4632586927105268,70.0,77.0,53.0,60.0,0.5559171597633136,0.5374836098100668,0.1309592207084951,
madelon,LogisticRegression,SMOTE + Scaling,9,True,0.4954786999987846,0.0183384000010846,,,853.0,853.0,317.0,317.0,0.8110168748630289,0.8086818802612572,0.4581196581196581,69.0,65.0,65.0,61.0,0.5429585798816569,0.5369690564107803,0.030783806435974,
madelon,LogisticRegression,SMOTE + Scaling,10,True,0.5058964000018022,0.0145630000006349,,,864.0,844.0,326.0,306.0,0.8088143765066843,0.8033022947083834,0.4598962568277861,72.0,69.0,61.0,58.0,0.5539053254437869,0.5671269785421488,0.0846379243420519,
madelon,LogisticRegression,Select Percentile (MI),1,False,5.163931999999477,0.0121805999988282,57.09168148040772,0.0298242568969726,774.0,776.0,394.0,396.0,0.7344217985243626,0.7369359311969157,0.3247867993089876,68.0,75.0,55.0,62.0,0.5757396449704142,0.5566035125542481,0.1001452864241433,
madelon,LogisticRegression,Select Percentile (MI),2,False,4.594456899998477,0.0218748000006598,,,774.0,786.0,384.0,396.0,0.7278544817006355,0.7173697916311116,0.3333508670419001,68.0,76.0,54.0,62.0,0.5645562130177515,0.5575959223838116,0.1078968031201332,
madelon,LogisticRegression,Select Percentile (MI),3,False,4.935741200002667,0.0103065999974205,,,782.0,789.0,381.0,388.0,0.7340243991526043,0.7196588347430581,0.3427411770282584,89.0,69.0,61.0,41.0,0.6146153846153846,0.6131779988932099,0.2179797043652264,
madelon,LogisticRegression,Select Percentile (MI),4,False,4.8503240999998525,0.0118750000001455,,,778.0,779.0,391.0,392.0,0.734046314559135,0.726166367792679,0.3307693515849996,65.0,79.0,51.0,65.0,0.5652662721893492,0.5492022790854945,0.1083222806032802,
madelon,LogisticRegression,Select Percentile (MI),5,False,5.091384600000311,0.0099403999993228,,,800.0,791.0,379.0,370.0,0.7454152969537585,0.7251405747573374,0.3598397061317036,75.0,73.0,57.0,55.0,0.604378698224852,0.5855516247479083,0.1384779273517493,
madelon,LogisticRegression,Select Percentile (MI),6,False,4.833493599999201,0.0115693000007013,,,787.0,789.0,381.0,383.0,0.7297757323398348,0.7152283910664494,0.3470090539985499,83.0,79.0,51.0,47.0,0.6363905325443787,0.6072673637871561,0.246270451487792,
madelon,LogisticRegression,Select Percentile (MI),7,False,4.979541900000186,0.0107346000004326,,,783.0,776.0,394.0,387.0,0.7289721674337059,0.7207280103888473,0.3324845832019764,76.0,71.0,59.0,54.0,0.5750295857988166,0.596002423658669,0.1308660610163151,
madelon,LogisticRegression,Select Percentile (MI),8,False,4.917670700000599,0.0158083000023907,,,783.0,786.0,384.0,387.0,0.7365541675798085,0.7275179046120566,0.3410267620885031,71.0,76.0,54.0,59.0,0.5771005917159764,0.5504166128814658,0.1308660610163151,
madelon,LogisticRegression,Select Percentile (MI),9,False,4.838890099999844,0.0167629999996279,,,782.0,782.0,388.0,388.0,0.7315844838921762,0.7216115346641426,0.3367521367521368,78.0,79.0,51.0,52.0,0.6294082840236687,0.609233231431777,0.2076984527078479,
madelon,LogisticRegression,Select Percentile (MI),10,False,4.758663100001286,0.0228762000006099,,,790.0,795.0,375.0,380.0,0.7375323252246329,0.716301627304972,0.3547040936674808,68.0,69.0,61.0,62.0,0.524792899408284,0.5209655184302979,0.0538477469983309,
madelon,LogisticRegression,Select Percentile (MI) + Scaling,1,True,4.717292199999065,0.013080800003081,57.092994689941406,0.0358648300170898,777.0,773.0,397.0,393.0,0.7356760902914748,0.7370942468667321,0.3247882228894554,67.0,74.0,56.0,63.0,0.5724852071005917,0.5585242146475448,0.0847383192819674,
madelon,LogisticRegression,Select Percentile (MI) + Scaling,2,True,4.049495499999466,0.0150811999992583,,,778.0,793.0,377.0,392.0,0.7299685879173059,0.7188574183612114,0.3427632131244985,69.0,72.0,58.0,61.0,0.565680473372781,0.5505423974821393,0.0846379243420519,
madelon,LogisticRegression,Select Percentile (MI) + Scaling,3,True,3.983592500000668,0.0159511999991082,,,786.0,788.0,382.0,384.0,0.7354773906055958,0.722071585695681,0.3452996497916605,88.0,67.0,63.0,42.0,0.6198224852071006,0.6100195838597045,0.1948669941051564,
madelon,LogisticRegression,Select Percentile (MI) + Scaling,4,True,3.860408500000631,0.0165417000025627,,,787.0,779.0,391.0,383.0,0.735872598436701,0.7298069079687381,0.3384694507626727,68.0,76.0,54.0,62.0,0.566094674556213,0.5469109838452144,0.1078968031201332,
madelon,LogisticRegression,Select Percentile (MI) + Scaling,5,True,4.0088433000019,0.0150963999985833,,,805.0,788.0,382.0,365.0,0.7467141500474834,0.7286218061105294,0.361576631296028,74.0,76.0,54.0,56.0,0.6056804733727811,0.5938758342556912,0.1538643637241659,
madelon,LogisticRegression,Select Percentile (MI) + Scaling,6,True,4.064967199999956,0.0128667000026325,,,790.0,792.0,378.0,380.0,0.7319548542625466,0.7186700580194324,0.3521372666192181,81.0,85.0,45.0,49.0,0.6466272189349113,0.6172396060167609,0.277054257923766,
madelon,LogisticRegression,Select Percentile (MI) + Scaling,7,True,4.16828859999805,0.0100715999979001,,,786.0,779.0,391.0,384.0,0.7298670465337131,0.72302671243935,0.3376128801151174,77.0,69.0,61.0,53.0,0.5779881656804733,0.5926090484851114,0.1233106321372951,
madelon,LogisticRegression,Select Percentile (MI) + Scaling,8,True,4.106184899999789,0.0177828999985649,,,786.0,785.0,385.0,384.0,0.7375732339834904,0.7299262191636408,0.3427351679214079,71.0,75.0,55.0,59.0,0.5789349112426035,0.5521191133357619,0.123135225743896,
madelon,LogisticRegression,Select Percentile (MI) + Scaling,9,True,4.061591300000146,0.0129736999988381,,,779.0,783.0,387.0,391.0,0.7330513551026372,0.7252221368223364,0.3350446930859646,76.0,77.0,53.0,54.0,0.6237278106508876,0.6124576969303188,0.1769283115659445,
madelon,LogisticRegression,Select Percentile (MI) + Scaling,10,True,4.027778599996964,0.0212786000010964,,,784.0,795.0,375.0,386.0,0.7396369347651399,0.7206966050618541,0.3495881003341851,69.0,69.0,61.0,61.0,0.5240828402366864,0.5231031300506123,0.0615384615384615,
madelon,LogisticRegression,Random Undersampling,1,False,0.9232068999990588,0.0164088000019546,57.09157752990723,0.0487241744995117,864.0,860.0,310.0,306.0,0.8065125283074001,0.7992296273273196,0.4735070407388377,63.0,74.0,56.0,67.0,0.5687573964497042,0.579378097767067,0.0540399580217769,
madelon,LogisticRegression,Random Undersampling,2,False,5.045120300001145,0.0204742999994778,,,857.0,854.0,316.0,313.0,0.8058105047848637,0.801431987813464,0.4623946824307773,62.0,72.0,58.0,68.0,0.5480473372781065,0.5773695514803255,0.0308606699924183,
madelon,LogisticRegression,Random Undersampling,3,False,4.870216700001038,0.035843500001647,,,857.0,856.0,314.0,313.0,0.8022236832493242,0.7926948124970081,0.464102733619263,90.0,68.0,62.0,40.0,0.604378698224852,0.5754154640762066,0.2185366893690619,
madelon,LogisticRegression,Random Undersampling,4,False,5.069273400000384,0.0155127999969408,,,859.0,844.0,326.0,311.0,0.8042903060851779,0.7930602144666921,0.455592998990917,73.0,78.0,52.0,57.0,0.5796449704142012,0.5575646426568903,0.1616580753730952,
madelon,LogisticRegression,Random Undersampling,5,False,4.9660588999977335,0.0304865000034624,,,840.0,848.0,322.0,330.0,0.8017254730075243,0.7977597840966878,0.4427453926643042,80.0,69.0,61.0,50.0,0.6022485207100592,0.5801674897098943,0.1466798860591087,
madelon,LogisticRegression,Random Undersampling,6,False,5.05786530000114,0.0157500999994226,,,840.0,826.0,344.0,330.0,0.7960574183651107,0.7904473352599212,0.4239619765951056,64.0,76.0,54.0,66.0,0.5956804733727811,0.6164727988533754,0.077252905826137,
madelon,LogisticRegression,Random Undersampling,7,False,4.938337799998408,0.0234003000005031,,,841.0,853.0,317.0,329.0,0.802160128570385,0.7978193602439099,0.4478868059742453,78.0,72.0,58.0,52.0,0.5952662721893491,0.6118610902458105,0.1540102759084243,
madelon,LogisticRegression,Random Undersampling,8,False,5.04645139999775,0.0171317999993334,,,856.0,842.0,328.0,314.0,0.804377967711301,0.7996366155902619,0.4513143621818866,66.0,73.0,57.0,64.0,0.5550295857988166,0.5422560420806928,0.0693313521397915,
madelon,LogisticRegression,Random Undersampling,9,False,4.98175959999935,0.0259710999998787,,,851.0,855.0,315.0,319.0,0.8047914383811821,0.8030627431004489,0.458122335444074,69.0,69.0,61.0,61.0,0.5472781065088757,0.5290915846166517,0.0615384615384615,
madelon,LogisticRegression,Random Undersampling,10,False,4.823207499997807,0.0290406000021903,,,857.0,847.0,323.0,313.0,0.8032778143034554,0.7969076343555563,0.4564269280175314,76.0,64.0,66.0,54.0,0.5521893491124261,0.5678494750332144,0.077252905826137,
madelon,LogisticRegression,Random Undersampling + Scaling,1,True,0.3328100999970047,0.018917399997008,57.09301376342773,0.0604772567749023,862.0,866.0,304.0,308.0,0.8122339104390385,0.8051125886391807,0.476925864137674,72.0,76.0,54.0,58.0,0.5662130177514793,0.5725946105810946,0.138527128961883,
madelon,LogisticRegression,Random Undersampling + Scaling,2,True,0.4673293999985617,0.0329978999980085,,,868.0,860.0,310.0,302.0,0.8137972094382352,0.8089138265596612,0.4769342260746752,66.0,73.0,57.0,64.0,0.5476923076923077,0.5658428716086853,0.0693313521397915,
madelon,LogisticRegression,Random Undersampling + Scaling,3,True,0.508890999997675,0.0289648999969358,,,870.0,854.0,316.0,300.0,0.808366571699905,0.8011165313530032,0.47354855508014,85.0,69.0,61.0,45.0,0.594319526627219,0.5657490125671824,0.186029743883145,
madelon,LogisticRegression,Random Undersampling + Scaling,4,True,0.4731778999994276,0.0320544000023801,,,870.0,855.0,315.0,300.0,0.8093206223975454,0.8002429835578264,0.4743979633019867,71.0,80.0,50.0,59.0,0.5779289940828403,0.5464811482691614,0.1619269774843581,
madelon,LogisticRegression,Random Undersampling + Scaling,5,True,0.4434513000014703,0.0313964000015403,,,854.0,853.0,317.0,316.0,0.8090824749799108,0.8049113843056193,0.4589745266179452,79.0,75.0,55.0,51.0,0.6035502958579881,0.5762417240696229,0.184702838615844,
madelon,LogisticRegression,Random Undersampling + Scaling,6,True,0.4859050000013667,0.020720299999084,,,850.0,835.0,335.0,320.0,0.8018335890130763,0.7964389379247234,0.4402071191000417,70.0,78.0,52.0,60.0,0.6068639053254438,0.6261766365430536,0.1387244611544569,
madelon,LogisticRegression,Random Undersampling + Scaling,7,True,0.5316601000013179,0.0178944999970553,,,852.0,847.0,323.0,318.0,0.8078077288333698,0.8038648052180026,0.4521408808436081,79.0,69.0,61.0,51.0,0.5904142011834319,0.6098922398407987,0.1388730149658827,
madelon,LogisticRegression,Random Undersampling + Scaling,8,True,0.4819968999981938,0.0230467000001226,,,860.0,852.0,318.0,310.0,0.811268902038133,0.8081153009743635,0.4632586927105268,70.0,77.0,53.0,60.0,0.5559171597633136,0.5374836098100668,0.1309592207084951,
madelon,LogisticRegression,Random Undersampling + Scaling,9,True,0.5053432999993674,0.0173825999991095,,,853.0,853.0,317.0,317.0,0.8110168748630289,0.8086818802612572,0.4581196581196581,69.0,65.0,65.0,61.0,0.5429585798816569,0.5369690564107803,0.030783806435974,
madelon,LogisticRegression,Random Undersampling + Scaling,10,True,0.4878972000005888,0.0231395000009797,,,864.0,844.0,326.0,306.0,0.8088143765066843,0.8033022947083834,0.4598962568277861,72.0,69.0,61.0,58.0,0.5539053254437869,0.5671269785421488,0.0846379243420519,
madelon,KNN,Baseline,1,,0.1913649000016448,0.0419128000030468,57.09015274047852,8.970921516418457,985.0,957.0,213.0,185.0,0.9034706698809264,0.8755730234240661,0.6600180905448318,88.0,93.0,37.0,42.0,0.7681360946745562,0.7211068580651028,0.3925981830489455,
madelon,KNN,Baseline,2,,0.236393200000748,0.0449518999994325,,,996.0,944.0,226.0,174.0,0.9039184746877056,0.8779204806742469,0.6587706173867297,94.0,85.0,45.0,36.0,0.7906213017751479,0.7656645466808703,0.3778296141301689,
madelon,KNN,Baseline,3,,0.2219641999981831,0.0621172999999544,,,999.0,959.0,211.0,171.0,0.9127277375995324,0.8873122281759083,0.6738982220784315,92.0,85.0,45.0,38.0,0.7416272189349112,0.6903266885447146,0.3620637278411336,
madelon,KNN,Baseline,4,,0.3118703000000096,0.0467425999995612,,,990.0,954.0,216.0,180.0,0.9072671488056104,0.8802960715755523,0.6618518383734412,96.0,92.0,38.0,34.0,0.7712130177514792,0.7142819831780691,0.446365193321623,
madelon,KNN,Baseline,5,,0.2600954000008642,0.0382461000008333,,,983.0,957.0,213.0,187.0,0.9041365329826868,0.877296580670485,0.65828221701015,105.0,96.0,34.0,25.0,0.8314201183431953,0.7902745951422783,0.5474674000661631,
madelon,KNN,Baseline,6,,0.2884948999999324,0.042156800001976,,,984.0,956.0,214.0,186.0,0.9068869165023012,0.8800012908811381,0.6583081991185499,98.0,86.0,44.0,32.0,0.7681952662721893,0.7080142900019053,0.4171656914611401,
madelon,KNN,Baseline,7,,0.2939907999971183,0.0452407999982824,,,986.0,956.0,214.0,184.0,0.905819270947476,0.8785987056905519,0.6600460731747824,97.0,97.0,33.0,33.0,0.7860059171597633,0.7548489526364168,0.4923076923076923,
madelon,KNN,Baseline,8,,0.3188206999984686,0.0328258000008645,,,998.0,946.0,224.0,172.0,0.9051976039155526,0.8756008983338294,0.6621928024121153,94.0,84.0,46.0,36.0,0.7677514792899409,0.7279834378341842,0.3703280399090206,
madelon,KNN,Baseline,9,,0.3022199999977601,0.0378979999986768,,,988.0,951.0,219.0,182.0,0.9014318065600118,0.8739195308542234,0.6575938604666287,98.0,95.0,35.0,32.0,0.7902958579881657,0.7371942506148927,0.4847444757772066,
madelon,KNN,Baseline,10,,0.3235099000012269,0.0340562999990652,,,998.0,950.0,220.0,172.0,0.904429834173424,0.876133996523811,0.6655175682001225,102.0,83.0,47.0,28.0,0.784112426035503,0.7377512097068571,0.4276692902549777,
madelon,KNN,Standard Scaling,1,,0.2095395000033022,0.0386905999985174,57.0916690826416,8.982697486877441,917.0,777.0,393.0,253.0,0.7895591350719556,0.7531113135410874,0.4511043622390144,77.0,51.0,79.0,53.0,0.5278106508875741,0.5318005336423537,-0.0157018573255331,
madelon,KNN,Standard Scaling,2,,0.2528917999989062,0.0602605000021867,,,921.0,753.0,417.0,249.0,0.7900642851924904,0.7537498511358687,0.4352799058530134,87.0,58.0,72.0,43.0,0.6071005917159763,0.5812040558188467,0.1183673732316837,
madelon,KNN,Standard Scaling,3,,0.3230263999976159,0.0528338000003714,,,924.0,768.0,402.0,246.0,0.788960844473665,0.7524684293983452,0.4501733313667629,77.0,56.0,74.0,53.0,0.5360650887573964,0.5259223828110433,0.0233840392926187,
madelon,KNN,Standard Scaling,4,,0.3494438000016089,0.0509366000005684,,,930.0,780.0,390.0,240.0,0.7976002629848783,0.7602910877593216,0.4653789209955172,69.0,65.0,65.0,61.0,0.5406213017751479,0.5345270925721375,0.030783806435974,
madelon,KNN,Standard Scaling,5,,0.3196509000008518,0.0400665999986813,,,927.0,727.0,443.0,243.0,0.7825882095112865,0.7493631791829527,0.4198548853649831,91.0,59.0,71.0,39.0,0.5931952662721894,0.5628753816973912,0.1587301587301587,
madelon,KNN,Standard Scaling,6,,0.3525568000004568,0.0537195000033534,,,935.0,748.0,422.0,235.0,0.7890726130469721,0.7543623577026246,0.4441714933587831,84.0,56.0,74.0,46.0,0.5430177514792898,0.5255362141813882,0.0787719090223794,
madelon,KNN,Standard Scaling,7,,0.3563895000006596,0.0410410999975283,,,932.0,729.0,441.0,238.0,0.7855277960406165,0.750817820130208,0.4261210480106295,78.0,40.0,90.0,52.0,0.5023668639053255,0.5214730248046641,-0.096523417813168,
madelon,KNN,Standard Scaling,8,,0.356874199998856,0.05254369999966,,,913.0,753.0,417.0,257.0,0.7892556066915042,0.7552385785701374,0.4279521071684614,74.0,56.0,74.0,56.0,0.5349408284023668,0.5349154476042267,0.0,
madelon,KNN,Standard Scaling,9,,0.2946541000019351,0.0483377999989897,,,954.0,714.0,456.0,216.0,0.7868606180144643,0.7480526539929045,0.4348888891616643,79.0,48.0,82.0,51.0,0.5538165680473373,0.5609480210916371,-0.0237624228260878,
madelon,KNN,Standard Scaling,10,,0.3577135000014095,0.0337856999976793,,,921.0,742.0,428.0,249.0,0.7813602162320111,0.7429895031719489,0.4263871591165554,81.0,59.0,71.0,49.0,0.5468934911242604,0.5328465303323046,0.0780488176318078,
madelon,KNN,MinMax Scaling,1,,0.2082401999978174,0.045575899999676,57.09168243408203,8.990423202514648,933.0,811.0,359.0,237.0,0.813654759295785,0.7783875591829219,0.4932873679574437,85.0,60.0,70.0,45.0,0.6089644970414201,0.5920412478380841,0.117579270250443,
madelon,KNN,MinMax Scaling,2,,0.2940749000008509,0.05499140000029,,,910.0,798.0,372.0,260.0,0.7992607202863613,0.7627086534988362,0.4619504869314673,87.0,69.0,61.0,43.0,0.6357692307692308,0.5911477849723976,0.20194517395039,
madelon,KNN,MinMax Scaling,3,,0.221185799997329,0.0629956999982823,,,923.0,817.0,353.0,247.0,0.8105555555555556,0.7751741226856765,0.4891912771988234,87.0,65.0,65.0,43.0,0.5700887573964497,0.5426937480235896,0.1717073987899772,
madelon,KNN,MinMax Scaling,4,,0.353220599998167,0.0492744000002858,,,942.0,832.0,338.0,228.0,0.81847687924611,0.7781842896087767,0.5185361289063011,73.0,68.0,62.0,57.0,0.5735502958579882,0.5569472568431504,0.0846780394811451,
madelon,KNN,MinMax Scaling,5,,0.3103765999985626,0.0586295000030077,,,931.0,790.0,380.0,239.0,0.8047085250931405,0.7690920090271453,0.4743976899872466,84.0,72.0,58.0,46.0,0.6151775147928994,0.5860489991857387,0.2008575551479563,
madelon,KNN,MinMax Scaling,6,,0.3317343999988225,0.050241900000401,,,933.0,802.0,368.0,237.0,0.806354372123603,0.7672738161354384,0.485961681101913,88.0,68.0,62.0,42.0,0.5919526627218935,0.5570244227957535,0.2024097254819959,
madelon,KNN,MinMax Scaling,7,,0.2808915999994497,0.050262600001588,,,950.0,794.0,376.0,220.0,0.8073058660238147,0.7699343156919787,0.4950181842998504,85.0,56.0,74.0,45.0,0.5776331360946746,0.5546639748359311,0.0868027403699014,
madelon,KNN,MinMax Scaling,8,,0.3322410000000673,0.0503133999991405,,,936.0,802.0,368.0,234.0,0.8105219519322083,0.7740756000764704,0.4886857354335217,78.0,64.0,66.0,52.0,0.5932544378698226,0.5797451522654703,0.0928476690885259,
madelon,KNN,MinMax Scaling,9,,0.3269547000018065,0.0431377999993856,,,957.0,757.0,413.0,213.0,0.8028924684052889,0.7629227502934606,0.4719030116498984,82.0,56.0,74.0,48.0,0.5661834319526627,0.5660206133788843,0.0628074293021327,
madelon,KNN,MinMax Scaling,10,,0.3329407999990508,0.0468060999992303,,,938.0,774.0,396.0,232.0,0.8018248228504639,0.7621647137591421,0.4678669646104335,85.0,67.0,63.0,45.0,0.5707692307692308,0.5440036070470853,0.1708766856503299,
madelon,KNN,IQR Capping,1,,1.891083599999547,0.3678427000013471,57.09168243408203,8.986560821533203,990.0,966.0,204.0,180.0,0.9082898677770472,0.8809978460537077,0.671936253928191,89.0,91.0,39.0,41.0,0.7798520710059171,0.737976345924547,0.3846609093104148,
madelon,KNN,IQR Capping,2,,1.071224699997401,0.4542808999976842,,,993.0,950.0,220.0,177.0,0.905705310833516,0.8799414179893703,0.6611304124485742,89.0,91.0,39.0,41.0,0.7882248520710059,0.7567301829494524,0.3846609093104148,
madelon,KNN,IQR Capping,3,,1.1129489999984798,0.4852140000002691,,,1004.0,953.0,217.0,166.0,0.913044780480678,0.886621833997667,0.6732895239623858,100.0,84.0,46.0,30.0,0.7542011834319526,0.7006626465682495,0.4185669237370764,
madelon,KNN,IQR Capping,4,,1.1614876000021468,0.5062356999987969,,,993.0,953.0,217.0,177.0,0.9076736795967564,0.8799365513879639,0.6636358126051559,97.0,94.0,36.0,33.0,0.782810650887574,0.7261188691546705,0.4693557622604699,
madelon,KNN,IQR Capping,5,,1.0343976999974984,0.5511927000006835,,,979.0,949.0,221.0,191.0,0.901062531959968,0.8736557655672855,0.6480763257337889,106.0,99.0,31.0,24.0,0.8481952662721894,0.8132062611620033,0.5777612678315963,
madelon,KNN,IQR Capping,6,,1.1725031999994826,0.4790369000002101,,,984.0,968.0,202.0,186.0,0.908433413689824,0.8812463988668905,0.6684385741383925,94.0,89.0,41.0,36.0,0.773284023668639,0.7133293677234473,0.4079941902273355,
madelon,KNN,IQR Capping,7,,1.1431716000006418,0.5113203000000794,,,999.0,962.0,208.0,171.0,0.9084787055299876,0.8815454136399433,0.6764066887244516,96.0,95.0,35.0,34.0,0.7852366863905326,0.7548014110064177,0.4692446524140269,
madelon,KNN,IQR Capping,8,,1.203364100001636,0.4884136999971815,,,1005.0,940.0,230.0,165.0,0.906168821681642,0.8783669326461687,0.6634177463967067,98.0,85.0,45.0,32.0,0.7672485207100592,0.7201719742031617,0.4097461862210633,
madelon,KNN,IQR Capping,9,,1.1593288999974902,0.5217479999992065,,,985.0,948.0,222.0,185.0,0.9032266783548836,0.8758947602922122,0.6524630891235861,100.0,93.0,37.0,30.0,0.7927810650887575,0.7442142823016555,0.4853194649785409,
madelon,KNN,IQR Capping,10,,1.0723582999999053,0.5228263000026345,,,995.0,939.0,231.0,175.0,0.903338812184966,0.8735660506772368,0.6537407065376893,101.0,82.0,48.0,29.0,0.7793491124260354,0.7325520768949108,0.4121176797002512,
madelon,KNN,IQR Capping + Scaling,1,,1.740907099996548,0.3802260000011301,57.09309577941895,8.998345375061035,931.0,767.0,403.0,239.0,0.7942439184746878,0.7573352282272721,0.4557818400633006,80.0,56.0,74.0,50.0,0.5374852071005918,0.531899390273265,0.0469610671512406,
madelon,KNN,IQR Capping + Scaling,2,,1.0720459000003757,0.5446331000021019,,,927.0,768.0,402.0,243.0,0.7903645262619621,0.7495745400324669,0.4529197251958843,86.0,60.0,70.0,44.0,0.6033727810650888,0.5757680765194896,0.1256148586042655,
madelon,KNN,IQR Capping + Scaling,3,,1.156520600001386,0.5454917999995814,,,917.0,766.0,404.0,253.0,0.790384980641391,0.7523608829328319,0.4421594020919204,80.0,61.0,69.0,50.0,0.5428698224852071,0.5233501998054094,0.0855338580509955,
madelon,KNN,IQR Capping + Scaling,4,,1.2240793999990274,0.4591877999991993,,,945.0,774.0,396.0,225.0,0.7968628095551172,0.7554544368294127,0.474324121919157,74.0,64.0,66.0,56.0,0.5634023668639053,0.5430034725115982,0.0617213399848367,
madelon,KNN,IQR Capping + Scaling,5,,1.1608386000007158,0.499178000001848,,,934.0,755.0,415.0,236.0,0.7895134779750165,0.7504349471677103,0.4488741086845685,87.0,67.0,63.0,43.0,0.5976923076923076,0.5602106980032882,0.1868397465987655,
madelon,KNN,IQR Capping + Scaling,6,,1.184568599997874,0.5155236999999033,,,952.0,742.0,428.0,218.0,0.7920045291840163,0.7513383631143986,0.4552564706912799,80.0,57.0,73.0,50.0,0.542603550295858,0.5260260932648176,0.054709209010428,
madelon,KNN,IQR Capping + Scaling,7,,1.1787693000005677,0.4733446999998705,,,936.0,719.0,451.0,234.0,0.7850851048286945,0.7487351063241174,0.4218490328355135,81.0,42.0,88.0,49.0,0.5168047337278106,0.5281048890130444,-0.0564461065927186,
madelon,KNN,IQR Capping + Scaling,8,,1.1447754000000714,0.4954007999986061,,,921.0,753.0,417.0,249.0,0.7862338373876835,0.7500213088626505,0.4352799058530134,75.0,56.0,74.0,55.0,0.5377218934911242,0.5454275311237771,0.0077758052773632,
madelon,KNN,IQR Capping + Scaling,9,,1.2857098999993468,0.5261983000018517,,,956.0,715.0,455.0,214.0,0.7912349331580101,0.7509525695817609,0.4375889654538218,79.0,52.0,78.0,51.0,0.5451775147928993,0.5509621109508096,0.0078637837378487,
madelon,KNN,IQR Capping + Scaling,10,,1.1457322999995083,0.4810421000001952,,,960.0,739.0,431.0,210.0,0.7960877346774782,0.7539946046073557,0.4604251103141973,81.0,57.0,73.0,49.0,0.5561834319526627,0.5372141349454207,0.0626147562016542,
madelon,KNN,IQR Removal,1,,1.5015988999984984,0.0277365999972971,57.09310340881348,0.133885383605957,918.0,418.0,752.0,252.0,0.6052191540653079,0.5724078306676165,0.1569323402188344,96.0,41.0,89.0,34.0,0.5477514792899408,0.530023363317555,0.0594266903969212,
madelon,KNN,IQR Removal,2,,2.655693600001541,0.025338899999042,,,865.0,564.0,606.0,305.0,0.6440864928044416,0.5982589358952263,0.2290780826594178,93.0,61.0,69.0,37.0,0.6513609467455621,0.6170300441003672,0.1904761904761904,
madelon,KNN,IQR Removal,3,,2.7702448000018194,0.0301851000003807,,,729.0,614.0,556.0,441.0,0.6071170282708744,0.5750346741465252,0.1485827217336514,82.0,68.0,62.0,48.0,0.5897337278106508,0.5556674173779437,0.1547461151475432,
madelon,KNN,IQR Removal,4,,2.659857499998907,0.0261399000009987,,,914.0,472.0,698.0,256.0,0.6285831689677843,0.5886580021940546,0.1993909959985788,101.0,55.0,75.0,29.0,0.6001479289940829,0.5615732047478482,0.2138343008619249,
madelon,KNN,IQR Removal,5,,2.7815813000015623,0.0273187000020698,,,775.0,598.0,572.0,395.0,0.6149824676747755,0.5793825702341628,0.1755244479559345,90.0,65.0,65.0,40.0,0.6223668639053254,0.5870489104995377,0.1959654504174051,
madelon,KNN,IQR Removal,6,,2.7208649999993213,0.0280706999983522,,,735.0,588.0,582.0,435.0,0.5841982613777486,0.556286798202473,0.1318137533171869,81.0,68.0,62.0,49.0,0.5943195266272189,0.5727648924753911,0.1468901422301925,
madelon,KNN,IQR Removal,7,,2.764250500000344,0.0187879000004613,,,843.0,440.0,730.0,327.0,0.5894119365914238,0.566602964703302,0.1028765520337978,102.0,43.0,87.0,28.0,0.6070414201183432,0.5754731614901106,0.1294884948109176,
madelon,KNN,IQR Removal,8,,2.7434250000005704,0.0314822000000276,,,896.0,414.0,756.0,274.0,0.5840547154649718,0.5545211339532484,0.1313193713662189,98.0,53.0,77.0,32.0,0.6037278106508877,0.5722147389833506,0.1721832129550654,
madelon,KNN,IQR Removal,9,,2.783294100001513,0.016486900000018,,,954.0,355.0,815.0,216.0,0.5692271166630141,0.536707608259201,0.138303391369763,107.0,45.0,85.0,23.0,0.5545266272189349,0.5237046780902713,0.1925385115538513,
madelon,KNN,IQR Removal,10,,2.754106800002773,0.0282580999992205,,,665.0,696.0,474.0,505.0,0.6183789904302724,0.5780294099346651,0.1633051953559981,78.0,79.0,51.0,52.0,0.6129289940828402,0.5719580944827584,0.2076984527078479,
madelon,KNN,IQR Removal + Scaling,1,,1.5343169000007038,0.0306454999990819,57.093109130859375,0.1456527709960937,749.0,487.0,683.0,421.0,0.5252034480239608,0.513611596480276,0.0578801305880967,81.0,56.0,74.0,49.0,0.5333136094674557,0.5196582683101952,0.0548703261168734,
madelon,KNN,IQR Removal + Scaling,2,,2.6956862000006367,0.0327909999978146,,,713.0,538.0,632.0,457.0,0.5368825334209949,0.5209501537605412,0.070018424814944,77.0,62.0,68.0,53.0,0.5286390532544379,0.5178822543955457,0.0696962783396129,
madelon,KNN,IQR Removal + Scaling,3,,2.7633973000010883,0.0214369999994232,,,628.0,608.0,562.0,542.0,0.5335404339250492,0.5196587262407101,0.0564184999082414,70.0,68.0,62.0,60.0,0.5399999999999999,0.5199977687681968,0.0615457454896663,
madelon,KNN,IQR Removal + Scaling,4,,2.734428300002037,0.0235881999979028,,,768.0,446.0,724.0,402.0,0.5177839871429615,0.5106144907160599,0.0391174322261937,90.0,52.0,78.0,40.0,0.5338757396449705,0.5155737946627105,0.096523417813168,
madelon,KNN,IQR Removal + Scaling,5,,2.689086599999428,0.03735769999912,,,608.0,659.0,511.0,562.0,0.5433194535758639,0.52727742962074,0.0829848587348811,72.0,74.0,56.0,58.0,0.5921005917159764,0.5624619498148911,0.1230914909793327,
madelon,KNN,IQR Removal + Scaling,6,,2.707119099999545,0.031836199999816,,,661.0,597.0,573.0,509.0,0.550557381839433,0.5322933361738473,0.0753264549292442,77.0,63.0,67.0,53.0,0.5506508875739645,0.5305941316014623,0.0773730575737716,
madelon,KNN,IQR Removal + Scaling,7,,2.715381899997737,0.0199508000005153,,,662.0,599.0,571.0,508.0,0.5429125575279421,0.5259126129753324,0.0778907783298892,66.0,63.0,67.0,64.0,0.5047633136094675,0.506759337154074,-0.0076943567583683,
madelon,KNN,IQR Removal + Scaling,8,,2.728345600000466,0.0188987000001361,,,683.0,551.0,619.0,487.0,0.5352436262692674,0.5207834855741315,0.0550523427535719,64.0,61.0,69.0,66.0,0.4974852071005918,0.5098441460123103,-0.0384717837918417,
madelon,KNN,IQR Removal + Scaling,9,,2.7809506000012334,0.0165944000000308,,,852.0,368.0,802.0,318.0,0.5253568558696763,0.5139229694109982,0.0469396874901346,91.0,34.0,96.0,39.0,0.4946153846153845,0.4987665351042959,-0.0427944817163673,
madelon,KNN,IQR Removal + Scaling,10,,2.7499377000021923,0.0182297999999718,,,510.0,749.0,421.0,660.0,0.547244137628753,0.5273041283114462,0.0777069153554101,59.0,90.0,40.0,71.0,0.5894970414201184,0.5701938096898727,0.1504953445652232,
madelon,KNN,Yeo-Johnson,1,,4.292008200001874,0.0622502999976859,57.09163475036621,8.974931716918945,571.0,578.0,592.0,599.0,0.490416392724085,0.4943674672222641,-0.0179490391959935,67.0,57.0,73.0,63.0,0.4797633136094674,0.4914285714285714,-0.0462910049886275,
madelon,KNN,Yeo-Johnson,2,,2.271188099999563,0.0384517999991658,,,1170.0,0.0,1170.0,0.0,0.5,0.5,0.0,130.0,0.0,130.0,0.0,0.5,0.5,0.0,
madelon,KNN,Yeo-Johnson,3,,2.413416100000177,0.0375896000005013,,,591.0,554.0,616.0,579.0,0.4900175323252246,0.4947292612265317,-0.0213782139293442,59.0,67.0,63.0,71.0,0.4827218934911243,0.4938145284676271,-0.0308276580343237,
madelon,KNN,Yeo-Johnson,4,,2.029847699999664,0.0762135000004491,,,590.0,566.0,604.0,580.0,0.4942778873548104,0.4975692630086277,-0.0119683302226395,57.0,59.0,71.0,73.0,0.4425443786982248,0.464741270242915,-0.1077050546069161,
madelon,KNN,Yeo-Johnson,5,,1.9791041999997103,0.0668129999976372,,,808.0,370.0,800.0,362.0,0.5034578858937833,0.5031784421816041,0.0073738011922653,91.0,42.0,88.0,39.0,0.5014792899408284,0.4959880408608582,0.0249145030917311,
madelon,KNN,Yeo-Johnson,6,,2.0591437999974005,0.0538591999975324,,,575.0,568.0,602.0,595.0,0.4875049309664694,0.4936839384095083,-0.0230773361091346,72.0,57.0,73.0,58.0,0.5011242603550297,0.4962908718625597,-0.0077440309266236,
madelon,KNN,Yeo-Johnson,7,,2.150532399999065,0.0607394999969983,,,763.0,378.0,792.0,407.0,0.4884706698809262,0.4939398406331798,-0.0262481060975686,97.0,39.0,91.0,33.0,0.5165976331360946,0.5078328470789155,0.0515710623129396,
madelon,KNN,Yeo-Johnson,8,,2.044184200000018,0.0698272000008728,,,836.0,382.0,788.0,334.0,0.5228972167433705,0.5120850608515783,0.0445134969774352,86.0,35.0,95.0,44.0,0.4783136094674556,0.4989302350774564,-0.0752644125694642,
madelon,KNN,Yeo-Johnson,9,,2.0114725999992515,0.0776213000026473,,,585.0,564.0,606.0,585.0,0.4909533201840894,0.4938423261857162,-0.0179516097953186,64.0,61.0,69.0,66.0,0.4841715976331361,0.5137018829124093,-0.0384717837918417,
madelon,KNN,Yeo-Johnson,10,,1.9118827000020249,0.0793680000024323,,,717.0,513.0,657.0,453.0,0.5310216232011103,0.517336893029931,0.0520798015655014,83.0,52.0,78.0,47.0,0.5304733727810651,0.5382637469803662,0.0396040380434797,
madelon,KNN,Yeo-Johnson + Scaling,1,,4.305849700002,0.0484499999984109,57.09309577941895,8.98668384552002,893.0,784.0,386.0,277.0,0.7881938052450874,0.751790579721187,0.4352261636766201,76.0,60.0,70.0,54.0,0.5659171597633136,0.5551327763706204,0.0465074359707862,
madelon,KNN,Yeo-Johnson + Scaling,2,,2.01202430000194,0.085382599998411,,,913.0,781.0,389.0,257.0,0.7857400102271898,0.7451051286310352,0.4507410562948706,85.0,66.0,64.0,45.0,0.6065680473372781,0.5780217236107327,0.1632919108246278,
madelon,KNN,Yeo-Johnson + Scaling,3,,2.09228869999788,0.0584734000003663,,,905.0,792.0,378.0,265.0,0.7904233326028197,0.7549063174419872,0.452542939373321,78.0,57.0,73.0,52.0,0.5437278106508875,0.5287170706279936,0.0389733988210312,
madelon,KNN,Yeo-Johnson + Scaling,4,,2.2571203999978025,0.0448954999992565,,,911.0,801.0,369.0,259.0,0.798154357513332,0.7590402151986657,0.4653089103761841,74.0,61.0,69.0,56.0,0.5457692307692307,0.5370806282090753,0.0386553005868927,
madelon,KNN,Yeo-Johnson + Scaling,5,,2.009730600002513,0.0741766999999526,,,930.0,735.0,435.0,240.0,0.7867641902257287,0.7523398228899167,0.429078313939093,85.0,64.0,66.0,45.0,0.6119526627218934,0.5819746411554942,0.1480989155199188,
madelon,KNN,Yeo-Johnson + Scaling,6,,2.1320925999971223,0.0662589999992633,,,937.0,751.0,419.0,233.0,0.7894670903645262,0.7514994805732138,0.4484379574411396,78.0,67.0,63.0,52.0,0.5596153846153846,0.5341285178586478,0.1157999100466648,
madelon,KNN,Yeo-Johnson + Scaling,7,,2.13389559999996,0.0623303999964264,,,922.0,755.0,415.0,248.0,0.7873033092263861,0.751176912854493,0.437816161664558,84.0,56.0,74.0,46.0,0.5660059171597633,0.5479621289172322,0.0787719090223794,
madelon,KNN,Yeo-Johnson + Scaling,8,,2.032196200001636,0.073844900001859,,,899.0,775.0,395.0,271.0,0.7866834684783404,0.7489347248755415,0.4332090852019752,79.0,56.0,74.0,51.0,0.5468047337278107,0.5395337366053479,0.03907800643602,
madelon,KNN,Yeo-Johnson + Scaling,9,,2.161033199998201,0.0556763999993563,,,936.0,733.0,437.0,234.0,0.7918876470158521,0.7532798214052465,0.4330639571431856,80.0,52.0,78.0,50.0,0.5282248520710059,0.5237042325374742,0.0157543818044758,
madelon,KNN,Yeo-Johnson + Scaling,10,,2.141372100002627,0.055923799998709,,,925.0,746.0,424.0,245.0,0.786424866681277,0.7468703873264655,0.4333062205220979,80.0,52.0,78.0,50.0,0.5345857988165681,0.5370782667543731,0.0157543818044758,
madelon,KNN,Quantile Transform,1,,1.9611301999975692,0.1805598000028112,57.09164047241211,12.793588638305664,913.0,752.0,418.0,257.0,0.7879457958945139,0.7515461180257736,0.4271403390778042,81.0,50.0,80.0,49.0,0.5248816568047336,0.5206963068085614,0.0079208076086959,
madelon,KNN,Quantile Transform,2,,2.287230399997497,0.2590354000021762,,,909.0,754.0,416.0,261.0,0.7884162466213749,0.7515488346177465,0.4251145398215109,88.0,58.0,72.0,42.0,0.6026627218934911,0.570320741422063,0.1264911064067351,
madelon,KNN,Quantile Transform,3,,2.46765449999657,0.251005800000712,,,913.0,773.0,397.0,257.0,0.7954744685513917,0.7591930678415598,0.4442172727391821,77.0,51.0,79.0,53.0,0.49698224852071,0.4927633795759401,-0.0157018573255331,
madelon,KNN,Quantile Transform,4,,2.41642160000265,0.2453522000032535,,,944.0,757.0,413.0,226.0,0.7959854627803347,0.754298631190832,0.4597564580380386,68.0,67.0,63.0,62.0,0.5336094674556213,0.5410571560933152,0.0384626764273792,
madelon,KNN,Quantile Transform,5,,2.2878507999994326,0.2603897000008146,,,935.0,725.0,445.0,235.0,0.7850599021111841,0.7502443856651932,0.425716928699861,88.0,57.0,73.0,42.0,0.5564201183431953,0.5364871647444748,0.1188121141304393,
madelon,KNN,Quantile Transform,6,,2.4631787999969674,0.2471231000017724,,,941.0,737.0,433.0,229.0,0.7886631602016216,0.748250503887492,0.4409423199212458,72.0,63.0,67.0,58.0,0.5226331360946745,0.523416937086671,0.0385540422581805,
madelon,KNN,Quantile Transform,7,,2.260542100000748,0.2524376000001211,,,941.0,728.0,442.0,229.0,0.7873869530279786,0.7474233708639606,0.4337440064464904,88.0,51.0,79.0,42.0,0.5544970414201184,0.5468954960316669,0.0722175581158244,
madelon,KNN,Quantile Transform,8,,2.2844054000015603,0.2525642000000516,,,925.0,744.0,426.0,245.0,0.791164438600336,0.7553587286389066,0.4316927204686538,81.0,54.0,76.0,49.0,0.541301775147929,0.531847993850045,0.0393189186892435,
madelon,KNN,Quantile Transform,9,,2.347501399999601,0.2564482999987376,,,964.0,695.0,475.0,206.0,0.7869438965592811,0.7469501455142649,0.4294534210110042,82.0,52.0,78.0,48.0,0.5299112426035503,0.5185648524853211,0.0316227766016837,
madelon,KNN,Quantile Transform,10,,2.402317899999616,0.2480113999990862,,,927.0,741.0,429.0,243.0,0.7781748118927606,0.7368723067038823,0.4311237505901304,83.0,57.0,73.0,47.0,0.5485798816568047,0.5388774791608799,0.0785092866276659,
madelon,KNN,Quantile Transform + Scaling,1,,1.9883816000001389,0.1963441999978386,57.093048095703125,12.805340766906738,918.0,748.0,422.0,252.0,0.7863065234860106,0.748559072993236,0.4284787390883546,82.0,52.0,78.0,48.0,0.5315976331360946,0.5256925080297103,0.0316227766016837,
madelon,KNN,Quantile Transform + Scaling,2,,2.188327699997899,0.2867055000024265,,,908.0,757.0,413.0,262.0,0.7873515231207538,0.7496864059997586,0.426645037106239,85.0,55.0,75.0,45.0,0.5992603550295857,0.5779464462493297,0.0790569415042094,
madelon,KNN,Quantile Transform + Scaling,3,,2.4844235999989905,0.1901040000011562,,,912.0,772.0,398.0,258.0,0.7931806560011688,0.7559727616013003,0.4424955003642241,77.0,49.0,81.0,53.0,0.4968047337278106,0.494051914108543,-0.0315087636089517,
madelon,KNN,Quantile Transform + Scaling,4,,2.548585699998512,0.2384019999990414,,,938.0,749.0,421.0,232.0,0.7932584556943532,0.7527314248924926,0.4477610486771816,68.0,67.0,63.0,62.0,0.5451479289940828,0.547028172298085,0.0384626764273792,
madelon,KNN,Quantile Transform + Scaling,5,,2.66123399999924,0.1936414999981934,,,938.0,715.0,455.0,232.0,0.7840422967346043,0.7483125548039763,0.4205296125427922,88.0,61.0,69.0,42.0,0.5739053254437869,0.5495550024886517,0.1494118910191256,
madelon,KNN,Quantile Transform + Scaling,6,,2.447776500001055,0.2154606000003696,,,946.0,735.0,435.0,224.0,0.7893527649937906,0.7487845626701604,0.4440324987069377,72.0,61.0,69.0,58.0,0.5229585798816567,0.5265925569272516,0.0231599820093329,
madelon,KNN,Quantile Transform + Scaling,7,,2.308338799997728,0.2930884000015794,,,941.0,725.0,445.0,229.0,0.7887292716779897,0.749766731925321,0.4313460982780626,89.0,51.0,79.0,41.0,0.554792899408284,0.5460358457530403,0.0804361815109733,
madelon,KNN,Quantile Transform + Scaling,8,,2.3278621999997995,0.2486290999986522,,,931.0,744.0,426.0,239.0,0.793435605230477,0.757143390458664,0.437244842390225,80.0,55.0,75.0,50.0,0.5477218934911243,0.534654837710865,0.039193090083481,
madelon,KNN,Quantile Transform + Scaling,9,,2.46208359999946,0.2264598000001569,,,962.0,694.0,476.0,208.0,0.7871312732851193,0.747289698606793,0.4267303750877378,80.0,54.0,76.0,50.0,0.5405917159763314,0.5278076848927051,0.0314037146510663,
madelon,KNN,Quantile Transform + Scaling,10,,2.274024599999393,0.2423320999987481,,,930.0,741.0,429.0,240.0,0.7816498648549931,0.739789925922426,0.4339038402074816,84.0,57.0,73.0,46.0,0.5451775147928993,0.5343399099546065,0.0865016211163359,
madelon,KNN,Uniform Binning,1,,0.2357845000005909,0.0445018999998865,57.09173011779785,9.017969131469728,898.0,836.0,334.0,272.0,0.8077405215866755,0.7693895361941255,0.482729533509591,80.0,66.0,64.0,50.0,0.576094674556213,0.5634503150810458,0.1237968921180345,
madelon,KNN,Uniform Binning,2,,0.3234580000025744,0.0467673999992257,,,885.0,853.0,317.0,285.0,0.8022167433705896,0.7611510672204852,0.4856517643522853,79.0,73.0,57.0,51.0,0.5863313609467455,0.564315996870212,0.1694113034992667,
madelon,KNN,Uniform Binning,3,,0.2356861999978718,0.0595924999979615,,,898.0,836.0,334.0,272.0,0.8094174154430565,0.7711390608374441,0.482729533509591,78.0,65.0,65.0,52.0,0.5791715976331361,0.5656702415671025,0.1005037815259212,
madelon,KNN,Uniform Binning,4,,0.2708746999996947,0.0722041000008175,,,896.0,823.0,347.0,274.0,0.7984772445028856,0.7589028382738564,0.4701467803653428,74.0,74.0,56.0,56.0,0.5501775147928993,0.5344966856414299,0.1384615384615384,
madelon,KNN,Uniform Binning,5,,0.2888008000008994,0.0600076000009721,,,910.0,808.0,362.0,260.0,0.8019818832639347,0.7664695270809421,0.4701661694403412,77.0,64.0,66.0,53.0,0.571301775147929,0.5455625970630442,0.0850416612911641,
madelon,KNN,Uniform Binning,6,,0.3306732999990345,0.0458719999987806,,,923.0,802.0,368.0,247.0,0.8034440061363137,0.7653537050421615,0.4769162472119658,76.0,75.0,55.0,54.0,0.5886686390532544,0.5666079881418067,0.1615432409949928,
madelon,KNN,Uniform Binning,7,,0.3121320999998715,0.0502019000014115,,,908.0,796.0,374.0,262.0,0.793044780480678,0.7516005074051287,0.4585159108204527,82.0,81.0,49.0,48.0,0.6634911242603551,0.6204078086230255,0.253853664420703,
madelon,KNN,Uniform Binning,8,,0.3403661999982432,0.0520311000000219,,,911.0,819.0,351.0,259.0,0.8021243334063848,0.7617555331679529,0.4801190843011915,82.0,64.0,66.0,48.0,0.5535502958579882,0.5399185539804381,0.12427395320024,
madelon,KNN,Uniform Binning,9,,0.3220846000003803,0.0458897999997134,,,870.0,856.0,314.0,300.0,0.7942840967199941,0.7542637499051117,0.47524769957032,82.0,77.0,53.0,48.0,0.634112426035503,0.6042775268250854,0.2232421040866552,
madelon,KNN,Uniform Binning,10,,0.3202211999996507,0.0457780999968235,,,904.0,810.0,360.0,266.0,0.7943191613704434,0.7548818276630004,0.4664651760655447,81.0,65.0,65.0,49.0,0.5803254437869823,0.5578755947249098,0.12401982925543,
madelon,KNN,Uniform Binning + Scaling,1,,0.2569610999998986,0.0566139000002294,57.093143463134766,9.029745101928713,908.0,821.0,349.0,262.0,0.7998637592227336,0.7587515177260725,0.4791041588228624,87.0,56.0,74.0,43.0,0.5374556213017752,0.5258054720029798,0.1029704989130474,
madelon,KNN,Uniform Binning + Scaling,2,,0.3559917999991739,0.0441324000021268,,,876.0,832.0,338.0,294.0,0.7936335744028052,0.7499623981434069,0.4601545673332992,75.0,71.0,59.0,55.0,0.5729289940828403,0.5469939336314675,0.123135225743896,
madelon,KNN,Uniform Binning + Scaling,3,,0.3592209999987972,0.0469086000011884,,,903.0,796.0,374.0,267.0,0.7940492366133391,0.7524946946738652,0.4540394523218696,78.0,65.0,65.0,52.0,0.5643491124260356,0.5489900782694898,0.1005037815259212,
madelon,KNN,Uniform Binning + Scaling,4,,0.2829251000002841,0.0472855000007257,,,906.0,804.0,366.0,264.0,0.7940627511140332,0.7565613789607267,0.4633024297404822,83.0,64.0,66.0,47.0,0.5624852071005917,0.5461717215783874,0.1321886897151749,
madelon,KNN,Uniform Binning + Scaling,5,,0.3236896999987948,0.0538519000001542,,,934.0,772.0,398.0,236.0,0.7967535977792388,0.7603982749622757,0.4625752702453378,77.0,54.0,76.0,53.0,0.526568047337278,0.5141424800689507,0.007815601287204,
madelon,KNN,Uniform Binning + Scaling,6,,0.3845839999994496,0.0464682999991055,,,905.0,754.0,416.0,265.0,0.7829333771641465,0.7471078345191994,0.4214735821110119,74.0,63.0,67.0,56.0,0.5691420118343196,0.5492597601184958,0.0540399580217769,
madelon,KNN,Uniform Binning + Scaling,7,,0.4167885999995633,0.0393940000030852,,,919.0,776.0,394.0,251.0,0.7873854920008767,0.7453883401095609,0.4521075072540461,82.0,65.0,65.0,48.0,0.5961242603550295,0.572384933434918,0.1319018941727237,
madelon,KNN,Uniform Binning + Scaling,8,,0.3531006999983219,0.0449408000022231,,,909.0,818.0,352.0,261.0,0.7960070129300898,0.7552034625132298,0.4775149022326056,77.0,59.0,71.0,53.0,0.5328402366863905,0.5290138122501952,0.04660273245009,
madelon,KNN,Uniform Binning + Scaling,9,,0.3943515000028128,0.036071800001082,,,885.0,802.0,368.0,285.0,0.7781430345532909,0.7368363204116608,0.4429964393738081,83.0,71.0,59.0,47.0,0.582603550295858,0.5510666146349479,0.1854069739827289,
madelon,KNN,Uniform Binning + Scaling,10,,0.3634142000009888,0.0462531000011949,,,895.0,761.0,409.0,275.0,0.7767320476294836,0.7403017417595879,0.4181360341913583,83.0,66.0,64.0,47.0,0.5626627218934911,0.537427185434531,0.1474197640753971,
madelon,KNN,Quantile Binning,1,,0.384584100000211,0.0508321999986947,57.09330368041992,9.01783847808838,892.0,810.0,360.0,278.0,0.8002958579881656,0.7632961196113692,0.4558217248455752,80.0,62.0,68.0,50.0,0.5546745562130178,0.5360022336049733,0.09320546490018,
madelon,KNN,Quantile Binning,2,,0.3219234999996843,0.0465475000019068,,,872.0,811.0,359.0,298.0,0.7859040105193951,0.7501312470828448,0.4390586781634401,75.0,72.0,58.0,55.0,0.5917159763313609,0.5735190978612033,0.1308040648922621,
madelon,KNN,Quantile Binning,3,,0.3856243000009272,0.0512582999981532,,,890.0,826.0,344.0,280.0,0.7993699320622396,0.7629535470525224,0.4673664135382656,76.0,67.0,63.0,54.0,0.5790532544378698,0.558239155825947,0.1002405098712693,
madelon,KNN,Quantile Binning,4,,0.4306378000001132,0.035481200000504,,,878.0,813.0,357.0,292.0,0.7873632113375704,0.7485960348584203,0.4459879301583022,71.0,70.0,60.0,59.0,0.5582544378698224,0.5364520798350896,0.0846178881402343,
madelon,KNN,Quantile Binning,5,,0.4354170000005979,0.034121500000765,,,880.0,824.0,346.0,290.0,0.7880535466432902,0.7472725264652099,0.4569339493339347,80.0,78.0,52.0,50.0,0.6345562130177514,0.5860815486015103,0.2154101092138322,
madelon,KNN,Quantile Binning,6,,0.4373717000016768,0.03700619999654,,,899.0,826.0,344.0,271.0,0.8092011834319527,0.7674244221055563,0.475284996544199,75.0,67.0,63.0,55.0,0.5590236686390532,0.5537498065428027,0.0924829741029713,
madelon,KNN,Quantile Binning,7,,0.39652400000341,0.0486148000018147,,,877.0,816.0,354.0,293.0,0.7980188472496166,0.7613422266765161,0.4476173268605831,86.0,58.0,72.0,44.0,0.5663313609467456,0.5434515235808254,0.1102806726313312,
madelon,KNN,Quantile Binning,8,,0.384204400001181,0.0497740999999223,,,896.0,833.0,337.0,274.0,0.8041540653079116,0.7645766266423457,0.4784719240264626,69.0,66.0,64.0,61.0,0.5387278106508876,0.5395881684211203,0.0384717837918417,
madelon,KNN,Quantile Binning,9,,0.4114044000016292,0.0485778000002028,,,901.0,813.0,357.0,269.0,0.7953104682591863,0.7538214171949575,0.4662780255196248,85.0,66.0,64.0,45.0,0.6188165680473372,0.6114664860275335,0.1632919108246278,
madelon,KNN,Quantile Binning,10,,0.3962412000000768,0.0430556000028445,,,904.0,788.0,382.0,266.0,0.7910972313536416,0.7499167368470376,0.4483629451800029,77.0,68.0,62.0,53.0,0.5845857988165681,0.566801961186813,0.1156621267745415,
madelon,KNN,Quantile Binning + Scaling,1,,0.407865799999854,0.0469770999989123,57.093143463134766,9.029614448547363,893.0,793.0,377.0,277.0,0.7929739206662283,0.7554599441222163,0.4426453968854905,83.0,66.0,64.0,47.0,0.5803550295857988,0.5578730937681636,0.1474197640753971,
madelon,KNN,Quantile Binning + Scaling,2,,0.3574002999994263,0.0693446000004769,,,875.0,816.0,354.0,295.0,0.7873920666228358,0.7498105117813366,0.4458664069361864,77.0,78.0,52.0,53.0,0.6107396449704142,0.584136586762414,0.1923133821368962,
madelon,KNN,Quantile Binning + Scaling,3,,0.407039600002463,0.0441244000030565,,,888.0,830.0,340.0,282.0,0.7977313901672876,0.7586118723810185,0.4689526360768385,76.0,73.0,57.0,54.0,0.5692899408284023,0.5371428571428571,0.1461927784089988,
madelon,KNN,Quantile Binning + Scaling,4,,0.3567274000015459,0.0567962999994051,,,876.0,811.0,359.0,294.0,0.7844787785813426,0.7453427280857382,0.4425638385639966,68.0,71.0,59.0,62.0,0.5483136094674557,0.5358138290489057,0.0692492108253152,
madelon,KNN,Quantile Binning + Scaling,5,,0.4800857999980508,0.0473614999973506,,,872.0,819.0,351.0,298.0,0.7895065380962817,0.7527653808631926,0.4457567293665158,76.0,72.0,58.0,54.0,0.6121301775147929,0.5853756595977095,0.138527128961883,
madelon,KNN,Quantile Binning + Scaling,6,,0.4748322000014013,0.0407247000002826,,,883.0,845.0,325.0,287.0,0.8105073416611878,0.7716898660298745,0.4771748200184744,75.0,61.0,69.0,55.0,0.5478994082840236,0.5375497274383062,0.0464238345442629,
madelon,KNN,Quantile Binning + Scaling,7,,0.4379864000002271,0.0536042999992787,,,867.0,803.0,367.0,303.0,0.7874417415443057,0.7500781778854619,0.4279912211888879,87.0,64.0,66.0,43.0,0.5815088757396449,0.5445234504058034,0.164127627031284,
madelon,KNN,Quantile Binning + Scaling,8,,0.465930099999241,0.0513405999990936,,,884.0,819.0,351.0,286.0,0.7936803272700708,0.7549705278324199,0.4562602049412189,59.0,70.0,60.0,71.0,0.5157988165680473,0.5295399594602452,-0.0077199940031109,
madelon,KNN,Quantile Binning + Scaling,9,,0.4556802000006428,0.0526458000022103,,,875.0,813.0,357.0,295.0,0.7834721309080284,0.7421452653704121,0.4433579758120002,84.0,69.0,61.0,46.0,0.6251479289940828,0.6057057593257782,0.1781127113123442,
madelon,KNN,Quantile Binning + Scaling,10,,0.4216177999987849,0.0452288000014959,,,900.0,793.0,377.0,270.0,0.788723792826357,0.7475022700341271,0.4488896664732283,81.0,69.0,61.0,49.0,0.5774556213017751,0.5635875730946154,0.1545058116522741,
madelon,KNN,SMOTE,1,,0.3037120999979379,0.0430218000001332,57.09162902832031,8.971303939819336,985.0,957.0,213.0,185.0,0.9034706698809264,0.8755730234240661,0.6600180905448318,88.0,93.0,37.0,42.0,0.7681360946745562,0.7211068580651028,0.3925981830489455,
madelon,KNN,SMOTE,2,,0.2375212000006286,0.0576646999979857,,,996.0,944.0,226.0,174.0,0.9039184746877056,0.8779204806742469,0.6587706173867297,94.0,85.0,45.0,36.0,0.7906213017751479,0.7656645466808703,0.3778296141301689,
madelon,KNN,SMOTE,3,,0.3489130000016303,0.0474474999973608,,,999.0,959.0,211.0,171.0,0.9127277375995324,0.8873122281759083,0.6738982220784315,92.0,85.0,45.0,38.0,0.7416272189349112,0.6903266885447146,0.3620637278411336,
madelon,KNN,SMOTE,4,,0.3250260000022535,0.0499918999994406,,,990.0,954.0,216.0,180.0,0.9072671488056104,0.8802960715755523,0.6618518383734412,96.0,92.0,38.0,34.0,0.7712130177514792,0.7142819831780691,0.446365193321623,
madelon,KNN,SMOTE,5,,0.3807163999990735,0.0493999999998777,,,983.0,957.0,213.0,187.0,0.9041365329826868,0.877296580670485,0.65828221701015,105.0,96.0,34.0,25.0,0.8314201183431953,0.7902745951422783,0.5474674000661631,
madelon,KNN,SMOTE,6,,0.2983294000005116,0.0383327999988978,,,984.0,956.0,214.0,186.0,0.9068869165023012,0.8800012908811381,0.6583081991185499,98.0,86.0,44.0,32.0,0.7681952662721893,0.7080142900019053,0.4171656914611401,
madelon,KNN,SMOTE,7,,0.3467956999993475,0.0449880000014673,,,986.0,956.0,214.0,184.0,0.905819270947476,0.8785987056905519,0.6600460731747824,97.0,97.0,33.0,33.0,0.7860059171597633,0.7548489526364168,0.4923076923076923,
madelon,KNN,SMOTE,8,,0.3405813999997917,0.0483039999999164,,,998.0,946.0,224.0,172.0,0.9051976039155526,0.8756008983338294,0.6621928024121153,94.0,84.0,46.0,36.0,0.7677514792899409,0.7279834378341842,0.3703280399090206,
madelon,KNN,SMOTE,9,,0.3308561999983794,0.0466664999985368,,,988.0,951.0,219.0,182.0,0.9014318065600118,0.8739195308542234,0.6575938604666287,98.0,95.0,35.0,32.0,0.7902958579881657,0.7371942506148927,0.4847444757772066,
madelon,KNN,SMOTE,10,,0.3073019000003114,0.048486600000615,,,998.0,950.0,220.0,172.0,0.904429834173424,0.876133996523811,0.6655175682001225,102.0,83.0,47.0,28.0,0.784112426035503,0.7377512097068571,0.4276692902549777,
madelon,KNN,SMOTE + Scaling,1,,0.3191795999991882,0.037755900000775,57.093143463134766,8.98305892944336,917.0,777.0,393.0,253.0,0.7895591350719556,0.7531113135410874,0.4511043622390144,77.0,51.0,79.0,53.0,0.5278106508875741,0.5318005336423537,-0.0157018573255331,
madelon,KNN,SMOTE + Scaling,2,,0.332109599999967,0.0451183000004675,,,921.0,753.0,417.0,249.0,0.7900642851924904,0.7537498511358687,0.4352799058530134,87.0,58.0,72.0,43.0,0.6071005917159763,0.5812040558188467,0.1183673732316837,
madelon,KNN,SMOTE + Scaling,3,,0.3147389000005205,0.0569035000007716,,,924.0,768.0,402.0,246.0,0.788960844473665,0.7524684293983452,0.4501733313667629,77.0,56.0,74.0,53.0,0.5360650887573964,0.5259223828110433,0.0233840392926187,
madelon,KNN,SMOTE + Scaling,4,,0.3067215000010037,0.0600704999997105,,,930.0,780.0,390.0,240.0,0.7976002629848783,0.7602910877593216,0.4653789209955172,69.0,65.0,65.0,61.0,0.5406213017751479,0.5345270925721375,0.030783806435974,
madelon,KNN,SMOTE + Scaling,5,,0.3210651000008511,0.042873000002146,,,927.0,727.0,443.0,243.0,0.7825882095112865,0.7493631791829527,0.4198548853649831,91.0,59.0,71.0,39.0,0.5931952662721894,0.5628753816973912,0.1587301587301587,
madelon,KNN,SMOTE + Scaling,6,,0.3505713000013202,0.0523356000012427,,,935.0,748.0,422.0,235.0,0.7890726130469721,0.7543623577026246,0.4441714933587831,84.0,56.0,74.0,46.0,0.5430177514792898,0.5255362141813882,0.0787719090223794,
madelon,KNN,SMOTE + Scaling,7,,0.3947058000012475,0.0332650999989709,,,932.0,729.0,441.0,238.0,0.7855277960406165,0.750817820130208,0.4261210480106295,78.0,40.0,90.0,52.0,0.5023668639053255,0.5214730248046641,-0.096523417813168,
madelon,KNN,SMOTE + Scaling,8,,0.3927323999996588,0.0318260999993071,,,913.0,753.0,417.0,257.0,0.7892556066915042,0.7552385785701374,0.4279521071684614,74.0,56.0,74.0,56.0,0.5349408284023668,0.5349154476042267,0.0,
madelon,KNN,SMOTE + Scaling,9,,0.371913000002678,0.0448250000008556,,,954.0,714.0,456.0,216.0,0.7868606180144643,0.7480526539929045,0.4348888891616643,79.0,48.0,82.0,51.0,0.5538165680473373,0.5609480210916371,-0.0237624228260878,
madelon,KNN,SMOTE + Scaling,10,,0.3760506999969948,0.0389362999994773,,,921.0,742.0,428.0,249.0,0.7813602162320111,0.7429895031719489,0.4263871591165554,81.0,59.0,71.0,49.0,0.5468934911242604,0.5328465303323046,0.0780488176318078,
madelon,KNN,Select Percentile (MI),1,,4.709558599999582,0.0314407000005303,57.09162902832031,4.508930206298828,983.0,971.0,199.0,187.0,0.9089257798232158,0.88079579831435,0.670120717335512,95.0,96.0,34.0,35.0,0.7964792899408284,0.7435192835542239,0.4692446524140269,
madelon,KNN,Select Percentile (MI),2,,3.949711600002047,0.0364398999990953,,,998.0,938.0,232.0,172.0,0.903242019139455,0.877633397308034,0.6555634385462202,98.0,92.0,38.0,32.0,0.790680473372781,0.7367965425670938,0.462030827725273,
madelon,KNN,Select Percentile (MI),3,,3.9997636999978567,0.0230907000004663,,,979.0,949.0,221.0,191.0,0.8973854920008767,0.8696144756960397,0.6480763257337889,100.0,88.0,42.0,30.0,0.7933727810650888,0.7674035293277015,0.4480668537915949,
madelon,KNN,Select Percentile (MI),4,,3.8830382999985886,0.0280691000007209,,,990.0,955.0,215.0,180.0,0.9096497187522828,0.8821540843025184,0.6626897423589293,92.0,96.0,34.0,38.0,0.7736686390532543,0.7128184073204747,0.446365193321623,
madelon,KNN,Select Percentile (MI),5,,4.096361399999296,0.0217171999975107,,,941.0,901.0,269.0,229.0,0.8601501205347359,0.824678640490849,0.574694930503434,92.0,79.0,51.0,38.0,0.713431952662722,0.6819922592139506,0.3169734648125207,
madelon,KNN,Select Percentile (MI),6,,4.142264000001887,0.0181669999983569,,,1008.0,979.0,191.0,162.0,0.9233844692819052,0.8988021318990325,0.6985051987455257,107.0,92.0,38.0,23.0,0.8526923076923076,0.8217017883442568,0.5343381339370327,
madelon,KNN,Select Percentile (MI),7,,4.0179926000018895,0.028623800000787,,,1013.0,958.0,212.0,157.0,0.9158682153553948,0.8882171793234372,0.6853730733380277,99.0,93.0,37.0,31.0,0.8245562130177515,0.8018396538410321,0.4774318553161155,
madelon,KNN,Select Percentile (MI),8,,4.084501199999068,0.0299674000016239,,,1015.0,931.0,239.0,155.0,0.912642632770838,0.8865074881714068,0.6649638566802211,102.0,85.0,45.0,28.0,0.7908875739644969,0.7381141240428118,0.4422592922261914,
madelon,KNN,Select Percentile (MI),9,,3.998527700001432,0.0262254999979631,,,996.0,979.0,191.0,174.0,0.9166381766381766,0.8886865192339608,0.688106827880148,103.0,92.0,38.0,27.0,0.8160650887573964,0.7744276941461885,0.5017996102022142,
madelon,KNN,Select Percentile (MI),10,,3.954868400000123,0.0303254999998898,,,998.0,928.0,242.0,172.0,0.8990744393308496,0.8677777692999031,0.647313419261951,100.0,83.0,47.0,30.0,0.7748224852071006,0.7217433468071625,0.4112235524208446,
madelon,KNN,Select Percentile (MI) + Scaling,1,,4.732823300000746,0.033425100002205,57.09304237365723,4.514970779418945,857.0,818.0,352.0,313.0,0.7832869457228432,0.7384699434560501,0.4318639227081544,72.0,74.0,56.0,58.0,0.576775147928994,0.562179153205469,0.1230914909793327,
madelon,KNN,Select Percentile (MI) + Scaling,2,,3.9284692000001087,0.0255002000012609,,,833.0,805.0,365.0,337.0,0.7727576886551245,0.7368518641266203,0.4001145937499757,76.0,63.0,67.0,54.0,0.531301775147929,0.5119037407641279,0.0695795410564069,
madelon,KNN,Select Percentile (MI) + Scaling,3,,3.913931999999477,0.0271584000001894,,,869.0,805.0,365.0,301.0,0.783034188034188,0.7459259937954824,0.431415150958399,80.0,64.0,66.0,50.0,0.5599408284023669,0.5317580452986344,0.1085173505985012,
madelon,KNN,Select Percentile (MI) + Scaling,4,,3.98617860000013,0.0280012000002898,,,864.0,865.0,305.0,306.0,0.8105866023814742,0.7670778360569166,0.4777779522894439,73.0,77.0,53.0,57.0,0.5755917159763314,0.5560973683230738,0.15391903217987,
madelon,KNN,Select Percentile (MI) + Scaling,5,,3.976196200001141,0.0198239999990619,,,858.0,807.0,363.0,312.0,0.7783574402805172,0.7390814072799531,0.4234794337501664,78.0,63.0,67.0,52.0,0.5612721893491126,0.5351292432264092,0.0851843401928603,
madelon,KNN,Select Percentile (MI) + Scaling,6,,3.953414600000542,0.0286731000014697,,,925.0,764.0,406.0,245.0,0.7959365183724159,0.7637394142622638,0.4478501736997584,78.0,65.0,65.0,52.0,0.5543786982248521,0.5349268529359026,0.1005037815259212,
madelon,KNN,Select Percentile (MI) + Scaling,7,,4.211663800000679,0.0171171000001777,,,935.0,752.0,418.0,235.0,0.7919296515450363,0.753329017649413,0.4473866992786487,83.0,56.0,74.0,47.0,0.5490532544378697,0.5323069490019094,0.0707740536406384,
madelon,KNN,Select Percentile (MI) + Scaling,8,,4.012711299998045,0.0297449000026972,,,897.0,784.0,386.0,273.0,0.7816699539776464,0.7448124794834201,0.4388034952936755,76.0,71.0,59.0,54.0,0.5885502958579882,0.5507183754499191,0.1308660610163151,
madelon,KNN,Select Percentile (MI) + Scaling,9,,4.108771899998828,0.0301235000006272,,,899.0,759.0,411.0,271.0,0.7790006574621959,0.7363710477953064,0.4201124594897691,73.0,66.0,64.0,57.0,0.5395266272189349,0.5264658541314234,0.0693313521397915,
madelon,KNN,Select Percentile (MI) + Scaling,10,,4.020876899998257,0.0229112999986682,,,945.0,764.0,406.0,225.0,0.7975710424428373,0.7565344091151867,0.4662973473599287,82.0,61.0,69.0,48.0,0.5439349112426035,0.526002554955861,0.1013308369346813,
madelon,KNN,Random Undersampling,1,,0.2997155000011844,0.0430409000000509,57.0916690826416,8.989127159118652,985.0,957.0,213.0,185.0,0.9034706698809264,0.8755730234240661,0.6600180905448318,88.0,93.0,37.0,42.0,0.7681360946745562,0.7211068580651028,0.3925981830489455,
madelon,KNN,Random Undersampling,2,,0.3043178000007174,0.0493726999993668,,,996.0,944.0,226.0,174.0,0.9039184746877056,0.8779204806742469,0.6587706173867297,94.0,85.0,45.0,36.0,0.7906213017751479,0.7656645466808703,0.3778296141301689,
madelon,KNN,Random Undersampling,3,,0.2584305999989738,0.0548744000006991,,,999.0,959.0,211.0,171.0,0.9127277375995324,0.8873122281759083,0.6738982220784315,92.0,85.0,45.0,38.0,0.7416272189349112,0.6903266885447146,0.3620637278411336,
madelon,KNN,Random Undersampling,4,,0.2518071999984386,0.0428570999974908,,,990.0,954.0,216.0,180.0,0.9072671488056104,0.8802960715755523,0.6618518383734412,96.0,92.0,38.0,34.0,0.7712130177514792,0.7142819831780691,0.446365193321623,
madelon,KNN,Random Undersampling,5,,0.3012983000007807,0.0481333999996422,,,983.0,957.0,213.0,187.0,0.9041365329826868,0.877296580670485,0.65828221701015,105.0,96.0,34.0,25.0,0.8314201183431953,0.7902745951422783,0.5474674000661631,
madelon,KNN,Random Undersampling,6,,0.3156486999978369,0.0339770000027783,,,984.0,956.0,214.0,186.0,0.9068869165023012,0.8800012908811381,0.6583081991185499,98.0,86.0,44.0,32.0,0.7681952662721893,0.7080142900019053,0.4171656914611401,
madelon,KNN,Random Undersampling,7,,0.3269345999979123,0.0429149000010511,,,986.0,956.0,214.0,184.0,0.905819270947476,0.8785987056905519,0.6600460731747824,97.0,97.0,33.0,33.0,0.7860059171597633,0.7548489526364168,0.4923076923076923,
madelon,KNN,Random Undersampling,8,,0.3151244000000588,0.039663700001256,,,998.0,946.0,224.0,172.0,0.9051976039155526,0.8756008983338294,0.6621928024121153,94.0,84.0,46.0,36.0,0.7677514792899409,0.7279834378341842,0.3703280399090206,
madelon,KNN,Random Undersampling,9,,0.3303354000017862,0.0321235000010347,,,988.0,951.0,219.0,182.0,0.9014318065600118,0.8739195308542234,0.6575938604666287,98.0,95.0,35.0,32.0,0.7902958579881657,0.7371942506148927,0.4847444757772066,
madelon,KNN,Random Undersampling,10,,0.3224971000017831,0.040679400000954,,,998.0,950.0,220.0,172.0,0.904429834173424,0.876133996523811,0.6655175682001225,102.0,83.0,47.0,28.0,0.784112426035503,0.7377512097068571,0.4276692902549777,
madelon,KNN,Random Undersampling + Scaling,1,,0.313424699997995,0.0490579999968758,57.09309577941895,9.000880241394043,917.0,777.0,393.0,253.0,0.7895591350719556,0.7531113135410874,0.4511043622390144,77.0,51.0,79.0,53.0,0.5278106508875741,0.5318005336423537,-0.0157018573255331,
madelon,KNN,Random Undersampling + Scaling,2,,0.2983758000009402,0.0543768999996245,,,921.0,753.0,417.0,249.0,0.7900642851924904,0.7537498511358687,0.4352799058530134,87.0,58.0,72.0,43.0,0.6071005917159763,0.5812040558188467,0.1183673732316837,
madelon,KNN,Random Undersampling + Scaling,3,,0.2937105999990308,0.0538958999968599,,,924.0,768.0,402.0,246.0,0.788960844473665,0.7524684293983452,0.4501733313667629,77.0,56.0,74.0,53.0,0.5360650887573964,0.5259223828110433,0.0233840392926187,
madelon,KNN,Random Undersampling + Scaling,4,,0.3460268999988329,0.0526176999992458,,,930.0,780.0,390.0,240.0,0.7976002629848783,0.7602910877593216,0.4653789209955172,69.0,65.0,65.0,61.0,0.5406213017751479,0.5345270925721375,0.030783806435974,
madelon,KNN,Random Undersampling + Scaling,5,,0.3476321000016469,0.0449876000020594,,,927.0,727.0,443.0,243.0,0.7825882095112865,0.7493631791829527,0.4198548853649831,91.0,59.0,71.0,39.0,0.5931952662721894,0.5628753816973912,0.1587301587301587,
madelon,KNN,Random Undersampling + Scaling,6,,0.3606137999995553,0.0485894999983429,,,935.0,748.0,422.0,235.0,0.7890726130469721,0.7543623577026246,0.4441714933587831,84.0,56.0,74.0,46.0,0.5430177514792898,0.5255362141813882,0.0787719090223794,
madelon,KNN,Random Undersampling + Scaling,7,,0.345451299999695,0.052155400000629,,,932.0,729.0,441.0,238.0,0.7855277960406165,0.750817820130208,0.4261210480106295,78.0,40.0,90.0,52.0,0.5023668639053255,0.5214730248046641,-0.096523417813168,
madelon,KNN,Random Undersampling + Scaling,8,,0.3930022999993525,0.0501449000003049,,,913.0,753.0,417.0,257.0,0.7892556066915042,0.7552385785701374,0.4279521071684614,74.0,56.0,74.0,56.0,0.5349408284023668,0.5349154476042267,0.0,
madelon,KNN,Random Undersampling + Scaling,9,,0.3756528000012622,0.0503444999994826,,,954.0,714.0,456.0,216.0,0.7868606180144643,0.7480526539929045,0.4348888891616643,79.0,48.0,82.0,51.0,0.5538165680473373,0.5609480210916371,-0.0237624228260878,
madelon,KNN,Random Undersampling + Scaling,10,,0.3724287000004551,0.0358500000002095,,,921.0,742.0,428.0,249.0,0.7813602162320111,0.7429895031719489,0.4263871591165554,81.0,59.0,71.0,49.0,0.5468934911242604,0.5328465303323046,0.0780488176318078,
madelon,SVM,Baseline,1,False,0.6528244000000996,0.1110007999996014,57.09015464782715,7.346026420593262,1120.0,1074.0,96.0,50.0,0.9868390678647088,0.9874154345771038,0.8758908985026561,88.0,74.0,56.0,42.0,0.6942603550295857,0.6885412534788808,0.2475937842360691,
madelon,SVM,Baseline,2,False,4.027616100000159,0.3013304999985848,,,1127.0,1064.0,106.0,43.0,0.9882526115859448,0.988968938009943,0.8739174140089775,103.0,87.0,43.0,27.0,0.7697633136094675,0.7390922408244411,0.4650743597078627,
madelon,SVM,Baseline,3,False,4.028066599999875,0.3217541000012716,,,1126.0,1064.0,106.0,44.0,0.9895755716268536,0.9902950613456306,0.8730214967726646,104.0,67.0,63.0,26.0,0.7247337278106509,0.7147625462761562,0.3289910980832001,
madelon,SVM,Baseline,4,False,4.120908299999428,0.245399899999029,,,1122.0,1050.0,120.0,48.0,0.9871035137701804,0.9881929892868088,0.8580364819553449,87.0,78.0,52.0,43.0,0.6930177514792899,0.6865260884328281,0.2698782958072635,
madelon,SVM,Baseline,5,False,3.970006499999727,0.3034213999999338,,,1121.0,1070.0,100.0,49.0,0.987644824311491,0.9885914705058112,0.8734798017351918,96.0,86.0,44.0,34.0,0.7737869822485207,0.7473394187469989,0.401188709901439,
madelon,SVM,Baseline,6,False,4.090240099998482,0.2753147000003082,,,1127.0,1061.0,109.0,43.0,0.988394331214844,0.9893429790102,0.8714731396555115,96.0,81.0,49.0,34.0,0.7281065088757397,0.7079078002887579,0.3639694535513121,
madelon,SVM,Baseline,7,False,4.14935609999884,0.2007110000013199,,,1124.0,1079.0,91.0,46.0,0.9898005698005696,0.990156401731659,0.8835597452931606,95.0,87.0,43.0,35.0,0.7723076923076923,0.7532191127559209,0.400759554446209,
madelon,SVM,Baseline,8,False,4.055264799997531,0.3179192999996303,,,1129.0,1063.0,107.0,41.0,0.9886310176053766,0.989431725512368,0.8748973956070066,94.0,74.0,56.0,36.0,0.6967455621301776,0.6783768826785505,0.2958295987813787,
madelon,SVM,Baseline,9,False,4.034084499999153,0.2386575999989872,,,1120.0,1064.0,106.0,50.0,0.9879677113010448,0.9891993215911128,0.8676610948026401,97.0,77.0,53.0,33.0,0.736923076923077,0.7082509312235525,0.3425395354310701,
madelon,SVM,Baseline,10,False,4.095326200000272,0.2913940999969782,,,1129.0,1054.0,116.0,41.0,0.9877383300460224,0.9883353364403072,0.8675963376107969,96.0,77.0,53.0,34.0,0.7199408284023668,0.6996182156494962,0.3343596269266189,
madelon,SVM,Standard Scaling,1,False,0.6847562000002654,0.1280136999994283,57.09171676635742,7.649158477783203,1139.0,1125.0,45.0,31.0,0.9952545839725326,0.9947589420424992,0.9351096822480756,68.0,77.0,53.0,62.0,0.5946745562130178,0.5994981985837844,0.1156621267745415,
madelon,SVM,Standard Scaling,2,False,4.196269800002483,0.2352937000032398,,,1134.0,1134.0,36.0,36.0,0.9955453283658412,0.9956237071529892,0.9384615384615383,77.0,72.0,58.0,53.0,0.6140236686390532,0.6304315775162098,0.1462620681947052,
madelon,SVM,Standard Scaling,3,False,4.175222899997607,0.3915650999988429,,,1142.0,1134.0,36.0,28.0,0.9961531156402952,0.9955086531936236,0.9453212437967576,84.0,67.0,63.0,46.0,0.6323076923076922,0.607372151088259,0.1629376339780705,
madelon,SVM,Standard Scaling,4,False,3.972039299998869,0.3677907999990566,,,1141.0,1131.0,39.0,29.0,0.9960734896632332,0.9960107864853112,0.9419147465829956,68.0,75.0,55.0,62.0,0.5794082840236687,0.5591336009261836,0.1001452864241433,
madelon,SVM,Standard Scaling,5,False,4.171528900002159,0.3396213000014541,,,1140.0,1135.0,35.0,30.0,0.9967141500474832,0.9965114601697572,0.9444530686808826,81.0,75.0,55.0,49.0,0.6493491124260355,0.6127346294196938,0.2002133586809516,
madelon,SVM,Standard Scaling,6,False,4.340253599999414,0.2643814999973983,,,1136.0,1119.0,51.0,34.0,0.9949119731171012,0.994723816232827,0.9274483332297646,75.0,83.0,47.0,55.0,0.6689349112426036,0.6407500641061641,0.2157936062402664,
madelon,SVM,Standard Scaling,7,False,4.283384300000762,0.2596635000008973,,,1141.0,1126.0,44.0,29.0,0.9967112279932792,0.9967622888598464,0.9376839022383412,88.0,73.0,57.0,42.0,0.6523076923076924,0.6366738035230304,0.2400649587253335,
madelon,SVM,Standard Scaling,8,False,4.21924030000082,0.2407392999994044,,,1143.0,1126.0,44.0,27.0,0.9965519760391556,0.9965691798557784,0.9394154084972456,79.0,80.0,50.0,51.0,0.6076331360946745,0.5768878960107697,0.2230835232787996,
madelon,SVM,Standard Scaling,9,False,4.28340340000068,0.2628995000013674,,,1140.0,1132.0,38.0,30.0,0.995934692088538,0.995844618311623,0.9419023604557206,73.0,75.0,55.0,57.0,0.6239644970414201,0.6085650972993087,0.1384779273517493,
madelon,SVM,Standard Scaling,10,False,4.34546390000105,0.2280294000011054,,,1138.0,1130.0,40.0,32.0,0.9960033603623348,0.9957172595796728,0.9384834771146836,77.0,71.0,59.0,53.0,0.5896449704142012,0.569652039400534,0.1386092483175819,
madelon,SVM,MinMax Scaling,1,False,0.6799062999998569,0.1682101000005786,57.09168243408203,7.633883476257324,1129.0,1115.0,55.0,41.0,0.9912645189568268,0.9904485757437832,0.9180144412563376,72.0,82.0,48.0,58.0,0.6052662721893491,0.6215510624601095,0.1851640199545103,
madelon,SVM,MinMax Scaling,2,False,4.332925800001249,0.2799757000029785,,,1129.0,1119.0,51.0,41.0,0.9925977061874496,0.9926447627514292,0.9214011767844548,77.0,78.0,52.0,53.0,0.6372189349112425,0.650769951601232,0.1923133821368962,
madelon,SVM,MinMax Scaling,3,False,4.058578700001817,0.348321899997245,,,1128.0,1119.0,51.0,42.0,0.9921097231353642,0.990921438783851,0.92054005582861,85.0,66.0,64.0,45.0,0.6482840236686391,0.6195064715580991,0.1632919108246278,
madelon,SVM,MinMax Scaling,4,False,4.222980599999573,0.291849799999909,,,1124.0,1110.0,60.0,46.0,0.9918343195266272,0.9919479336177692,0.9094668207604684,78.0,71.0,59.0,52.0,0.5904142011834319,0.5684576677995214,0.146366187850671,
madelon,SVM,MinMax Scaling,5,False,4.288141500001075,0.3205019999986689,,,1125.0,1118.0,52.0,45.0,0.9932069544890058,0.9929585274583874,0.9171104313000532,81.0,75.0,55.0,49.0,0.6631952662721894,0.6265471631199024,0.2002133586809516,
madelon,SVM,MinMax Scaling,6,False,4.140427900001669,0.3378383000017493,,,1123.0,1108.0,62.0,47.0,0.9917583461173206,0.9915929120395416,0.9069121424565908,77.0,84.0,46.0,53.0,0.6757396449704142,0.6574337694611516,0.2388079907037264,
madelon,SVM,MinMax Scaling,7,False,4.2755380000016885,0.258473200003209,,,1128.0,1122.0,48.0,42.0,0.9945299145299146,0.994589828061844,0.923089061079949,87.0,73.0,57.0,43.0,0.6631952662721893,0.659453439354064,0.2321191727213148,
madelon,SVM,MinMax Scaling,8,False,4.245288699999946,0.3093191000007209,,,1122.0,1108.0,62.0,48.0,0.993186500109577,0.9934124649542688,0.9060477725621208,79.0,80.0,50.0,51.0,0.622603550295858,0.5967173433452778,0.2230835232787996,
madelon,SVM,MinMax Scaling,9,False,4.208306799999264,0.2934337000006053,,,1135.0,1118.0,52.0,35.0,0.9940667689385636,0.9940270758687666,0.925738751048696,75.0,73.0,57.0,55.0,0.6292307692307693,0.6177028758589609,0.1384779273517493,
madelon,SVM,MinMax Scaling,10,False,4.246770599998854,0.3256512000007205,,,1127.0,1106.0,64.0,43.0,0.9923098838483452,0.9923420337903754,0.908693391067794,83.0,70.0,60.0,47.0,0.6089349112426036,0.5895343639349595,0.1778143826997067,
madelon,SVM,IQR Capping,1,False,2.186192299999675,0.4348974999993515,57.09177780151367,7.350164413452148,1121.0,1073.0,97.0,49.0,0.9867682080502592,0.9872262031058896,0.8759511437492616,90.0,75.0,55.0,40.0,0.6980473372781065,0.6913143565287794,0.2710410824318282,
madelon,SVM,IQR Capping,2,False,4.946537499999977,0.6959023999988858,,,1122.0,1058.0,112.0,48.0,0.9872576521294468,0.9880840852162962,0.8645422668015535,103.0,88.0,42.0,27.0,0.771301775147929,0.739199203801663,0.4723858865240434,
madelon,SVM,IQR Capping,3,False,4.876640300000872,0.6290191000007326,,,1129.0,1062.0,108.0,41.0,0.9888026882898676,0.9894581420706334,0.8740839304637447,104.0,66.0,64.0,26.0,0.7307692307692308,0.7172018512058378,0.3217447260438934,
madelon,SVM,IQR Capping,4,False,4.76083540000036,0.6076345999972546,,,1120.0,1054.0,116.0,50.0,0.9865264080648696,0.9874240370978656,0.8594882438252786,83.0,78.0,52.0,47.0,0.6976331360946746,0.6889594234446733,0.2386381112650453,
madelon,SVM,IQR Capping,5,False,4.861804500000289,0.650547799999913,,,1119.0,1066.0,104.0,51.0,0.9863335524873986,0.987302577196638,0.8684128220863984,98.0,86.0,44.0,32.0,0.7737869822485207,0.7434627030247405,0.4171656914611401,
madelon,SVM,IQR Capping,6,False,4.93107670000245,0.6839636999975482,,,1128.0,1060.0,110.0,42.0,0.988560888304478,0.9895427007609632,0.8715587320622563,97.0,78.0,52.0,33.0,0.7347337278106508,0.7167153129963713,0.3499112374813454,
madelon,SVM,IQR Capping,7,False,4.921025299998291,0.6443851000003633,,,1121.0,1071.0,99.0,49.0,0.9880166557089636,0.9884149525439272,0.8743030010842454,99.0,87.0,43.0,31.0,0.7793491124260356,0.7560132028083895,0.4326162726263675,
madelon,SVM,IQR Capping,8,False,4.921189599997888,0.682355799999641,,,1128.0,1059.0,111.0,42.0,0.9881349989042296,0.9891018582621722,0.8707463050748434,97.0,74.0,56.0,33.0,0.6963313609467456,0.6762467808439845,0.3204396527753641,
madelon,SVM,IQR Capping,9,False,4.55154599999878,0.7377758999973594,,,1121.0,1064.0,106.0,49.0,0.9875294031704288,0.9886864546720864,0.8685527080709142,97.0,82.0,48.0,33.0,0.7424260355029585,0.7136073612886212,0.3794575154045594,
madelon,SVM,IQR Capping,10,False,4.98878859999968,0.6885139000005438,,,1124.0,1055.0,115.0,46.0,0.9876287530133684,0.988215049132494,0.8638967766180108,95.0,80.0,50.0,35.0,0.7255621301775148,0.7044758388913145,0.3484813916980648,
madelon,SVM,IQR Capping + Scaling,1,False,2.2245468000000983,0.4607688999967649,57.093000411987305,7.672465324401855,1138.0,1128.0,42.0,32.0,0.9948162758419168,0.994020368313437,0.9367863541333602,70.0,74.0,56.0,60.0,0.5942011834319527,0.6090015006957313,0.107743322525909,
madelon,SVM,IQR Capping + Scaling,2,False,5.176870200000849,0.7112925999972504,,,1134.0,1132.0,38.0,36.0,0.995403608736942,0.995384320699388,0.9367535053753958,78.0,75.0,55.0,52.0,0.6233727810650888,0.6231573522403417,0.1769702054424722,
madelon,SVM,IQR Capping + Scaling,3,False,5.080890799999906,0.5970223000003898,,,1139.0,1131.0,39.0,31.0,0.9957257652129446,0.9952323800863088,0.940192918785202,82.0,64.0,66.0,48.0,0.6207692307692307,0.5946767438469612,0.12427395320024,
madelon,SVM,IQR Capping + Scaling,4,False,5.18323429999873,0.6894398000004003,,,1133.0,1126.0,44.0,37.0,0.9954737380378408,0.9953614298956094,0.930785889735096,74.0,77.0,53.0,56.0,0.5904142011834319,0.5650393056188363,0.1615814919257355,
madelon,SVM,IQR Capping + Scaling,5,False,5.1773901999986265,0.6704145000003336,,,1143.0,1130.0,40.0,27.0,0.99648403827891,0.9962174201623444,0.9427932416450426,83.0,78.0,52.0,47.0,0.6512426035502958,0.6031504700266259,0.2386381112650453,
madelon,SVM,IQR Capping + Scaling,6,False,5.146662200000719,0.6973568000030355,,,1142.0,1131.0,39.0,28.0,0.996036963985682,0.9959226729795192,0.9427767106811888,77.0,82.0,48.0,53.0,0.6634911242603551,0.644640594815488,0.2232421040866552,
madelon,SVM,IQR Capping + Scaling,7,False,5.174275100001978,0.6885227999991912,,,1142.0,1135.0,35.0,28.0,0.9970713711739354,0.9970808487982044,0.946170780474519,85.0,77.0,53.0,45.0,0.6439644970414201,0.6401326530319288,0.2466212642745902,
madelon,SVM,IQR Capping + Scaling,8,False,4.889145699999062,0.7215724999987287,,,1142.0,1135.0,35.0,28.0,0.9969391482211994,0.99697941383698,0.946170780474519,78.0,79.0,51.0,52.0,0.6130769230769231,0.5845517806763088,0.2076984527078479,
madelon,SVM,IQR Capping + Scaling,9,False,5.122819599997456,0.68705989999944,,,1146.0,1132.0,38.0,24.0,0.9963123675944188,0.9963236915100292,0.9470763509422924,73.0,74.0,56.0,57.0,0.6261538461538462,0.6212347422032916,0.1307730998530894,
madelon,SVM,IQR Capping + Scaling,10,False,5.037612800002535,0.7449171999978716,,,1144.0,1124.0,46.0,26.0,0.9958981664109868,0.9956206328889724,0.9385986802916528,82.0,68.0,62.0,48.0,0.6049112426035503,0.5941134858501051,0.1547461151475432,
madelon,SVM,IQR Removal,1,True,1.4987885000009555,0.0180488000005425,57.09183883666992,0.1348791122436523,1170.0,12.0,1158.0,0.0,0.6313762875301336,0.602760562873361,0.0717958158617738,130.0,0.0,130.0,0.0,0.5791715976331362,0.5899623933224432,0.0,
madelon,SVM,IQR Removal,2,True,2.727793300000485,0.0188751999994565,,,708.0,716.0,454.0,462.0,0.623488932719702,0.6133011209080792,0.2170990921558557,75.0,79.0,51.0,55.0,0.615207100591716,0.6001189023991577,0.184702838615844,
madelon,SVM,IQR Removal,3,True,2.773507100002462,0.0250228999975661,,,134.0,1081.0,89.0,1036.0,0.6392892103148513,0.6123540221459457,0.0654937191664568,13.0,120.0,10.0,117.0,0.655621301775148,0.5976155865631134,0.040633400024837,
madelon,SVM,IQR Removal,4,True,2.59655980000025,0.0212667999985569,,,1162.0,29.0,1141.0,8.0,0.6292877492877492,0.6205801628671609,0.0719401706566752,130.0,0.0,130.0,0.0,0.5588757396449704,0.5522645801897187,0.0,
madelon,SVM,IQR Removal,5,True,2.7527334000005794,0.029847100002371,,,635.0,798.0,372.0,535.0,0.628447658704069,0.6084344471406314,0.227000042501183,70.0,90.0,40.0,60.0,0.6153846153846154,0.5840107295211276,0.2335496832484568,
madelon,SVM,IQR Removal,6,True,2.7234002000004693,0.0263454000014462,,,19.0,1164.0,6.0,1151.0,0.6361406969099277,0.6153206084316963,0.0540378237264284,3.0,130.0,0.0,127.0,0.6471005917159762,0.6174673456732984,0.1080423609098429,
madelon,SVM,IQR Removal,7,True,2.7202333999994157,0.0252309000024979,,,851.0,475.0,695.0,319.0,0.6194849879465264,0.6150017640460671,0.1408022524393321,99.0,51.0,79.0,31.0,0.6133136094674556,0.5831636172884941,0.1655438565145404,
madelon,SVM,IQR Removal,8,True,2.717730699998356,0.0326829000005091,,,663.0,720.0,450.0,507.0,0.6213434144203375,0.6129685906404688,0.1822677111518273,81.0,76.0,54.0,49.0,0.6053846153846153,0.5869764512200162,0.2078460969082652,
madelon,SVM,IQR Removal,9,True,2.7429630000006,0.0263702000011107,,,1170.0,12.0,1158.0,0.0,0.6083789904302724,0.6073462367882835,0.0717958158617738,130.0,0.0,130.0,0.0,0.5962130177514793,0.5615130205687133,0.0,
madelon,SVM,IQR Removal,10,True,2.741451900001266,0.0293832999996084,,,515.0,884.0,286.0,655.0,0.6372313536416101,0.6057174940848559,0.2062528291234215,57.0,95.0,35.0,73.0,0.6004142011834319,0.5844927035326062,0.1769595993241413,
madelon,SVM,IQR Removal + Scaling,1,True,1.5119895999996515,0.0320229999997536,57.0931568145752,0.1466360092163086,1170.0,12.0,1158.0,0.0,0.5511783183578055,0.5452852914300262,0.0717958158617738,130.0,0.0,130.0,0.0,0.5049704142011835,0.5293634987677184,0.0,
madelon,SVM,IQR Removal + Scaling,2,True,2.7416575999995985,0.0251685000002908,,,841.0,395.0,775.0,329.0,0.5595346628679962,0.5648284860762703,0.0610174387994583,95.0,35.0,95.0,35.0,0.4788165680473373,0.4969085376188372,0.0,
madelon,SVM,IQR Removal + Scaling,3,True,2.723039599997719,0.0362784999997529,,,14.0,1170.0,0.0,1156.0,0.5716319672729929,0.5710524829305352,0.0775816769283372,0.0,130.0,0.0,130.0,0.5627218934911243,0.5499072129642987,0.0,
madelon,SVM,IQR Removal + Scaling,4,True,2.7359582999997656,0.0352553999982774,,,1170.0,15.0,1155.0,0.0,0.5463182117028271,0.5626693930056224,0.0803219328902498,130.0,0.0,130.0,0.0,0.5741420118343196,0.5596807897231473,0.0,
madelon,SVM,IQR Removal + Scaling,5,True,2.716860100001213,0.0327514999989944,,,38.0,1152.0,18.0,1132.0,0.5813346482577252,0.575879934956133,0.0559226743739232,1.0,127.0,3.0,129.0,0.5802366863905325,0.5662643236134972,-0.0625,
madelon,SVM,IQR Removal + Scaling,6,True,2.7961310999999114,0.0306077000022924,,,12.0,1170.0,0.0,1158.0,0.5563503542990723,0.5543580441718082,0.0717958158617738,0.0,130.0,0.0,130.0,0.562603550295858,0.5763856412232882,0.0,
madelon,SVM,IQR Removal + Scaling,7,True,2.852655999999115,0.0161100000004807,,,1170.0,13.0,1157.0,0.0,0.5727401563298999,0.5748656669788772,0.0747435092751935,130.0,0.0,130.0,0.0,0.5262130177514793,0.5187972937092402,0.0,
madelon,SVM,IQR Removal + Scaling,8,True,2.743498100000579,0.0182743000004848,,,717.0,523.0,647.0,453.0,0.5549148951713054,0.5576177126747041,0.0606688755932301,70.0,57.0,73.0,60.0,0.4959171597633136,0.521610539365074,-0.0231931803521356,
madelon,SVM,IQR Removal + Scaling,9,True,2.768546100000094,0.0175884000018413,,,1170.0,12.0,1158.0,0.0,0.5493016290452188,0.5616164679459377,0.0717958158617738,130.0,0.0,130.0,0.0,0.4959763313609467,0.4869338053385068,0.0,
madelon,SVM,IQR Removal + Scaling,10,True,2.7510789000007208,0.0195299999977578,,,15.0,1170.0,0.0,1155.0,0.5852005259697568,0.5745005349195188,0.0803219328902498,0.0,130.0,0.0,130.0,0.5747337278106509,0.55230682298651,0.0,
madelon,SVM,Yeo-Johnson,1,False,4.830835799999477,0.1291143000016745,57.09168243408203,7.698909759521484,971.0,198.0,972.0,199.0,0.4959975162539265,0.4981979976177443,-0.0011385925722703,107.0,24.0,106.0,23.0,0.5002958579881658,0.4978979276270597,0.0099945045333446,
madelon,SVM,Yeo-Johnson,2,False,5.7469941999988805,0.3803354000010586,,,1170.0,0.0,1170.0,0.0,0.5,0.5,0.0,130.0,0.0,130.0,0.0,0.5,0.5,0.0,
madelon,SVM,Yeo-Johnson,3,False,6.032290700000885,0.2346704999981739,,,1160.0,15.0,1155.0,10.0,0.512269705603039,0.508811578027597,0.0207837783563186,129.0,3.0,127.0,1.0,0.5091124260355029,0.5118213319727227,0.0625,
madelon,SVM,Yeo-Johnson,4,False,6.109116899999208,0.2455386000001453,,,766.0,397.0,773.0,404.0,0.503723062312806,0.5044932143540248,-0.0063046716325936,89.0,54.0,76.0,41.0,0.5714497041420119,0.5616338846890387,0.1038339982980133,
madelon,SVM,Yeo-Johnson,5,False,5.982007599999633,0.245000599999912,,,760.0,409.0,761.0,410.0,0.508698955365622,0.5061551469125419,-0.0008959699459161,84.0,52.0,78.0,46.0,0.5286686390532545,0.5211268207101729,0.0476190476190476,
madelon,SVM,Yeo-Johnson,6,False,5.7229909999987285,0.3575587999985146,,,1112.0,73.0,1097.0,58.0,0.4960084739571919,0.4970346295961299,0.0278841720210969,122.0,10.0,120.0,8.0,0.4914792899408284,0.4936750103916412,0.0303030303030303,
madelon,SVM,Yeo-Johnson,7,False,6.0329297999996925,0.2229951999979675,,,139.0,1047.0,123.0,1031.0,0.5132916940609248,0.5116385337267313,0.0216843578347857,20.0,110.0,20.0,110.0,0.4896745562130177,0.4954638091889717,0.0,
madelon,SVM,Yeo-Johnson,8,False,5.959524100002454,0.2502500000009604,,,704.0,454.0,716.0,466.0,0.505634085762291,0.5031616799870288,-0.0104988845527712,70.0,49.0,81.0,60.0,0.4592603550295858,0.4809089931363812,-0.0857414774062688,
madelon,SVM,Yeo-Johnson,9,False,5.610096299998986,0.4036634000003687,,,918.0,251.0,919.0,252.0,0.493795748411133,0.4944106563055783,-0.0010403067809367,104.0,31.0,99.0,26.0,0.510621301775148,0.5241182904584167,0.0464819733704813,
madelon,SVM,Yeo-Johnson,10,False,6.062115299999277,0.2268875000008847,,,982.0,186.0,984.0,188.0,0.5167711301044634,0.5151424828098937,-0.0023323968048833,116.0,16.0,114.0,14.0,0.4726331360946745,0.4974078060996275,0.0240771706171538,
madelon,SVM,Yeo-Johnson + Scaling,1,False,4.796068899999227,0.1289819999983592,57.09309959411621,7.668479919433594,1137.0,1126.0,44.0,33.0,0.994708890349916,0.9943216484478696,0.9342293243649497,71.0,84.0,46.0,59.0,0.5983431952662722,0.5979330096226306,0.1932765029344638,
madelon,SVM,Yeo-Johnson + Scaling,2,False,5.3575783999986015,0.3735816000007617,,,1133.0,1128.0,42.0,37.0,0.9957527942143328,0.9958224923534188,0.9324871474487266,75.0,70.0,60.0,55.0,0.6128994082840238,0.6236021505086686,0.1154700538379251,
madelon,SVM,Yeo-Johnson + Scaling,3,False,6.153927200000908,0.1964582000000518,,,1133.0,1126.0,44.0,37.0,0.9954971144714736,0.995040190642004,0.930785889735096,82.0,69.0,61.0,48.0,0.6324852071005918,0.614011371125925,0.1623522624649496,
madelon,SVM,Yeo-Johnson + Scaling,4,False,5.973866600001202,0.2781257999995432,,,1138.0,1127.0,43.0,32.0,0.9945540214770984,0.9944610039416968,0.9359388016281974,69.0,75.0,55.0,61.0,0.5861538461538461,0.5665196683519501,0.107807193135897,
madelon,SVM,Yeo-Johnson + Scaling,5,False,5.829927400001907,0.3156335999992734,,,1135.0,1139.0,31.0,35.0,0.9966630140989116,0.9966151230656376,0.943595258078839,82.0,79.0,51.0,48.0,0.6551479289940829,0.6168048406958845,0.2385250595094191,
madelon,SVM,Yeo-Johnson + Scaling,6,False,5.945922299997619,0.2859452000011515,,,1142.0,1120.0,50.0,28.0,0.9950478486375922,0.9945762568114092,0.9334983757607082,77.0,80.0,50.0,53.0,0.6627810650887574,0.6436115311157427,0.2077476324759457,
madelon,SVM,Yeo-Johnson + Scaling,7,False,5.944771400001628,0.3050624999996216,,,1142.0,1134.0,36.0,28.0,0.997066257579078,0.9971454166536609,0.9453212437967576,84.0,75.0,55.0,46.0,0.6678698224852071,0.6565420160727921,0.2236134450974469,
madelon,SVM,Yeo-Johnson + Scaling,8,False,5.877646400000231,0.3016106999966723,,,1143.0,1132.0,38.0,27.0,0.9971122799327928,0.9971779789798776,0.9444861879444368,77.0,82.0,48.0,53.0,0.6063905325443787,0.5819405890106542,0.2232421040866552,
madelon,SVM,Yeo-Johnson + Scaling,9,False,6.005506000001333,0.2989233000007516,,,1141.0,1134.0,36.0,29.0,0.996345971217766,0.9962236655773588,0.9444613481701386,73.0,72.0,58.0,57.0,0.6205917159763313,0.6058916867859434,0.1153880292821377,
madelon,SVM,Yeo-Johnson + Scaling,10,False,6.061723700000584,0.2797629999986384,,,1141.0,1120.0,50.0,29.0,0.9956965446709036,0.9955727009512488,0.9326288707948855,78.0,72.0,58.0,52.0,0.6074556213017751,0.586201328870273,0.1540102759084243,
madelon,SVM,Quantile Transform,1,False,2.48448229999849,0.2726947000010113,57.09173011779785,11.490730285644531,1147.0,1126.0,44.0,23.0,0.995534370662576,0.9949677377106748,0.9428869335350676,77.0,77.0,53.0,53.0,0.5998224852071006,0.5861360328426866,0.1846153846153846,
madelon,SVM,Quantile Transform,2,False,6.113229800001136,0.4085166000004392,,,1136.0,1135.0,35.0,34.0,0.9960048213894368,0.9959481570587946,0.9410259847418206,76.0,72.0,58.0,54.0,0.6072189349112426,0.6047975604104832,0.138527128961883,
madelon,SVM,Quantile Transform,3,False,6.23401179999928,0.4264293000014731,,,1141.0,1133.0,37.0,29.0,0.9956118050989846,0.9948564219573608,0.9436118021262392,85.0,64.0,66.0,45.0,0.6246745562130177,0.5942089007466551,0.1480989155199188,
madelon,SVM,Quantile Transform,4,False,6.042609700001776,0.4344081999988702,,,1142.0,1123.0,47.0,28.0,0.99590035795164,0.9958125014418668,0.9360208655902574,70.0,71.0,59.0,60.0,0.5690532544378698,0.5567334972848607,0.0846178881402343,
madelon,SVM,Quantile Transform,5,False,6.228169099998922,0.3698985000009998,,,1146.0,1133.0,37.0,24.0,0.9963846884359704,0.9959138911687444,0.9479217633584336,82.0,77.0,53.0,48.0,0.6401775147928993,0.5996043665050332,0.2232421040866552,
madelon,SVM,Quantile Transform,6,False,6.1869344000006095,0.4201278000000457,,,1144.0,1130.0,40.0,26.0,0.9958565271385784,0.9956788654546735,0.9436573027439448,75.0,85.0,45.0,55.0,0.6662721893491124,0.6433373390284529,0.2314550249431378,
madelon,SVM,Quantile Transform,7,False,6.276420700000017,0.3825173999975959,,,1139.0,1132.0,38.0,31.0,0.9971838702607934,0.99726422525988,0.941042483561378,82.0,75.0,55.0,48.0,0.6398816568047337,0.6247129162317092,0.2079940564193746,
madelon,SVM,Quantile Transform,8,False,6.272731199998816,0.3847773000015877,,,1140.0,1135.0,35.0,30.0,0.9965285996055226,0.996570849460472,0.9444530686808826,71.0,78.0,52.0,59.0,0.6059171597633136,0.5776092224936296,0.146366187850671,
madelon,SVM,Quantile Transform,9,False,6.289517600002,0.3828885000002628,,,1152.0,1129.0,41.0,18.0,0.996653517422748,0.9965256398593876,0.9497561799867404,75.0,69.0,61.0,55.0,0.6029585798816568,0.5977427118222044,0.107807193135897,
madelon,SVM,Quantile Transform,10,False,5.926765100000921,0.4408264999983657,,,1139.0,1130.0,40.0,31.0,0.9959127766820074,0.995705417068145,0.9393440309708844,75.0,72.0,58.0,55.0,0.59,0.5694218130002762,0.1308040648922621,
madelon,SVM,Quantile Transform + Scaling,1,False,2.4507708000019197,0.260307799999282,57.09305191040039,11.48330307006836,1145.0,1130.0,40.0,25.0,0.995763021404047,0.995288121922768,0.9445220710787304,73.0,77.0,53.0,57.0,0.5910059171597632,0.5931554184001785,0.15391903217987,
madelon,SVM,Quantile Transform + Scaling,2,False,6.047832799999014,0.3945931999987806,,,1133.0,1139.0,31.0,37.0,0.996400759734093,0.9963845605073588,0.941892727138985,72.0,79.0,51.0,58.0,0.6040236686390532,0.6112066907812835,0.1617731549928469,
madelon,SVM,Quantile Transform + Scaling,3,False,6.211163200001465,0.3492741000009118,,,1144.0,1132.0,38.0,26.0,0.995431368251881,0.9941682596303544,0.9453488690983116,79.0,66.0,64.0,51.0,0.6175147928994082,0.593082053938483,0.1159659017606783,
madelon,SVM,Quantile Transform + Scaling,4,False,5.822386099996948,0.5032658999989508,,,1145.0,1127.0,43.0,25.0,0.9959054715464972,0.9957485094840212,0.9419918268001712,75.0,68.0,62.0,55.0,0.5707100591715977,0.5557874081566574,0.1001452864241433,
madelon,SVM,Quantile Transform + Scaling,5,False,6.10786250000092,0.4586388999996416,,,1144.0,1138.0,32.0,26.0,0.996454087223318,0.9961091081729851,0.9504398480749104,81.0,78.0,52.0,49.0,0.6441420118343196,0.6043656192648597,0.2231363459926824,
madelon,SVM,Quantile Transform + Scaling,6,False,5.68930100000216,0.504741799999465,,,1144.0,1119.0,51.0,26.0,0.995618379720944,0.995387465632613,0.9344013688107924,78.0,76.0,54.0,52.0,0.6553254437869822,0.6376961297024581,0.1846372364689991,
madelon,SVM,Quantile Transform + Scaling,7,False,6.102926100000332,0.3420241999992868,,,1147.0,1136.0,34.0,23.0,0.9971042442837316,0.9971072773578112,0.951324096997428,87.0,77.0,53.0,43.0,0.6384023668639053,0.624529875915462,0.2623156949355563,
madelon,SVM,Quantile Transform + Scaling,8,False,6.070427999999083,0.3769924000007449,,,1144.0,1128.0,42.0,26.0,0.9973321645116516,0.997359983783398,0.9419684254482208,75.0,78.0,52.0,55.0,0.6071597633136094,0.575227075196845,0.1769702054424722,
madelon,SVM,Quantile Transform + Scaling,9,False,6.285170200000721,0.4440272999963781,,,1150.0,1136.0,34.0,20.0,0.996510336766747,0.9965533218085996,0.9539144473389876,74.0,72.0,58.0,56.0,0.6084615384615386,0.6031763900779948,0.1230914909793327,
madelon,SVM,Quantile Transform + Scaling,10,False,6.202743699999701,0.3546592999991844,,,1146.0,1128.0,42.0,24.0,0.9960829863393966,0.9958848126512722,0.9437014308415508,80.0,70.0,60.0,50.0,0.5899408284023668,0.5738765269471937,0.1543033499620919,
madelon,SVM,Uniform Binning,1,False,0.7135295000007318,0.1278786000002583,57.09368324279785,7.676777839660644,1119.0,1121.0,49.0,51.0,0.9910621667031924,0.9907606894565116,0.9145312506858336,70.0,73.0,57.0,60.0,0.5889349112426036,0.5920636341076558,0.1000266378587886,
madelon,SVM,Uniform Binning,2,False,4.209950199998275,0.3503767000001971,,,1126.0,1125.0,45.0,44.0,0.9929498137190444,0.9932580835519562,0.9239319614040944,68.0,75.0,55.0,62.0,0.6054437869822485,0.6179473990238805,0.1001452864241433,
madelon,SVM,Uniform Binning,3,False,4.090141999997286,0.3631367000016325,,,1134.0,1121.0,49.0,36.0,0.9936211556724378,0.9933909849694824,0.9274076765048695,82.0,62.0,68.0,48.0,0.6198816568047336,0.5899408536183421,0.1089898521826132,
madelon,SVM,Uniform Binning,4,False,4.198687500000233,0.3653615000002901,,,1129.0,1124.0,46.0,41.0,0.9942844619767696,0.994391604493269,0.925649478173209,72.0,74.0,56.0,58.0,0.5922485207100592,0.5682751514908153,0.1230914909793327,
madelon,SVM,Uniform Binning,5,False,4.214610300001368,0.3169153999988339,,,1138.0,1119.0,51.0,32.0,0.9943830813061582,0.9946398586586506,0.9291823569832052,79.0,76.0,54.0,51.0,0.6488757396449704,0.627721521892342,0.1923589189592089,
madelon,SVM,Uniform Binning,6,False,4.266795600000478,0.2904110000017681,,,1128.0,1110.0,60.0,42.0,0.992607202863613,0.9932523332453128,0.9129285580967176,79.0,84.0,46.0,51.0,0.6737869822485206,0.6679085165107804,0.2540341184434353,
madelon,SVM,Uniform Binning,7,False,4.276069200001075,0.2743727999986731,,,1127.0,1129.0,41.0,43.0,0.9950346993936736,0.9952179582278902,0.9282064843409488,83.0,84.0,46.0,47.0,0.669171597633136,0.6653910847922707,0.2846238055626064,
madelon,SVM,Uniform Binning,8,False,4.1612448999985645,0.3417405000000144,,,1131.0,1122.0,48.0,39.0,0.9937928263569288,0.993977906277864,0.925668412685594,76.0,71.0,59.0,54.0,0.5829585798816568,0.5634120154443927,0.1308660610163151,
madelon,SVM,Uniform Binning,9,False,4.292816100001801,0.1388876000019081,,,1133.0,1120.0,50.0,37.0,0.9930126378844328,0.9933076055495114,0.9256981692670726,72.0,72.0,58.0,58.0,0.5978106508875739,0.588974769825062,0.1076923076923077,
madelon,SVM,Uniform Binning,10,False,4.176892199997383,0.3255167999996047,,,1127.0,1122.0,48.0,43.0,0.9929125575279422,0.993096410904787,0.92223064353545,73.0,75.0,55.0,57.0,0.6112426035502958,0.6012369723467716,0.1384779273517493,
madelon,SVM,Uniform Binning + Scaling,1,False,0.736378199999308,0.1228308999998262,57.09300422668457,7.72688102722168,1138.0,1134.0,36.0,32.0,0.995625684856454,0.9954778699597392,0.9418858463794209,66.0,75.0,55.0,64.0,0.5792307692307693,0.5832864823498612,0.0848188929679971,
madelon,SVM,Uniform Binning + Scaling,2,False,4.364019200002076,0.2704665999990538,,,1138.0,1142.0,28.0,32.0,0.9967528672656878,0.9967742607511608,0.9487234931770936,63.0,77.0,53.0,67.0,0.5923668639053254,0.611492891329096,0.0773730575737716,
madelon,SVM,Uniform Binning + Scaling,3,False,4.207004899999447,0.3674021999977412,,,1142.0,1137.0,33.0,28.0,0.996925998977281,0.996790263843787,0.9478719033186416,80.0,68.0,62.0,50.0,0.6059763313609468,0.5845248768787425,0.1390552304870467,
madelon,SVM,Uniform Binning + Scaling,4,False,4.287207700002909,0.3411446000027354,,,1138.0,1139.0,31.0,32.0,0.9972890642121413,0.9973200420364844,0.9461541917431384,73.0,77.0,53.0,57.0,0.5763905325443788,0.5494487162975823,0.15391903217987,
madelon,SVM,Uniform Binning + Scaling,5,False,4.309654300002876,0.2966316000020015,,,1139.0,1135.0,35.0,31.0,0.9973496968368764,0.997461534503289,0.943595258078839,79.0,79.0,51.0,51.0,0.6475147928994083,0.6175562351453712,0.2153846153846154,
madelon,SVM,Uniform Binning + Scaling,6,False,4.394332899999426,0.2495244999990973,,,1140.0,1140.0,30.0,30.0,0.9965227554971144,0.9968255362991504,0.9487179487179488,75.0,83.0,47.0,55.0,0.6637278106508877,0.6542901478526996,0.2157936062402664,
madelon,SVM,Uniform Binning + Scaling,7,False,4.274908100000175,0.3332152000002679,,,1142.0,1141.0,29.0,28.0,0.9976952297465118,0.9977866618953266,0.9512823987444564,83.0,80.0,50.0,47.0,0.6601183431952663,0.6418017613841993,0.2539137730261558,
madelon,SVM,Uniform Binning + Scaling,8,False,4.354358199998387,0.2745792000023357,,,1145.0,1138.0,32.0,25.0,0.9970297319015268,0.9971268218581486,0.95129907738766,71.0,75.0,55.0,59.0,0.5854437869822485,0.5628863327059334,0.123135225743896,
madelon,SVM,Uniform Binning + Scaling,9,False,4.3466303999994125,0.3222723999970185,,,1147.0,1134.0,36.0,23.0,0.996898239462342,0.9970253556062696,0.9496312705962304,76.0,67.0,63.0,54.0,0.5838461538461538,0.5789673196757513,0.1002405098712693,
madelon,SVM,Uniform Binning + Scaling,10,False,4.344884899997851,0.2742008999994141,,,1142.0,1140.0,30.0,28.0,0.996345240704215,0.9964360898106064,0.9504287390305112,75.0,73.0,57.0,55.0,0.5977514792899409,0.5742674468760576,0.1384779273517493,
madelon,SVM,Quantile Binning,1,False,0.8580099000027985,0.1197222000009787,57.09177780151367,7.672808647155762,1132.0,1116.0,54.0,38.0,0.995096793045511,0.995126601368052,0.9214536865999836,70.0,83.0,47.0,60.0,0.5984023668639054,0.5738951430200891,0.1778143826997067,
madelon,SVM,Quantile Binning,2,False,4.333282899999176,0.262445000000298,,,1142.0,1119.0,51.0,28.0,0.99595003287311,0.9961429499428618,0.932658859014882,79.0,76.0,54.0,51.0,0.6223076923076923,0.6300369441638569,0.1923589189592089,
madelon,SVM,Quantile Binning,3,False,4.134467299998505,0.3253426000010222,,,1146.0,1109.0,61.0,24.0,0.9952786909197168,0.9953424225645028,0.92781448453354,82.0,73.0,57.0,48.0,0.6513609467455621,0.6396451494169482,0.1927702112909025,
madelon,SVM,Quantile Binning,4,False,4.347738000000391,0.2996693999994022,,,1131.0,1113.0,57.0,39.0,0.9951442764263276,0.9953417035428074,0.9180573702208564,73.0,75.0,55.0,57.0,0.5903550295857989,0.5586789188916765,0.1384779273517493,
madelon,SVM,Quantile Binning,5,False,4.307212900002924,0.279508600000554,,,1142.0,1122.0,48.0,28.0,0.9967543282927898,0.9968217606190074,0.9351793772669108,83.0,82.0,48.0,47.0,0.6648520710059171,0.6133642913561124,0.2692387349916548,
madelon,SVM,Quantile Binning,6,False,4.3404589999991,0.2881960999984585,,,1145.0,1111.0,59.0,25.0,0.9958835561399664,0.9957366948181956,0.9285972989992832,84.0,79.0,51.0,46.0,0.6836686390532545,0.6728033147130528,0.2540341184434353,
madelon,SVM,Quantile Binning,7,False,4.26569169999857,0.299536899998202,,,1143.0,1119.0,51.0,27.0,0.9956658631017604,0.9958652610039234,0.9335297573658836,87.0,72.0,58.0,43.0,0.6585207100591717,0.6639875323775211,0.2245768968720862,
madelon,SVM,Quantile Binning,8,False,4.309805900000356,0.3320345000029192,,,1148.0,1108.0,62.0,22.0,0.9961202425304988,0.9962298778402252,0.9287480573314424,75.0,87.0,43.0,55.0,0.6295266272189349,0.6043959713445131,0.2472092986436386,
madelon,SVM,Quantile Binning,9,False,4.317858400001569,0.3070731999978306,,,1143.0,1121.0,49.0,27.0,0.9961560376944992,0.9963463792915436,0.9352080797456178,80.0,78.0,52.0,50.0,0.6628994082840237,0.6427364104377535,0.2154101092138322,
madelon,SVM,Quantile Binning,10,False,4.281107599999814,0.3303323999971326,,,1139.0,1118.0,52.0,31.0,0.9952991452991454,0.9955362171107353,0.9292095165481582,81.0,73.0,57.0,49.0,0.6158579881656804,0.6040154822689991,0.1849659482059426,
madelon,SVM,Quantile Binning + Scaling,1,False,0.86881540000104,0.1219569000022602,57.09300422668457,7.684574127197266,1137.0,1122.0,48.0,33.0,0.995507341661188,0.995540040275256,0.9308457333979524,69.0,82.0,48.0,61.0,0.6056804733727811,0.5770357732297278,0.1623522624649496,
madelon,SVM,Quantile Binning + Scaling,2,False,4.143759599999612,0.3708748999997624,,,1141.0,1121.0,49.0,29.0,0.9965724304185845,0.9967208251952768,0.9334697257545398,77.0,75.0,55.0,53.0,0.604319526627219,0.6121282692443675,0.1692508000965825,
madelon,SVM,Quantile Binning + Scaling,3,False,4.362504200002149,0.3112360000013723,,,1146.0,1116.0,54.0,24.0,0.9959266564394768,0.9957672425178424,0.93364030039749,84.0,69.0,61.0,46.0,0.6427810650887574,0.625960070810742,0.1781127113123442,
madelon,SVM,Quantile Binning + Scaling,4,False,4.28804609999861,0.3969510999995691,,,1131.0,1118.0,52.0,39.0,0.995342245598656,0.9955614378006492,0.9222791547914786,71.0,72.0,58.0,59.0,0.5911242603550296,0.5647588319848409,0.100002958711186,
madelon,SVM,Quantile Binning + Scaling,5,False,4.490793799999665,0.1602458000015758,,,1142.0,1119.0,51.0,28.0,0.9964307107896851,0.996465815970231,0.932658859014882,84.0,82.0,48.0,46.0,0.6707692307692308,0.6244014074580067,0.2769558547034986,
madelon,SVM,Quantile Binning + Scaling,6,False,4.311621900000318,0.3518069999990985,,,1143.0,1104.0,66.0,27.0,0.9960303893637228,0.9960683270466176,0.9210246430825392,82.0,77.0,53.0,48.0,0.6717751479289942,0.6547308312215008,0.2232421040866552,
madelon,SVM,Quantile Binning + Scaling,7,False,4.327882900000986,0.2615440000008675,,,1138.0,1121.0,49.0,32.0,0.9961655343706626,0.9963775000277716,0.930867497591902,85.0,72.0,58.0,45.0,0.6557988165680473,0.6530600262964925,0.2087386231692209,
madelon,SVM,Quantile Binning + Scaling,8,False,4.353188000000955,0.3366677999983949,,,1145.0,1118.0,52.0,25.0,0.9965746219592374,0.996662856733537,0.9344368818774018,78.0,81.0,49.0,52.0,0.6388165680473372,0.6004340618600796,0.2231363459926824,
madelon,SVM,Quantile Binning + Scaling,9,False,4.351784899998165,0.2482783999985258,,,1145.0,1120.0,50.0,25.0,0.9962144787785814,0.9963585932572592,0.9361111608854692,83.0,78.0,52.0,47.0,0.658639053254438,0.6423944511373901,0.2386381112650453,
madelon,SVM,Quantile Binning + Scaling,10,False,4.410960600001999,0.3240962000018044,,,1142.0,1123.0,47.0,28.0,0.9959850975235592,0.9961280865745054,0.9360208655902574,77.0,73.0,57.0,53.0,0.61698224852071,0.5982696290474182,0.15391903217987,
madelon,SVM,SMOTE,1,False,0.7617066999991948,0.1110759000002872,57.09171676635742,7.346444129943848,1120.0,1074.0,96.0,50.0,0.9868390678647088,0.9874154345771038,0.8758908985026561,88.0,74.0,56.0,42.0,0.6942603550295857,0.6885412534788808,0.2475937842360691,
madelon,SVM,SMOTE,2,False,4.220160799999576,0.2728563999990001,,,1127.0,1064.0,106.0,43.0,0.9882526115859448,0.988968938009943,0.8739174140089775,103.0,87.0,43.0,27.0,0.7697633136094675,0.7390922408244411,0.4650743597078627,
madelon,SVM,SMOTE,3,False,4.095866999999998,0.313737399999809,,,1126.0,1064.0,106.0,44.0,0.9895755716268536,0.9902950613456306,0.8730214967726646,104.0,67.0,63.0,26.0,0.7247337278106509,0.7147625462761562,0.3289910980832001,
madelon,SVM,SMOTE,4,False,4.075971799997205,0.3162876999995205,,,1122.0,1050.0,120.0,48.0,0.9871035137701804,0.9881929892868088,0.8580364819553449,87.0,78.0,52.0,43.0,0.6930177514792899,0.6865260884328281,0.2698782958072635,
madelon,SVM,SMOTE,5,False,4.148285499999474,0.296528800001397,,,1121.0,1070.0,100.0,49.0,0.987644824311491,0.9885914705058112,0.8734798017351918,96.0,86.0,44.0,34.0,0.7737869822485207,0.7473394187469989,0.401188709901439,
madelon,SVM,SMOTE,6,False,4.042993800001568,0.28322499999922,,,1127.0,1061.0,109.0,43.0,0.988394331214844,0.9893429790102,0.8714731396555115,96.0,81.0,49.0,34.0,0.7281065088757397,0.7079078002887579,0.3639694535513121,
madelon,SVM,SMOTE,7,False,4.165751699998509,0.2672816999984206,,,1124.0,1079.0,91.0,46.0,0.9898005698005696,0.990156401731659,0.8835597452931606,95.0,87.0,43.0,35.0,0.7723076923076923,0.7532191127559209,0.400759554446209,
madelon,SVM,SMOTE,8,False,4.103758899997047,0.3166572999980417,,,1129.0,1063.0,107.0,41.0,0.9886310176053766,0.989431725512368,0.8748973956070066,94.0,74.0,56.0,36.0,0.6967455621301776,0.6783768826785505,0.2958295987813787,
madelon,SVM,SMOTE,9,False,4.232639499998186,0.1354936999996425,,,1120.0,1064.0,106.0,50.0,0.9879677113010448,0.9891993215911128,0.8676610948026401,97.0,77.0,53.0,33.0,0.736923076923077,0.7082509312235525,0.3425395354310701,
madelon,SVM,SMOTE,10,False,4.152149300000019,0.2901093000000401,,,1129.0,1054.0,116.0,41.0,0.9877383300460224,0.9883353364403072,0.8675963376107969,96.0,77.0,53.0,34.0,0.7199408284023668,0.6996182156494962,0.3343596269266189,
madelon,SVM,SMOTE + Scaling,1,False,0.7935539999998582,0.1171476999988954,57.093143463134766,7.649565696716309,1139.0,1125.0,45.0,31.0,0.9952545839725326,0.9947589420424992,0.9351096822480756,68.0,77.0,53.0,62.0,0.5946745562130178,0.5994981985837844,0.1156621267745415,
madelon,SVM,SMOTE + Scaling,2,False,4.18583579999904,0.3327073000000382,,,1134.0,1134.0,36.0,36.0,0.9955453283658412,0.9956237071529892,0.9384615384615383,77.0,72.0,58.0,53.0,0.6140236686390532,0.6304315775162098,0.1462620681947052,
madelon,SVM,SMOTE + Scaling,3,False,4.345309999996971,0.2771845999996003,,,1142.0,1134.0,36.0,28.0,0.9961531156402952,0.9955086531936236,0.9453212437967576,84.0,67.0,63.0,46.0,0.6323076923076922,0.607372151088259,0.1629376339780705,
madelon,SVM,SMOTE + Scaling,4,False,4.391249000000244,0.2859199999984412,,,1141.0,1131.0,39.0,29.0,0.9960734896632332,0.9960107864853112,0.9419147465829956,68.0,75.0,55.0,62.0,0.5794082840236687,0.5591336009261836,0.1001452864241433,
madelon,SVM,SMOTE + Scaling,5,False,4.317745000000286,0.3686386000008497,,,1140.0,1135.0,35.0,30.0,0.9967141500474832,0.9965114601697572,0.9444530686808826,81.0,75.0,55.0,49.0,0.6493491124260355,0.6127346294196938,0.2002133586809516,
madelon,SVM,SMOTE + Scaling,6,False,4.29104919999736,0.3016490000009071,,,1136.0,1119.0,51.0,34.0,0.9949119731171012,0.994723816232827,0.9274483332297646,75.0,83.0,47.0,55.0,0.6689349112426036,0.6407500641061641,0.2157936062402664,
madelon,SVM,SMOTE + Scaling,7,False,4.406514599999355,0.337078599997767,,,1141.0,1126.0,44.0,29.0,0.9967112279932792,0.9967622888598464,0.9376839022383412,88.0,73.0,57.0,42.0,0.6523076923076924,0.6366738035230304,0.2400649587253335,
madelon,SVM,SMOTE + Scaling,8,False,4.282283700002154,0.2794468000029155,,,1143.0,1126.0,44.0,27.0,0.9965519760391556,0.9965691798557784,0.9394154084972456,79.0,80.0,50.0,51.0,0.6076331360946745,0.5768878960107697,0.2230835232787996,
madelon,SVM,SMOTE + Scaling,9,False,4.350881599999411,0.2726932000005035,,,1140.0,1132.0,38.0,30.0,0.995934692088538,0.995844618311623,0.9419023604557206,73.0,75.0,55.0,57.0,0.6239644970414201,0.6085650972993087,0.1384779273517493,
madelon,SVM,SMOTE + Scaling,10,False,4.26434209999934,0.3321622000003117,,,1138.0,1130.0,40.0,32.0,0.9960033603623348,0.9957172595796728,0.9384834771146836,77.0,71.0,59.0,53.0,0.5896449704142012,0.569652039400534,0.1386092483175819,
madelon,SVM,Select Percentile (MI),1,False,4.969968600002176,0.0688644000001659,57.09172439575195,3.5789575576782227,1103.0,1026.0,144.0,67.0,0.972963693476514,0.9730218782979346,0.8214389643738793,96.0,83.0,47.0,34.0,0.755621301775148,0.7225438243339952,0.3788219457515491,
madelon,SVM,Select Percentile (MI),2,False,5.033359400000336,0.0930675999989034,,,1100.0,1015.0,155.0,70.0,0.9733172620352109,0.9728987503426796,0.8098322664011407,105.0,85.0,45.0,25.0,0.7975739644970414,0.7573436665857833,0.4670993664969137,
madelon,SVM,Select Percentile (MI),3,False,4.812807700000121,0.0752017999984673,,,1106.0,1006.0,164.0,64.0,0.9724311490978156,0.9742929174296856,0.8080852012909536,101.0,68.0,62.0,29.0,0.7281656804733728,0.7214371175432879,0.3101593927364811,
madelon,SVM,Select Percentile (MI),4,False,4.9322066999993694,0.0685448000003816,,,1103.0,1016.0,154.0,67.0,0.975374388194901,0.9777658374486043,0.8133628742806734,89.0,79.0,51.0,41.0,0.718698224852071,0.6953316223952641,0.2931763649279746,
madelon,SVM,Select Percentile (MI),5,False,4.7780538000006345,0.095476200000121,,,1062.0,1023.0,147.0,108.0,0.9635145006939878,0.9665651486958596,0.7824861173821015,99.0,83.0,47.0,31.0,0.7571005917159763,0.7322126644980042,0.4030644450801476,
madelon,SVM,Select Percentile (MI),6,False,4.759668999999121,0.1367305000021588,,,1100.0,1009.0,161.0,70.0,0.9736971290817444,0.973497633855714,0.8050026807835129,108.0,83.0,47.0,22.0,0.7872781065088758,0.7671703888565947,0.4781556990184685,
madelon,SVM,Select Percentile (MI),7,False,4.9031556000009004,0.0801213999984611,,,1096.0,1037.0,133.0,74.0,0.9748885966834684,0.9746249065289566,0.8241254316306094,104.0,92.0,38.0,26.0,0.8021893491124261,0.7898203130416129,0.5098691784525046,
madelon,SVM,Select Percentile (MI),8,False,4.242694199998368,0.1175862999989476,,,1103.0,1013.0,157.0,67.0,0.974899554386734,0.977461511151508,0.8109498281341053,98.0,70.0,60.0,32.0,0.6989349112426037,0.6576710020775928,0.299333254285042,
madelon,SVM,Select Percentile (MI),9,False,4.520154199999524,0.1262305000018386,,,1102.0,1017.0,153.0,68.0,0.9743721236028928,0.9760425071083428,0.8132601278462249,94.0,78.0,52.0,36.0,0.7995266272189349,0.804744568998899,0.3255520517955039,
madelon,SVM,Select Percentile (MI),10,False,5.0688911999968695,0.0791542000006302,,,1097.0,1013.0,157.0,73.0,0.9729015998246768,0.9746429847807292,0.8054974552569689,98.0,74.0,56.0,32.0,0.7209467455621301,0.6873037295051021,0.3287274700586848,
madelon,SVM,Select Percentile (MI) + Scaling,1,False,4.996125599998777,0.0740240000013727,57.092994689941406,3.839275360107422,1125.0,1099.0,71.0,45.0,0.9905142815399224,0.9909635157947828,0.9010772165307768,79.0,74.0,56.0,51.0,0.6042011834319527,0.6016178679839586,0.1770540825514852,
madelon,SVM,Select Percentile (MI) + Scaling,2,False,4.81975379999858,0.1146184000026551,,,1113.0,1091.0,79.0,57.0,0.9861947549127036,0.9861997542853416,0.8839169601983262,78.0,73.0,57.0,52.0,0.6188757396449704,0.5951492591133916,0.1616580753730952,
madelon,SVM,Select Percentile (MI) + Scaling,3,False,4.722879400000238,0.1345258000001195,,,1117.0,1100.0,70.0,53.0,0.989917451968734,0.9902058158417224,0.8949662717894595,85.0,78.0,52.0,45.0,0.6499408284023669,0.624470408685587,0.2542149578459023,
madelon,SVM,Select Percentile (MI) + Scaling,4,False,4.438294800002041,0.1126234000003023,,,1104.0,1111.0,59.0,66.0,0.9876243699320622,0.988149249757292,0.8931783790387283,69.0,78.0,52.0,61.0,0.5823076923076923,0.5823370615956511,0.1310837436778137,
madelon,SVM,Select Percentile (MI) + Scaling,5,False,5.161730700001499,0.0895740000014484,,,1117.0,1085.0,85.0,53.0,0.9869420702754036,0.9872790229851164,0.8823813746682367,81.0,72.0,58.0,49.0,0.652130177514793,0.6416682093285402,0.1773485943876303,
madelon,SVM,Select Percentile (MI) + Scaling,6,False,4.8323466000001645,0.1303642999992007,,,1120.0,1087.0,83.0,50.0,0.988067061143984,0.9881579325132432,0.8866775454607978,83.0,79.0,51.0,47.0,0.6576923076923077,0.6175267530528168,0.246270451487792,
madelon,SVM,Select Percentile (MI) + Scaling,7,False,4.774678300000232,0.1144125999999232,,,1109.0,1103.0,67.0,61.0,0.9903258090437578,0.990500135425722,0.8906100015234323,83.0,73.0,57.0,47.0,0.628698224852071,0.6203573752281897,0.2005943549507195,
madelon,SVM,Select Percentile (MI) + Scaling,8,False,5.197954100000061,0.1089351000009628,,,1123.0,1098.0,72.0,47.0,0.9910935787858864,0.9916498289592854,0.8984957352425827,80.0,77.0,53.0,50.0,0.6143786982248521,0.5721450996927394,0.2077476324759457,
madelon,SVM,Select Percentile (MI) + Scaling,9,False,5.125418199997512,0.1453380999992077,,,1112.0,1101.0,69.0,58.0,0.9888567462926438,0.9892427582509564,0.8914923927837534,76.0,86.0,44.0,54.0,0.6741420118343195,0.6725992948803283,0.246885359939347,
madelon,SVM,Select Percentile (MI) + Scaling,10,False,4.665783099997498,0.1149871999987226,,,1114.0,1085.0,85.0,56.0,0.9868281101614436,0.987088678775742,0.8797574657394688,71.0,64.0,66.0,59.0,0.5591715976331362,0.5652167620832795,0.0385174178554397,
madelon,SVM,Random Undersampling,1,False,0.7121623000020918,0.1114329999982146,57.09167289733887,7.364212989807129,1120.0,1074.0,96.0,50.0,0.9868390678647088,0.9874154345771038,0.8758908985026561,88.0,74.0,56.0,42.0,0.6942603550295857,0.6885412534788808,0.2475937842360691,
madelon,SVM,Random Undersampling,2,False,3.5983773000007204,0.3598626000020886,,,1127.0,1064.0,106.0,43.0,0.9882526115859448,0.988968938009943,0.8739174140089775,103.0,87.0,43.0,27.0,0.7697633136094675,0.7390922408244411,0.4650743597078627,
madelon,SVM,Random Undersampling,3,False,3.785566599999584,0.3042423000006238,,,1126.0,1064.0,106.0,44.0,0.9895755716268536,0.9902950613456306,0.8730214967726646,104.0,67.0,63.0,26.0,0.7247337278106509,0.7147625462761562,0.3289910980832001,
madelon,SVM,Random Undersampling,4,False,3.807520999998815,0.3294298000000708,,,1122.0,1050.0,120.0,48.0,0.9871035137701804,0.9881929892868088,0.8580364819553449,87.0,78.0,52.0,43.0,0.6930177514792899,0.6865260884328281,0.2698782958072635,
madelon,SVM,Random Undersampling,5,False,3.81402750000052,0.2558113000013691,,,1121.0,1070.0,100.0,49.0,0.987644824311491,0.9885914705058112,0.8734798017351918,96.0,86.0,44.0,34.0,0.7737869822485207,0.7473394187469989,0.401188709901439,
madelon,SVM,Random Undersampling,6,False,3.845736499999475,0.2690947000010055,,,1127.0,1061.0,109.0,43.0,0.988394331214844,0.9893429790102,0.8714731396555115,96.0,81.0,49.0,34.0,0.7281065088757397,0.7079078002887579,0.3639694535513121,
madelon,SVM,Random Undersampling,7,False,3.854557099999511,0.2762817999973777,,,1124.0,1079.0,91.0,46.0,0.9898005698005696,0.990156401731659,0.8835597452931606,95.0,87.0,43.0,35.0,0.7723076923076923,0.7532191127559209,0.400759554446209,
madelon,SVM,Random Undersampling,8,False,3.876213800002006,0.2370424000000639,,,1129.0,1063.0,107.0,41.0,0.9886310176053766,0.989431725512368,0.8748973956070066,94.0,74.0,56.0,36.0,0.6967455621301776,0.6783768826785505,0.2958295987813787,
madelon,SVM,Random Undersampling,9,False,3.8456524000030186,0.2159785999974701,,,1120.0,1064.0,106.0,50.0,0.9879677113010448,0.9891993215911128,0.8676610948026401,97.0,77.0,53.0,33.0,0.736923076923077,0.7082509312235525,0.3425395354310701,
madelon,SVM,Random Undersampling,10,False,3.85815939999884,0.2754239999994752,,,1129.0,1054.0,116.0,41.0,0.9877383300460224,0.9883353364403072,0.8675963376107969,96.0,77.0,53.0,34.0,0.7199408284023668,0.6996182156494962,0.3343596269266189,
madelon,SVM,Random Undersampling + Scaling,1,False,0.7416297000017948,0.1213719999977911,57.093048095703125,7.667341232299805,1139.0,1125.0,45.0,31.0,0.9952545839725326,0.9947589420424992,0.9351096822480756,68.0,77.0,53.0,62.0,0.5946745562130178,0.5994981985837844,0.1156621267745415,
madelon,SVM,Random Undersampling + Scaling,2,False,3.791965100001107,0.3797024999985297,,,1134.0,1134.0,36.0,36.0,0.9955453283658412,0.9956237071529892,0.9384615384615383,77.0,72.0,58.0,53.0,0.6140236686390532,0.6304315775162098,0.1462620681947052,
madelon,SVM,Random Undersampling + Scaling,3,False,3.842505399999936,0.3783170999995491,,,1142.0,1134.0,36.0,28.0,0.9961531156402952,0.9955086531936236,0.9453212437967576,84.0,67.0,63.0,46.0,0.6323076923076922,0.607372151088259,0.1629376339780705,
madelon,SVM,Random Undersampling + Scaling,4,False,3.920552299998235,0.2905070000015257,,,1141.0,1131.0,39.0,29.0,0.9960734896632332,0.9960107864853112,0.9419147465829956,68.0,75.0,55.0,62.0,0.5794082840236687,0.5591336009261836,0.1001452864241433,
madelon,SVM,Random Undersampling + Scaling,5,False,3.925637399999687,0.3661277999999583,,,1140.0,1135.0,35.0,30.0,0.9967141500474832,0.9965114601697572,0.9444530686808826,81.0,75.0,55.0,49.0,0.6493491124260355,0.6127346294196938,0.2002133586809516,
madelon,SVM,Random Undersampling + Scaling,6,False,4.075199700000667,0.178386200001114,,,1136.0,1119.0,51.0,34.0,0.9949119731171012,0.994723816232827,0.9274483332297646,75.0,83.0,47.0,55.0,0.6689349112426036,0.6407500641061641,0.2157936062402664,
madelon,SVM,Random Undersampling + Scaling,7,False,3.9792964000007487,0.3276580999990983,,,1141.0,1126.0,44.0,29.0,0.9967112279932792,0.9967622888598464,0.9376839022383412,88.0,73.0,57.0,42.0,0.6523076923076924,0.6366738035230304,0.2400649587253335,
madelon,SVM,Random Undersampling + Scaling,8,False,3.986345799999981,0.3127884000023186,,,1143.0,1126.0,44.0,27.0,0.9965519760391556,0.9965691798557784,0.9394154084972456,79.0,80.0,50.0,51.0,0.6076331360946745,0.5768878960107697,0.2230835232787996,
madelon,SVM,Random Undersampling + Scaling,9,False,4.107499599998846,0.2612049000017578,,,1140.0,1132.0,38.0,30.0,0.995934692088538,0.995844618311623,0.9419023604557206,73.0,75.0,55.0,57.0,0.6239644970414201,0.6085650972993087,0.1384779273517493,
madelon,SVM,Random Undersampling + Scaling,10,False,4.016972599998553,0.2152653000011923,,,1138.0,1130.0,40.0,32.0,0.9960033603623348,0.9957172595796728,0.9384834771146836,77.0,71.0,59.0,53.0,0.5896449704142012,0.569652039400534,0.1386092483175819,
madelon,RandomForest,Baseline,1,,2.803107899999304,0.0223769999975047,57.09024429321289,3.977084159851074,1170.0,1170.0,0.0,0.0,1.0,1.0,1.0,93.0,86.0,44.0,37.0,0.7565976331360947,0.7336627581355532,0.3774706949833096,
madelon,RandomForest,Baseline,2,,2.853890500002308,0.0375065000007452,,,1170.0,1170.0,0.0,0.0,1.0,1.0,1.0,99.0,88.0,42.0,31.0,0.8062426035502959,0.7805932061280819,0.4400396581773262,
madelon,RandomForest,Baseline,3,,2.998884699998598,0.0234893999986525,,,1170.0,1170.0,0.0,0.0,1.0,1.0,1.0,100.0,81.0,49.0,30.0,0.7836686390532543,0.7803587409472831,0.3965660691455248,
madelon,RandomForest,Baseline,4,,2.9572205000004037,0.0349129000023822,,,1170.0,1170.0,0.0,0.0,1.0,1.0,1.0,89.0,82.0,48.0,41.0,0.7276331360946746,0.7052625376021108,0.315842826414606,
madelon,RandomForest,Baseline,5,,2.9366236999994726,0.0367512999982864,,,1170.0,1170.0,0.0,0.0,1.0,1.0,1.0,105.0,92.0,38.0,25.0,0.8166272189349112,0.7928427751381213,0.5179810278643632,
madelon,RandomForest,Baseline,6,,2.962435800000094,0.0237491000007139,,,1170.0,1170.0,0.0,0.0,1.0,1.0,1.0,107.0,90.0,40.0,23.0,0.8244970414201184,0.8286057111534062,0.5198486417395584,
madelon,RandomForest,Baseline,7,,2.9263456000007864,0.0359181000021635,,,1170.0,1170.0,0.0,0.0,1.0,1.0,1.0,112.0,89.0,41.0,18.0,0.8389644970414201,0.8202803180237981,0.5549076913914842,
madelon,RandomForest,Baseline,8,,2.9502227999983006,0.0402886000010767,,,1170.0,1170.0,0.0,0.0,1.0,1.0,1.0,99.0,81.0,49.0,31.0,0.7869526627218935,0.7666917831351716,0.3883561037507499,
madelon,RandomForest,Baseline,9,,2.982706999999209,0.02594560000216,,,1170.0,1170.0,0.0,0.0,1.0,1.0000000000000002,1.0,100.0,87.0,43.0,30.0,0.7902662721893491,0.7725318637771427,0.4406704266905776,
madelon,RandomForest,Baseline,10,,2.9844499999999243,0.0245245999976759,,,1170.0,1170.0,0.0,0.0,1.0,1.0,1.0,94.0,83.0,47.0,36.0,0.758905325443787,0.756423921183431,0.3628397181462164,
madelon,RandomForest,Standard Scaling,1,,2.821668199998385,0.024493100001564,57.093971252441406,3.988849639892578,1170.0,1170.0,0.0,0.0,1.0,1.0,1.0,94.0,85.0,45.0,36.0,0.758224852071006,0.7346704682707833,0.3778296141301689,
madelon,RandomForest,Standard Scaling,2,,3.086023899999418,0.0259497000006376,,,1170.0,1170.0,0.0,0.0,1.0,1.0,1.0,101.0,91.0,39.0,29.0,0.8085502958579882,0.7829178093463519,0.478340384882485,
madelon,RandomForest,Standard Scaling,3,,3.0036254999977245,0.0381950000009965,,,1170.0,1170.0,0.0,0.0,1.0,1.0000000000000002,1.0,100.0,81.0,49.0,30.0,0.7814497041420119,0.7804346955293584,0.3965660691455248,
madelon,RandomForest,Standard Scaling,4,,2.955661400003009,0.0437327999970875,,,1170.0,1170.0,0.0,0.0,1.0,1.0,1.0,86.0,82.0,48.0,44.0,0.7239053254437869,0.6997203935170085,0.292446161141753,
madelon,RandomForest,Standard Scaling,5,,2.944568200000504,0.0426499999994121,,,1170.0,1170.0,0.0,0.0,1.0,1.0,1.0,105.0,90.0,40.0,25.0,0.8192011834319527,0.8012315841284603,0.5033620102305381,
madelon,RandomForest,Standard Scaling,6,,2.9870474000017566,0.0387977000027603,,,1170.0,1170.0,0.0,0.0,1.0,1.0,1.0,108.0,90.0,40.0,22.0,0.8268047337278106,0.8316432271262153,0.52816430110102,
madelon,RandomForest,Standard Scaling,7,,2.962599400001636,0.0391349999990779,,,1170.0,1170.0,0.0,0.0,1.0,1.0,1.0,112.0,90.0,40.0,18.0,0.8390236686390533,0.8200332052968993,0.5619514869490163,
madelon,RandomForest,Standard Scaling,8,,3.059987299999193,0.0224679000020842,,,1170.0,1170.0,0.0,0.0,1.0,1.0,1.0,101.0,83.0,47.0,29.0,0.7860650887573964,0.7627182659749154,0.41942459205081,
madelon,RandomForest,Standard Scaling,9,,3.010952200002066,0.0372589999969932,,,1170.0,1170.0,0.0,0.0,1.0,1.0,1.0,100.0,88.0,42.0,30.0,0.7900295857988165,0.77057876117256,0.4480668537915949,
madelon,RandomForest,Standard Scaling,10,,2.965890200001013,0.0301046999993559,,,1170.0,1170.0,0.0,0.0,1.0,1.0,1.0,94.0,82.0,48.0,36.0,0.7590532544378699,0.7544453954000223,0.3553633668002305,
madelon,RandomForest,MinMax Scaling,1,,2.813004899999214,0.024492000000464,57.09173011779785,3.996577262878418,1170.0,1170.0,0.0,0.0,1.0,1.0,1.0,94.0,86.0,44.0,36.0,0.7565976331360946,0.7336758648231699,0.3853457254290471,
madelon,RandomForest,MinMax Scaling,2,,2.934171500000957,0.0325310000007448,,,1170.0,1170.0,0.0,0.0,1.0,1.0,1.0,100.0,91.0,39.0,30.0,0.804792899408284,0.7777279333890705,0.4703593155498021,
madelon,RandomForest,MinMax Scaling,3,,3.0008290000005218,0.0365339000018138,,,1170.0,1170.0,0.0,0.0,1.0,1.0,1.0,100.0,82.0,48.0,30.0,0.7813609467455621,0.7797987286267323,0.40389034790078,
madelon,RandomForest,MinMax Scaling,4,,3.036582000000635,0.0309110000016517,,,1170.0,1170.0,0.0,0.0,1.0,1.0,1.0,88.0,80.0,50.0,42.0,0.7270710059171598,0.7026670334956755,0.2928627513260758,
madelon,RandomForest,MinMax Scaling,5,,2.900498700000753,0.0443369999993592,,,1170.0,1170.0,0.0,0.0,1.0,1.0,1.0,105.0,91.0,39.0,25.0,0.8185207100591716,0.7941494530913016,0.5106621799868927,
madelon,RandomForest,MinMax Scaling,6,,3.0315018000001146,0.0307725000020582,,,1170.0,1170.0,0.0,0.0,1.0,1.0,1.0,108.0,87.0,43.0,22.0,0.8235207100591716,0.8276441053122308,0.5066541846734067,
madelon,RandomForest,MinMax Scaling,7,,3.04047509999873,0.0336247999985062,,,1170.0,1170.0,0.0,0.0,1.0,1.0,1.0,111.0,89.0,41.0,19.0,0.8361242603550296,0.8192945987032141,0.5463417234226547,
madelon,RandomForest,MinMax Scaling,8,,2.9204080999988946,0.0395318000009865,,,1170.0,1170.0,0.0,0.0,1.0,1.0,1.0,100.0,77.0,53.0,30.0,0.7876923076923077,0.7684325366375078,0.3673332604985881,
madelon,RandomForest,MinMax Scaling,9,,2.881512500000099,0.035756900000706,,,1170.0,1170.0,0.0,0.0,1.0,1.0,1.0,100.0,87.0,43.0,30.0,0.7888757396449704,0.7714701020474712,0.4406704266905776,
madelon,RandomForest,MinMax Scaling,10,,2.924958899999183,0.0330761000004713,,,1170.0,1170.0,0.0,0.0,1.0,1.0,1.0,94.0,81.0,49.0,36.0,0.7614497041420119,0.7605980161895001,0.3478977052820349,
madelon,RandomForest,IQR Capping,1,,4.355504000002838,0.3467722999994294,57.09177780151367,3.9850940704345694,1170.0,1170.0,0.0,0.0,1.0,1.0,1.0,98.0,80.0,50.0,32.0,0.7486686390532544,0.717097700341627,0.37282185960072,
madelon,RandomForest,IQR Capping,2,,3.899707100001251,0.4302939999979571,,,1170.0,1170.0,0.0,0.0,1.0,1.0,1.0,101.0,95.0,35.0,29.0,0.8123668639053255,0.7858354551104216,0.5082339104978003,
madelon,RandomForest,IQR Capping,3,,3.7712851999967834,0.503398400000151,,,1170.0,1170.0,0.0,0.0,1.0,1.0,1.0,98.0,83.0,47.0,32.0,0.8011242603550296,0.7992603134559129,0.3949455772578067,
madelon,RandomForest,IQR Capping,4,,3.791546699998434,0.4696263000005274,,,1170.0,1170.0,0.0,0.0,1.0,1.0,1.0,88.0,85.0,45.0,42.0,0.7346745562130177,0.7106793495186836,0.3308573406098394,
madelon,RandomForest,IQR Capping,5,,3.673596300002828,0.5348926000006031,,,1170.0,1170.0,0.0,0.0,1.0,1.0,1.0,97.0,92.0,38.0,33.0,0.8094970414201184,0.7929010803852671,0.4541822117625055,
madelon,RandomForest,IQR Capping,6,,3.559467299997777,0.4867763000002014,,,1170.0,1170.0,0.0,0.0,1.0,1.0,1.0,105.0,92.0,38.0,25.0,0.8150591715976332,0.821159356072522,0.5179810278643632,
madelon,RandomForest,IQR Capping,7,,3.720243499999924,0.4363508000024012,,,1170.0,1170.0,0.0,0.0,1.0,1.0,1.0,110.0,90.0,40.0,20.0,0.8381360946745562,0.8180625941462778,0.5449492609130661,
madelon,RandomForest,IQR Capping,8,,3.732058600002347,0.4465817000018433,,,1170.0,1170.0,0.0,0.0,1.0,1.0,1.0,98.0,85.0,45.0,32.0,0.7897337278106509,0.7754776647520307,0.4097461862210633,
madelon,RandomForest,IQR Capping,9,,3.795975799999724,0.4220649999988382,,,1170.0,1170.0,0.0,0.0,1.0,1.0,1.0,97.0,83.0,47.0,33.0,0.7969230769230768,0.7788960360666726,0.3868652878688581,
madelon,RandomForest,IQR Capping,10,,3.728201900001295,0.5174492000005557,,,1170.0,1170.0,0.0,0.0,1.0,1.0,1.0,94.0,76.0,54.0,36.0,0.7763905325443787,0.7747432555162803,0.3106848830006,
madelon,RandomForest,IQR Capping + Scaling,1,,4.353579599999648,0.3528786999995645,57.09309959411621,3.996859550476074,1170.0,1170.0,0.0,0.0,1.0,1.0,1.0,96.0,80.0,50.0,34.0,0.7490828402366864,0.7166107829052593,0.3565570091093614,
madelon,RandomForest,IQR Capping + Scaling,2,,3.819810900000448,0.5047701000003144,,,1170.0,1170.0,0.0,0.0,1.0,1.0,1.0,101.0,95.0,35.0,29.0,0.8109171597633136,0.7840600289749462,0.5082339104978003,
madelon,RandomForest,IQR Capping + Scaling,3,,3.8054603000018687,0.5214847000024747,,,1170.0,1170.0,0.0,0.0,1.0,1.0,1.0,98.0,85.0,45.0,32.0,0.803284023668639,0.8040915218494706,0.4097461862210633,
madelon,RandomForest,IQR Capping + Scaling,4,,3.855800299999828,0.4453073000004224,,,1170.0,1170.0,0.0,0.0,1.0,1.0,1.0,89.0,86.0,44.0,41.0,0.7324852071005916,0.706413431921513,0.3462460541265761,
madelon,RandomForest,IQR Capping + Scaling,5,,3.726281499999459,0.5132811999974365,,,1170.0,1170.0,0.0,0.0,1.0,1.0,1.0,97.0,93.0,37.0,33.0,0.8077810650887574,0.7911605536422182,0.4617570965396101,
madelon,RandomForest,IQR Capping + Scaling,6,,3.780085800000961,0.4928022999993118,,,1170.0,1170.0,0.0,0.0,1.0,1.0,1.0,105.0,88.0,42.0,25.0,0.8142011834319526,0.819884396235353,0.4888129019342115,
madelon,RandomForest,IQR Capping + Scaling,7,,3.8141791000016383,0.4941316000004008,,,1170.0,1170.0,0.0,0.0,1.0,1.0,1.0,110.0,90.0,40.0,20.0,0.8346449704142012,0.8150421087126363,0.5449492609130661,
madelon,RandomForest,IQR Capping + Scaling,8,,3.828383399999439,0.4809513000000152,,,1170.0,1170.0,0.0,0.0,1.0,1.0,1.0,97.0,84.0,46.0,33.0,0.7924852071005918,0.7845137015241659,0.3942840659863063,
madelon,RandomForest,IQR Capping + Scaling,9,,3.863165099999605,0.5065462999991723,,,1170.0,1170.0,0.0,0.0,1.0,1.0,1.0,98.0,84.0,46.0,32.0,0.7986094674556212,0.78165494125103,0.4023398993836124,
madelon,RandomForest,IQR Capping + Scaling,10,,3.760152899998502,0.4740654000015638,,,1170.0,1170.0,0.0,0.0,1.0,1.0,1.0,95.0,76.0,54.0,35.0,0.7743195266272189,0.7722640949848261,0.3188080163718925,
madelon,RandomForest,IQR Removal,1,,2.2081218999992416,0.0215104999988398,57.09183883666992,0.1274099349975586,1051.0,123.0,1047.0,119.0,0.5244228942946891,0.5325938228330859,0.0056137047372221,120.0,14.0,116.0,10.0,0.4916272189349113,0.5031207215934947,0.0531494003452733,
madelon,RandomForest,IQR Removal,2,,2.961534300000494,0.0344316999980947,,,747.0,505.0,665.0,423.0,0.5592552414347287,0.5632825114549658,0.0716345465147326,84.0,54.0,76.0,46.0,0.5531360946745563,0.5352638546300618,0.0632455532033675,
madelon,RandomForest,IQR Removal,3,,2.9551891000010078,0.0265135999979975,,,490.0,736.0,434.0,680.0,0.5486580466067645,0.549340848556505,0.0489576332605751,55.0,81.0,49.0,75.0,0.5457396449704142,0.532061666367878,0.0471055719765995,
madelon,RandomForest,IQR Removal,4,,2.93538080000144,0.0378831000016361,,,1098.0,115.0,1055.0,72.0,0.5653513770180437,0.568841885705069,0.0677681511524214,123.0,13.0,117.0,7.0,0.5385207100591717,0.5205697101161041,0.0866025403784438,
madelon,RandomForest,IQR Removal,5,,2.921016100000997,0.0337284999986877,,,733.0,508.0,662.0,437.0,0.5505237782160859,0.5497278503024374,0.0618379865761589,75.0,57.0,73.0,55.0,0.5254437869822485,0.521950275742857,0.01553424415003,
madelon,RandomForest,IQR Removal,6,,2.920638199997484,0.0340763999993214,,,271.0,952.0,218.0,899.0,0.537810650887574,0.5390590265672883,0.0557080851396726,24.0,103.0,27.0,106.0,0.5021893491124261,0.5060880249825621,-0.0290578196275733,
madelon,RandomForest,IQR Removal,7,,2.9326007000017853,0.031480300000112,,,968.0,236.0,934.0,202.0,0.5508287676236394,0.558314049522538,0.0372508858912201,106.0,23.0,107.0,24.0,0.5259171597633135,0.5253623901793286,-0.0099945045333446,
madelon,RandomForest,IQR Removal,8,,2.916275300001871,0.0335362000005261,,,846.0,372.0,798.0,324.0,0.5337110088392139,0.5361253037346186,0.0448730625684702,96.0,37.0,93.0,34.0,0.5044082840236687,0.4866852579965903,0.0258976989621835,
madelon,RandomForest,IQR Removal,9,,2.98583189999772,0.0183252000024367,,,1105.0,84.0,1086.0,65.0,0.5225012783987143,0.5297583459597995,0.0332536466701437,118.0,10.0,120.0,12.0,0.4882544378698225,0.4954961365510023,-0.0276394996411391,
madelon,RandomForest,IQR Removal,10,,2.860111300000426,0.0341178999988187,,,528.0,790.0,380.0,642.0,0.5932409233691285,0.5901130831693648,0.1297918079854291,61.0,92.0,38.0,69.0,0.6015976331360946,0.5694826221531716,0.182178575000007,
madelon,RandomForest,IQR Removal + Scaling,1,,2.1723497999992105,0.022836099997221,57.093204498291016,0.1391668319702148,1047.0,126.0,1044.0,123.0,0.5234553290963546,0.532332247646693,0.0041576178153187,116.0,15.0,115.0,14.0,0.4860059171597634,0.4981817277432199,0.0122178562499718,
madelon,RandomForest,IQR Removal + Scaling,2,,2.839963099999295,0.0356097000003501,,,743.0,508.0,662.0,427.0,0.5597731755424064,0.564703027786805,0.0706709698409967,83.0,53.0,77.0,47.0,0.547189349112426,0.5282711130242888,0.0474341649025256,
madelon,RandomForest,IQR Removal + Scaling,3,,2.805111899997428,0.0375397000025259,,,505.0,725.0,445.0,665.0,0.5465727956753599,0.5464036257525398,0.0522134088197956,55.0,80.0,50.0,75.0,0.537189349112426,0.5248597063746608,0.039193090083481,
madelon,RandomForest,IQR Removal + Scaling,4,,2.861970099998871,0.0421993000018119,,,1105.0,112.0,1058.0,65.0,0.5646785740375484,0.5696364038758719,0.0759596517610135,124.0,11.0,119.0,6.0,0.5338757396449704,0.5211490894016463,0.0777933380015561,
madelon,RandomForest,IQR Removal + Scaling,5,,2.869772500002,0.0303681000004871,,,741.0,507.0,663.0,429.0,0.551812038863321,0.551290722669384,0.0680413817439771,79.0,56.0,74.0,51.0,0.5349704142011834,0.5261120407785229,0.03907800643602,
madelon,RandomForest,IQR Removal + Scaling,6,,2.88538139999946,0.0271615000019664,,,271.0,952.0,218.0,899.0,0.5370282708744248,0.5389604415754157,0.0557080851396726,24.0,106.0,24.0,106.0,0.5042899408284023,0.505565178272237,0.0,
madelon,RandomForest,IQR Removal + Scaling,7,,2.888026300002821,0.0299856000019644,,,964.0,238.0,932.0,206.0,0.5497709840017533,0.5576186172035036,0.0348770164965041,105.0,23.0,107.0,25.0,0.5209763313609468,0.5212472687994113,-0.0198262896429536,
madelon,RandomForest,IQR Removal + Scaling,8,,2.841895500001556,0.0248619000012695,,,840.0,384.0,786.0,330.0,0.5329198626634524,0.5349957286970652,0.0501169211876268,94.0,38.0,92.0,36.0,0.5004142011834319,0.4881515243534472,0.0170473808498255,
madelon,RandomForest,IQR Removal + Scaling,9,,2.891330400001607,0.0214778999979898,,,1109.0,84.0,1086.0,61.0,0.5235397034114984,0.5294406509094592,0.0407686727181823,118.0,9.0,121.0,12.0,0.4877218934911242,0.4901232321196336,-0.0423460257120347,
madelon,RandomForest,IQR Removal + Scaling,10,,2.8253989000004367,0.0226574000007531,,,514.0,801.0,369.0,656.0,0.594693184308569,0.5919564248888547,0.1278373839071113,59.0,93.0,37.0,71.0,0.6002071005917159,0.5708233545458448,0.175333596092418,
madelon,RandomForest,Yeo-Johnson,1,,6.838099500000681,0.0352954999980283,57.09177780151367,3.9933013916015625,1170.0,1170.0,0.0,0.0,1.0,1.0,1.0,102.0,77.0,53.0,28.0,0.7576923076923077,0.7344971022580378,0.384092282818114,
madelon,RandomForest,Yeo-Johnson,2,,4.6972519000009925,0.0472294999999576,,,1170.0,1170.0,0.0,0.0,1.0,1.0,1.0,103.0,87.0,43.0,27.0,0.8003550295857988,0.7813581808391192,0.4650743597078627,
madelon,RandomForest,Yeo-Johnson,3,,4.561379099999613,0.0358534000006329,,,1170.0,1170.0,0.0,0.0,1.0,1.0,1.0,102.0,87.0,43.0,28.0,0.8059763313609467,0.7821560175189685,0.4568978246707961,
madelon,RandomForest,Yeo-Johnson,4,,4.837186400000064,0.0560336000016832,,,1170.0,1170.0,0.0,0.0,1.0,1.0,1.0,90.0,84.0,46.0,40.0,0.7481360946745563,0.7211307265671045,0.3388226069985335,
madelon,RandomForest,Yeo-Johnson,5,,4.661967200001527,0.0577059000024746,,,1170.0,1170.0,0.0,0.0,1.0,1.0,1.0,95.0,92.0,38.0,35.0,0.8213905325443788,0.8187953163141524,0.4385783352269965,
madelon,RandomForest,Yeo-Johnson,6,,4.74256830000013,0.0396645000000717,,,1170.0,1170.0,0.0,0.0,1.0,1.0,1.0,103.0,89.0,41.0,27.0,0.7931065088757395,0.7749398143324397,0.479712956957384,
madelon,RandomForest,Yeo-Johnson,7,,4.854807499999879,0.0394272000012279,,,1170.0,1170.0,0.0,0.0,1.0,1.0,1.0,99.0,94.0,36.0,31.0,0.8377218934911242,0.8442199508138348,0.4849742261192856,
madelon,RandomForest,Yeo-Johnson,8,,4.8483945000007225,0.0421480999975756,,,1170.0,1170.0,0.0,0.0,1.0,1.0,1.0,106.0,80.0,50.0,24.0,0.7563905325443787,0.7420583446446628,0.4396520051149293,
madelon,RandomForest,Yeo-Johnson,9,,4.734660099999019,0.0561163000020314,,,1170.0,1170.0,0.0,0.0,1.0,1.0,1.0,97.0,90.0,40.0,33.0,0.814792899408284,0.8171012174323803,0.4390985635520132,
madelon,RandomForest,Yeo-Johnson,10,,4.677255500002502,0.0542422999969858,,,1170.0,1170.0,0.0,0.0,1.0,1.0,1.0,105.0,87.0,43.0,25.0,0.8076035502958581,0.7896053002638325,0.4815615686509299,
madelon,RandomForest,Yeo-Johnson + Scaling,1,,6.929607100002613,0.0397506000008434,57.09309577941895,3.997718811035156,1170.0,1170.0,0.0,0.0,1.0,1.0,1.0,95.0,78.0,52.0,35.0,0.7544970414201184,0.7252385753095392,0.3336342029074777,
madelon,RandomForest,Yeo-Johnson + Scaling,2,,4.749586399997497,0.0563425000000279,,,1170.0,1170.0,0.0,0.0,1.0,1.0,1.0,100.0,89.0,41.0,30.0,0.8039940828402367,0.7778173818357141,0.4554796461835482,
madelon,RandomForest,Yeo-Johnson + Scaling,3,,4.714151399999537,0.054321899999195,,,1170.0,1170.0,0.0,0.0,1.0,1.0,1.0,99.0,82.0,48.0,31.0,0.7816568047337279,0.7834361824054183,0.3957056825181713,
madelon,RandomForest,Yeo-Johnson + Scaling,4,,4.679093299997476,0.0472451000023284,,,1170.0,1170.0,0.0,0.0,1.0,1.0,1.0,86.0,81.0,49.0,44.0,0.7242011834319526,0.6974356155322072,0.2848261328002153,
madelon,RandomForest,Yeo-Johnson + Scaling,5,,4.84205540000039,0.0363840999998501,,,1170.0,1170.0,0.0,0.0,1.0,1.0,1.0,106.0,91.0,39.0,24.0,0.8242011834319527,0.8042318548349747,0.5188500720837854,
madelon,RandomForest,Yeo-Johnson + Scaling,6,,4.81913749999876,0.037038599999505,,,1170.0,1170.0,0.0,0.0,1.0,1.0,1.0,108.0,89.0,41.0,22.0,0.8258579881656805,0.8301004782604815,0.5209789535833365,
madelon,RandomForest,Yeo-Johnson + Scaling,7,,4.857140899999649,0.0344901000025856,,,1170.0,1170.0,0.0,0.0,1.0,1.0,1.0,111.0,89.0,41.0,19.0,0.8378994082840237,0.8212318068930307,0.5463417234226547,
madelon,RandomForest,Yeo-Johnson + Scaling,8,,4.66969710000194,0.0493692000018199,,,1170.0,1170.0,0.0,0.0,1.0,1.0,1.0,98.0,82.0,48.0,32.0,0.7890532544378699,0.7693628508323187,0.3875619664232189,
madelon,RandomForest,Yeo-Johnson + Scaling,9,,4.842984200000501,0.0348555000018677,,,1170.0,1170.0,0.0,0.0,1.0,1.0,1.0,99.0,87.0,43.0,31.0,0.7892011834319527,0.7726082044506662,0.4326162726263675,
madelon,RandomForest,Yeo-Johnson + Scaling,10,,4.862730900000315,0.0398903999994217,,,1170.0,1170.0,0.0,0.0,1.0,1.0,1.0,94.0,82.0,48.0,36.0,0.7584615384615385,0.7554494161357437,0.3553633668002305,
madelon,RandomForest,Quantile Transform,1,,4.59515680000186,0.1635094000012031,57.09173011779785,7.799751281738281,1170.0,1170.0,0.0,0.0,1.0,1.0,1.0,94.0,87.0,43.0,36.0,0.753491124260355,0.7296200232312534,0.3928776621254854,
madelon,RandomForest,Quantile Transform,2,,5.108957399999781,0.2456382999989728,,,1170.0,1170.0,0.0,0.0,1.0,1.0,1.0,100.0,89.0,41.0,30.0,0.8050591715976332,0.7788536848746148,0.4554796461835482,
madelon,RandomForest,Quantile Transform,3,,5.134944800000085,0.2099020999994536,,,1170.0,1170.0,0.0,0.0,1.0,1.0000000000000002,1.0,99.0,83.0,47.0,31.0,0.78301775147929,0.7835976811882899,0.4030644450801476,
madelon,RandomForest,Quantile Transform,4,,5.249960400000418,0.2013597000004665,,,1170.0,1170.0,0.0,0.0,1.0,1.0,1.0,86.0,80.0,50.0,44.0,0.7230177514792899,0.7029408950791878,0.2772184966351638,
madelon,RandomForest,Quantile Transform,5,,4.85200149999946,0.1986013999994611,,,1170.0,1170.0,0.0,0.0,1.0,1.0,1.0,106.0,91.0,39.0,24.0,0.8185502958579881,0.7941900516435616,0.5188500720837854,
madelon,RandomForest,Quantile Transform,6,,5.09541629999876,0.2201875999999174,,,1170.0,1170.0,0.0,0.0,1.0,1.0,1.0,108.0,88.0,42.0,22.0,0.8270118343195266,0.8308529400144535,0.5138093031466051,
madelon,RandomForest,Quantile Transform,7,,4.945514600000024,0.2529848999984097,,,1170.0,1170.0,0.0,0.0,1.0,1.0,1.0,114.0,90.0,40.0,16.0,0.8363609467455622,0.8173459776221565,0.5791864948653019,
madelon,RandomForest,Quantile Transform,8,,5.158752900002583,0.212369500000932,,,1170.0,1170.0,0.0,0.0,1.0,1.0,1.0,100.0,83.0,47.0,30.0,0.7873076923076924,0.767168738264566,0.4112235524208446,
madelon,RandomForest,Quantile Transform,9,,5.105730600000243,0.2250009999988833,,,1170.0,1170.0,0.0,0.0,1.0,1.0,1.0,100.0,89.0,41.0,30.0,0.7920710059171598,0.774216393341628,0.4554796461835482,
madelon,RandomForest,Quantile Transform,10,,5.22986260000107,0.1845393999974476,,,1170.0,1170.0,0.0,0.0,1.0,1.0,1.0,94.0,81.0,49.0,36.0,0.7607100591715976,0.7590288415467856,0.3478977052820349,
madelon,RandomForest,Quantile Transform + Scaling,1,,4.588569499999721,0.1658164000000397,57.093143463134766,7.811492919921875,1170.0,1170.0,0.0,0.0,1.0,1.0,1.0,94.0,87.0,43.0,36.0,0.753491124260355,0.7296200232312534,0.3928776621254854,
madelon,RandomForest,Quantile Transform + Scaling,2,,5.088413900000887,0.2630614000008791,,,1170.0,1170.0,0.0,0.0,1.0,1.0,1.0,100.0,89.0,41.0,30.0,0.8050591715976332,0.7788536848746148,0.4554796461835482,
madelon,RandomForest,Quantile Transform + Scaling,3,,5.216599999999744,0.2183076000001165,,,1170.0,1170.0,0.0,0.0,1.0,1.0000000000000002,1.0,99.0,83.0,47.0,31.0,0.78301775147929,0.7835976811882899,0.4030644450801476,
madelon,RandomForest,Quantile Transform + Scaling,4,,5.090705299997353,0.1974539999973785,,,1170.0,1170.0,0.0,0.0,1.0,1.0,1.0,86.0,80.0,50.0,44.0,0.7230177514792899,0.7029408950791878,0.2772184966351638,
madelon,RandomForest,Quantile Transform + Scaling,5,,5.026335000002291,0.2566757999993569,,,1170.0,1170.0,0.0,0.0,1.0,1.0,1.0,106.0,91.0,39.0,24.0,0.8185502958579881,0.7941900516435616,0.5188500720837854,
madelon,RandomForest,Quantile Transform + Scaling,6,,5.384372500000609,0.1698417000006884,,,1170.0,1170.0,0.0,0.0,1.0,1.0,1.0,108.0,88.0,42.0,22.0,0.8270118343195266,0.8308529400144535,0.5138093031466051,
madelon,RandomForest,Quantile Transform + Scaling,7,,4.863263300001563,0.206276799999614,,,1170.0,1170.0,0.0,0.0,1.0,1.0,1.0,114.0,90.0,40.0,16.0,0.8363609467455622,0.8173459776221565,0.5791864948653019,
madelon,RandomForest,Quantile Transform + Scaling,8,,5.540178300001571,0.1571159000013722,,,1170.0,1170.0,0.0,0.0,1.0,1.0,1.0,100.0,83.0,47.0,30.0,0.7873076923076924,0.767168738264566,0.4112235524208446,
madelon,RandomForest,Quantile Transform + Scaling,9,,5.275059899999178,0.1914724999987811,,,1170.0,1170.0,0.0,0.0,1.0,1.0,1.0,100.0,89.0,41.0,30.0,0.7920710059171598,0.774216393341628,0.4554796461835482,
madelon,RandomForest,Quantile Transform + Scaling,10,,5.252597300001071,0.2363148000004002,,,1170.0,1170.0,0.0,0.0,1.0,1.0,1.0,94.0,81.0,49.0,36.0,0.7607100591715976,0.7590288415467856,0.3478977052820349,
madelon,RandomForest,Uniform Binning,1,,1.4489581000016187,0.0274146999981894,57.09168720245361,5.553814888000488,1170.0,1170.0,0.0,0.0,1.0,1.0,1.0,94.0,73.0,57.0,36.0,0.7083431952662722,0.6938500696058805,0.2884031512756315,
madelon,RandomForest,Uniform Binning,2,,1.2901653000008082,0.0456654000008711,,,1170.0,1170.0,0.0,0.0,1.0,1.0,1.0,88.0,78.0,52.0,42.0,0.7239053254437869,0.7276293902417366,0.2777460299317654,
madelon,RandomForest,Uniform Binning,3,,1.2720493000015267,0.0473752999969292,,,1170.0,1170.0,0.0,0.0,1.0,1.0,1.0,94.0,77.0,53.0,36.0,0.7277810650887573,0.7321932819368776,0.3181163330048043,
madelon,RandomForest,Uniform Binning,4,,1.2183847999986028,0.0488212999989627,,,1170.0,1170.0,0.0,0.0,1.0,1.0,1.0,83.0,77.0,53.0,47.0,0.6672485207100591,0.6714072405246561,0.2310154138626365,
madelon,RandomForest,Uniform Binning,5,,1.3115906999992148,0.0358790999998746,,,1170.0,1170.0,0.0,0.0,1.0,1.0,1.0,95.0,82.0,48.0,35.0,0.7546745562130177,0.7462675806731285,0.363359825516792,
madelon,RandomForest,Uniform Binning,6,,1.355168199999753,0.0298164000014367,,,1170.0,1170.0,0.0,0.0,1.0,0.9999999999999998,1.0,103.0,79.0,51.0,27.0,0.7795857988165681,0.7741708250251305,0.4069959153107527,
madelon,RandomForest,Uniform Binning,7,,1.2842707999989216,0.0347743999991507,,,1170.0,1170.0,0.0,0.0,1.0,1.0,1.0,97.0,81.0,49.0,33.0,0.7738757396449705,0.758295035711436,0.3720594877662901,
madelon,RandomForest,Uniform Binning,8,,1.3315987999994832,0.0304409999989729,,,1170.0,1170.0,0.0,0.0,1.0,1.0,1.0,91.0,84.0,46.0,39.0,0.7423372781065087,0.7294149951740609,0.3466567606989578,
madelon,RandomForest,Uniform Binning,9,,1.3540681999984372,0.0247725000008358,,,1170.0,1170.0,0.0,0.0,1.0,1.0,1.0,88.0,77.0,53.0,42.0,0.7027810650887574,0.6758124391284844,0.2701997901088845,
madelon,RandomForest,Uniform Binning,10,,1.315365300000849,0.0256239000009372,,,1170.0,1170.0,0.0,0.0,1.0,1.0,1.0,101.0,77.0,53.0,29.0,0.7482248520710059,0.7165208753432925,0.3756885372099255,
madelon,RandomForest,Uniform Binning + Scaling,1,,1.4683200999970722,0.0298292000006767,57.09309577941895,5.56558895111084,1170.0,1170.0,0.0,0.0,1.0,1.0,1.0,95.0,75.0,55.0,35.0,0.7097337278106508,0.6946851369857089,0.3113995776646092,
madelon,RandomForest,Uniform Binning + Scaling,2,,1.3952095999993617,0.0257730000012088,,,1170.0,1170.0,0.0,0.0,1.0,1.0,1.0,88.0,78.0,52.0,42.0,0.7179585798816568,0.7248061784983914,0.2777460299317654,
madelon,RandomForest,Uniform Binning + Scaling,3,,1.2312492999990354,0.0467338999987987,,,1170.0,1170.0,0.0,0.0,1.0,1.0,1.0,94.0,77.0,53.0,36.0,0.7267455621301776,0.7296035317826245,0.3181163330048043,
madelon,RandomForest,Uniform Binning + Scaling,4,,1.3564454999977895,0.0380923999982769,,,1170.0,1170.0,0.0,0.0,1.0,1.0,1.0,82.0,77.0,53.0,48.0,0.6724260355029585,0.6777576400893052,0.2232421040866552,
madelon,RandomForest,Uniform Binning + Scaling,5,,1.3888204000031692,0.0380919000017456,,,1170.0,1170.0,0.0,0.0,1.0,1.0,1.0,96.0,82.0,48.0,34.0,0.7530473372781065,0.7421185133692849,0.3713906763541038,
madelon,RandomForest,Uniform Binning + Scaling,6,,1.2982296999980465,0.0327753999990818,,,1170.0,1170.0,0.0,0.0,1.0,1.0,1.0,102.0,80.0,50.0,28.0,0.7799408284023668,0.772283808150491,0.4058538516854006,
madelon,RandomForest,Uniform Binning + Scaling,7,,1.3684026999981145,0.0349710000009508,,,1170.0,1170.0,0.0,0.0,1.0,1.0,1.0,99.0,81.0,49.0,31.0,0.7711538461538462,0.7567534858257179,0.3883561037507499,
madelon,RandomForest,Uniform Binning + Scaling,8,,1.323885199999495,0.0316157000015664,,,1170.0,1170.0,0.0,0.0,1.0,1.0,1.0,92.0,81.0,49.0,38.0,0.7387869822485207,0.7276107024850258,0.3319597421337724,
madelon,RandomForest,Uniform Binning + Scaling,9,,1.384677900001407,0.0292281000001821,,,1170.0,1170.0,0.0,0.0,1.0,1.0,1.0,89.0,77.0,53.0,41.0,0.7021005917159763,0.675162471670242,0.2781104609740934,
madelon,RandomForest,Uniform Binning + Scaling,10,,1.3292388999980176,0.0318938999989768,,,1170.0,1170.0,0.0,0.0,1.0,1.0,1.0,100.0,78.0,52.0,30.0,0.7513017751479291,0.7197861416463498,0.3746343246326775,
madelon,RandomForest,Quantile Binning,1,,1.6796883000024536,0.0283514999973704,57.09177780151367,5.169216156005859,1170.0,1170.0,0.0,0.0,1.0,1.0,1.0,93.0,82.0,48.0,37.0,0.7135798816568047,0.6858106901203225,0.3473997301399944,
madelon,RandomForest,Quantile Binning,2,,1.4026596999974572,0.035116700000799,,,1170.0,1170.0,0.0,0.0,1.0,1.0,1.0,94.0,76.0,54.0,36.0,0.7012426035502959,0.6496978435151488,0.3106848830006,
madelon,RandomForest,Quantile Binning,3,,1.448836300001858,0.0285900999988371,,,1170.0,1170.0,0.0,0.0,1.0,1.0,1.0,89.0,79.0,51.0,41.0,0.7293195266272189,0.7248239773149783,0.2931763649279746,
madelon,RandomForest,Quantile Binning,4,,1.39539700000023,0.045091299998603,,,1170.0,1170.0,0.0,0.0,1.0,1.0,1.0,80.0,72.0,58.0,50.0,0.6242011834319526,0.5911886088451898,0.1695521191887807,
madelon,RandomForest,Quantile Binning,5,,1.3439908999971522,0.0450951000020722,,,1170.0,1170.0,0.0,0.0,1.0,1.0,1.0,90.0,80.0,50.0,40.0,0.7157100591715977,0.7000866853362335,0.3086066999241838,
madelon,RandomForest,Quantile Binning,6,,1.4618203999998514,0.0369955000023765,,,1170.0,1170.0,0.0,0.0,1.0,1.0,1.0,90.0,78.0,52.0,40.0,0.7313609467455622,0.7452412434157663,0.2935610421393208,
madelon,RandomForest,Quantile Binning,7,,1.4365815999990446,0.0366609999982756,,,1170.0,1170.0,0.0,0.0,1.0,1.0,1.0,99.0,90.0,40.0,31.0,0.8043491124260356,0.7521361565634684,0.4549376986465299,
madelon,RandomForest,Quantile Binning,8,,1.44335140000112,0.0290281000015966,,,1170.0,1170.0,0.0,0.0,1.0,1.0,1.0,91.0,80.0,50.0,39.0,0.693698224852071,0.6644918271063233,0.3165197541275504,
madelon,RandomForest,Quantile Binning,9,,1.3866137000004528,0.0334565000011934,,,1170.0,1170.0,0.0,0.0,1.0,1.0,1.0,88.0,77.0,53.0,42.0,0.6961834319526626,0.6783643885318191,0.2701997901088845,
madelon,RandomForest,Quantile Binning,10,,1.3283490000030724,0.0444532000001345,,,1170.0,1170.0,0.0,0.0,1.0,1.0,1.0,89.0,75.0,55.0,41.0,0.6875443786982247,0.6560874268876316,0.2630683957508234,
madelon,RandomForest,Quantile Binning + Scaling,1,,1.6845579000000726,0.0301583000000391,57.093143463134766,5.180990219116211,1170.0,1170.0,0.0,0.0,1.0,1.0000000000000002,1.0,93.0,79.0,51.0,37.0,0.7089940828402367,0.6786329342087059,0.3249668418098408,
madelon,RandomForest,Quantile Binning + Scaling,2,,1.4270521999969787,0.0468760000003385,,,1170.0,1170.0,0.0,0.0,1.0,1.0,1.0,94.0,79.0,51.0,36.0,0.702189349112426,0.6511192189357916,0.3329933298448175,
madelon,RandomForest,Quantile Binning + Scaling,3,,1.58458569999857,0.0238186000024143,,,1170.0,1170.0,0.0,0.0,1.0,1.0,1.0,91.0,81.0,49.0,39.0,0.7292603550295857,0.7221232219690705,0.324037034920393,
madelon,RandomForest,Quantile Binning + Scaling,4,,1.4626365000003716,0.032795500002976,,,1170.0,1170.0,0.0,0.0,1.0,1.0,1.0,81.0,72.0,58.0,49.0,0.6302071005917159,0.5981583267812443,0.1773485943876303,
madelon,RandomForest,Quantile Binning + Scaling,5,,1.4577008000014755,0.0435400999995181,,,1170.0,1170.0,0.0,0.0,1.0,1.0,1.0,89.0,78.0,52.0,41.0,0.7157692307692307,0.6993839988076185,0.2856397781151065,
madelon,RandomForest,Quantile Binning + Scaling,6,,1.3625265000009676,0.0437636999995447,,,1170.0,1170.0,0.0,0.0,1.0,1.0,1.0,91.0,81.0,49.0,39.0,0.7337278106508877,0.7427087302497186,0.324037034920393,
madelon,RandomForest,Quantile Binning + Scaling,7,,1.504454899997654,0.0322063999992678,,,1170.0,1170.0,0.0,0.0,1.0,1.0,1.0,100.0,90.0,40.0,30.0,0.8037869822485207,0.752455078635792,0.4629100498862757,
madelon,RandomForest,Quantile Binning + Scaling,8,,1.4898609999982,0.029285600001458,,,1170.0,1170.0,0.0,0.0,1.0,1.0,1.0,90.0,77.0,53.0,40.0,0.6949704142011833,0.6697822899416433,0.2860492243430065,
madelon,RandomForest,Quantile Binning + Scaling,9,,1.500341999999364,0.038810400001239,,,1170.0,1170.0,0.0,0.0,1.0,1.0,1.0,90.0,78.0,52.0,40.0,0.7005917159763313,0.6794467149502821,0.2935610421393208,
madelon,RandomForest,Quantile Binning + Scaling,10,,1.3773325000001932,0.0438173000002279,,,1170.0,1170.0,0.0,0.0,1.0,1.0,1.0,89.0,74.0,56.0,41.0,0.6810650887573965,0.6490391236073693,0.2555530205785808,
madelon,RandomForest,SMOTE,1,,2.938760499997443,0.0228626000025542,57.0916690826416,3.97750186920166,1170.0,1170.0,0.0,0.0,1.0,1.0,1.0,93.0,86.0,44.0,37.0,0.7565976331360947,0.7336627581355532,0.3774706949833096,
madelon,RandomForest,SMOTE,2,,2.910576199999923,0.034832199999073,,,1170.0,1170.0,0.0,0.0,1.0,1.0,1.0,99.0,88.0,42.0,31.0,0.8062426035502959,0.7805932061280819,0.4400396581773262,
madelon,RandomForest,SMOTE,3,,3.0506408999972336,0.0259375999994517,,,1170.0,1170.0,0.0,0.0,1.0,1.0,1.0,100.0,81.0,49.0,30.0,0.7836686390532543,0.7803587409472831,0.3965660691455248,
madelon,RandomForest,SMOTE,4,,2.9822441000032995,0.0380566000021644,,,1170.0,1170.0,0.0,0.0,1.0,1.0,1.0,89.0,82.0,48.0,41.0,0.7276331360946746,0.7052625376021108,0.315842826414606,
madelon,RandomForest,SMOTE,5,,2.984598600000026,0.0236807000001135,,,1170.0,1170.0,0.0,0.0,1.0,1.0,1.0,105.0,92.0,38.0,25.0,0.8166272189349112,0.7928427751381213,0.5179810278643632,
madelon,RandomForest,SMOTE,6,,3.0213323999996646,0.0230647000025783,,,1170.0,1170.0,0.0,0.0,1.0,1.0,1.0,107.0,90.0,40.0,23.0,0.8244970414201184,0.8286057111534062,0.5198486417395584,
madelon,RandomForest,SMOTE,7,,2.9061187999977847,0.0399613000008685,,,1170.0,1170.0,0.0,0.0,1.0,1.0,1.0,112.0,89.0,41.0,18.0,0.8389644970414201,0.8202803180237981,0.5549076913914842,
madelon,RandomForest,SMOTE,8,,2.915127299998858,0.0379209999991871,,,1170.0,1170.0,0.0,0.0,1.0,1.0,1.0,99.0,81.0,49.0,31.0,0.7869526627218935,0.7666917831351716,0.3883561037507499,
madelon,RandomForest,SMOTE,9,,2.8707342999987304,0.041968800000177,,,1170.0,1170.0,0.0,0.0,1.0,1.0000000000000002,1.0,100.0,87.0,43.0,30.0,0.7902662721893491,0.7725318637771427,0.4406704266905776,
madelon,RandomForest,SMOTE,10,,3.0126434000012523,0.0229202000009536,,,1170.0,1170.0,0.0,0.0,1.0,1.0,1.0,94.0,83.0,47.0,36.0,0.758905325443787,0.756423921183431,0.3628397181462164,
madelon,RandomForest,SMOTE + Scaling,1,,2.929652900002111,0.0249239999975543,57.093048095703125,3.989256858825684,1170.0,1170.0,0.0,0.0,1.0,1.0,1.0,94.0,85.0,45.0,36.0,0.758224852071006,0.7346704682707833,0.3778296141301689,
madelon,RandomForest,SMOTE + Scaling,2,,3.059524299998884,0.0288843999987875,,,1170.0,1170.0,0.0,0.0,1.0,1.0,1.0,101.0,91.0,39.0,29.0,0.8085502958579882,0.7829178093463519,0.478340384882485,
madelon,RandomForest,SMOTE + Scaling,3,,2.998198199999024,0.0284441000003425,,,1170.0,1170.0,0.0,0.0,1.0,1.0000000000000002,1.0,100.0,81.0,49.0,30.0,0.7814497041420119,0.7804346955293584,0.3965660691455248,
madelon,RandomForest,SMOTE + Scaling,4,,3.0325018000003183,0.0359993999991274,,,1170.0,1170.0,0.0,0.0,1.0,1.0,1.0,86.0,82.0,48.0,44.0,0.7239053254437869,0.6997203935170085,0.292446161141753,
madelon,RandomForest,SMOTE + Scaling,5,,3.073076599997876,0.0341580999993311,,,1170.0,1170.0,0.0,0.0,1.0,1.0,1.0,105.0,90.0,40.0,25.0,0.8192011834319527,0.8012315841284603,0.5033620102305381,
madelon,RandomForest,SMOTE + Scaling,6,,3.015799099997821,0.0331985000011627,,,1170.0,1170.0,0.0,0.0,1.0,1.0,1.0,108.0,90.0,40.0,22.0,0.8268047337278106,0.8316432271262153,0.52816430110102,
madelon,RandomForest,SMOTE + Scaling,7,,2.992408800000703,0.041541499998857,,,1170.0,1170.0,0.0,0.0,1.0,1.0,1.0,112.0,90.0,40.0,18.0,0.8390236686390533,0.8200332052968993,0.5619514869490163,
madelon,RandomForest,SMOTE + Scaling,8,,3.030361499997525,0.027562699997361,,,1170.0,1170.0,0.0,0.0,1.0,1.0,1.0,101.0,83.0,47.0,29.0,0.7860650887573964,0.7627182659749154,0.41942459205081,
madelon,RandomForest,SMOTE + Scaling,9,,3.028391299998475,0.0366670000003068,,,1170.0,1170.0,0.0,0.0,1.0,1.0,1.0,100.0,88.0,42.0,30.0,0.7900295857988165,0.77057876117256,0.4480668537915949,
madelon,RandomForest,SMOTE + Scaling,10,,2.9869647000014083,0.0344740000000456,,,1170.0,1170.0,0.0,0.0,1.0,1.0,1.0,94.0,82.0,48.0,36.0,0.7590532544378699,0.7544453954000223,0.3553633668002305,
madelon,RandomForest,Select Percentile (MI),1,,6.722497200000362,0.0177557000024535,57.09167671203613,4.2844953536987305,1170.0,1170.0,0.0,0.0,1.0,1.0,1.0,99.0,84.0,46.0,31.0,0.7405917159763313,0.6869393607320154,0.4104336391110541,
madelon,RandomForest,Select Percentile (MI),2,,5.944468199999392,0.017520900000818,,,1170.0,1170.0,0.0,0.0,1.0,1.0,1.0,103.0,80.0,50.0,27.0,0.7844970414201183,0.7474194130757196,0.4142268682218121,
madelon,RandomForest,Select Percentile (MI),3,,5.809783999997308,0.024996000000101,,,1170.0,1170.0,0.0,0.0,1.0,1.0,1.0,100.0,76.0,54.0,30.0,0.7770710059171598,0.7673140310491602,0.360034848159512,
madelon,RandomForest,Select Percentile (MI),4,,5.995688499999233,0.026398900001368,,,1170.0,1170.0,0.0,0.0,1.0,1.0,1.0,94.0,83.0,47.0,36.0,0.7388165680473373,0.6819237512225044,0.3628397181462164,
madelon,RandomForest,Select Percentile (MI),5,,5.832908199998201,0.0291940000024624,,,1170.0,1170.0,0.0,0.0,1.0,1.0,1.0,99.0,86.0,44.0,31.0,0.7891715976331362,0.7710349541217918,0.4252083064558205,
madelon,RandomForest,Select Percentile (MI),6,,5.78681829999914,0.0246439000002283,,,1170.0,1170.0,0.0,0.0,1.0,1.0,1.0,102.0,85.0,45.0,28.0,0.8189053254437871,0.8309068789278761,0.4422592922261914,
madelon,RandomForest,Select Percentile (MI),7,,5.915437700001348,0.0170273000003362,,,1170.0,1170.0,0.0,0.0,1.0,1.0,1.0,102.0,97.0,33.0,28.0,0.8525147928994082,0.8463696254924531,0.5311622476544556,
madelon,RandomForest,Select Percentile (MI),8,,5.8874006000005465,0.0292162000005191,,,1170.0,1170.0,0.0,0.0,1.0,1.0,1.0,104.0,78.0,52.0,26.0,0.7708875739644971,0.7396979849757301,0.4082482904638629,
madelon,RandomForest,Select Percentile (MI),9,,6.002871500000765,0.0160486000022501,,,1170.0,1170.0,0.0,0.0,1.0,1.0,1.0,100.0,95.0,35.0,30.0,0.8341124260355028,0.8245862441247513,0.5003702332976756,
madelon,RandomForest,Select Percentile (MI),10,,5.940161300000909,0.021517599998333,,,1170.0,1170.0,0.0,0.0,1.0,1.0,1.0,101.0,82.0,48.0,29.0,0.7576035502958578,0.7343104167054966,0.4121176797002512,
madelon,RandomForest,Select Percentile (MI) + Scaling,1,,6.747287199999846,0.0190980000006675,57.09304237365723,4.290525436401367,1170.0,1170.0,0.0,0.0,1.0,1.0,1.0,99.0,84.0,46.0,31.0,0.74,0.6849320654060603,0.4104336391110541,
madelon,RandomForest,Select Percentile (MI) + Scaling,2,,5.838914399999339,0.0287683999995351,,,1170.0,1170.0,0.0,0.0,1.0,1.0,1.0,102.0,81.0,49.0,28.0,0.7848816568047338,0.746625736631886,0.4131180275029316,
madelon,RandomForest,Select Percentile (MI) + Scaling,3,,6.010289300000295,0.0258452000016404,,,1170.0,1170.0,0.0,0.0,1.0,1.0,1.0,101.0,75.0,55.0,29.0,0.7820118343195266,0.7772977994863588,0.3611427184872634,
madelon,RandomForest,Select Percentile (MI) + Scaling,4,,5.900592400001187,0.0169894999999087,,,1170.0,1170.0,0.0,0.0,1.0,1.0,1.0,94.0,82.0,48.0,36.0,0.7364497041420118,0.6826500933782933,0.3553633668002305,
madelon,RandomForest,Select Percentile (MI) + Scaling,5,,6.06537759999992,0.0169905999973707,,,1170.0,1170.0,0.0,0.0,1.0,1.0,1.0,100.0,88.0,42.0,30.0,0.7906508875739645,0.7719821210451134,0.4480668537915949,
madelon,RandomForest,Select Percentile (MI) + Scaling,6,,5.7513120000003255,0.0293175000006158,,,1170.0,1170.0,0.0,0.0,1.0,1.0,1.0,101.0,84.0,46.0,29.0,0.8157988165680474,0.8258967054613706,0.426741422323518,
madelon,RandomForest,Select Percentile (MI) + Scaling,7,,6.0368630999983,0.0166815999982645,,,1170.0,1170.0,0.0,0.0,1.0,1.0,1.0,103.0,97.0,33.0,27.0,0.8537573964497042,0.846239312948883,0.5390359656794852,
madelon,RandomForest,Select Percentile (MI) + Scaling,8,,5.818080299999565,0.0246307999987038,,,1170.0,1170.0,0.0,0.0,1.0,1.0,1.0,104.0,77.0,53.0,26.0,0.7714201183431953,0.7372155515422245,0.4010529706302846,
madelon,RandomForest,Select Percentile (MI) + Scaling,9,,5.775961700001062,0.0178850000011152,,,1170.0,1170.0,0.0,0.0,1.0,1.0,1.0,99.0,96.0,34.0,31.0,0.8323964497041421,0.8221018254735206,0.5001331892939433,
madelon,RandomForest,Select Percentile (MI) + Scaling,10,,5.897773000000598,0.0268252999994729,,,1170.0,1170.0,0.0,0.0,1.0,1.0,1.0,101.0,82.0,48.0,29.0,0.7600887573964497,0.7330358548552096,0.4121176797002512,
madelon,RandomForest,Random Undersampling,1,,2.9342615000023216,0.0223716000000422,57.09171676635742,4.016022682189941,1170.0,1170.0,0.0,0.0,1.0,1.0,1.0,105.0,79.0,51.0,25.0,0.7506508875739646,0.7105393778202844,0.4239501477893961,
madelon,RandomForest,Random Undersampling,2,,2.900137900000118,0.0350601999998616,,,1170.0,1170.0,0.0,0.0,1.0,1.0,1.0,107.0,88.0,42.0,23.0,0.8148224852071007,0.7776188696417163,0.50542734302861,
madelon,RandomForest,Random Undersampling,3,,2.9258221999989478,0.0325378999987151,,,1170.0,1170.0,0.0,0.0,1.0,1.0,1.0,101.0,84.0,46.0,29.0,0.7940828402366863,0.7893360888910631,0.426741422323518,
madelon,RandomForest,Random Undersampling,4,,3.026661899999453,0.0353075999992142,,,1170.0,1170.0,0.0,0.0,1.0,1.0,1.0,95.0,84.0,46.0,35.0,0.7357988165680474,0.6922546567201342,0.3782797061524384,
madelon,RandomForest,Random Undersampling,5,,2.942447000001266,0.0261420999995607,,,1170.0,1170.0,0.0,0.0,1.0,1.0,1.0,100.0,89.0,41.0,30.0,0.7905029585798816,0.7682045465550985,0.4554796461835482,
madelon,RandomForest,Random Undersampling,6,,3.084897099997761,0.0328744999969785,,,1170.0,1170.0,0.0,0.0,1.0,1.0,1.0,103.0,89.0,41.0,27.0,0.8131360946745562,0.8118107979848949,0.479712956957384,
madelon,RandomForest,Random Undersampling,7,,2.839457799997035,0.0375796999978774,,,1170.0,1170.0,0.0,0.0,1.0,1.0,1.0,101.0,87.0,43.0,29.0,0.8019526627218936,0.7859959239103707,0.4487637339278754,
madelon,RandomForest,Random Undersampling,8,,3.045786999999109,0.0354377000003296,,,1170.0,1170.0,0.0,0.0,1.0,0.9999999999999998,1.0,99.0,79.0,51.0,31.0,0.7518639053254439,0.7109707121922848,0.373679493197531,
madelon,RandomForest,Random Undersampling,9,,2.91699030000018,0.0239039000007323,,,1170.0,1170.0,0.0,0.0,1.0,1.0,1.0,100.0,90.0,40.0,30.0,0.8048224852071005,0.7942368734506724,0.4629100498862757,
madelon,RandomForest,Random Undersampling,10,,2.8100244000015664,0.0283778000011807,,,1170.0,1170.0,0.0,0.0,1.0,1.0,1.0,99.0,90.0,40.0,31.0,0.7756213017751479,0.7669975707009311,0.4549376986465299,
madelon,RandomForest,Random Undersampling + Scaling,1,,2.93811149999965,0.0245958999985305,57.093143463134766,4.027775764465332,1170.0,1170.0,0.0,0.0,1.0,1.0,1.0,105.0,79.0,51.0,25.0,0.750266272189349,0.7103042509055906,0.4239501477893961,
madelon,RandomForest,Random Undersampling + Scaling,2,,3.0540452000022924,0.0328671999996004,,,1170.0,1170.0,0.0,0.0,1.0,1.0,1.0,105.0,87.0,43.0,25.0,0.814319526627219,0.7793260735404988,0.4815615686509299,
madelon,RandomForest,Random Undersampling + Scaling,3,,2.9825497000019823,0.0334363000001758,,,1170.0,1170.0,0.0,0.0,1.0,1.0,1.0,101.0,85.0,45.0,29.0,0.7903550295857988,0.7826357875874241,0.4340694023940051,
madelon,RandomForest,Random Undersampling + Scaling,4,,3.059086000001116,0.0300109000017982,,,1170.0,1170.0,0.0,0.0,1.0,1.0,1.0,97.0,84.0,46.0,33.0,0.7349704142011835,0.6930314400046619,0.3942840659863063,
madelon,RandomForest,Random Undersampling + Scaling,5,,2.984419000000344,0.0383574000006774,,,1170.0,1170.0,0.0,0.0,1.0,1.0,1.0,101.0,89.0,41.0,29.0,0.792396449704142,0.766989127375648,0.4635174349568223,
madelon,RandomForest,Random Undersampling + Scaling,6,,3.0038047000016377,0.0291127999989839,,,1170.0,1170.0,0.0,0.0,1.0,1.0,1.0,103.0,89.0,41.0,27.0,0.815473372781065,0.812620542392813,0.479712956957384,
madelon,RandomForest,Random Undersampling + Scaling,7,,2.994126999998116,0.0262839999995776,,,1170.0,1170.0,0.0,0.0,1.0,1.0,1.0,100.0,90.0,40.0,30.0,0.8029289940828401,0.782185454076392,0.4629100498862757,
madelon,RandomForest,Random Undersampling + Scaling,8,,3.0071124999994936,0.0287391999991086,,,1170.0,1170.0,0.0,0.0,1.0,0.9999999999999998,1.0,99.0,79.0,51.0,31.0,0.7521301775147929,0.7138366670024966,0.373679493197531,
madelon,RandomForest,Random Undersampling + Scaling,9,,2.9225556000019424,0.0387709000024187,,,1170.0,1170.0,0.0,0.0,1.0,1.0,1.0,100.0,91.0,39.0,30.0,0.8073668639053254,0.7948745711455876,0.4703593155498021,
madelon,RandomForest,Random Undersampling + Scaling,10,,2.958564900000056,0.0414840999983425,,,1170.0,1170.0,0.0,0.0,1.0,0.9999999999999998,1.0,100.0,88.0,42.0,30.0,0.7775443786982249,0.7670593843447318,0.4480668537915949,
madelon,MLP,Baseline,1,True,1.0130004999991795,0.0166998000022431,57.09029006958008,1.5663137435913086,142.0,1063.0,107.0,1028.0,0.5763656950836438,0.5639401476408599,0.0485055411787187,16.0,124.0,6.0,114.0,0.5470414201183432,0.5798705726296535,0.1381974982056955,
madelon,MLP,Baseline,2,True,2.0799226999988605,0.0277111999967019,,,47.0,1142.0,28.0,1123.0,0.5605303528380452,0.5509328371964339,0.0460987199322998,8.0,127.0,3.0,122.0,0.5649704142011834,0.5665572570492984,0.0955375254335854,
madelon,MLP,Baseline,3,True,2.128545499999745,0.0223833000018203,,,834.0,416.0,754.0,336.0,0.5509745050770691,0.5417785720970045,0.0732075407064901,93.0,51.0,79.0,37.0,0.5908579881656805,0.5713693357689436,0.1137948155334121,
madelon,MLP,Baseline,4,True,1.7623192999999446,0.0330289999983506,,,921.0,344.0,826.0,249.0,0.5680203082767186,0.5472231797147271,0.0933361335167983,102.0,29.0,101.0,28.0,0.5042011834319526,0.5086542821366083,0.0092963946740962,
madelon,MLP,Baseline,5,True,2.1092929000005824,0.0180139000003691,,,1081.0,129.0,1041.0,89.0,0.5538552852655416,0.5380528832404747,0.0588110664491964,120.0,15.0,115.0,10.0,0.5793491124260355,0.5515915877413686,0.0652328073053442,
madelon,MLP,Baseline,6,True,2.4351800000004005,0.0283812999987276,,,12.0,1167.0,3.0,1158.0,0.5758777120315581,0.5639765094920921,0.0481931597341499,1.0,129.0,1.0,129.0,0.5624260355029587,0.5483306642453419,0.0,
madelon,MLP,Baseline,7,True,2.381487599999673,0.0166972999977588,,,1039.0,199.0,971.0,131.0,0.5667389875082183,0.5480491766515971,0.0834937397841591,115.0,15.0,115.0,15.0,0.5542603550295858,0.533818779566262,0.0,
madelon,MLP,Baseline,8,True,2.654013100000157,0.0150122999984887,,,416.0,864.0,306.0,754.0,0.5749134341442033,0.5600577781280808,0.1017735275431701,39.0,97.0,33.0,91.0,0.5681656804733728,0.5663851379654652,0.0515710623129396,
madelon,MLP,Baseline,9,True,1.9998506999982053,0.0296572000006563,,,14.0,1164.0,6.0,1156.0,0.5614822119950325,0.5527713467505824,0.0371390676354103,4.0,127.0,3.0,126.0,0.5534319526627219,0.5559622963477502,0.0237624228260878,
madelon,MLP,Baseline,10,True,2.1472200999996858,0.0230813000016496,,,1.0,1169.0,1.0,1169.0,0.5684878369493754,0.5598483714388693,0.0,0.0,130.0,0.0,130.0,0.5498224852071006,0.5402216070384489,0.0,
madelon,MLP,Standard Scaling,1,True,1.8379920999977912,0.0201431999994383,57.09172058105469,1.5790586471557615,1170.0,1170.0,0.0,0.0,1.0,1.0,1.0,74.0,76.0,54.0,56.0,0.600473372781065,0.5825254123573119,0.1538643637241659,
madelon,MLP,Standard Scaling,2,True,7.275561299997207,0.033680299999105,,,1170.0,1170.0,0.0,0.0,1.0,1.0,1.0,72.0,82.0,48.0,58.0,0.6044970414201184,0.6247975298736772,0.1851640199545103,
madelon,MLP,Standard Scaling,3,True,7.09823779999715,0.0368664999987231,,,1170.0,1170.0,0.0,0.0,1.0,1.0,1.0,82.0,73.0,57.0,48.0,0.6080473372781066,0.5875240864960002,0.1927702112909025,
madelon,MLP,Standard Scaling,4,True,7.372648399999889,0.0250682999976561,,,1170.0,1170.0,0.0,0.0,1.0,1.0,1.0,72.0,70.0,60.0,58.0,0.5805917159763314,0.5724839087782873,0.0923186182344995,
madelon,MLP,Standard Scaling,5,True,7.308968600002117,0.031831800002692,,,1170.0,1170.0,0.0,0.0,1.0,1.0,1.0,84.0,78.0,52.0,46.0,0.6426627218934912,0.6095173963738965,0.2464164414534789,
madelon,MLP,Standard Scaling,6,True,7.325618300001224,0.0237696000003779,,,1170.0,1170.0,0.0,0.0,1.0,1.0,1.0,66.0,83.0,47.0,64.0,0.6288165680473373,0.6409955092875718,0.1474197640753971,
madelon,MLP,Standard Scaling,7,True,7.400329700001748,0.0161611000003176,,,1170.0,1170.0,0.0,0.0,1.0,1.0,1.0,82.0,76.0,54.0,48.0,0.6401183431952663,0.6463644041700438,0.215614386271794,
madelon,MLP,Standard Scaling,8,True,7.231057500001043,0.0341326999987359,,,1170.0,1170.0,0.0,0.0,1.0,1.0,1.0,72.0,81.0,49.0,58.0,0.5849112426035503,0.587886127737265,0.1773485943876303,
madelon,MLP,Standard Scaling,9,True,7.302571700001863,0.0312169999997422,,,1170.0,1170.0,0.0,0.0,1.0,1.0,1.0,72.0,78.0,52.0,58.0,0.5893491124260355,0.5860937850270621,0.1540102759084243,
madelon,MLP,Standard Scaling,10,True,7.429312000000209,0.0154298000015842,,,1170.0,1170.0,0.0,0.0,1.0,1.0,1.0,63.0,68.0,62.0,67.0,0.5691124260355029,0.5915604175806395,0.007698003589195,
madelon,MLP,MinMax Scaling,1,True,16.57143200000064,0.0238749000018287,57.09182357788086,1.6053600311279297,1170.0,1170.0,0.0,0.0,1.0,1.0,1.0,75.0,70.0,60.0,55.0,0.6151479289940828,0.6167979817004536,0.1154700538379251,
madelon,MLP,MinMax Scaling,2,True,49.46638250000251,0.0156639999986509,,,1170.0,1170.0,0.0,0.0,1.0,1.0,1.0,72.0,82.0,48.0,58.0,0.650887573964497,0.6232801870369117,0.1851640199545103,
madelon,MLP,MinMax Scaling,3,True,47.54975449999984,0.020064899999852,,,1170.0,1170.0,0.0,0.0,1.0,1.0,1.0,83.0,73.0,57.0,47.0,0.6413609467455621,0.6176845695918196,0.2005943549507195,
madelon,MLP,MinMax Scaling,4,True,48.20711749999828,0.016110499997012,,,1170.0,1170.0,0.0,0.0,1.0,1.0,1.0,80.0,75.0,55.0,50.0,0.6247337278106508,0.6195930913509518,0.1924500897298752,
madelon,MLP,MinMax Scaling,5,True,45.67289739999978,0.0252102999984344,,,1170.0,1170.0,0.0,0.0,1.0,1.0,1.0,86.0,80.0,50.0,44.0,0.6833727810650887,0.678720739751005,0.2772184966351638,
madelon,MLP,MinMax Scaling,6,True,16.884916599999997,0.0332757999967725,,,780.0,1100.0,70.0,390.0,0.9193286580466068,0.9216637289214906,0.630893062301376,59.0,97.0,33.0,71.0,0.6720710059171598,0.6716136946599587,0.2091340719285307,
madelon,MLP,MinMax Scaling,7,True,48.88317180000013,0.029224100002466,,,1170.0,1170.0,0.0,0.0,1.0,1.0,1.0,86.0,82.0,48.0,44.0,0.6757988165680473,0.6835345195796728,0.292446161141753,
madelon,MLP,MinMax Scaling,8,True,40.44209049999699,0.0293793000018922,,,1170.0,1170.0,0.0,0.0,1.0,1.0,1.0,66.0,79.0,51.0,64.0,0.593491124260355,0.613045795788006,0.1159659017606783,
madelon,MLP,MinMax Scaling,9,True,7.492919600001187,0.0353493000002345,,,936.0,780.0,390.0,234.0,0.813320184089415,0.811020160489628,0.4708709557974187,86.0,62.0,68.0,44.0,0.5962721893491124,0.5827723587126268,0.140883201453722,
madelon,MLP,MinMax Scaling,10,True,11.583488599997509,0.0295384000019112,,,872.0,895.0,275.0,298.0,0.8383212798597414,0.8369128384685298,0.5103550310099767,73.0,74.0,56.0,57.0,0.5903550295857988,0.5916275928699138,0.1307730998530894,
madelon,MLP,IQR Capping,1,True,2.105896300003224,0.3752019999992626,57.09182357788086,1.5813541412353516,346.0,913.0,257.0,824.0,0.5676521294470012,0.5517130769678391,0.0869623848600193,33.0,104.0,26.0,97.0,0.5535502958579882,0.573160360431474,0.0642797243156106,
madelon,MLP,IQR Capping,2,True,3.234820800000307,0.5085719999988214,,,109.0,1085.0,85.0,1061.0,0.5624859376141428,0.5516134720454136,0.0371959382393347,15.0,120.0,10.0,115.0,0.5641420118343196,0.5696625758311826,0.0652328073053442,
madelon,MLP,IQR Capping,3,True,2.890881100000115,0.5593939999998838,,,818.0,435.0,735.0,352.0,0.5511929286288261,0.541337568354119,0.0750766694708187,90.0,54.0,76.0,40.0,0.5915976331360946,0.5673458959863229,0.112075339951182,
madelon,MLP,IQR Capping,4,True,3.4421070999997028,0.4603983999986667,,,0.0,1170.0,0.0,1170.0,0.5742048359997078,0.5636571275492304,0.0,0.0,130.0,0.0,130.0,0.5039644970414201,0.5155425407222942,0.0,
madelon,MLP,IQR Capping,5,True,3.172102699998504,0.3889587999983632,,,12.0,1167.0,3.0,1158.0,0.564735919351304,0.5586046177923851,0.0481931597341499,1.0,129.0,1.0,129.0,0.5816568047337278,0.550251729412255,0.0,
madelon,MLP,IQR Capping,6,True,3.09521279999899,0.485578899999382,,,1.0,1170.0,0.0,1169.0,0.561054131054131,0.5540817876737965,0.0206768743725416,0.0,130.0,0.0,130.0,0.5488165680473374,0.5335778257508714,0.0,
madelon,MLP,IQR Capping,7,True,3.140207399999781,0.4893421999986458,,,1108.0,110.0,1060.0,62.0,0.5552217108627365,0.5355596957196644,0.0786044937508484,118.0,11.0,119.0,12.0,0.562810650887574,0.5464824124315062,-0.0135444666749456,
madelon,MLP,IQR Capping,8,True,3.72308669999984,0.4284145999990869,,,1167.0,27.0,1143.0,3.0,0.5415139893345022,0.5236821504528719,0.0911684611677103,129.0,1.0,129.0,1.0,0.5409467455621302,0.5252308316963589,0.0,
madelon,MLP,IQR Capping,9,True,2.4677532999994582,0.5808110999969358,,,538.0,725.0,445.0,632.0,0.5512751114033165,0.5388193958447467,0.0805223175094869,58.0,81.0,49.0,72.0,0.5409171597633136,0.5412080193904916,0.070340411584836,
madelon,MLP,IQR Capping,10,True,2.840856700000586,0.4881160000004456,,,1158.0,50.0,1120.0,12.0,0.5407969902841698,0.5240238697560325,0.1011139070749946,129.0,4.0,126.0,1.0,0.5337573964497041,0.5192035923413708,0.0840168050416805,
madelon,MLP,IQR Capping + Scaling,1,True,3.3415511999992304,0.3593756999980542,57.09309387207031,1.5946979522705078,1170.0,1170.0,0.0,0.0,1.0,1.0,1.0,73.0,76.0,54.0,57.0,0.5984615384615384,0.5806592987070112,0.1461927784089988,
madelon,MLP,IQR Capping + Scaling,2,True,7.984241199999815,0.5122576000030676,,,1170.0,1170.0,0.0,0.0,1.0,1.0,1.0,69.0,83.0,47.0,61.0,0.6010650887573964,0.6283492129479545,0.1702207266622975,
madelon,MLP,IQR Capping + Scaling,3,True,8.108565599999565,0.5230035999993561,,,1170.0,1170.0,0.0,0.0,1.0,1.0,1.0,81.0,71.0,59.0,49.0,0.6096449704142013,0.5906779117124773,0.1697336849583011,
madelon,MLP,IQR Capping + Scaling,4,True,8.16770809999798,0.4794188000014401,,,1170.0,1170.0,0.0,0.0,1.0,1.0,1.0,70.0,75.0,55.0,60.0,0.5844378698224852,0.5707944183046778,0.1154700538379251,
madelon,MLP,IQR Capping + Scaling,5,True,8.18519870000091,0.4262508000028902,,,1170.0,1170.0,0.0,0.0,1.0,1.0,1.0,85.0,77.0,53.0,45.0,0.6471005917159763,0.6067936015548613,0.2466212642745902,
madelon,MLP,IQR Capping + Scaling,6,True,8.277000699999917,0.4962234000013268,,,1170.0,1170.0,0.0,0.0,1.0,1.0,1.0,64.0,80.0,50.0,66.0,0.6309467455621303,0.640671207878756,0.1085173505985012,
madelon,MLP,IQR Capping + Scaling,7,True,8.091296100003092,0.4912633000021742,,,1170.0,1170.0,0.0,0.0,1.0,1.0,1.0,84.0,75.0,55.0,46.0,0.6354437869822486,0.6365632446381143,0.2236134450974469,
madelon,MLP,IQR Capping + Scaling,8,True,8.157714900000428,0.4342350999977498,,,1170.0,1170.0,0.0,0.0,1.0,1.0,1.0,71.0,80.0,50.0,59.0,0.5868047337278106,0.5956938035099602,0.1619269774843581,
madelon,MLP,IQR Capping + Scaling,9,True,7.972675400000298,0.4635880999994697,,,1170.0,1170.0,0.0,0.0,1.0,1.0,1.0,71.0,73.0,57.0,59.0,0.584792899408284,0.5866413580145081,0.1077050546069161,
madelon,MLP,IQR Capping + Scaling,10,True,8.018930999998702,0.4454306999978143,,,1170.0,1170.0,0.0,0.0,1.0,1.0,1.0,67.0,69.0,61.0,63.0,0.5688165680473373,0.5863081526596435,0.0461593091172497,
madelon,MLP,IQR Removal,1,True,1.5722776999973576,0.0196404000016627,57.09179496765137,1.5663566589355469,719.0,483.0,687.0,451.0,0.5213083497698883,0.5157753559044272,0.0279244018955431,79.0,53.0,77.0,51.0,0.5363905325443786,0.5431889794860382,0.0157018573255331,
madelon,MLP,IQR Removal,2,True,2.713848599996709,0.0350121999981638,,,0.0,1170.0,0.0,1170.0,0.4923091533347943,0.4944452023033633,0.0,0.0,130.0,0.0,130.0,0.4965680473372781,0.510718831437409,0.0,
madelon,MLP,IQR Removal,3,True,2.6633877999993274,0.0245747999979357,,,1170.0,0.0,1170.0,0.0,0.5,0.5,0.0,130.0,0.0,130.0,0.0,0.5,0.5,0.0,
madelon,MLP,IQR Removal,4,True,2.683089199999813,0.021001699999033,,,1170.0,0.0,1170.0,0.0,0.5,0.5,0.0,130.0,0.0,130.0,0.0,0.5,0.5,0.0,
madelon,MLP,IQR Removal,5,True,2.7581766999974207,0.0250080000005255,,,0.0,1170.0,0.0,1170.0,0.5135838994813354,0.5165066475244813,0.0,0.0,130.0,0.0,130.0,0.5522485207100593,0.5355683631880856,0.0,
madelon,MLP,IQR Removal,6,True,2.7914674999992712,0.0287972000005538,,,1170.0,0.0,1170.0,0.0,0.5,0.5,0.0,130.0,0.0,130.0,0.0,0.5,0.5,0.0,
madelon,MLP,IQR Removal,7,True,2.819940299999871,0.0153770000033546,,,1170.0,0.0,1170.0,0.0,0.5012820512820513,0.5006418485237484,0.0,130.0,0.0,130.0,0.0,0.4961538461538461,0.4980843480843481,0.0,
madelon,MLP,IQR Removal,8,True,2.766910900001676,0.0162443000008352,,,0.0,1170.0,0.0,1170.0,0.502853385930309,0.505253748247815,0.0,0.0,130.0,0.0,130.0,0.5063905325443787,0.5117015540397837,0.0,
madelon,MLP,IQR Removal,9,True,2.773829800000385,0.0163654999996651,,,1170.0,1.0,1169.0,0.0,0.5055394842574328,0.5028719797255639,0.0206768743725416,130.0,0.0,130.0,0.0,0.500887573964497,0.5002911078096511,0.0,
madelon,MLP,IQR Removal,10,True,2.728955499998847,0.0239342999993823,,,1170.0,0.0,1170.0,0.0,0.5,0.5,0.0,130.0,0.0,130.0,0.0,0.5,0.5,0.0,
madelon,MLP,IQR Removal + Scaling,1,True,1.5651620999997249,0.0263612999988254,57.0932502746582,1.5781373977661133,557.0,665.0,505.0,613.0,0.5262122872379282,0.5279596112623705,0.0446350122551014,59.0,81.0,49.0,71.0,0.5318934911242603,0.5249289795559257,0.0780488176318078,
madelon,MLP,IQR Removal + Scaling,2,True,2.740419400000974,0.0223944999997911,,,518.0,704.0,466.0,652.0,0.5332719701950471,0.5368028605461134,0.045016937812624,53.0,78.0,52.0,77.0,0.5294674556213017,0.5203746418932516,0.0078386180166962,
madelon,MLP,IQR Removal + Scaling,3,True,2.727680399999372,0.0234830000008514,,,522.0,714.0,456.0,648.0,0.5506297026809848,0.5494878725424085,0.057185504168242,54.0,80.0,50.0,76.0,0.5079289940828402,0.5329895403036735,0.0314037146510663,
madelon,MLP,IQR Removal + Scaling,4,True,2.699612900003558,0.0284454999964509,,,467.0,728.0,442.0,703.0,0.5308393600701293,0.5420640721189577,0.0219198839317932,51.0,87.0,43.0,79.0,0.5636094674556213,0.5306081046682236,0.0640430514006754,
madelon,MLP,IQR Removal + Scaling,5,True,2.697838199997932,0.0398074000004271,,,536.0,708.0,462.0,634.0,0.5504529184016363,0.5490605247417765,0.0639425852508808,65.0,74.0,56.0,65.0,0.5571597633136095,0.5445235582305594,0.0693972760647249,
madelon,MLP,IQR Removal + Scaling,6,True,2.783106700000644,0.0171355000020412,,,420.0,802.0,368.0,750.0,0.5402629848783695,0.5381189701627223,0.0470212723384997,53.0,84.0,46.0,77.0,0.521242603550296,0.5272405812829009,0.0554456532608717,
madelon,MLP,IQR Removal + Scaling,7,True,2.806381999998848,0.0168216999991273,,,550.0,677.0,493.0,620.0,0.5440908758857477,0.5480345753137421,0.0490075186000962,60.0,72.0,58.0,70.0,0.5308284023668639,0.5044909556211356,0.0154505811652274,
madelon,MLP,IQR Removal + Scaling,8,True,2.7690899999979592,0.0281622000002244,,,415.0,781.0,389.0,755.0,0.5328468113083498,0.5351566998524135,0.0233964365261618,37.0,86.0,44.0,93.0,0.4930769230769231,0.5033628667221929,-0.0581338405473727,
madelon,MLP,IQR Removal + Scaling,9,True,2.8251933000028657,0.0152402999992773,,,579.0,657.0,513.0,591.0,0.5361881802907444,0.5419509678071289,0.0565360319430128,60.0,58.0,72.0,70.0,0.437396449704142,0.4665998009346856,-0.0923186182344995,
madelon,MLP,IQR Removal + Scaling,10,True,2.7395064999982424,0.017579299998033,,,509.0,746.0,424.0,661.0,0.550274673095186,0.5479144895343168,0.0741875544626736,54.0,85.0,45.0,76.0,0.531301775147929,0.5403737628576494,0.0712872684782636,
madelon,MLP,Yeo-Johnson,1,True,4.788827199998195,0.0295234999975946,57.09478378295898,1.5699167251586914,0.0,1170.0,0.0,1170.0,0.5,0.5,0.0,0.0,130.0,0.0,130.0,0.5,0.5,0.0,
madelon,MLP,Yeo-Johnson,2,True,3.5896575000006123,0.0435431000005337,,,1170.0,0.0,1170.0,0.0,0.5,0.5,0.0,130.0,0.0,130.0,0.0,0.5,0.5,0.0,
madelon,MLP,Yeo-Johnson,3,True,3.5498256999999285,0.0515429999977641,,,1170.0,0.0,1170.0,0.0,0.5,0.5,0.0,130.0,0.0,130.0,0.0,0.5,0.5,0.0,
madelon,MLP,Yeo-Johnson,4,True,3.837580000003072,0.0254708000029495,,,0.0,1170.0,0.0,1170.0,0.5,0.5,0.0,0.0,130.0,0.0,130.0,0.5,0.5,0.0,
madelon,MLP,Yeo-Johnson,5,True,3.672890100002405,0.0303538000007392,,,1170.0,0.0,1170.0,0.0,0.5,0.5,0.0,130.0,0.0,130.0,0.0,0.5,0.5,0.0,
madelon,MLP,Yeo-Johnson,6,True,3.317915700001322,0.056065299999318,,,1170.0,0.0,1170.0,0.0,0.5,0.5,0.0,130.0,0.0,130.0,0.0,0.5,0.5,0.0,
madelon,MLP,Yeo-Johnson,7,True,3.4423090999989654,0.0436077000013028,,,1170.0,0.0,1170.0,0.0,0.5,0.5,0.0,130.0,0.0,130.0,0.0,0.5,0.5,0.0,
madelon,MLP,Yeo-Johnson,8,True,3.696101500001532,0.0359900000003108,,,465.0,735.0,435.0,705.0,0.5128205128205128,0.5066239316239317,0.0263523138347364,43.0,81.0,49.0,87.0,0.4769230769230769,0.4892140468227425,-0.048261708906584,
madelon,MLP,Yeo-Johnson,9,True,3.526213100001769,0.0511530000003404,,,1170.0,0.0,1170.0,0.0,0.5,0.5,0.0,130.0,0.0,130.0,0.0,0.5,0.5,0.0,
madelon,MLP,Yeo-Johnson,10,True,2.999489800000447,0.0439441000016813,,,1170.0,0.0,1170.0,0.0,0.5,0.5,0.0,130.0,0.0,130.0,0.0,0.5,0.5,0.0,
madelon,MLP,Yeo-Johnson + Scaling,1,True,6.027819300001283,0.0486439999986032,57.09309387207031,1.58306884765625,1170.0,1170.0,0.0,0.0,1.0,1.0,1.0,71.0,78.0,52.0,59.0,0.6025443786982249,0.5858197306582732,0.146366187850671,
madelon,MLP,Yeo-Johnson + Scaling,2,True,9.159728099999484,0.045871199999965,,,1170.0,1170.0,0.0,0.0,1.0,1.0,1.0,71.0,83.0,47.0,59.0,0.6046745562130178,0.6192078586947235,0.1854069739827289,
madelon,MLP,Yeo-Johnson + Scaling,3,True,8.617609200002335,0.0443265000030805,,,1170.0,1170.0,0.0,0.0,1.0,1.0,1.0,85.0,72.0,58.0,45.0,0.6042011834319527,0.5809979298982364,0.2087386231692209,
madelon,MLP,Yeo-Johnson + Scaling,4,True,8.807346999998117,0.0494147999997949,,,1170.0,1170.0,0.0,0.0,1.0,1.0,1.0,69.0,76.0,54.0,61.0,0.5845562130177514,0.571583931504244,0.1155522535663192,
madelon,MLP,Yeo-Johnson + Scaling,5,True,8.989723999999114,0.0440631999990728,,,1170.0,1170.0,0.0,0.0,1.0,1.0,1.0,86.0,76.0,54.0,44.0,0.65301775147929,0.6183897875074513,0.246885359939347,
madelon,MLP,Yeo-Johnson + Scaling,6,True,9.27339589999974,0.0270173999997496,,,1170.0,1170.0,0.0,0.0,1.0,1.0,1.0,69.0,79.0,51.0,61.0,0.632130177514793,0.6407494922892156,0.1388730149658827,
madelon,MLP,Yeo-Johnson + Scaling,7,True,8.951015999999072,0.048324199997296,,,1170.0,1170.0,0.0,0.0,1.0,1.0,1.0,81.0,73.0,57.0,49.0,0.6458579881656805,0.6626981939836869,0.1849659482059426,
madelon,MLP,Yeo-Johnson + Scaling,8,True,8.999084999999468,0.042584099999658,,,1170.0,1170.0,0.0,0.0,1.0,1.0,1.0,69.0,76.0,54.0,61.0,0.577810650887574,0.5833149211787758,0.1155522535663192,
madelon,MLP,Yeo-Johnson + Scaling,9,True,8.873435299999983,0.032885399999941,,,1170.0,1170.0,0.0,0.0,1.0,1.0,1.0,69.0,77.0,53.0,61.0,0.5914792899408284,0.5821951141246511,0.1233106321372951,
madelon,MLP,Yeo-Johnson + Scaling,10,True,9.088954299997567,0.0281890999976894,,,1170.0,1170.0,0.0,0.0,1.0,1.0,1.0,68.0,67.0,63.0,62.0,0.5829585798816568,0.6091213353523899,0.0384626764273792,
madelon,MLP,Quantile Transform,1,True,3.601026600001205,0.1976389000010385,57.09182357788086,5.389960289001465,1170.0,1170.0,0.0,0.0,1.0,1.0,1.0,74.0,78.0,52.0,56.0,0.5984615384615385,0.572661613918019,0.169310935397857,
madelon,MLP,Quantile Transform,2,True,8.995214600003237,0.2282659000011335,,,1170.0,1170.0,0.0,0.0,1.0,1.0,1.0,72.0,78.0,52.0,58.0,0.5906508875739644,0.6116037556068591,0.1540102759084243,
madelon,MLP,Quantile Transform,3,True,9.10027160000027,0.1938015999985509,,,1170.0,1170.0,0.0,0.0,1.0,1.0,1.0,83.0,73.0,57.0,47.0,0.6014201183431953,0.5722123381576945,0.2005943549507195,
madelon,MLP,Quantile Transform,4,True,8.695318300000508,0.2576100000005681,,,1170.0,1170.0,0.0,0.0,1.0,1.0,1.0,71.0,72.0,58.0,59.0,0.577810650887574,0.5631077838712059,0.100002958711186,
madelon,MLP,Quantile Transform,5,True,9.34569239999837,0.1624704999994719,,,1170.0,1170.0,0.0,0.0,1.0,1.0,1.0,83.0,76.0,54.0,47.0,0.6275739644970414,0.602784668327744,0.2234010235615505,
madelon,MLP,Quantile Transform,6,True,9.362432000001718,0.1847989000016241,,,1170.0,1170.0,0.0,0.0,1.0,1.0,1.0,65.0,84.0,46.0,65.0,0.6197633136094675,0.6269327212949223,0.1477403002699014,
madelon,MLP,Quantile Transform,7,True,9.270118999997068,0.2509036000010383,,,1170.0,1170.0,0.0,0.0,1.0,1.0,1.0,82.0,71.0,59.0,48.0,0.6301183431952663,0.6334140970078096,0.1775598620715527,
madelon,MLP,Quantile Transform,8,True,9.035585300000092,0.2384476000006543,,,1170.0,1170.0,0.0,0.0,1.0,1.0,1.0,70.0,81.0,49.0,60.0,0.5757396449704142,0.5700208451302307,0.1621198740653307,
madelon,MLP,Quantile Transform,9,True,9.170716700002233,0.2429260999997495,,,1170.0,1170.0,0.0,0.0,1.0,1.0,1.0,68.0,78.0,52.0,62.0,0.5831360946745563,0.5843038407312819,0.1234426799696735,
madelon,MLP,Quantile Transform,10,True,9.39142880000145,0.1948381000001973,,,1170.0,1170.0,0.0,0.0,1.0,1.0,1.0,67.0,70.0,60.0,63.0,0.5591715976331361,0.5839074972406042,0.0538604973085785,
madelon,MLP,Quantile Transform + Scaling,1,True,3.7575489999981073,0.196584299999813,57.09314155578613,5.401701927185059,1170.0,1170.0,0.0,0.0,1.0,1.0,1.0,73.0,78.0,52.0,57.0,0.5997633136094674,0.5738492547726073,0.1616580753730952,
madelon,MLP,Quantile Transform + Scaling,2,True,9.384988699999669,0.203056700000161,,,1170.0,1170.0,0.0,0.0,1.0,1.0,1.0,68.0,78.0,52.0,62.0,0.5901775147928994,0.6090485457744244,0.1234426799696735,
madelon,MLP,Quantile Transform + Scaling,3,True,9.649277900000016,0.1680341999999655,,,1170.0,1170.0,0.0,0.0,1.0,1.0,1.0,81.0,75.0,55.0,49.0,0.6041420118343195,0.5736417348301575,0.2002133586809516,
madelon,MLP,Quantile Transform + Scaling,4,True,9.63276760000008,0.1825223000014375,,,1170.0,1170.0,0.0,0.0,1.0,1.0,1.0,72.0,72.0,58.0,58.0,0.576923076923077,0.5628845608470312,0.1076923076923077,
madelon,MLP,Quantile Transform + Scaling,5,True,9.493245900001057,0.2486793999996734,,,1170.0,1170.0,0.0,0.0,1.0,1.0,1.0,83.0,74.0,56.0,47.0,0.6271005917159763,0.6000051492945784,0.2081918281941747,
madelon,MLP,Quantile Transform + Scaling,6,True,9.138992100000904,0.2526557000019238,,,1170.0,1170.0,0.0,0.0,1.0,1.0,1.0,66.0,83.0,47.0,64.0,0.6196449704142012,0.6266514716055642,0.1474197640753971,
madelon,MLP,Quantile Transform + Scaling,7,True,9.287557100000411,0.1781325999982073,,,1170.0,1170.0,0.0,0.0,1.0,1.0,1.0,82.0,71.0,59.0,48.0,0.6283431952662722,0.6344112281859691,0.1775598620715527,
madelon,MLP,Quantile Transform + Scaling,8,True,9.500460300001578,0.1936261000009835,,,1170.0,1170.0,0.0,0.0,1.0,1.0,1.0,70.0,82.0,48.0,60.0,0.5765680473372782,0.5727256004163231,0.1699563928175015,
madelon,MLP,Quantile Transform + Scaling,9,True,9.327409100002114,0.2573308999999426,,,1170.0,1170.0,0.0,0.0,1.0,1.0,1.0,68.0,78.0,52.0,62.0,0.5833136094674556,0.5842416005932958,0.1234426799696735,
madelon,MLP,Quantile Transform + Scaling,10,True,9.518319700000577,0.230453000000125,,,1170.0,1170.0,0.0,0.0,1.0,1.0,1.0,67.0,70.0,60.0,63.0,0.5598224852071005,0.5836994740042559,0.0538604973085785,
madelon,MLP,Uniform Binning,1,True,8.804153100001713,0.0303859999985434,57.09172821044922,1.62261962890625,1170.0,1170.0,0.0,0.0,1.0,1.0,1.0,73.0,75.0,55.0,57.0,0.5955621301775148,0.613961890136833,0.1384779273517493,
madelon,MLP,Uniform Binning,2,True,31.642934100000275,0.0289870000015071,,,1170.0,1170.0,0.0,0.0,1.0,1.0,1.0,60.0,73.0,57.0,70.0,0.5676923076923077,0.5963580662056052,0.0231931803521356,
madelon,MLP,Uniform Binning,3,True,34.43111309999949,0.0190914000013435,,,1170.0,1170.0,0.0,0.0,1.0,1.0,1.0,80.0,72.0,58.0,50.0,0.6139644970414201,0.5782460066263495,0.1695521191887807,
madelon,MLP,Uniform Binning,4,True,35.14507359999698,0.0186106000001018,,,1170.0,1170.0,0.0,0.0,1.0,1.0,1.0,72.0,80.0,50.0,58.0,0.6018343195266272,0.5821345549790351,0.1695521191887807,
madelon,MLP,Uniform Binning,5,True,31.924406800000725,0.0352953000001434,,,1170.0,1170.0,0.0,0.0,1.0,1.0,1.0,71.0,89.0,41.0,59.0,0.640414201183432,0.6510761199985731,0.23301366225045,
madelon,MLP,Uniform Binning,6,True,34.57688169999892,0.0333118999988073,,,1170.0,1170.0,0.0,0.0,1.0,1.0,1.0,70.0,83.0,47.0,60.0,0.6314792899408285,0.6405451118878353,0.1778143826997067,
madelon,MLP,Uniform Binning,7,True,30.76296320000256,0.0329452000005403,,,1170.0,1170.0,0.0,0.0,1.0,1.0,1.0,83.0,66.0,64.0,47.0,0.6358579881656805,0.6566676486070887,0.1474197640753971,
madelon,MLP,Uniform Binning,8,True,34.14134589999958,0.0344393000013951,,,1170.0,1170.0,0.0,0.0,1.0,1.0,1.0,79.0,69.0,61.0,51.0,0.5782248520710058,0.5759799030114467,0.1388730149658827,
madelon,MLP,Uniform Binning,9,True,35.54345060000196,0.0173044999974081,,,1170.0,1170.0,0.0,0.0,1.0,1.0,1.0,82.0,68.0,62.0,48.0,0.6292899408284023,0.6205948523433436,0.1547461151475432,
madelon,MLP,Uniform Binning,10,True,34.07619200000045,0.0271969999994325,,,1170.0,1170.0,0.0,0.0,1.0,1.0,1.0,75.0,70.0,60.0,55.0,0.589585798816568,0.581788609970026,0.1154700538379251,
madelon,MLP,Uniform Binning + Scaling,1,True,1.865801700001612,0.0262846000005083,57.09309387207031,1.6261348724365234,1170.0,1170.0,0.0,0.0,1.0,1.0,1.0,68.0,74.0,56.0,62.0,0.5842011834319526,0.5847878270242424,0.0924061655450546,
madelon,MLP,Uniform Binning + Scaling,2,True,7.345007500000065,0.0427980000022216,,,1170.0,1170.0,0.0,0.0,1.0,1.0,1.0,60.0,77.0,53.0,70.0,0.5686390532544379,0.5949879042298517,0.0543125446593568,
madelon,MLP,Uniform Binning + Scaling,3,True,7.277526300000318,0.0438143999999738,,,1170.0,1170.0,0.0,0.0,1.0,1.0,1.0,75.0,67.0,63.0,55.0,0.5753254437869822,0.5660616165025831,0.0924829741029713,
madelon,MLP,Uniform Binning + Scaling,4,True,7.307492299998557,0.0429575999987719,,,1170.0,1170.0,0.0,0.0,1.0,1.0,1.0,68.0,73.0,57.0,62.0,0.5793491124260355,0.5585251400756904,0.0846780394811451,
madelon,MLP,Uniform Binning + Scaling,5,True,7.429262199999357,0.0264342999980726,,,1170.0,1170.0,0.0,0.0,1.0,1.0,1.0,82.0,80.0,50.0,48.0,0.6306508875739645,0.5950111730855682,0.2461829819586654,
madelon,MLP,Uniform Binning + Scaling,6,True,7.485067400000844,0.0206011000009311,,,1170.0,1170.0,0.0,0.0,1.0,1.0,1.0,70.0,86.0,44.0,60.0,0.6492899408284024,0.6505946208952327,0.2015322225400738,
madelon,MLP,Uniform Binning + Scaling,7,True,7.623504700000922,0.0203947000009065,,,1170.0,1170.0,0.0,0.0,1.0,1.0,1.0,81.0,74.0,56.0,49.0,0.6110059171597633,0.6225102174225654,0.1925870892771987,
madelon,MLP,Uniform Binning + Scaling,8,True,7.447848000003432,0.0272239000005356,,,1170.0,1170.0,0.0,0.0,1.0,1.0,1.0,71.0,67.0,63.0,59.0,0.5466272189349113,0.563527581030473,0.061567612871948,
madelon,MLP,Uniform Binning + Scaling,9,True,7.3442670000004,0.0302226000021619,,,1170.0,1170.0,0.0,0.0,1.0,1.0,1.0,67.0,60.0,70.0,63.0,0.5330177514792899,0.5370516507201204,-0.0231104507132638,
madelon,MLP,Uniform Binning + Scaling,10,True,7.474811100000807,0.0205184999977063,,,1170.0,1170.0,0.0,0.0,1.0,1.0,1.0,74.0,80.0,50.0,56.0,0.5826627218934911,0.5713199815667218,0.1848123310901092,
madelon,MLP,Quantile Binning,1,True,3.096827499997744,0.0264753000010387,57.09182357788086,1.6156883239746094,1170.0,1170.0,0.0,0.0,1.0,1.0,1.0,64.0,79.0,51.0,66.0,0.5790532544378698,0.5547628730267571,0.1006724020461076,
madelon,MLP,Quantile Binning,2,True,11.39603459999853,0.0267722999997204,,,1170.0,1170.0,0.0,0.0,1.0,1.0,1.0,75.0,78.0,52.0,55.0,0.625266272189349,0.6450965418602987,0.1769702054424722,
madelon,MLP,Quantile Binning,3,True,11.178642899998522,0.0247228999978688,,,1170.0,1170.0,0.0,0.0,1.0,1.0,1.0,86.0,78.0,52.0,44.0,0.6691715976331362,0.657893654140768,0.262035093291752,
madelon,MLP,Quantile Binning,4,True,11.345265900003142,0.0191008000001602,,,1170.0,1170.0,0.0,0.0,1.0,1.0,1.0,76.0,73.0,57.0,54.0,0.6224260355029587,0.6202630178622821,0.1461927784089988,
madelon,MLP,Quantile Binning,5,True,11.5526142000017,0.0177250999986426,,,1170.0,1170.0,0.0,0.0,1.0,1.0,1.0,82.0,77.0,53.0,48.0,0.6394082840236687,0.6140485126602494,0.2232421040866552,
madelon,MLP,Quantile Binning,6,True,11.066696400001092,0.0331202999986999,,,1170.0,1170.0,0.0,0.0,1.0,1.0,1.0,77.0,73.0,57.0,53.0,0.6271005917159764,0.6256307526271814,0.15391903217987,
madelon,MLP,Quantile Binning,7,True,11.32942059999914,0.0248777000015252,,,1170.0,1170.0,0.0,0.0,1.0,1.0,1.0,81.0,78.0,52.0,49.0,0.6506508875739645,0.659175574986754,0.2231363459926824,
madelon,MLP,Quantile Binning,8,True,10.798268900001858,0.0391263999990769,,,1170.0,1170.0,0.0,0.0,1.0,1.0,1.0,70.0,77.0,53.0,60.0,0.5893491124260355,0.5976220226854831,0.1309592207084951,
madelon,MLP,Quantile Binning,9,True,11.076369499998693,0.0389985000001615,,,1170.0,1170.0,0.0,0.0,1.0,1.0,1.0,78.0,72.0,58.0,52.0,0.6193491124260355,0.6036327080017785,0.1540102759084243,
madelon,MLP,Quantile Binning,10,True,11.241741199999524,0.0332345000024361,,,1170.0,1170.0,0.0,0.0,1.0,1.0,1.0,86.0,63.0,67.0,44.0,0.5917159763313609,0.6035274892260329,0.148496424456876,
madelon,MLP,Quantile Binning + Scaling,1,True,2.0809187999984715,0.0240269999994779,57.09318923950195,1.6259756088256836,1170.0,1170.0,0.0,0.0,1.0,1.0,1.0,64.0,79.0,51.0,66.0,0.5867455621301775,0.5702679666521545,0.1006724020461076,
madelon,MLP,Quantile Binning + Scaling,2,True,7.386509199997818,0.0208633000002009,,,1170.0,1170.0,0.0,0.0,1.0,1.0,1.0,61.0,82.0,48.0,69.0,0.5760355029585799,0.6230547058779039,0.1013308369346813,
madelon,MLP,Quantile Binning + Scaling,3,True,7.131397199998901,0.0345895999998902,,,1170.0,1170.0,0.0,0.0,1.0,1.0,1.0,79.0,78.0,52.0,51.0,0.6414792899408285,0.6474081747420426,0.2076984527078479,
madelon,MLP,Quantile Binning + Scaling,4,True,7.485036800000671,0.0325300000004062,,,1170.0,1170.0,0.0,0.0,1.0,1.0,1.0,72.0,74.0,56.0,58.0,0.5921301775147929,0.5739957450554839,0.1230914909793327,
madelon,MLP,Quantile Binning + Scaling,5,True,7.285517399999662,0.0215642000002844,,,1170.0,1170.0,0.0,0.0,1.0,1.0,1.0,86.0,74.0,56.0,44.0,0.6531360946745562,0.616823930732282,0.2317587174784111,
madelon,MLP,Quantile Binning + Scaling,6,True,7.312668300000951,0.0335064999999303,,,1170.0,1170.0,0.0,0.0,1.0,1.0,1.0,70.0,80.0,50.0,60.0,0.6311834319526627,0.6259738001065445,0.1543033499620919,
madelon,MLP,Quantile Binning + Scaling,7,True,7.258912000001146,0.0220569999983126,,,1170.0,1170.0,0.0,0.0,1.0,1.0,1.0,84.0,71.0,59.0,46.0,0.640414201183432,0.6592059757573367,0.1932765029344638,
madelon,MLP,Quantile Binning + Scaling,8,True,7.046001500002603,0.0414099999979953,,,1170.0,1170.0,0.0,0.0,1.0,1.0,1.0,65.0,82.0,48.0,65.0,0.5975739644970414,0.6062464912849199,0.1319018941727237,
madelon,MLP,Quantile Binning + Scaling,9,True,7.223199200001545,0.0264647000003606,,,1170.0,1170.0,0.0,0.0,1.0,1.0,1.0,81.0,76.0,54.0,49.0,0.6083431952662722,0.576522897799439,0.2078460969082652,
madelon,MLP,Quantile Binning + Scaling,10,True,7.556764500001009,0.0184492999978829,,,1170.0,1170.0,0.0,0.0,1.0,1.0,1.0,77.0,71.0,59.0,53.0,0.6107692307692307,0.6325699001184533,0.1386092483175819,
madelon,MLP,SMOTE,1,True,1.1493946999980835,0.0253659000009065,57.09167289733887,1.5667314529418943,142.0,1063.0,107.0,1028.0,0.5763656950836438,0.5639401476408599,0.0485055411787187,16.0,124.0,6.0,114.0,0.5470414201183432,0.5798705726296535,0.1381974982056955,
madelon,MLP,SMOTE,2,True,1.4032889000009163,0.0340992999990703,,,47.0,1142.0,28.0,1123.0,0.5605303528380452,0.5509328371964339,0.0460987199322998,8.0,127.0,3.0,122.0,0.5649704142011834,0.5665572570492984,0.0955375254335854,
madelon,MLP,SMOTE,3,True,1.5503736999999091,0.0300729000009596,,,834.0,416.0,754.0,336.0,0.5509745050770691,0.5417785720970045,0.0732075407064901,93.0,51.0,79.0,37.0,0.5908579881656805,0.5713693357689436,0.1137948155334121,
madelon,MLP,SMOTE,4,True,1.251750899999024,0.0299642999998468,,,921.0,344.0,826.0,249.0,0.5680203082767186,0.5472231797147271,0.0933361335167983,102.0,29.0,101.0,28.0,0.5042011834319526,0.5086542821366083,0.0092963946740962,
madelon,MLP,SMOTE,5,True,1.59003759999905,0.0296712999988812,,,1081.0,129.0,1041.0,89.0,0.5538552852655416,0.5380528832404747,0.0588110664491964,120.0,15.0,115.0,10.0,0.5793491124260355,0.5515915877413686,0.0652328073053442,
madelon,MLP,SMOTE,6,True,1.8832221000011489,0.0163495000015245,,,12.0,1167.0,3.0,1158.0,0.5758777120315581,0.5639765094920921,0.0481931597341499,1.0,129.0,1.0,129.0,0.5624260355029587,0.5483306642453419,0.0,
madelon,MLP,SMOTE,7,True,1.846916999998939,0.0202779000028385,,,1039.0,199.0,971.0,131.0,0.5667389875082183,0.5480491766515971,0.0834937397841591,115.0,15.0,115.0,15.0,0.5542603550295858,0.533818779566262,0.0,
madelon,MLP,SMOTE,8,True,1.9154689999995755,0.0148607000010088,,,416.0,864.0,306.0,754.0,0.5749134341442033,0.5600577781280808,0.1017735275431701,39.0,97.0,33.0,91.0,0.5681656804733728,0.5663851379654652,0.0515710623129396,
madelon,MLP,SMOTE,9,True,1.4344170000003942,0.0189404000011563,,,14.0,1164.0,6.0,1156.0,0.5614822119950325,0.5527713467505824,0.0371390676354103,4.0,127.0,3.0,126.0,0.5534319526627219,0.5559622963477502,0.0237624228260878,
madelon,MLP,SMOTE,10,True,1.5223573000002943,0.0280608000030042,,,1.0,1169.0,1.0,1169.0,0.5684878369493754,0.5598483714388693,0.0,0.0,130.0,0.0,130.0,0.5498224852071006,0.5402216070384489,0.0,
madelon,MLP,SMOTE + Scaling,1,True,2.0383316000006744,0.0207976000019698,57.09318923950195,1.5794658660888672,1170.0,1170.0,0.0,0.0,1.0,1.0,1.0,74.0,76.0,54.0,56.0,0.600473372781065,0.5825254123573119,0.1538643637241659,
madelon,MLP,SMOTE + Scaling,2,True,5.340547499999957,0.0302152999975078,,,1170.0,1170.0,0.0,0.0,1.0,1.0,1.0,72.0,82.0,48.0,58.0,0.6044970414201184,0.6247975298736772,0.1851640199545103,
madelon,MLP,SMOTE + Scaling,3,True,5.084616500000266,0.0355473000017809,,,1170.0,1170.0,0.0,0.0,1.0,1.0,1.0,82.0,73.0,57.0,48.0,0.6080473372781066,0.5875240864960002,0.1927702112909025,
madelon,MLP,SMOTE + Scaling,4,True,5.077182200002426,0.0353251999986241,,,1170.0,1170.0,0.0,0.0,1.0,1.0,1.0,72.0,70.0,60.0,58.0,0.5805917159763314,0.5724839087782873,0.0923186182344995,
madelon,MLP,SMOTE + Scaling,5,True,5.3606220000001485,0.0207456999996793,,,1170.0,1170.0,0.0,0.0,1.0,1.0,1.0,84.0,78.0,52.0,46.0,0.6426627218934912,0.6095173963738965,0.2464164414534789,
madelon,MLP,SMOTE + Scaling,6,True,5.374366799998825,0.0165600000000267,,,1170.0,1170.0,0.0,0.0,1.0,1.0,1.0,66.0,83.0,47.0,64.0,0.6288165680473373,0.6409955092875718,0.1474197640753971,
madelon,MLP,SMOTE + Scaling,7,True,5.078557799999544,0.0267290999981923,,,1170.0,1170.0,0.0,0.0,1.0,1.0,1.0,82.0,76.0,54.0,48.0,0.6401183431952663,0.6463644041700438,0.215614386271794,
madelon,MLP,SMOTE + Scaling,8,True,5.208963699999003,0.0159708000028331,,,1170.0,1170.0,0.0,0.0,1.0,1.0,1.0,72.0,81.0,49.0,58.0,0.5849112426035503,0.587886127737265,0.1773485943876303,
madelon,MLP,SMOTE + Scaling,9,True,5.1807919000020775,0.0311859000030381,,,1170.0,1170.0,0.0,0.0,1.0,1.0,1.0,72.0,78.0,52.0,58.0,0.5893491124260355,0.5860937850270621,0.1540102759084243,
madelon,MLP,SMOTE + Scaling,10,True,5.076771899999585,0.0196308999984466,,,1170.0,1170.0,0.0,0.0,1.0,1.0,1.0,63.0,68.0,62.0,67.0,0.5691124260355029,0.5915604175806395,0.007698003589195,
madelon,MLP,Select Percentile (MI),1,True,5.346266199998354,0.0119035999996413,57.091726303100586,0.8045997619628906,58.0,1128.0,42.0,1112.0,0.6063240558112353,0.5827592539638987,0.0338061701891406,6.0,127.0,3.0,124.0,0.5390532544378699,0.5329238722266199,0.0631194403097803,
madelon,MLP,Select Percentile (MI),2,True,4.803762200001074,0.0171897000000171,,,821.0,475.0,695.0,349.0,0.576329534662868,0.5558555680009152,0.1127346286559459,84.0,55.0,75.0,46.0,0.5433136094674555,0.529780579326844,0.0710204239390102,
madelon,MLP,Select Percentile (MI),3,True,5.817788999996992,0.010077299997647,,,1170.0,0.0,1170.0,0.0,0.5004273504273504,0.500213766566909,0.0,130.0,0.0,130.0,0.0,0.5,0.5,0.0,
madelon,MLP,Select Percentile (MI),4,True,5.331244799999695,0.0146370000002207,,,94.0,1104.0,66.0,1076.0,0.5688578420629703,0.5507936865851304,0.0474099823035017,8.0,121.0,9.0,122.0,0.5166272189349113,0.5129557923625705,-0.0155586676003112,
madelon,MLP,Select Percentile (MI),5,True,5.430777399997169,0.0154025000010733,,,64.0,1136.0,34.0,1106.0,0.5750332383665717,0.565168200301688,0.0640015383310177,5.0,128.0,2.0,125.0,0.5260355029585799,0.5376542904343644,0.0712872684782636,
madelon,MLP,Select Percentile (MI),6,True,5.530751900001633,0.0188309000004665,,,1096.0,128.0,1042.0,74.0,0.5787226970560304,0.5523246674420544,0.0821701774142781,122.0,17.0,113.0,8.0,0.5537869822485207,0.5346348043954244,0.1174190531496196,
madelon,MLP,Select Percentile (MI),7,True,5.385003299998061,0.0212080999990575,,,855.0,436.0,734.0,315.0,0.5708579881656805,0.5546231254246523,0.1107652298923108,91.0,40.0,90.0,39.0,0.4970710059171598,0.4911966251752786,0.0083627125077182,
madelon,MLP,Select Percentile (MI),8,True,5.150520399998641,0.0132104000003892,,,576.0,700.0,470.0,594.0,0.5650821827744905,0.5516660995619882,0.0911114345861297,60.0,74.0,56.0,70.0,0.5430769230769231,0.5437519304439209,0.0309492230295086,
madelon,MLP,Select Percentile (MI),9,True,5.076081200000772,0.022313599998597,,,923.0,392.0,778.0,247.0,0.5840265906932574,0.5599546267385108,0.1390802351672819,100.0,55.0,75.0,30.0,0.6224852071005919,0.6233894106123533,0.2049800154226969,
madelon,MLP,Select Percentile (MI),10,True,5.263776699997834,0.0152789000021584,,,185.0,1044.0,126.0,985.0,0.5845131127182409,0.568744501409862,0.074272970503213,21.0,112.0,18.0,109.0,0.5161538461538462,0.5294799859017882,0.0323141557852617,
madelon,MLP,Select Percentile (MI) + Scaling,1,True,6.29063590000078,0.0195050999973318,57.093088150024414,0.8121337890625,1170.0,1170.0,0.0,0.0,1.0,1.0,1.0,61.0,79.0,51.0,69.0,0.579526627218935,0.5677930316918882,0.07767122075015,
madelon,MLP,Select Percentile (MI) + Scaling,2,True,7.663803699997516,0.0175857999965955,,,1170.0,1170.0,0.0,0.0,1.0,1.0,1.0,81.0,78.0,52.0,49.0,0.6204733727810651,0.6262373283030878,0.2231363459926824,
madelon,MLP,Select Percentile (MI) + Scaling,3,True,7.626049200000125,0.0241022999980486,,,1170.0,1170.0,0.0,0.0,1.0,1.0,1.0,88.0,76.0,54.0,42.0,0.6662130177514792,0.6615582687609094,0.262659879808866,
madelon,MLP,Select Percentile (MI) + Scaling,4,True,7.783857399997942,0.0200261000027239,,,1170.0,1170.0,0.0,0.0,1.0,1.0,1.0,68.0,72.0,58.0,62.0,0.5704733727810651,0.5650639162688964,0.076959516089935,
madelon,MLP,Select Percentile (MI) + Scaling,5,True,7.7078656000012415,0.0195692999986931,,,1170.0,1170.0,0.0,0.0,1.0,1.0,1.0,81.0,72.0,58.0,49.0,0.6313017751479291,0.6340453813381499,0.1773485943876303,
madelon,MLP,Select Percentile (MI) + Scaling,6,True,7.390395000002172,0.0233558999971137,,,1170.0,1170.0,0.0,0.0,1.0,1.0,1.0,84.0,80.0,50.0,46.0,0.6601775147928994,0.6114061568957533,0.261662354705779,
madelon,MLP,Select Percentile (MI) + Scaling,7,True,7.881182099998114,0.0110848000003898,,,1170.0,1170.0,0.0,0.0,1.0,1.0,1.0,83.0,82.0,48.0,47.0,0.6707692307692309,0.6619688295793608,0.2692387349916548,
madelon,MLP,Select Percentile (MI) + Scaling,8,True,7.679678099997545,0.0190333999998983,,,1170.0,1170.0,0.0,0.0,1.0,1.0,1.0,71.0,71.0,59.0,59.0,0.5740236686390533,0.5698163780161503,0.0923076923076923,
madelon,MLP,Select Percentile (MI) + Scaling,9,True,7.822970100001839,0.0191750000012689,,,1170.0,1170.0,0.0,0.0,1.0,1.0,1.0,82.0,75.0,55.0,48.0,0.6262130177514793,0.6174107433990367,0.2079940564193746,
madelon,MLP,Select Percentile (MI) + Scaling,10,True,7.827872200003185,0.0182440000025962,,,1170.0,1170.0,0.0,0.0,1.0,1.0,1.0,73.0,67.0,63.0,57.0,0.5459763313609467,0.5503818030536066,0.0770051379542121,
madelon,MLP,Random Undersampling,1,True,0.8824311999997008,0.0192963000008603,57.09162712097168,1.584214210510254,619.0,685.0,485.0,551.0,0.5645664402074658,0.54835662079736,0.1147125743750869,64.0,71.0,59.0,66.0,0.5433136094674557,0.56432098125662,0.0385174178554397,
madelon,MLP,Random Undersampling,2,True,1.4155117999980575,0.0229129999970609,,,942.0,306.0,864.0,228.0,0.5614489736284608,0.5436692072675269,0.079426440706921,104.0,35.0,95.0,26.0,0.5616863905325443,0.5497861352150248,0.081686643959105,
madelon,MLP,Random Undersampling,3,True,1.2934634999983246,0.0282193999992159,,,1170.0,0.0,1170.0,0.0,0.502991452991453,0.5015002143163309,0.0,130.0,0.0,130.0,0.0,0.5,0.5,0.0,
madelon,MLP,Random Undersampling,4,True,2.111318900002516,0.0156687000016972,,,882.0,409.0,761.0,288.0,0.5900566148002045,0.5681107902593212,0.1130707309131683,95.0,34.0,96.0,35.0,0.495414201183432,0.5192924143775628,-0.0087108146129326,
madelon,MLP,Random Undersampling,5,True,1.668084100001579,0.0156379000000015,,,772.0,492.0,678.0,398.0,0.5581718898385565,0.5446145440488446,0.0827463506337307,86.0,63.0,67.0,44.0,0.5724260355029587,0.5401893714972277,0.148496424456876,
madelon,MLP,Random Undersampling,6,True,1.6074675999989267,0.0198691000005055,,,366.0,891.0,279.0,804.0,0.5703418803418803,0.5569497962361188,0.083205980756116,45.0,95.0,35.0,85.0,0.5576331360946746,0.5456685290214526,0.0833333333333333,
madelon,MLP,Random Undersampling,7,True,1.4291758999970623,0.0311368000002403,,,17.0,1163.0,7.0,1153.0,0.5653919205201257,0.5572181460856755,0.0424155498799406,0.0,130.0,0.0,130.0,0.5675147928994083,0.5485414968495278,0.0,
madelon,MLP,Random Undersampling,8,True,1.9286280999986047,0.0239389000016672,,,1170.0,0.0,1170.0,0.0,0.5004273504273504,0.500213766566909,0.0,130.0,0.0,130.0,0.0,0.5,0.5,0.0,
madelon,MLP,Random Undersampling,9,True,1.956517900001927,0.0243790999993507,,,1168.0,7.0,1163.0,2.0,0.5292680254218716,0.515196701217499,0.0345205425556222,130.0,1.0,129.0,0.0,0.5152071005917159,0.508147383429387,0.06213697660012,
madelon,MLP,Random Undersampling,10,True,1.5672383999990416,0.0299417999995057,,,510.0,770.0,400.0,660.0,0.5617722258747899,0.5506793586592547,0.0964281800812321,56.0,78.0,52.0,74.0,0.5314792899408285,0.5100810294779703,0.0312195270527231,
madelon,MLP,Random Undersampling + Scaling,1,True,2.0296367000009923,0.0289190000003145,57.0930118560791,1.5972328186035156,1170.0,1170.0,0.0,0.0,1.0,1.0,1.0,71.0,77.0,53.0,59.0,0.5989940828402367,0.5815448194366747,0.1386092483175819,
madelon,MLP,Random Undersampling + Scaling,2,True,4.776251599996613,0.0291073999978834,,,1170.0,1170.0,0.0,0.0,1.0,1.0,1.0,69.0,83.0,47.0,61.0,0.6027810650887574,0.6235504458802056,0.1702207266622975,
madelon,MLP,Random Undersampling + Scaling,3,True,5.157727699999668,0.0311899000007542,,,1170.0,1170.0,0.0,0.0,1.0,1.0,1.0,82.0,72.0,58.0,48.0,0.6046745562130178,0.5875523204613329,0.1851640199545103,
madelon,MLP,Random Undersampling + Scaling,4,True,5.237043500001164,0.0167103999992832,,,1170.0,1170.0,0.0,0.0,1.0,1.0,1.0,72.0,72.0,58.0,58.0,0.5752662721893491,0.5669179321170832,0.1076923076923077,
madelon,MLP,Random Undersampling + Scaling,5,True,5.053467899997486,0.0360861000008299,,,1170.0,1170.0,0.0,0.0,1.0,1.0,1.0,84.0,76.0,54.0,46.0,0.6407692307692309,0.6079370222307683,0.2312074352574283,
madelon,MLP,Random Undersampling + Scaling,6,True,5.158175799999299,0.0309145000028365,,,1170.0,1170.0,0.0,0.0,1.0,1.0,1.0,67.0,82.0,48.0,63.0,0.6210059171597633,0.6360476999097264,0.1471365876058495,
madelon,MLP,Random Undersampling + Scaling,7,True,5.418159000000742,0.0155586000000766,,,1170.0,1170.0,0.0,0.0,1.0,1.0,1.0,83.0,76.0,54.0,47.0,0.6405325443786982,0.6401134256124555,0.2234010235615505,
madelon,MLP,Random Undersampling + Scaling,8,True,5.069324299998698,0.0310965999997279,,,1170.0,1170.0,0.0,0.0,1.0,1.0,1.0,72.0,80.0,50.0,58.0,0.5825443786982248,0.5862544916382453,0.1695521191887807,
madelon,MLP,Random Undersampling + Scaling,9,True,5.187014600000111,0.0259043000005476,,,1170.0,1170.0,0.0,0.0,1.0,1.0,1.0,73.0,77.0,53.0,57.0,0.5873372781065088,0.5881470492375167,0.15391903217987,
madelon,MLP,Random Undersampling + Scaling,10,True,5.195980099997541,0.0157709999984945,,,1170.0,1170.0,0.0,0.0,1.0,1.0,1.0,64.0,68.0,62.0,66.0,0.5729585798816568,0.5907523103430772,0.015391903217987,
madelon,XGBoost,Baseline,1,,3.0617176000014297,0.0308327999991888,57.08977508544922,0.2756919860839844,1170.0,1170.0,0.0,0.0,1.0,1.0,1.0,104.0,104.0,26.0,26.0,0.8536686390532545,0.8396761446000486,0.6,
madelon,XGBoost,Baseline,2,,5.851861900002405,0.0280251000003772,,,1170.0,1170.0,0.0,0.0,1.0,1.0,1.0,114.0,107.0,23.0,16.0,0.9075739644970414,0.8718650216116348,0.7010170049690035,
madelon,XGBoost,Baseline,3,,5.987591400000383,0.0229179000016301,,,1170.0,1170.0,0.0,0.0,1.0,1.0,1.0,112.0,103.0,27.0,18.0,0.9007100591715976,0.9005588279043977,0.6554187183890685,
madelon,XGBoost,Baseline,4,,6.079314099999465,0.0234762000000046,,,1170.0,1170.0,0.0,0.0,1.0,1.0,1.0,105.0,102.0,28.0,25.0,0.880828402366864,0.8746016393731568,0.5924654703943637,
madelon,XGBoost,Baseline,5,,6.177383900001587,0.018978000000061,,,1170.0,1170.0,0.0,0.0,1.0,1.0,1.0,112.0,112.0,18.0,18.0,0.9276923076923076,0.933050449885544,0.7230769230769231,
madelon,XGBoost,Baseline,6,,6.116873200000555,0.0283400000007532,,,1170.0,1170.0,0.0,0.0,1.0,1.0,1.0,108.0,104.0,26.0,22.0,0.8997633136094675,0.8914864008736922,0.6310680319374671,
madelon,XGBoost,Baseline,7,,6.23362040000211,0.015493900002184,,,1170.0,1170.0,0.0,0.0,1.0,1.0,1.0,111.0,101.0,29.0,19.0,0.8981065088757397,0.8993108397701657,0.6326437348445769,
madelon,XGBoost,Baseline,8,,6.111177899998438,0.0273901000000478,,,1170.0,1170.0,0.0,0.0,1.0,1.0,1.0,104.0,102.0,28.0,26.0,0.8628402366863905,0.8437441376389524,0.5846845821518305,
madelon,XGBoost,Baseline,9,,5.981767999997828,0.0410633999999845,,,1170.0,1170.0,0.0,0.0,1.0,1.0,1.0,107.0,113.0,17.0,23.0,0.9052662721893492,0.9003979774662669,0.6930462415879095,
madelon,XGBoost,Baseline,10,,6.068192599999748,0.0201010999990103,,,1170.0,1170.0,0.0,0.0,1.0,1.0,1.0,106.0,104.0,26.0,24.0,0.8805917159763313,0.8539384063547427,0.6154574548966637,
madelon,XGBoost,Standard Scaling,1,,3.079526600002282,0.033065899999201,57.09476852416992,0.2892379760742187,1170.0,1170.0,0.0,0.0,1.0,1.0,1.0,104.0,104.0,26.0,26.0,0.8536686390532545,0.8396761446000486,0.6,
madelon,XGBoost,Standard Scaling,2,,6.006873900001665,0.0325631000014254,,,1170.0,1170.0,0.0,0.0,1.0,1.0,1.0,114.0,107.0,23.0,16.0,0.9075739644970414,0.8718650216116348,0.7010170049690035,
madelon,XGBoost,Standard Scaling,3,,6.172506399998383,0.0310150000004796,,,1170.0,1170.0,0.0,0.0,1.0,1.0,1.0,112.0,103.0,27.0,18.0,0.9007100591715976,0.9005588279043977,0.6554187183890685,
madelon,XGBoost,Standard Scaling,4,,6.003694200000609,0.0384630000007746,,,1170.0,1170.0,0.0,0.0,1.0,1.0,1.0,105.0,102.0,28.0,25.0,0.880828402366864,0.8746016393731568,0.5924654703943637,
madelon,XGBoost,Standard Scaling,5,,6.068195299998479,0.0348468000011052,,,1170.0,1170.0,0.0,0.0,1.0,1.0,1.0,112.0,112.0,18.0,18.0,0.9276923076923076,0.933050449885544,0.7230769230769231,
madelon,XGBoost,Standard Scaling,6,,5.921065099999396,0.0295061000033456,,,1170.0,1170.0,0.0,0.0,1.0,1.0,1.0,108.0,104.0,26.0,22.0,0.8997633136094675,0.8914864008736922,0.6310680319374671,
madelon,XGBoost,Standard Scaling,7,,6.191254900000786,0.0200510999966354,,,1170.0,1170.0,0.0,0.0,1.0,1.0,1.0,111.0,101.0,29.0,19.0,0.8981065088757397,0.8993108397701657,0.6326437348445769,
madelon,XGBoost,Standard Scaling,8,,6.151475899998331,0.0305977999996684,,,1170.0,1170.0,0.0,0.0,1.0,1.0,1.0,104.0,102.0,28.0,26.0,0.8628402366863905,0.8437441376389524,0.5846845821518305,
madelon,XGBoost,Standard Scaling,9,,6.268310700001166,0.0156026999975438,,,1170.0,1170.0,0.0,0.0,1.0,1.0,1.0,107.0,113.0,17.0,23.0,0.9052662721893492,0.9003979774662669,0.6930462415879095,
madelon,XGBoost,Standard Scaling,10,,6.147287200001301,0.02676540000175,,,1170.0,1170.0,0.0,0.0,1.0,1.0,1.0,106.0,104.0,26.0,24.0,0.8805917159763313,0.8539384063547427,0.6154574548966637,
madelon,XGBoost,MinMax Scaling,1,,3.052092999998422,0.0330217000009724,57.09111785888672,0.2969198226928711,1170.0,1170.0,0.0,0.0,1.0,1.0,1.0,104.0,104.0,26.0,26.0,0.8536686390532545,0.8396761446000486,0.6,
madelon,XGBoost,MinMax Scaling,2,,5.90316779999921,0.0322613999996974,,,1170.0,1170.0,0.0,0.0,1.0,1.0,1.0,114.0,107.0,23.0,16.0,0.9075739644970414,0.8718650216116348,0.7010170049690035,
madelon,XGBoost,MinMax Scaling,3,,6.0754144999991695,0.0302663999973447,,,1170.0,1170.0,0.0,0.0,1.0,1.0,1.0,112.0,103.0,27.0,18.0,0.9007100591715976,0.9005588279043977,0.6554187183890685,
madelon,XGBoost,MinMax Scaling,4,,6.147271999998338,0.0296041000001423,,,1170.0,1170.0,0.0,0.0,1.0,1.0,1.0,105.0,102.0,28.0,25.0,0.880828402366864,0.8746016393731568,0.5924654703943637,
madelon,XGBoost,MinMax Scaling,5,,6.02607849999913,0.0286024999986693,,,1170.0,1170.0,0.0,0.0,1.0,1.0,1.0,112.0,112.0,18.0,18.0,0.9276923076923076,0.933050449885544,0.7230769230769231,
madelon,XGBoost,MinMax Scaling,6,,6.105525700000726,0.0261188999975274,,,1170.0,1170.0,0.0,0.0,1.0,1.0,1.0,108.0,104.0,26.0,22.0,0.8997633136094675,0.8914864008736922,0.6310680319374671,
madelon,XGBoost,MinMax Scaling,7,,6.077623799999856,0.0247664000016811,,,1170.0,1170.0,0.0,0.0,1.0,1.0,1.0,111.0,101.0,29.0,19.0,0.8981065088757397,0.8993108397701657,0.6326437348445769,
madelon,XGBoost,MinMax Scaling,8,,6.019908899997972,0.0251027999984216,,,1170.0,1170.0,0.0,0.0,1.0,1.0,1.0,104.0,102.0,28.0,26.0,0.8628402366863905,0.8437441376389524,0.5846845821518305,
madelon,XGBoost,MinMax Scaling,9,,6.226176500000292,0.0162743000000773,,,1170.0,1170.0,0.0,0.0,1.0,1.0,1.0,107.0,113.0,17.0,23.0,0.9052662721893492,0.9003979774662669,0.6930462415879095,
madelon,XGBoost,MinMax Scaling,10,,6.197809999997844,0.0162157000013394,,,1170.0,1170.0,0.0,0.0,1.0,1.0,1.0,106.0,104.0,26.0,24.0,0.8805917159763313,0.8539384063547427,0.6154574548966637,
madelon,XGBoost,IQR Capping,1,,4.508681299997988,0.3531564000004437,57.09125518798828,0.2917814254760742,1170.0,1170.0,0.0,0.0,1.0,1.0,1.0,103.0,101.0,29.0,27.0,0.8525443786982249,0.8391901050170273,0.5692981457794138,
madelon,XGBoost,IQR Capping,2,,6.50949860000037,0.5002457999980834,,,1170.0,1170.0,0.0,0.0,1.0,1.0,1.0,115.0,108.0,22.0,15.0,0.9181065088757396,0.8915497969194933,0.7164239721111795,
madelon,XGBoost,IQR Capping,3,,6.42405719999806,0.5334261000025435,,,1170.0,1170.0,0.0,0.0,1.0,1.0,1.0,112.0,105.0,25.0,18.0,0.8897041420118343,0.8839350004212253,0.6702030706846517,
madelon,XGBoost,IQR Capping,4,,6.489687799999956,0.4898439000025973,,,1170.0,1170.0,0.0,0.0,1.0,1.0,1.0,100.0,103.0,27.0,30.0,0.8743786982248521,0.8741163748080811,0.5616880433608903,
madelon,XGBoost,IQR Capping,5,,6.375531600002432,0.5158196999982465,,,1170.0,1170.0,0.0,0.0,1.0,1.0,1.0,111.0,110.0,20.0,19.0,0.9198224852071006,0.9200441165905544,0.7000207109783024,
madelon,XGBoost,IQR Capping,6,,6.272640899998805,0.541183599998476,,,1170.0,1170.0,0.0,0.0,1.0,1.0,1.0,108.0,105.0,25.0,22.0,0.891656804733728,0.894990884081785,0.6386316109445739,
madelon,XGBoost,IQR Capping,7,,6.349038199998176,0.5082622000008996,,,1170.0,1170.0,0.0,0.0,1.0,1.0,1.0,106.0,109.0,21.0,24.0,0.8998224852071006,0.8865754332302883,0.6540203244613105,
madelon,XGBoost,IQR Capping,8,,6.486669900001289,0.5016520999997738,,,1170.0,1170.0,0.0,0.0,1.0,1.0,1.0,102.0,101.0,29.0,28.0,0.8591124260355031,0.8426621141672993,0.5615550758397371,
madelon,XGBoost,IQR Capping,9,,6.262261399999261,0.4683088999991014,,,1170.0,1170.0,0.0,0.0,1.0,1.0,1.0,99.0,107.0,23.0,31.0,0.8941420118343195,0.9028049916720612,0.5857255026521516,
madelon,XGBoost,IQR Capping,10,,6.451284200000373,0.4842308000006596,,,1170.0,1170.0,0.0,0.0,1.0,1.0,1.0,105.0,101.0,29.0,25.0,0.8607692307692308,0.8408805432969695,0.5848923222835061,
madelon,XGBoost,IQR Capping + Scaling,1,,4.488594500002364,0.3631211000028997,57.092716217041016,0.3053274154663086,1170.0,1170.0,0.0,0.0,1.0,1.0,1.0,103.0,101.0,29.0,27.0,0.8525443786982249,0.8391901050170273,0.5692981457794138,
madelon,XGBoost,IQR Capping + Scaling,2,,6.3469823000014,0.5076933999989706,,,1170.0,1170.0,0.0,0.0,1.0,1.0,1.0,115.0,108.0,22.0,15.0,0.9181065088757396,0.8915497969194933,0.7164239721111795,
madelon,XGBoost,IQR Capping + Scaling,3,,6.154234100002213,0.4816677999988314,,,1170.0,1170.0,0.0,0.0,1.0,1.0,1.0,112.0,105.0,25.0,18.0,0.8897041420118343,0.8839350004212253,0.6702030706846517,
madelon,XGBoost,IQR Capping + Scaling,4,,6.441380199998093,0.479833299999882,,,1170.0,1170.0,0.0,0.0,1.0,1.0,1.0,100.0,103.0,27.0,30.0,0.8743786982248521,0.8741163748080811,0.5616880433608903,
madelon,XGBoost,IQR Capping + Scaling,5,,6.494970700001431,0.4241433999995934,,,1170.0,1170.0,0.0,0.0,1.0,1.0,1.0,111.0,110.0,20.0,19.0,0.9198224852071006,0.9200441165905544,0.7000207109783024,
madelon,XGBoost,IQR Capping + Scaling,6,,6.320117100000061,0.4793179999978747,,,1170.0,1170.0,0.0,0.0,1.0,1.0,1.0,108.0,105.0,25.0,22.0,0.891656804733728,0.894990884081785,0.6386316109445739,
madelon,XGBoost,IQR Capping + Scaling,7,,6.40400740000041,0.5190411000003223,,,1170.0,1170.0,0.0,0.0,1.0,1.0,1.0,106.0,109.0,21.0,24.0,0.8998224852071006,0.8865754332302883,0.6540203244613105,
madelon,XGBoost,IQR Capping + Scaling,8,,6.407917000000452,0.4818498999993608,,,1170.0,1170.0,0.0,0.0,1.0,1.0,1.0,102.0,101.0,29.0,28.0,0.8591124260355031,0.8426621141672993,0.5615550758397371,
madelon,XGBoost,IQR Capping + Scaling,9,,6.494695400000637,0.4984129000004031,,,1170.0,1170.0,0.0,0.0,1.0,1.0,1.0,99.0,107.0,23.0,31.0,0.8941420118343195,0.9028049916720612,0.5857255026521516,
madelon,XGBoost,IQR Capping + Scaling,10,,6.294145500000013,0.4958447999997588,,,1170.0,1170.0,0.0,0.0,1.0,1.0,1.0,105.0,101.0,29.0,25.0,0.8607692307692308,0.8408805432969695,0.5848923222835061,
madelon,XGBoost,IQR Removal,1,,1.99627959999998,0.031176399999822,57.09131622314453,0.1120462417602539,841.0,341.0,829.0,329.0,0.5173233983490393,0.5198829290386702,0.0113445065218434,95.0,29.0,101.0,35.0,0.4671005917159763,0.4966920547875171,-0.0535714285714285,
madelon,XGBoost,IQR Removal,2,,2.767837699997472,0.0275018000029376,,,674.0,485.0,685.0,496.0,0.4926488421360216,0.4958728192418991,-0.0095268308229187,75.0,51.0,79.0,55.0,0.5065680473372782,0.5171778637768528,-0.0313073781008271,
madelon,XGBoost,IQR Removal,3,,2.7278779999978724,0.0182193000000552,,,473.0,728.0,442.0,697.0,0.5254310029951056,0.5263031568094205,0.0271483671964666,52.0,76.0,54.0,78.0,0.4937869822485207,0.4977863271137522,-0.0156536890504135,
madelon,XGBoost,IQR Removal,4,,2.732132199998887,0.0344731000004685,,,815.0,352.0,818.0,355.0,0.493738768354153,0.4979563803279944,-0.0027920195533284,85.0,38.0,92.0,45.0,0.4693491124260355,0.4667988516742609,-0.0577527090265444,
madelon,XGBoost,IQR Removal,5,,2.840421300003072,0.0166394999978365,,,635.0,663.0,507.0,535.0,0.5763463364745416,0.5667802068491102,0.1094330512820446,70.0,73.0,57.0,60.0,0.5753846153846155,0.5760566252886343,0.1000266378587886,
madelon,XGBoost,IQR Removal,6,,2.754907999998977,0.0278556000012031,,,527.0,715.0,455.0,643.0,0.5384030973774563,0.538601325666404,0.062348623179781,53.0,64.0,66.0,77.0,0.4516863905325444,0.4587495223744739,-0.1003599220404428,
madelon,XGBoost,IQR Removal,7,,2.727603800001816,0.0201993000009679,,,737.0,488.0,682.0,433.0,0.5512681715245817,0.5558903720537818,0.0481107000919787,86.0,56.0,74.0,44.0,0.5486686390532545,0.5416683309973983,0.0948683298050513,
madelon,XGBoost,IQR Removal,8,,2.8005154999991646,0.0274342999982764,,,613.0,549.0,621.0,557.0,0.5033892176199869,0.5001161082944665,-0.0068478595390222,66.0,55.0,75.0,64.0,0.4361538461538461,0.4795193832042203,-0.0694799460279988,
madelon,XGBoost,IQR Removal,9,,2.834770599998592,0.0152099000006273,,,914.0,300.0,870.0,256.0,0.532949448462269,0.5239714366642475,0.0441792008446252,99.0,29.0,101.0,31.0,0.4780473372781064,0.4873577855467254,-0.0182574185835055,
madelon,XGBoost,IQR Removal,10,,2.7662662000002456,0.0167961000006471,,,559.0,804.0,366.0,611.0,0.6051176126817153,0.6035499240280972,0.1686973353269797,62.0,86.0,44.0,68.0,0.594585798816568,0.5537030518540804,0.140883201453722,
madelon,XGBoost,IQR Removal + Scaling,1,,2.0315651999990223,0.0333749999990686,57.092729568481445,0.1255836486816406,841.0,341.0,829.0,329.0,0.5173233983490393,0.5198829290386702,0.0113445065218434,95.0,29.0,101.0,35.0,0.4671005917159763,0.4966920547875171,-0.0535714285714285,
madelon,XGBoost,IQR Removal + Scaling,2,,2.837766500000725,0.0297710999984701,,,674.0,485.0,685.0,496.0,0.4926488421360216,0.4958728192418991,-0.0095268308229187,75.0,51.0,79.0,55.0,0.5065680473372782,0.5171778637768528,-0.0313073781008271,
madelon,XGBoost,IQR Removal + Scaling,3,,2.839259699998365,0.0314882999991823,,,473.0,728.0,442.0,697.0,0.5254310029951056,0.5263031568094205,0.0271483671964666,52.0,76.0,54.0,78.0,0.4937869822485207,0.4977863271137522,-0.0156536890504135,
madelon,XGBoost,IQR Removal + Scaling,4,,2.7483259000000544,0.0321125000009487,,,815.0,352.0,818.0,355.0,0.493738768354153,0.4979563803279944,-0.0027920195533284,85.0,38.0,92.0,45.0,0.4693491124260355,0.4667988516742609,-0.0577527090265444,
madelon,XGBoost,IQR Removal + Scaling,5,,2.781339899996965,0.0210287000008975,,,635.0,663.0,507.0,535.0,0.5763463364745416,0.5667802068491102,0.1094330512820446,70.0,73.0,57.0,60.0,0.5753846153846155,0.5760566252886343,0.1000266378587886,
madelon,XGBoost,IQR Removal + Scaling,6,,2.7659006000030786,0.031184999999823,,,527.0,715.0,455.0,643.0,0.5384030973774563,0.538601325666404,0.062348623179781,53.0,64.0,66.0,77.0,0.4516863905325444,0.4587495223744739,-0.1003599220404428,
madelon,XGBoost,IQR Removal + Scaling,7,,2.7324383000013768,0.0358358999983465,,,737.0,488.0,682.0,433.0,0.5512681715245817,0.5558903720537818,0.0481107000919787,86.0,56.0,74.0,44.0,0.5486686390532545,0.5416683309973983,0.0948683298050513,
madelon,XGBoost,IQR Removal + Scaling,8,,2.8061770999993314,0.0279749000001174,,,613.0,549.0,621.0,557.0,0.5033892176199869,0.5001161082944665,-0.0068478595390222,66.0,55.0,75.0,64.0,0.4361538461538461,0.4795193832042203,-0.0694799460279988,
madelon,XGBoost,IQR Removal + Scaling,9,,2.8249394000013126,0.0244060000004537,,,914.0,300.0,870.0,256.0,0.532949448462269,0.5239714366642475,0.0441792008446252,99.0,29.0,101.0,31.0,0.4780473372781064,0.4873577855467254,-0.0182574185835055,
madelon,XGBoost,IQR Removal + Scaling,10,,2.7841363999978057,0.0235007000010227,,,559.0,804.0,366.0,611.0,0.6051176126817153,0.6035499240280972,0.1686973353269797,62.0,86.0,44.0,68.0,0.594585798816568,0.5537030518540804,0.140883201453722,
madelon,XGBoost,Yeo-Johnson,1,,7.660677799998666,0.0444247999985236,57.09130668640137,0.2791633605957031,1170.0,1170.0,0.0,0.0,1.0,1.0,1.0,114.0,100.0,30.0,16.0,0.8626035502958579,0.829841362689037,0.6499336836196816,
madelon,XGBoost,Yeo-Johnson,2,,7.535732499996811,0.0314017000018793,,,1170.0,1170.0,0.0,0.0,1.0,1.0,1.0,115.0,106.0,24.0,15.0,0.9018343195266272,0.8617336636524959,0.7016835690988851,
madelon,XGBoost,Yeo-Johnson,3,,8.099813700002414,0.0268828000007488,,,1170.0,1170.0,0.0,0.0,1.0,1.0,1.0,107.0,103.0,27.0,23.0,0.8945562130177516,0.901711925270788,0.6156761287194801,
madelon,XGBoost,Yeo-Johnson,4,,7.770499700000073,0.045132300001569,,,1170.0,1170.0,0.0,0.0,1.0,1.0,1.0,102.0,103.0,27.0,28.0,0.8666863905325444,0.8425876581009076,0.5769401464106888,
madelon,XGBoost,Yeo-Johnson,5,,7.628558599997632,0.0375544000016816,,,1170.0,1170.0,0.0,0.0,1.0,1.0,1.0,114.0,113.0,17.0,16.0,0.9306508875739644,0.9345516903340164,0.7461759226911575,
madelon,XGBoost,Yeo-Johnson,6,,7.57970849999765,0.058373500000016,,,1170.0,1170.0,0.0,0.0,1.0,1.0,1.0,106.0,103.0,27.0,24.0,0.890059171597633,0.8987455396606228,0.6078541839111004,
madelon,XGBoost,Yeo-Johnson,7,,7.743973600001482,0.0423821999975189,,,1170.0,1170.0,0.0,0.0,1.0,1.0,1.0,115.0,102.0,28.0,15.0,0.9031952662721892,0.9115970967174338,0.6726022302119342,
madelon,XGBoost,Yeo-Johnson,8,,7.762054499999067,0.0474807999999029,,,1170.0,1170.0,0.0,0.0,1.0,1.0,1.0,107.0,96.0,34.0,23.0,0.8556804733727811,0.8289828347931174,0.563559562227102,
madelon,XGBoost,Yeo-Johnson,9,,7.85021880000204,0.0468428999993193,,,1170.0,1170.0,0.0,0.0,1.0,1.0,1.0,106.0,115.0,15.0,24.0,0.9009467455621302,0.9020364028320524,0.7016835690988851,
madelon,XGBoost,Yeo-Johnson,10,,8.005542800001422,0.0264174000003549,,,1170.0,1170.0,0.0,0.0,1.0,1.0,1.0,106.0,105.0,25.0,24.0,0.8862721893491124,0.8743976992839684,0.6230953581235439,
madelon,XGBoost,Yeo-Johnson + Scaling,1,,7.218991100002313,0.046170899997378,57.09262657165527,0.2932243347167969,1170.0,1170.0,0.0,0.0,1.0,1.0,1.0,104.0,104.0,26.0,26.0,0.8536686390532545,0.8396761446000486,0.6,
madelon,XGBoost,Yeo-Johnson + Scaling,2,,7.998473400002695,0.0522686000003886,,,1170.0,1170.0,0.0,0.0,1.0,1.0,1.0,114.0,107.0,23.0,16.0,0.9075739644970414,0.8718650216116348,0.7010170049690035,
madelon,XGBoost,Yeo-Johnson + Scaling,3,,7.659857899998315,0.033652100002655,,,1170.0,1170.0,0.0,0.0,1.0,1.0,1.0,112.0,103.0,27.0,18.0,0.9007100591715976,0.9005588279043977,0.6554187183890685,
madelon,XGBoost,Yeo-Johnson + Scaling,4,,8.03175199999896,0.0467681999980413,,,1170.0,1170.0,0.0,0.0,1.0,1.0,1.0,105.0,102.0,28.0,25.0,0.880828402366864,0.8746016393731568,0.5924654703943637,
madelon,XGBoost,Yeo-Johnson + Scaling,5,,7.584637699997984,0.0390404999998281,,,1170.0,1170.0,0.0,0.0,1.0,1.0,1.0,112.0,112.0,18.0,18.0,0.9276923076923076,0.933050449885544,0.7230769230769231,
madelon,XGBoost,Yeo-Johnson + Scaling,6,,7.521852499998204,0.0508167000007233,,,1170.0,1170.0,0.0,0.0,1.0,1.0,1.0,108.0,104.0,26.0,22.0,0.8997633136094675,0.8914864008736922,0.6310680319374671,
madelon,XGBoost,Yeo-Johnson + Scaling,7,,8.016892999999982,0.034693800000241,,,1170.0,1170.0,0.0,0.0,1.0,1.0,1.0,111.0,101.0,29.0,19.0,0.8981065088757397,0.8993108397701657,0.6326437348445769,
madelon,XGBoost,Yeo-Johnson + Scaling,8,,7.847182399997109,0.05061299999943,,,1170.0,1170.0,0.0,0.0,1.0,1.0,1.0,104.0,102.0,28.0,26.0,0.8628402366863905,0.8437441376389524,0.5846845821518305,
madelon,XGBoost,Yeo-Johnson + Scaling,9,,7.981711100001121,0.0496258000021043,,,1170.0,1170.0,0.0,0.0,1.0,1.0,1.0,107.0,113.0,17.0,23.0,0.9052662721893492,0.9003979774662669,0.6930462415879095,
madelon,XGBoost,Yeo-Johnson + Scaling,10,,7.909428999999363,0.0366193999980168,,,1170.0,1170.0,0.0,0.0,1.0,1.0,1.0,106.0,104.0,26.0,24.0,0.8805917159763313,0.8539384063547427,0.6154574548966637,
madelon,XGBoost,Quantile Transform,1,,4.808950899998308,0.1688664000030257,57.09126091003418,4.10008716583252,1170.0,1170.0,0.0,0.0,1.0,1.0,1.0,104.0,104.0,26.0,26.0,0.8536686390532545,0.8396761446000486,0.6,
madelon,XGBoost,Quantile Transform,2,,8.224375799996778,0.2354125000019848,,,1170.0,1170.0,0.0,0.0,1.0,1.0,1.0,114.0,107.0,23.0,16.0,0.9075739644970414,0.8718650216116348,0.7010170049690035,
madelon,XGBoost,Quantile Transform,3,,8.158830199998192,0.2136825999987195,,,1170.0,1170.0,0.0,0.0,1.0,1.0,1.0,112.0,103.0,27.0,18.0,0.9007100591715976,0.9005588279043977,0.6554187183890685,
madelon,XGBoost,Quantile Transform,4,,7.897054299999581,0.232301500000176,,,1170.0,1170.0,0.0,0.0,1.0,1.0,1.0,105.0,102.0,28.0,25.0,0.880828402366864,0.8746016393731568,0.5924654703943637,
madelon,XGBoost,Quantile Transform,5,,8.212956100000156,0.2060371000006853,,,1170.0,1170.0,0.0,0.0,1.0,1.0,1.0,112.0,112.0,18.0,18.0,0.9276923076923076,0.933050449885544,0.7230769230769231,
madelon,XGBoost,Quantile Transform,6,,8.301842900000338,0.1849441999984264,,,1170.0,1170.0,0.0,0.0,1.0,1.0,1.0,108.0,104.0,26.0,22.0,0.8997633136094675,0.8914864008736922,0.6310680319374671,
madelon,XGBoost,Quantile Transform,7,,8.154750199999398,0.2348416999993787,,,1170.0,1170.0,0.0,0.0,1.0,1.0,1.0,111.0,101.0,29.0,19.0,0.8981065088757397,0.8993108397701657,0.6326437348445769,
madelon,XGBoost,Quantile Transform,8,,8.327555899999425,0.1890382999990834,,,1170.0,1170.0,0.0,0.0,1.0,1.0,1.0,104.0,102.0,28.0,26.0,0.8628402366863905,0.8437441376389524,0.5846845821518305,
madelon,XGBoost,Quantile Transform,9,,8.44300419999854,0.173620599998685,,,1170.0,1170.0,0.0,0.0,1.0,1.0,1.0,107.0,113.0,17.0,23.0,0.9052662721893492,0.9003979774662669,0.6930462415879095,
madelon,XGBoost,Quantile Transform,10,,8.146578500000032,0.2249080000001413,,,1170.0,1170.0,0.0,0.0,1.0,1.0,1.0,106.0,104.0,26.0,24.0,0.8805917159763313,0.8539384063547427,0.6154574548966637,
madelon,XGBoost,Quantile Transform + Scaling,1,,4.829472199999145,0.1726582000010239,57.09257888793945,4.111874580383301,1170.0,1170.0,0.0,0.0,1.0,1.0,1.0,104.0,104.0,26.0,26.0,0.8536686390532545,0.8396761446000486,0.6,
madelon,XGBoost,Quantile Transform + Scaling,2,,8.213976499999262,0.2265517000014369,,,1170.0,1170.0,0.0,0.0,1.0,1.0,1.0,114.0,107.0,23.0,16.0,0.9075739644970414,0.8718650216116348,0.7010170049690035,
madelon,XGBoost,Quantile Transform + Scaling,3,,8.256116200001998,0.2205537999980151,,,1170.0,1170.0,0.0,0.0,1.0,1.0,1.0,112.0,103.0,27.0,18.0,0.9007100591715976,0.9005588279043977,0.6554187183890685,
madelon,XGBoost,Quantile Transform + Scaling,4,,8.24743540000054,0.2214750999992247,,,1170.0,1170.0,0.0,0.0,1.0,1.0,1.0,105.0,102.0,28.0,25.0,0.880828402366864,0.8746016393731568,0.5924654703943637,
madelon,XGBoost,Quantile Transform + Scaling,5,,7.929085499999928,0.2296013999985007,,,1170.0,1170.0,0.0,0.0,1.0,1.0,1.0,112.0,112.0,18.0,18.0,0.9276923076923076,0.933050449885544,0.7230769230769231,
madelon,XGBoost,Quantile Transform + Scaling,6,,7.938819299997704,0.2237339000021165,,,1170.0,1170.0,0.0,0.0,1.0,1.0,1.0,108.0,104.0,26.0,22.0,0.8997633136094675,0.8914864008736922,0.6310680319374671,
madelon,XGBoost,Quantile Transform + Scaling,7,,8.371561400002975,0.1949812000020756,,,1170.0,1170.0,0.0,0.0,1.0,1.0,1.0,111.0,101.0,29.0,19.0,0.8981065088757397,0.8993108397701657,0.6326437348445769,
madelon,XGBoost,Quantile Transform + Scaling,8,,8.176525400001992,0.2313937999970221,,,1170.0,1170.0,0.0,0.0,1.0,1.0,1.0,104.0,102.0,28.0,26.0,0.8628402366863905,0.8437441376389524,0.5846845821518305,
madelon,XGBoost,Quantile Transform + Scaling,9,,8.308497400001215,0.1955584000024828,,,1170.0,1170.0,0.0,0.0,1.0,1.0,1.0,107.0,113.0,17.0,23.0,0.9052662721893492,0.9003979774662669,0.6930462415879095,
madelon,XGBoost,Quantile Transform + Scaling,10,,8.204438200002187,0.2205128999994485,,,1170.0,1170.0,0.0,0.0,1.0,1.0,1.0,106.0,104.0,26.0,24.0,0.8805917159763313,0.8539384063547427,0.6154574548966637,
madelon,XGBoost,Uniform Binning,1,,1.08581299999787,0.0354680000018561,57.09135055541992,0.3515520095825195,1170.0,1170.0,0.0,0.0,1.0,1.0,1.0,101.0,90.0,40.0,29.0,0.8137278106508875,0.8159776951068858,0.4709196341897702,
madelon,XGBoost,Uniform Binning,2,,0.8994574999996985,0.0316649999986111,,,1170.0,1170.0,0.0,0.0,1.0,1.0,1.0,93.0,96.0,34.0,37.0,0.8278698224852071,0.8219592703241736,0.4539670487437332,
madelon,XGBoost,Uniform Binning,3,,0.9012841999974626,0.0210172999977658,,,1170.0,1170.0,0.0,0.0,1.0,1.0,1.0,102.0,88.0,42.0,28.0,0.8153254437869824,0.8084881931863906,0.4642383454426297,
madelon,XGBoost,Uniform Binning,4,,0.8370740999998816,0.0377608999988297,,,1170.0,1170.0,0.0,0.0,1.0,1.0,1.0,89.0,80.0,50.0,41.0,0.7374556213017751,0.7329245285505519,0.3007215296138079,
madelon,XGBoost,Uniform Binning,5,,0.9588696999999228,0.0308208999995258,,,1170.0,1170.0,0.0,0.0,1.0,1.0,1.0,104.0,94.0,36.0,26.0,0.8301183431952663,0.8154151102071588,0.5246313898711126,
madelon,XGBoost,Uniform Binning,6,,0.9252123000005668,0.0319592999985616,,,1170.0,1170.0,0.0,0.0,1.0,1.0,1.0,103.0,92.0,38.0,27.0,0.8344378698224851,0.8339174106132152,0.5017996102022142,
madelon,XGBoost,Uniform Binning,7,,0.9408770999980334,0.0305118999967817,,,1170.0,1170.0,0.0,0.0,1.0,1.0,1.0,103.0,98.0,32.0,27.0,0.8523076923076923,0.8592344145977006,0.5465582548328457,
madelon,XGBoost,Uniform Binning,8,,0.9129695999981776,0.0306471000003512,,,1170.0,1170.0,0.0,0.0,1.0,1.0,1.0,90.0,98.0,32.0,40.0,0.7903550295857988,0.780672883274834,0.4470010414976947,
madelon,XGBoost,Uniform Binning,9,,0.8716156000009505,0.0205201000026136,,,1170.0,1170.0,0.0,0.0,1.0,1.0,1.0,91.0,98.0,32.0,39.0,0.8008875739644971,0.8028790013361506,0.4545055306941891,
madelon,XGBoost,Uniform Binning,10,,0.871157099998527,0.0293707999990147,,,1170.0,1170.0,0.0,0.0,1.0,1.0,1.0,104.0,94.0,36.0,26.0,0.8162130177514794,0.8055894349156235,0.5246313898711126,
madelon,XGBoost,Uniform Binning + Scaling,1,,1.1092587999992247,0.037770899998577,57.0926685333252,0.3633279800415039,1170.0,1170.0,0.0,0.0,1.0,1.0,1.0,101.0,90.0,40.0,29.0,0.8137278106508875,0.8159776951068858,0.4709196341897702,
madelon,XGBoost,Uniform Binning + Scaling,2,,0.9835736000022736,0.0260755000017525,,,1170.0,1170.0,0.0,0.0,1.0,1.0,1.0,93.0,96.0,34.0,37.0,0.8278698224852071,0.8219592703241736,0.4539670487437332,
madelon,XGBoost,Uniform Binning + Scaling,3,,0.9436093000003892,0.0351530000007187,,,1170.0,1170.0,0.0,0.0,1.0,1.0,1.0,102.0,88.0,42.0,28.0,0.8153254437869824,0.8084881931863906,0.4642383454426297,
madelon,XGBoost,Uniform Binning + Scaling,4,,0.9369229000003544,0.0342966999996861,,,1170.0,1170.0,0.0,0.0,1.0,1.0,1.0,89.0,80.0,50.0,41.0,0.7374556213017751,0.7329245285505519,0.3007215296138079,
madelon,XGBoost,Uniform Binning + Scaling,5,,0.981697899998835,0.0232423000015842,,,1170.0,1170.0,0.0,0.0,1.0,1.0,1.0,104.0,94.0,36.0,26.0,0.8301183431952663,0.8154151102071588,0.5246313898711126,
madelon,XGBoost,Uniform Binning + Scaling,6,,0.9792883000009168,0.035649999997986,,,1170.0,1170.0,0.0,0.0,1.0,1.0,1.0,103.0,92.0,38.0,27.0,0.8344378698224851,0.8339174106132152,0.5017996102022142,
madelon,XGBoost,Uniform Binning + Scaling,7,,0.9370885000025736,0.034862399999838,,,1170.0,1170.0,0.0,0.0,1.0,1.0,1.0,103.0,98.0,32.0,27.0,0.8523076923076923,0.8592344145977006,0.5465582548328457,
madelon,XGBoost,Uniform Binning + Scaling,8,,0.9761287000001176,0.0319885999997495,,,1170.0,1170.0,0.0,0.0,1.0,1.0,1.0,90.0,98.0,32.0,40.0,0.7903550295857988,0.780672883274834,0.4470010414976947,
madelon,XGBoost,Uniform Binning + Scaling,9,,0.9817863999996916,0.029949799998576,,,1170.0,1170.0,0.0,0.0,1.0,1.0,1.0,91.0,98.0,32.0,39.0,0.8008875739644971,0.8028790013361506,0.4545055306941891,
madelon,XGBoost,Uniform Binning + Scaling,10,,0.9552217999989808,0.0343398000004526,,,1170.0,1170.0,0.0,0.0,1.0,1.0,1.0,104.0,94.0,36.0,26.0,0.8162130177514794,0.8055894349156235,0.5246313898711126,
madelon,XGBoost,Quantile Binning,1,,1.316996300000028,0.0360680999983742,57.09135055541992,0.3654317855834961,1170.0,1170.0,0.0,0.0,1.0,1.0,1.0,96.0,98.0,32.0,34.0,0.8194674556213017,0.8230120722769324,0.4923659639173309,
madelon,XGBoost,Quantile Binning,2,,1.1166602000012062,0.0220971000017016,,,1170.0,1170.0,0.0,0.0,1.0,1.0,1.0,110.0,99.0,31.0,20.0,0.880414201183432,0.8821635089535389,0.609879526245768,
madelon,XGBoost,Quantile Binning,3,,1.0799251999997068,0.0302977999999711,,,1170.0,1170.0,0.0,0.0,1.0,1.0,1.0,109.0,96.0,34.0,21.0,0.8622485207100593,0.8483164087943564,0.5798295088033916,
madelon,XGBoost,Quantile Binning,4,,1.141262100001768,0.0290921999985585,,,1170.0,1170.0,0.0,0.0,1.0,1.0,1.0,97.0,96.0,34.0,33.0,0.8492899408284024,0.8374756476761074,0.4846297229849786,
madelon,XGBoost,Quantile Binning,5,,1.1003472000011243,0.0343972999980906,,,1170.0,1170.0,0.0,0.0,1.0,1.0,1.0,113.0,99.0,31.0,17.0,0.8905917159763314,0.8819128967342292,0.6344590721049272,
madelon,XGBoost,Quantile Binning,6,,1.0768520000019637,0.0353467999993881,,,1170.0,1170.0,0.0,0.0,1.0,1.0,1.0,104.0,99.0,31.0,26.0,0.8674556213017752,0.8494312405478186,0.5619542620112357,
madelon,XGBoost,Quantile Binning,7,,1.0153086999998775,0.0342609999970591,,,1170.0,1170.0,0.0,0.0,1.0,1.0,1.0,103.0,96.0,34.0,27.0,0.8593491124260355,0.8695557465364017,0.5315403664050686,
madelon,XGBoost,Quantile Binning,8,,1.114429500001279,0.0301686999991943,,,1170.0,1170.0,0.0,0.0,1.0,1.0,1.0,104.0,95.0,35.0,26.0,0.8424852071005917,0.836568343061262,0.5320457831628909,
madelon,XGBoost,Quantile Binning,9,,1.1125481999988551,0.0244859999984328,,,1170.0,1170.0,0.0,0.0,1.0,1.0,1.0,107.0,103.0,27.0,23.0,0.8736686390532545,0.8509876648618975,0.6156761287194801,
madelon,XGBoost,Quantile Binning,10,,1.0268094999992172,0.0280276000012236,,,1170.0,1170.0,0.0,0.0,1.0,1.0,1.0,101.0,101.0,29.0,29.0,0.8563905325443788,0.8376231008461333,0.5538461538461539,
madelon,XGBoost,Quantile Binning + Scaling,1,,1.3288277999999991,0.0384441000023798,57.09262466430664,0.3772077560424804,1170.0,1170.0,0.0,0.0,1.0,1.0,1.0,96.0,98.0,32.0,34.0,0.8194674556213017,0.8230120722769324,0.4923659639173309,
madelon,XGBoost,Quantile Binning + Scaling,2,,1.1325096000000483,0.0211189000001468,,,1170.0,1170.0,0.0,0.0,1.0,1.0,1.0,110.0,99.0,31.0,20.0,0.880414201183432,0.8821635089535389,0.609879526245768,
madelon,XGBoost,Quantile Binning + Scaling,3,,1.0913982999991276,0.0350579999976616,,,1170.0,1170.0,0.0,0.0,1.0,1.0,1.0,109.0,96.0,34.0,21.0,0.8622485207100593,0.8483164087943564,0.5798295088033916,
madelon,XGBoost,Quantile Binning + Scaling,4,,1.0164284000020416,0.0327213999989908,,,1170.0,1170.0,0.0,0.0,1.0,1.0,1.0,97.0,96.0,34.0,33.0,0.8492899408284024,0.8374756476761074,0.4846297229849786,
madelon,XGBoost,Quantile Binning + Scaling,5,,1.135862499999348,0.0352878999983659,,,1170.0,1170.0,0.0,0.0,1.0,1.0,1.0,113.0,99.0,31.0,17.0,0.8905917159763314,0.8819128967342292,0.6344590721049272,
madelon,XGBoost,Quantile Binning + Scaling,6,,1.0532179000001634,0.0397408999997423,,,1170.0,1170.0,0.0,0.0,1.0,1.0,1.0,104.0,99.0,31.0,26.0,0.8674556213017752,0.8494312405478186,0.5619542620112357,
madelon,XGBoost,Quantile Binning + Scaling,7,,1.1845933000004152,0.0184750000007625,,,1170.0,1170.0,0.0,0.0,1.0,1.0,1.0,103.0,96.0,34.0,27.0,0.8593491124260355,0.8695557465364017,0.5315403664050686,
madelon,XGBoost,Quantile Binning + Scaling,8,,1.0960916000003635,0.0277076000020315,,,1170.0,1170.0,0.0,0.0,1.0,1.0,1.0,104.0,95.0,35.0,26.0,0.8424852071005917,0.836568343061262,0.5320457831628909,
madelon,XGBoost,Quantile Binning + Scaling,9,,1.141001399999368,0.0247001999996427,,,1170.0,1170.0,0.0,0.0,1.0,1.0,1.0,107.0,103.0,27.0,23.0,0.8736686390532545,0.8509876648618975,0.6156761287194801,
madelon,XGBoost,Quantile Binning + Scaling,10,,1.0961019999995187,0.0302484999992884,,,1170.0,1170.0,0.0,0.0,1.0,1.0,1.0,101.0,101.0,29.0,29.0,0.8563905325443788,0.8376231008461333,0.5538461538461539,
madelon,XGBoost,SMOTE,1,,3.1596418999979505,0.0311270000020158,57.09124183654785,0.2778902053833008,1170.0,1170.0,0.0,0.0,1.0,1.0,1.0,104.0,104.0,26.0,26.0,0.8536686390532545,0.8396761446000486,0.6,
madelon,XGBoost,SMOTE,2,,6.042594399998052,0.0301135000008798,,,1170.0,1170.0,0.0,0.0,1.0,1.0,1.0,114.0,107.0,23.0,16.0,0.9075739644970414,0.8718650216116348,0.7010170049690035,
madelon,XGBoost,SMOTE,3,,5.87033159999919,0.0263960999982373,,,1170.0,1170.0,0.0,0.0,1.0,1.0,1.0,112.0,103.0,27.0,18.0,0.9007100591715976,0.9005588279043977,0.6554187183890685,
madelon,XGBoost,SMOTE,4,,6.0675467000000936,0.027114900000015,,,1170.0,1170.0,0.0,0.0,1.0,1.0,1.0,105.0,102.0,28.0,25.0,0.880828402366864,0.8746016393731568,0.5924654703943637,
madelon,XGBoost,SMOTE,5,,5.985488800000894,0.0194063000017195,,,1170.0,1170.0,0.0,0.0,1.0,1.0,1.0,112.0,112.0,18.0,18.0,0.9276923076923076,0.933050449885544,0.7230769230769231,
madelon,XGBoost,SMOTE,6,,6.0168774999983725,0.0242141999988234,,,1170.0,1170.0,0.0,0.0,1.0,1.0,1.0,108.0,104.0,26.0,22.0,0.8997633136094675,0.8914864008736922,0.6310680319374671,
madelon,XGBoost,SMOTE,7,,6.234543200000189,0.0240969999977096,,,1170.0,1170.0,0.0,0.0,1.0,1.0,1.0,111.0,101.0,29.0,19.0,0.8981065088757397,0.8993108397701657,0.6326437348445769,
madelon,XGBoost,SMOTE,8,,5.940359500000341,0.0344798000005539,,,1170.0,1170.0,0.0,0.0,1.0,1.0,1.0,104.0,102.0,28.0,26.0,0.8628402366863905,0.8437441376389524,0.5846845821518305,
madelon,XGBoost,SMOTE,9,,6.066950699998415,0.0181876000024203,,,1170.0,1170.0,0.0,0.0,1.0,1.0,1.0,107.0,113.0,17.0,23.0,0.9052662721893492,0.9003979774662669,0.6930462415879095,
madelon,XGBoost,SMOTE,10,,6.104202300000907,0.0203966000008222,,,1170.0,1170.0,0.0,0.0,1.0,1.0,1.0,106.0,104.0,26.0,24.0,0.8805917159763313,0.8539384063547427,0.6154574548966637,
madelon,XGBoost,SMOTE + Scaling,1,,3.205568099998345,0.0329017000003659,57.0926685333252,0.2896451950073242,1170.0,1170.0,0.0,0.0,1.0,1.0,1.0,104.0,104.0,26.0,26.0,0.8536686390532545,0.8396761446000486,0.6,
madelon,XGBoost,SMOTE + Scaling,2,,5.687765299997409,0.0247286999983771,,,1170.0,1170.0,0.0,0.0,1.0,1.0,1.0,114.0,107.0,23.0,16.0,0.9075739644970414,0.8718650216116348,0.7010170049690035,
madelon,XGBoost,SMOTE + Scaling,3,,6.082625299997744,0.0332609000033699,,,1170.0,1170.0,0.0,0.0,1.0,1.0,1.0,112.0,103.0,27.0,18.0,0.9007100591715976,0.9005588279043977,0.6554187183890685,
madelon,XGBoost,SMOTE + Scaling,4,,6.099403399999574,0.0254574000027787,,,1170.0,1170.0,0.0,0.0,1.0,1.0,1.0,105.0,102.0,28.0,25.0,0.880828402366864,0.8746016393731568,0.5924654703943637,
madelon,XGBoost,SMOTE + Scaling,5,,6.165916499998275,0.0290702999991481,,,1170.0,1170.0,0.0,0.0,1.0,1.0,1.0,112.0,112.0,18.0,18.0,0.9276923076923076,0.933050449885544,0.7230769230769231,
madelon,XGBoost,SMOTE + Scaling,6,,5.780757699998503,0.033046500000637,,,1170.0,1170.0,0.0,0.0,1.0,1.0,1.0,108.0,104.0,26.0,22.0,0.8997633136094675,0.8914864008736922,0.6310680319374671,
madelon,XGBoost,SMOTE + Scaling,7,,6.133470000000671,0.0186921000022266,,,1170.0,1170.0,0.0,0.0,1.0,1.0,1.0,111.0,101.0,29.0,19.0,0.8981065088757397,0.8993108397701657,0.6326437348445769,
madelon,XGBoost,SMOTE + Scaling,8,,6.083774099999573,0.0198668000011821,,,1170.0,1170.0,0.0,0.0,1.0,1.0,1.0,104.0,102.0,28.0,26.0,0.8628402366863905,0.8437441376389524,0.5846845821518305,
madelon,XGBoost,SMOTE + Scaling,9,,6.159654399998544,0.0201911000003747,,,1170.0,1170.0,0.0,0.0,1.0,1.0,1.0,107.0,113.0,17.0,23.0,0.9052662721893492,0.9003979774662669,0.6930462415879095,
madelon,XGBoost,SMOTE + Scaling,10,,6.178769600002852,0.016082499998447,,,1170.0,1170.0,0.0,0.0,1.0,1.0,1.0,106.0,104.0,26.0,24.0,0.8805917159763313,0.8539384063547427,0.6154574548966637,
madelon,XGBoost,Select Percentile (MI),1,,5.928357799999503,0.0209365000009711,57.09124946594238,0.2740507125854492,1170.0,1170.0,0.0,0.0,1.0,1.0,1.0,100.0,97.0,33.0,30.0,0.8492307692307692,0.8420398086483037,0.5155219028106801,
madelon,XGBoost,Select Percentile (MI),2,,6.471100499999011,0.0233641000013449,,,1170.0,1170.0,0.0,0.0,1.0,1.0,1.0,109.0,102.0,28.0,21.0,0.8863905325443788,0.8524032240882294,0.623982169258124,
madelon,XGBoost,Select Percentile (MI),3,,6.654794899997796,0.0116183000027376,,,1170.0,1170.0,0.0,0.0,1.0,1.0,1.0,110.0,97.0,33.0,20.0,0.869526627218935,0.8680743600144104,0.5952916290381487,
madelon,XGBoost,Select Percentile (MI),4,,6.552251000000979,0.0192768000015348,,,1170.0,1170.0,0.0,0.0,1.0,1.0,1.0,107.0,102.0,28.0,23.0,0.8846745562130178,0.881858668057938,0.6081422835464058,
madelon,XGBoost,Select Percentile (MI),5,,6.516827899999043,0.0129538000001048,,,1170.0,1170.0,0.0,0.0,1.0,1.0,1.0,106.0,103.0,27.0,24.0,0.889112426035503,0.8798055601891377,0.6078541839111004,
madelon,XGBoost,Select Percentile (MI),6,,6.486637600002723,0.0188713999996252,,,1170.0,1170.0,0.0,0.0,1.0,1.0,1.0,105.0,108.0,22.0,25.0,0.893905325443787,0.8975825950349924,0.6386316109445739,
madelon,XGBoost,Select Percentile (MI),7,,6.411460700001044,0.0258160000012139,,,1170.0,1170.0,0.0,0.0,1.0,1.0,1.0,107.0,101.0,29.0,23.0,0.8785798816568048,0.8685818237545474,0.600640076042855,
madelon,XGBoost,Select Percentile (MI),8,,6.70513629999914,0.0183837000004132,,,1170.0,1170.0,0.0,0.0,1.0,1.0,1.0,103.0,101.0,29.0,27.0,0.8563905325443787,0.8258472277182364,0.5692981457794138,
madelon,XGBoost,Select Percentile (MI),9,,6.468489099999715,0.016709700001229,,,1170.0,1170.0,0.0,0.0,1.0,1.0,1.0,106.0,112.0,18.0,24.0,0.9115976331360948,0.9155677386873116,0.6776452139970671,
madelon,XGBoost,Select Percentile (MI),10,,6.703508599999623,0.0143696000013733,,,1170.0,1170.0,0.0,0.0,1.0,1.0,1.0,93.0,96.0,34.0,37.0,0.8017751479289941,0.7912558796771032,0.4539670487437332,
madelon,XGBoost,Select Percentile (MI) + Scaling,1,,5.951782699998148,0.0204754999977012,57.0926628112793,0.2810173034667969,1170.0,1170.0,0.0,0.0,1.0,1.0,1.0,100.0,97.0,33.0,30.0,0.8492307692307692,0.8420398086483037,0.5155219028106801,
madelon,XGBoost,Select Percentile (MI) + Scaling,2,,6.644956100000854,0.0163386000022001,,,1170.0,1170.0,0.0,0.0,1.0,1.0,1.0,109.0,102.0,28.0,21.0,0.8863905325443788,0.8524032240882294,0.623982169258124,
madelon,XGBoost,Select Percentile (MI) + Scaling,3,,6.053720899999462,0.0278078000010282,,,1170.0,1170.0,0.0,0.0,1.0,1.0,1.0,110.0,97.0,33.0,20.0,0.869526627218935,0.8680743600144104,0.5952916290381487,
madelon,XGBoost,Select Percentile (MI) + Scaling,4,,6.627012700002524,0.0205466999977943,,,1170.0,1170.0,0.0,0.0,1.0,1.0,1.0,107.0,102.0,28.0,23.0,0.8846745562130178,0.881858668057938,0.6081422835464058,
madelon,XGBoost,Select Percentile (MI) + Scaling,5,,6.488099599999259,0.0226793000001634,,,1170.0,1170.0,0.0,0.0,1.0,1.0,1.0,106.0,103.0,27.0,24.0,0.889112426035503,0.8798055601891377,0.6078541839111004,
madelon,XGBoost,Select Percentile (MI) + Scaling,6,,6.430961499998375,0.0231625999986135,,,1170.0,1170.0,0.0,0.0,1.0,1.0,1.0,105.0,108.0,22.0,25.0,0.893905325443787,0.8975825950349924,0.6386316109445739,
madelon,XGBoost,Select Percentile (MI) + Scaling,7,,6.457358299998305,0.0230927000011433,,,1170.0,1170.0,0.0,0.0,1.0,1.0,1.0,107.0,101.0,29.0,23.0,0.8785798816568048,0.8685818237545474,0.600640076042855,
madelon,XGBoost,Select Percentile (MI) + Scaling,8,,6.504912500000501,0.0230883000003814,,,1170.0,1170.0,0.0,0.0,1.0,1.0,1.0,103.0,101.0,29.0,27.0,0.8563905325443787,0.8258472277182364,0.5692981457794138,
madelon,XGBoost,Select Percentile (MI) + Scaling,9,,6.565227399998548,0.0145492000010563,,,1170.0,1170.0,0.0,0.0,1.0,1.0,1.0,106.0,112.0,18.0,24.0,0.9115976331360948,0.9155677386873116,0.6776452139970671,
madelon,XGBoost,Select Percentile (MI) + Scaling,10,,6.648479300001782,0.0107169999973848,,,1170.0,1170.0,0.0,0.0,1.0,1.0,1.0,93.0,96.0,34.0,37.0,0.8017751479289941,0.7912558796771032,0.4539670487437332,
madelon,XGBoost,Random Undersampling,1,,3.160363300001336,0.0304998000028717,57.0911111831665,0.295659065246582,1170.0,1170.0,0.0,0.0,1.0,1.0,1.0,104.0,104.0,26.0,26.0,0.8536686390532545,0.8396761446000486,0.6,
madelon,XGBoost,Random Undersampling,2,,5.937594300001365,0.0254416999996465,,,1170.0,1170.0,0.0,0.0,1.0,1.0,1.0,114.0,107.0,23.0,16.0,0.9075739644970414,0.8718650216116348,0.7010170049690035,
madelon,XGBoost,Random Undersampling,3,,5.904531400003179,0.033117900002253,,,1170.0,1170.0,0.0,0.0,1.0,1.0,1.0,112.0,103.0,27.0,18.0,0.9007100591715976,0.9005588279043977,0.6554187183890685,
madelon,XGBoost,Random Undersampling,4,,6.274060100000497,0.0267022000007273,,,1170.0,1170.0,0.0,0.0,1.0,1.0,1.0,105.0,102.0,28.0,25.0,0.880828402366864,0.8746016393731568,0.5924654703943637,
madelon,XGBoost,Random Undersampling,5,,5.762394100001984,0.0215243999991798,,,1170.0,1170.0,0.0,0.0,1.0,1.0,1.0,112.0,112.0,18.0,18.0,0.9276923076923076,0.933050449885544,0.7230769230769231,
madelon,XGBoost,Random Undersampling,6,,6.260658999999578,0.0274795000004814,,,1170.0,1170.0,0.0,0.0,1.0,1.0,1.0,108.0,104.0,26.0,22.0,0.8997633136094675,0.8914864008736922,0.6310680319374671,
madelon,XGBoost,Random Undersampling,7,,6.115391200000886,0.0166873000016494,,,1170.0,1170.0,0.0,0.0,1.0,1.0,1.0,111.0,101.0,29.0,19.0,0.8981065088757397,0.8993108397701657,0.6326437348445769,
madelon,XGBoost,Random Undersampling,8,,6.0090250999965065,0.0300706000016361,,,1170.0,1170.0,0.0,0.0,1.0,1.0,1.0,104.0,102.0,28.0,26.0,0.8628402366863905,0.8437441376389524,0.5846845821518305,
madelon,XGBoost,Random Undersampling,9,,6.01577659999748,0.0283248000014282,,,1170.0,1170.0,0.0,0.0,1.0,1.0,1.0,107.0,113.0,17.0,23.0,0.9052662721893492,0.9003979774662669,0.6930462415879095,
madelon,XGBoost,Random Undersampling,10,,5.884938899998815,0.0302826000006461,,,1170.0,1170.0,0.0,0.0,1.0,1.0,1.0,106.0,104.0,26.0,24.0,0.8805917159763313,0.8539384063547427,0.6154574548966637,
madelon,XGBoost,Random Undersampling + Scaling,1,,3.175766399999702,0.0335823999994318,57.09262561798096,0.3074121475219726,1170.0,1170.0,0.0,0.0,1.0,1.0,1.0,104.0,104.0,26.0,26.0,0.8536686390532545,0.8396761446000486,0.6,
madelon,XGBoost,Random Undersampling + Scaling,2,,5.953983799998241,0.0275532000014209,,,1170.0,1170.0,0.0,0.0,1.0,1.0,1.0,114.0,107.0,23.0,16.0,0.9075739644970414,0.8718650216116348,0.7010170049690035,
madelon,XGBoost,Random Undersampling + Scaling,3,,6.012400899999193,0.0248586000016075,,,1170.0,1170.0,0.0,0.0,1.0,1.0,1.0,112.0,103.0,27.0,18.0,0.9007100591715976,0.9005588279043977,0.6554187183890685,
madelon,XGBoost,Random Undersampling + Scaling,4,,6.179146600003151,0.0190681999993103,,,1170.0,1170.0,0.0,0.0,1.0,1.0,1.0,105.0,102.0,28.0,25.0,0.880828402366864,0.8746016393731568,0.5924654703943637,
madelon,XGBoost,Random Undersampling + Scaling,5,,6.018224999999802,0.0289505000000644,,,1170.0,1170.0,0.0,0.0,1.0,1.0,1.0,112.0,112.0,18.0,18.0,0.9276923076923076,0.933050449885544,0.7230769230769231,
madelon,XGBoost,Random Undersampling + Scaling,6,,6.212790500001574,0.0223404000025766,,,1170.0,1170.0,0.0,0.0,1.0,1.0,1.0,108.0,104.0,26.0,22.0,0.8997633136094675,0.8914864008736922,0.6310680319374671,
madelon,XGBoost,Random Undersampling + Scaling,7,,6.040608399998746,0.0277090000017778,,,1170.0,1170.0,0.0,0.0,1.0,1.0,1.0,111.0,101.0,29.0,19.0,0.8981065088757397,0.8993108397701657,0.6326437348445769,
madelon,XGBoost,Random Undersampling + Scaling,8,,6.087137700000312,0.0174657000025035,,,1170.0,1170.0,0.0,0.0,1.0,1.0,1.0,104.0,102.0,28.0,26.0,0.8628402366863905,0.8437441376389524,0.5846845821518305,
madelon,XGBoost,Random Undersampling + Scaling,9,,6.197279199997865,0.0231579999999667,,,1170.0,1170.0,0.0,0.0,1.0,1.0,1.0,107.0,113.0,17.0,23.0,0.9052662721893492,0.9003979774662669,0.6930462415879095,
madelon,XGBoost,Random Undersampling + Scaling,10,,5.748856199999864,0.0316784000024199,,,1170.0,1170.0,0.0,0.0,1.0,1.0,1.0,106.0,104.0,26.0,24.0,0.8805917159763313,0.8539384063547427,0.6154574548966637,
madelon,GaussianNB,PCA,1,,0.2720038999977987,0.015463399999134708,57.09242630004883,1.1170454025268555,840.0,854.0,316.0,330.0,0.8004127401563299,0.7864814718885299,0.44789531398353893,65.0,73.0,57.0,65.0,0.5349704142011834,0.5240314453328017,0.06165531606864755,
madelon,GaussianNB,PCA,2,,0.5691469999947003,0.03090459999657469,,,833.0,858.0,312.0,337.0,0.7960800642851925,0.7926477085820005,0.4454008354532689,63.0,83.0,47.0,67.0,0.5921301775147929,0.580462940994412,0.12455983106584366,
madelon,GaussianNB,PCA,3,,0.6065914999999222,0.0393019999974058,,,853.0,844.0,326.0,317.0,0.7914924391847469,0.7836713695308426,0.4504406772717525,67.0,70.0,60.0,63.0,0.5403550295857988,0.5688261363532289,0.05386049730857852,
madelon,GaussianNB,PCA,4,,0.48487780000141356,0.035521500001777895,,,870.0,857.0,313.0,300.0,0.8029972970998611,0.7951799054322735,0.476097765726463,65.0,66.0,64.0,65.0,0.5293491124260354,0.5404222473784919,0.007692535285475851,
madelon,GaussianNB,PCA,5,,0.5045616999996128,0.033090299999457784,,,845.0,832.0,338.0,325.0,0.7913120023376434,0.7902733094478308,0.43336008478153815,78.0,82.0,48.0,52.0,0.6149704142011835,0.5775422057499084,0.23087854826980506,
madelon,GaussianNB,PCA,6,,0.5305168000049889,0.03197119999822462,,,840.0,818.0,352.0,330.0,0.7909058368032728,0.7803370476052419,0.41716777231797214,65.0,71.0,59.0,65.0,0.563076923076923,0.5895754444542614,0.046203082772527305,
madelon,GaussianNB,PCA,7,,0.6177592000021832,0.0231980000025942,,,833.0,850.0,320.0,337.0,0.7963006793776024,0.7932302339769524,0.4385078294441191,73.0,84.0,46.0,57.0,0.6228994082840238,0.6098167354766972,0.20843983808399666,
madelon,GaussianNB,PCA,8,,0.5761544999986654,0.02908640000532614,,,865.0,856.0,314.0,305.0,0.8035035429907225,0.8014489502644737,0.4709541046996881,64.0,63.0,67.0,66.0,0.47928994082840237,0.4884379550898035,-0.02307760585642755,
madelon,GaussianNB,PCA,9,,0.6164815999945858,0.014868300000671297,,,838.0,849.0,321.0,332.0,0.7968514865950763,0.7889595879601307,0.44189987254956903,72.0,80.0,50.0,58.0,0.5536686390532545,0.5325390020419898,0.16955211918878074,
madelon,GaussianNB,PCA,10,,0.5950076000008266,0.02343549999932293,,,858.0,856.0,314.0,312.0,0.8039674190956241,0.7986579712706526,0.4649579442739191,67.0,63.0,67.0,63.0,0.5240828402366864,0.5256245865152566,0.0,
madelon,GaussianNB,PCA + Scaling,1,,0.3423502000005101,0.02945470000122441,57.094688415527344,1.6913814544677734,915.0,906.0,264.0,255.0,0.8582876762363942,0.8514635411072324,0.5564267189827531,64.0,61.0,69.0,66.0,0.5052662721893492,0.5122232913343315,-0.038471783791841796,
madelon,GaussianNB,PCA + Scaling,2,,0.6594813999981852,0.047877500001050066,,,900.0,913.0,257.0,270.0,0.8518774198261377,0.8496687387033238,0.5496065769517338,73.0,65.0,65.0,57.0,0.5788757396449704,0.5951349911611024,0.06165531606864755,
madelon,GaussianNB,PCA + Scaling,3,,0.693133000000671,0.05103880000388017,,,910.0,892.0,278.0,260.0,0.8526685660018994,0.8513581942236089,0.5402348770759603,81.0,69.0,61.0,49.0,0.6005917159763314,0.5985792849601045,0.15450581165227412,
madelon,GaussianNB,PCA + Scaling,4,,0.688485300001048,0.04429890000028536,,,894.0,918.0,252.0,276.0,0.8547666009204471,0.8476190861290969,0.5488334287810415,57.0,72.0,58.0,73.0,0.5253254437869823,0.5620825113819579,-0.007744030926623662,
madelon,GaussianNB,PCA + Scaling,5,,0.6720774999994319,0.0546150999944075,,,913.0,913.0,257.0,257.0,0.8551676528599605,0.8552262344583834,0.5606837606837607,96.0,77.0,53.0,34.0,0.6786390532544379,0.6641886498516094,0.3343596269266189,
madelon,GaussianNB,PCA + Scaling,6,,0.6910038999994867,0.041436999999859836,,,909.0,902.0,268.0,261.0,0.8511600555190298,0.8452164351444855,0.5478730535538994,75.0,71.0,59.0,55.0,0.5893491124260355,0.5852856547522056,0.12313522574389603,
madelon,GaussianNB,PCA + Scaling,7,,0.7235895999983768,0.038824899995233864,,,887.0,916.0,254.0,283.0,0.8522003068156914,0.8521178764593919,0.5411919104111601,82.0,73.0,57.0,48.0,0.6134319526627219,0.6141573819108256,0.1927702112909025,
madelon,GaussianNB,PCA + Scaling,8,,0.7329986000040662,0.027710900001693517,,,909.0,896.0,274.0,261.0,0.8533596318211701,0.849247660885345,0.5427685480005459,84.0,67.0,63.0,46.0,0.6063905325443787,0.5817167447423945,0.1629376339780705,
madelon,GaussianNB,PCA + Scaling,9,,0.709604899995611,0.026699699999880977,,,906.0,924.0,246.0,264.0,0.8638717218204398,0.8659389634098451,0.564169333655275,81.0,72.0,58.0,49.0,0.5900000000000001,0.5720113838149103,0.17734859438763032,
madelon,GaussianNB,PCA + Scaling,10,,0.6951903000008315,0.02660210000613006,,,898.0,887.0,283.0,272.0,0.847838410402513,0.8476803770322316,0.5256642584487137,73.0,69.0,61.0,57.0,0.5893491124260355,0.5895944790382982,0.09235141930792201,
madelon,LogisticRegression,PCA,1,True,0.3100518999999622,0.01930739999806974,57.09170722961426,1.110713005065918,776.0,788.0,382.0,394.0,0.7436942070275403,0.7330586982083461,0.33676985029361195,66.0,79.0,51.0,64.0,0.5628994082840236,0.5683305473093785,0.11596590176067831,
madelon,LogisticRegression,PCA,2,True,0.605456299999787,0.024455099999613594,,,790.0,795.0,375.0,380.0,0.7399064942654686,0.7319729553669846,0.3547040936674808,69.0,75.0,55.0,61.0,0.5755029585798817,0.5703962297849203,0.10780719313589704,
madelon,LogisticRegression,PCA,3,True,0.5535794000024907,0.025371600000653416,,,781.0,797.0,373.0,389.0,0.7410059171597633,0.7292031413612035,0.3487505604200309,83.0,70.0,60.0,47.0,0.6023076923076922,0.5955820342731776,0.17781438269970676,
madelon,LogisticRegression,PCA,4,True,0.6103849999999511,0.024274199997307733,,,797.0,798.0,372.0,373.0,0.7439878734750529,0.7301187246814184,0.36324799592667917,71.0,75.0,55.0,59.0,0.5730177514792899,0.56517973026056,0.12313522574389603,
madelon,LogisticRegression,PCA,5,True,0.5708393000022625,0.025710499998240266,,,788.0,796.0,374.0,382.0,0.7395996785740375,0.7352215025425411,0.35385442579733967,79.0,72.0,58.0,51.0,0.6215976331360946,0.608482181646021,0.16177315499284697,
madelon,LogisticRegression,PCA,6,True,0.6110927999980049,0.02311349999945378,,,807.0,792.0,378.0,363.0,0.7373825699466724,0.7209576043216395,0.36669680406585997,73.0,78.0,52.0,57.0,0.5994674556213018,0.608524553821189,0.1616580753730952,
madelon,LogisticRegression,PCA,7,True,0.62615299999743,0.021255999999993946,,,782.0,800.0,370.0,388.0,0.7359251954123749,0.7294061310813722,0.35217843252420195,84.0,73.0,57.0,46.0,0.6257988165680474,0.614803569437276,0.20843983808399666,
madelon,LogisticRegression,PCA,8,True,0.6060149000040838,0.01436459999968065,,,792.0,799.0,371.0,378.0,0.744682591862079,0.7323289700662364,0.3598355000720619,61.0,75.0,55.0,69.0,0.5377514792899407,0.5312787219920138,0.04642383454426297,
madelon,LogisticRegression,PCA,9,True,0.5986339000010048,0.017169200000353158,,,802.0,799.0,371.0,368.0,0.743713930893418,0.7329472727996418,0.3683772793487339,69.0,74.0,56.0,61.0,0.5672189349112426,0.5534630029768812,0.10007404665953512,
madelon,LogisticRegression,PCA,10,True,0.6140990000058082,0.013281399995321408,,,793.0,805.0,365.0,377.0,0.7475849222003068,0.7357785501236231,0.3658312079331622,71.0,65.0,65.0,59.0,0.5245562130177515,0.5390768132550934,0.046203082772527305,
madelon,LogisticRegression,PCA + Scaling,1,True,0.3294289999976172,0.023412199996528216,57.09448432922363,1.6818008422851562,846.0,843.0,327.0,324.0,0.7936189641317845,0.7861333404004094,0.4435912018143686,63.0,73.0,57.0,67.0,0.5457396449704143,0.5673896711416234,0.04629100498862758,
madelon,LogisticRegression,PCA + Scaling,2,True,0.5986141999965184,0.039387999997416046,,,834.0,826.0,344.0,336.0,0.7882416538826795,0.7855389977394687,0.4188132092770446,72.0,74.0,56.0,58.0,0.567396449704142,0.5936420101517942,0.12309149097933272,
madelon,LogisticRegression,PCA + Scaling,3,True,0.5494067999970866,0.035838000003423076,,,825.0,830.0,340.0,345.0,0.7832522463291695,0.7758511231378904,0.4145336998282607,90.0,63.0,67.0,40.0,0.5953254437869824,0.5737399527288676,0.1808670259705205,
madelon,LogisticRegression,PCA + Scaling,4,True,0.6364603000038187,0.028918500000145286,,,829.0,835.0,335.0,341.0,0.7865979983928701,0.7778276819539045,0.4222277742347174,66.0,72.0,58.0,64.0,0.549112426035503,0.5495597165852717,0.061604110363369734,
madelon,LogisticRegression,PCA + Scaling,5,True,0.600583599996753,0.02546339999389602,,,817.0,821.0,349.0,353.0,0.780414201183432,0.7770737977378812,0.4000023376638557,81.0,75.0,55.0,49.0,0.630887573964497,0.5971920346530528,0.20021335868095164,
madelon,LogisticRegression,PCA + Scaling,6,True,0.7269321999992826,0.02817059999506455,,,831.0,820.0,350.0,339.0,0.7813229600409087,0.7736044138432769,0.41112928181110775,68.0,82.0,48.0,62.0,0.6336686390532545,0.6389690453123541,0.15474611514754322,
madelon,LogisticRegression,PCA + Scaling,7,True,0.6848014999995939,0.01998019999882672,,,834.0,823.0,347.0,336.0,0.7830593907516985,0.7767666476638355,0.4162577136008513,77.0,74.0,56.0,53.0,0.5873372781065089,0.6250836848548347,0.16158149192573554,
madelon,LogisticRegression,PCA + Scaling,8,True,0.7251923000003444,0.02179749999777414,,,828.0,840.0,330.0,342.0,0.7868229965665863,0.7816781060886798,0.42566341483811865,70.0,77.0,53.0,60.0,0.5697633136094675,0.5549306704496949,0.13095922070849517,
madelon,LogisticRegression,PCA + Scaling,9,True,0.7305144999991171,0.023140800003602635,,,830.0,821.0,349.0,340.0,0.787090364526262,0.7860681055049101,0.41112327470154264,71.0,64.0,66.0,59.0,0.5589349112426036,0.5470833900660312,0.03851741785543975,
madelon,LogisticRegression,PCA + Scaling,10,True,0.6609021000040229,0.020076099994184915,,,840.0,841.0,329.0,330.0,0.7844196069837095,0.7801446604904443,0.43675229627890133,70.0,74.0,56.0,60.0,0.5610650887573965,0.565788855015002,0.10774332252590901,
madelon,KNN,PCA,1,,0.26919729999644915,0.03734260000055656,57.09175491333008,6.143019676208496,981.0,962.0,208.0,189.0,0.9043896559281175,0.8763271739704036,0.66077089415641,87.0,95.0,35.0,43.0,0.7744082840236686,0.7275945327843394,0.40075955444620903,
madelon,KNN,PCA,2,,0.5698123000038322,0.030358199997863267,,,986.0,958.0,212.0,184.0,0.9008444736649865,0.8744335943657072,0.6617279819711137,88.0,86.0,44.0,42.0,0.7610355029585799,0.7341315766813055,0.338501600193165,
madelon,KNN,PCA,3,,0.5558199000006425,0.02515000000130385,,,986.0,944.0,226.0,184.0,0.9041573526188911,0.876441983724572,0.6499915825734822,96.0,77.0,53.0,34.0,0.7328402366863906,0.6851246652852144,0.3343596269266189,
madelon,KNN,PCA,4,,0.5324334999968414,0.03613539999787463,,,993.0,954.0,216.0,177.0,0.9049802761341224,0.8775177066976109,0.6644718177113583,94.0,95.0,35.0,36.0,0.7771301775147929,0.722373013294919,0.4538595818430752,
madelon,KNN,PCA,5,,0.5286315999983344,0.03796139999758452,,,973.0,944.0,226.0,197.0,0.8987226970560304,0.8724132360564804,0.6386577520965823,100.0,97.0,33.0,30.0,0.8315976331360948,0.7915067387762472,0.5155219028106801,
madelon,KNN,PCA,6,,0.5580091000010725,0.028954600005818065,,,971.0,972.0,198.0,199.0,0.9038260647235007,0.8758369844416318,0.660684002003113,96.0,87.0,43.0,34.0,0.7646153846153846,0.7113842822904101,0.4086728479367133,
madelon,KNN,PCA,7,,0.5940818000017316,0.02952960000402527,,,991.0,945.0,225.0,179.0,0.9010771422309884,0.8723427113537342,0.6552074494658541,95.0,98.0,32.0,35.0,0.7909467455621302,0.7656992100254026,0.48474447577720664,
madelon,KNN,PCA,8,,0.5711592999941786,0.0286056999975699,,,1005.0,941.0,229.0,165.0,0.902393527649938,0.8728213666155763,0.664242375285154,98.0,80.0,50.0,32.0,0.7533431952662721,0.7135372050141027,0.37282185960072,
madelon,KNN,PCA,9,,0.5373495000021649,0.034684899997955654,,,980.0,951.0,219.0,190.0,0.9003557600993498,0.87398393262764,0.650627241426371,97.0,93.0,37.0,33.0,0.7726923076923078,0.7190570419567208,0.4617570965396101,
madelon,KNN,PCA,10,,0.5750612999981968,0.027278200002911035,,,986.0,946.0,224.0,184.0,0.8989725326904815,0.8693168955158498,0.651663001553001,101.0,87.0,43.0,29.0,0.7975443786982248,0.761373451597732,0.4487637339278754,
madelon,KNN,PCA + Scaling,1,,0.31146930000249995,0.052133400000457186,57.094810485839844,9.248119354248047,917.0,699.0,471.0,253.0,0.7607297830374753,0.7253674202225041,0.38799099984293633,77.0,55.0,75.0,53.0,0.5111538461538461,0.5097484871162525,0.015609763526361564,
madelon,KNN,PCA + Scaling,2,,0.573469800001476,0.057526399999915157,,,919.0,707.0,463.0,251.0,0.7604898093359632,0.7190650170786628,0.3963036448476612,77.0,63.0,67.0,53.0,0.5575443786982248,0.5336884576669109,0.07737305757377161,
madelon,KNN,PCA + Scaling,3,,0.689869900001213,0.04364170000189915,,,900.0,748.0,422.0,270.0,0.766369347651399,0.7226374040514004,0.4120389578273307,81.0,53.0,77.0,49.0,0.49171597633136094,0.49648415077547325,0.031508763608951794,
madelon,KNN,PCA + Scaling,4,,0.6020048999998835,0.055632199997489806,,,891.0,706.0,464.0,279.0,0.7504693549565344,0.7103523218155228,0.36960693568310077,77.0,63.0,67.0,53.0,0.5283727810650888,0.5131163708086784,0.07737305757377161,
madelon,KNN,PCA + Scaling,5,,0.660891100000299,0.05757350000203587,,,898.0,769.0,401.0,272.0,0.7714741763459713,0.7286051701989119,0.4273920587898452,66.0,58.0,72.0,64.0,0.49656804733727805,0.5055403663602358,-0.04624148705148566,
madelon,KNN,PCA + Scaling,6,,0.7006471999993664,0.03983610000432236,,,917.0,686.0,484.0,253.0,0.761050478486376,0.7212091620170128,0.3775165822490888,76.0,65.0,65.0,54.0,0.5677514792899409,0.5458841000104437,0.08491993403422086,
madelon,KNN,PCA + Scaling,7,,0.7020609000028344,0.044115600001532584,,,914.0,725.0,445.0,256.0,0.7681251369712909,0.7286776269397843,0.4061894232680816,70.0,57.0,73.0,60.0,0.4686390532544379,0.4815069784121663,-0.02319318035213566,
madelon,KNN,PCA + Scaling,8,,0.7253897999980836,0.034309000002394896,,,881.0,717.0,453.0,289.0,0.7521557454890788,0.7175044634686449,0.36945952186949366,64.0,55.0,75.0,66.0,0.46020710059171605,0.4787652888248274,-0.0848188929679971,
madelon,KNN,PCA + Scaling,9,,0.7265355999988969,0.04053549999662209,,,940.0,673.0,497.0,230.0,0.7602534882022062,0.7222071497849959,0.3888942008121599,75.0,50.0,80.0,55.0,0.5042899408284023,0.507240504297348,-0.03919309008348102,
madelon,KNN,PCA + Scaling,10,,0.6818092999965302,0.03704969999671448,,,945.0,685.0,485.0,225.0,0.7610238147417635,0.717359393428055,0.4032451167033343,80.0,51.0,79.0,50.0,0.489319526627219,0.497004542982899,0.007891158215445586,
madelon,SVM,PCA,1,False,0.620320999994874,0.1015110000007553,57.09165954589844,5.2231035232543945,1131.0,1077.0,93.0,39.0,0.9896668858207318,0.9903491109359649,0.8881259244052471,94.0,71.0,59.0,36.0,0.7068639053254439,0.7047860424340018,0.2735460450521401,
madelon,SVM,PCA,2,False,1.7232298999952036,0.11275109999405686,,,1130.0,1079.0,91.0,40.0,0.991078968514866,0.9917745669373993,0.8888790538715615,102.0,84.0,46.0,28.0,0.7815384615384615,0.7499818015697755,0.43495883620083997,
madelon,SVM,PCA,3,False,1.4654989000046044,0.16995399999723304,,,1134.0,1073.0,97.0,36.0,0.9903199649353496,0.9910756970303551,0.8875318698937374,105.0,62.0,68.0,25.0,0.7227810650887574,0.7124199277451071,0.3015914645139623,
madelon,SVM,PCA,4,False,1.6936260000002221,0.10720709999441169,,,1128.0,1075.0,95.0,42.0,0.9908050259332312,0.9915946002104059,0.8838132465174873,88.0,81.0,49.0,42.0,0.7084615384615385,0.6972420829889898,0.3004358592724301,
madelon,SVM,PCA,5,False,1.7950389000034193,0.12654669999756152,,,1129.0,1081.0,89.0,41.0,0.9904631455913506,0.9911427991228189,0.8896378803703439,100.0,89.0,41.0,30.0,0.7878698224852072,0.7613498612888296,0.45547964618354825,
madelon,SVM,PCA,6,False,1.7225012999988394,0.15439260000130162,,,1137.0,1075.0,95.0,33.0,0.9916765285996055,0.9924637314872503,0.8918513721932515,97.0,78.0,52.0,33.0,0.7370414201183432,0.7178188628061289,0.3499112374813454,
madelon,SVM,PCA,7,False,1.738447499999893,0.10782130000006873,,,1133.0,1078.0,92.0,37.0,0.9918839944480969,0.9923830881952541,0.8907283013044779,99.0,84.0,46.0,31.0,0.7850887573964498,0.768489237839196,0.4104336391110541,
madelon,SVM,PCA,8,False,1.756824099997175,0.10602420000213897,,,1135.0,1066.0,104.0,35.0,0.9912630579297246,0.9920504494540603,0.8827329798743004,96.0,70.0,60.0,34.0,0.6978106508875739,0.6779754733445158,0.28263343185959744,
madelon,SVM,PCA,9,False,1.8381109000038123,0.09020099999906961,,,1127.0,1079.0,91.0,43.0,0.9912345679012347,0.9919722034006563,0.8862161962150733,96.0,83.0,47.0,34.0,0.7514792899408284,0.7235927179995518,0.37882194575154915,
madelon,SVM,PCA,10,False,1.8067908999946667,0.09552149999944959,,,1138.0,1066.0,104.0,32.0,0.9912506391993571,0.991807754730001,0.8854388446525217,99.0,74.0,56.0,31.0,0.7307692307692307,0.7106228929554219,0.33706057471793677,
madelon,SVM,PCA + Scaling,1,False,0.8054661999995005,0.14263580000260845,57.0944881439209,8.168577194213867,1158.0,1152.0,18.0,12.0,0.9988297172912557,0.9987802494821085,0.9743717866955017,61.0,75.0,55.0,69.0,0.5514792899408284,0.5723553748067639,0.04642383454426297,
madelon,SVM,PCA + Scaling,2,False,3.780100299998594,0.20107930000085616,,,1150.0,1154.0,16.0,20.0,0.9986777704726424,0.9988082393643438,0.9692364335701118,63.0,79.0,51.0,67.0,0.5707692307692308,0.5948749921588494,0.09301487194157254,
madelon,SVM,PCA + Scaling,3,False,3.835806200004299,0.3295822000000044,,,1146.0,1155.0,15.0,24.0,0.9987274453941121,0.9987030207928697,0.9666952675414652,75.0,75.0,55.0,55.0,0.5833727810650888,0.5698319816054336,0.15384615384615385,
madelon,SVM,PCA + Scaling,4,False,3.8726198000003933,0.1964464999982738,,,1154.0,1160.0,10.0,16.0,0.9992906713419534,0.9993051561661627,0.977790635069872,67.0,79.0,51.0,63.0,0.5666863905325443,0.5558095810188497,0.1236046493218193,
madelon,SVM,PCA + Scaling,5,False,3.1536364999992657,0.31766269999934593,,,1153.0,1160.0,10.0,17.0,0.9990247644093799,0.9991517443533088,0.9769405619533651,80.0,76.0,54.0,50.0,0.6243195266272189,0.5868192814575733,0.20009474183383102,
madelon,SVM,PCA + Scaling,6,False,3.7806477999984054,0.19744299999729265,,,1153.0,1151.0,19.0,17.0,0.9987457082328877,0.9986527228139547,0.9692321853062946,70.0,79.0,51.0,60.0,0.6253254437869823,0.6390707862737741,0.1465053605810859,
madelon,SVM,PCA + Scaling,7,False,3.8428992999979528,0.19649869999557268,,,1154.0,1153.0,17.0,16.0,0.9990086931112572,0.9990633314128479,0.9717952267497275,73.0,76.0,54.0,57.0,0.5552071005917159,0.5842297017392974,0.14619277840899883,
madelon,SVM,PCA + Scaling,8,False,3.805564999995113,0.15125819999957457,,,1152.0,1154.0,16.0,18.0,0.9991328804149318,0.999144629959631,0.970941589513184,69.0,82.0,48.0,61.0,0.5884023668639055,0.5756384748563,0.16235226246494963,
madelon,SVM,PCA + Scaling,9,False,3.8650065999972867,0.18630329999723472,,,1156.0,1156.0,14.0,14.0,0.9990101541383593,0.999031556445425,0.976068376068376,69.0,74.0,56.0,61.0,0.568698224852071,0.5540045138507323,0.10007404665953512,
madelon,SVM,PCA + Scaling,10,False,3.876645499993174,0.27797759999521077,,,1161.0,1152.0,18.0,9.0,0.9991883994448097,0.999200355686439,0.9769519812554329,73.0,74.0,56.0,57.0,0.56,0.5544384330568761,0.13077309985308946,
madelon,RandomForest,PCA,1,,3.4557033000019146,0.030193400001735426,57.091712951660156,5.446199417114258,1170.0,1170.0,0.0,0.0,1.0,0.9999999999999999,1.0,73.0,75.0,55.0,57.0,0.5855621301775149,0.5607708284703208,0.13847792735174932,
madelon,RandomForest,PCA,2,,3.8874402999936137,0.03156360000139102,,,1170.0,1170.0,0.0,0.0,1.0,1.0,1.0,80.0,86.0,44.0,50.0,0.6562721893491125,0.630184538201638,0.2772184966351638,
madelon,RandomForest,PCA,3,,3.9051341000013053,0.022047799997380935,,,1170.0,1170.0,0.0,0.0,1.0,0.9999999999999999,1.0,85.0,81.0,49.0,45.0,0.6943786982248521,0.70366531907024,0.27705425792376603,
madelon,RandomForest,PCA,4,,3.721677000001364,0.027411199997004587,,,1170.0,1170.0,0.0,0.0,1.0,0.9999999999999999,1.0,78.0,70.0,60.0,52.0,0.6117159763313609,0.5856207644904767,0.13872446115445697,
madelon,RandomForest,PCA,5,,3.831867000000784,0.02049070000066422,,,1170.0,1170.0,0.0,0.0,1.0,1.0,1.0,88.0,73.0,57.0,42.0,0.6564792899408285,0.6456671074749409,0.24006495872533354,
madelon,RandomForest,PCA,6,,3.7558018999989145,0.03636879999976372,,,1170.0,1170.0,0.0,0.0,1.0,1.0,1.0,81.0,75.0,55.0,49.0,0.6547041420118344,0.6536541879887869,0.20021335868095164,
madelon,RandomForest,PCA,7,,3.770287200000894,0.034585599998536054,,,1170.0,1170.0,0.0,0.0,1.0,1.0,1.0,86.0,84.0,46.0,44.0,0.7044378698224852,0.6659653626238058,0.30772872744833185,
madelon,RandomForest,PCA,8,,3.7806466999973054,0.030024200001207646,,,1170.0,1170.0,0.0,0.0,1.0,1.0,1.0,89.0,78.0,52.0,41.0,0.6490828402366864,0.6229108629123414,0.28563977811510655,
madelon,RandomForest,PCA,9,,3.95616369999334,0.028942300006747246,,,1170.0,1170.0,0.0,0.0,1.0,1.0,1.0,77.0,78.0,52.0,53.0,0.6449704142011834,0.6355500342120014,0.19231338213689628,
madelon,RandomForest,PCA,10,,3.9886580999955186,0.019366200001968537,,,1170.0,1170.0,0.0,0.0,1.0,1.0000000000000002,1.0,94.0,79.0,51.0,36.0,0.7142307692307692,0.7002652785922383,0.3329933298448175,
madelon,RandomForest,PCA + Scaling,1,,4.077114100000472,0.04112180000083754,57.094669342041016,5.810362815856934,1170.0,1170.0,0.0,0.0,1.0,1.0,1.0,76.0,71.0,59.0,54.0,0.5943491124260355,0.5710562381619201,0.13086606101631515,
madelon,RandomForest,PCA + Scaling,2,,4.567951700002595,0.02770790000067791,,,1170.0,1170.0,0.0,0.0,1.0,1.0,1.0,84.0,77.0,53.0,46.0,0.6551775147928994,0.624542283384524,0.23880799070372646,
madelon,RandomForest,PCA + Scaling,3,,4.67981200000213,0.04266549999738345,,,1170.0,1170.0,0.0,0.0,1.0,0.9999999999999999,1.0,76.0,81.0,49.0,54.0,0.6722485207100591,0.6192910175519618,0.20784609690826525,
madelon,RandomForest,PCA + Scaling,4,,4.925807600004191,0.022623099997872487,,,1170.0,1170.0,0.0,0.0,1.0,0.9999999999999999,1.0,76.0,70.0,60.0,54.0,0.5946745562130178,0.589919909627446,0.12320822072673947,
madelon,RandomForest,PCA + Scaling,5,,4.703350399999181,0.037757399994006846,,,1170.0,1170.0,0.0,0.0,0.9999999999999999,1.0,1.0,97.0,69.0,61.0,33.0,0.6699999999999999,0.6214922850774701,0.2835788724805662,
madelon,RandomForest,PCA + Scaling,6,,4.816730299993651,0.025352499993459787,,,1170.0,1170.0,0.0,0.0,1.0,0.9999999999999999,1.0,78.0,73.0,57.0,52.0,0.6042899408284024,0.5711806953090417,0.1616580753730952,
madelon,RandomForest,PCA + Scaling,7,,4.750302699998429,0.04215709999698447,,,1170.0,1170.0,0.0,0.0,1.0,1.0,1.0,87.0,83.0,47.0,43.0,0.7094674556213019,0.6826868223315274,0.30783806435974004,
madelon,RandomForest,PCA + Scaling,8,,4.823978899999929,0.03651179999724263,,,1170.0,1170.0,0.0,0.0,0.9999999999999999,1.0,1.0,91.0,62.0,68.0,39.0,0.6170710059171598,0.6042837535759739,0.18149663895524845,
madelon,RandomForest,PCA + Scaling,9,,4.737864900002023,0.04483320000144886,,,1170.0,1170.0,0.0,0.0,1.0,1.0,1.0,85.0,73.0,57.0,45.0,0.6351479289940829,0.5936342124968699,0.21630813631318377,
madelon,RandomForest,PCA + Scaling,10,,4.650722500002303,0.034212500002468005,,,1170.0,1170.0,0.0,0.0,1.0,0.9999999999999999,1.0,96.0,76.0,54.0,34.0,0.6877218934911242,0.669137290001339,0.3269695565478396,
madelon,MLP,PCA,1,True,0.8297437000001082,0.02190379999956349,57.091753005981445,1.9795866012573242,1170.0,1170.0,0.0,0.0,1.0,1.0,1.0,68.0,77.0,53.0,62.0,0.5907692307692308,0.6198595991153325,0.1156621267745415,
madelon,MLP,PCA,2,True,2.0597586000003503,0.02892480000446085,,,1170.0,1170.0,0.0,0.0,1.0,1.0,1.0,67.0,86.0,44.0,63.0,0.622603550295858,0.5959780247959259,0.1788435213793543,
madelon,MLP,PCA,3,True,1.9216361999933724,0.0235469999970519,,,1170.0,1170.0,0.0,0.0,1.0,1.0,1.0,83.0,79.0,51.0,47.0,0.6383727810650888,0.6241724857908586,0.24627045148779206,
madelon,MLP,PCA,4,True,2.076113600000099,0.01777849999780301,,,1170.0,1170.0,0.0,0.0,1.0,1.0,1.0,60.0,82.0,48.0,70.0,0.5503550295857988,0.5893867903499708,0.09365858115816939,
madelon,MLP,PCA,5,True,2.0226985000044806,0.014631899997766595,,,1170.0,1170.0,0.0,0.0,1.0,1.0,1.0,69.0,78.0,52.0,61.0,0.6041124260355029,0.5767121217829736,0.1310837436778137,
madelon,MLP,PCA,6,True,2.1296080999964033,0.012167399996542372,,,1170.0,1170.0,0.0,0.0,1.0,1.0,1.0,72.0,75.0,55.0,58.0,0.606094674556213,0.6063112506390022,0.13080406489226212,
madelon,MLP,PCA,7,True,2.023873799997091,0.0173648999989382,,,1170.0,1170.0,0.0,0.0,1.0,1.0,1.0,69.0,80.0,50.0,61.0,0.6114792899408285,0.5776560020525552,0.14667988605910875,
madelon,MLP,PCA,8,True,1.924792300000263,0.03476560000126483,,,1170.0,1170.0,0.0,0.0,1.0,1.0,1.0,61.0,75.0,55.0,69.0,0.5169230769230769,0.5308067285230501,0.04642383454426297,
madelon,MLP,PCA,9,True,2.0485284000023967,0.0185769999952754,,,1170.0,1170.0,0.0,0.0,1.0,1.0,1.0,73.0,80.0,50.0,57.0,0.6197041420118343,0.6138384922256781,0.17718012213502288,
madelon,MLP,PCA,10,True,1.928413100002217,0.017055900003470015,,,1170.0,1170.0,0.0,0.0,1.0,1.0,1.0,67.0,66.0,64.0,63.0,0.5475739644970414,0.5611862952806639,0.02307760585642755,
madelon,MLP,PCA + Scaling,1,True,1.7877478999944287,0.03221259999554604,57.0947151184082,2.9841346740722656,1170.0,1170.0,0.0,0.0,1.0,1.0,1.0,70.0,75.0,55.0,60.0,0.5615976331360947,0.5630907575864216,0.11547005383792514,
madelon,MLP,PCA + Scaling,2,True,6.24036519999936,0.03231020000384888,,,1170.0,1170.0,0.0,0.0,1.0,1.0,1.0,65.0,69.0,61.0,65.0,0.5487573964497041,0.5827669731460702,0.030783806435974007,
madelon,MLP,PCA + Scaling,3,True,6.261311399997794,0.031676999999035615,,,1170.0,1170.0,0.0,0.0,1.0,1.0,1.0,75.0,63.0,67.0,55.0,0.5701183431952662,0.5672912073794751,0.06180232466090965,
madelon,MLP,PCA + Scaling,4,True,6.362710000001243,0.028008799999952316,,,1170.0,1170.0,0.0,0.0,1.0,1.0,1.0,60.0,70.0,60.0,70.0,0.5221893491124261,0.5156274364476068,0.0,
madelon,MLP,PCA + Scaling,5,True,6.0189758999986225,0.03982439999526832,,,1170.0,1170.0,0.0,0.0,1.0,1.0,1.0,82.0,74.0,56.0,48.0,0.5923076923076923,0.5542145784575185,0.20037977722310452,
madelon,MLP,PCA + Scaling,6,True,6.016784200000984,0.033022399999026675,,,1170.0,1170.0,0.0,0.0,1.0,1.0,1.0,65.0,77.0,53.0,65.0,0.585207100591716,0.6106681347229093,0.09270348699136448,
madelon,MLP,PCA + Scaling,7,True,6.077712499994959,0.0305242000031285,,,1170.0,1170.0,0.0,0.0,1.0,1.0,1.0,70.0,69.0,61.0,60.0,0.533491124260355,0.5545963763071962,0.06923281756928265,
madelon,MLP,PCA + Scaling,8,True,6.134283700004744,0.02862920000188751,,,1170.0,1170.0,0.0,0.0,1.0,1.0,1.0,63.0,83.0,47.0,67.0,0.5846153846153846,0.5673220655043822,0.12455983106584366,
madelon,MLP,PCA + Scaling,9,True,6.3898202999989735,0.01795249999850057,,,1170.0,1170.0,0.0,0.0,1.0,1.0,1.0,69.0,68.0,62.0,61.0,0.533905325443787,0.539657996588254,0.053847746998330955,
madelon,MLP,PCA + Scaling,10,True,6.316200000001118,0.028653099994699005,,,1170.0,1170.0,0.0,0.0,1.0,1.0,1.0,77.0,63.0,67.0,53.0,0.5514792899408284,0.557500417990398,0.07737305757377161,
madelon,XGBoost,PCA,1,,3.246313600000576,0.03011750000587199,57.091238021850586,1.3550682067871094,1170.0,1170.0,0.0,0.0,1.0,1.0,1.0,93.0,99.0,31.0,37.0,0.837810650887574,0.825839740610349,0.4774318553161155,
madelon,XGBoost,PCA,2,,6.634142000002612,0.026530399998591747,,,1170.0,1170.0,0.0,0.0,1.0,1.0,1.0,108.0,107.0,23.0,22.0,0.8820118343195266,0.8420909671372381,0.6538654992654473,
madelon,XGBoost,PCA,3,,6.4369473999977345,0.021437700001115445,,,1170.0,1170.0,0.0,0.0,1.0,1.0,1.0,104.0,102.0,28.0,26.0,0.8631360946745561,0.8415982473559106,0.5846845821518305,
madelon,XGBoost,PCA,4,,6.464094499999192,0.023726699997496326,,,1170.0,1170.0,0.0,0.0,1.0,1.0,1.0,101.0,104.0,26.0,29.0,0.8424852071005917,0.8487928208953613,0.5770767568776269,
madelon,XGBoost,PCA,5,,6.683533000003081,0.019312300006276928,,,1170.0,1170.0,0.0,0.0,1.0,1.0,1.0,106.0,100.0,30.0,24.0,0.8679881656804734,0.8710287770317002,0.5852390484520125,
madelon,XGBoost,PCA,6,,6.839713000001211,0.01416369999788003,,,1170.0,1170.0,0.0,0.0,1.0,1.0,1.0,108.0,98.0,32.0,22.0,0.8928402366863906,0.9143372927562058,0.5863527298559493,
madelon,XGBoost,PCA,7,,6.701202600001125,0.01919590000034077,,,1170.0,1170.0,0.0,0.0,1.0,1.0,1.0,105.0,96.0,34.0,25.0,0.8723076923076923,0.8876503133952904,0.5474674000661631,
madelon,XGBoost,PCA,8,,6.6234651999984635,0.016654699997161515,,,1170.0,1170.0,0.0,0.0,1.0,1.0,1.0,99.0,95.0,35.0,31.0,0.8269822485207101,0.8302942081084521,0.4925409029755841,
madelon,XGBoost,PCA,9,,6.708298999998078,0.017760499998985324,,,1170.0,1170.0,0.0,0.0,1.0,1.0,1.0,105.0,108.0,22.0,25.0,0.9066272189349113,0.9075276239920704,0.6386316109445739,
madelon,XGBoost,PCA,10,,6.8652476999996,0.01906819999567233,,,1170.0,1170.0,0.0,0.0,1.0,1.0,1.0,106.0,99.0,31.0,24.0,0.8724852071005919,0.8330020686725164,0.5777612678315963,
madelon,XGBoost,PCA + Scaling,1,,5.017817699997977,0.049269299997831695,57.09459114074707,1.9395923614501953,1170.0,1170.0,0.0,0.0,1.0,1.0,1.0,84.0,89.0,41.0,46.0,0.7203550295857989,0.7103836988620393,0.3310141543353854,
madelon,XGBoost,PCA + Scaling,2,,10.678548500000034,0.019587100003263913,,,1170.0,1170.0,0.0,0.0,1.0,1.0,1.0,106.0,98.0,32.0,24.0,0.8366272189349112,0.8072015427088052,0.5703116736349898,
madelon,XGBoost,PCA + Scaling,3,,10.649315900001966,0.028744900002493523,,,1170.0,1170.0,0.0,0.0,1.0,1.0,1.0,99.0,100.0,30.0,31.0,0.8307692307692308,0.8000568903997493,0.5307849346978337,
madelon,XGBoost,PCA + Scaling,4,,10.464317799996934,0.049442900002759416,,,1170.0,1170.0,0.0,0.0,1.0,1.0,1.0,85.0,95.0,35.0,45.0,0.7762721893491125,0.7662053903514776,0.3857583749052298,
madelon,XGBoost,PCA + Scaling,5,,10.344500300001528,0.04041750000033062,,,1170.0,1170.0,0.0,0.0,1.0,1.0,1.0,106.0,97.0,33.0,24.0,0.8517751479289941,0.843883604839283,0.5628890169694353,
madelon,XGBoost,PCA + Scaling,6,,10.673071899997012,0.03385310000157915,,,1170.0,1170.0,0.0,0.0,1.0,1.0,1.0,100.0,89.0,41.0,30.0,0.7855029585798817,0.7969753666042233,0.45547964618354825,
madelon,XGBoost,PCA + Scaling,7,,10.578123799998139,0.022286699997493997,,,1170.0,1170.0,0.0,0.0,1.0,1.0,1.0,100.0,91.0,39.0,30.0,0.8080473372781065,0.8065771889322015,0.4703593155498021,
madelon,XGBoost,PCA + Scaling,8,,10.827141100002336,0.018566799997643102,,,1170.0,1170.0,0.0,0.0,1.0,1.0,1.0,99.0,93.0,37.0,31.0,0.8042603550295858,0.8008944466175697,0.4774318553161155,
madelon,XGBoost,PCA + Scaling,9,,10.360174499997811,0.04395040000235895,,,1170.0,1170.0,0.0,0.0,1.0,1.0,1.0,97.0,95.0,35.0,33.0,0.813431952662722,0.8208787867982833,0.47697952754491435,
madelon,XGBoost,PCA + Scaling,10,,10.543056000002252,0.03676410000480246,,,1170.0,1170.0,0.0,0.0,1.0,1.0,1.0,98.0,95.0,35.0,32.0,0.8155029585798816,0.7821518887825794,0.48474447577720664,
